WORK_ID,MP_NAME,HOUSE,STATE,CONSTITUENCY,CITY,WARD,BLOCK,VILLAGE,WORK_CATEGORY,WORK_DESCRIPTION,IMPLEMENTING_AUTHORITY,RECOMMENDED_DATE,IDA_APPROVAL,ALLOCATION_AMOUNT,STATUS
MPLADS-000338,Sunil Kumar Soni,Lok Sabha,Chhattisgarh,RAIPUR,Raipur,Rajeev Gandhi Ward,,,Normal/Others,NA - Construction of community centers and community halls,DISTRICT COLLECTOR RAIPUR_IDA,2024-03-02,Action Pending,500000,Unsanctioned
MPLADS-000896,Km Saroj Pandey,Rajya Sabha,Chhattisgarh,Sitting Rajya Sabha,Bhilai,Kurud Ward,,,Normal/Others,NA - Installation of fixed garden gym equipment,DISTRICT COLLECTOR DURG_IDA,2024-02-25,Action Pending,1201000,Unsanctioned
MPLADS-000897,Km Saroj Pandey,Rajya Sabha,Chhattisgarh,Sitting Rajya Sabha,Durg,Potiyakala Dakshin,,,Normal/Others,NA - Construction of New Building,DISTRICT COLLECTOR DURG_IDA,2024-02-25,Action Pending,500000,Unsanctioned
MPLADS-000898,Km Saroj Pandey,Rajya Sabha,Chhattisgarh,Sitting Rajya Sabha,Durg,Borsi Pashchim,,,Normal/Others,NA - Construction of road under bridge,DISTRICT COLLECTOR DURG_IDA,2024-02-25,Action Pending,1879000,Unsanctioned
MPLADS-001182,Santosh Pandey,Lok Sabha,Chhattisgarh,RAJNANDGAON,Rajnandgaon,Basantpur Ward,,,Normal/Others,"WS/MP513/2023-2024/110283 - Purchase of IT systems, including hardware and software for educational purposes",DISTRICT COLLECTOR RAJNANDGAON_IDA,2024-02-20,Approved by IDA,498000,
MPLADS-001648,Guharam Ajgalley,Lok Sabha,Chhattisgarh,JANJGIR CHAMPA(SC),,,Baloda,Pantora,Normal/Others,NA - Construction of rooms and halls in school and colleges,DISTRICT COLLECTOR JANJGIR CHAMPA_IDA,2024-02-16,Action Pending,500000,Unsanctioned
MPLADS-001649,Guharam Ajgalley,Lok Sabha,Chhattisgarh,JANJGIR CHAMPA(SC),Kharod,Santoshi Mata Ward,,,Normal/Others,NA - Construction of rooms and halls in school and colleges,DISTRICT COLLECTOR JANJGIR CHAMPA_IDA,2024-02-16,Action Pending,1000000,Unsanctioned
MPLADS-002720,Deepak Baij,Lok Sabha,Chhattisgarh,BASTAR(ST),,,Dantewada,Kuper,Normal/Others,NA - Construction of culverts and bridges,Collector Dantewada_IDA,2024-02-07,Action Pending,500000,Unsanctioned
MPLADS-003436,Guharam Ajgalley,Lok Sabha,Chhattisgarh,JANJGIR CHAMPA(SC),,,Sakti,Sakreli Kalan,Normal/Others,NA - Installing tube-wells and borewells,COLLECTOR SAKTI_IDA,2024-01-30,Action Pending,285000,Unsanctioned
MPLADS-003439,Guharam Ajgalley,Lok Sabha,Chhattisgarh,JANJGIR CHAMPA(SC),,,Sakti,Tendutoha,Normal/Others,NA - Installing tube-wells and borewells,COLLECTOR SAKTI_IDA,2024-01-30,Action Pending,285000,Unsanctioned
MPLADS-003440,Guharam Ajgalley,Lok Sabha,Chhattisgarh,JANJGIR CHAMPA(SC),,,Sakti,Asonda,Normal/Others,NA - Installing tube-wells and borewells,COLLECTOR SAKTI_IDA,2024-01-30,Action Pending,285000,Unsanctioned
MPLADS-003441,Guharam Ajgalley,Lok Sabha,Chhattisgarh,JANJGIR CHAMPA(SC),,,Baradwar,Khutadahra,Normal/Others,NA - Installing tube-wells and borewells,COLLECTOR SAKTI_IDA,2024-01-30,Action Pending,285000,Unsanctioned
MPLADS-003442,Guharam Ajgalley,Lok Sabha,Chhattisgarh,JANJGIR CHAMPA(SC),,,Jaijaipur,Guchkuliya,Normal/Others,NA - Installing tube-wells and borewells,COLLECTOR SAKTI_IDA,2024-01-30,Action Pending,300000,Unsanctioned
MPLADS-003568,Deepak Baij,Lok Sabha,Chhattisgarh,BASTAR(ST),,,Tongpal,Kukanar,Normal/Others,"NA - Construction of roads, link roads, pathways or any other road with or without drainage system",Collector Sukma_IDA,2024-01-28,Action Pending,600000,Unsanctioned
MPLADS-003570,Deepak Baij,Lok Sabha,Chhattisgarh,BASTAR(ST),,,Tongpal,Kukanar,Normal/Others,NA - Construction of culverts and bridges,Collector Sukma_IDA,2024-01-28,Action Pending,600000,Unsanctioned
MPLADS-003571,Deepak Baij,Lok Sabha,Chhattisgarh,BASTAR(ST),,,Tongpal,Kukanar,Normal/Others,"NA - Construction of roads, link roads, pathways or any other road with or without drainage system",Collector Sukma_IDA,2024-01-28,Action Pending,600000,Unsanctioned
MPLADS-003572,Deepak Baij,Lok Sabha,Chhattisgarh,BASTAR(ST),,,Tongpal,Kukanar,Normal/Others,"NA - Construction of roads, link roads, pathways or any other road with or without drainage system",Collector Sukma_IDA,2024-01-28,Action Pending,600000,Unsanctioned
MPLADS-003573,Deepak Baij,Lok Sabha,Chhattisgarh,BASTAR(ST),,,Tongpal,Kukanar,Normal/Others,NA - Providing drains and gutters for public drainage,Collector Sukma_IDA,2024-01-28,Action Pending,357000,Unsanctioned
MPLADS-003574,Deepak Baij,Lok Sabha,Chhattisgarh,BASTAR(ST),,,Tongpal,Kukanar,Normal/Others,NA - Construction of culverts and bridges,Collector Sukma_IDA,2024-01-28,Action Pending,450000,Unsanctioned
MPLADS-003736,Sunil Kumar Soni,Lok Sabha,Chhattisgarh,RAIPUR,,,Arang,Kosrangi,Normal/Others,NA - Construction of community centers and community halls,DISTRICT COLLECTOR RAIPUR_IDA,2024-01-27,Action Pending,500000,Unsanctioned
MPLADS-004311,Sunil Kumar Soni,Lok Sabha,Chhattisgarh,RAIPUR,,,Arang,Bhothali,Normal/Others,NA - Construction of community centers and community halls,DISTRICT COLLECTOR RAIPUR_IDA,2024-01-25,Action Pending,500000,Unsanctioned
MPLADS-004312,Sunil Kumar Soni,Lok Sabha,Chhattisgarh,RAIPUR,,,Arang,Bhainsmudi,Normal/Others,NA - Improvement of electricity distribution infrastructure,DISTRICT COLLECTOR RAIPUR_IDA,2024-01-25,Action Pending,500000,Unsanctioned
MPLADS-004313,Sunil Kumar Soni,Lok Sabha,Chhattisgarh,RAIPUR,Raipur,3,,,Normal/Others,NA - Construction of community centers and community halls,DISTRICT COLLECTOR RAIPUR_IDA,2024-01-25,Action Pending,500000,Unsanctioned
MPLADS-004314,Mohan Mandavi,Lok Sabha,Chhattisgarh,KANKER(ST),,,Kanker,Thelkabode (Og),Normal/Others,NA - Improvement of electricity distribution infrastructure,DISTRICT COLLECTOR KANKER_IDA,2024-01-25,Action Pending,66200,Unsanctioned
MPLADS-004720,Sunil Kumar Soni,Lok Sabha,Chhattisgarh,RAIPUR,,,Kharora,Kurra 1,Normal/Others,"NA - Construction of roads, link roads, pathways or any other road with or without drainage system",DISTRICT COLLECTOR RAIPUR_IDA,2024-01-24,Action Pending,500000,Unsanctioned
MPLADS-004721,Sunil Kumar Soni,Lok Sabha,Chhattisgarh,RAIPUR,,,Arang,Parsada-2 (Parsada),Normal/Others,"NA - Construction of roads, link roads, pathways or any other road with or without drainage system",DISTRICT COLLECTOR RAIPUR_IDA,2024-01-24,Action Pending,500000,Unsanctioned
MPLADS-004722,Sunil Kumar Soni,Lok Sabha,Chhattisgarh,RAIPUR,,,Arang,Kurud-2 (Kurud),Normal/Others,NA - Construction of common work sheds/ common covered sitting area,DISTRICT COLLECTOR RAIPUR_IDA,2024-01-24,Action Pending,500000,Unsanctioned
MPLADS-004723,Sunil Kumar Soni,Lok Sabha,Chhattisgarh,RAIPUR,,,Arang,Karmandi,Normal/Others,"NA - Construction of roads, link roads, pathways or any other road with or without drainage system",DISTRICT COLLECTOR RAIPUR_IDA,2024-01-24,Action Pending,500000,Unsanctioned
MPLADS-004724,Sunil Kumar Soni,Lok Sabha,Chhattisgarh,RAIPUR,,,Arang,Kesla,Normal/Others,"NA - Construction of roads, link roads, pathways or any other road with or without drainage system",DISTRICT COLLECTOR RAIPUR_IDA,2024-01-24,Action Pending,500000,Unsanctioned
MPLADS-004725,Sunil Kumar Soni,Lok Sabha,Chhattisgarh,RAIPUR,Abhanpur,14,,,Normal/Others,NA - Construction of community centers and community halls,DISTRICT COLLECTOR RAIPUR_IDA,2024-01-24,Action Pending,200000,Unsanctioned
MPLADS-005139,Sunil Kumar Soni,Lok Sabha,Chhattisgarh,RAIPUR,,,Kharora,Farhada,Normal/Others,NA - Construction of buildings for community cultural activities,DISTRICT COLLECTOR RAIPUR_IDA,2024-01-23,Action Pending,200000,Unsanctioned
MPLADS-005140,Sunil Kumar Soni,Lok Sabha,Chhattisgarh,RAIPUR,,,Raipur,Boria Kalan,Normal/Others,NA - Construction of community centers and community halls,DISTRICT COLLECTOR RAIPUR_IDA,2024-01-23,Action Pending,250000,Unsanctioned
MPLADS-005141,Sunil Kumar Soni,Lok Sabha,Chhattisgarh,RAIPUR,,,Mandir Hasoud,Seoni-1 (Seoni),Normal/Others,NA - Construction of community centers and community halls,DISTRICT COLLECTOR RAIPUR_IDA,2024-01-23,Action Pending,300000,Unsanctioned
MPLADS-005142,Sunil Kumar Soni,Lok Sabha,Chhattisgarh,RAIPUR,,,Mandir Hasoud,Badgaon,Normal/Others,NA - Construction of community centers and community halls,DISTRICT COLLECTOR RAIPUR_IDA,2024-01-23,Action Pending,300000,Unsanctioned
MPLADS-005143,Sunil Kumar Soni,Lok Sabha,Chhattisgarh,RAIPUR,,,Mandir Hasoud,Todgaon,Normal/Others,NA - Construction of common work sheds/ common covered sitting area,DISTRICT COLLECTOR RAIPUR_IDA,2024-01-23,Action Pending,300000,Unsanctioned
MPLADS-005155,Sunil Kumar Soni,Lok Sabha,Chhattisgarh,RAIPUR,,,Dharsiwa,Hatband,Normal/Others,NA - Construction of community centers and community halls,DISTRICT COLLECTOR RAIPUR_IDA,2024-01-23,Action Pending,500000,Unsanctioned
MPLADS-005528,Jyotsna Charandas Mahant,Lok Sabha,Chhattisgarh,KORBA,,,Poundi-Uproda,Ringaniya,Normal/Others,NA - Construction of culverts and bridges,DISTRICT COLLECTOR KORBA_IDA,2024-01-22,Action Pending,200000,Unsanctioned
MPLADS-006441,Sunil Kumar Soni,Lok Sabha,Chhattisgarh,RAIPUR,,,Dharsiwa,Gordi,Normal/Others,"NA - Construction of roads, link roads, pathways or any other road with or without drainage system",DISTRICT COLLECTOR RAIPUR_IDA,2024-01-18,Action Pending,500000,Unsanctioned
MPLADS-006442,Sunil Kumar Soni,Lok Sabha,Chhattisgarh,RAIPUR,,,Kharora,Khauna,Normal/Others,NA - Construction of community centers and community halls,DISTRICT COLLECTOR RAIPUR_IDA,2024-01-18,Action Pending,200000,Unsanctioned
MPLADS-006443,Sunil Kumar Soni,Lok Sabha,Chhattisgarh,RAIPUR,,,Tilda,Budgahan,Normal/Others,"NA - Construction of roads, link roads, pathways or any other road with or without drainage system",DISTRICT COLLECTOR RAIPUR_IDA,2024-01-18,Action Pending,400000,Unsanctioned
MPLADS-006444,Sunil Kumar Soni,Lok Sabha,Chhattisgarh,RAIPUR,,,Kharora,Khapridih,Normal/Others,"NA - Construction of roads, link roads, pathways or any other road with or without drainage system",DISTRICT COLLECTOR RAIPUR_IDA,2024-01-18,Action Pending,300000,Unsanctioned
MPLADS-006445,Sunil Kumar Soni,Lok Sabha,Chhattisgarh,RAIPUR,,,Tilda,Parsada,Normal/Others,"NA - Construction of roads, link roads, pathways or any other road with or without drainage system",DISTRICT COLLECTOR RAIPUR_IDA,2024-01-18,Action Pending,300000,Unsanctioned
MPLADS-006446,Sunil Kumar Soni,Lok Sabha,Chhattisgarh,RAIPUR,,,Kharora,Asaunda,Normal/Others,"NA - Construction of roads, link roads, pathways or any other road with or without drainage system",DISTRICT COLLECTOR RAIPUR_IDA,2024-01-18,Action Pending,300000,Unsanctioned
MPLADS-006447,Sunil Kumar Soni,Lok Sabha,Chhattisgarh,RAIPUR,,,Kharora,Mudpar 1,Normal/Others,"NA - Construction of roads, link roads, pathways or any other road with or without drainage system",DISTRICT COLLECTOR RAIPUR_IDA,2024-01-18,Action Pending,400000,Unsanctioned
MPLADS-006448,Sunil Kumar Soni,Lok Sabha,Chhattisgarh,RAIPUR,,,Kharora,Farhada,Normal/Others,"NA - Construction of roads, link roads, pathways or any other road with or without drainage system",DISTRICT COLLECTOR RAIPUR_IDA,2024-01-18,Action Pending,500000,Unsanctioned
MPLADS-006449,Sunil Kumar Soni,Lok Sabha,Chhattisgarh,RAIPUR,,,Kharora,Parasada 3,Normal/Others,"NA - Construction of roads, link roads, pathways or any other road with or without drainage system",DISTRICT COLLECTOR RAIPUR_IDA,2024-01-18,Action Pending,500000,Unsanctioned
MPLADS-006450,Sunil Kumar Soni,Lok Sabha,Chhattisgarh,RAIPUR,,,Kharora,Nawagaon,Normal/Others,"NA - Construction of roads, link roads, pathways or any other road with or without drainage system",DISTRICT COLLECTOR RAIPUR_IDA,2024-01-18,Action Pending,500000,Unsanctioned
MPLADS-006453,Sunil Kumar Soni,Lok Sabha,Chhattisgarh,RAIPUR,Raipur,ward 8,,,Normal/Others,NA - Construction of community centers and community halls,DISTRICT COLLECTOR RAIPUR_IDA,2024-01-18,Action Pending,500000,Unsanctioned
MPLADS-006473,Sunil Kumar Soni,Lok Sabha,Chhattisgarh,RAIPUR,,,Dharsiwa,Mangasa,Normal/Others,"NA - Construction of roads, link roads, pathways or any other road with or without drainage system",DISTRICT COLLECTOR RAIPUR_IDA,2024-01-18,Action Pending,300000,Unsanctioned
MPLADS-006474,Sunil Kumar Soni,Lok Sabha,Chhattisgarh,RAIPUR,,,Dharsiwa,Tore,Normal/Others,"NA - Construction of roads, link roads, pathways or any other road with or without drainage system",DISTRICT COLLECTOR RAIPUR_IDA,2024-01-18,Action Pending,200000,Unsanctioned
MPLADS-006475,Sunil Kumar Soni,Lok Sabha,Chhattisgarh,RAIPUR,,,Dharsiwa,Parastarai,Normal/Others,"NA - Construction of roads, link roads, pathways or any other road with or without drainage system",DISTRICT COLLECTOR RAIPUR_IDA,2024-01-18,Action Pending,300000,Unsanctioned
MPLADS-006476,Sunil Kumar Soni,Lok Sabha,Chhattisgarh,RAIPUR,,,Arang,Semariya -1,Normal/Others,NA - Construction of community centers and community halls,DISTRICT COLLECTOR RAIPUR_IDA,2024-01-18,Action Pending,500000,Unsanctioned
MPLADS-006495,Jyotsna Charandas Mahant,Lok Sabha,Chhattisgarh,KORBA,,,Pali,Nawapara,Normal/Others,NA - Renovation of ponds and lakes,DISTRICT COLLECTOR KORBA_IDA,2024-01-18,Action Pending,300000,Unsanctioned
MPLADS-006496,Jyotsna Charandas Mahant,Lok Sabha,Chhattisgarh,KORBA,,,Pasan,Pipariya,Normal/Others,NA - Construction of common work sheds/ common covered sitting area,DISTRICT COLLECTOR KORBA_IDA,2024-01-18,Action Pending,300000,Unsanctioned
MPLADS-006497,Jyotsna Charandas Mahant,Lok Sabha,Chhattisgarh,KORBA,,,Pasan,Kodgar,Normal/Others,NA - Construction of common work sheds/ common covered sitting area,DISTRICT COLLECTOR KORBA_IDA,2024-01-18,Action Pending,300000,Unsanctioned
MPLADS-006499,Jyotsna Charandas Mahant,Lok Sabha,Chhattisgarh,KORBA,,,Pali,Silli,Normal/Others,NA - Construction of common work sheds/ common covered sitting area,DISTRICT COLLECTOR KORBA_IDA,2024-01-18,Action Pending,400000,Unsanctioned
MPLADS-006500,Jyotsna Charandas Mahant,Lok Sabha,Chhattisgarh,KORBA,,,Pali,Shivpur,Normal/Others,WS/MP514/2023-2024/83640 - Renovation of ponds and lakes,DISTRICT COLLECTOR KORBA_IDA,2024-01-18,Approved by IDA,300000,Sanctioned
MPLADS-006501,Jyotsna Charandas Mahant,Lok Sabha,Chhattisgarh,KORBA,,,Pali,Pulali Kala,Normal/Others,NA - Renovation of ponds and lakes,DISTRICT COLLECTOR KORBA_IDA,2024-01-18,Action Pending,300000,Unsanctioned
MPLADS-006502,Jyotsna Charandas Mahant,Lok Sabha,Chhattisgarh,KORBA,,,Pali,Nirdhi,Normal/Others,WS/MP514/2023-2024/83637 - Renovation of ponds and lakes,DISTRICT COLLECTOR KORBA_IDA,2024-01-18,Approved by IDA,300000,Sanctioned
MPLADS-006504,Jyotsna Charandas Mahant,Lok Sabha,Chhattisgarh,KORBA,,,Pali,Nanbanka,Normal/Others,WS/MP514/2023-2024/83636 - Renovation of ponds and lakes,DISTRICT COLLECTOR KORBA_IDA,2024-01-18,Approved by IDA,300000,Sanctioned
MPLADS-006586,Jyotsna Charandas Mahant,Lok Sabha,Chhattisgarh,KORBA,,,Kartala,Manvani,Normal/Others,NA - Construction of Footpaths/Pedestrian ways,DISTRICT COLLECTOR KORBA_IDA,2024-01-18,Action Pending,500000,Unsanctioned
MPLADS-007349,Jyotsna Charandas Mahant,Lok Sabha,Chhattisgarh,KORBA,,,Pendra Road,Newsa,Normal/Others,NA - Construction of rooms and halls in school and colleges,Collector GPM_IDA,2024-01-14,Action Pending,200000,Unsanctioned
MPLADS-007356,Jyotsna Charandas Mahant,Lok Sabha,Chhattisgarh,KORBA,,,Pendra Road,Pandripani,Normal/Others,NA - Construction of community centers and community halls,Collector GPM_IDA,2024-01-14,Action Pending,200000,Unsanctioned
MPLADS-007357,Jyotsna Charandas Mahant,Lok Sabha,Chhattisgarh,KORBA,,,Pendra Road,Gorakhpur,Normal/Others,NA - Crematoriums or structures on burial/ cremation ground for public convenience,Collector GPM_IDA,2024-01-14,Action Pending,300000,Unsanctioned
MPLADS-007358,Jyotsna Charandas Mahant,Lok Sabha,Chhattisgarh,KORBA,,,Pendra Road,Poota,Normal/Others,NA - Construction of common work sheds/ common covered sitting area,Collector GPM_IDA,2024-01-14,Action Pending,200000,Unsanctioned
MPLADS-007359,Jyotsna Charandas Mahant,Lok Sabha,Chhattisgarh,KORBA,,,Pendra Road,Basti,Normal/Others,NA - Construction of common work sheds/ common covered sitting area,Collector GPM_IDA,2024-01-14,Action Pending,200000,Unsanctioned
MPLADS-007360,Jyotsna Charandas Mahant,Lok Sabha,Chhattisgarh,KORBA,,,Pendra Road,Lamna,Normal/Others,NA - Construction of common work sheds/ common covered sitting area,Collector GPM_IDA,2024-01-14,Action Pending,200000,Unsanctioned
MPLADS-008011,Sunil Kumar Soni,Lok Sabha,Chhattisgarh,RAIPUR,Raipur,ward no-67,,,Normal/Others,NA - Setting up public non-conventional energy plants,DISTRICT COLLECTOR RAIPUR_IDA,2024-01-12,Action Pending,500000,Unsanctioned
MPLADS-008012,Sunil Kumar Soni,Lok Sabha,Chhattisgarh,RAIPUR,,,Gobra Nawapara,Tarri,Normal/Others,NA - Construction of buildings for community cultural activities,DISTRICT COLLECTOR RAIPUR_IDA,2024-01-12,Action Pending,150000,Unsanctioned
MPLADS-008013,Sunil Kumar Soni,Lok Sabha,Chhattisgarh,RAIPUR,,,Bhatapara,Gudeliya,Normal/Others,"NA - Construction of roads, link roads, pathways or any other road with or without drainage system",Collector Baloda Bazar_IDA,2024-01-12,Action Pending,500000,Unsanctioned
MPLADS-008014,Sunil Kumar Soni,Lok Sabha,Chhattisgarh,RAIPUR,,,Bhatapara,Dhourabhatha,Normal/Others,"NA - Construction of roads, link roads, pathways or any other road with or without drainage system",Collector Baloda Bazar_IDA,2024-01-12,Action Pending,500000,Unsanctioned
MPLADS-008015,Sunil Kumar Soni,Lok Sabha,Chhattisgarh,RAIPUR,,,Dharsiwa,Tarra-1,Normal/Others,"NA - Construction of roads, link roads, pathways or any other road with or without drainage system",DISTRICT COLLECTOR RAIPUR_IDA,2024-01-12,Action Pending,500000,Unsanctioned
MPLADS-008016,Sunil Kumar Soni,Lok Sabha,Chhattisgarh,RAIPUR,,,Kharora,Adsena,Normal/Others,NA - Construction of buildings for community cultural activities,DISTRICT COLLECTOR RAIPUR_IDA,2024-01-12,Action Pending,300000,Unsanctioned
MPLADS-008024,Sunil Kumar Soni,Lok Sabha,Chhattisgarh,RAIPUR,,,Gobra Nawapara,Dulna,Normal/Others,"NA - Construction of roads, link roads, pathways or any other road with or without drainage system",DISTRICT COLLECTOR RAIPUR_IDA,2024-01-12,Action Pending,400000,Unsanctioned
MPLADS-008037,Sunil Kumar Soni,Lok Sabha,Chhattisgarh,RAIPUR,,,Kharora,Bangoli,Normal/Others,NA - Construction of community centers and community halls,DISTRICT COLLECTOR RAIPUR_IDA,2024-01-12,Action Pending,500000,Unsanctioned
MPLADS-008038,Sunil Kumar Soni,Lok Sabha,Chhattisgarh,RAIPUR,,,Tilda,Sankara,Normal/Others,"NA - Construction of roads, link roads, pathways or any other road with or without drainage system",DISTRICT COLLECTOR RAIPUR_IDA,2024-01-12,Action Pending,350000,Unsanctioned
MPLADS-008043,Chunni lal Sahu,Lok Sabha,Chhattisgarh,MAHASAMUND,,,Mahasamund,Sirpur,Normal/Others,NA - Construction of buildings for community cultural activities,DISTRICT COLLECTOR MAHASAMUND_IDA,2024-01-12,Action Pending,830000,Unsanctioned
MPLADS-008054,Sunil Kumar Soni,Lok Sabha,Chhattisgarh,RAIPUR,,,Tilda,Mohgaon,Normal/Others,"NA - Construction of roads, link roads, pathways or any other road with or without drainage system",DISTRICT COLLECTOR RAIPUR_IDA,2024-01-12,Action Pending,350000,Unsanctioned
MPLADS-008063,Sunil Kumar Soni,Lok Sabha,Chhattisgarh,RAIPUR,,,Tilda,Khapri Kalan,Normal/Others,NA - Construction of community centers and community halls,DISTRICT COLLECTOR RAIPUR_IDA,2024-01-12,Action Pending,400000,Unsanctioned
MPLADS-008064,Sunil Kumar Soni,Lok Sabha,Chhattisgarh,RAIPUR,,,Tilda,Kohka (Part),Normal/Others,NA - Construction of community centers and community halls,DISTRICT COLLECTOR RAIPUR_IDA,2024-01-12,Action Pending,400000,Unsanctioned
MPLADS-008065,Sunil Kumar Soni,Lok Sabha,Chhattisgarh,RAIPUR,,,Tilda,Gujara,Normal/Others,"NA - Construction of roads, link roads, pathways or any other road with or without drainage system",DISTRICT COLLECTOR RAIPUR_IDA,2024-01-12,Action Pending,350000,Unsanctioned
MPLADS-008066,Sunil Kumar Soni,Lok Sabha,Chhattisgarh,RAIPUR,,,Tilda,Chhataud,Normal/Others,"NA - Construction of roads, link roads, pathways or any other road with or without drainage system",DISTRICT COLLECTOR RAIPUR_IDA,2024-01-12,Action Pending,300000,Unsanctioned
MPLADS-008170,Sunil Kumar Soni,Lok Sabha,Chhattisgarh,RAIPUR,,,Simga,Kirwai,Normal/Others,NA - Construction of buildings for community cultural activities,Collector Baloda Bazar_IDA,2024-01-12,Action Pending,500000,Unsanctioned
MPLADS-008330,Santosh Pandey,Lok Sabha,Chhattisgarh,RAJNANDGAON,,,Dongargarh,Purena,Repair and Renovation,WS/MP513/2023-2024/80094 - Construction of footpaths and pedestrian ways,DISTRICT COLLECTOR RAJNANDGAON_IDA,2024-01-11,Approved by IDA,250000,Unsanctioned
MPLADS-008331,Santosh Pandey,Lok Sabha,Chhattisgarh,RAJNANDGAON,,,Rajnandgaon,Baiga Tola,Normal/Others,WS/MP513/2023-2024/80095 - Construction of community centers and community halls,DISTRICT COLLECTOR RAJNANDGAON_IDA,2024-01-11,Approved by IDA,300000,Sanctioned
MPLADS-008332,Santosh Pandey,Lok Sabha,Chhattisgarh,RAJNANDGAON,,,Dongargarh,Riwagahan,Normal/Others,NA - Construction of community centers and community halls,DISTRICT COLLECTOR RAJNANDGAON_IDA,2024-01-11,Action Pending,300000,Unsanctioned
MPLADS-008333,Santosh Pandey,Lok Sabha,Chhattisgarh,RAJNANDGAON,,,Lalbahadur Nagar,Bagra Kasa,Normal/Others,NA - Construction of community centers and community halls,DISTRICT COLLECTOR RAJNANDGAON_IDA,2024-01-11,Action Pending,500000,Unsanctioned
MPLADS-008565,Santosh Pandey,Lok Sabha,Chhattisgarh,RAJNANDGAON,Rajnandgaon,ward 15,,,Normal/Others,NA - Construction of community centers and community halls,DISTRICT COLLECTOR RAJNANDGAON_IDA,2024-01-10,Action Pending,1000000,Unsanctioned
MPLADS-008566,Santosh Pandey,Lok Sabha,Chhattisgarh,RAJNANDGAON,Rajnandgaon,ward 24,,,Normal/Others,NA - Construction of community centers and community halls,DISTRICT COLLECTOR RAJNANDGAON_IDA,2024-01-10,Action Pending,300000,Unsanctioned
MPLADS-008572,Jyotsna Charandas Mahant,Lok Sabha,Chhattisgarh,KORBA,,,Pali,Batra,Normal/Others,NA - Crematoriums or structures on burial/ cremation ground for public convenience,DISTRICT COLLECTOR KORBA_IDA,2024-01-10,Action Pending,400000,Unsanctioned
MPLADS-008573,Jyotsna Charandas Mahant,Lok Sabha,Chhattisgarh,KORBA,,,Barpali,Sandail,Normal/Others,"NA - Construction of roads, approach roads, link roads and pathways",DISTRICT COLLECTOR KORBA_IDA,2024-01-10,Action Pending,800000,Unsanctioned
MPLADS-008576,Jyotsna Charandas Mahant,Lok Sabha,Chhattisgarh,KORBA,,,Poundi-Uproda,Pondi Khurd,Normal/Others,"NA - Construction of roads, approach roads, link roads and pathways",DISTRICT COLLECTOR KORBA_IDA,2024-01-10,Action Pending,500000,Unsanctioned
MPLADS-008580,Jyotsna Charandas Mahant,Lok Sabha,Chhattisgarh,KORBA,Korba,31,,,Normal/Others,NA - Construction of buildings for community cultural activities,DISTRICT COLLECTOR KORBA_IDA,2024-01-10,Action Pending,1950000,Unsanctioned
MPLADS-008595,Jyotsna Charandas Mahant,Lok Sabha,Chhattisgarh,KORBA,,,Pali,Madan,Normal/Others,NA - Construction of boundary walls of existing public and community buildings,DISTRICT COLLECTOR KORBA_IDA,2024-01-09,Action Pending,1950000,Unsanctioned
MPLADS-008610,Sunil Kumar Soni,Lok Sabha,Chhattisgarh,RAIPUR,,,Kharora,Beldar Seoni,Normal/Others,NA - Construction of Footpaths/Pedestrian ways,DISTRICT COLLECTOR RAIPUR_IDA,2024-01-09,Action Pending,300000,Unsanctioned
MPLADS-008697,Smt Phulo Devi Netam,Rajya Sabha,Chhattisgarh,Sitting Rajya Sabha,,,Bade Rajpur,Badbattar,Normal/Others,WS/MP224/2023-2024/78420 - Creation of new ponds,DISTRICT COLLECTOR KONDAGAON_IDA,2024-01-09,Approved by IDA,2000000,Sanctioned
MPLADS-008778,Chunni lal Sahu,Lok Sabha,Chhattisgarh,MAHASAMUND,Rajim,06,,,Normal/Others,NA - Construction of buildings for community cultural activities,Collectro Gariaband_IDA,2024-01-08,Action Pending,1000000,Unsanctioned
MPLADS-008779,Sunil Kumar Soni,Lok Sabha,Chhattisgarh,RAIPUR,Kurra,9,,,Normal/Others,NA - Construction of community centers and community halls,DISTRICT COLLECTOR RAIPUR_IDA,2024-01-08,Action Pending,500000,Unsanctioned
MPLADS-008795,Sunil Kumar Soni,Lok Sabha,Chhattisgarh,RAIPUR,,,Dharsiwa,Barauda,Normal/Others,NA - Construction of community centers and community halls,DISTRICT COLLECTOR RAIPUR_IDA,2024-01-08,Action Pending,500000,Unsanctioned
MPLADS-008813,Chunni lal Sahu,Lok Sabha,Chhattisgarh,MAHASAMUND,,,Rajim,Dhamni,Normal/Others,NA - Construction of buildings for community cultural activities,Collectro Gariaband_IDA,2024-01-08,Action Pending,500000,Unsanctioned
MPLADS-008815,Chunni lal Sahu,Lok Sabha,Chhattisgarh,MAHASAMUND,,,Komakhan,Khusrupali,Normal/Others,"NA - Construction of roads, link roads, pathways or any other road with or without drainage system",DISTRICT COLLECTOR MAHASAMUND_IDA,2024-01-08,Action Pending,350000,Unsanctioned
MPLADS-008816,Chunni lal Sahu,Lok Sabha,Chhattisgarh,MAHASAMUND,,,Pithora,Sankara,Normal/Others,NA - Construction of buildings for community cultural activities,DISTRICT COLLECTOR MAHASAMUND_IDA,2024-01-08,Action Pending,650000,Unsanctioned
MPLADS-008817,Chunni lal Sahu,Lok Sabha,Chhattisgarh,MAHASAMUND,,,Mahasamund,Beltukri,Normal/Others,NA - Construction of buildings for community cultural activities,DISTRICT COLLECTOR MAHASAMUND_IDA,2024-01-08,Action Pending,500000,Unsanctioned
MPLADS-009251,Jyotsna Charandas Mahant,Lok Sabha,Chhattisgarh,KORBA,,,Barpali,Tuman,Normal/Others,"NA - Construction of roads, approach roads, link roads and pathways",DISTRICT COLLECTOR KORBA_IDA,2024-01-07,Action Pending,500000,Unsanctioned
MPLADS-009258,Jyotsna Charandas Mahant,Lok Sabha,Chhattisgarh,KORBA,,,Poundi-Uproda,Amjhar,Normal/Others,"NA - Construction of roads, approach roads, link roads and pathways",DISTRICT COLLECTOR KORBA_IDA,2024-01-07,Action Pending,500000,Unsanctioned
MPLADS-009259,Jyotsna Charandas Mahant,Lok Sabha,Chhattisgarh,KORBA,,,Poundi-Uproda,Nagoi Kuteser,Normal/Others,"NA - Construction of roads, approach roads, link roads and pathways",DISTRICT COLLECTOR KORBA_IDA,2024-01-07,Action Pending,500000,Unsanctioned
MPLADS-009260,Jyotsna Charandas Mahant,Lok Sabha,Chhattisgarh,KORBA,,,Pali,Kera Jhariya,Normal/Others,"WS/MP514/2023-2024/77172 - Construction of roads, link roads, pathways or any other road with or without drainage system",DISTRICT COLLECTOR KORBA_IDA,2024-01-07,Approved by IDA,200000,Sanctioned
MPLADS-009261,Jyotsna Charandas Mahant,Lok Sabha,Chhattisgarh,KORBA,,,Poundi-Uproda,Korbi,Normal/Others,"NA - Construction of roads, approach roads, link roads and pathways",DISTRICT COLLECTOR KORBA_IDA,2024-01-07,Action Pending,500000,Unsanctioned
MPLADS-009263,Jyotsna Charandas Mahant,Lok Sabha,Chhattisgarh,KORBA,,,Poundi-Uproda,Puta,Normal/Others,"WS/MP514/2023-2024/77162 - Construction of roads, link roads, pathways or any other road with or without drainage system",DISTRICT COLLECTOR KORBA_IDA,2024-01-07,Approved by IDA,600000,Sanctioned
MPLADS-009264,Jyotsna Charandas Mahant,Lok Sabha,Chhattisgarh,KORBA,,,Pali,Batra,Normal/Others,"WS/MP514/2023-2024/77175 - Construction of roads, link roads, pathways or any other road with or without drainage system",DISTRICT COLLECTOR KORBA_IDA,2024-01-07,Approved by IDA,500000,Sanctioned
MPLADS-009266,Jyotsna Charandas Mahant,Lok Sabha,Chhattisgarh,KORBA,,,Pali,Rampur,Normal/Others,NA - Construction of community centers and community halls,DISTRICT COLLECTOR KORBA_IDA,2024-01-07,Action Pending,400000,Unsanctioned
MPLADS-009268,Jyotsna Charandas Mahant,Lok Sabha,Chhattisgarh,KORBA,,,Pali,Saguna,Normal/Others,"WS/MP514/2023-2024/77178 - Construction of roads, link roads, pathways or any other road with or without drainage system",DISTRICT COLLECTOR KORBA_IDA,2024-01-07,Approved by IDA,500000,Sanctioned
MPLADS-009271,Jyotsna Charandas Mahant,Lok Sabha,Chhattisgarh,KORBA,,,Pali,Madan,Normal/Others,"WS/MP514/2023-2024/77176 - Construction of roads, link roads, pathways or any other road with or without drainage system",DISTRICT COLLECTOR KORBA_IDA,2024-01-07,Approved by IDA,200000,Sanctioned
MPLADS-009627,Chunni lal Sahu,Lok Sabha,Chhattisgarh,MAHASAMUND,Pithora,12,,,Normal/Others,NA - Construction of buildings for community cultural activities,DISTRICT COLLECTOR MAHASAMUND_IDA,2024-01-05,Action Pending,500000,Unsanctioned
MPLADS-009628,Chunni lal Sahu,Lok Sabha,Chhattisgarh,MAHASAMUND,Basna,11,,,Normal/Others,NA - Construction of buildings for community cultural activities,DISTRICT COLLECTOR MAHASAMUND_IDA,2024-01-05,Action Pending,500000,Unsanctioned
MPLADS-009642,Chunni lal Sahu,Lok Sabha,Chhattisgarh,MAHASAMUND,,,Dhamtari,Semra,Normal/Others,NA - Construction of buildings for community cultural activities,DISTRICT COLLECTOR DHAMTARI_IDA,2024-01-05,Action Pending,400000,Unsanctioned
MPLADS-009643,Mohan Mandavi,Lok Sabha,Chhattisgarh,KANKER(ST),,,Narharpur,Dhekuna,Normal/Others,NA - Construction of common work sheds/ common covered sitting area,DISTRICT COLLECTOR KANKER_IDA,2024-01-05,Action Pending,300000,Unsanctioned
MPLADS-009644,Mohan Mandavi,Lok Sabha,Chhattisgarh,KANKER(ST),,,Kanker,Mohpur,Normal/Others,NA - Construction of common work sheds/ common covered sitting area,DISTRICT COLLECTOR KANKER_IDA,2024-01-05,Action Pending,300000,Unsanctioned
MPLADS-009645,Mohan Mandavi,Lok Sabha,Chhattisgarh,KANKER(ST),,,Kanker,Kokpur,Normal/Others,NA - Fitting of Sitting RCC Benches in Public Places,DISTRICT COLLECTOR KANKER_IDA,2024-01-05,Action Pending,150000,Unsanctioned
MPLADS-009646,Mohan Mandavi,Lok Sabha,Chhattisgarh,KANKER(ST),,,Marri Bangla Deori,Ahibaran Nawagaon,Normal/Others,NA - Street lights,Collector Balod_IDA,2024-01-05,Action Pending,900000,Unsanctioned
MPLADS-009647,Chunni lal Sahu,Lok Sabha,Chhattisgarh,MAHASAMUND,,,Basna,Baroli,Normal/Others,"WS/MP427/2023-2024/75672 - Construction of roads, link roads, pathways or any other road with or without drainage system",DISTRICT COLLECTOR MAHASAMUND_IDA,2024-01-05,Approved by IDA,500000,Sanctioned
MPLADS-009648,Chunni lal Sahu,Lok Sabha,Chhattisgarh,MAHASAMUND,,,Komakhan,Daijbandha,Normal/Others,"NA - Construction of roads, link roads, pathways or any other road with or without drainage system",DISTRICT COLLECTOR MAHASAMUND_IDA,2024-01-05,Action Pending,500000,Unsanctioned
MPLADS-009649,Chunni lal Sahu,Lok Sabha,Chhattisgarh,MAHASAMUND,,,Basna,Kurchundi,Normal/Others,"WS/MP427/2023-2024/75674 - Construction of roads, link roads, pathways or any other road with or without drainage system",DISTRICT COLLECTOR MAHASAMUND_IDA,2024-01-05,Approved by IDA,500000,Sanctioned
MPLADS-009816,Smt Ranjeet Ranjan,Rajya Sabha,Chhattisgarh,Sitting Rajya Sabha,,,Pamgarh,Mudpar(Bajrang),Normal/Others,"NA - Construction of roads, link roads, pathways or any other road with or without drainage system",DISTRICT COLLECTOR JANJGIR CHAMPA_IDA,2024-01-05,Action Pending,1000000,Unsanctioned
MPLADS-009824,Smt Ranjeet Ranjan,Rajya Sabha,Chhattisgarh,Sitting Rajya Sabha,,,Pamgarh,Mudpar(Bajrang),Normal/Others,"NA - Construction of roads, link roads, pathways or any other road with or without drainage system",DISTRICT COLLECTOR JANJGIR CHAMPA_IDA,2024-01-05,Action Pending,1000000,Unsanctioned
MPLADS-010017,Santosh Pandey,Lok Sabha,Chhattisgarh,RAJNANDGAON,,,Rajnandgaon,Beltikri,Normal/Others,NA - Construction of community centers and community halls,DISTRICT COLLECTOR RAJNANDGAON_IDA,2024-01-04,Action Pending,200000,Unsanctioned
MPLADS-010746,Chunni lal Sahu,Lok Sabha,Chhattisgarh,MAHASAMUND,,,Pithora,Beldih,Normal/Others,NA - Construction of buildings for community cultural activities,DISTRICT COLLECTOR MAHASAMUND_IDA,2024-01-02,Action Pending,500000,Unsanctioned
MPLADS-010765,Chunni lal Sahu,Lok Sabha,Chhattisgarh,MAHASAMUND,,,Mahasamund,Kosrangi,Normal/Others,NA - Construction of common work sheds/ common covered sitting area,DISTRICT COLLECTOR MAHASAMUND_IDA,2024-01-02,Action Pending,300000,Unsanctioned
MPLADS-010767,Sunil Kumar Soni,Lok Sabha,Chhattisgarh,RAIPUR,,,Raipur,Boriakhurd (Og),Normal/Others,NA - Construction of common work sheds/ common covered sitting area,DISTRICT COLLECTOR RAIPUR_IDA,2024-01-02,Action Pending,250000,Unsanctioned
MPLADS-010768,Chunni lal Sahu,Lok Sabha,Chhattisgarh,MAHASAMUND,Dhamtari,12,,,Normal/Others,NA - Construction of public toilets and bathrooms,DISTRICT COLLECTOR DHAMTARI_IDA,2024-01-02,Action Pending,500000,Unsanctioned
MPLADS-010769,Chunni lal Sahu,Lok Sabha,Chhattisgarh,MAHASAMUND,,,Dhamtari,Semra,Normal/Others,NA - Construction of buildings for community cultural activities,DISTRICT COLLECTOR DHAMTARI_IDA,2024-01-02,Action Pending,500000,Unsanctioned
MPLADS-010770,Chunni lal Sahu,Lok Sabha,Chhattisgarh,MAHASAMUND,,,Chhura,Mongara,Normal/Others,NA - Construction of buildings for community cultural activities,Collectro Gariaband_IDA,2024-01-02,Action Pending,400000,Unsanctioned
MPLADS-010771,Chunni lal Sahu,Lok Sabha,Chhattisgarh,MAHASAMUND,,,Bhakhara,Riwagahan,Normal/Others,NA - Construction of buildings for community cultural activities,DISTRICT COLLECTOR DHAMTARI_IDA,2024-01-02,Action Pending,500000,Unsanctioned
MPLADS-010772,Sunil Kumar Soni,Lok Sabha,Chhattisgarh,RAIPUR,Raipur,46,,,Normal/Others,NA - Construction of community centers and community halls,DISTRICT COLLECTOR RAIPUR_IDA,2024-01-02,Action Pending,500000,Unsanctioned
MPLADS-010773,Sunil Kumar Soni,Lok Sabha,Chhattisgarh,RAIPUR,,,Arang,Semariya -1,Normal/Others,NA - Construction of community centers and community halls,DISTRICT COLLECTOR RAIPUR_IDA,2024-01-02,Action Pending,500000,Unsanctioned
MPLADS-010966,Vijay Baghel,Lok Sabha,Chhattisgarh,DURG,,,Bhimbhauri,Bhimbhori,Normal/Others,NA - Construction of community centers and community halls,Collector Bemetara_IDA,2023-12-31,Action Pending,500000,Unsanctioned
MPLADS-010988,Vijay Baghel,Lok Sabha,Chhattisgarh,DURG,,,Bhimbhauri,Hasda,Normal/Others,NA - Construction of community centers and community halls,Collector Bemetara_IDA,2023-12-31,Action Pending,500000,Unsanctioned
MPLADS-010989,Vijay Baghel,Lok Sabha,Chhattisgarh,DURG,,,Patan,Devada,Normal/Others,NA - Construction of community centers and community halls,DISTRICT COLLECTOR DURG_IDA,2023-12-31,Action Pending,600000,Unsanctioned
MPLADS-011361,Sunil Kumar Soni,Lok Sabha,Chhattisgarh,RAIPUR,,,Kharora,Chhadia,Normal/Others,"NA - Construction of roads, link roads, pathways or any other road with or without drainage system",DISTRICT COLLECTOR RAIPUR_IDA,2023-12-30,Action Pending,300000,Unsanctioned
MPLADS-011370,Mohan Mandavi,Lok Sabha,Chhattisgarh,KANKER(ST),Kanker,Jawahar word,,,Normal/Others,NA - Construction of common work sheds/ common covered sitting area,DISTRICT COLLECTOR KANKER_IDA,2023-12-30,Action Pending,200000,Unsanctioned
MPLADS-011445,Mohan Mandavi,Lok Sabha,Chhattisgarh,KANKER(ST),,,Narharpur,Naudabari,Normal/Others,NA - Construction of common work sheds/ common covered sitting area,DISTRICT COLLECTOR KANKER_IDA,2023-12-30,Action Pending,500000,Unsanctioned
MPLADS-011446,Chunni lal Sahu,Lok Sabha,Chhattisgarh,MAHASAMUND,,,Mainpur,Hardibhata,Normal/Others,"WS/MP427/2023-2024/71717 - Construction of roads, approach roads, link roads and pathways",Collectro Gariaband_IDA,2023-12-30,Approved by IDA,550000,Sanctioned
MPLADS-011447,Chunni lal Sahu,Lok Sabha,Chhattisgarh,MAHASAMUND,,,Gariyaband,Hardi,Normal/Others,"NA - Construction of roads, approach roads, link roads and pathways",Collectro Gariaband_IDA,2023-12-30,Action Pending,500000,Unsanctioned
MPLADS-011448,Chunni lal Sahu,Lok Sabha,Chhattisgarh,MAHASAMUND,,,Komakhan,Kasekera,Normal/Others,NA - Construction of common work sheds/ common covered sitting area,DISTRICT COLLECTOR MAHASAMUND_IDA,2023-12-30,Action Pending,500000,Unsanctioned
MPLADS-011449,Mohan Mandavi,Lok Sabha,Chhattisgarh,KANKER(ST),,,Narharpur,Hatkacharama,Normal/Others,NA - Construction of common work sheds/ common covered sitting area,DISTRICT COLLECTOR KANKER_IDA,2023-12-30,Action Pending,500000,Unsanctioned
MPLADS-011450,Mohan Mandavi,Lok Sabha,Chhattisgarh,KANKER(ST),,,Narharpur,Devinawagaon,Normal/Others,NA - Construction of common work sheds/ common covered sitting area,DISTRICT COLLECTOR KANKER_IDA,2023-12-30,Action Pending,500000,Unsanctioned
MPLADS-011459,Mohan Mandavi,Lok Sabha,Chhattisgarh,KANKER(ST),,,Narharpur,Lilwapahar,Normal/Others,NA - Construction of common work sheds/ common covered sitting area,DISTRICT COLLECTOR KANKER_IDA,2023-12-30,Action Pending,500000,Unsanctioned
MPLADS-011496,Mohan Mandavi,Lok Sabha,Chhattisgarh,KANKER(ST),Magarlod,word no. 08,,,Normal/Others,NA - Construction of common work sheds/ common covered sitting area,DISTRICT COLLECTOR DHAMTARI_IDA,2023-12-29,Action Pending,300000,Unsanctioned
MPLADS-011795,Mohan Mandavi,Lok Sabha,Chhattisgarh,KANKER(ST),Dondi,makai chowk,,,Normal/Others,NA - Construction of common work sheds/ common covered sitting area,Collector Balod_IDA,2023-12-28,Action Pending,500000,Unsanctioned
MPLADS-011808,Mohan Mandavi,Lok Sabha,Chhattisgarh,KANKER(ST),,,Gunderdehi,Hira Khapri,Normal/Others,NA - Construction of common work sheds/ common covered sitting area,Collector Balod_IDA,2023-12-28,Action Pending,300000,Unsanctioned
MPLADS-011809,Mohan Mandavi,Lok Sabha,Chhattisgarh,KANKER(ST),,,Arjunda,Khursul (Gabdi),Normal/Others,NA - Construction of common work sheds/ common covered sitting area,Collector Balod_IDA,2023-12-28,Action Pending,300000,Unsanctioned
MPLADS-011810,Mohan Mandavi,Lok Sabha,Chhattisgarh,KANKER(ST),,,Balod,Narra,Normal/Others,NA - Construction of common work sheds/ common covered sitting area,Collector Balod_IDA,2023-12-28,Action Pending,300000,Unsanctioned
MPLADS-011863,Chunni lal Sahu,Lok Sabha,Chhattisgarh,MAHASAMUND,Kurud,15,,,Normal/Others,NA - Construction of public libraries and reading rooms,DISTRICT COLLECTOR DHAMTARI_IDA,2023-12-28,Action Pending,1118000,Unsanctioned
MPLADS-012195,Guharam Ajgalley,Lok Sabha,Chhattisgarh,JANJGIR CHAMPA(SC),,,Saragaon,Sarhar,Normal/Others,NA - Installing tube-wells and borewells,DISTRICT COLLECTOR JANJGIR CHAMPA_IDA,2023-12-27,Action Pending,250000,Unsanctioned
MPLADS-012196,Guharam Ajgalley,Lok Sabha,Chhattisgarh,JANJGIR CHAMPA(SC),,,Shivrinarayan,Godhna,Normal/Others,NA - Installing tube-wells and borewells,DISTRICT COLLECTOR JANJGIR CHAMPA_IDA,2023-12-27,Action Pending,250000,Unsanctioned
MPLADS-012197,Guharam Ajgalley,Lok Sabha,Chhattisgarh,JANJGIR CHAMPA(SC),,,Pamgarh,Chorbhatti,Normal/Others,NA - Installing tube-wells and borewells,DISTRICT COLLECTOR JANJGIR CHAMPA_IDA,2023-12-27,Action Pending,250000,Unsanctioned
MPLADS-012198,Guharam Ajgalley,Lok Sabha,Chhattisgarh,JANJGIR CHAMPA(SC),,,Janjgir,Bhadesar,Normal/Others,NA - Installing tube-wells and borewells,DISTRICT COLLECTOR JANJGIR CHAMPA_IDA,2023-12-27,Action Pending,250000,Unsanctioned
MPLADS-012199,Guharam Ajgalley,Lok Sabha,Chhattisgarh,JANJGIR CHAMPA(SC),,,Nawagarh,Hardi(Hari),Normal/Others,NA - Installing tube-wells and borewells,DISTRICT COLLECTOR JANJGIR CHAMPA_IDA,2023-12-27,Action Pending,250000,Unsanctioned
MPLADS-012200,Guharam Ajgalley,Lok Sabha,Chhattisgarh,JANJGIR CHAMPA(SC),,,Janjgir,Markadih,Normal/Others,NA - Installing tube-wells and borewells,DISTRICT COLLECTOR JANJGIR CHAMPA_IDA,2023-12-27,Action Pending,250000,Unsanctioned
MPLADS-012201,Guharam Ajgalley,Lok Sabha,Chhattisgarh,JANJGIR CHAMPA(SC),,,Nawagarh,Tenduwa,Normal/Others,NA - Installing tube-wells and borewells,DISTRICT COLLECTOR JANJGIR CHAMPA_IDA,2023-12-27,Action Pending,250000,Unsanctioned
MPLADS-012223,Guharam Ajgalley,Lok Sabha,Chhattisgarh,JANJGIR CHAMPA(SC),,,Pamgarh,Mudpar,Normal/Others,NA - Installing tube-wells and borewells,DISTRICT COLLECTOR JANJGIR CHAMPA_IDA,2023-12-27,Action Pending,250000,Unsanctioned
MPLADS-012297,Guharam Ajgalley,Lok Sabha,Chhattisgarh,JANJGIR CHAMPA(SC),,,Janjgir,Seoni,Normal/Others,NA - Installing tube-wells and borewells,DISTRICT COLLECTOR JANJGIR CHAMPA_IDA,2023-12-27,Action Pending,250000,Unsanctioned
MPLADS-012299,Guharam Ajgalley,Lok Sabha,Chhattisgarh,JANJGIR CHAMPA(SC),,,Shivrinarayan,Borda,Normal/Others,NA - Installing tube-wells and borewells,DISTRICT COLLECTOR JANJGIR CHAMPA_IDA,2023-12-27,Action Pending,250000,Unsanctioned
MPLADS-012304,Guharam Ajgalley,Lok Sabha,Chhattisgarh,JANJGIR CHAMPA(SC),,,Akaltara,Parsada,Normal/Others,NA - Installing tube-wells and borewells,DISTRICT COLLECTOR JANJGIR CHAMPA_IDA,2023-12-27,Action Pending,250000,Unsanctioned
MPLADS-012305,Guharam Ajgalley,Lok Sabha,Chhattisgarh,JANJGIR CHAMPA(SC),,,Akaltara,Dhanwa,Normal/Others,NA - Installing tube-wells and borewells,DISTRICT COLLECTOR JANJGIR CHAMPA_IDA,2023-12-27,Action Pending,250000,Unsanctioned
MPLADS-012306,Guharam Ajgalley,Lok Sabha,Chhattisgarh,JANJGIR CHAMPA(SC),,,Akaltara,Mudpar,Normal/Others,NA - Installing tube-wells and borewells,DISTRICT COLLECTOR JANJGIR CHAMPA_IDA,2023-12-27,Action Pending,250000,Unsanctioned
MPLADS-012307,Guharam Ajgalley,Lok Sabha,Chhattisgarh,JANJGIR CHAMPA(SC),Rahoud,rahod,,,Normal/Others,NA - Installing tube-wells and borewells,DISTRICT COLLECTOR JANJGIR CHAMPA_IDA,2023-12-27,Action Pending,250000,Unsanctioned
MPLADS-012308,Guharam Ajgalley,Lok Sabha,Chhattisgarh,JANJGIR CHAMPA(SC),,,Pamgarh,Pakariya,Normal/Others,NA - Installing tube-wells and borewells,DISTRICT COLLECTOR JANJGIR CHAMPA_IDA,2023-12-27,Action Pending,250000,Unsanctioned
MPLADS-012309,Guharam Ajgalley,Lok Sabha,Chhattisgarh,JANJGIR CHAMPA(SC),,,Pamgarh,Pakariya,Normal/Others,NA - Installing tube-wells and borewells,DISTRICT COLLECTOR JANJGIR CHAMPA_IDA,2023-12-27,Action Pending,250000,Unsanctioned
MPLADS-012310,Guharam Ajgalley,Lok Sabha,Chhattisgarh,JANJGIR CHAMPA(SC),,,Pamgarh,Bilari,Normal/Others,NA - Installing tube-wells and borewells,DISTRICT COLLECTOR JANJGIR CHAMPA_IDA,2023-12-27,Action Pending,250000,Unsanctioned
MPLADS-012311,Guharam Ajgalley,Lok Sabha,Chhattisgarh,JANJGIR CHAMPA(SC),,,Pamgarh,Chorbhatti,Normal/Others,NA - Installing tube-wells and borewells,DISTRICT COLLECTOR JANJGIR CHAMPA_IDA,2023-12-27,Action Pending,250000,Unsanctioned
MPLADS-012322,Guharam Ajgalley,Lok Sabha,Chhattisgarh,JANJGIR CHAMPA(SC),,,Shivrinarayan,Kukda,Normal/Others,NA - Installing tube-wells and borewells,DISTRICT COLLECTOR JANJGIR CHAMPA_IDA,2023-12-27,Action Pending,250000,Unsanctioned
MPLADS-012333,Guharam Ajgalley,Lok Sabha,Chhattisgarh,JANJGIR CHAMPA(SC),,,Saragaon,Darang,Normal/Others,NA - Installing tube-wells and borewells,DISTRICT COLLECTOR JANJGIR CHAMPA_IDA,2023-12-27,Action Pending,250000,Unsanctioned
MPLADS-012334,Jyotsna Charandas Mahant,Lok Sabha,Chhattisgarh,KORBA,,,Barpali,Dhodhatarai,Normal/Others,WS/MP514/2023-2024/69857 - Renovation of ponds and lakes,DISTRICT COLLECTOR KORBA_IDA,2023-12-27,Approved by IDA,2400000,Sanctioned
MPLADS-012335,Guharam Ajgalley,Lok Sabha,Chhattisgarh,JANJGIR CHAMPA(SC),,,Bamhnidih,Taldeori,Normal/Others,WS/MP425/2023-2024/69947 - Installing tube-wells and borewells,DISTRICT COLLECTOR JANJGIR CHAMPA_IDA,2023-12-27,Approved by IDA,250000,Sanctioned
MPLADS-012336,Guharam Ajgalley,Lok Sabha,Chhattisgarh,JANJGIR CHAMPA(SC),,,Bamhnidih,Taldeori,Normal/Others,NA - Installing tube-wells and borewells,DISTRICT COLLECTOR JANJGIR CHAMPA_IDA,2023-12-27,Action Pending,250000,Unsanctioned
MPLADS-012337,Guharam Ajgalley,Lok Sabha,Chhattisgarh,JANJGIR CHAMPA(SC),,,Saragaon,Lakhali,Normal/Others,NA - Installing tube-wells and borewells,DISTRICT COLLECTOR JANJGIR CHAMPA_IDA,2023-12-27,Action Pending,250000,Unsanctioned
MPLADS-012338,Guharam Ajgalley,Lok Sabha,Chhattisgarh,JANJGIR CHAMPA(SC),,,Bamhnidih,Borsi,Normal/Others,NA - Installing tube-wells and borewells,DISTRICT COLLECTOR JANJGIR CHAMPA_IDA,2023-12-27,Action Pending,250000,Unsanctioned
MPLADS-012339,Guharam Ajgalley,Lok Sabha,Chhattisgarh,JANJGIR CHAMPA(SC),,,Bamhnidih,Gatwa,Normal/Others,NA - Installing tube-wells and borewells,DISTRICT COLLECTOR JANJGIR CHAMPA_IDA,2023-12-27,Action Pending,250000,Unsanctioned
MPLADS-012340,Guharam Ajgalley,Lok Sabha,Chhattisgarh,JANJGIR CHAMPA(SC),,,Bamhnidih,Bansula,Normal/Others,NA - Installing tube-wells and borewells,DISTRICT COLLECTOR JANJGIR CHAMPA_IDA,2023-12-27,Action Pending,250000,Unsanctioned
MPLADS-012341,Guharam Ajgalley,Lok Sabha,Chhattisgarh,JANJGIR CHAMPA(SC),,,Bamhnidih,Bandabhra,Normal/Others,NA - Installing tube-wells and borewells,DISTRICT COLLECTOR JANJGIR CHAMPA_IDA,2023-12-27,Action Pending,250000,Unsanctioned
MPLADS-012342,Guharam Ajgalley,Lok Sabha,Chhattisgarh,JANJGIR CHAMPA(SC),,,Bamhnidih,Sonadah,Normal/Others,NA - Installing tube-wells and borewells,DISTRICT COLLECTOR JANJGIR CHAMPA_IDA,2023-12-27,Action Pending,250000,Unsanctioned
MPLADS-012343,Guharam Ajgalley,Lok Sabha,Chhattisgarh,JANJGIR CHAMPA(SC),,,Champa,Hathnewara,Normal/Others,NA - Installing tube-wells and borewells,DISTRICT COLLECTOR JANJGIR CHAMPA_IDA,2023-12-27,Action Pending,250000,Unsanctioned
MPLADS-012344,Guharam Ajgalley,Lok Sabha,Chhattisgarh,JANJGIR CHAMPA(SC),,,Bamhnidih,Semariya,Normal/Others,NA - Installing tube-wells and borewells,DISTRICT COLLECTOR JANJGIR CHAMPA_IDA,2023-12-27,Action Pending,250000,Unsanctioned
MPLADS-012345,Guharam Ajgalley,Lok Sabha,Chhattisgarh,JANJGIR CHAMPA(SC),,,Saragaon,Podi Kalan,Normal/Others,NA - Installing tube-wells and borewells,DISTRICT COLLECTOR JANJGIR CHAMPA_IDA,2023-12-27,Action Pending,250000,Unsanctioned
MPLADS-012346,Guharam Ajgalley,Lok Sabha,Chhattisgarh,JANJGIR CHAMPA(SC),,,Champa,Balpur,Normal/Others,NA - Installing tube-wells and borewells,DISTRICT COLLECTOR JANJGIR CHAMPA_IDA,2023-12-27,Action Pending,250000,Unsanctioned
MPLADS-012347,Guharam Ajgalley,Lok Sabha,Chhattisgarh,JANJGIR CHAMPA(SC),,,Akaltara,Pauna,Normal/Others,NA - Installing tube-wells and borewells,DISTRICT COLLECTOR JANJGIR CHAMPA_IDA,2023-12-27,Action Pending,250000,Unsanctioned
MPLADS-012349,Guharam Ajgalley,Lok Sabha,Chhattisgarh,JANJGIR CHAMPA(SC),,,Akaltara,Tilai,Normal/Others,NA - Installing tube-wells and borewells,DISTRICT COLLECTOR JANJGIR CHAMPA_IDA,2023-12-27,Action Pending,250000,Unsanctioned
MPLADS-012350,Guharam Ajgalley,Lok Sabha,Chhattisgarh,JANJGIR CHAMPA(SC),,,Akaltara,Taga,Normal/Others,NA - Installing tube-wells and borewells,DISTRICT COLLECTOR JANJGIR CHAMPA_IDA,2023-12-27,Action Pending,250000,Unsanctioned
MPLADS-012351,Guharam Ajgalley,Lok Sabha,Chhattisgarh,JANJGIR CHAMPA(SC),,,Akaltara,Kapan,Normal/Others,NA - Installing tube-wells and borewells,DISTRICT COLLECTOR JANJGIR CHAMPA_IDA,2023-12-27,Action Pending,250000,Unsanctioned
MPLADS-012352,Guharam Ajgalley,Lok Sabha,Chhattisgarh,JANJGIR CHAMPA(SC),,,Baloda,Nawagoan,Normal/Others,NA - Installing tube-wells and borewells,DISTRICT COLLECTOR JANJGIR CHAMPA_IDA,2023-12-27,Action Pending,250000,Unsanctioned
MPLADS-012353,Guharam Ajgalley,Lok Sabha,Chhattisgarh,JANJGIR CHAMPA(SC),,,Baloda,Gowaband,Normal/Others,NA - Installing tube-wells and borewells,DISTRICT COLLECTOR JANJGIR CHAMPA_IDA,2023-12-27,Action Pending,250000,Unsanctioned
MPLADS-012384,Guharam Ajgalley,Lok Sabha,Chhattisgarh,JANJGIR CHAMPA(SC),,,Pamgarh,Khokhari,Normal/Others,NA - Installing tube-wells and borewells,DISTRICT COLLECTOR JANJGIR CHAMPA_IDA,2023-12-27,Action Pending,250000,Unsanctioned
MPLADS-012385,Guharam Ajgalley,Lok Sabha,Chhattisgarh,JANJGIR CHAMPA(SC),,,Shivrinarayan,Salkhan,Normal/Others,NA - Installing tube-wells and borewells,DISTRICT COLLECTOR JANJGIR CHAMPA_IDA,2023-12-27,Action Pending,250000,Unsanctioned
MPLADS-012386,Guharam Ajgalley,Lok Sabha,Chhattisgarh,JANJGIR CHAMPA(SC),,,Shivrinarayan,Ringhi,Normal/Others,NA - Installing tube-wells and borewells,DISTRICT COLLECTOR JANJGIR CHAMPA_IDA,2023-12-27,Action Pending,250000,Unsanctioned
MPLADS-012387,Guharam Ajgalley,Lok Sabha,Chhattisgarh,JANJGIR CHAMPA(SC),,,Shivrinarayan,Belha,Normal/Others,NA - Installing tube-wells and borewells,DISTRICT COLLECTOR JANJGIR CHAMPA_IDA,2023-12-27,Action Pending,250000,Unsanctioned
MPLADS-012432,Sunil Kumar Soni,Lok Sabha,Chhattisgarh,RAIPUR,,,Abhanpur,Khilora,Normal/Others,NA - Construction of buildings for community cultural activities,DISTRICT COLLECTOR RAIPUR_IDA,2023-12-26,Action Pending,400000,Unsanctioned
MPLADS-013417,Smt Phulo Devi Netam,Rajya Sabha,Chhattisgarh,Sitting Rajya Sabha,,,SARAIPALI,Putka,Normal/Others,"NA - Construction of roads, link roads, pathways or any other road with or without drainage system",DISTRICT COLLECTOR MAHASAMUND_IDA,2023-12-22,Action Pending,500000,Unsanctioned
MPLADS-013491,Smt Phulo Devi Netam,Rajya Sabha,Chhattisgarh,Sitting Rajya Sabha,,,BASNA,Bitangipali,Normal/Others,"NA - Construction of roads, approach roads, link roads and pathways",DISTRICT COLLECTOR MAHASAMUND_IDA,2023-12-22,Action Pending,500000,Unsanctioned
MPLADS-013959,Chunni lal Sahu,Lok Sabha,Chhattisgarh,MAHASAMUND,,,PITHORA,Gopalpur,Normal/Others,"NA - Construction of roads, approach roads, link roads and pathways",DISTRICT COLLECTOR MAHASAMUND_IDA,2023-12-21,Action Pending,500000,Unsanctioned
MPLADS-013960,Chunni lal Sahu,Lok Sabha,Chhattisgarh,MAHASAMUND,,,FINGESHWAR,Raksha,Normal/Others,"NA - Construction of roads, approach roads, link roads and pathways",Collectro Gariaband_IDA,2023-12-21,Action Pending,500000,Unsanctioned
MPLADS-013961,Chunni lal Sahu,Lok Sabha,Chhattisgarh,MAHASAMUND,,,CHHURRA,Ghoghara,Normal/Others,"NA - Construction of roads, approach roads, link roads and pathways",Collectro Gariaband_IDA,2023-12-21,Action Pending,500000,Unsanctioned
MPLADS-013962,Chunni lal Sahu,Lok Sabha,Chhattisgarh,MAHASAMUND,,,FINGESHWAR,Borsi,Normal/Others,"NA - Construction of roads, approach roads, link roads and pathways",Collectro Gariaband_IDA,2023-12-21,Action Pending,500000,Unsanctioned
MPLADS-013963,Chunni lal Sahu,Lok Sabha,Chhattisgarh,MAHASAMUND,,,FINGESHWAR,Bakli,Normal/Others,NA - Construction of common work sheds/ common covered sitting area,Collectro Gariaband_IDA,2023-12-21,Action Pending,500000,Unsanctioned
MPLADS-013964,Chunni lal Sahu,Lok Sabha,Chhattisgarh,MAHASAMUND,,,FINGESHWAR,Fuljhar,Normal/Others,"NA - Construction of roads, approach roads, link roads and pathways",Collectro Gariaband_IDA,2023-12-21,Action Pending,500000,Unsanctioned
MPLADS-013965,Chunni lal Sahu,Lok Sabha,Chhattisgarh,MAHASAMUND,,,FINGESHWAR,Arand,Normal/Others,"NA - Construction of roads, approach roads, link roads and pathways",Collectro Gariaband_IDA,2023-12-21,Action Pending,500000,Unsanctioned
MPLADS-013966,Chunni lal Sahu,Lok Sabha,Chhattisgarh,MAHASAMUND,Pithora,08,,,Normal/Others,NA - Construction of buildings for community cultural activities,DISTRICT COLLECTOR MAHASAMUND_IDA,2023-12-21,Action Pending,500000,Unsanctioned
MPLADS-013967,Chunni lal Sahu,Lok Sabha,Chhattisgarh,MAHASAMUND,,,BAGBAHARA,Anwaradabri,Normal/Others,NA - Construction of buildings for community cultural activities,DISTRICT COLLECTOR MAHASAMUND_IDA,2023-12-21,Action Pending,500000,Unsanctioned
MPLADS-013968,Chunni lal Sahu,Lok Sabha,Chhattisgarh,MAHASAMUND,,,PITHORA,Rajpalpur,Normal/Others,"NA - Construction of roads, link roads, pathways or any other road with or without drainage system",DISTRICT COLLECTOR MAHASAMUND_IDA,2023-12-21,Action Pending,500000,Unsanctioned
MPLADS-013969,Chunni lal Sahu,Lok Sabha,Chhattisgarh,MAHASAMUND,,,BAGBAHARA,Charoda,Normal/Others,NA - Construction of buildings for community cultural activities,DISTRICT COLLECTOR MAHASAMUND_IDA,2023-12-21,Action Pending,250000,Unsanctioned
MPLADS-013970,Chunni lal Sahu,Lok Sabha,Chhattisgarh,MAHASAMUND,,,BASNA,Rupapali,Normal/Others,"NA - Construction of roads, approach roads, link roads and pathways",DISTRICT COLLECTOR MAHASAMUND_IDA,2023-12-21,Action Pending,500000,Unsanctioned
MPLADS-013971,Chunni lal Sahu,Lok Sabha,Chhattisgarh,MAHASAMUND,,,MAHASAMUND,Mungaser,Normal/Others,NA - Construction of buildings for community cultural activities,DISTRICT COLLECTOR MAHASAMUND_IDA,2023-12-21,Action Pending,500000,Unsanctioned
MPLADS-013972,Chunni lal Sahu,Lok Sabha,Chhattisgarh,MAHASAMUND,,,Dhamtari,Potiyadih,Normal/Others,NA - Construction of buildings for community cultural activities,DISTRICT COLLECTOR DHAMTARI_IDA,2023-12-21,Action Pending,500000,Unsanctioned
MPLADS-013973,Chunni lal Sahu,Lok Sabha,Chhattisgarh,MAHASAMUND,DHAMTARI,18,,,Normal/Others,NA - Construction of common work sheds/ common covered sitting area,DISTRICT COLLECTOR DHAMTARI_IDA,2023-12-21,Action Pending,500000,Unsanctioned
MPLADS-013974,Chunni lal Sahu,Lok Sabha,Chhattisgarh,MAHASAMUND,,,MAGARLOD,Chandsur,Normal/Others,NA - Construction of common work sheds/ common covered sitting area,DISTRICT COLLECTOR DHAMTARI_IDA,2023-12-21,Action Pending,500000,Unsanctioned
MPLADS-013975,Chunni lal Sahu,Lok Sabha,Chhattisgarh,MAHASAMUND,Aamdi,03,,,Normal/Others,NA - Construction of buildings for community cultural activities,DISTRICT COLLECTOR DHAMTARI_IDA,2023-12-21,Action Pending,500000,Unsanctioned
MPLADS-013976,Chunni lal Sahu,Lok Sabha,Chhattisgarh,MAHASAMUND,,,MAGARLOD,Bhendri,Normal/Others,NA - Construction of common work sheds/ common covered sitting area,DISTRICT COLLECTOR DHAMTARI_IDA,2023-12-21,Action Pending,250000,Unsanctioned
MPLADS-013977,Chunni lal Sahu,Lok Sabha,Chhattisgarh,MAHASAMUND,,,PITHORA,Gadbeda,Normal/Others,NA - Construction of common work sheds/ common covered sitting area,DISTRICT COLLECTOR MAHASAMUND_IDA,2023-12-21,Action Pending,500000,Unsanctioned
MPLADS-013984,Chunni lal Sahu,Lok Sabha,Chhattisgarh,MAHASAMUND,,,PITHORA,Boirlami,Normal/Others,"NA - Construction of roads, approach roads, link roads and pathways",DISTRICT COLLECTOR MAHASAMUND_IDA,2023-12-21,Action Pending,500000,Unsanctioned
MPLADS-013987,Chunni lal Sahu,Lok Sabha,Chhattisgarh,MAHASAMUND,,,BASNA,Udela,Normal/Others,"NA - Construction of roads, approach roads, link roads and pathways",DISTRICT COLLECTOR MAHASAMUND_IDA,2023-12-21,Action Pending,500000,Unsanctioned
MPLADS-013995,Chunni lal Sahu,Lok Sabha,Chhattisgarh,MAHASAMUND,,,PITHORA,Saldih,Normal/Others,NA - Construction of buildings for community cultural activities,DISTRICT COLLECTOR MAHASAMUND_IDA,2023-12-21,Action Pending,500000,Unsanctioned
MPLADS-013996,Chunni lal Sahu,Lok Sabha,Chhattisgarh,MAHASAMUND,,,BASNA,Garhphuljhar,Normal/Others,WS/MP427/2023-2024/67540 - Construction of buildings for community cultural activities,DISTRICT COLLECTOR MAHASAMUND_IDA,2023-12-21,Approved by IDA,1000000,Sanctioned
MPLADS-013997,Chunni lal Sahu,Lok Sabha,Chhattisgarh,MAHASAMUND,,,PITHORA,Bhurkoni,Normal/Others,NA - Construction of buildings for community cultural activities,DISTRICT COLLECTOR MAHASAMUND_IDA,2023-12-21,Action Pending,500000,Unsanctioned
MPLADS-013998,Chunni lal Sahu,Lok Sabha,Chhattisgarh,MAHASAMUND,,,BAGBAHARA,Junwanikhurd,Normal/Others,NA - Construction of buildings for community cultural activities,DISTRICT COLLECTOR MAHASAMUND_IDA,2023-12-21,Action Pending,500000,Unsanctioned
MPLADS-013999,Chunni lal Sahu,Lok Sabha,Chhattisgarh,MAHASAMUND,,,MAHASAMUND,Mongra,Normal/Others,NA - Construction of buildings for community cultural activities,DISTRICT COLLECTOR MAHASAMUND_IDA,2023-12-21,Action Pending,500000,Unsanctioned
MPLADS-014727,Chunni lal Sahu,Lok Sabha,Chhattisgarh,MAHASAMUND,,,PITHORA,Lakhagarh,Normal/Others,"NA - Construction of roads, approach roads, link roads and pathways",DISTRICT COLLECTOR MAHASAMUND_IDA,2023-12-20,Action Pending,500000,Unsanctioned
MPLADS-014814,Chunni lal Sahu,Lok Sabha,Chhattisgarh,MAHASAMUND,,,BASNA,Deori,Normal/Others,NA - Construction of buildings for community cultural activities,DISTRICT COLLECTOR MAHASAMUND_IDA,2023-12-20,Action Pending,500000,Unsanctioned
MPLADS-014877,Santosh Pandey,Lok Sabha,Chhattisgarh,RAJNANDGAON,Rajnandgaon,ward 45,,,Normal/Others,NA - Construction of additional rooms and halls in the existing public and community building,DISTRICT COLLECTOR RAJNANDGAON_IDA,2023-12-19,Action Pending,700000,Unsanctioned
MPLADS-015611,SHRI K T S Tulsi,Rajya Sabha,Chhattisgarh,Sitting Rajya Sabha,,,DURG,Jeora,Normal/Others,"WS/MP177/2023-2024/64515 - Construction of roads, approach roads, link roads and pathways",DISTRICT COLLECTOR DURG_IDA,2023-12-18,Approved by IDA,1000000,Sanctioned
MPLADS-017724,Santosh Pandey,Lok Sabha,Chhattisgarh,RAJNANDGAON,Rajnandgaon,ward 45,,,Normal/Others,NA - Construction of community centers and community halls,DISTRICT COLLECTOR RAJNANDGAON_IDA,2023-12-12,Action Pending,300000,Unsanctioned
MPLADS-017725,Santosh Pandey,Lok Sabha,Chhattisgarh,RAJNANDGAON,Rajnandgaon,ward 45,,,Normal/Others,NA - Construction of additional rooms and halls in the existing public and community building,DISTRICT COLLECTOR RAJNANDGAON_IDA,2023-12-12,Action Pending,100000,Unsanctioned
MPLADS-017726,Santosh Pandey,Lok Sabha,Chhattisgarh,RAJNANDGAON,Rajnandgaon,ward 22,,,Normal/Others,NA - Construction of artificial reef,DISTRICT COLLECTOR RAJNANDGAON_IDA,2023-12-12,Action Pending,300000,Unsanctioned
MPLADS-017727,Santosh Pandey,Lok Sabha,Chhattisgarh,RAJNANDGAON,Rajnandgaon,ward 45,,,Normal/Others,NA - Construction of common work sheds/ common covered sitting area,DISTRICT COLLECTOR RAJNANDGAON_IDA,2023-12-12,Action Pending,150000,Unsanctioned
MPLADS-018772,Smt Renuka Singh Saruta,Lok Sabha,Chhattisgarh,SARGUJA(ST),,,ODAGI,Babhana,Normal/Others,NA - Construction of culverts and bridges,DISTRICT COLLECTOR Surajpur_IDA,2023-12-08,Action Pending,1000000,Unsanctioned
MPLADS-019177,Smt Renuka Singh Saruta,Lok Sabha,Chhattisgarh,SARGUJA(ST),,,LUNDRA,Lundra,Normal/Others,NA - Installing tube-wells and borewells,Collector Surguja_IDA,2023-12-07,Action Pending,150000,Unsanctioned
MPLADS-019185,Smt Renuka Singh Saruta,Lok Sabha,Chhattisgarh,SARGUJA(ST),,,UDAIPUR,Chakeri,Normal/Others,NA - Installing tube-wells and borewells,Collector Surguja_IDA,2023-12-07,Action Pending,150000,Unsanctioned
MPLADS-019186,Smt Renuka Singh Saruta,Lok Sabha,Chhattisgarh,SARGUJA(ST),,,LAKHANPUR,Narkalo,Normal/Others,NA - Installing tube-wells and borewells,Collector Surguja_IDA,2023-12-07,Action Pending,150000,Unsanctioned
MPLADS-019187,Smt Renuka Singh Saruta,Lok Sabha,Chhattisgarh,SARGUJA(ST),,,UDAIPUR,Chakeri,Normal/Others,NA - Installing tube-wells and borewells,Collector Surguja_IDA,2023-12-07,Action Pending,150000,Unsanctioned
MPLADS-019188,Smt Renuka Singh Saruta,Lok Sabha,Chhattisgarh,SARGUJA(ST),,,LAKHANPUR,Lahpatra,Normal/Others,NA - Installing tube-wells and borewells,Collector Surguja_IDA,2023-12-07,Action Pending,450000,Unsanctioned
MPLADS-019189,Smt Renuka Singh Saruta,Lok Sabha,Chhattisgarh,SARGUJA(ST),,,SURAJPUR,Karanji,Normal/Others,NA - Lighting of public spaces,DISTRICT COLLECTOR Surajpur_IDA,2023-12-07,Action Pending,400000,Unsanctioned
MPLADS-019190,Smt Renuka Singh Saruta,Lok Sabha,Chhattisgarh,SARGUJA(ST),,,LUNDRA,Kudar,Normal/Others,NA - Installing tube-wells and borewells,Collector Surguja_IDA,2023-12-07,Action Pending,150000,Unsanctioned
MPLADS-019191,Smt Renuka Singh Saruta,Lok Sabha,Chhattisgarh,SARGUJA(ST),,,LAKHANPUR,Parri,Normal/Others,NA - Installing tube-wells and borewells,Collector Surguja_IDA,2023-12-07,Action Pending,150000,Unsanctioned
MPLADS-019192,Smt Renuka Singh Saruta,Lok Sabha,Chhattisgarh,SARGUJA(ST),,,SURAJPUR,Girwarganj,Normal/Others,NA - Installing tube-wells and borewells,DISTRICT COLLECTOR Surajpur_IDA,2023-12-07,Action Pending,150000,Unsanctioned
MPLADS-019193,Smt Renuka Singh Saruta,Lok Sabha,Chhattisgarh,SARGUJA(ST),,,SURAJPUR,Kalyanpur,Normal/Others,NA - Lighting of public spaces,DISTRICT COLLECTOR Surajpur_IDA,2023-12-07,Action Pending,400000,Unsanctioned
MPLADS-019194,Smt Renuka Singh Saruta,Lok Sabha,Chhattisgarh,SARGUJA(ST),Surajpur,2,,,Normal/Others,NA - Installing tube-wells and borewells,DISTRICT COLLECTOR Surajpur_IDA,2023-12-07,Action Pending,150000,Unsanctioned
MPLADS-019195,Smt Renuka Singh Saruta,Lok Sabha,Chhattisgarh,SARGUJA(ST),,,LAKHANPUR,Amdala,Normal/Others,NA - Installing tube-wells and borewells,Collector Surguja_IDA,2023-12-07,Action Pending,150000,Unsanctioned
MPLADS-019196,Smt Renuka Singh Saruta,Lok Sabha,Chhattisgarh,SARGUJA(ST),,,ODAGI,Kuppa,Normal/Others,NA - Installing tube-wells and borewells,DISTRICT COLLECTOR Surajpur_IDA,2023-12-07,Action Pending,150000,Unsanctioned
MPLADS-019197,Smt Renuka Singh Saruta,Lok Sabha,Chhattisgarh,SARGUJA(ST),,,LAKHANPUR,Mukundpur,Normal/Others,NA - Installing tube-wells and borewells,Collector Surguja_IDA,2023-12-07,Action Pending,150000,Unsanctioned
MPLADS-019198,Smt Renuka Singh Saruta,Lok Sabha,Chhattisgarh,SARGUJA(ST),,,LAKHANPUR,Latori,Normal/Others,NA - Installing tube-wells and borewells,Collector Surguja_IDA,2023-12-07,Action Pending,150000,Unsanctioned
MPLADS-019199,Smt Renuka Singh Saruta,Lok Sabha,Chhattisgarh,SARGUJA(ST),,,LAKHANPUR,Latori,Normal/Others,NA - Installing tube-wells and borewells,Collector Surguja_IDA,2023-12-07,Action Pending,150000,Unsanctioned
MPLADS-019200,Smt Renuka Singh Saruta,Lok Sabha,Chhattisgarh,SARGUJA(ST),,,LAKHANPUR,Labji,Normal/Others,NA - Installing tube-wells and borewells,Collector Surguja_IDA,2023-12-07,Action Pending,150000,Unsanctioned
MPLADS-019201,Smt Renuka Singh Saruta,Lok Sabha,Chhattisgarh,SARGUJA(ST),,,AMBIKAPUR,Katkalo,Normal/Others,NA - Installing tube-wells and borewells,Collector Surguja_IDA,2023-12-07,Action Pending,150000,Unsanctioned
MPLADS-019202,Smt Renuka Singh Saruta,Lok Sabha,Chhattisgarh,SARGUJA(ST),,,AMBIKAPUR,Kanthi,Normal/Others,NA - Installing tube-wells and borewells,Collector Surguja_IDA,2023-12-07,Action Pending,150000,Unsanctioned
MPLADS-019203,Smt Renuka Singh Saruta,Lok Sabha,Chhattisgarh,SARGUJA(ST),,,AMBIKAPUR,Kanthi,Normal/Others,NA - Installing tube-wells and borewells,Collector Surguja_IDA,2023-12-07,Action Pending,150000,Unsanctioned
MPLADS-019204,Smt Renuka Singh Saruta,Lok Sabha,Chhattisgarh,SARGUJA(ST),,,AMBIKAPUR,Adchi,Normal/Others,NA - Installing tube-wells and borewells,Collector Surguja_IDA,2023-12-07,Action Pending,150000,Unsanctioned
MPLADS-019205,Smt Renuka Singh Saruta,Lok Sabha,Chhattisgarh,SARGUJA(ST),,,AMBIKAPUR,Saraitikra,Normal/Others,NA - Installing tube-wells and borewells,Collector Surguja_IDA,2023-12-07,Action Pending,150000,Unsanctioned
MPLADS-019206,Smt Renuka Singh Saruta,Lok Sabha,Chhattisgarh,SARGUJA(ST),,,AMBIKAPUR,Shivpur,Normal/Others,NA - Installing tube-wells and borewells,Collector Surguja_IDA,2023-12-07,Action Pending,150000,Unsanctioned
MPLADS-019207,Smt Renuka Singh Saruta,Lok Sabha,Chhattisgarh,SARGUJA(ST),,,AMBIKAPUR,Labji,Normal/Others,NA - Installing tube-wells and borewells,Collector Surguja_IDA,2023-12-07,Action Pending,150000,Unsanctioned
MPLADS-019208,Smt Renuka Singh Saruta,Lok Sabha,Chhattisgarh,SARGUJA(ST),,,SURAJPUR,Padipa,Normal/Others,NA - Installing tube-wells and borewells,DISTRICT COLLECTOR Surajpur_IDA,2023-12-07,Action Pending,600000,Unsanctioned
MPLADS-019209,Smt Renuka Singh Saruta,Lok Sabha,Chhattisgarh,SARGUJA(ST),,,AMBIKAPUR,Labji,Normal/Others,NA - Installing tube-wells and borewells,Collector Surguja_IDA,2023-12-07,Action Pending,150000,Unsanctioned
MPLADS-019210,Smt Renuka Singh Saruta,Lok Sabha,Chhattisgarh,SARGUJA(ST),,,AMBIKAPUR,Thor,Normal/Others,NA - Installing tube-wells and borewells,Collector Surguja_IDA,2023-12-07,Action Pending,150000,Unsanctioned
MPLADS-019211,Smt Renuka Singh Saruta,Lok Sabha,Chhattisgarh,SARGUJA(ST),,,SURAJPUR,Silphili,Normal/Others,NA - Installing tube-wells and borewells,DISTRICT COLLECTOR Surajpur_IDA,2023-12-07,Action Pending,150000,Unsanctioned
MPLADS-019212,Smt Renuka Singh Saruta,Lok Sabha,Chhattisgarh,SARGUJA(ST),,,AMBIKAPUR,Bakirma,Normal/Others,NA - Installing tube-wells and borewells,Collector Surguja_IDA,2023-12-07,Action Pending,150000,Unsanctioned
MPLADS-019213,Smt Renuka Singh Saruta,Lok Sabha,Chhattisgarh,SARGUJA(ST),,,SURAJPUR,Jagatpur,Normal/Others,NA - Construction of flood control embankments,DISTRICT COLLECTOR Surajpur_IDA,2023-12-07,Action Pending,1000000,Unsanctioned
MPLADS-019214,Smt Renuka Singh Saruta,Lok Sabha,Chhattisgarh,SARGUJA(ST),,,AMBIKAPUR,Mudesa,Normal/Others,NA - Installing tube-wells and borewells,Collector Surguja_IDA,2023-12-07,Action Pending,150000,Unsanctioned
MPLADS-019215,Smt Renuka Singh Saruta,Lok Sabha,Chhattisgarh,SARGUJA(ST),,,LAKHANPUR,Amalbhiti,Normal/Others,NA - Installing tube-wells and borewells,Collector Surguja_IDA,2023-12-07,Action Pending,300000,Unsanctioned
MPLADS-019216,Smt Renuka Singh Saruta,Lok Sabha,Chhattisgarh,SARGUJA(ST),,,LAKHANPUR,Irgawan,Normal/Others,NA - Installing tube-wells and borewells,Collector Surguja_IDA,2023-12-07,Action Pending,300000,Unsanctioned
MPLADS-019217,Smt Renuka Singh Saruta,Lok Sabha,Chhattisgarh,SARGUJA(ST),,,UDAIPUR,Chakeri,Normal/Others,NA - Installing tube-wells and borewells,Collector Surguja_IDA,2023-12-07,Action Pending,150000,Unsanctioned
MPLADS-019218,Smt Renuka Singh Saruta,Lok Sabha,Chhattisgarh,SARGUJA(ST),,,LAKHANPUR,Salka,Normal/Others,NA - Installing tube-wells and borewells,Collector Surguja_IDA,2023-12-07,Action Pending,450000,Unsanctioned
MPLADS-019219,Smt Renuka Singh Saruta,Lok Sabha,Chhattisgarh,SARGUJA(ST),,,LAKHANPUR,Beldagi,Normal/Others,NA - Installing tube-wells and borewells,Collector Surguja_IDA,2023-12-07,Action Pending,300000,Unsanctioned
MPLADS-019220,Smt Renuka Singh Saruta,Lok Sabha,Chhattisgarh,SARGUJA(ST),,,UDAIPUR,Chakeri,Normal/Others,NA - Installing tube-wells and borewells,Collector Surguja_IDA,2023-12-07,Action Pending,150000,Unsanctioned
MPLADS-019221,Smt Renuka Singh Saruta,Lok Sabha,Chhattisgarh,SARGUJA(ST),,,SURAJPUR,Sohagpur,Normal/Others,NA - Installing tube-wells and borewells,DISTRICT COLLECTOR Surajpur_IDA,2023-12-07,Action Pending,450000,Unsanctioned
MPLADS-019222,Smt Renuka Singh Saruta,Lok Sabha,Chhattisgarh,SARGUJA(ST),,,LUNDRA,Kharakona,Normal/Others,NA - Installing tube-wells and borewells,Collector Surguja_IDA,2023-12-07,Action Pending,150000,Unsanctioned
MPLADS-019223,Smt Renuka Singh Saruta,Lok Sabha,Chhattisgarh,SARGUJA(ST),,,LUNDRA,Raghunathpur,Normal/Others,NA - Installing tube-wells and borewells,Collector Surguja_IDA,2023-12-07,Action Pending,150000,Unsanctioned
MPLADS-019224,Smt Renuka Singh Saruta,Lok Sabha,Chhattisgarh,SARGUJA(ST),,,UDAIPUR,Bhadwahi,Normal/Others,NA - Installing tube-wells and borewells,Collector Surguja_IDA,2023-12-07,Action Pending,150000,Unsanctioned
MPLADS-019225,Smt Renuka Singh Saruta,Lok Sabha,Chhattisgarh,SARGUJA(ST),,,LUNDRA,Jamdi,Normal/Others,NA - Installing tube-wells and borewells,Collector Surguja_IDA,2023-12-07,Action Pending,150000,Unsanctioned
MPLADS-019226,Smt Renuka Singh Saruta,Lok Sabha,Chhattisgarh,SARGUJA(ST),,,LUNDRA,Amdi,Normal/Others,NA - Installing tube-wells and borewells,Collector Surguja_IDA,2023-12-07,Action Pending,150000,Unsanctioned
MPLADS-019227,Smt Renuka Singh Saruta,Lok Sabha,Chhattisgarh,SARGUJA(ST),,,LUNDRA,Agasi,Normal/Others,NA - Installing tube-wells and borewells,Collector Surguja_IDA,2023-12-07,Action Pending,150000,Unsanctioned
MPLADS-019228,Smt Renuka Singh Saruta,Lok Sabha,Chhattisgarh,SARGUJA(ST),,,LUNDRA,Agasi,Normal/Others,NA - Installing tube-wells and borewells,Collector Surguja_IDA,2023-12-07,Action Pending,150000,Unsanctioned
MPLADS-019229,Smt Renuka Singh Saruta,Lok Sabha,Chhattisgarh,SARGUJA(ST),,,RAMANUJNAGAR,Kailaspur Kotari,Normal/Others,NA - Installing hand pumps,DISTRICT COLLECTOR Surajpur_IDA,2023-12-07,Action Pending,150000,Unsanctioned
MPLADS-019230,Smt Renuka Singh Saruta,Lok Sabha,Chhattisgarh,SARGUJA(ST),,,RAMANUJNAGAR,Kailaspur Kotari,Normal/Others,NA - Installing hand pumps,DISTRICT COLLECTOR Surajpur_IDA,2023-12-07,Action Pending,150000,Unsanctioned
MPLADS-019231,Smt Renuka Singh Saruta,Lok Sabha,Chhattisgarh,SARGUJA(ST),,,SURAJPUR,Jhumarpara,Normal/Others,NA - Installing hand pumps,DISTRICT COLLECTOR Surajpur_IDA,2023-12-07,Action Pending,150000,Unsanctioned
MPLADS-019232,Smt Renuka Singh Saruta,Lok Sabha,Chhattisgarh,SARGUJA(ST),,,SURAJPUR,Jhumarpara,Normal/Others,NA - Installing hand pumps,DISTRICT COLLECTOR Surajpur_IDA,2023-12-07,Action Pending,150000,Unsanctioned
MPLADS-019233,Smt Renuka Singh Saruta,Lok Sabha,Chhattisgarh,SARGUJA(ST),,,SURAJPUR,Jhumarpara,Normal/Others,NA - Installing hand pumps,DISTRICT COLLECTOR Surajpur_IDA,2023-12-07,Action Pending,150000,Unsanctioned
MPLADS-019234,Smt Renuka Singh Saruta,Lok Sabha,Chhattisgarh,SARGUJA(ST),,,SURAJPUR,Lodhima,Normal/Others,NA - Installing hand pumps,DISTRICT COLLECTOR Surajpur_IDA,2023-12-07,Action Pending,150000,Unsanctioned
MPLADS-019235,Smt Renuka Singh Saruta,Lok Sabha,Chhattisgarh,SARGUJA(ST),,,SURAJPUR,Lodhima,Normal/Others,NA - Installing hand pumps,DISTRICT COLLECTOR Surajpur_IDA,2023-12-07,Action Pending,150000,Unsanctioned
MPLADS-019236,Smt Renuka Singh Saruta,Lok Sabha,Chhattisgarh,SARGUJA(ST),,,SURAJPUR,Unchdih,Normal/Others,NA - Installing hand pumps,DISTRICT COLLECTOR Surajpur_IDA,2023-12-07,Action Pending,150000,Unsanctioned
MPLADS-019237,Smt Renuka Singh Saruta,Lok Sabha,Chhattisgarh,SARGUJA(ST),,,SURAJPUR,Unchdih,Normal/Others,NA - Installing hand pumps,DISTRICT COLLECTOR Surajpur_IDA,2023-12-07,Action Pending,150000,Unsanctioned
MPLADS-019238,Smt Renuka Singh Saruta,Lok Sabha,Chhattisgarh,SARGUJA(ST),,,SURAJPUR,Jhansi,Normal/Others,NA - Installing hand pumps,DISTRICT COLLECTOR Surajpur_IDA,2023-12-07,Action Pending,150000,Unsanctioned
MPLADS-019239,Smt Renuka Singh Saruta,Lok Sabha,Chhattisgarh,SARGUJA(ST),,,RAMANUJNAGAR,Podi,Normal/Others,NA - Installing tube-wells and borewells,DISTRICT COLLECTOR Surajpur_IDA,2023-12-07,Action Pending,150000,Unsanctioned
MPLADS-019240,Smt Renuka Singh Saruta,Lok Sabha,Chhattisgarh,SARGUJA(ST),,,RAMANUJNAGAR,Tejpur Alias Tendua,Normal/Others,NA - Installing tube-wells and borewells,DISTRICT COLLECTOR Surajpur_IDA,2023-12-07,Action Pending,600000,Unsanctioned
MPLADS-019241,Smt Renuka Singh Saruta,Lok Sabha,Chhattisgarh,SARGUJA(ST),,,RAMANUJNAGAR,Parsapara,Normal/Others,NA - Installing tube-wells and borewells,DISTRICT COLLECTOR Surajpur_IDA,2023-12-07,Action Pending,300000,Unsanctioned
MPLADS-019242,Smt Renuka Singh Saruta,Lok Sabha,Chhattisgarh,SARGUJA(ST),,,RAMANUJNAGAR,Barhol,Normal/Others,NA - Installing tube-wells and borewells,DISTRICT COLLECTOR Surajpur_IDA,2023-12-07,Action Pending,300000,Unsanctioned
MPLADS-019243,Smt Renuka Singh Saruta,Lok Sabha,Chhattisgarh,SARGUJA(ST),,,RAMANUJNAGAR,Kamalpur Alias Kotmi,Normal/Others,NA - Installing tube-wells and borewells,DISTRICT COLLECTOR Surajpur_IDA,2023-12-07,Action Pending,450000,Unsanctioned
MPLADS-019244,Smt Renuka Singh Saruta,Lok Sabha,Chhattisgarh,SARGUJA(ST),,,RAMANUJNAGAR,Dhaneshpur,Normal/Others,NA - Installing tube-wells and borewells,DISTRICT COLLECTOR Surajpur_IDA,2023-12-07,Action Pending,300000,Unsanctioned
MPLADS-019245,Smt Renuka Singh Saruta,Lok Sabha,Chhattisgarh,SARGUJA(ST),,,RAMANUJNAGAR,Umeshpur Alias Urchuma,Normal/Others,NA - Installing tube-wells and borewells,DISTRICT COLLECTOR Surajpur_IDA,2023-12-07,Action Pending,300000,Unsanctioned
MPLADS-019246,Smt Renuka Singh Saruta,Lok Sabha,Chhattisgarh,SARGUJA(ST),,,SURAJPUR,Jhansi,Normal/Others,NA - Installing hand pumps,DISTRICT COLLECTOR Surajpur_IDA,2023-12-07,Action Pending,150000,Unsanctioned
MPLADS-019247,Smt Renuka Singh Saruta,Lok Sabha,Chhattisgarh,SARGUJA(ST),,,SURAJPUR,Basdei,Normal/Others,NA - Installing hand pumps,DISTRICT COLLECTOR Surajpur_IDA,2023-12-07,Action Pending,150000,Unsanctioned
MPLADS-019248,Smt Renuka Singh Saruta,Lok Sabha,Chhattisgarh,SARGUJA(ST),,,SURAJPUR,Newara,Normal/Others,NA - Installing hand pumps,DISTRICT COLLECTOR Surajpur_IDA,2023-12-07,Action Pending,150000,Unsanctioned
MPLADS-019249,Smt Renuka Singh Saruta,Lok Sabha,Chhattisgarh,SARGUJA(ST),,,RAMANUJNAGAR,Krishnapur Alias Kaluwa,Normal/Others,NA - Installing tube-wells and borewells,DISTRICT COLLECTOR Surajpur_IDA,2023-12-07,Action Pending,600000,Unsanctioned
MPLADS-019250,Smt Renuka Singh Saruta,Lok Sabha,Chhattisgarh,SARGUJA(ST),,,LAKHANPUR,Irgawan,Normal/Others,NA - Construction of flood control embankments,Collector Surguja_IDA,2023-12-07,Action Pending,1145000,Unsanctioned
MPLADS-019251,Smt Renuka Singh Saruta,Lok Sabha,Chhattisgarh,SARGUJA(ST),,,LUNDRA,Amdi,Normal/Others,NA - Installing tube-wells and borewells,Collector Surguja_IDA,2023-12-07,Action Pending,150000,Unsanctioned
MPLADS-019252,Smt Renuka Singh Saruta,Lok Sabha,Chhattisgarh,SARGUJA(ST),,,LUNDRA,Chhermunda,Normal/Others,NA - Installing tube-wells and borewells,Collector Surguja_IDA,2023-12-07,Action Pending,150000,Unsanctioned
MPLADS-019253,Smt Renuka Singh Saruta,Lok Sabha,Chhattisgarh,SARGUJA(ST),,,SURAJPUR,Ketaka,Normal/Others,NA - Lighting of public spaces,DISTRICT COLLECTOR Surajpur_IDA,2023-12-07,Action Pending,400000,Unsanctioned
MPLADS-019254,Smt Renuka Singh Saruta,Lok Sabha,Chhattisgarh,SARGUJA(ST),,,LUNDRA,Dumardih,Normal/Others,NA - Installing tube-wells and borewells,Collector Surguja_IDA,2023-12-07,Action Pending,150000,Unsanctioned
MPLADS-019255,Smt Renuka Singh Saruta,Lok Sabha,Chhattisgarh,SARGUJA(ST),,,LUNDRA,Lundra,Normal/Others,NA - Installing tube-wells and borewells,Collector Surguja_IDA,2023-12-07,Action Pending,150000,Unsanctioned
MPLADS-019266,Smt Renuka Singh Saruta,Lok Sabha,Chhattisgarh,SARGUJA(ST),,,LUNDRA,Raghunathpur,Normal/Others,NA - Installing tube-wells and borewells,Collector Surguja_IDA,2023-12-07,Action Pending,150000,Unsanctioned
MPLADS-019267,Smt Renuka Singh Saruta,Lok Sabha,Chhattisgarh,SARGUJA(ST),Premnagar,4,,,Normal/Others,"NA - Purchase of IT systems, including hardware and software for educational purposes",DISTRICT COLLECTOR Surajpur_IDA,2023-12-07,Action Pending,1000000,Unsanctioned
MPLADS-019268,Smt Renuka Singh Saruta,Lok Sabha,Chhattisgarh,SARGUJA(ST),Premnagar,4,,,Normal/Others,"NA - Purchase of IT systems, including hardware and software for educational purposes",DISTRICT COLLECTOR Surajpur_IDA,2023-12-07,Action Pending,1000000,Unsanctioned
MPLADS-019276,Smt Renuka Singh Saruta,Lok Sabha,Chhattisgarh,SARGUJA(ST),,,PREMNAGAR,Chandannagar,Normal/Others,"NA - Purchase of IT systems, including hardware and software for educational purposes",DISTRICT COLLECTOR Surajpur_IDA,2023-12-07,Action Pending,1000000,Unsanctioned
MPLADS-019277,Smt Renuka Singh Saruta,Lok Sabha,Chhattisgarh,SARGUJA(ST),,,PREMNAGAR,Tara,Normal/Others,"NA - Purchase of IT systems, including hardware and software for educational purposes",DISTRICT COLLECTOR Surajpur_IDA,2023-12-07,Action Pending,1000000,Unsanctioned
MPLADS-019278,Smt Renuka Singh Saruta,Lok Sabha,Chhattisgarh,SARGUJA(ST),,,SURAJPUR,Dedari,Normal/Others,NA - Lighting of public spaces,DISTRICT COLLECTOR Surajpur_IDA,2023-12-07,Action Pending,400000,Unsanctioned
MPLADS-019279,Smt Renuka Singh Saruta,Lok Sabha,Chhattisgarh,SARGUJA(ST),,,LUNDRA,Sahanpur,Normal/Others,NA - Installing tube-wells and borewells,Collector Surguja_IDA,2023-12-07,Action Pending,150000,Unsanctioned
MPLADS-019280,Smt Renuka Singh Saruta,Lok Sabha,Chhattisgarh,SARGUJA(ST),,,LAKHANPUR,Tunguri,Normal/Others,NA - Installing tube-wells and borewells,Collector Surguja_IDA,2023-12-07,Action Pending,150000,Unsanctioned
MPLADS-019281,Smt Renuka Singh Saruta,Lok Sabha,Chhattisgarh,SARGUJA(ST),,,LAKHANPUR,Tunguri,Normal/Others,NA - Installing tube-wells and borewells,Collector Surguja_IDA,2023-12-07,Action Pending,150000,Unsanctioned
MPLADS-019282,Smt Renuka Singh Saruta,Lok Sabha,Chhattisgarh,SARGUJA(ST),,,SURAJPUR,Satpata,Normal/Others,NA - Installing tube-wells and borewells,DISTRICT COLLECTOR Surajpur_IDA,2023-12-07,Action Pending,150000,Unsanctioned
MPLADS-019283,Smt Renuka Singh Saruta,Lok Sabha,Chhattisgarh,SARGUJA(ST),,,LUNDRA,Badgari,Normal/Others,NA - Installing tube-wells and borewells,Collector Surguja_IDA,2023-12-07,Action Pending,150000,Unsanctioned
MPLADS-019284,Smt Renuka Singh Saruta,Lok Sabha,Chhattisgarh,SARGUJA(ST),,,LUNDRA,Chhermunda,Normal/Others,NA - Installing tube-wells and borewells,Collector Surguja_IDA,2023-12-07,Action Pending,150000,Unsanctioned
MPLADS-019285,Smt Renuka Singh Saruta,Lok Sabha,Chhattisgarh,SARGUJA(ST),,,LUNDRA,Amdi,Normal/Others,NA - Installing tube-wells and borewells,Collector Surguja_IDA,2023-12-07,Action Pending,150000,Unsanctioned
MPLADS-019286,Smt Renuka Singh Saruta,Lok Sabha,Chhattisgarh,SARGUJA(ST),,,PRATAPPUR,Darhora,Normal/Others,NA - Installing tube-wells and borewells,DISTRICT COLLECTOR Surajpur_IDA,2023-12-07,Action Pending,150000,Unsanctioned
MPLADS-019287,Smt Renuka Singh Saruta,Lok Sabha,Chhattisgarh,SARGUJA(ST),,,PRATAPPUR,Songara,Normal/Others,NA - Installing tube-wells and borewells,DISTRICT COLLECTOR Surajpur_IDA,2023-12-07,Action Pending,150000,Unsanctioned
MPLADS-019288,Smt Renuka Singh Saruta,Lok Sabha,Chhattisgarh,SARGUJA(ST),,,LUNDRA,Amdi,Normal/Others,NA - Installing tube-wells and borewells,Collector Surguja_IDA,2023-12-07,Action Pending,150000,Unsanctioned
MPLADS-019289,Smt Renuka Singh Saruta,Lok Sabha,Chhattisgarh,SARGUJA(ST),,,AMBIKAPUR,Darima,Normal/Others,"NA - Purchase of IT systems, including hardware and software for educational purposes",Collector Surguja_IDA,2023-12-07,Action Pending,1000000,Unsanctioned
MPLADS-019291,Smt Renuka Singh Saruta,Lok Sabha,Chhattisgarh,SARGUJA(ST),,,PRATAPPUR,Songara,Normal/Others,NA - Installing tube-wells and borewells,DISTRICT COLLECTOR Surajpur_IDA,2023-12-07,Action Pending,150000,Unsanctioned
MPLADS-019292,Smt Renuka Singh Saruta,Lok Sabha,Chhattisgarh,SARGUJA(ST),,,PRATAPPUR,Banshipur,Normal/Others,NA - Installing tube-wells and borewells,DISTRICT COLLECTOR Surajpur_IDA,2023-12-07,Action Pending,150000,Unsanctioned
MPLADS-019293,Smt Renuka Singh Saruta,Lok Sabha,Chhattisgarh,SARGUJA(ST),,,LUNDRA,Amdi,Normal/Others,NA - Installing tube-wells and borewells,Collector Surguja_IDA,2023-12-07,Action Pending,150000,Unsanctioned
MPLADS-019294,Smt Renuka Singh Saruta,Lok Sabha,Chhattisgarh,SARGUJA(ST),,,LUNDRA,Patora,Normal/Others,NA - Installing tube-wells and borewells,Collector Surguja_IDA,2023-12-07,Action Pending,150000,Unsanctioned
MPLADS-019295,Smt Renuka Singh Saruta,Lok Sabha,Chhattisgarh,SARGUJA(ST),,,LUNDRA,Bakna Kalan,Normal/Others,NA - Installing tube-wells and borewells,Collector Surguja_IDA,2023-12-07,Action Pending,150000,Unsanctioned
MPLADS-019296,Smt Renuka Singh Saruta,Lok Sabha,Chhattisgarh,SARGUJA(ST),,,LUNDRA,Dorna,Normal/Others,NA - Installing tube-wells and borewells,Collector Surguja_IDA,2023-12-07,Action Pending,150000,Unsanctioned
MPLADS-019297,Smt Renuka Singh Saruta,Lok Sabha,Chhattisgarh,SARGUJA(ST),,,LUNDRA,Chhermunda,Normal/Others,NA - Installing tube-wells and borewells,Collector Surguja_IDA,2023-12-07,Action Pending,150000,Unsanctioned
MPLADS-019298,Smt Renuka Singh Saruta,Lok Sabha,Chhattisgarh,SARGUJA(ST),,,LAKHANPUR,Mukundpur,Normal/Others,NA - Construction of flood control embankments,Collector Surguja_IDA,2023-12-07,Action Pending,1000000,Unsanctioned
MPLADS-019299,Smt Renuka Singh Saruta,Lok Sabha,Chhattisgarh,SARGUJA(ST),,,LUNDRA,Dorna,Normal/Others,NA - Installing tube-wells and borewells,Collector Surguja_IDA,2023-12-07,Action Pending,150000,Unsanctioned
MPLADS-019300,Smt Renuka Singh Saruta,Lok Sabha,Chhattisgarh,SARGUJA(ST),,,LUNDRA,Dandgaon,Normal/Others,NA - Installing tube-wells and borewells,Collector Surguja_IDA,2023-12-07,Action Pending,150000,Unsanctioned
MPLADS-019301,Smt Renuka Singh Saruta,Lok Sabha,Chhattisgarh,SARGUJA(ST),,,LUNDRA,Dandgaon,Normal/Others,NA - Installing tube-wells and borewells,Collector Surguja_IDA,2023-12-07,Action Pending,150000,Unsanctioned
MPLADS-019302,Smt Renuka Singh Saruta,Lok Sabha,Chhattisgarh,SARGUJA(ST),,,LAKHANPUR,Amdala,Normal/Others,NA - Construction of flood control embankments,Collector Surguja_IDA,2023-12-07,Action Pending,1500000,Unsanctioned
MPLADS-019303,Smt Renuka Singh Saruta,Lok Sabha,Chhattisgarh,SARGUJA(ST),,,LUNDRA,Dandgaon,Normal/Others,NA - Installing tube-wells and borewells,Collector Surguja_IDA,2023-12-07,Action Pending,150000,Unsanctioned
MPLADS-019304,Smt Renuka Singh Saruta,Lok Sabha,Chhattisgarh,SARGUJA(ST),,,LUNDRA,Bulga,Normal/Others,NA - Installing tube-wells and borewells,Collector Surguja_IDA,2023-12-07,Action Pending,150000,Unsanctioned
MPLADS-019305,Smt Renuka Singh Saruta,Lok Sabha,Chhattisgarh,SARGUJA(ST),,,LAKHANPUR,Kusu,Normal/Others,NA - Construction of flood control embankments,Collector Surguja_IDA,2023-12-07,Action Pending,1500000,Unsanctioned
MPLADS-019306,Smt Renuka Singh Saruta,Lok Sabha,Chhattisgarh,SARGUJA(ST),,,LAKHANPUR,Puta,Normal/Others,NA - Construction of flood control embankments,Collector Surguja_IDA,2023-12-07,Action Pending,1500000,Unsanctioned
MPLADS-019308,Smt Renuka Singh Saruta,Lok Sabha,Chhattisgarh,SARGUJA(ST),,,AMBIKAPUR,Parsa,Normal/Others,"NA - Purchase of IT systems, including hardware and software for educational purposes",Collector Surguja_IDA,2023-12-07,Action Pending,1000000,Unsanctioned
MPLADS-019310,Smt Renuka Singh Saruta,Lok Sabha,Chhattisgarh,SARGUJA(ST),Pratappur,7,,,Normal/Others,NA - Installing tube-wells and borewells,DISTRICT COLLECTOR Surajpur_IDA,2023-12-07,Action Pending,150000,Unsanctioned
MPLADS-019311,Smt Renuka Singh Saruta,Lok Sabha,Chhattisgarh,SARGUJA(ST),Pratappur,7,,,Normal/Others,NA - Installing tube-wells and borewells,DISTRICT COLLECTOR Surajpur_IDA,2023-12-07,Action Pending,150000,Unsanctioned
MPLADS-019312,Smt Renuka Singh Saruta,Lok Sabha,Chhattisgarh,SARGUJA(ST),,,RAMANUJNAGAR,Agustpur Alias Dhodha,Normal/Others,"NA - Purchase of IT systems, including hardware and software for educational purposes",DISTRICT COLLECTOR Surajpur_IDA,2023-12-07,Action Pending,1000000,Unsanctioned
MPLADS-019313,Smt Renuka Singh Saruta,Lok Sabha,Chhattisgarh,SARGUJA(ST),,,LUNDRA,Urdara,Normal/Others,NA - Installing tube-wells and borewells,Collector Surguja_IDA,2023-12-07,Action Pending,150000,Unsanctioned
MPLADS-019314,Smt Renuka Singh Saruta,Lok Sabha,Chhattisgarh,SARGUJA(ST),,,LUNDRA,Lundra,Normal/Others,NA - Installing tube-wells and borewells,Collector Surguja_IDA,2023-12-07,Action Pending,150000,Unsanctioned
MPLADS-019315,Smt Renuka Singh Saruta,Lok Sabha,Chhattisgarh,SARGUJA(ST),,,LUNDRA,Daholi,Normal/Others,NA - Installing tube-wells and borewells,Collector Surguja_IDA,2023-12-07,Action Pending,150000,Unsanctioned
MPLADS-019316,Smt Renuka Singh Saruta,Lok Sabha,Chhattisgarh,SARGUJA(ST),,,SURAJPUR,Ketaka,Normal/Others,NA - Installing tube-wells and borewells,DISTRICT COLLECTOR Surajpur_IDA,2023-12-07,Action Pending,150000,Unsanctioned
MPLADS-019317,Smt Renuka Singh Saruta,Lok Sabha,Chhattisgarh,SARGUJA(ST),,,SURAJPUR,Ravindra Nagar,Normal/Others,NA - Installing tube-wells and borewells,DISTRICT COLLECTOR Surajpur_IDA,2023-12-07,Action Pending,150000,Unsanctioned
MPLADS-019318,Smt Renuka Singh Saruta,Lok Sabha,Chhattisgarh,SARGUJA(ST),,,SURAJPUR,Kamlapur,Normal/Others,NA - Installing tube-wells and borewells,DISTRICT COLLECTOR Surajpur_IDA,2023-12-07,Action Pending,150000,Unsanctioned
MPLADS-019319,Smt Renuka Singh Saruta,Lok Sabha,Chhattisgarh,SARGUJA(ST),,,SURAJPUR,Ganeshpur,Normal/Others,NA - Installing tube-wells and borewells,DISTRICT COLLECTOR Surajpur_IDA,2023-12-07,Action Pending,150000,Unsanctioned
MPLADS-019320,Smt Renuka Singh Saruta,Lok Sabha,Chhattisgarh,SARGUJA(ST),,,SURAJPUR,Gorakhnathpur,Normal/Others,NA - Installing tube-wells and borewells,DISTRICT COLLECTOR Surajpur_IDA,2023-12-07,Action Pending,150000,Unsanctioned
MPLADS-019321,Smt Renuka Singh Saruta,Lok Sabha,Chhattisgarh,SARGUJA(ST),,,LUNDRA,Lundra,Normal/Others,NA - Installing tube-wells and borewells,Collector Surguja_IDA,2023-12-07,Action Pending,150000,Unsanctioned
MPLADS-019322,Smt Renuka Singh Saruta,Lok Sabha,Chhattisgarh,SARGUJA(ST),,,LUNDRA,Sasouli,Normal/Others,NA - Installing tube-wells and borewells,Collector Surguja_IDA,2023-12-07,Action Pending,150000,Unsanctioned
MPLADS-019323,Smt Renuka Singh Saruta,Lok Sabha,Chhattisgarh,SARGUJA(ST),,,LUNDRA,Sasouli,Normal/Others,NA - Installing tube-wells and borewells,Collector Surguja_IDA,2023-12-07,Action Pending,150000,Unsanctioned
MPLADS-019324,Smt Renuka Singh Saruta,Lok Sabha,Chhattisgarh,SARGUJA(ST),,,LUNDRA,Sasouli,Normal/Others,NA - Installing tube-wells and borewells,Collector Surguja_IDA,2023-12-07,Action Pending,150000,Unsanctioned
MPLADS-019325,Smt Renuka Singh Saruta,Lok Sabha,Chhattisgarh,SARGUJA(ST),,,LUNDRA,Sasouli,Normal/Others,NA - Installing tube-wells and borewells,Collector Surguja_IDA,2023-12-07,Action Pending,150000,Unsanctioned
MPLADS-019326,Smt Renuka Singh Saruta,Lok Sabha,Chhattisgarh,SARGUJA(ST),,,ODAGI,Nawdiha,Normal/Others,NA - Installing tube-wells and borewells,DISTRICT COLLECTOR Surajpur_IDA,2023-12-07,Action Pending,150000,Unsanctioned
MPLADS-019327,Smt Renuka Singh Saruta,Lok Sabha,Chhattisgarh,SARGUJA(ST),,,LUNDRA,Kakni,Normal/Others,NA - Installing tube-wells and borewells,Collector Surguja_IDA,2023-12-07,Action Pending,150000,Unsanctioned
MPLADS-019328,Smt Renuka Singh Saruta,Lok Sabha,Chhattisgarh,SARGUJA(ST),,,LUNDRA,Urdara,Normal/Others,NA - Installing tube-wells and borewells,Collector Surguja_IDA,2023-12-07,Action Pending,150000,Unsanctioned
MPLADS-019329,Smt Renuka Singh Saruta,Lok Sabha,Chhattisgarh,SARGUJA(ST),,,LUNDRA,Patradih,Normal/Others,NA - Installing tube-wells and borewells,Collector Surguja_IDA,2023-12-07,Action Pending,150000,Unsanctioned
MPLADS-019330,Smt Renuka Singh Saruta,Lok Sabha,Chhattisgarh,SARGUJA(ST),,,ODAGI,Girjapur Alias Langhadand,Normal/Others,NA - Installing tube-wells and borewells,DISTRICT COLLECTOR Surajpur_IDA,2023-12-07,Action Pending,150000,Unsanctioned
MPLADS-019331,Smt Renuka Singh Saruta,Lok Sabha,Chhattisgarh,SARGUJA(ST),,,LUNDRA,Patradih,Normal/Others,NA - Installing tube-wells and borewells,Collector Surguja_IDA,2023-12-07,Action Pending,150000,Unsanctioned
MPLADS-019332,Smt Renuka Singh Saruta,Lok Sabha,Chhattisgarh,SARGUJA(ST),,,LUNDRA,Gersa,Normal/Others,NA - Installing tube-wells and borewells,Collector Surguja_IDA,2023-12-07,Action Pending,150000,Unsanctioned
MPLADS-019333,Smt Renuka Singh Saruta,Lok Sabha,Chhattisgarh,SARGUJA(ST),,,LUNDRA,Gersa,Normal/Others,NA - Installing tube-wells and borewells,Collector Surguja_IDA,2023-12-07,Action Pending,150000,Unsanctioned
MPLADS-019334,Smt Renuka Singh Saruta,Lok Sabha,Chhattisgarh,SARGUJA(ST),,,ODAGI,Indarpur Alias Dudimajan,Normal/Others,NA - Installing tube-wells and borewells,DISTRICT COLLECTOR Surajpur_IDA,2023-12-07,Action Pending,150000,Unsanctioned
MPLADS-019335,Smt Renuka Singh Saruta,Lok Sabha,Chhattisgarh,SARGUJA(ST),,,LUNDRA,Mahora,Normal/Others,NA - Installing tube-wells and borewells,Collector Surguja_IDA,2023-12-07,Action Pending,150000,Unsanctioned
MPLADS-019336,Smt Renuka Singh Saruta,Lok Sabha,Chhattisgarh,SARGUJA(ST),,,ODAGI,Dhoor,Normal/Others,NA - Installing tube-wells and borewells,DISTRICT COLLECTOR Surajpur_IDA,2023-12-07,Action Pending,150000,Unsanctioned
MPLADS-019337,Smt Renuka Singh Saruta,Lok Sabha,Chhattisgarh,SARGUJA(ST),,,LUNDRA,Mahora,Normal/Others,NA - Installing tube-wells and borewells,Collector Surguja_IDA,2023-12-07,Action Pending,150000,Unsanctioned
MPLADS-019338,Smt Renuka Singh Saruta,Lok Sabha,Chhattisgarh,SARGUJA(ST),,,LUNDRA,Kakni,Normal/Others,NA - Installing tube-wells and borewells,Collector Surguja_IDA,2023-12-07,Action Pending,150000,Unsanctioned
MPLADS-019339,Smt Renuka Singh Saruta,Lok Sabha,Chhattisgarh,SARGUJA(ST),,,ODAGI,Lanjit,Normal/Others,NA - Installing tube-wells and borewells,DISTRICT COLLECTOR Surajpur_IDA,2023-12-07,Action Pending,150000,Unsanctioned
MPLADS-019343,Smt Renuka Singh Saruta,Lok Sabha,Chhattisgarh,SARGUJA(ST),,,LAKHANPUR,Chando,Normal/Others,NA - Installing tube-wells and borewells,Collector Surguja_IDA,2023-12-07,Action Pending,150000,Unsanctioned
MPLADS-019347,Smt Renuka Singh Saruta,Lok Sabha,Chhattisgarh,SARGUJA(ST),,,RAMANUJNAGAR,Ramanujnagar,Normal/Others,"NA - Purchase of IT systems, including hardware and software for educational purposes",DISTRICT COLLECTOR Surajpur_IDA,2023-12-07,Action Pending,1000000,Unsanctioned
MPLADS-019353,Smt Renuka Singh Saruta,Lok Sabha,Chhattisgarh,SARGUJA(ST),,,LAKHANPUR,Turna,Normal/Others,NA - Installing tube-wells and borewells,Collector Surguja_IDA,2023-12-07,Action Pending,150000,Unsanctioned
MPLADS-019354,Smt Renuka Singh Saruta,Lok Sabha,Chhattisgarh,SARGUJA(ST),,,LAKHANPUR,Turna,Normal/Others,NA - Installing tube-wells and borewells,Collector Surguja_IDA,2023-12-07,Action Pending,150000,Unsanctioned
MPLADS-019355,Smt Renuka Singh Saruta,Lok Sabha,Chhattisgarh,SARGUJA(ST),,,LAKHANPUR,Turna,Normal/Others,NA - Installing tube-wells and borewells,Collector Surguja_IDA,2023-12-07,Action Pending,150000,Unsanctioned
MPLADS-019356,Smt Renuka Singh Saruta,Lok Sabha,Chhattisgarh,SARGUJA(ST),,,LAKHANPUR,Chando,Normal/Others,NA - Installing tube-wells and borewells,Collector Surguja_IDA,2023-12-07,Action Pending,150000,Unsanctioned
MPLADS-019358,Smt Renuka Singh Saruta,Lok Sabha,Chhattisgarh,SARGUJA(ST),,,LAKHANPUR,Chando,Normal/Others,NA - Installing tube-wells and borewells,Collector Surguja_IDA,2023-12-07,Action Pending,150000,Unsanctioned
MPLADS-019359,Smt Renuka Singh Saruta,Lok Sabha,Chhattisgarh,SARGUJA(ST),,,LAKHANPUR,Chando,Normal/Others,NA - Installing tube-wells and borewells,Collector Surguja_IDA,2023-12-07,Action Pending,150000,Unsanctioned
MPLADS-019360,Smt Renuka Singh Saruta,Lok Sabha,Chhattisgarh,SARGUJA(ST),,,LAKHANPUR,Chando,Normal/Others,NA - Installing tube-wells and borewells,Collector Surguja_IDA,2023-12-07,Action Pending,150000,Unsanctioned
MPLADS-019361,Smt Renuka Singh Saruta,Lok Sabha,Chhattisgarh,SARGUJA(ST),,,LAKHANPUR,Taraju,Normal/Others,NA - Installing tube-wells and borewells,Collector Surguja_IDA,2023-12-07,Action Pending,150000,Unsanctioned
MPLADS-019362,Smt Renuka Singh Saruta,Lok Sabha,Chhattisgarh,SARGUJA(ST),,,LAKHANPUR,Chando,Normal/Others,NA - Installing tube-wells and borewells,Collector Surguja_IDA,2023-12-07,Action Pending,150000,Unsanctioned
MPLADS-019363,Smt Renuka Singh Saruta,Lok Sabha,Chhattisgarh,SARGUJA(ST),,,LAKHANPUR,Beldagi,Normal/Others,NA - Installing tube-wells and borewells,Collector Surguja_IDA,2023-12-07,Action Pending,150000,Unsanctioned
MPLADS-019364,Smt Renuka Singh Saruta,Lok Sabha,Chhattisgarh,SARGUJA(ST),,,LAKHANPUR,Beldagi,Normal/Others,NA - Installing tube-wells and borewells,Collector Surguja_IDA,2023-12-07,Action Pending,150000,Unsanctioned
MPLADS-019365,Smt Renuka Singh Saruta,Lok Sabha,Chhattisgarh,SARGUJA(ST),,,BHAIYATHAN,Patiyadand,Normal/Others,NA - Installing tube-wells and borewells,DISTRICT COLLECTOR Surajpur_IDA,2023-12-07,Action Pending,150000,Unsanctioned
MPLADS-019366,Smt Renuka Singh Saruta,Lok Sabha,Chhattisgarh,SARGUJA(ST),,,RAMANUJNAGAR,Ramanujnagar,Normal/Others,"NA - Purchase of IT systems, including hardware and software for educational purposes",DISTRICT COLLECTOR Surajpur_IDA,2023-12-07,Action Pending,1000000,Unsanctioned
MPLADS-019367,Smt Renuka Singh Saruta,Lok Sabha,Chhattisgarh,SARGUJA(ST),,,RAMANUJNAGAR,Deonagar Alias Dedri,Normal/Others,"NA - Purchase of IT systems, including hardware and software for educational purposes",DISTRICT COLLECTOR Surajpur_IDA,2023-12-07,Action Pending,1000000,Unsanctioned
MPLADS-019368,Smt Renuka Singh Saruta,Lok Sabha,Chhattisgarh,SARGUJA(ST),,,RAMANUJNAGAR,Bhuwneshwarpur,Normal/Others,"NA - Purchase of IT systems, including hardware and software for educational purposes",DISTRICT COLLECTOR Surajpur_IDA,2023-12-07,Action Pending,1000000,Unsanctioned
MPLADS-019369,Smt Renuka Singh Saruta,Lok Sabha,Chhattisgarh,SARGUJA(ST),,,RAMANUJNAGAR,Patrapali,Normal/Others,"NA - Purchase of IT systems, including hardware and software for educational purposes",DISTRICT COLLECTOR Surajpur_IDA,2023-12-07,Action Pending,1000000,Unsanctioned
MPLADS-019370,Smt Renuka Singh Saruta,Lok Sabha,Chhattisgarh,SARGUJA(ST),,,LAKHANPUR,Turna,Normal/Others,NA - Installing tube-wells and borewells,Collector Surguja_IDA,2023-12-07,Action Pending,150000,Unsanctioned
MPLADS-019371,Smt Renuka Singh Saruta,Lok Sabha,Chhattisgarh,SARGUJA(ST),,,LAKHANPUR,Jamgala,Normal/Others,"NA - Purchase of IT systems, including hardware and software for educational purposes",Collector Surguja_IDA,2023-12-07,Action Pending,1000000,Unsanctioned
MPLADS-019372,Smt Renuka Singh Saruta,Lok Sabha,Chhattisgarh,SARGUJA(ST),,,AMBIKAPUR,Mendra Kalan,Normal/Others,"NA - Purchase of IT systems, including hardware and software for educational purposes",Collector Surguja_IDA,2023-12-07,Action Pending,1000000,Unsanctioned
MPLADS-019373,Smt Renuka Singh Saruta,Lok Sabha,Chhattisgarh,SARGUJA(ST),,,LAKHANPUR,Turna,Normal/Others,NA - Installing tube-wells and borewells,Collector Surguja_IDA,2023-12-07,Action Pending,150000,Unsanctioned
MPLADS-019374,Smt Renuka Singh Saruta,Lok Sabha,Chhattisgarh,SARGUJA(ST),,,LUNDRA,Bulga,Normal/Others,NA - Installing tube-wells and borewells,Collector Surguja_IDA,2023-12-07,Action Pending,150000,Unsanctioned
MPLADS-019375,Smt Renuka Singh Saruta,Lok Sabha,Chhattisgarh,SARGUJA(ST),,,LUNDRA,Lamgaon,Normal/Others,NA - Installing tube-wells and borewells,Collector Surguja_IDA,2023-12-07,Action Pending,150000,Unsanctioned
MPLADS-019376,Smt Renuka Singh Saruta,Lok Sabha,Chhattisgarh,SARGUJA(ST),,,PREMNAGAR,Bakalo,Normal/Others,"NA - Purchase of IT systems, including hardware and software for educational purposes",DISTRICT COLLECTOR Surajpur_IDA,2023-12-07,Action Pending,1000000,Unsanctioned
MPLADS-019377,Smt Renuka Singh Saruta,Lok Sabha,Chhattisgarh,SARGUJA(ST),,,LUNDRA,Khalpondi,Normal/Others,NA - Installing tube-wells and borewells,Collector Surguja_IDA,2023-12-07,Action Pending,150000,Unsanctioned
MPLADS-019378,Smt Renuka Singh Saruta,Lok Sabha,Chhattisgarh,SARGUJA(ST),,,LUNDRA,Khalpondi,Normal/Others,NA - Installing tube-wells and borewells,Collector Surguja_IDA,2023-12-07,Action Pending,150000,Unsanctioned
MPLADS-019379,Smt Renuka Singh Saruta,Lok Sabha,Chhattisgarh,SARGUJA(ST),,,LUNDRA,Patora,Normal/Others,NA - Installing tube-wells and borewells,Collector Surguja_IDA,2023-12-07,Action Pending,150000,Unsanctioned
MPLADS-019380,Smt Renuka Singh Saruta,Lok Sabha,Chhattisgarh,SARGUJA(ST),,,PREMNAGAR,Salka,Normal/Others,"NA - Purchase of IT systems, including hardware and software for educational purposes",DISTRICT COLLECTOR Surajpur_IDA,2023-12-07,Action Pending,1000000,Unsanctioned
MPLADS-019381,Smt Renuka Singh Saruta,Lok Sabha,Chhattisgarh,SARGUJA(ST),,,SURAJPUR,Kailashpur,Normal/Others,"NA - Purchase of IT systems, including hardware and software for educational purposes",DISTRICT COLLECTOR Surajpur_IDA,2023-12-07,Action Pending,1000000,Unsanctioned
MPLADS-019382,Smt Renuka Singh Saruta,Lok Sabha,Chhattisgarh,SARGUJA(ST),,,LUNDRA,Patora,Normal/Others,NA - Installing tube-wells and borewells,Collector Surguja_IDA,2023-12-07,Action Pending,150000,Unsanctioned
MPLADS-019383,Smt Renuka Singh Saruta,Lok Sabha,Chhattisgarh,SARGUJA(ST),,,SURAJPUR,Karanji,Normal/Others,"NA - Purchase of IT systems, including hardware and software for educational purposes",DISTRICT COLLECTOR Surajpur_IDA,2023-12-07,Action Pending,1000000,Unsanctioned
MPLADS-019384,Smt Renuka Singh Saruta,Lok Sabha,Chhattisgarh,SARGUJA(ST),,,LAKHANPUR,Turna,Normal/Others,NA - Installing tube-wells and borewells,Collector Surguja_IDA,2023-12-07,Action Pending,150000,Unsanctioned
MPLADS-019385,Smt Renuka Singh Saruta,Lok Sabha,Chhattisgarh,SARGUJA(ST),,,LAKHANPUR,Turna,Normal/Others,NA - Installing tube-wells and borewells,Collector Surguja_IDA,2023-12-07,Action Pending,150000,Unsanctioned
MPLADS-019386,Smt Renuka Singh Saruta,Lok Sabha,Chhattisgarh,SARGUJA(ST),,,LAKHANPUR,Turna,Normal/Others,NA - Installing tube-wells and borewells,Collector Surguja_IDA,2023-12-07,Action Pending,150000,Unsanctioned
MPLADS-019387,Smt Renuka Singh Saruta,Lok Sabha,Chhattisgarh,SARGUJA(ST),,,LAKHANPUR,Parri,Normal/Others,NA - Installing tube-wells and borewells,Collector Surguja_IDA,2023-12-07,Action Pending,150000,Unsanctioned
MPLADS-019388,Smt Renuka Singh Saruta,Lok Sabha,Chhattisgarh,SARGUJA(ST),,,LAKHANPUR,Kenapara,Normal/Others,NA - Installing tube-wells and borewells,Collector Surguja_IDA,2023-12-07,Action Pending,150000,Unsanctioned
MPLADS-019389,Smt Renuka Singh Saruta,Lok Sabha,Chhattisgarh,SARGUJA(ST),,,LAKHANPUR,Amalbhiti,Normal/Others,NA - Installing tube-wells and borewells,Collector Surguja_IDA,2023-12-07,Action Pending,150000,Unsanctioned
MPLADS-019390,Smt Renuka Singh Saruta,Lok Sabha,Chhattisgarh,SARGUJA(ST),,,LAKHANPUR,Amalbhiti,Normal/Others,NA - Installing tube-wells and borewells,Collector Surguja_IDA,2023-12-07,Action Pending,150000,Unsanctioned
MPLADS-019391,Smt Renuka Singh Saruta,Lok Sabha,Chhattisgarh,SARGUJA(ST),,,LAKHANPUR,Amalbhiti,Normal/Others,NA - Installing tube-wells and borewells,Collector Surguja_IDA,2023-12-07,Action Pending,150000,Unsanctioned
MPLADS-019392,Smt Renuka Singh Saruta,Lok Sabha,Chhattisgarh,SARGUJA(ST),,,LAKHANPUR,Singitana,Normal/Others,NA - Installing tube-wells and borewells,Collector Surguja_IDA,2023-12-07,Action Pending,150000,Unsanctioned
MPLADS-019393,Smt Renuka Singh Saruta,Lok Sabha,Chhattisgarh,SARGUJA(ST),,,LAKHANPUR,Tunguri,Normal/Others,NA - Installing tube-wells and borewells,Collector Surguja_IDA,2023-12-07,Action Pending,150000,Unsanctioned
MPLADS-019394,Smt Renuka Singh Saruta,Lok Sabha,Chhattisgarh,SARGUJA(ST),,,LAKHANPUR,Tunguri,Normal/Others,NA - Installing tube-wells and borewells,Collector Surguja_IDA,2023-12-07,Action Pending,150000,Unsanctioned
MPLADS-019395,Smt Renuka Singh Saruta,Lok Sabha,Chhattisgarh,SARGUJA(ST),,,LAKHANPUR,Puta,Normal/Others,NA - Installing tube-wells and borewells,Collector Surguja_IDA,2023-12-07,Action Pending,150000,Unsanctioned
MPLADS-019396,Smt Renuka Singh Saruta,Lok Sabha,Chhattisgarh,SARGUJA(ST),,,LAKHANPUR,Puta,Normal/Others,NA - Installing tube-wells and borewells,Collector Surguja_IDA,2023-12-07,Action Pending,150000,Unsanctioned
MPLADS-019397,Smt Renuka Singh Saruta,Lok Sabha,Chhattisgarh,SARGUJA(ST),,,LAKHANPUR,Pratappur,Normal/Others,NA - Installing tube-wells and borewells,Collector Surguja_IDA,2023-12-07,Action Pending,150000,Unsanctioned
MPLADS-019398,Smt Renuka Singh Saruta,Lok Sabha,Chhattisgarh,SARGUJA(ST),,,LAKHANPUR,Pratappur,Normal/Others,NA - Installing tube-wells and borewells,Collector Surguja_IDA,2023-12-07,Action Pending,150000,Unsanctioned
MPLADS-019402,Smt Gomati Sai,Lok Sabha,Chhattisgarh,RAIGARH(ST),,,KUNKURI,Joratarai,Normal/Others,NA - Construction of flood control embankments,DISTRICT COLLECTOR JASHPUR_IDA,2023-12-07,Action Pending,800000,Unsanctioned
MPLADS-019403,Smt Gomati Sai,Lok Sabha,Chhattisgarh,RAIGARH(ST),,,PHARSABAHAR,Babusajbahar,Normal/Others,NA - Construction of platforms and passenger sheds at railway stations,DISTRICT COLLECTOR JASHPUR_IDA,2023-12-07,Action Pending,120000,Unsanctioned
MPLADS-019404,Smt Gomati Sai,Lok Sabha,Chhattisgarh,RAIGARH(ST),,,SARANGARH,Amal Diha,Normal/Others,NA - Construction of community centers and community halls,Collector SB_IDA,2023-12-07,Action Pending,600000,Unsanctioned
MPLADS-019405,Smt Gomati Sai,Lok Sabha,Chhattisgarh,RAIGARH(ST),,,KUNKURI,Joratarai,Normal/Others,NA - Construction of flood control embankments,DISTRICT COLLECTOR JASHPUR_IDA,2023-12-07,Action Pending,800000,Unsanctioned
MPLADS-019406,Smt Gomati Sai,Lok Sabha,Chhattisgarh,RAIGARH(ST),,,KUNKURI,Kurkunga,Normal/Others,NA - Construction of culverts and bridges,DISTRICT COLLECTOR JASHPUR_IDA,2023-12-07,Action Pending,1000000,Unsanctioned
MPLADS-019407,Smt Gomati Sai,Lok Sabha,Chhattisgarh,RAIGARH(ST),,,DULDULA,Bangurkela,Normal/Others,NA - Construction of flood control embankments,DISTRICT COLLECTOR JASHPUR_IDA,2023-12-07,Action Pending,1000000,Unsanctioned
MPLADS-019408,Smt Gomati Sai,Lok Sabha,Chhattisgarh,RAIGARH(ST),,,DULDULA,Loro,Normal/Others,NA - Construction of culverts and bridges,DISTRICT COLLECTOR JASHPUR_IDA,2023-12-07,Action Pending,1000000,Unsanctioned
MPLADS-019409,Smt Gomati Sai,Lok Sabha,Chhattisgarh,RAIGARH(ST),,,BAGICHA,Jurudand,Normal/Others,NA - Construction of flood control embankments,DISTRICT COLLECTOR JASHPUR_IDA,2023-12-07,Action Pending,1000000,Unsanctioned
MPLADS-019410,Smt Gomati Sai,Lok Sabha,Chhattisgarh,RAIGARH(ST),,,PHARSABAHAR,Jamtoli,Normal/Others,WS/MP569/2023-2024/57764 - Construction of culverts and bridges,DISTRICT COLLECTOR JASHPUR_IDA,2023-12-07,Approved by IDA,700000,Sanctioned
MPLADS-019411,Smt Gomati Sai,Lok Sabha,Chhattisgarh,RAIGARH(ST),,,BAGICHA,Ghughri,Normal/Others,NA - Construction of culverts and bridges,DISTRICT COLLECTOR JASHPUR_IDA,2023-12-07,Action Pending,500000,Unsanctioned
MPLADS-019412,Smt Gomati Sai,Lok Sabha,Chhattisgarh,RAIGARH(ST),,,BAGICHA,Ghughri,Normal/Others,NA - Construction of culverts and bridges,DISTRICT COLLECTOR JASHPUR_IDA,2023-12-07,Action Pending,600000,Unsanctioned
MPLADS-019413,Smt Gomati Sai,Lok Sabha,Chhattisgarh,RAIGARH(ST),,,KUNKURI,Darakharika,Normal/Others,NA - Construction of buildings for community cultural activities,DISTRICT COLLECTOR JASHPUR_IDA,2023-12-07,Action Pending,400000,Unsanctioned
MPLADS-019414,Smt Gomati Sai,Lok Sabha,Chhattisgarh,RAIGARH(ST),,,BAGICHA,Harradipa,Normal/Others,NA - Construction of buildings for community cultural activities,DISTRICT COLLECTOR JASHPUR_IDA,2023-12-07,Action Pending,250000,Unsanctioned
MPLADS-019415,Smt Gomati Sai,Lok Sabha,Chhattisgarh,RAIGARH(ST),,,PATTHALGAON,Jamjhor,Normal/Others,WS/MP569/2023-2024/57778 - Construction of community centers and community halls,DISTRICT COLLECTOR JASHPUR_IDA,2023-12-07,Approved by IDA,600000,Unsanctioned
MPLADS-019416,Smt Gomati Sai,Lok Sabha,Chhattisgarh,RAIGARH(ST),,,PATTHALGAON,Ila,Normal/Others,WS/MP569/2023-2024/57779 - Construction of flood control embankments,DISTRICT COLLECTOR JASHPUR_IDA,2023-12-07,Approved by IDA,600000,Unsanctioned
MPLADS-019417,Smt Gomati Sai,Lok Sabha,Chhattisgarh,RAIGARH(ST),,,JASHPUR,Tekul,Normal/Others,NA - Construction of culverts and bridges,DISTRICT COLLECTOR JASHPUR_IDA,2023-12-07,Action Pending,1000000,Unsanctioned
MPLADS-019418,Smt Gomati Sai,Lok Sabha,Chhattisgarh,RAIGARH(ST),,,GHARGHODA,Konpara,Normal/Others,NA - Construction of community centers and community halls,DISTRICT COLLECTOR RAIGARH_IDA,2023-12-07,Action Pending,700000,Unsanctioned
MPLADS-019419,Smt Gomati Sai,Lok Sabha,Chhattisgarh,RAIGARH(ST),,,RAIGARH,Banora,Normal/Others,NA - Construction of community centers and community halls,DISTRICT COLLECTOR RAIGARH_IDA,2023-12-07,Action Pending,650000,Unsanctioned
MPLADS-019435,Smt Gomati Sai,Lok Sabha,Chhattisgarh,RAIGARH(ST),,,PATTHALGAON,Madhuban,Normal/Others,NA - Construction of community centers and community halls,DISTRICT COLLECTOR JASHPUR_IDA,2023-12-07,Action Pending,600000,Unsanctioned
MPLADS-019436,Smt Gomati Sai,Lok Sabha,Chhattisgarh,RAIGARH(ST),,,BARAMKELA,Bilaigarh,Normal/Others,"NA - Construction of roads, approach roads, link roads and pathways",Collector SB_IDA,2023-12-07,Action Pending,300000,Unsanctioned
MPLADS-019455,Smt Gomati Sai,Lok Sabha,Chhattisgarh,RAIGARH(ST),,,PHARSABAHAR,Hethghicha,Normal/Others,WS/MP569/2023-2024/57788 - Construction of flood control embankments,DISTRICT COLLECTOR JASHPUR_IDA,2023-12-07,Approved by IDA,600000,Sanctioned
MPLADS-019456,Smt Renuka Singh Saruta,Lok Sabha,Chhattisgarh,SARGUJA(ST),,,AMBIKAPUR,Thor,Normal/Others,NA - Construction of flood control embankments,Collector Surguja_IDA,2023-12-07,Action Pending,2000000,Unsanctioned
MPLADS-019457,Smt Gomati Sai,Lok Sabha,Chhattisgarh,RAIGARH(ST),,,PATTHALGAON,Bagbahar,Normal/Others,"NA - Construction of roads, approach roads, link roads and pathways",DISTRICT COLLECTOR JASHPUR_IDA,2023-12-07,Action Pending,600000,Unsanctioned
MPLADS-019458,Smt Gomati Sai,Lok Sabha,Chhattisgarh,RAIGARH(ST),,,PHARSABAHAR,Kulharbuda,Normal/Others,WS/MP569/2023-2024/57790 - Construction of flood control embankments,DISTRICT COLLECTOR JASHPUR_IDA,2023-12-07,Approved by IDA,1000000,Sanctioned
MPLADS-019459,Smt Gomati Sai,Lok Sabha,Chhattisgarh,RAIGARH(ST),,,PATTHALGAON,Lakhjhar,Normal/Others,NA - Construction of community centers and community halls,DISTRICT COLLECTOR JASHPUR_IDA,2023-12-07,Action Pending,1000000,Unsanctioned
MPLADS-019460,Smt Gomati Sai,Lok Sabha,Chhattisgarh,RAIGARH(ST),,,JASHPUR,Gamhariya,Normal/Others,WS/MP569/2023-2024/57801 - Construction of buildings for community cultural activities,DISTRICT COLLECTOR JASHPUR_IDA,2023-12-07,Approved by IDA,400000,Unsanctioned
MPLADS-019461,Smt Gomati Sai,Lok Sabha,Chhattisgarh,RAIGARH(ST),,,JASHPUR,Lokhandi,Normal/Others,WS/MP569/2023-2024/57802 - Construction of community centers and community halls,DISTRICT COLLECTOR JASHPUR_IDA,2023-12-07,Approved by IDA,600000,Unsanctioned
MPLADS-019462,Smt Renuka Singh Saruta,Lok Sabha,Chhattisgarh,SARGUJA(ST),,,AMBIKAPUR,Thor,Normal/Others,NA - Construction of flood control embankments,Collector Surguja_IDA,2023-12-07,Action Pending,2000000,Unsanctioned
MPLADS-019463,Smt Renuka Singh Saruta,Lok Sabha,Chhattisgarh,SARGUJA(ST),,,LAKHANPUR,Mukundpur,Normal/Others,NA - Construction of culverts and bridges,Collector Surguja_IDA,2023-12-07,Action Pending,1000000,Unsanctioned
MPLADS-019465,Smt Renuka Singh Saruta,Lok Sabha,Chhattisgarh,SARGUJA(ST),Ambikapur,Manipur 45,,,Normal/Others,"NA - Purchase of IT systems, including hardware and software for educational purposes",Collector Surguja_IDA,2023-12-07,Action Pending,1000000,Unsanctioned
MPLADS-019601,Smt Renuka Singh Saruta,Lok Sabha,Chhattisgarh,SARGUJA(ST),,,LAKHANPUR,Chando,Normal/Others,"NA - Purchase of IT systems, including hardware and software for educational purposes",Collector Surguja_IDA,2023-12-07,Action Pending,1000000,Unsanctioned
MPLADS-019602,Smt Renuka Singh Saruta,Lok Sabha,Chhattisgarh,SARGUJA(ST),,,LAKHANPUR,Jamgawan,Normal/Others,"NA - Purchase of IT systems, including hardware and software for educational purposes",Collector Surguja_IDA,2023-12-07,Action Pending,1000000,Unsanctioned
MPLADS-019603,Smt Renuka Singh Saruta,Lok Sabha,Chhattisgarh,SARGUJA(ST),,,LAKHANPUR,Kusu,Normal/Others,"NA - Purchase of IT systems, including hardware and software for educational purposes",Collector Surguja_IDA,2023-12-07,Action Pending,1000000,Unsanctioned
MPLADS-019604,Smt Renuka Singh Saruta,Lok Sabha,Chhattisgarh,SARGUJA(ST),,,LAKHANPUR,Kunni,Normal/Others,"NA - Purchase of IT systems, including hardware and software for educational purposes",Collector Surguja_IDA,2023-12-07,Action Pending,1000000,Unsanctioned
MPLADS-019614,Smt Renuka Singh Saruta,Lok Sabha,Chhattisgarh,SARGUJA(ST),,,LAKHANPUR,Turna,Normal/Others,"NA - Purchase of IT systems, including hardware and software for educational purposes",Collector Surguja_IDA,2023-12-07,Action Pending,1000000,Unsanctioned
MPLADS-019748,Smt Gomati Sai,Lok Sabha,Chhattisgarh,RAIGARH(ST),,,KUNKURI,Dhodhidand,Normal/Others,NA - Construction of flood control embankments,DISTRICT COLLECTOR JASHPUR_IDA,2023-12-06,Action Pending,600000,Unsanctioned
MPLADS-019749,Smt Gomati Sai,Lok Sabha,Chhattisgarh,RAIGARH(ST),,,PHARSABAHAR,Lawakera,Normal/Others,WS/MP569/2023-2024/57615 - Construction of flood control embankments,DISTRICT COLLECTOR JASHPUR_IDA,2023-12-06,Approved by IDA,1500000,Sanctioned
MPLADS-020196,Chunni lal Sahu,Lok Sabha,Chhattisgarh,MAHASAMUND,KURUD,15,,,Normal/Others,NA - Installation of fixed weighing scale machine for agriculture and horticulture produce,DISTRICT COLLECTOR DHAMTARI_IDA,2023-12-05,Action Pending,1000000,Unsanctioned
MPLADS-020197,Chunni lal Sahu,Lok Sabha,Chhattisgarh,MAHASAMUND,KURUD,15,,,Normal/Others,NA - Installation of multi-gym equipment,DISTRICT COLLECTOR DHAMTARI_IDA,2023-12-05,Action Pending,1251000,Unsanctioned
MPLADS-034370,Smt Gomati Sai,Lok Sabha,Chhattisgarh,RAIGARH(ST),,,RAIGARH,Lakha,Normal/Others,WS/MP569/2023-2024/35626 - Street lights,DISTRICT COLLECTOR RAIGARH_IDA,2023-10-11,Approved by IDA,1385000,Sanctioned
MPLADS-034371,Smt Gomati Sai,Lok Sabha,Chhattisgarh,RAIGARH(ST),,,RAIGARH,Delari,Normal/Others,WS/MP569/2023-2024/35625 - Street lights,DISTRICT COLLECTOR RAIGARH_IDA,2023-10-11,Approved by IDA,1385000,Sanctioned
MPLADS-034372,Smt Gomati Sai,Lok Sabha,Chhattisgarh,RAIGARH(ST),,,RAIGARH,Kusmura,Normal/Others,WS/MP569/2023-2024/35624 - Street lights,DISTRICT COLLECTOR RAIGARH_IDA,2023-10-11,Approved by IDA,1385000,Sanctioned
MPLADS-034777,Deepak Baij,Lok Sabha,Chhattisgarh,BASTAR(ST),,,TOKAPAL,Tekameta,Normal/Others,"NA - Construction of roads, link roads, pathways or any other road with or without drainage system",DISTRICT COLLECTOR BASTAR_IDA,2023-10-09,Action Pending,1145000,Unsanctioned
MPLADS-034778,Smt Gomati Sai,Lok Sabha,Chhattisgarh,RAIGARH(ST),,,PHARSABAHAR,Lathbora,Normal/Others,WS/MP569/2023-2024/34930 - Construction of flood control embankments,DISTRICT COLLECTOR JASHPUR_IDA,2023-10-09,Approved by IDA,1500000,Sanctioned
MPLADS-034779,Smt Gomati Sai,Lok Sabha,Chhattisgarh,RAIGARH(ST),,,PHARSABAHAR,Bansajhal,Normal/Others,WS/MP569/2023-2024/34931 - Construction of flood control embankments,DISTRICT COLLECTOR JASHPUR_IDA,2023-10-09,Approved by IDA,2000000,Sanctioned
MPLADS-034780,Smt Gomati Sai,Lok Sabha,Chhattisgarh,RAIGARH(ST),,,PHARSABAHAR,Lathbora,Normal/Others,WS/MP569/2023-2024/34933 - Construction of flood control embankments,DISTRICT COLLECTOR JASHPUR_IDA,2023-10-09,Approved by IDA,600000,Sanctioned
MPLADS-034781,Chunni lal Sahu,Lok Sabha,Chhattisgarh,MAHASAMUND,KURUD,15,,,Normal/Others,NA - Community Toilets,DISTRICT COLLECTOR DHAMTARI_IDA,2023-10-09,Action Pending,196000,Unsanctioned
MPLADS-034782,Chunni lal Sahu,Lok Sabha,Chhattisgarh,MAHASAMUND,KURUD,15,,,Normal/Others,NA - Construction of public libraries and reading rooms,DISTRICT COLLECTOR DHAMTARI_IDA,2023-10-09,Action Pending,800000,Unsanctioned
MPLADS-034783,Chunni lal Sahu,Lok Sabha,Chhattisgarh,MAHASAMUND,KURUD,15,,,Normal/Others,NA - Construction of additional rooms and halls in the existing public and community building,DISTRICT COLLECTOR DHAMTARI_IDA,2023-10-09,Action Pending,122000,Unsanctioned
MPLADS-034784,Deepak Baij,Lok Sabha,Chhattisgarh,BASTAR(ST),,,TOKAPAL,Palwa,Normal/Others,"NA - Construction of roads, approach roads, link roads and pathways",DISTRICT COLLECTOR BASTAR_IDA,2023-10-09,Action Pending,313000,Unsanctioned
MPLADS-034785,Smt Gomati Sai,Lok Sabha,Chhattisgarh,RAIGARH(ST),,,DULDULA,Loro,Normal/Others,NA - Construction of culverts and bridges,DISTRICT COLLECTOR JASHPUR_IDA,2023-10-09,Action Pending,1000000,Unsanctioned
MPLADS-034786,Deepak Baij,Lok Sabha,Chhattisgarh,BASTAR(ST),,,Lohandiguda,Mandar,Normal/Others,"NA - Construction of roads, link roads, pathways or any other road with or without drainage system",DISTRICT COLLECTOR BASTAR_IDA,2023-10-09,Action Pending,702000,Unsanctioned
MPLADS-034787,Jyotsna Charandas Mahant,Lok Sabha,Chhattisgarh,KORBA,,,PODI UPARODA,Sarbhoka,Normal/Others,NA - Construction of buildings for community cultural activities,DISTRICT COLLECTOR KORBA_IDA,2023-10-09,Action Pending,100000,Unsanctioned
MPLADS-034788,Jyotsna Charandas Mahant,Lok Sabha,Chhattisgarh,KORBA,,,PODI UPARODA,Kendai,Normal/Others,NA - Construction of additional rooms and halls in the existing public and community building,DISTRICT COLLECTOR KORBA_IDA,2023-10-09,Action Pending,300000,Unsanctioned
MPLADS-034789,Deepak Baij,Lok Sabha,Chhattisgarh,BASTAR(ST),,,DARBHA,Alwa,Normal/Others,"NA - Construction of roads, approach roads, link roads and pathways",DISTRICT COLLECTOR BASTAR_IDA,2023-10-09,Action Pending,409000,Unsanctioned
MPLADS-034790,Deepak Baij,Lok Sabha,Chhattisgarh,BASTAR(ST),,,Darbha,Toynar,Normal/Others,"NA - Construction of roads, link roads, pathways or any other road with or without drainage system",DISTRICT COLLECTOR BASTAR_IDA,2023-10-09,Action Pending,680000,Unsanctioned
MPLADS-034791,Deepak Baij,Lok Sabha,Chhattisgarh,BASTAR(ST),,,BASTANAR,badekilepal -3,Normal/Others,"NA - Construction of roads, approach roads, link roads and pathways",DISTRICT COLLECTOR BASTAR_IDA,2023-10-09,Action Pending,840000,Unsanctioned
MPLADS-034792,Smt Gomati Sai,Lok Sabha,Chhattisgarh,RAIGARH(ST),,,JASHPUR,Lokhandi,Normal/Others,NA - Construction of community centers and community halls,DISTRICT COLLECTOR JASHPUR_IDA,2023-10-09,Action Pending,600000,Unsanctioned
MPLADS-034793,Smt Gomati Sai,Lok Sabha,Chhattisgarh,RAIGARH(ST),,,BAGICHA,Jhinki,Normal/Others,NA - Construction of flood control embankments,DISTRICT COLLECTOR JASHPUR_IDA,2023-10-09,Action Pending,1000000,Unsanctioned
MPLADS-034803,Santosh Pandey,Lok Sabha,Chhattisgarh,RAJNANDGAON,,,KHAIRAGARH,Sonbhattha,Normal/Others,WS/MP513/2023-2024/34584 - Purchase of sports equipment,District Collector Khairagarh_IDA,2023-10-09,Approved by IDA,270000,Completed
MPLADS-034807,Smt Gomati Sai,Lok Sabha,Chhattisgarh,RAIGARH(ST),,,GHARGHODA,Konpara,Normal/Others,NA - Construction of community centers and community halls,DISTRICT COLLECTOR RAIGARH_IDA,2023-10-09,Action Pending,700000,Unsanctioned
MPLADS-034808,Smt Gomati Sai,Lok Sabha,Chhattisgarh,RAIGARH(ST),,,KUNKURI,Kaliba,Normal/Others,NA - Construction of flood control embankments,DISTRICT COLLECTOR JASHPUR_IDA,2023-10-09,Action Pending,700000,Unsanctioned
MPLADS-034809,Smt Gomati Sai,Lok Sabha,Chhattisgarh,RAIGARH(ST),,,KUNKURI,Remate,Normal/Others,NA - Construction of flood control embankments,DISTRICT COLLECTOR JASHPUR_IDA,2023-10-09,Action Pending,700000,Unsanctioned
MPLADS-034810,Smt Gomati Sai,Lok Sabha,Chhattisgarh,RAIGARH(ST),,,PHARSABAHAR,Lathbora,Normal/Others,WS/MP569/2023-2024/34932 - Construction of flood control embankments,DISTRICT COLLECTOR JASHPUR_IDA,2023-10-09,Approved by IDA,2000000,Sanctioned
MPLADS-035349,Chunni lal Sahu,Lok Sabha,Chhattisgarh,MAHASAMUND,,,CHHURRA,Parsada Khurd,Normal/Others,NA - Construction of community centers and community halls,Collectro Gariaband_IDA,2023-10-07,Action Pending,500000,Unsanctioned
MPLADS-035350,Mohan Mandavi,Lok Sabha,Chhattisgarh,KANKER(ST),,,DONDI,Ghotiya,Normal/Others,WS/MP565/2023-2024/33554 - Construction of community centers and community halls,Collector Balod_IDA,2023-10-07,Approved by IDA,500000,Sanctioned
MPLADS-035351,Mohan Mandavi,Lok Sabha,Chhattisgarh,KANKER(ST),,,GURUR,Miri Tola,Normal/Others,NA - Common work sheds for artisans,Collector Balod_IDA,2023-10-07,Action Pending,300000,Unsanctioned
MPLADS-035352,Mohan Mandavi,Lok Sabha,Chhattisgarh,KANKER(ST),,,GURUR,Kanwar,Normal/Others,NA - Common work sheds for artisans,Collector Balod_IDA,2023-10-07,Action Pending,300000,Unsanctioned
MPLADS-035358,Mohan Mandavi,Lok Sabha,Chhattisgarh,KANKER(ST),,,GURUR,Surra,Normal/Others,NA - Construction of common work sheds/ common covered sitting area,Collector Balod_IDA,2023-10-07,Action Pending,300000,Unsanctioned
MPLADS-035409,Chunni lal Sahu,Lok Sabha,Chhattisgarh,MAHASAMUND,,,Dhamtari,Kanidabri,Normal/Others,NA - Construction of buildings for community cultural activities,DISTRICT COLLECTOR DHAMTARI_IDA,2023-10-07,Action Pending,500000,Unsanctioned
MPLADS-035410,Jyotsna Charandas Mahant,Lok Sabha,Chhattisgarh,KORBA,,,GAURELLA-1,Adbhar,Normal/Others,NA - Construction of common work sheds/ common covered sitting area,Collector GPM_IDA,2023-10-07,Action Pending,300000,Unsanctioned
MPLADS-035411,Jyotsna Charandas Mahant,Lok Sabha,Chhattisgarh,KORBA,,,GAURELLA-1,Bacharwar,Normal/Others,NA - Construction of common work sheds/ common covered sitting area,Collector GPM_IDA,2023-10-07,Action Pending,300000,Unsanctioned
MPLADS-035412,Jyotsna Charandas Mahant,Lok Sabha,Chhattisgarh,KORBA,,,GAURELLA-1,Ghatbahra,Normal/Others,NA - Construction of common work sheds/ common covered sitting area,Collector GPM_IDA,2023-10-07,Action Pending,300000,Unsanctioned
MPLADS-035413,Jyotsna Charandas Mahant,Lok Sabha,Chhattisgarh,KORBA,,,GAURELLA-1,Lata,Normal/Others,NA - Construction of common work sheds/ common covered sitting area,Collector GPM_IDA,2023-10-07,Action Pending,300000,Unsanctioned
MPLADS-035414,Jyotsna Charandas Mahant,Lok Sabha,Chhattisgarh,KORBA,,,GAURELLA-1,Bandhi,Normal/Others,NA - Construction of common work sheds/ common covered sitting area,Collector GPM_IDA,2023-10-07,Action Pending,300000,Unsanctioned
MPLADS-035415,Jyotsna Charandas Mahant,Lok Sabha,Chhattisgarh,KORBA,,,GAURELLA-1,Latkoni Kalan,Normal/Others,NA - Construction of common work sheds/ common covered sitting area,Collector GPM_IDA,2023-10-07,Action Pending,300000,Unsanctioned
MPLADS-035416,Jyotsna Charandas Mahant,Lok Sabha,Chhattisgarh,KORBA,,,GAURELLA-1,Girari,Normal/Others,NA - Construction of common work sheds/ common covered sitting area,Collector GPM_IDA,2023-10-07,Action Pending,300000,Unsanctioned
MPLADS-035417,Jyotsna Charandas Mahant,Lok Sabha,Chhattisgarh,KORBA,,,PALI,Ratkhandi,Normal/Others,WS/MP514/2023-2024/34222 - Renovation of ponds and lakes,DISTRICT COLLECTOR KORBA_IDA,2023-10-07,Approved by IDA,450000,Sanctioned
MPLADS-035418,Jyotsna Charandas Mahant,Lok Sabha,Chhattisgarh,KORBA,,,PALI,Saraipali,Normal/Others,NA - Crematoriums or structures on burial/ cremation ground for public convenience,DISTRICT COLLECTOR KORBA_IDA,2023-10-07,Action Pending,450000,Unsanctioned
MPLADS-035419,Jyotsna Charandas Mahant,Lok Sabha,Chhattisgarh,KORBA,,,PALI,Khairaduban,Normal/Others,NA - Construction of additional rooms and halls in the existing public and community building,DISTRICT COLLECTOR KORBA_IDA,2023-10-07,Action Pending,300000,Unsanctioned
MPLADS-035420,Jyotsna Charandas Mahant,Lok Sabha,Chhattisgarh,KORBA,,,PALI,Haranmudi,Normal/Others,WS/MP514/2023-2024/34225 - Renovation of ponds and lakes,DISTRICT COLLECTOR KORBA_IDA,2023-10-07,Approved by IDA,600000,Sanctioned
MPLADS-035421,Jyotsna Charandas Mahant,Lok Sabha,Chhattisgarh,KORBA,,,PALI,Chepa,Normal/Others,NA - Construction of buildings for community cultural activities,DISTRICT COLLECTOR KORBA_IDA,2023-10-07,Action Pending,250000,Unsanctioned
MPLADS-035422,Jyotsna Charandas Mahant,Lok Sabha,Chhattisgarh,KORBA,,,PALI,Kartala,Normal/Others,WS/MP514/2023-2024/34227 - Renovation of ponds and lakes,DISTRICT COLLECTOR KORBA_IDA,2023-10-07,Approved by IDA,400000,Sanctioned
MPLADS-035423,Jyotsna Charandas Mahant,Lok Sabha,Chhattisgarh,KORBA,,,PALI,Kera Jhariya,Normal/Others,"NA - Construction of roads, approach roads, link roads and pathways",DISTRICT COLLECTOR KORBA_IDA,2023-10-07,Action Pending,300000,Unsanctioned
MPLADS-035424,Jyotsna Charandas Mahant,Lok Sabha,Chhattisgarh,KORBA,,,KARTALA,Rampur,Normal/Others,NA - Construction of additional rooms and halls in the existing public and community building,DISTRICT COLLECTOR KORBA_IDA,2023-10-07,Action Pending,100000,Unsanctioned
MPLADS-035425,Smt Gomati Sai,Lok Sabha,Chhattisgarh,RAIGARH(ST),,,DULDULA,Bangurkela,Normal/Others,NA - Construction of flood control embankments,DISTRICT COLLECTOR JASHPUR_IDA,2023-10-07,Action Pending,1000000,Unsanctioned
MPLADS-035426,Chunni lal Sahu,Lok Sabha,Chhattisgarh,MAHASAMUND,,,BAGBAHARA,Mohandi (Mohadi),Normal/Others,NA - Construction of community centers and community halls,DISTRICT COLLECTOR MAHASAMUND_IDA,2023-10-07,Action Pending,500000,Unsanctioned
MPLADS-035428,Chunni lal Sahu,Lok Sabha,Chhattisgarh,MAHASAMUND,,,BASNA,Badesajapali,Normal/Others,NA - Construction of public staircase to access road over bridge,DISTRICT COLLECTOR MAHASAMUND_IDA,2023-10-07,Action Pending,700000,Unsanctioned
MPLADS-035442,Chunni lal Sahu,Lok Sabha,Chhattisgarh,MAHASAMUND,,,CHHURRA,Kosambuda,Normal/Others,NA - Construction of community centers and community halls,Collectro Gariaband_IDA,2023-10-07,Action Pending,500000,Unsanctioned
MPLADS-035443,Chunni lal Sahu,Lok Sabha,Chhattisgarh,MAHASAMUND,,,CHHURRA,Bamhani,Normal/Others,NA - Construction of community centers and community halls,Collectro Gariaband_IDA,2023-10-07,Action Pending,650000,Unsanctioned
MPLADS-035641,Chunni lal Sahu,Lok Sabha,Chhattisgarh,MAHASAMUND,,,MAHASAMUND,Dhank,Normal/Others,NA - Construction of community centers and community halls,DISTRICT COLLECTOR MAHASAMUND_IDA,2023-10-07,Action Pending,650000,Unsanctioned
MPLADS-035696,Chunni lal Sahu,Lok Sabha,Chhattisgarh,MAHASAMUND,,,SARAIPALI,Saraipatra,Normal/Others,NA - Construction of public staircase to access road over bridge,DISTRICT COLLECTOR MAHASAMUND_IDA,2023-10-07,Action Pending,500000,Unsanctioned
MPLADS-035697,Chunni lal Sahu,Lok Sabha,Chhattisgarh,MAHASAMUND,,,MAHASAMUND,Sirpur,Normal/Others,NA - Construction of community centers and community halls,DISTRICT COLLECTOR MAHASAMUND_IDA,2023-10-07,Action Pending,1000000,Unsanctioned
MPLADS-035698,Chunni lal Sahu,Lok Sabha,Chhattisgarh,MAHASAMUND,,,SARAIPALI,Toshgaon,Normal/Others,NA - Construction of community centers and community halls,DISTRICT COLLECTOR MAHASAMUND_IDA,2023-10-07,Action Pending,500000,Unsanctioned
MPLADS-035699,Mohan Mandavi,Lok Sabha,Chhattisgarh,KANKER(ST),,,DONDILOHARA,Bhima Tola,Normal/Others,WS/MP565/2023-2024/33486 - Street lights,Collector Balod_IDA,2023-10-07,Approved by IDA,1260000,Sanctioned
MPLADS-035700,Mohan Mandavi,Lok Sabha,Chhattisgarh,KANKER(ST),,,DONDILOHARA,Karrigaon,Normal/Others,WS/MP565/2023-2024/33487 - Street lights,Collector Balod_IDA,2023-10-07,Approved by IDA,1260000,Unsanctioned
MPLADS-035701,Mohan Mandavi,Lok Sabha,Chhattisgarh,KANKER(ST),,,DONDILOHARA,Mudhiya,Normal/Others,WS/MP565/2023-2024/33488 - Street lights,Collector Balod_IDA,2023-10-07,Approved by IDA,1260000,Sanctioned
MPLADS-035702,Mohan Mandavi,Lok Sabha,Chhattisgarh,KANKER(ST),,,DONDILOHARA,Kochera,Normal/Others,WS/MP565/2023-2024/33489 - Street lights,Collector Balod_IDA,2023-10-07,Approved by IDA,1260000,Unsanctioned
MPLADS-035703,Mohan Mandavi,Lok Sabha,Chhattisgarh,KANKER(ST),,,DONDILOHARA,Kamkapar,Normal/Others,WS/MP565/2023-2024/33504 - Street lights,Collector Balod_IDA,2023-10-07,Approved by IDA,1260000,Sanctioned
MPLADS-035721,Mohan Mandavi,Lok Sabha,Chhattisgarh,KANKER(ST),,,ANTAGARH,Badeteoda,Normal/Others,NA - Purchase of mobile water tankers,DISTRICT COLLECTOR KANKER_IDA,2023-10-07,Action Pending,250000,Unsanctioned
MPLADS-035722,Mohan Mandavi,Lok Sabha,Chhattisgarh,KANKER(ST),,,ANTAGARH,Kotkud,Normal/Others,NA - Purchase of mobile water tankers,DISTRICT COLLECTOR KANKER_IDA,2023-10-07,Action Pending,250000,Unsanctioned
MPLADS-035794,Mohan Mandavi,Lok Sabha,Chhattisgarh,KANKER(ST),,,KESHKAL,Eragaon,Normal/Others,NA - Construction of common work sheds/ common covered sitting area,DISTRICT COLLECTOR KONDAGAON_IDA,2023-10-07,Action Pending,300000,Unsanctioned
MPLADS-035797,Mohan Mandavi,Lok Sabha,Chhattisgarh,KANKER(ST),,,BADERAJPUR,Khargaon,Normal/Others,NA - Construction of community centers and community halls,DISTRICT COLLECTOR KONDAGAON_IDA,2023-10-07,Action Pending,300000,Unsanctioned
MPLADS-035811,Mohan Mandavi,Lok Sabha,Chhattisgarh,KANKER(ST),,,DONDILOHARA,Tumdikasa,Normal/Others,WS/MP565/2023-2024/33505 - Street lights,Collector Balod_IDA,2023-10-07,Approved by IDA,1260000,Unsanctioned
MPLADS-035875,Smt Gomati Sai,Lok Sabha,Chhattisgarh,RAIGARH(ST),,,PATTHALGAON,Lakhjhar,Normal/Others,NA - Construction of community centers and community halls,DISTRICT COLLECTOR JASHPUR_IDA,2023-10-06,Action Pending,1000000,Unsanctioned
MPLADS-035876,Santosh Pandey,Lok Sabha,Chhattisgarh,RAJNANDGAON,,,,,Normal/Others,"WS/MP513/2023-2024/32797 - Construction of roads, approach roads, link roads and pathways",District Collector Kabirdham_IDA,2023-10-06,Approved by IDA,999214,
MPLADS-035877,Chunni lal Sahu,Lok Sabha,Chhattisgarh,MAHASAMUND,,,BASNA,Singhanpur,Normal/Others,NA - Construction of community centers and community halls,DISTRICT COLLECTOR MAHASAMUND_IDA,2023-10-06,Action Pending,1000000,Unsanctioned
MPLADS-035878,Santosh Pandey,Lok Sabha,Chhattisgarh,RAJNANDGAON,,,,,Normal/Others,"WS/MP513/2023-2024/32798 - Construction of roads, approach roads, link roads and pathways",District Collector Kabirdham_IDA,2023-10-06,Approved by IDA,498525,
MPLADS-035879,Chunni lal Sahu,Lok Sabha,Chhattisgarh,MAHASAMUND,,,PITHORA,Rajpalpur,Normal/Others,NA - Crematoriums or structures on burial/ cremation ground for public convenience,DISTRICT COLLECTOR MAHASAMUND_IDA,2023-10-06,Action Pending,500000,Unsanctioned
MPLADS-035880,Chunni lal Sahu,Lok Sabha,Chhattisgarh,MAHASAMUND,,,CHHURRA,Nawapara,Normal/Others,NA - Construction of community centers and community halls,Collectro Gariaband_IDA,2023-10-06,Action Pending,1000000,Unsanctioned
MPLADS-035882,Chunni lal Sahu,Lok Sabha,Chhattisgarh,MAHASAMUND,,,CHHURRA,Pond,Normal/Others,NA - Construction of community centers and community halls,Collectro Gariaband_IDA,2023-10-06,Action Pending,500000,Unsanctioned
MPLADS-035894,Jyotsna Charandas Mahant,Lok Sabha,Chhattisgarh,KORBA,,,KORBA,Syang,Normal/Others,NA - Setting up of kitchen and pantries,DISTRICT COLLECTOR KORBA_IDA,2023-10-06,Action Pending,500000,Unsanctioned
MPLADS-035895,Chunni lal Sahu,Lok Sabha,Chhattisgarh,MAHASAMUND,,,GARIYABAND,Barula,Normal/Others,NA - Construction of public staircase to access road over bridge,Collectro Gariaband_IDA,2023-10-06,Action Pending,500000,Unsanctioned
MPLADS-035896,Jyotsna Charandas Mahant,Lok Sabha,Chhattisgarh,KORBA,,,PALI,Parsada,Normal/Others,WS/MP514/2023-2024/32564 - Renovation of ponds and lakes,DISTRICT COLLECTOR KORBA_IDA,2023-10-06,Approved by IDA,600000,Sanctioned
MPLADS-035897,Jyotsna Charandas Mahant,Lok Sabha,Chhattisgarh,KORBA,,,PODI UPARODA,Arisiya,Normal/Others,NA - Purchase of motor boats for flood and cyclone prone areas,DISTRICT COLLECTOR KORBA_IDA,2023-10-06,Action Pending,75000,Unsanctioned
MPLADS-035898,Jyotsna Charandas Mahant,Lok Sabha,Chhattisgarh,KORBA,,,PODI UPARODA,Sakho,Normal/Others,NA - Purchase of motor boats for flood and cyclone prone areas,DISTRICT COLLECTOR KORBA_IDA,2023-10-06,Action Pending,75000,Unsanctioned
MPLADS-035899,Chunni lal Sahu,Lok Sabha,Chhattisgarh,MAHASAMUND,,,GARIYABAND,Fulkarra,Normal/Others,NA - Construction of public staircase to access road over bridge,Collectro Gariaband_IDA,2023-10-06,Action Pending,500000,Unsanctioned
MPLADS-035901,Chunni lal Sahu,Lok Sabha,Chhattisgarh,MAHASAMUND,,,FINGESHWAR,Hathkhoj,Normal/Others,NA - Construction of community centers and community halls,Collectro Gariaband_IDA,2023-10-06,Action Pending,650000,Unsanctioned
MPLADS-035925,Chunni lal Sahu,Lok Sabha,Chhattisgarh,MAHASAMUND,,,BAGBAHARA,Khusrupali,Normal/Others,NA - construction of staircase/ stair ghat for public convenience,DISTRICT COLLECTOR MAHASAMUND_IDA,2023-10-06,Action Pending,500000,Unsanctioned
MPLADS-035927,Chunni lal Sahu,Lok Sabha,Chhattisgarh,MAHASAMUND,,,BAGBAHARA,Dargaon,Normal/Others,NA - Construction of community centers and community halls,DISTRICT COLLECTOR MAHASAMUND_IDA,2023-10-06,Action Pending,650000,Unsanctioned
MPLADS-035928,Chunni lal Sahu,Lok Sabha,Chhattisgarh,MAHASAMUND,,,PITHORA,Dhodharkasa,Normal/Others,NA - Construction of public staircase to access road over bridge,DISTRICT COLLECTOR MAHASAMUND_IDA,2023-10-06,Action Pending,500000,Unsanctioned
MPLADS-035929,Chunni lal Sahu,Lok Sabha,Chhattisgarh,MAHASAMUND,,,FINGESHWAR,Behrapal,Normal/Others,NA - Construction of public staircase to access road over bridge,Collectro Gariaband_IDA,2023-10-06,Action Pending,500000,Unsanctioned
MPLADS-035930,Chunni lal Sahu,Lok Sabha,Chhattisgarh,MAHASAMUND,,,BASNA,Singhanpur,Normal/Others,NA - Construction of public staircase to access road over bridge,DISTRICT COLLECTOR MAHASAMUND_IDA,2023-10-06,Action Pending,500000,Unsanctioned
MPLADS-035931,Chunni lal Sahu,Lok Sabha,Chhattisgarh,MAHASAMUND,,,MAHASAMUND,Sirpur,Normal/Others,NA - Construction of community centers and community halls,DISTRICT COLLECTOR MAHASAMUND_IDA,2023-10-06,Action Pending,500000,Unsanctioned
MPLADS-035932,Chunni lal Sahu,Lok Sabha,Chhattisgarh,MAHASAMUND,,,Mahasamund,Lafin Kalan,Normal/Others,NA - Construction of community centers and community halls,DISTRICT COLLECTOR MAHASAMUND_IDA,2023-10-06,Action Pending,500000,Unsanctioned
MPLADS-035933,Chunni lal Sahu,Lok Sabha,Chhattisgarh,MAHASAMUND,,,BAGBAHARA,Badetemri,Normal/Others,NA - Construction of public staircase to access road over bridge,DISTRICT COLLECTOR MAHASAMUND_IDA,2023-10-06,Action Pending,500000,Unsanctioned
MPLADS-035934,Santosh Pandey,Lok Sabha,Chhattisgarh,RAJNANDGAON,,,DONGARGAON,Kotrasarar,Normal/Others,WS/MP513/2023-2024/33211 - Construction of common work sheds/ common covered sitting area,DISTRICT COLLECTOR RAJNANDGAON_IDA,2023-10-06,Approved by IDA,300000,Sanctioned
MPLADS-035985,Jyotsna Charandas Mahant,Lok Sabha,Chhattisgarh,KORBA,,,KORBA,Lemroo,Normal/Others,NA - Construction of common work sheds/ common covered sitting area,DISTRICT COLLECTOR KORBA_IDA,2023-10-06,Action Pending,100000,Unsanctioned
MPLADS-036094,Jyotsna Charandas Mahant,Lok Sabha,Chhattisgarh,KORBA,,,KORBA,Lemroo,Normal/Others,NA - Construction of culverts and bridges,DISTRICT COLLECTOR KORBA_IDA,2023-10-06,Action Pending,180000,Unsanctioned
MPLADS-036468,Jyotsna Charandas Mahant,Lok Sabha,Chhattisgarh,KORBA,,,KATGHORA,Korai,Normal/Others,NA - Construction of buildings for community cultural activities,DISTRICT COLLECTOR KORBA_IDA,2023-10-05,Action Pending,200000,Unsanctioned
MPLADS-036540,Jyotsna Charandas Mahant,Lok Sabha,Chhattisgarh,KORBA,,,KORBA,Aurakachhar,Normal/Others,NA - Construction of buildings for community cultural activities,DISTRICT COLLECTOR KORBA_IDA,2023-10-05,Action Pending,200000,Unsanctioned
MPLADS-036707,Smt Renuka Singh Saruta,Lok Sabha,Chhattisgarh,SARGUJA(ST),,,WADRAFNAGAR,Chalgali Khas,Normal/Others,NA - Construction of culverts and bridges,District Collector BALRAMPUR_IDA,2023-10-05,Action Pending,1000000,Unsanctioned
MPLADS-036712,Mohan Mandavi,Lok Sabha,Chhattisgarh,KANKER(ST),,,DONDILOHARA,Bhedi,Normal/Others,NA - Street lights,Collector Balod_IDA,2023-10-05,Action Pending,1260000,Unsanctioned
MPLADS-036713,Vijay Baghel,Lok Sabha,Chhattisgarh,DURG,,,PATAN,Temri,Normal/Others,"WS/MP568/2023-2024/31727 - Construction of roads, approach roads, link roads and pathways",DISTRICT COLLECTOR DURG_IDA,2023-10-05,Approved by IDA,500000,Sanctioned
MPLADS-036714,Smt Renuka Singh Saruta,Lok Sabha,Chhattisgarh,SARGUJA(ST),,,PRATAPPUR,Govindpur,Normal/Others,NA - Construction of community centers and community halls,DISTRICT COLLECTOR Surajpur_IDA,2023-10-05,Action Pending,2000000,Unsanctioned
MPLADS-036715,Smt Renuka Singh Saruta,Lok Sabha,Chhattisgarh,SARGUJA(ST),,,RAJPUR,Bariyon,Normal/Others,"NA - Construction of roads, approach roads, link roads and pathways",District Collector BALRAMPUR_IDA,2023-10-05,Action Pending,1000000,Unsanctioned
MPLADS-036717,Smt Renuka Singh Saruta,Lok Sabha,Chhattisgarh,SARGUJA(ST),,,RAJPUR,Bhelai Khurd,Normal/Others,"NA - Construction of roads, approach roads, link roads and pathways",District Collector BALRAMPUR_IDA,2023-10-05,Action Pending,800000,Unsanctioned
MPLADS-036718,Jyotsna Charandas Mahant,Lok Sabha,Chhattisgarh,KORBA,,,KORBA,Madanpur,Normal/Others,NA - Construction of common work sheds/ common covered sitting area,DISTRICT COLLECTOR KORBA_IDA,2023-10-05,Action Pending,300000,Unsanctioned
MPLADS-036747,Jyotsna Charandas Mahant,Lok Sabha,Chhattisgarh,KORBA,,,KARTALA,Fatteganj,Normal/Others,NA - Construction of buildings for crèches and anganwadies,DISTRICT COLLECTOR KORBA_IDA,2023-10-05,Action Pending,300000,Unsanctioned
MPLADS-036754,Jyotsna Charandas Mahant,Lok Sabha,Chhattisgarh,KORBA,,,KORBA,Kolga,Normal/Others,NA - Construction of common work sheds/ common covered sitting area,DISTRICT COLLECTOR KORBA_IDA,2023-10-05,Action Pending,300000,Unsanctioned
MPLADS-036755,Jyotsna Charandas Mahant,Lok Sabha,Chhattisgarh,KORBA,Korba,67,,,Normal/Others,"NA - Retrofitting, preservation or conservation of heritage and archaeological monuments and buildings",DISTRICT COLLECTOR KORBA_IDA,2023-10-05,Rejected by IDA,200000,Unsanctioned
MPLADS-036757,Jyotsna Charandas Mahant,Lok Sabha,Chhattisgarh,KORBA,,,KARTALA,Jogipali,Normal/Others,NA - Construction of buildings for community cultural activities,DISTRICT COLLECTOR KORBA_IDA,2023-10-05,Action Pending,300000,Unsanctioned
MPLADS-036758,Jyotsna Charandas Mahant,Lok Sabha,Chhattisgarh,KORBA,,,KARTALA,Kanki,Normal/Others,NA - Construction of additional rooms and halls in the existing public and community building,DISTRICT COLLECTOR KORBA_IDA,2023-10-05,Action Pending,300000,Unsanctioned
MPLADS-036759,Jyotsna Charandas Mahant,Lok Sabha,Chhattisgarh,KORBA,Korba,4,,,Normal/Others,NA - Purchase of non-conventional energy system and devices for community use,DISTRICT COLLECTOR KORBA_IDA,2023-10-05,Rejected by IDA,500000,Unsanctioned
MPLADS-036760,Jyotsna Charandas Mahant,Lok Sabha,Chhattisgarh,KORBA,,,KARTALA,Pahadgaon,Normal/Others,NA - Construction of community centers and community halls,DISTRICT COLLECTOR KORBA_IDA,2023-10-05,Action Pending,300000,Unsanctioned
MPLADS-036761,Jyotsna Charandas Mahant,Lok Sabha,Chhattisgarh,KORBA,,,KARTALA,Saragbundiya,Normal/Others,NA - Construction of buildings for community cultural activities,DISTRICT COLLECTOR KORBA_IDA,2023-10-05,Action Pending,300000,Unsanctioned
MPLADS-036762,Smt Gomati Sai,Lok Sabha,Chhattisgarh,RAIGARH(ST),,,DHARAMJAIGARH,Jamargidee,Normal/Others,NA - Construction of platforms and passenger sheds at railway stations,DISTRICT COLLECTOR RAIGARH_IDA,2023-10-05,Action Pending,250000,Unsanctioned
MPLADS-036763,Sunil Kumar Soni,Lok Sabha,Chhattisgarh,RAIPUR,,,BHATAPARA,Khapri,Normal/Others,"WS/MP567/2023-2024/32169 - Construction of roads, approach roads, link roads and pathways",Collector Baloda Bazar_IDA,2023-10-05,Approved by IDA,500000,Sanctioned
MPLADS-036766,Sunil Kumar Soni,Lok Sabha,Chhattisgarh,RAIPUR,,,ARANG,Ameri,Normal/Others,NA - Construction of community centers and community halls,DISTRICT COLLECTOR RAIPUR_IDA,2023-10-05,Action Pending,500000,Unsanctioned
MPLADS-036784,Sunil Kumar Soni,Lok Sabha,Chhattisgarh,RAIPUR,,,DHARSIWA,Pawani,Normal/Others,WS/MP567/2023-2024/32168 - Construction of common work sheds/ common covered sitting area,DISTRICT COLLECTOR RAIPUR_IDA,2023-10-05,Approved by IDA,500000,Unsanctioned
MPLADS-036785,Sunil Kumar Soni,Lok Sabha,Chhattisgarh,RAIPUR,,,BHATAPARA,Kotmi,Normal/Others,WS/MP567/2023-2024/32166 - Construction of boundary walls of existing public and community buildings,Collector Baloda Bazar_IDA,2023-10-05,Approved by IDA,500000,Sanctioned
MPLADS-036788,Mohan Mandavi,Lok Sabha,Chhattisgarh,KANKER(ST),,,BALOD,Hirapur,Normal/Others,NA - Construction of common work sheds/ common covered sitting area,Collector Balod_IDA,2023-10-05,Action Pending,500000,Unsanctioned
MPLADS-036789,Mohan Mandavi,Lok Sabha,Chhattisgarh,KANKER(ST),,,BALOD,Siwani,Normal/Others,NA - Construction of common work sheds/ common covered sitting area,Collector Balod_IDA,2023-10-05,Action Pending,300000,Unsanctioned
MPLADS-036796,Mohan Mandavi,Lok Sabha,Chhattisgarh,KANKER(ST),,,CHARAMA,Lakhanpuri,Normal/Others,NA - Construction of additional rooms and halls in the existing public and community building,DISTRICT COLLECTOR KANKER_IDA,2023-10-05,Action Pending,200000,Unsanctioned
MPLADS-036804,Mohan Mandavi,Lok Sabha,Chhattisgarh,KANKER(ST),,,CHARAMA,Jepra,Normal/Others,NA - Construction of common work sheds/ common covered sitting area,DISTRICT COLLECTOR KANKER_IDA,2023-10-05,Action Pending,500000,Unsanctioned
MPLADS-036805,Mohan Mandavi,Lok Sabha,Chhattisgarh,KANKER(ST),,,DONDILOHARA,Sorli,Normal/Others,NA - Street lights,Collector Balod_IDA,2023-10-05,Action Pending,1260000,Unsanctioned
MPLADS-036806,Smt Gomati Sai,Lok Sabha,Chhattisgarh,RAIGARH(ST),,,KHARSIA,Tiuar,Normal/Others,NA - Construction of community centers and community halls,DISTRICT COLLECTOR RAIGARH_IDA,2023-10-05,Action Pending,600000,Unsanctioned
MPLADS-036807,Smt Gomati Sai,Lok Sabha,Chhattisgarh,RAIGARH(ST),,,PHARSABAHAR,Kulharbuda,Normal/Others,NA - Embankment construction,DISTRICT COLLECTOR JASHPUR_IDA,2023-10-05,Action Pending,1000000,Unsanctioned
MPLADS-036808,Smt Gomati Sai,Lok Sabha,Chhattisgarh,RAIGARH(ST),,,RAIGARH,Banora,Normal/Others,NA - Construction of community centers and community halls,DISTRICT COLLECTOR RAIGARH_IDA,2023-10-05,Action Pending,650000,Unsanctioned
MPLADS-036809,Smt Gomati Sai,Lok Sabha,Chhattisgarh,RAIGARH(ST),,,LAILUNGA,Tolma,Normal/Others,NA - embankment construction,DISTRICT COLLECTOR RAIGARH_IDA,2023-10-05,Action Pending,1800000,Unsanctioned
MPLADS-036810,Smt Gomati Sai,Lok Sabha,Chhattisgarh,RAIGARH(ST),,,PATTHALGAON,Surangpani,Normal/Others,NA - CC road,DISTRICT COLLECTOR JASHPUR_IDA,2023-10-05,Action Pending,500000,Unsanctioned
MPLADS-036811,Smt Gomati Sai,Lok Sabha,Chhattisgarh,RAIGARH(ST),,,PATTHALGAON,Bagbahar,Normal/Others,NA - CC road,DISTRICT COLLECTOR JASHPUR_IDA,2023-10-05,Action Pending,600000,Unsanctioned
MPLADS-036812,Smt Renuka Singh Saruta,Lok Sabha,Chhattisgarh,SARGUJA(ST),Ambikapur,ward no 21,,,Normal/Others,NA - Construction of community centers and community halls,Collector Surguja_IDA,2023-10-05,Action Pending,1500000,Unsanctioned
MPLADS-036813,Smt Gomati Sai,Lok Sabha,Chhattisgarh,RAIGARH(ST),,,PHARSABAHAR,Jamtoli,Normal/Others,NA - R.C.C. Culvert,DISTRICT COLLECTOR JASHPUR_IDA,2023-10-05,Action Pending,700000,Unsanctioned
MPLADS-036814,Smt Renuka Singh Saruta,Lok Sabha,Chhattisgarh,SARGUJA(ST),,,AMBIKAPUR,Sargawan,Normal/Others,NA - Construction of buildings for community cultural activities,Collector Surguja_IDA,2023-10-05,Action Pending,1000000,Unsanctioned
MPLADS-036815,Smt Gomati Sai,Lok Sabha,Chhattisgarh,RAIGARH(ST),,,KUNKURI,Dhodhidand,Normal/Others,NA - Dam construction,DISTRICT COLLECTOR JASHPUR_IDA,2023-10-05,Action Pending,600000,Unsanctioned
MPLADS-036816,Mohan Mandavi,Lok Sabha,Chhattisgarh,KANKER(ST),,,DONDI,Odgaon,Normal/Others,NA - Common work sheds for artisans,Collector Balod_IDA,2023-10-05,Action Pending,300000,Unsanctioned
MPLADS-036817,Smt Gomati Sai,Lok Sabha,Chhattisgarh,RAIGARH(ST),,,PHARSABAHAR,Suijor,Normal/Others,NA - Gadwal Nirman,DISTRICT COLLECTOR JASHPUR_IDA,2023-10-05,Action Pending,600000,Unsanctioned
MPLADS-036818,Smt Gomati Sai,Lok Sabha,Chhattisgarh,RAIGARH(ST),,,PHARSABAHAR,Lawakera,Normal/Others,NA - embankment construction,DISTRICT COLLECTOR JASHPUR_IDA,2023-10-05,Action Pending,1500000,Unsanctioned
MPLADS-036819,Smt Gomati Sai,Lok Sabha,Chhattisgarh,RAIGARH(ST),,,PHARSABAHAR,Lathbora,Normal/Others,NA - Construction of return wall,DISTRICT COLLECTOR JASHPUR_IDA,2023-10-05,Action Pending,2000000,Unsanctioned
MPLADS-036820,Smt Gomati Sai,Lok Sabha,Chhattisgarh,RAIGARH(ST),,,PHARSABAHAR,Bansajhal,Normal/Others,NA - Return wall construction,DISTRICT COLLECTOR JASHPUR_IDA,2023-10-05,Action Pending,2000000,Unsanctioned
MPLADS-036821,Smt Gomati Sai,Lok Sabha,Chhattisgarh,RAIGARH(ST),,,PHARSABAHAR,Lathbora,Normal/Others,NA - return wall construction,DISTRICT COLLECTOR JASHPUR_IDA,2023-10-05,Action Pending,1500000,Unsanctioned
MPLADS-036823,Smt Gomati Sai,Lok Sabha,Chhattisgarh,RAIGARH(ST),,,PHARSABAHAR,Ankira,Normal/Others,NA - ritaranig wal,DISTRICT COLLECTOR JASHPUR_IDA,2023-10-05,Action Pending,1000000,Unsanctioned
MPLADS-036856,Jyotsna Charandas Mahant,Lok Sabha,Chhattisgarh,KORBA,,,KORBA,Pandripani,Normal/Others,NA - Construction of common work sheds/ common covered sitting area,DISTRICT COLLECTOR KORBA_IDA,2023-10-05,Action Pending,300000,Unsanctioned
MPLADS-036857,Jyotsna Charandas Mahant,Lok Sabha,Chhattisgarh,KORBA,,,KARTALA,Pidiya,Normal/Others,WS/MP514/2023-2024/31674 - Construction of buildings for community cultural activities,DISTRICT COLLECTOR KORBA_IDA,2023-10-05,Approved by IDA,300000,Sanctioned
MPLADS-036858,Jyotsna Charandas Mahant,Lok Sabha,Chhattisgarh,KORBA,,,KARTALA,Pidiya,Normal/Others,NA - Construction of buildings for community cultural activities,DISTRICT COLLECTOR KORBA_IDA,2023-10-05,Action Pending,300000,Unsanctioned
MPLADS-036859,Jyotsna Charandas Mahant,Lok Sabha,Chhattisgarh,KORBA,,,KARTALA,Karrapali,Normal/Others,NA - Construction of common work sheds/ common covered sitting area,DISTRICT COLLECTOR KORBA_IDA,2023-10-05,Action Pending,300000,Unsanctioned
MPLADS-036860,Jyotsna Charandas Mahant,Lok Sabha,Chhattisgarh,KORBA,,,KORBA,Ajgarbahar,Normal/Others,NA - Construction of bus-sheds or bus-stops,DISTRICT COLLECTOR KORBA_IDA,2023-10-05,Action Pending,150000,Unsanctioned
MPLADS-037408,Jyotsna Charandas Mahant,Lok Sabha,Chhattisgarh,KORBA,,,GAURELLA-2,Dhanauli,Normal/Others,NA - Construction of common work sheds/ common covered sitting area,Collector GPM_IDA,2023-10-04,Action Pending,300000,Unsanctioned
MPLADS-037410,Jyotsna Charandas Mahant,Lok Sabha,Chhattisgarh,KORBA,,,GAURELLA-2,Dahibahra,Normal/Others,NA - Construction of community centers and community halls,Collector GPM_IDA,2023-10-04,Action Pending,600000,Unsanctioned
MPLADS-037411,Jyotsna Charandas Mahant,Lok Sabha,Chhattisgarh,KORBA,,,GAURELLA-2,Andhiyarkhoh,Normal/Others,NA - Construction of common work sheds/ common covered sitting area,Collector GPM_IDA,2023-10-04,Action Pending,250000,Unsanctioned
MPLADS-037412,Chunni lal Sahu,Lok Sabha,Chhattisgarh,MAHASAMUND,,,BAGBAHARA,Tendukona,Normal/Others,NA - Construction of buildings for community cultural activities,DISTRICT COLLECTOR MAHASAMUND_IDA,2023-10-04,Action Pending,500000,Unsanctioned
MPLADS-037413,Santosh Pandey,Lok Sabha,Chhattisgarh,RAJNANDGAON,,,CHHURIYA,Jhithra Tola,Normal/Others,WS/MP513/2023-2024/31175 - Common work sheds for artisans,DISTRICT COLLECTOR RAJNANDGAON_IDA,2023-10-04,Approved by IDA,150000,Unsanctioned
MPLADS-037415,Santosh Pandey,Lok Sabha,Chhattisgarh,RAJNANDGAON,,,RAJNANDGAON,Sankra,Normal/Others,WS/MP513/2023-2024/31174 - Common work sheds for artisans,DISTRICT COLLECTOR RAJNANDGAON_IDA,2023-10-04,Approved by IDA,300000,Sanctioned
MPLADS-037841,Vijay Baghel,Lok Sabha,Chhattisgarh,DURG,,,PATAN,Dhaur,Normal/Others,WS/MP568/2023-2024/30596 - Construction of community centers and community halls,DISTRICT COLLECTOR DURG_IDA,2023-10-03,Approved by IDA,50000,Sanctioned
MPLADS-037842,Sunil Kumar Soni,Lok Sabha,Chhattisgarh,RAIPUR,,,SIMGA,Budgahan,Normal/Others,"NA - Construction of roads, approach roads, link roads and pathways",Collector Baloda Bazar_IDA,2023-10-03,Action Pending,500000,Unsanctioned
MPLADS-037872,Sunil Kumar Soni,Lok Sabha,Chhattisgarh,RAIPUR,,,SIMGA,Bhothidih,Normal/Others,"WS/MP567/2023-2024/30686 - Construction of roads, approach roads, link roads and pathways",Collector Baloda Bazar_IDA,2023-10-03,Approved by IDA,500000,Unsanctioned
MPLADS-037934,Jyotsna Charandas Mahant,Lok Sabha,Chhattisgarh,KORBA,,,KARTALA,Navapara,Normal/Others,WS/MP514/2023-2024/30441 - Construction of buildings for community cultural activities,DISTRICT COLLECTOR KORBA_IDA,2023-10-02,Approved by IDA,300000,Sanctioned
MPLADS-037935,Mohan Mandavi,Lok Sabha,Chhattisgarh,KANKER(ST),,,GURUR,Kochera,Normal/Others,NA - Construction of common work sheds/ common covered sitting area,Collector Balod_IDA,2023-10-02,Action Pending,300000,Unsanctioned
MPLADS-037936,Mohan Mandavi,Lok Sabha,Chhattisgarh,KANKER(ST),,,GURUR,Khundani,Normal/Others,NA - Common work sheds for artisans,Collector Balod_IDA,2023-10-02,Action Pending,300000,Unsanctioned
MPLADS-037937,Mohan Mandavi,Lok Sabha,Chhattisgarh,KANKER(ST),,,GURUR,Kharra,Normal/Others,NA - Common work sheds for artisans,Collector Balod_IDA,2023-10-02,Action Pending,300000,Unsanctioned
MPLADS-037938,Mohan Mandavi,Lok Sabha,Chhattisgarh,KANKER(ST),,,GURUR,Parsuli,Normal/Others,NA - Common work sheds for artisans,Collector Balod_IDA,2023-10-02,Action Pending,300000,Unsanctioned
MPLADS-037939,Mohan Mandavi,Lok Sabha,Chhattisgarh,KANKER(ST),,,GUNDERDEHI,Khuteri (Rang),Normal/Others,NA - Common work sheds for artisans,Collector Balod_IDA,2023-10-02,Action Pending,200000,Unsanctioned
MPLADS-037940,Mohan Mandavi,Lok Sabha,Chhattisgarh,KANKER(ST),,,DONDILOHARA,Mudhiya,Normal/Others,NA - Common work sheds for artisans,Collector Balod_IDA,2023-10-02,Action Pending,200000,Unsanctioned
MPLADS-037941,Mohan Mandavi,Lok Sabha,Chhattisgarh,KANKER(ST),,,DONDI,Murramkheda F.V.,Normal/Others,NA - Common work sheds for artisans,Collector Balod_IDA,2023-10-02,Action Pending,300000,Unsanctioned
MPLADS-037942,Jyotsna Charandas Mahant,Lok Sabha,Chhattisgarh,KORBA,,,KARTALA,Kothari,Normal/Others,NA - Crematoriums or structures on burial/ cremation ground for public convenience,DISTRICT COLLECTOR KORBA_IDA,2023-10-02,Action Pending,200000,Unsanctioned
MPLADS-037944,Jyotsna Charandas Mahant,Lok Sabha,Chhattisgarh,KORBA,,,BHARATPUR,Larkonda,Normal/Others,NA - Purchase of mobile water tankers,Collector MCB_IDA,2023-10-02,Action Pending,200000,Unsanctioned
MPLADS-037955,Mohan Mandavi,Lok Sabha,Chhattisgarh,KANKER(ST),,,KANKER,Thelkabode (OG),Normal/Others,NA - SIFFTING OF L.T.T. LINE,DISTRICT COLLECTOR KANKER_IDA,2023-10-02,Action Pending,66200,Unsanctioned
MPLADS-037956,Sunil Kumar Soni,Lok Sabha,Chhattisgarh,RAIPUR,,,ARANG,Charauda-2,Normal/Others,NA - Construction of buildings for community cultural activities,DISTRICT COLLECTOR RAIPUR_IDA,2023-10-02,Action Pending,250000,Unsanctioned
MPLADS-037957,Sunil Kumar Soni,Lok Sabha,Chhattisgarh,RAIPUR,,,ARANG,Ban Charauda,Normal/Others,"WS/MP567/2023-2024/30088 - Construction of roads, approach roads, link roads and pathways",DISTRICT COLLECTOR RAIPUR_IDA,2023-10-02,Approved by IDA,500000,Unsanctioned
MPLADS-037958,Sunil Kumar Soni,Lok Sabha,Chhattisgarh,RAIPUR,,,ARANG,Chhatera,Normal/Others,"NA - Construction of roads, approach roads, link roads and pathways",DISTRICT COLLECTOR RAIPUR_IDA,2023-10-02,Action Pending,400000,Unsanctioned
MPLADS-037959,Sunil Kumar Soni,Lok Sabha,Chhattisgarh,RAIPUR,,,ABHANPUR,Pond,Normal/Others,WS/MP567/2023-2024/30090 - Construction of boundary walls of existing public and community buildings,DISTRICT COLLECTOR RAIPUR_IDA,2023-10-02,Approved by IDA,500000,Unsanctioned
MPLADS-037969,Sunil Kumar Soni,Lok Sabha,Chhattisgarh,RAIPUR,,,BHATAPARA,Dhaurabhata,Normal/Others,"WS/MP567/2023-2024/30091 - Construction of roads, approach roads, link roads and pathways",Collector Baloda Bazar_IDA,2023-10-02,Approved by IDA,500000,Sanctioned
MPLADS-037970,Mohan Mandavi,Lok Sabha,Chhattisgarh,KANKER(ST),,,KANKER,Hatkongera,Normal/Others,NA - Construction of common work sheds/ common covered sitting area,DISTRICT COLLECTOR KANKER_IDA,2023-10-02,Action Pending,500000,Unsanctioned
MPLADS-038010,Mohan Mandavi,Lok Sabha,Chhattisgarh,KANKER(ST),,,CHARAMA,Surawand,Normal/Others,NA - Construction of common work sheds/ common covered sitting area,DISTRICT COLLECTOR KANKER_IDA,2023-10-02,Action Pending,500000,Unsanctioned
MPLADS-038011,Mohan Mandavi,Lok Sabha,Chhattisgarh,KANKER(ST),,,CHARAMA,Guttitola,Normal/Others,NA - Construction of common work sheds/ common covered sitting area,DISTRICT COLLECTOR KANKER_IDA,2023-10-02,Action Pending,200000,Unsanctioned
MPLADS-038012,Mohan Mandavi,Lok Sabha,Chhattisgarh,KANKER(ST),,,CHARAMA,Guttitola,Normal/Others,NA - Construction of common work sheds/ common covered sitting area,DISTRICT COLLECTOR KANKER_IDA,2023-10-02,Action Pending,300000,Unsanctioned
MPLADS-038013,Mohan Mandavi,Lok Sabha,Chhattisgarh,KANKER(ST),,,CHARAMA,Chinauri,Normal/Others,NA - Construction of common work sheds/ common covered sitting area,DISTRICT COLLECTOR KANKER_IDA,2023-10-02,Action Pending,300000,Unsanctioned
MPLADS-038014,Mohan Mandavi,Lok Sabha,Chhattisgarh,KANKER(ST),,,CHARAMA,Chinauri,Normal/Others,NA - Construction of common work sheds/ common covered sitting area,DISTRICT COLLECTOR KANKER_IDA,2023-10-02,Action Pending,150000,Unsanctioned
MPLADS-038015,Mohan Mandavi,Lok Sabha,Chhattisgarh,KANKER(ST),,,CHARAMA,Basanwahi,Normal/Others,NA - Construction of common work sheds/ common covered sitting area,DISTRICT COLLECTOR KANKER_IDA,2023-10-02,Action Pending,100000,Unsanctioned
MPLADS-038016,Mohan Mandavi,Lok Sabha,Chhattisgarh,KANKER(ST),,,CHARAMA,Parsoda,Normal/Others,NA - Construction of common work sheds/ common covered sitting area,DISTRICT COLLECTOR KANKER_IDA,2023-10-02,Action Pending,500000,Unsanctioned
MPLADS-038017,Mohan Mandavi,Lok Sabha,Chhattisgarh,KANKER(ST),,,NARHARPUR,Dumarpani,Normal/Others,NA - Construction of common work sheds/ common covered sitting area,DISTRICT COLLECTOR KANKER_IDA,2023-10-02,Action Pending,300000,Unsanctioned
MPLADS-038018,Mohan Mandavi,Lok Sabha,Chhattisgarh,KANKER(ST),,,GURUR,Titurgahan,Normal/Others,NA - Common work sheds for artisans,Collector Balod_IDA,2023-10-02,Action Pending,200000,Unsanctioned
MPLADS-038019,Mohan Mandavi,Lok Sabha,Chhattisgarh,KANKER(ST),,,GURUR,Gangoripar,Normal/Others,NA - Common work sheds for artisans,Collector Balod_IDA,2023-10-02,Action Pending,300000,Unsanctioned
MPLADS-038313,Smt Gomati Sai,Lok Sabha,Chhattisgarh,RAIGARH(ST),,,PATTHALGAON,Bagbahar,Normal/Others,NA - Concrete road,DISTRICT COLLECTOR JASHPUR_IDA,2023-10-01,Action Pending,300000,Unsanctioned
MPLADS-038578,Arun Sao,Lok Sabha,Chhattisgarh,BILASPUR,,,PATHARIYA,Daruankapa,Normal/Others,WS/MP426/2023-2024/29432 - Construction of buildings for community cultural activities,Collector Mungeli_IDA,2023-09-30,Approved by IDA,500000,Sanctioned
MPLADS-038636,Arun Sao,Lok Sabha,Chhattisgarh,BILASPUR,,,LORMI,Semarsal,Normal/Others,"NA - Construction of roads, link roads, pathways or any other road with or without drainage system",Collector Mungeli_IDA,2023-09-30,Action Pending,500000,Unsanctioned
MPLADS-038637,Arun Sao,Lok Sabha,Chhattisgarh,BILASPUR,,,MUNGELI,Hariyarpur,Normal/Others,"WS/MP426/2023-2024/29449 - Construction of roads, approach roads, link roads and pathways",Collector Mungeli_IDA,2023-09-30,Approved by IDA,500000,Sanctioned
MPLADS-038638,Arun Sao,Lok Sabha,Chhattisgarh,BILASPUR,,,MUNGELI,Khedha,Normal/Others,"WS/MP426/2023-2024/29450 - Construction of roads, approach roads, link roads and pathways",Collector Mungeli_IDA,2023-09-30,Approved by IDA,500000,Sanctioned
MPLADS-038639,Arun Sao,Lok Sabha,Chhattisgarh,BILASPUR,,,MUNGELI,Chhatauna,Normal/Others,"WS/MP426/2023-2024/29451 - Construction of roads, approach roads, link roads and pathways",Collector Mungeli_IDA,2023-09-30,Approved by IDA,500000,Unsanctioned
MPLADS-038640,Arun Sao,Lok Sabha,Chhattisgarh,BILASPUR,,,MUNGELI,Bijatarai,Normal/Others,"WS/MP426/2023-2024/29452 - Construction of roads, approach roads, link roads and pathways",Collector Mungeli_IDA,2023-09-30,Approved by IDA,500000,Unsanctioned
MPLADS-038641,Arun Sao,Lok Sabha,Chhattisgarh,BILASPUR,,,MUNGELI,Deori,Normal/Others,"WS/MP426/2023-2024/29453 - Construction of roads, approach roads, link roads and pathways",Collector Mungeli_IDA,2023-09-30,Approved by IDA,500000,Sanctioned
MPLADS-038642,Arun Sao,Lok Sabha,Chhattisgarh,BILASPUR,,,PATHARIYA,Kokadi,Normal/Others,"WS/MP426/2023-2024/29454 - Construction of roads, approach roads, link roads and pathways",Collector Mungeli_IDA,2023-09-30,Approved by IDA,500000,Sanctioned
MPLADS-038643,Arun Sao,Lok Sabha,Chhattisgarh,BILASPUR,,,MUNGELI,Chatarkhar,Normal/Others,WS/MP426/2023-2024/29455 - Construction of buildings for community cultural activities,Collector Mungeli_IDA,2023-09-30,Approved by IDA,250000,Sanctioned
MPLADS-038644,Arun Sao,Lok Sabha,Chhattisgarh,BILASPUR,,,MUNGELI,Birgahni,Normal/Others,WS/MP426/2023-2024/29456 - Construction of buildings for community cultural activities,Collector Mungeli_IDA,2023-09-30,Approved by IDA,250000,Unsanctioned
MPLADS-038645,Arun Sao,Lok Sabha,Chhattisgarh,BILASPUR,,,MUNGELI,Mohtara,Normal/Others,"WS/MP426/2023-2024/29457 - Construction of roads, approach roads, link roads and pathways",Collector Mungeli_IDA,2023-09-30,Approved by IDA,250000,Sanctioned
MPLADS-038646,Arun Sao,Lok Sabha,Chhattisgarh,BILASPUR,,,MUNGELI,Khaira Setganga,Normal/Others,"WS/MP426/2023-2024/29460 - Retrofitting, preservation or conservation of heritage and archaeological monuments and buildings",Collector Mungeli_IDA,2023-09-30,Approved by IDA,500000,Sanctioned
MPLADS-038647,Arun Sao,Lok Sabha,Chhattisgarh,BILASPUR,,,MUNGELI,Kirna,Normal/Others,WS/MP426/2023-2024/29461 - Construction of buildings for community cultural activities,Collector Mungeli_IDA,2023-09-30,Approved by IDA,500000,Sanctioned
MPLADS-038648,Arun Sao,Lok Sabha,Chhattisgarh,BILASPUR,,,LORMI,Kotari,Normal/Others,NA - Construction of buildings for community cultural activities,Collector Mungeli_IDA,2023-09-30,Action Pending,500000,Unsanctioned
MPLADS-038650,Arun Sao,Lok Sabha,Chhattisgarh,BILASPUR,,,LORMI,Ramhepur Kalan,Normal/Others,NA - Street lights,Collector Mungeli_IDA,2023-09-30,Action Pending,475000,Unsanctioned
MPLADS-038651,Arun Sao,Lok Sabha,Chhattisgarh,BILASPUR,,,LORMI,Naurangpur,Normal/Others,NA - Street lights,Collector Mungeli_IDA,2023-09-30,Action Pending,475000,Unsanctioned
MPLADS-038652,Arun Sao,Lok Sabha,Chhattisgarh,BILASPUR,,,LORMI,Semarsal,Normal/Others,NA - Street lights,Collector Mungeli_IDA,2023-09-30,Action Pending,475000,Unsanctioned
MPLADS-038653,Arun Sao,Lok Sabha,Chhattisgarh,BILASPUR,,,LORMI,Dongrigarh,Normal/Others,NA - Street lights,Collector Mungeli_IDA,2023-09-30,Action Pending,475000,Unsanctioned
MPLADS-038661,Arun Sao,Lok Sabha,Chhattisgarh,BILASPUR,,,PATHARIYA,Chhindbhog,Normal/Others,WS/MP426/2023-2024/29439 - Construction of additional rooms and halls in the existing public and community building,Collector Mungeli_IDA,2023-09-30,Approved by IDA,500000,Sanctioned
MPLADS-038662,Arun Sao,Lok Sabha,Chhattisgarh,BILASPUR,,,BELHA,Amerikapa,Normal/Others,"NA - Retrofitting, preservation or conservation of heritage and archaeological monuments and buildings",DISTRICT COLLECTOR BILASPUR_IDA,2023-09-30,Action Pending,100000,Unsanctioned
MPLADS-038663,Arun Sao,Lok Sabha,Chhattisgarh,BILASPUR,,,BELHA,Amaldiha,Normal/Others,NA - Construction of buildings for community cultural activities,DISTRICT COLLECTOR BILASPUR_IDA,2023-09-30,Action Pending,500000,Unsanctioned
MPLADS-038664,Arun Sao,Lok Sabha,Chhattisgarh,BILASPUR,,,BELHA,Utagan,Normal/Others,NA - Construction of buildings for community cultural activities,DISTRICT COLLECTOR BILASPUR_IDA,2023-09-30,Action Pending,500000,Unsanctioned
MPLADS-038671,Arun Sao,Lok Sabha,Chhattisgarh,BILASPUR,,,TAKHATPUR,Beltookri,Normal/Others,NA - Construction of buildings for community cultural activities,DISTRICT COLLECTOR BILASPUR_IDA,2023-09-30,Action Pending,500000,Unsanctioned
MPLADS-038672,Arun Sao,Lok Sabha,Chhattisgarh,BILASPUR,,,TAKHATPUR,Gokulpur,Normal/Others,NA - Construction of buildings for community cultural activities,DISTRICT COLLECTOR BILASPUR_IDA,2023-09-30,Action Pending,500000,Unsanctioned
MPLADS-038673,Arun Sao,Lok Sabha,Chhattisgarh,BILASPUR,,,TAKHATPUR,Limha,Normal/Others,"NA - Construction of roads, approach roads, link roads and pathways",DISTRICT COLLECTOR BILASPUR_IDA,2023-09-30,Action Pending,500000,Unsanctioned
MPLADS-038674,Arun Sao,Lok Sabha,Chhattisgarh,BILASPUR,,,TAKHATPUR,Chanadongri,Normal/Others,"NA - Construction of roads, approach roads, link roads and pathways",DISTRICT COLLECTOR BILASPUR_IDA,2023-09-30,Action Pending,500000,Unsanctioned
MPLADS-038675,Arun Sao,Lok Sabha,Chhattisgarh,BILASPUR,,,TAKHATPUR,Nigarbandh,Normal/Others,NA - Construction of buildings for community cultural activities,DISTRICT COLLECTOR BILASPUR_IDA,2023-09-30,Action Pending,500000,Unsanctioned
MPLADS-038676,Arun Sao,Lok Sabha,Chhattisgarh,BILASPUR,Bilaspur,04,,,Normal/Others,NA - Construction of buildings for community cultural activities,DISTRICT COLLECTOR BILASPUR_IDA,2023-09-30,Action Pending,300000,Unsanctioned
MPLADS-038677,Arun Sao,Lok Sabha,Chhattisgarh,BILASPUR,Bilaspur,02,,,Normal/Others,WS/MP426/2023-2024/29378 - Installing tube-wells and borewells,DISTRICT COLLECTOR BILASPUR_IDA,2023-09-30,Approved by IDA,200000,Unsanctioned
MPLADS-038678,Arun Sao,Lok Sabha,Chhattisgarh,BILASPUR,Bilaspur,02,,,Normal/Others,WS/MP426/2023-2024/29379 - Installing tube-wells and borewells,DISTRICT COLLECTOR BILASPUR_IDA,2023-09-30,Approved by IDA,200000,Unsanctioned
MPLADS-038679,Arun Sao,Lok Sabha,Chhattisgarh,BILASPUR,Bilaspur,04,,,Normal/Others,WS/MP426/2023-2024/29380 - Installing tube-wells and borewells,DISTRICT COLLECTOR BILASPUR_IDA,2023-09-30,Approved by IDA,200000,Unsanctioned
MPLADS-038680,Arun Sao,Lok Sabha,Chhattisgarh,BILASPUR,Bilaspur,02,,,Normal/Others,WS/MP426/2023-2024/29381 - Installing tube-wells and borewells,DISTRICT COLLECTOR BILASPUR_IDA,2023-09-30,Approved by IDA,200000,Unsanctioned
MPLADS-038681,Arun Sao,Lok Sabha,Chhattisgarh,BILASPUR,,,PATHARIYA,Saket,Normal/Others,"WS/MP426/2023-2024/29428 - Construction of roads, approach roads, link roads and pathways",Collector Mungeli_IDA,2023-09-30,Approved by IDA,500000,Sanctioned
MPLADS-038682,Arun Sao,Lok Sabha,Chhattisgarh,BILASPUR,,,PATHARIYA,Hinchhapuri,Normal/Others,WS/MP426/2023-2024/29429 - Construction of buildings for community cultural activities,Collector Mungeli_IDA,2023-09-30,Approved by IDA,500000,Sanctioned
MPLADS-038683,Arun Sao,Lok Sabha,Chhattisgarh,BILASPUR,,,PATHARIYA,Chandali,Normal/Others,WS/MP426/2023-2024/29430 - Construction of buildings for community cultural activities,Collector Mungeli_IDA,2023-09-30,Approved by IDA,500000,Sanctioned
MPLADS-038684,Arun Sao,Lok Sabha,Chhattisgarh,BILASPUR,,,PATHARIYA,Kapua,Normal/Others,NA - Construction of buildings for community cultural activities,Collector Mungeli_IDA,2023-09-30,Action Pending,500000,Unsanctioned
MPLADS-038685,Arun Sao,Lok Sabha,Chhattisgarh,BILASPUR,,,PATHARIYA,Marrakona,Normal/Others,WS/MP426/2023-2024/29433 - Construction of buildings for community cultural activities,Collector Mungeli_IDA,2023-09-30,Approved by IDA,500000,Sanctioned
MPLADS-038686,Arun Sao,Lok Sabha,Chhattisgarh,BILASPUR,,,BELHA,Guma,Normal/Others,NA - Construction of buildings for community cultural activities,DISTRICT COLLECTOR BILASPUR_IDA,2023-09-30,Action Pending,500000,Unsanctioned
MPLADS-038687,Arun Sao,Lok Sabha,Chhattisgarh,BILASPUR,,,BELHA,Kunwa,Normal/Others,NA - Construction of buildings for community cultural activities,DISTRICT COLLECTOR BILASPUR_IDA,2023-09-30,Action Pending,500000,Unsanctioned
MPLADS-038691,Smt Phulo Devi Netam,Rajya Sabha,Chhattisgarh,Sitting Rajya Sabha,,,JAGDALPUR,Puspal,Normal/Others,WS/MP224/2023-2024/29395 - Installation of multi-gym equipment,DISTRICT COLLECTOR BASTAR_IDA,2023-09-30,Approved by IDA,1250000,Unsanctioned
MPLADS-038698,Smt Phulo Devi Netam,Rajya Sabha,Chhattisgarh,Sitting Rajya Sabha,,,JAGDALPUR,Bhejapadar,Normal/Others,NA - Installation of multi-gym equipment,DISTRICT COLLECTOR BASTAR_IDA,2023-09-30,Action Pending,1250000,Unsanctioned
MPLADS-038699,Smt Phulo Devi Netam,Rajya Sabha,Chhattisgarh,Sitting Rajya Sabha,,,JAGDALPUR,Billori,Normal/Others,NA - Installation of multi-gym equipment,DISTRICT COLLECTOR BASTAR_IDA,2023-09-30,Action Pending,1250000,Unsanctioned
MPLADS-038700,Smt Phulo Devi Netam,Rajya Sabha,Chhattisgarh,Sitting Rajya Sabha,,,JAGDALPUR,Netanar,Normal/Others,NA - Installation of multi-gym equipment,DISTRICT COLLECTOR BASTAR_IDA,2023-09-30,Action Pending,1250000,Unsanctioned
MPLADS-038701,Smt Phulo Devi Netam,Rajya Sabha,Chhattisgarh,Sitting Rajya Sabha,,,JAGDALPUR,Tondapal,Normal/Others,WS/MP224/2023-2024/29397 - Installation of multi-gym equipment,DISTRICT COLLECTOR BASTAR_IDA,2023-09-30,Approved by IDA,1250000,Unsanctioned
MPLADS-038702,Smt Phulo Devi Netam,Rajya Sabha,Chhattisgarh,Sitting Rajya Sabha,,,JAGDALPUR,Garawand Khurd,Normal/Others,NA - Installation of multi-gym equipment,DISTRICT COLLECTOR BASTAR_IDA,2023-09-30,Action Pending,1250000,Unsanctioned
MPLADS-038703,Smt Phulo Devi Netam,Rajya Sabha,Chhattisgarh,Sitting Rajya Sabha,,,JAGDALPUR,Alnar,Normal/Others,WS/MP224/2023-2024/29394 - Installation of multi-gym equipment,DISTRICT COLLECTOR BASTAR_IDA,2023-09-30,Approved by IDA,1250000,Unsanctioned
MPLADS-038705,Smt Phulo Devi Netam,Rajya Sabha,Chhattisgarh,Sitting Rajya Sabha,,,JAGDALPUR,Sadgud,Normal/Others,WS/MP224/2023-2024/29393 - Installation of multi-gym equipment,DISTRICT COLLECTOR BASTAR_IDA,2023-09-30,Approved by IDA,1250000,Unsanctioned
MPLADS-039141,Arun Sao,Lok Sabha,Chhattisgarh,BILASPUR,Bilaspur,58,,,Normal/Others,"NA - Construction of roads, approach roads, link roads and pathways",DISTRICT COLLECTOR BILASPUR_IDA,2023-09-29,Action Pending,600000,Unsanctioned
MPLADS-039142,Jyotsna Charandas Mahant,Lok Sabha,Chhattisgarh,KORBA,Korba,02,,,Normal/Others,WS/MP514/2023-2024/28914 - Construction of community centers and community halls,DISTRICT COLLECTOR KORBA_IDA,2023-09-29,Approved by IDA,500000,Sanctioned
MPLADS-039143,Jyotsna Charandas Mahant,Lok Sabha,Chhattisgarh,KORBA,,,PODI UPARODA,Amakhokhara,Normal/Others,WS/MP514/2023-2024/28915 - Construction of boundary walls of existing public and community buildings,DISTRICT COLLECTOR KORBA_IDA,2023-09-29,Approved by IDA,500000,Sanctioned
MPLADS-039144,Jyotsna Charandas Mahant,Lok Sabha,Chhattisgarh,KORBA,,,PALI,Lohadia,Normal/Others,WS/MP514/2023-2024/28916 - Construction of community centers and community halls,DISTRICT COLLECTOR KORBA_IDA,2023-09-29,Approved by IDA,1900000,Sanctioned
MPLADS-039576,Santosh Pandey,Lok Sabha,Chhattisgarh,RAJNANDGAON,,,CHHUIKHADAN,Bhorampur,Normal/Others,"WS/MP513/2023-2024/28204 - Construction of roads, approach roads, link roads and pathways",District Collector Khairagarh_IDA,2023-09-28,Approved by IDA,1000000,Sanctioned
MPLADS-039587,Santosh Pandey,Lok Sabha,Chhattisgarh,RAJNANDGAON,,,RAJNANDGAON,Litiya,Normal/Others,"WS/MP513/2023-2024/28201 - Construction of roads, approach roads, link roads and pathways",DISTRICT COLLECTOR RAJNANDGAON_IDA,2023-09-28,Approved by IDA,200000,Unsanctioned
MPLADS-039589,Santosh Pandey,Lok Sabha,Chhattisgarh,RAJNANDGAON,,,KHAIRAGARH,Parasbod,Normal/Others,"NA - Construction of roads, approach roads, link roads and pathways",District Collector Khairagarh_IDA,2023-09-28,Action Pending,300000,Unsanctioned
MPLADS-039590,Santosh Pandey,Lok Sabha,Chhattisgarh,RAJNANDGAON,,,DONGARGHAR,Bijnapur,Normal/Others,"WS/MP513/2023-2024/28202 - Construction of roads, approach roads, link roads and pathways",DISTRICT COLLECTOR RAJNANDGAON_IDA,2023-09-28,Approved by IDA,500000,Sanctioned
MPLADS-039592,Santosh Pandey,Lok Sabha,Chhattisgarh,RAJNANDGAON,,,RAJNANDGAON,Dharamapur,Normal/Others,"WS/MP513/2023-2024/28208 - Construction of roads, approach roads, link roads and pathways",DISTRICT COLLECTOR RAJNANDGAON_IDA,2023-09-28,Approved by IDA,500000,Sanctioned
MPLADS-039593,Santosh Pandey,Lok Sabha,Chhattisgarh,RAJNANDGAON,,,RAJNANDGAON,Parri Khurd,Normal/Others,"WS/MP513/2023-2024/28209 - Construction of roads, approach roads, link roads and pathways",DISTRICT COLLECTOR RAJNANDGAON_IDA,2023-09-28,Approved by IDA,500000,Sanctioned
MPLADS-039594,Santosh Pandey,Lok Sabha,Chhattisgarh,RAJNANDGAON,,,RAJNANDGAON,Danganiya,Normal/Others,"WS/MP513/2023-2024/28210 - Construction of roads, approach roads, link roads and pathways",DISTRICT COLLECTOR RAJNANDGAON_IDA,2023-09-28,Approved by IDA,1000000,Sanctioned
MPLADS-039595,Santosh Pandey,Lok Sabha,Chhattisgarh,RAJNANDGAON,,,RAJNANDGAON,Tumdi Lewa,Normal/Others,"WS/MP513/2023-2024/28211 - Construction of roads, approach roads, link roads and pathways",DISTRICT COLLECTOR RAJNANDGAON_IDA,2023-09-28,Approved by IDA,1000000,Completed
MPLADS-039596,Santosh Pandey,Lok Sabha,Chhattisgarh,RAJNANDGAON,,,DONGARGHAR,Sendri,Normal/Others,"WS/MP513/2023-2024/28212 - Construction of roads, approach roads, link roads and pathways",DISTRICT COLLECTOR RAJNANDGAON_IDA,2023-09-28,Approved by IDA,300000,Sanctioned
MPLADS-039597,Santosh Pandey,Lok Sabha,Chhattisgarh,RAJNANDGAON,,,DONGARGHAR,Khursipar,Normal/Others,"WS/MP513/2023-2024/28213 - Construction of roads, approach roads, link roads and pathways",DISTRICT COLLECTOR RAJNANDGAON_IDA,2023-09-28,Approved by IDA,500000,Sanctioned
MPLADS-039600,Santosh Pandey,Lok Sabha,Chhattisgarh,RAJNANDGAON,,,DONGARGHAR,Hirapur,Normal/Others,"WS/MP513/2023-2024/28214 - Construction of roads, approach roads, link roads and pathways",DISTRICT COLLECTOR RAJNANDGAON_IDA,2023-09-28,Approved by IDA,500000,Sanctioned
MPLADS-039601,Santosh Pandey,Lok Sabha,Chhattisgarh,RAJNANDGAON,,,CHHUIKHADAN,Atariya,Normal/Others,"WS/MP513/2023-2024/28205 - Construction of roads, approach roads, link roads and pathways",District Collector Khairagarh_IDA,2023-09-28,Approved by IDA,500000,Sanctioned
MPLADS-039793,Smt Phulo Devi Netam,Rajya Sabha,Chhattisgarh,Sitting Rajya Sabha,,,BADERAJPUR,Dhondra,Normal/Others,WS/MP224/2023-2024/27691 - Creation of new ponds,DISTRICT COLLECTOR KONDAGAON_IDA,2023-09-27,Approved by IDA,2000000,Sanctioned
MPLADS-039796,Smt Phulo Devi Netam,Rajya Sabha,Chhattisgarh,Sitting Rajya Sabha,,,BADERAJPUR,Dhamanpuri,Normal/Others,WS/MP224/2023-2024/27687 - Creation of new ponds,DISTRICT COLLECTOR KONDAGAON_IDA,2023-09-27,Approved by IDA,2000000,Sanctioned
MPLADS-039797,Smt Phulo Devi Netam,Rajya Sabha,Chhattisgarh,Sitting Rajya Sabha,,,BADERAJPUR,Badbattar,Normal/Others,NA - Creation of new ponds,DISTRICT COLLECTOR KONDAGAON_IDA,2023-09-27,Rejected by IDA,2000000,Unsanctioned
MPLADS-039798,Smt Phulo Devi Netam,Rajya Sabha,Chhattisgarh,Sitting Rajya Sabha,,,BADERAJPUR,Chhindli,Normal/Others,WS/MP224/2023-2024/27689 - Creation of new ponds,DISTRICT COLLECTOR KONDAGAON_IDA,2023-09-27,Approved by IDA,2000000,Sanctioned
MPLADS-039799,Smt Phulo Devi Netam,Rajya Sabha,Chhattisgarh,Sitting Rajya Sabha,,,BADERAJPUR,Mandokikhargaon,Normal/Others,WS/MP224/2023-2024/27690 - Creation of new ponds,DISTRICT COLLECTOR KONDAGAON_IDA,2023-09-27,Approved by IDA,2000000,Sanctioned
MPLADS-039801,Smt Phulo Devi Netam,Rajya Sabha,Chhattisgarh,Sitting Rajya Sabha,,,BADERAJPUR,Chhindli,Normal/Others,WS/MP224/2023-2024/27693 - Development of playfields and sports grounds,DISTRICT COLLECTOR KONDAGAON_IDA,2023-09-27,Approved by IDA,1000000,Sanctioned
MPLADS-039807,Smt Phulo Devi Netam,Rajya Sabha,Chhattisgarh,Sitting Rajya Sabha,,,BADERAJPUR,Dhamanpuri,Normal/Others,"WS/MP224/2023-2024/27692 - Construction of roads, link roads, pathways or any other road with or without drainage system",DISTRICT COLLECTOR KONDAGAON_IDA,2023-09-27,Approved by IDA,2000000,Sanctioned
MPLADS-039811,Smt Gomati Sai,Lok Sabha,Chhattisgarh,RAIGARH(ST),,,PATTHALGAON,Gharjiya Bathan,Normal/Others,NA - Construction of community centers and community halls,DISTRICT COLLECTOR JASHPUR_IDA,2023-09-27,Action Pending,600000,Unsanctioned
MPLADS-039812,Smt Gomati Sai,Lok Sabha,Chhattisgarh,RAIGARH(ST),,,PATTHALGAON,Kudkelkhajari,Normal/Others,NA - Construction of community centers and community halls,DISTRICT COLLECTOR JASHPUR_IDA,2023-09-27,Action Pending,600000,Unsanctioned
MPLADS-039813,Smt Gomati Sai,Lok Sabha,Chhattisgarh,RAIGARH(ST),,,KUNKURI,Pakarikachhar,Normal/Others,NA - Construction of platforms and passenger sheds at railway stations,DISTRICT COLLECTOR JASHPUR_IDA,2023-09-27,Action Pending,300000,Unsanctioned
MPLADS-039814,Smt Gomati Sai,Lok Sabha,Chhattisgarh,RAIGARH(ST),,,KUNKURI,Beharakhar,Normal/Others,NA - Construction of platforms and passenger sheds at railway stations,DISTRICT COLLECTOR JASHPUR_IDA,2023-09-27,Action Pending,300000,Unsanctioned
MPLADS-039815,Smt Gomati Sai,Lok Sabha,Chhattisgarh,RAIGARH(ST),,,KUNKURI,Bematatoli,Normal/Others,NA - Construction of platforms and passenger sheds at railway stations,DISTRICT COLLECTOR JASHPUR_IDA,2023-09-27,Action Pending,300000,Unsanctioned
MPLADS-039816,Smt Gomati Sai,Lok Sabha,Chhattisgarh,RAIGARH(ST),,,PHARSABAHAR,Bhagora,Normal/Others,WS/MP569/2023-2024/27755 - Installing tube-wells and borewells,DISTRICT COLLECTOR JASHPUR_IDA,2023-09-27,Approved by IDA,135000,Sanctioned
MPLADS-039817,Smt Gomati Sai,Lok Sabha,Chhattisgarh,RAIGARH(ST),,,JASHPUR,Ratamati,Normal/Others,NA - Construction of culverts and bridges,DISTRICT COLLECTOR JASHPUR_IDA,2023-09-27,Action Pending,600000,Unsanctioned
MPLADS-039818,Smt Gomati Sai,Lok Sabha,Chhattisgarh,RAIGARH(ST),,,KANSABEL,Khuntitoli,Normal/Others,NA - Construction of platforms and passenger sheds at railway stations,DISTRICT COLLECTOR JASHPUR_IDA,2023-09-27,Action Pending,500000,Unsanctioned
MPLADS-039819,Smt Gomati Sai,Lok Sabha,Chhattisgarh,RAIGARH(ST),,,PHARSABAHAR,Kulharbuda,Normal/Others,WS/MP569/2023-2024/27758 - Construction of community centers and community halls,DISTRICT COLLECTOR JASHPUR_IDA,2023-09-27,Approved by IDA,500000,Sanctioned
MPLADS-039820,Smt Gomati Sai,Lok Sabha,Chhattisgarh,RAIGARH(ST),,,PHARSABAHAR,Uparkachhar,Normal/Others,WS/MP569/2023-2024/27760 - Construction of platforms and passenger sheds at railway stations,DISTRICT COLLECTOR JASHPUR_IDA,2023-09-27,Approved by IDA,200000,Sanctioned
MPLADS-039821,Smt Gomati Sai,Lok Sabha,Chhattisgarh,RAIGARH(ST),,,PHARSABAHAR,Bhagora,Normal/Others,WS/MP569/2023-2024/27580 - Construction of additional rooms and halls in the existing public and community building,DISTRICT COLLECTOR JASHPUR_IDA,2023-09-27,Approved by IDA,500000,Sanctioned
MPLADS-039822,Smt Gomati Sai,Lok Sabha,Chhattisgarh,RAIGARH(ST),,,PATTHALGAON,Tarekela,Normal/Others,NA - Construction of community centers and community halls,DISTRICT COLLECTOR JASHPUR_IDA,2023-09-27,Action Pending,600000,Unsanctioned
MPLADS-039823,Smt Gomati Sai,Lok Sabha,Chhattisgarh,RAIGARH(ST),,,KANSABEL,Deori,Normal/Others,NA - Construction of community centers and community halls,DISTRICT COLLECTOR JASHPUR_IDA,2023-09-27,Action Pending,600000,Unsanctioned
MPLADS-039830,Smt Gomati Sai,Lok Sabha,Chhattisgarh,RAIGARH(ST),,,PATTHALGAON,Khutapani,Normal/Others,NA - Construction of community centers and community halls,DISTRICT COLLECTOR JASHPUR_IDA,2023-09-27,Action Pending,500000,Unsanctioned
MPLADS-039831,Smt Gomati Sai,Lok Sabha,Chhattisgarh,RAIGARH(ST),,,PHARSABAHAR,Bokhi,Normal/Others,WS/MP569/2023-2024/27579 - Construction of buildings for community cultural activities,DISTRICT COLLECTOR JASHPUR_IDA,2023-09-27,Approved by IDA,250000,Sanctioned
MPLADS-039833,Smt Gomati Sai,Lok Sabha,Chhattisgarh,RAIGARH(ST),,,PHARSABAHAR,Pagurabahar,Normal/Others,WS/MP569/2023-2024/27243 - Construction of community centers and community halls,DISTRICT COLLECTOR JASHPUR_IDA,2023-09-27,Approved by IDA,500000,Sanctioned
MPLADS-039842,Sunil Kumar Soni,Lok Sabha,Chhattisgarh,RAIPUR,Birgaon,1,,,Normal/Others,NA - Construction of community centers and community halls,DISTRICT COLLECTOR RAIPUR_IDA,2023-09-27,Action Pending,250000,Unsanctioned
MPLADS-039843,Smt Gomati Sai,Lok Sabha,Chhattisgarh,RAIGARH(ST),,,PHARSABAHAR,Bokhi,Normal/Others,WS/MP569/2023-2024/27578 - Construction of community centers and community halls,DISTRICT COLLECTOR JASHPUR_IDA,2023-09-27,Approved by IDA,500000,Sanctioned
MPLADS-039844,Smt Gomati Sai,Lok Sabha,Chhattisgarh,RAIGARH(ST),,,PHARSABAHAR,Kharibahar,Normal/Others,WS/MP569/2023-2024/27570 - Construction of buildings for community cultural activities,DISTRICT COLLECTOR JASHPUR_IDA,2023-09-27,Approved by IDA,500000,Sanctioned
MPLADS-039845,Smt Gomati Sai,Lok Sabha,Chhattisgarh,RAIGARH(ST),,,PHARSABAHAR,Singibahar,Normal/Others,WS/MP569/2023-2024/27571 - Construction of buildings for community cultural activities,DISTRICT COLLECTOR JASHPUR_IDA,2023-09-27,Approved by IDA,500000,Sanctioned
MPLADS-039846,Smt Gomati Sai,Lok Sabha,Chhattisgarh,RAIGARH(ST),,,PHARSABAHAR,Uparkachhar,Normal/Others,WS/MP569/2023-2024/27572 - Construction of buildings for community cultural activities,DISTRICT COLLECTOR JASHPUR_IDA,2023-09-27,Approved by IDA,300000,Sanctioned
MPLADS-039847,Smt Gomati Sai,Lok Sabha,Chhattisgarh,RAIGARH(ST),,,PHARSABAHAR,Pagurabahar,Normal/Others,WS/MP569/2023-2024/27573 - Construction of buildings for community cultural activities,DISTRICT COLLECTOR JASHPUR_IDA,2023-09-27,Approved by IDA,250000,Sanctioned
MPLADS-039848,Smt Gomati Sai,Lok Sabha,Chhattisgarh,RAIGARH(ST),,,PHARSABAHAR,Sundru,Normal/Others,WS/MP569/2023-2024/27574 - Construction of community centers and community halls,DISTRICT COLLECTOR JASHPUR_IDA,2023-09-27,Approved by IDA,400000,Sanctioned
MPLADS-039849,Smt Gomati Sai,Lok Sabha,Chhattisgarh,RAIGARH(ST),,,PHARSABAHAR,Joranda Jharia,Normal/Others,WS/MP569/2023-2024/27575 - Construction of community centers and community halls,DISTRICT COLLECTOR JASHPUR_IDA,2023-09-27,Approved by IDA,600000,Sanctioned
MPLADS-039850,Smt Gomati Sai,Lok Sabha,Chhattisgarh,RAIGARH(ST),,,PHARSABAHAR,Kersai,Normal/Others,WS/MP569/2023-2024/27576 - Construction of community centers and community halls,DISTRICT COLLECTOR JASHPUR_IDA,2023-09-27,Approved by IDA,500000,Sanctioned
MPLADS-039851,Smt Gomati Sai,Lok Sabha,Chhattisgarh,RAIGARH(ST),,,PHARSABAHAR,Pharsabahar,Normal/Others,WS/MP569/2023-2024/27577 - Construction of community centers and community halls,DISTRICT COLLECTOR JASHPUR_IDA,2023-09-27,Approved by IDA,600000,Sanctioned
MPLADS-040251,Mohan Mandavi,Lok Sabha,Chhattisgarh,KANKER(ST),,,KANKER,Telawat,Normal/Others,NA - Construction of common work sheds/ common covered sitting area,DISTRICT COLLECTOR KANKER_IDA,2023-09-26,Action Pending,500000,Unsanctioned
MPLADS-040252,Mohan Mandavi,Lok Sabha,Chhattisgarh,KANKER(ST),,,NARHARPUR,Abhanpur,Normal/Others,NA - Construction of common work sheds/ common covered sitting area,DISTRICT COLLECTOR KANKER_IDA,2023-09-26,Action Pending,500000,Unsanctioned
MPLADS-040253,Mohan Mandavi,Lok Sabha,Chhattisgarh,KANKER(ST),,,NARHARPUR,Amoda,Normal/Others,NA - Common work sheds for artisans,DISTRICT COLLECTOR KANKER_IDA,2023-09-26,Action Pending,500000,Unsanctioned
MPLADS-040265,Mohan Mandavi,Lok Sabha,Chhattisgarh,KANKER(ST),,,BHANUPRATAPPUR,Sambalpur,Normal/Others,NA - Construction of common work sheds/ common covered sitting area,DISTRICT COLLECTOR KANKER_IDA,2023-09-26,Action Pending,500000,Unsanctioned
MPLADS-040279,Mohan Mandavi,Lok Sabha,Chhattisgarh,KANKER(ST),,,KANKER,Mudpar (Subhiya),Normal/Others,NA - Construction of common work sheds/ common covered sitting area,DISTRICT COLLECTOR KANKER_IDA,2023-09-26,Action Pending,300000,Unsanctioned
MPLADS-040280,Mohan Mandavi,Lok Sabha,Chhattisgarh,KANKER(ST),,,CHARAMA,Chapeli,Normal/Others,NA - Common work sheds for artisans,DISTRICT COLLECTOR KANKER_IDA,2023-09-26,Action Pending,300000,Unsanctioned
MPLADS-040297,Mohan Mandavi,Lok Sabha,Chhattisgarh,KANKER(ST),,,KOILEBEDA,Vishnupur,Normal/Others,NA - Construction of community centers and community halls,DISTRICT COLLECTOR KANKER_IDA,2023-09-26,Action Pending,500000,Unsanctioned
MPLADS-040301,Santosh Pandey,Lok Sabha,Chhattisgarh,RAJNANDGAON,Rajnandgaon,ward 21,,,Trust and Society,WS/MP513/2023-2024/26937 - Construction of community centers and community halls,DISTRICT COLLECTOR RAJNANDGAON_IDA,2023-09-26,Approved by IDA,500000,Unsanctioned
MPLADS-040302,Santosh Pandey,Lok Sabha,Chhattisgarh,RAJNANDGAON,,,DONGARGAON,Banbhedi,Normal/Others,WS/MP513/2023-2024/26815 - Installation of fixed garden gym equipment,DISTRICT COLLECTOR RAJNANDGAON_IDA,2023-09-26,Approved by IDA,500000,
MPLADS-040303,Santosh Pandey,Lok Sabha,Chhattisgarh,RAJNANDGAON,,,DONGARGAON,Medha,Normal/Others,WS/MP513/2023-2024/26814 - Installation of fixed garden gym equipment,DISTRICT COLLECTOR RAJNANDGAON_IDA,2023-09-26,Approved by IDA,500000,
MPLADS-040304,Santosh Pandey,Lok Sabha,Chhattisgarh,RAJNANDGAON,,,DONGARGAON,Jangalpur,Normal/Others,WS/MP513/2023-2024/26813 - Installation of fixed garden gym equipment,DISTRICT COLLECTOR RAJNANDGAON_IDA,2023-09-26,Approved by IDA,500000,
MPLADS-040305,Santosh Pandey,Lok Sabha,Chhattisgarh,RAJNANDGAON,,,RAJNANDGAON,Khairjhiti,Normal/Others,WS/MP513/2023-2024/26812 - Installation of fixed garden gym equipment,DISTRICT COLLECTOR RAJNANDGAON_IDA,2023-09-26,Approved by IDA,500000,Sanctioned
MPLADS-040306,Santosh Pandey,Lok Sabha,Chhattisgarh,RAJNANDGAON,,,RAJNANDGAON,Dumardeeh Khurd,Normal/Others,WS/MP513/2023-2024/26811 - Installation of fixed garden gym equipment,DISTRICT COLLECTOR RAJNANDGAON_IDA,2023-09-26,Approved by IDA,500000,Sanctioned
MPLADS-040307,Santosh Pandey,Lok Sabha,Chhattisgarh,RAJNANDGAON,,,RAJNANDGAON,Barbaspur,Normal/Others,WS/MP513/2023-2024/26810 - Installation of fixed garden gym equipment,DISTRICT COLLECTOR RAJNANDGAON_IDA,2023-09-26,Approved by IDA,500000,Sanctioned
MPLADS-040308,Santosh Pandey,Lok Sabha,Chhattisgarh,RAJNANDGAON,,,A.CHOWKI (TD),Bihari Kalan,Normal/Others,WS/MP513/2023-2024/26581 - Construction of bus-sheds or bus-stops,Collector MMC_IDA,2023-09-26,Approved by IDA,610000,Sanctioned
MPLADS-040309,Santosh Pandey,Lok Sabha,Chhattisgarh,RAJNANDGAON,,,A.CHOWKI (TD),Jhitiya,Normal/Others,WS/MP513/2023-2024/26580 - Construction of bus-sheds or bus-stops,Collector MMC_IDA,2023-09-26,Approved by IDA,610000,Sanctioned
MPLADS-040310,Mohan Mandavi,Lok Sabha,Chhattisgarh,KANKER(ST),Bhanupratappur,Bhanupratappur wor no. 06,,,Normal/Others,NA - Construction of common work sheds/ common covered sitting area,DISTRICT COLLECTOR KANKER_IDA,2023-09-26,Action Pending,500000,Unsanctioned
MPLADS-040868,Mohan Mandavi,Lok Sabha,Chhattisgarh,KANKER(ST),,,BADERAJPUR,Pitechuwa,Normal/Others,NA - Common work sheds for artisans,DISTRICT COLLECTOR KONDAGAON_IDA,2023-09-25,Action Pending,500000,Unsanctioned
MPLADS-040869,Mohan Mandavi,Lok Sabha,Chhattisgarh,KANKER(ST),,,DONDILOHARA,Pidiyal,Normal/Others,NA - Common work sheds for artisans,Collector Balod_IDA,2023-09-25,Action Pending,300000,Unsanctioned
MPLADS-040870,Mohan Mandavi,Lok Sabha,Chhattisgarh,KANKER(ST),,,GURUR,Mujalgondi,Normal/Others,NA - Common work sheds for artisans,Collector Balod_IDA,2023-09-25,Action Pending,500000,Unsanctioned
MPLADS-040871,Sunil Kumar Soni,Lok Sabha,Chhattisgarh,RAIPUR,,,BALODA BAZAR,Sakari,Normal/Others,"NA - Construction of roads, link roads, pathways or any other road with or without drainage system",Collector Baloda Bazar_IDA,2023-09-25,Action Pending,500000,Unsanctioned
MPLADS-040986,Deepak Baij,Lok Sabha,Chhattisgarh,BASTAR(ST),,,LOHANDIGUDA,Binta,Normal/Others,NA - Construction of common work sheds/ common covered sitting area,DISTRICT COLLECTOR BASTAR_IDA,2023-09-24,Action Pending,300000,Unsanctioned
MPLADS-040987,Deepak Baij,Lok Sabha,Chhattisgarh,BASTAR(ST),,,LOHANDIGUDA,Kuthar,Normal/Others,NA - Construction of community centers and community halls,DISTRICT COLLECTOR BASTAR_IDA,2023-09-24,Action Pending,300000,Unsanctioned
MPLADS-040988,Deepak Baij,Lok Sabha,Chhattisgarh,BASTAR(ST),,,LOHANDIGUDA,Gadhiya,Repair and Renovation,"NA - Construction of roads, link roads, pathways or any other road with or without drainage system",DISTRICT COLLECTOR BASTAR_IDA,2023-09-24,Action Pending,2000000,Unsanctioned
MPLADS-040989,Deepak Baij,Lok Sabha,Chhattisgarh,BASTAR(ST),,,LOHANDIGUDA,Gadhiya,Repair and Renovation,"NA - Construction of roads, link roads, pathways or any other road with or without drainage system",DISTRICT COLLECTOR BASTAR_IDA,2023-09-24,Action Pending,2000000,Unsanctioned
MPLADS-040990,Deepak Baij,Lok Sabha,Chhattisgarh,BASTAR(ST),,,LOHANDIGUDA,Belar,Normal/Others,"NA - Construction of roads, link roads, pathways or any other road with or without drainage system",DISTRICT COLLECTOR BASTAR_IDA,2023-09-24,Action Pending,450000,Unsanctioned
MPLADS-040991,Deepak Baij,Lok Sabha,Chhattisgarh,BASTAR(ST),,,LOHANDIGUDA,Chitrakot,Normal/Others,"NA - Construction of roads, link roads, pathways or any other road with or without drainage system",DISTRICT COLLECTOR BASTAR_IDA,2023-09-24,Action Pending,625000,Unsanctioned
MPLADS-040993,Deepak Baij,Lok Sabha,Chhattisgarh,BASTAR(ST),,,LOHANDIGUDA,Alnar,Normal/Others,"NA - Construction of roads, link roads, pathways or any other road with or without drainage system",DISTRICT COLLECTOR BASTAR_IDA,2023-09-24,Action Pending,789000,Unsanctioned
MPLADS-040994,Deepak Baij,Lok Sabha,Chhattisgarh,BASTAR(ST),,,LOHANDIGUDA,Mandar,Normal/Others,"NA - Construction of roads, link roads, pathways or any other road with or without drainage system",DISTRICT COLLECTOR BASTAR_IDA,2023-09-24,Action Pending,702000,Unsanctioned
MPLADS-041039,Deepak Baij,Lok Sabha,Chhattisgarh,BASTAR(ST),,,DARBHA,PAKHNAR 3,Normal/Others,"NA - Construction of roads, approach roads, link roads and pathways",DISTRICT COLLECTOR BASTAR_IDA,2023-09-24,Action Pending,858000,Unsanctioned
MPLADS-041044,Deepak Baij,Lok Sabha,Chhattisgarh,BASTAR(ST),,,DARBHA,Nilegondibodenar,Normal/Others,"NA - Construction of roads, link roads, pathways or any other road with or without drainage system",DISTRICT COLLECTOR BASTAR_IDA,2023-09-24,Action Pending,854000,Unsanctioned
MPLADS-041045,Deepak Baij,Lok Sabha,Chhattisgarh,BASTAR(ST),,,DARBHA,PAKHNAR 2,Normal/Others,"NA - Construction of roads, link roads, pathways or any other road with or without drainage system",DISTRICT COLLECTOR BASTAR_IDA,2023-09-24,Action Pending,637000,Unsanctioned
MPLADS-041046,Deepak Baij,Lok Sabha,Chhattisgarh,BASTAR(ST),,,DARBHA,Sedwa,Normal/Others,"NA - Construction of roads, approach roads, link roads and pathways",DISTRICT COLLECTOR BASTAR_IDA,2023-09-24,Action Pending,869000,Unsanctioned
MPLADS-041047,Deepak Baij,Lok Sabha,Chhattisgarh,BASTAR(ST),,,DARBHA,CHITAPUR 2,Normal/Others,"NA - Construction of roads, approach roads, link roads and pathways",DISTRICT COLLECTOR BASTAR_IDA,2023-09-24,Action Pending,500000,Unsanctioned
MPLADS-041048,Deepak Baij,Lok Sabha,Chhattisgarh,BASTAR(ST),,,DARBHA,Alwa,Normal/Others,"NA - Construction of roads, approach roads, link roads and pathways",DISTRICT COLLECTOR BASTAR_IDA,2023-09-24,Action Pending,604000,Unsanctioned
MPLADS-041050,Deepak Baij,Lok Sabha,Chhattisgarh,BASTAR(ST),,,DARBHA,Mundagarh,Normal/Others,NA - Construction of community centers and community halls,DISTRICT COLLECTOR BASTAR_IDA,2023-09-24,Action Pending,634000,Unsanctioned
MPLADS-041051,Deepak Baij,Lok Sabha,Chhattisgarh,BASTAR(ST),,,TOKAPAL,Patharli Alis(Udwa),Normal/Others,"NA - Construction of roads, link roads, pathways or any other road with or without drainage system",DISTRICT COLLECTOR BASTAR_IDA,2023-09-24,Action Pending,390000,Unsanctioned
MPLADS-041052,Deepak Baij,Lok Sabha,Chhattisgarh,BASTAR(ST),,,TOKAPAL,Telanga Aarapur,Repair and Renovation,"NA - Construction of roads, link roads, pathways or any other road with or without drainage system",DISTRICT COLLECTOR BASTAR_IDA,2023-09-24,Action Pending,1000000,Unsanctioned
MPLADS-041053,Deepak Baij,Lok Sabha,Chhattisgarh,BASTAR(ST),,,TOKAPAL,Sirisguda,Normal/Others,"NA - Construction of roads, link roads, pathways or any other road with or without drainage system",DISTRICT COLLECTOR BASTAR_IDA,2023-09-24,Action Pending,564000,Unsanctioned
MPLADS-041054,Deepak Baij,Lok Sabha,Chhattisgarh,BASTAR(ST),,,TOKAPAL,Sosanpal,Normal/Others,"NA - Construction of roads, link roads, pathways or any other road with or without drainage system",DISTRICT COLLECTOR BASTAR_IDA,2023-09-24,Action Pending,578000,Unsanctioned
MPLADS-041055,Deepak Baij,Lok Sabha,Chhattisgarh,BASTAR(ST),,,TOKAPAL,Palwa,Normal/Others,NA - Construction of community centers and community halls,DISTRICT COLLECTOR BASTAR_IDA,2023-09-24,Action Pending,500000,Unsanctioned
MPLADS-041056,Deepak Baij,Lok Sabha,Chhattisgarh,BASTAR(ST),,,TOKAPAL,Barupata,Normal/Others,NA - Construction of buildings for community cultural activities,DISTRICT COLLECTOR BASTAR_IDA,2023-09-24,Action Pending,500000,Unsanctioned
MPLADS-041057,Deepak Baij,Lok Sabha,Chhattisgarh,BASTAR(ST),,,LOHANDIGUDA,Bheja,Normal/Others,NA - Construction of culverts and bridges,DISTRICT COLLECTOR BASTAR_IDA,2023-09-24,Action Pending,350000,Unsanctioned
MPLADS-041357,Deepak Baij,Lok Sabha,Chhattisgarh,BASTAR(ST),,,BASTANAR,Badekilepal,Normal/Others,"NA - Construction of roads, link roads, pathways or any other road with or without drainage system",DISTRICT COLLECTOR BASTAR_IDA,2023-09-23,Action Pending,550000,Unsanctioned
MPLADS-041358,Deepak Baij,Lok Sabha,Chhattisgarh,BASTAR(ST),,,BASTANAR,Parlameta,Normal/Others,"NA - Construction of roads, approach roads, link roads and pathways",DISTRICT COLLECTOR BASTAR_IDA,2023-09-23,Action Pending,645000,Unsanctioned
MPLADS-041359,Deepak Baij,Lok Sabha,Chhattisgarh,BASTAR(ST),,,BASTANAR,Chhotekilepal,Normal/Others,"NA - Construction of roads, link roads, pathways or any other road with or without drainage system",DISTRICT COLLECTOR BASTAR_IDA,2023-09-23,Action Pending,1000000,Unsanctioned
MPLADS-041360,Sunil Kumar Soni,Lok Sabha,Chhattisgarh,RAIPUR,Bhatapara,13,,,Normal/Others,WS/MP567/2023-2024/25163 - Construction of community centers and community halls,Collector Baloda Bazar_IDA,2023-09-23,Approved by IDA,650000,Unsanctioned
MPLADS-041361,Sunil Kumar Soni,Lok Sabha,Chhattisgarh,RAIPUR,Bhatapara,5,,,Normal/Others,WS/MP567/2023-2024/25162 - Construction of community centers and community halls,Collector Baloda Bazar_IDA,2023-09-23,Approved by IDA,1000000,Unsanctioned
MPLADS-041362,Sunil Kumar Soni,Lok Sabha,Chhattisgarh,RAIPUR,,,SIMGA,Tulsi,Normal/Others,WS/MP567/2023-2024/25161 - Construction of community centers and community halls,Collector Baloda Bazar_IDA,2023-09-23,Approved by IDA,600000,Unsanctioned
MPLADS-041363,Sunil Kumar Soni,Lok Sabha,Chhattisgarh,RAIPUR,,,BHATAPARA,Khapradih,Normal/Others,"WS/MP567/2023-2024/25130 - Construction of roads, approach roads, link roads and pathways",Collector Baloda Bazar_IDA,2023-09-23,Approved by IDA,500000,Sanctioned
MPLADS-041364,Sunil Kumar Soni,Lok Sabha,Chhattisgarh,RAIPUR,,,BHATAPARA,Gudeliya,Normal/Others,WS/MP567/2023-2024/25129 - Construction of buildings for community cultural activities,Collector Baloda Bazar_IDA,2023-09-23,Approved by IDA,500000,Sanctioned
MPLADS-041365,Sunil Kumar Soni,Lok Sabha,Chhattisgarh,RAIPUR,,,SIMGA,Hirmi (CT),Normal/Others,WS/MP567/2023-2024/25128 - Construction of buildings for community cultural activities,Collector Baloda Bazar_IDA,2023-09-23,Approved by IDA,300000,Unsanctioned
MPLADS-041366,Sunil Kumar Soni,Lok Sabha,Chhattisgarh,RAIPUR,,,SIMGA,Pendri,Normal/Others,"WS/MP567/2023-2024/25127 - Construction of roads, approach roads, link roads and pathways",Collector Baloda Bazar_IDA,2023-09-23,Approved by IDA,500000,Unsanctioned
MPLADS-041367,Sunil Kumar Soni,Lok Sabha,Chhattisgarh,RAIPUR,,,SIMGA,Suhela,Normal/Others,WS/MP567/2023-2024/25126 - Construction of community centers and community halls,Collector Baloda Bazar_IDA,2023-09-23,Approved by IDA,500000,Unsanctioned
MPLADS-041368,Sunil Kumar Soni,Lok Sabha,Chhattisgarh,RAIPUR,,,BALODA BAZAR,Mohtara,Normal/Others,NA - Construction of community centers and community halls,Collector Baloda Bazar_IDA,2023-09-23,Action Pending,250000,Unsanctioned
MPLADS-041369,Sunil Kumar Soni,Lok Sabha,Chhattisgarh,RAIPUR,,,SIMGA,Jaroud(Bade),Normal/Others,"WS/MP567/2023-2024/25124 - Construction of roads, approach roads, link roads and pathways",Collector Baloda Bazar_IDA,2023-09-23,Approved by IDA,500000,Sanctioned
MPLADS-041370,Sunil Kumar Soni,Lok Sabha,Chhattisgarh,RAIPUR,,,SIMGA,Newdha,Normal/Others,"WS/MP567/2023-2024/25123 - Construction of roads, approach roads, link roads and pathways",Collector Baloda Bazar_IDA,2023-09-23,Approved by IDA,500000,Unsanctioned
MPLADS-041608,Deepak Baij,Lok Sabha,Chhattisgarh,BASTAR(ST),,,DARBHA,CHITAPUR 2,Normal/Others,NA - Construction of buildings for community cultural activities,DISTRICT COLLECTOR BASTAR_IDA,2023-09-22,Action Pending,700000,Unsanctioned
MPLADS-041609,Deepak Baij,Lok Sabha,Chhattisgarh,BASTAR(ST),,,DARBHA,Badekadma,Normal/Others,"NA - Construction of roads, link roads, pathways or any other road with or without drainage system",DISTRICT COLLECTOR BASTAR_IDA,2023-09-22,Action Pending,515000,Unsanctioned
MPLADS-041610,Deepak Baij,Lok Sabha,Chhattisgarh,BASTAR(ST),,,DARBHA,CHHINDAWADA 2,Normal/Others,"NA - Construction of roads, link roads, pathways or any other road with or without drainage system",DISTRICT COLLECTOR BASTAR_IDA,2023-09-22,Action Pending,800000,Unsanctioned
MPLADS-041611,Deepak Baij,Lok Sabha,Chhattisgarh,BASTAR(ST),,,DARBHA,CHHINDAWADA 3,Normal/Others,NA - Construction of culverts and bridges,DISTRICT COLLECTOR BASTAR_IDA,2023-09-22,Action Pending,350000,Unsanctioned
MPLADS-041813,Deepak Baij,Lok Sabha,Chhattisgarh,BASTAR(ST),,,BASTAR,Sonarpal,Normal/Others,NA - Construction of community centers and community halls,DISTRICT COLLECTOR BASTAR_IDA,2023-09-22,Action Pending,500000,Unsanctioned
MPLADS-041814,Deepak Baij,Lok Sabha,Chhattisgarh,BASTAR(ST),,,DARBHA,Alwa,Normal/Others,NA - Community Toilets,DISTRICT COLLECTOR BASTAR_IDA,2023-09-22,Action Pending,100000,Unsanctioned
MPLADS-041815,Deepak Baij,Lok Sabha,Chhattisgarh,BASTAR(ST),,,DARBHA,Chhindwada,Normal/Others,NA - Community Toilets,DISTRICT COLLECTOR BASTAR_IDA,2023-09-22,Action Pending,100000,Unsanctioned
MPLADS-041816,Deepak Baij,Lok Sabha,Chhattisgarh,BASTAR(ST),,,DARBHA,Gumadpal,Normal/Others,NA - Community Toilets,DISTRICT COLLECTOR BASTAR_IDA,2023-09-22,Action Pending,100000,Unsanctioned
MPLADS-041817,Deepak Baij,Lok Sabha,Chhattisgarh,BASTAR(ST),,,DARBHA,Gumadpal,Normal/Others,NA - Construction of buildings for community cultural activities,DISTRICT COLLECTOR BASTAR_IDA,2023-09-22,Action Pending,500000,Unsanctioned
MPLADS-041837,Deepak Baij,Lok Sabha,Chhattisgarh,BASTAR(ST),,,TOKAPAL,CHHAPARBHANPURI 2,Normal/Others,"NA - Construction of roads, link roads, pathways or any other road with or without drainage system",DISTRICT COLLECTOR BASTAR_IDA,2023-09-22,Action Pending,600000,Unsanctioned
MPLADS-041838,Deepak Baij,Lok Sabha,Chhattisgarh,BASTAR(ST),,,TOKAPAL,Chhaparbhanpuri,Normal/Others,"NA - Construction of roads, link roads, pathways or any other road with or without drainage system",DISTRICT COLLECTOR BASTAR_IDA,2023-09-22,Action Pending,600000,Unsanctioned
MPLADS-041839,Deepak Baij,Lok Sabha,Chhattisgarh,BASTAR(ST),,,TOKAPAL,SALEPAL 2,Normal/Others,"NA - Construction of roads, approach roads, link roads and pathways",DISTRICT COLLECTOR BASTAR_IDA,2023-09-22,Action Pending,764000,Unsanctioned
MPLADS-041840,Deepak Baij,Lok Sabha,Chhattisgarh,BASTAR(ST),,,TOKAPAL,Salepal,Normal/Others,"NA - Construction of roads, link roads, pathways or any other road with or without drainage system",DISTRICT COLLECTOR BASTAR_IDA,2023-09-22,Action Pending,443000,Unsanctioned
MPLADS-041852,Vijay Baghel,Lok Sabha,Chhattisgarh,DURG,,,PATAN,Nawagaon,Normal/Others,WS/MP568/2023-2024/24856 - Construction of community centers and community halls,DISTRICT COLLECTOR DURG_IDA,2023-09-22,Approved by IDA,700000,Sanctioned
MPLADS-041853,Deepak Baij,Lok Sabha,Chhattisgarh,BASTAR(ST),,,JAGDALPUR,Jamawada,Normal/Others,NA - Construction of buildings for community cultural activities,DISTRICT COLLECTOR BASTAR_IDA,2023-09-22,Action Pending,500000,Unsanctioned
MPLADS-041854,Deepak Baij,Lok Sabha,Chhattisgarh,BASTAR(ST),Jagdalpur,Gurugovind Singh Ward - 36,,,Normal/Others,NA - Construction of buildings for community cultural activities,DISTRICT COLLECTOR BASTAR_IDA,2023-09-22,Action Pending,600000,Unsanctioned
MPLADS-041855,Deepak Baij,Lok Sabha,Chhattisgarh,BASTAR(ST),,,LOHANDIGUDA,Harra Koder,Normal/Others,"NA - Construction of roads, link roads, pathways or any other road with or without drainage system",DISTRICT COLLECTOR BASTAR_IDA,2023-09-22,Action Pending,600000,Unsanctioned
MPLADS-041856,Deepak Baij,Lok Sabha,Chhattisgarh,BASTAR(ST),,,LOHANDIGUDA,Harra Koder,Normal/Others,"NA - Construction of roads, link roads, pathways or any other road with or without drainage system",DISTRICT COLLECTOR BASTAR_IDA,2023-09-22,Action Pending,800000,Unsanctioned
MPLADS-041857,Deepak Baij,Lok Sabha,Chhattisgarh,BASTAR(ST),,,LOHANDIGUDA,Chitrakot,Normal/Others,NA - Construction of buildings for community cultural activities,DISTRICT COLLECTOR BASTAR_IDA,2023-09-22,Action Pending,500000,Unsanctioned
MPLADS-041858,Deepak Baij,Lok Sabha,Chhattisgarh,BASTAR(ST),,,LOHANDIGUDA,Palam,Normal/Others,WS/MP566/2023-2024/24792 - Construction of buildings for community cultural activities,DISTRICT COLLECTOR BASTAR_IDA,2023-09-22,Approved by IDA,500000,Sanctioned
MPLADS-041859,Deepak Baij,Lok Sabha,Chhattisgarh,BASTAR(ST),,,BASTAR,Gunpur,Normal/Others,NA - Construction of flood control embankments,DISTRICT COLLECTOR BASTAR_IDA,2023-09-22,Action Pending,1278000,Unsanctioned
MPLADS-041860,Deepak Baij,Lok Sabha,Chhattisgarh,BASTAR(ST),,,TOKAPAL,SALEPAL 2,Normal/Others,"NA - Construction of roads, link roads, pathways or any other road with or without drainage system",DISTRICT COLLECTOR BASTAR_IDA,2023-09-22,Action Pending,122000,Unsanctioned
MPLADS-041861,Deepak Baij,Lok Sabha,Chhattisgarh,BASTAR(ST),,,TOKAPAL,SALEPAL 2,Normal/Others,"NA - Construction of roads, link roads, pathways or any other road with or without drainage system",DISTRICT COLLECTOR BASTAR_IDA,2023-09-22,Action Pending,122000,Unsanctioned
MPLADS-041862,Deepak Baij,Lok Sabha,Chhattisgarh,BASTAR(ST),,,TOKAPAL,SALEPAL 2,Normal/Others,"NA - Construction of roads, link roads, pathways or any other road with or without drainage system",DISTRICT COLLECTOR BASTAR_IDA,2023-09-22,Action Pending,163000,Unsanctioned
MPLADS-041863,Deepak Baij,Lok Sabha,Chhattisgarh,BASTAR(ST),,,TOKAPAL,SALEPAL 2,Normal/Others,"NA - Construction of roads, link roads, pathways or any other road with or without drainage system",DISTRICT COLLECTOR BASTAR_IDA,2023-09-22,Action Pending,244000,Unsanctioned
MPLADS-042111,Santosh Pandey,Lok Sabha,Chhattisgarh,RAJNANDGAON,,,CHHURIYA,Kaldabri,Normal/Others,"WS/MP513/2023-2024/24059 - Construction of roads, approach roads, link roads and pathways",DISTRICT COLLECTOR RAJNANDGAON_IDA,2023-09-21,Approved by IDA,1000000,Sanctioned
MPLADS-042112,Santosh Pandey,Lok Sabha,Chhattisgarh,RAJNANDGAON,,,CHHURIYA,Karmari,Normal/Others,"WS/MP513/2023-2024/24060 - Construction of roads, approach roads, link roads and pathways",DISTRICT COLLECTOR RAJNANDGAON_IDA,2023-09-21,Approved by IDA,1000000,Sanctioned
MPLADS-042113,Vijay Baghel,Lok Sabha,Chhattisgarh,DURG,Patan,"RANITRAI, PATAN",,,Normal/Others,"WS/MP568/2023-2024/24284 - Construction of roads, approach roads, link roads and pathways",DISTRICT COLLECTOR DURG_IDA,2023-09-21,Approved by IDA,1000000,Sanctioned
MPLADS-042114,Vijay Baghel,Lok Sabha,Chhattisgarh,DURG,Patan,"RANITRAI, PATAN",,,Normal/Others,WS/MP568/2023-2024/24285 - Construction of community centers and community halls,DISTRICT COLLECTOR DURG_IDA,2023-09-21,Approved by IDA,650000,Sanctioned
MPLADS-042115,Vijay Baghel,Lok Sabha,Chhattisgarh,DURG,Patan,"GABDI, PATAN",,,Normal/Others,WS/MP568/2023-2024/24286 - Construction of community centers and community halls,DISTRICT COLLECTOR DURG_IDA,2023-09-21,Approved by IDA,300000,Sanctioned
MPLADS-042116,Vijay Baghel,Lok Sabha,Chhattisgarh,DURG,,,PATAN,Aktai,Normal/Others,WS/MP568/2023-2024/24288 - Installation of multi-gym equipment,DISTRICT COLLECTOR DURG_IDA,2023-09-21,Approved by IDA,500000,Sanctioned
MPLADS-042147,Vijay Baghel,Lok Sabha,Chhattisgarh,DURG,,,PATAN,Saoni,Normal/Others,"WS/MP568/2023-2024/24289 - Construction of roads, approach roads, link roads and pathways",DISTRICT COLLECTOR DURG_IDA,2023-09-21,Approved by IDA,500000,Sanctioned
MPLADS-042148,Vijay Baghel,Lok Sabha,Chhattisgarh,DURG,,,PATAN,Pachpedi,Normal/Others,"WS/MP568/2023-2024/24290 - Construction of roads, approach roads, link roads and pathways",DISTRICT COLLECTOR DURG_IDA,2023-09-21,Approved by IDA,500000,Sanctioned
MPLADS-042149,Vijay Baghel,Lok Sabha,Chhattisgarh,DURG,,,PATAN,Sikola (Patan),Normal/Others,"WS/MP568/2023-2024/24291 - Construction of roads, approach roads, link roads and pathways",DISTRICT COLLECTOR DURG_IDA,2023-09-21,Approved by IDA,500000,Sanctioned
MPLADS-042164,Vijay Baghel,Lok Sabha,Chhattisgarh,DURG,,,PATAN,Bathena,Normal/Others,"WS/MP568/2023-2024/24292 - Construction of roads, approach roads, link roads and pathways",DISTRICT COLLECTOR DURG_IDA,2023-09-21,Approved by IDA,500000,Sanctioned
MPLADS-042181,Vijay Baghel,Lok Sabha,Chhattisgarh,DURG,,,PATAN,Changori,Normal/Others,"WS/MP568/2023-2024/24293 - Construction of roads, approach roads, link roads and pathways",DISTRICT COLLECTOR DURG_IDA,2023-09-21,Approved by IDA,500000,Ongoing
MPLADS-042182,Vijay Baghel,Lok Sabha,Chhattisgarh,DURG,Kumhari,JANJGIRI,,,Normal/Others,WS/MP568/2023-2024/24294 - Construction of community centers and community halls,DISTRICT COLLECTOR DURG_IDA,2023-09-21,Approved by IDA,400000,Unsanctioned
MPLADS-042183,Vijay Baghel,Lok Sabha,Chhattisgarh,DURG,Kumhari,WARD 1 KUMHARI,,,Normal/Others,WS/MP568/2023-2024/24295 - Installing tube-wells and borewells,DISTRICT COLLECTOR DURG_IDA,2023-09-21,Approved by IDA,300000,Unsanctioned
MPLADS-042184,Vijay Baghel,Lok Sabha,Chhattisgarh,DURG,Kumhari,WARD 12,,,Normal/Others,WS/MP568/2023-2024/24296 - Installation of multi-gym equipment,DISTRICT COLLECTOR DURG_IDA,2023-09-21,Approved by IDA,400000,Unsanctioned
MPLADS-042185,Vijay Baghel,Lok Sabha,Chhattisgarh,DURG,Kumhari,WARD 16 KUMHARI,,,Normal/Others,WS/MP568/2023-2024/24297 - Construction of community centers and community halls,DISTRICT COLLECTOR DURG_IDA,2023-09-21,Approved by IDA,100000,Unsanctioned
MPLADS-042186,Vijay Baghel,Lok Sabha,Chhattisgarh,DURG,,,PATAN,Reewagahan,Normal/Others,WS/MP568/2023-2024/24298 - Construction of community centers and community halls,DISTRICT COLLECTOR DURG_IDA,2023-09-21,Approved by IDA,700000,Sanctioned
MPLADS-042187,Vijay Baghel,Lok Sabha,Chhattisgarh,DURG,,,PATAN,Selud,Normal/Others,WS/MP568/2023-2024/24299 - Construction of community centers and community halls,DISTRICT COLLECTOR DURG_IDA,2023-09-21,Approved by IDA,390000,Sanctioned
MPLADS-042390,Mohan Mandavi,Lok Sabha,Chhattisgarh,KANKER(ST),Kanker,Schools Kanker Distt.,,,Normal/Others,WS/MP565/2023-2024/23365 - Purchase Books for Library,DISTRICT COLLECTOR KANKER_IDA,2023-09-20,Approved by IDA,1998000,Ongoing
MPLADS-042391,Vijay Baghel,Lok Sabha,Chhattisgarh,DURG,,,PATAN,Selud,Normal/Others,NA - Construction of community centers and community halls,DISTRICT COLLECTOR DURG_IDA,2023-09-20,Action Pending,800000,Unsanctioned
MPLADS-042392,Vijay Baghel,Lok Sabha,Chhattisgarh,DURG,,,DURG,Arasnara,Normal/Others,NA - Construction of community centers and community halls,DISTRICT COLLECTOR DURG_IDA,2023-09-20,Action Pending,500000,Unsanctioned
MPLADS-042393,Vijay Baghel,Lok Sabha,Chhattisgarh,DURG,Durg,WARD 57 URLA DURG,,,Normal/Others,WS/MP568/2023-2024/23448 - Installing tube-wells and borewells,DISTRICT COLLECTOR DURG_IDA,2023-09-20,Approved by IDA,100000,Unsanctioned
MPLADS-042634,Jyotsna Charandas Mahant,Lok Sabha,Chhattisgarh,KORBA,,,KORBA,Girari,Normal/Others,WS/MP514/2023-2024/22804 - Construction of community centers and community halls,DISTRICT COLLECTOR KORBA_IDA,2023-09-19,Approved by IDA,500000,Sanctioned
MPLADS-042635,Jyotsna Charandas Mahant,Lok Sabha,Chhattisgarh,KORBA,,,KARTALA,Badmar,Normal/Others,WS/MP514/2023-2024/22805 - Construction of community centers and community halls,DISTRICT COLLECTOR KORBA_IDA,2023-09-19,Approved by IDA,500000,Sanctioned
MPLADS-042636,Jyotsna Charandas Mahant,Lok Sabha,Chhattisgarh,KORBA,,,KARTALA,Navapara,Normal/Others,WS/MP514/2023-2024/22806 - Construction of community centers and community halls,DISTRICT COLLECTOR KORBA_IDA,2023-09-19,Approved by IDA,500000,Sanctioned
MPLADS-042637,Jyotsna Charandas Mahant,Lok Sabha,Chhattisgarh,KORBA,,,KORBA,Rajgamar (CT),Normal/Others,WS/MP514/2023-2024/22807 - Construction of community centers and community halls,DISTRICT COLLECTOR KORBA_IDA,2023-09-19,Approved by IDA,500000,Unsanctioned
MPLADS-042638,Jyotsna Charandas Mahant,Lok Sabha,Chhattisgarh,KORBA,Korba,47,,,Normal/Others,NA - Construction of common work sheds/ common covered sitting area,DISTRICT COLLECTOR KORBA_IDA,2023-09-19,Action Pending,200000,Unsanctioned
MPLADS-042639,Jyotsna Charandas Mahant,Lok Sabha,Chhattisgarh,KORBA,,,PALI,Kera Jhariya,Normal/Others,WS/MP514/2023-2024/22809 - Construction of common work sheds/ common covered sitting area,DISTRICT COLLECTOR KORBA_IDA,2023-09-19,Approved by IDA,200000,Sanctioned
MPLADS-042640,Santosh Pandey,Lok Sabha,Chhattisgarh,RAJNANDGAON,,,CHHURIYA,Khobha,Normal/Others,WS/MP513/2023-2024/22871 - Construction of community centers and community halls,DISTRICT COLLECTOR RAJNANDGAON_IDA,2023-09-19,Approved by IDA,500000,Unsanctioned
MPLADS-043017,Mohan Mandavi,Lok Sabha,Chhattisgarh,KANKER(ST),Dalli Rajhara,word no. 22,,,Normal/Others,NA - Construction of community centers and community halls,Collector Balod_IDA,2023-09-18,Action Pending,300000,Unsanctioned
MPLADS-043018,Mohan Mandavi,Lok Sabha,Chhattisgarh,KANKER(ST),,,PHARASGAON,Bhongapal,Normal/Others,NA - Common work sheds for artisans,DISTRICT COLLECTOR KONDAGAON_IDA,2023-09-18,Action Pending,300000,Unsanctioned
MPLADS-043020,Mohan Mandavi,Lok Sabha,Chhattisgarh,KANKER(ST),,,BADERAJPUR,Taraibeda (Harwel),Normal/Others,NA - Common work sheds for artisans,DISTRICT COLLECTOR KONDAGAON_IDA,2023-09-18,Action Pending,300000,Unsanctioned
MPLADS-043021,Mohan Mandavi,Lok Sabha,Chhattisgarh,KANKER(ST),,,DONDILOHARA,Bhalu Konha,Normal/Others,NA - Construction of common work sheds/ common covered sitting area,Collector Balod_IDA,2023-09-18,Action Pending,300000,Unsanctioned
MPLADS-043022,Mohan Mandavi,Lok Sabha,Chhattisgarh,KANKER(ST),,,GURUR,Bohardih,Normal/Others,NA - Construction of community centers and community halls,Collector Balod_IDA,2023-09-18,Action Pending,500000,Unsanctioned
MPLADS-043026,Mohan Mandavi,Lok Sabha,Chhattisgarh,KANKER(ST),,,BADERAJPUR,Marangpuri,Normal/Others,NA - Common work sheds for artisans,DISTRICT COLLECTOR KONDAGAON_IDA,2023-09-18,Action Pending,500000,Unsanctioned
MPLADS-043027,Mohan Mandavi,Lok Sabha,Chhattisgarh,KANKER(ST),,,CHARAMA,Kotela,Normal/Others,NA - Construction of common work sheds/ common covered sitting area,DISTRICT COLLECTOR KANKER_IDA,2023-09-18,Action Pending,300000,Unsanctioned
MPLADS-043028,Mohan Mandavi,Lok Sabha,Chhattisgarh,KANKER(ST),,,NARHARPUR,Kapaspoti,Normal/Others,NA - Construction of common work sheds/ common covered sitting area,DISTRICT COLLECTOR KANKER_IDA,2023-09-18,Action Pending,300000,Unsanctioned
MPLADS-043029,Vijay Baghel,Lok Sabha,Chhattisgarh,DURG,,,PATAN,Tarrighat,Normal/Others,"WS/MP568/2023-2024/22519 - Construction of roads, approach roads, link roads and pathways",DISTRICT COLLECTOR DURG_IDA,2023-09-18,Approved by IDA,500000,Sanctioned
MPLADS-043078,Vijay Baghel,Lok Sabha,Chhattisgarh,DURG,,,PATAN,Khudmudi,Normal/Others,"WS/MP568/2023-2024/22521 - Construction of roads, approach roads, link roads and pathways",DISTRICT COLLECTOR DURG_IDA,2023-09-18,Approved by IDA,500000,Sanctioned
MPLADS-043100,Vijay Baghel,Lok Sabha,Chhattisgarh,DURG,,,PATAN,Supkona,Normal/Others,"WS/MP568/2023-2024/22520 - Construction of roads, approach roads, link roads and pathways",DISTRICT COLLECTOR DURG_IDA,2023-09-18,Approved by IDA,500000,Sanctioned
MPLADS-043101,Vijay Baghel,Lok Sabha,Chhattisgarh,DURG,,,PATAN,Arasnara (Devara),Normal/Others,"WS/MP568/2023-2024/22524 - Construction of roads, approach roads, link roads and pathways",DISTRICT COLLECTOR DURG_IDA,2023-09-18,Approved by IDA,800000,Sanctioned
MPLADS-043102,Vijay Baghel,Lok Sabha,Chhattisgarh,DURG,,,PATAN,Kesra,Normal/Others,"WS/MP568/2023-2024/22522 - Construction of roads, approach roads, link roads and pathways",DISTRICT COLLECTOR DURG_IDA,2023-09-18,Approved by IDA,500000,Sanctioned
MPLADS-043135,Vijay Baghel,Lok Sabha,Chhattisgarh,DURG,,,PATAN,Santra,Normal/Others,"WS/MP568/2023-2024/22523 - Construction of roads, approach roads, link roads and pathways",DISTRICT COLLECTOR DURG_IDA,2023-09-18,Approved by IDA,1000000,Sanctioned
MPLADS-043178,Vijay Baghel,Lok Sabha,Chhattisgarh,DURG,,,BERLA,Bhimbhori,Normal/Others,NA - Construction of community centers and community halls,Collector Bemetara_IDA,2023-09-18,Rejected by IDA,500000,Unsanctioned
MPLADS-043179,Vijay Baghel,Lok Sabha,Chhattisgarh,DURG,,,DHAMDHA,Nandauri,Normal/Others,"WS/MP568/2023-2024/22543 - Construction of roads, approach roads, link roads and pathways",DISTRICT COLLECTOR DURG_IDA,2023-09-18,Approved by IDA,840000,Sanctioned
MPLADS-043180,Vijay Baghel,Lok Sabha,Chhattisgarh,DURG,,,DURG,Rawelidih,Normal/Others,"WS/MP568/2023-2024/22542 - Construction of roads, approach roads, link roads and pathways",DISTRICT COLLECTOR DURG_IDA,2023-09-18,Approved by IDA,500000,Sanctioned
MPLADS-043181,Vijay Baghel,Lok Sabha,Chhattisgarh,DURG,Dhamdha,WARD 01 DHAMDHA,,,Normal/Others,NA - Construction of community centers and community halls,DISTRICT COLLECTOR DURG_IDA,2023-09-18,Action Pending,500000,Unsanctioned
MPLADS-043182,Vijay Baghel,Lok Sabha,Chhattisgarh,DURG,,,DURG,Sirsa Khurd,Normal/Others,NA - Construction of community centers and community halls,DISTRICT COLLECTOR DURG_IDA,2023-09-18,Action Pending,500000,Unsanctioned
MPLADS-043183,Vijay Baghel,Lok Sabha,Chhattisgarh,DURG,Durg,"WARD 13, MALVIY NAGAR DURG",,,Normal/Others,WS/MP568/2023-2024/22539 - Construction of community centers and community halls,DISTRICT COLLECTOR DURG_IDA,2023-09-18,Approved by IDA,600000,Unsanctioned
MPLADS-043184,Vijay Baghel,Lok Sabha,Chhattisgarh,DURG,Risali,WARD 13 KRISHNA CHOUCK ME,,,Normal/Others,WS/MP568/2023-2024/22538 - Construction of community centers and community halls,DISTRICT COLLECTOR DURG_IDA,2023-09-18,Approved by IDA,600000,Unsanctioned
MPLADS-043185,Vijay Baghel,Lok Sabha,Chhattisgarh,DURG,,,DURG,Machandur,Normal/Others,"WS/MP568/2023-2024/22537 - Construction of roads, approach roads, link roads and pathways",DISTRICT COLLECTOR DURG_IDA,2023-09-18,Approved by IDA,500000,Sanctioned
MPLADS-043186,Vijay Baghel,Lok Sabha,Chhattisgarh,DURG,,,DURG,Borigarka,Normal/Others,"WS/MP568/2023-2024/22536 - Construction of roads, approach roads, link roads and pathways",DISTRICT COLLECTOR DURG_IDA,2023-09-18,Approved by IDA,500000,Sanctioned
MPLADS-043187,Vijay Baghel,Lok Sabha,Chhattisgarh,DURG,,,PATAN,Tarra,Normal/Others,"WS/MP568/2023-2024/22535 - Construction of roads, approach roads, link roads and pathways",DISTRICT COLLECTOR DURG_IDA,2023-09-18,Approved by IDA,500000,Sanctioned
MPLADS-043188,Vijay Baghel,Lok Sabha,Chhattisgarh,DURG,,,PATAN,Raveli,Normal/Others,WS/MP568/2023-2024/22534 - Construction of community centers and community halls,DISTRICT COLLECTOR DURG_IDA,2023-09-18,Approved by IDA,100000,Sanctioned
MPLADS-043189,Vijay Baghel,Lok Sabha,Chhattisgarh,DURG,,,PATAN,Kapsi,Normal/Others,WS/MP568/2023-2024/22533 - Construction of community centers and community halls,DISTRICT COLLECTOR DURG_IDA,2023-09-18,Approved by IDA,700000,Sanctioned
MPLADS-043190,Vijay Baghel,Lok Sabha,Chhattisgarh,DURG,,,PATAN,Dhaur,Normal/Others,NA - Construction of community centers and community halls,DISTRICT COLLECTOR DURG_IDA,2023-09-18,Rejected by IDA,50000,Unsanctioned
MPLADS-043191,Vijay Baghel,Lok Sabha,Chhattisgarh,DURG,,,PATAN,Odaragahan,Normal/Others,"WS/MP568/2023-2024/22531 - Construction of roads, approach roads, link roads and pathways",DISTRICT COLLECTOR DURG_IDA,2023-09-18,Approved by IDA,700000,Sanctioned
MPLADS-043192,Vijay Baghel,Lok Sabha,Chhattisgarh,DURG,,,PATAN,Reewagahan,Normal/Others,WS/MP568/2023-2024/22530 - Construction of community centers and community halls,DISTRICT COLLECTOR DURG_IDA,2023-09-18,Approved by IDA,500000,Sanctioned
MPLADS-043193,Vijay Baghel,Lok Sabha,Chhattisgarh,DURG,,,PATAN,Khola,Normal/Others,"WS/MP568/2023-2024/22529 - Construction of roads, approach roads, link roads and pathways",DISTRICT COLLECTOR DURG_IDA,2023-09-18,Approved by IDA,500000,Sanctioned
MPLADS-043194,Vijay Baghel,Lok Sabha,Chhattisgarh,DURG,,,PATAN,Khola,Normal/Others,WS/MP568/2023-2024/22528 - Installation of multi-gym equipment,DISTRICT COLLECTOR DURG_IDA,2023-09-18,Approved by IDA,400000,Sanctioned
MPLADS-043195,Vijay Baghel,Lok Sabha,Chhattisgarh,DURG,,,PATAN,Kikirmeta,Normal/Others,WS/MP568/2023-2024/22527 - Construction of community centers and community halls,DISTRICT COLLECTOR DURG_IDA,2023-09-18,Approved by IDA,700000,Sanctioned
MPLADS-043196,Vijay Baghel,Lok Sabha,Chhattisgarh,DURG,,,PATAN,Dhamna,Normal/Others,WS/MP568/2023-2024/22526 - Construction of community centers and community halls,DISTRICT COLLECTOR DURG_IDA,2023-09-18,Approved by IDA,500000,Sanctioned
MPLADS-043197,Vijay Baghel,Lok Sabha,Chhattisgarh,DURG,,,PATAN,Fekari,Normal/Others,"WS/MP568/2023-2024/22525 - Construction of roads, approach roads, link roads and pathways",DISTRICT COLLECTOR DURG_IDA,2023-09-18,Approved by IDA,1000000,Sanctioned
MPLADS-043202,Vijay Baghel,Lok Sabha,Chhattisgarh,DURG,,,PATAN,Bohardih,Normal/Others,WS/MP568/2023-2024/22694 - Construction of community centers and community halls,DISTRICT COLLECTOR DURG_IDA,2023-09-18,Approved by IDA,200000,Sanctioned
MPLADS-043207,Jyotsna Charandas Mahant,Lok Sabha,Chhattisgarh,KORBA,,,KORBA,Pasarkhet,Normal/Others,WS/MP514/2023-2024/22803 - Construction of community centers and community halls,DISTRICT COLLECTOR KORBA_IDA,2023-09-18,Approved by IDA,500000,Unsanctioned
MPLADS-043208,Jyotsna Charandas Mahant,Lok Sabha,Chhattisgarh,KORBA,,,KORBA,Kudmura,Normal/Others,WS/MP514/2023-2024/22802 - Construction of community centers and community halls,DISTRICT COLLECTOR KORBA_IDA,2023-09-18,Approved by IDA,500000,Sanctioned
MPLADS-043209,Jyotsna Charandas Mahant,Lok Sabha,Chhattisgarh,KORBA,,,KARTALA,Devlapath,Normal/Others,WS/MP514/2023-2024/22801 - Construction of community centers and community halls,DISTRICT COLLECTOR KORBA_IDA,2023-09-18,Approved by IDA,250000,Sanctioned
MPLADS-043210,Jyotsna Charandas Mahant,Lok Sabha,Chhattisgarh,KORBA,,,KATGHORA,Katsira,Normal/Others,NA - Construction of Footpaths/Pedestrian ways,DISTRICT COLLECTOR KORBA_IDA,2023-09-18,Action Pending,200000,Unsanctioned
MPLADS-043211,Jyotsna Charandas Mahant,Lok Sabha,Chhattisgarh,KORBA,,,KATGHORA,Katsira,Normal/Others,NA - Renovation of ponds and lakes,DISTRICT COLLECTOR KORBA_IDA,2023-09-18,Action Pending,200000,Unsanctioned
MPLADS-043212,Jyotsna Charandas Mahant,Lok Sabha,Chhattisgarh,KORBA,,,KATGHORA,Khodri,Normal/Others,NA - Construction of Footpaths/Pedestrian ways,DISTRICT COLLECTOR KORBA_IDA,2023-09-18,Action Pending,200000,Unsanctioned
MPLADS-043213,Jyotsna Charandas Mahant,Lok Sabha,Chhattisgarh,KORBA,,,KATGHORA,Khodri,Normal/Others,NA - Construction of boundary walls of existing public and community buildings,DISTRICT COLLECTOR KORBA_IDA,2023-09-18,Action Pending,200000,Unsanctioned
MPLADS-043214,Jyotsna Charandas Mahant,Lok Sabha,Chhattisgarh,KORBA,,,KATGHORA,Arda,Normal/Others,NA - Construction of buildings for community cultural activities,DISTRICT COLLECTOR KORBA_IDA,2023-09-18,Action Pending,250000,Unsanctioned
MPLADS-043215,Jyotsna Charandas Mahant,Lok Sabha,Chhattisgarh,KORBA,,,KATGHORA,Arda,Normal/Others,NA - Construction of buildings for community cultural activities,DISTRICT COLLECTOR KORBA_IDA,2023-09-18,Action Pending,250000,Unsanctioned
MPLADS-043216,Vijay Baghel,Lok Sabha,Chhattisgarh,DURG,,,DHAMDHA,Sagni,Normal/Others,"WS/MP568/2023-2024/22662 - Construction of roads, approach roads, link roads and pathways",DISTRICT COLLECTOR DURG_IDA,2023-09-18,Approved by IDA,800000,Sanctioned
MPLADS-043218,Vijay Baghel,Lok Sabha,Chhattisgarh,DURG,,,DHAMDHA,Siltara,Normal/Others,"WS/MP568/2023-2024/22661 - Construction of roads, approach roads, link roads and pathways",DISTRICT COLLECTOR DURG_IDA,2023-09-18,Approved by IDA,800000,Sanctioned
MPLADS-043219,Vijay Baghel,Lok Sabha,Chhattisgarh,DURG,Kumhari,KUMHARI,,,Normal/Others,WS/MP568/2023-2024/22656 - Construction of community centers and community halls,DISTRICT COLLECTOR DURG_IDA,2023-09-18,Approved by IDA,500000,Unsanctioned
MPLADS-043220,Vijay Baghel,Lok Sabha,Chhattisgarh,DURG,,,DHAMDHA,Madiapar,Normal/Others,WS/MP568/2023-2024/22655 - Construction of community centers and community halls,DISTRICT COLLECTOR DURG_IDA,2023-09-18,Approved by IDA,600000,Sanctioned
MPLADS-043221,Vijay Baghel,Lok Sabha,Chhattisgarh,DURG,,,DHAMDHA,Nawagaon,Normal/Others,WS/MP568/2023-2024/22632 - Construction of community centers and community halls,DISTRICT COLLECTOR DURG_IDA,2023-09-18,Approved by IDA,600000,Sanctioned
MPLADS-043222,Vijay Baghel,Lok Sabha,Chhattisgarh,DURG,,,DHAMDHA,Funda,Normal/Others,"WS/MP568/2023-2024/22631 - Construction of roads, approach roads, link roads and pathways",DISTRICT COLLECTOR DURG_IDA,2023-09-18,Approved by IDA,600000,Sanctioned
MPLADS-043223,Vijay Baghel,Lok Sabha,Chhattisgarh,DURG,,,DHAMDHA,Nawagaon,Normal/Others,"WS/MP568/2023-2024/22550 - Construction of roads, approach roads, link roads and pathways",DISTRICT COLLECTOR DURG_IDA,2023-09-18,Approved by IDA,600000,Sanctioned
MPLADS-043224,Vijay Baghel,Lok Sabha,Chhattisgarh,DURG,,,DHAMDHA,Patharia,Normal/Others,"WS/MP568/2023-2024/22549 - Construction of roads, approach roads, link roads and pathways",DISTRICT COLLECTOR DURG_IDA,2023-09-18,Approved by IDA,1000000,Sanctioned
MPLADS-043225,Vijay Baghel,Lok Sabha,Chhattisgarh,DURG,,,NAWAGARH,Barbaspur,Normal/Others,"WS/MP568/2023-2024/22548 - Construction of roads, approach roads, link roads and pathways",Collector Bemetara_IDA,2023-09-18,Approved by IDA,500000,Unsanctioned
MPLADS-043226,Vijay Baghel,Lok Sabha,Chhattisgarh,DURG,,,BEMETARA,Tuma,Normal/Others,WS/MP568/2023-2024/22547 - Construction of community centers and community halls,Collector Bemetara_IDA,2023-09-18,Approved by IDA,500000,Unsanctioned
MPLADS-043227,Vijay Baghel,Lok Sabha,Chhattisgarh,DURG,,,BERLA,Daganiya,Normal/Others,NA - Construction of community centers and community halls,Collector Bemetara_IDA,2023-09-18,Action Pending,300000,Unsanctioned
MPLADS-043652,Guharam Ajgalley,Lok Sabha,Chhattisgarh,JANJGIR CHAMPA(SC),,,KASDOL,Balauda,Normal/Others,"WS/MP425/2023-2024/22051 - Construction of roads, approach roads, link roads and pathways",Collector Baloda Bazar_IDA,2023-09-17,Approved by IDA,500000,Sanctioned
MPLADS-043654,Guharam Ajgalley,Lok Sabha,Chhattisgarh,JANJGIR CHAMPA(SC),,,BAMHINDIH,Bansula,Normal/Others,"WS/MP425/2023-2024/22038 - Construction of roads, link roads, pathways or any other road with or without drainage system",DISTRICT COLLECTOR JANJGIR CHAMPA_IDA,2023-09-17,Approved by IDA,950000,Completed
MPLADS-043655,Guharam Ajgalley,Lok Sabha,Chhattisgarh,JANJGIR CHAMPA(SC),,,BAMHINDIH,Gatwa,Normal/Others,"NA - Construction of roads, approach roads, link roads and pathways",DISTRICT COLLECTOR JANJGIR CHAMPA_IDA,2023-09-17,Action Pending,700000,Unsanctioned
MPLADS-043656,Guharam Ajgalley,Lok Sabha,Chhattisgarh,JANJGIR CHAMPA(SC),,,BAMHINDIH,Deorani,Normal/Others,"WS/MP425/2023-2024/22040 - Construction of roads, approach roads, link roads and pathways",DISTRICT COLLECTOR JANJGIR CHAMPA_IDA,2023-09-17,Approved by IDA,600000,Ongoing
MPLADS-043661,Guharam Ajgalley,Lok Sabha,Chhattisgarh,JANJGIR CHAMPA(SC),,,BALODA BAZAR,Jamdih,Normal/Others,NA - Construction of buildings for community cultural activities,Collector Baloda Bazar_IDA,2023-09-17,Action Pending,1000000,Unsanctioned
MPLADS-043662,Guharam Ajgalley,Lok Sabha,Chhattisgarh,JANJGIR CHAMPA(SC),,,KASDOL,Bamhani,Normal/Others,"WS/MP425/2023-2024/22073 - Construction of roads, approach roads, link roads and pathways",Collector Baloda Bazar_IDA,2023-09-17,Approved by IDA,1000000,Sanctioned
MPLADS-043663,Guharam Ajgalley,Lok Sabha,Chhattisgarh,JANJGIR CHAMPA(SC),,,KASDOL,Kharaha,Normal/Others,"WS/MP425/2023-2024/22072 - Construction of roads, approach roads, link roads and pathways",Collector Baloda Bazar_IDA,2023-09-17,Approved by IDA,500000,Sanctioned
MPLADS-043664,Guharam Ajgalley,Lok Sabha,Chhattisgarh,JANJGIR CHAMPA(SC),,,KASDOL,Nawrangpur,Normal/Others,"WS/MP425/2023-2024/22069 - Construction of roads, approach roads, link roads and pathways",Collector Baloda Bazar_IDA,2023-09-17,Approved by IDA,500000,Unsanctioned
MPLADS-043665,Guharam Ajgalley,Lok Sabha,Chhattisgarh,JANJGIR CHAMPA(SC),,,BAMHINDIH,Taldeori,Normal/Others,"WS/MP425/2023-2024/22041 - Construction of roads, approach roads, link roads and pathways",DISTRICT COLLECTOR JANJGIR CHAMPA_IDA,2023-09-17,Approved by IDA,500000,Sanctioned
MPLADS-043666,Guharam Ajgalley,Lok Sabha,Chhattisgarh,JANJGIR CHAMPA(SC),,,KASDOL,Balauda,Normal/Others,"WS/MP425/2023-2024/22050 - Construction of roads, approach roads, link roads and pathways",Collector Baloda Bazar_IDA,2023-09-17,Approved by IDA,500000,Sanctioned
MPLADS-043667,Guharam Ajgalley,Lok Sabha,Chhattisgarh,JANJGIR CHAMPA(SC),,,KASDOL,Nawrangpur,Normal/Others,"WS/MP425/2023-2024/22068 - Construction of roads, approach roads, link roads and pathways",Collector Baloda Bazar_IDA,2023-09-17,Approved by IDA,500000,Unsanctioned
MPLADS-043668,Guharam Ajgalley,Lok Sabha,Chhattisgarh,JANJGIR CHAMPA(SC),,,KASDOL,Khapradih,Normal/Others,"WS/MP425/2023-2024/22052 - Construction of roads, approach roads, link roads and pathways",Collector Baloda Bazar_IDA,2023-09-17,Approved by IDA,500000,Sanctioned
MPLADS-043669,Guharam Ajgalley,Lok Sabha,Chhattisgarh,JANJGIR CHAMPA(SC),,,KASDOL,Khapradih,Normal/Others,"WS/MP425/2023-2024/22053 - Construction of roads, approach roads, link roads and pathways",Collector Baloda Bazar_IDA,2023-09-17,Approved by IDA,500000,Sanctioned
MPLADS-043670,Guharam Ajgalley,Lok Sabha,Chhattisgarh,JANJGIR CHAMPA(SC),,,KASDOL,Manakoni,Normal/Others,"WS/MP425/2023-2024/22067 - Construction of roads, approach roads, link roads and pathways",Collector Baloda Bazar_IDA,2023-09-17,Approved by IDA,500000,Unsanctioned
MPLADS-043672,Guharam Ajgalley,Lok Sabha,Chhattisgarh,JANJGIR CHAMPA(SC),,,KASDOL,Manakoni,Normal/Others,"WS/MP425/2023-2024/22066 - Construction of roads, approach roads, link roads and pathways",Collector Baloda Bazar_IDA,2023-09-17,Approved by IDA,500000,Unsanctioned
MPLADS-043698,Sunil Kumar Soni,Lok Sabha,Chhattisgarh,RAIPUR,,,ABHANPUR,Beldih (Belbhatha),Normal/Others,WS/MP567/2023-2024/21737 - Common work sheds for artisans,DISTRICT COLLECTOR RAIPUR_IDA,2023-09-16,Approved by IDA,350000,Unsanctioned
MPLADS-043703,Sunil Kumar Soni,Lok Sabha,Chhattisgarh,RAIPUR,Abhanpur,4,,,Normal/Others,NA - Construction of common work sheds/ common covered sitting area,DISTRICT COLLECTOR RAIPUR_IDA,2023-09-16,Action Pending,350000,Unsanctioned
MPLADS-043704,Sunil Kumar Soni,Lok Sabha,Chhattisgarh,RAIPUR,,,ABHANPUR,Girhola,Normal/Others,WS/MP567/2023-2024/21738 - Construction of community centers and community halls,DISTRICT COLLECTOR RAIPUR_IDA,2023-09-16,Approved by IDA,400000,Unsanctioned
MPLADS-043705,Sunil Kumar Soni,Lok Sabha,Chhattisgarh,RAIPUR,,,ABHANPUR,Satpara,Normal/Others,WS/MP567/2023-2024/21736 - Construction of buildings for community cultural activities,DISTRICT COLLECTOR RAIPUR_IDA,2023-09-16,Approved by IDA,350000,Unsanctioned
MPLADS-043717,Sunil Kumar Soni,Lok Sabha,Chhattisgarh,RAIPUR,,,ABHANPUR,Chipridih,Normal/Others,WS/MP567/2023-2024/21740 - Construction of community centers and community halls,DISTRICT COLLECTOR RAIPUR_IDA,2023-09-16,Approved by IDA,500000,Sanctioned
MPLADS-043718,Sunil Kumar Soni,Lok Sabha,Chhattisgarh,RAIPUR,,,ABHANPUR,Dadar Jhori,Normal/Others,WS/MP567/2023-2024/21741 - Construction of community centers and community halls,DISTRICT COLLECTOR RAIPUR_IDA,2023-09-16,Approved by IDA,500000,Unsanctioned
MPLADS-044419,Deepak Baij,Lok Sabha,Chhattisgarh,BASTAR(ST),,,BASTANAR,Bastarnar-2,Normal/Others,NA - Construction of culverts and bridges,DISTRICT COLLECTOR BASTAR_IDA,2023-09-15,Action Pending,380000,Unsanctioned
MPLADS-044420,Deepak Baij,Lok Sabha,Chhattisgarh,BASTAR(ST),,,BAKAWAND,Mailbeda,Normal/Others,NA - Purchase of mobile water tankers,DISTRICT COLLECTOR BASTAR_IDA,2023-09-15,Action Pending,225000,Unsanctioned
MPLADS-044421,SHRI K T S Tulsi,Rajya Sabha,Chhattisgarh,Sitting Rajya Sabha,,,PUSSORE,Dhanuhardera,Normal/Others,"WS/MP177/2023-2024/20638 - Construction of roads, approach roads, link roads and pathways",DISTRICT COLLECTOR RAIGARH_IDA,2023-09-15,Approved by IDA,1400000,Sanctioned
MPLADS-044422,SHRI K T S Tulsi,Rajya Sabha,Chhattisgarh,Sitting Rajya Sabha,,,PUSSORE,Dhanuhardera,Normal/Others,"WS/MP177/2023-2024/20639 - Construction of roads, approach roads, link roads and pathways",DISTRICT COLLECTOR RAIGARH_IDA,2023-09-15,Approved by IDA,1000000,Sanctioned
MPLADS-044423,SHRI K T S Tulsi,Rajya Sabha,Chhattisgarh,Sitting Rajya Sabha,,,PUSSORE,Ekatal,Normal/Others,"WS/MP177/2023-2024/20640 - Construction of roads, approach roads, link roads and pathways",DISTRICT COLLECTOR RAIGARH_IDA,2023-09-15,Approved by IDA,1000000,Sanctioned
MPLADS-044424,Deepak Baij,Lok Sabha,Chhattisgarh,BASTAR(ST),,,BASTAR,Bodanpal,Normal/Others,NA - Purchase of mobile water tankers,DISTRICT COLLECTOR BASTAR_IDA,2023-09-15,Action Pending,225000,Unsanctioned
MPLADS-044431,Deepak Baij,Lok Sabha,Chhattisgarh,BASTAR(ST),,,BASTANAR,Bastarnar-2,Normal/Others,NA - Providing drains and gutters for public drainage,DISTRICT COLLECTOR BASTAR_IDA,2023-09-15,Action Pending,500000,Unsanctioned
MPLADS-044432,Deepak Baij,Lok Sabha,Chhattisgarh,BASTAR(ST),,,BASTANAR,Lalaguda,Normal/Others,NA - Construction of buildings for community cultural activities,DISTRICT COLLECTOR BASTAR_IDA,2023-09-15,Action Pending,1000000,Unsanctioned
MPLADS-044447,Deepak Baij,Lok Sabha,Chhattisgarh,BASTAR(ST),,,BASTAR,Balenga,Normal/Others,NA - Purchase of mobile water tankers,DISTRICT COLLECTOR BASTAR_IDA,2023-09-15,Action Pending,225000,Unsanctioned
MPLADS-044448,Deepak Baij,Lok Sabha,Chhattisgarh,BASTAR(ST),,,BASTAR,Dubey Umergaon,Normal/Others,NA - Purchase of mobile water tankers,DISTRICT COLLECTOR BASTAR_IDA,2023-09-15,Action Pending,225000,Unsanctioned
MPLADS-044469,Deepak Baij,Lok Sabha,Chhattisgarh,BASTAR(ST),,,BASTAR,Pathari,Normal/Others,NA - Purchase of mobile water tankers,DISTRICT COLLECTOR BASTAR_IDA,2023-09-15,Action Pending,225000,Unsanctioned
MPLADS-044471,Deepak Baij,Lok Sabha,Chhattisgarh,BASTAR(ST),,,BASTAR,Nadisagar,Normal/Others,NA - Purchase of mobile water tankers,DISTRICT COLLECTOR BASTAR_IDA,2023-09-15,Action Pending,225000,Unsanctioned
MPLADS-044472,Deepak Baij,Lok Sabha,Chhattisgarh,BASTAR(ST),,,BASTAR,Sorgaon,Normal/Others,NA - Purchase of mobile water tankers,DISTRICT COLLECTOR BASTAR_IDA,2023-09-15,Action Pending,225000,Unsanctioned
MPLADS-044473,Deepak Baij,Lok Sabha,Chhattisgarh,BASTAR(ST),,,LOHANDIGUDA,Chandela,Normal/Others,NA - Purchase of mobile water tankers,DISTRICT COLLECTOR BASTAR_IDA,2023-09-15,Action Pending,225000,Unsanctioned
MPLADS-044474,Deepak Baij,Lok Sabha,Chhattisgarh,BASTAR(ST),,,TOKAPAL,Telimarenga,Normal/Others,NA - Purchase of mobile water tankers,DISTRICT COLLECTOR BASTAR_IDA,2023-09-15,Action Pending,225000,Unsanctioned
MPLADS-044475,Deepak Baij,Lok Sabha,Chhattisgarh,BASTAR(ST),,,DARBHA,Gumadpal,Normal/Others,NA - Purchase of mobile water tankers,DISTRICT COLLECTOR BASTAR_IDA,2023-09-15,Action Pending,225000,Unsanctioned
MPLADS-044476,Deepak Baij,Lok Sabha,Chhattisgarh,BASTAR(ST),,,DARBHA,Mamdpal,Normal/Others,NA - Purchase of mobile water tankers,DISTRICT COLLECTOR BASTAR_IDA,2023-09-15,Action Pending,225000,Unsanctioned
MPLADS-044477,Deepak Baij,Lok Sabha,Chhattisgarh,BASTAR(ST),,,DARBHA,Chhindgur,Normal/Others,NA - Purchase of mobile water tankers,DISTRICT COLLECTOR BASTAR_IDA,2023-09-15,Action Pending,225000,Unsanctioned
MPLADS-044478,Deepak Baij,Lok Sabha,Chhattisgarh,BASTAR(ST),,,DARBHA,Kandanar,Normal/Others,NA - Purchase of mobile water tankers,DISTRICT COLLECTOR BASTAR_IDA,2023-09-15,Action Pending,225000,Unsanctioned
MPLADS-044479,Deepak Baij,Lok Sabha,Chhattisgarh,BASTAR(ST),,,DARBHA,Badekadma,Normal/Others,NA - Purchase of mobile water tankers,DISTRICT COLLECTOR BASTAR_IDA,2023-09-15,Action Pending,225000,Unsanctioned
MPLADS-044480,Deepak Baij,Lok Sabha,Chhattisgarh,BASTAR(ST),,,BASTANAR,Badekilepal,Normal/Others,NA - Purchase of mobile water tankers,DISTRICT COLLECTOR BASTAR_IDA,2023-09-15,Action Pending,225000,Unsanctioned
MPLADS-044810,Guharam Ajgalley,Lok Sabha,Chhattisgarh,JANJGIR CHAMPA(SC),,,PAMGARH,Pandari,Normal/Others,"NA - Construction of roads, approach roads, link roads and pathways",DISTRICT COLLECTOR JANJGIR CHAMPA_IDA,2023-09-14,Action Pending,500000,Unsanctioned
MPLADS-044859,Guharam Ajgalley,Lok Sabha,Chhattisgarh,JANJGIR CHAMPA(SC),,,BAMHINDIH,Basantpur,Normal/Others,"NA - Construction of roads, approach roads, link roads and pathways",DISTRICT COLLECTOR JANJGIR CHAMPA_IDA,2023-09-14,Action Pending,500000,Unsanctioned
MPLADS-044874,Vijay Baghel,Lok Sabha,Chhattisgarh,DURG,,,DHAMDHA,Funda,Normal/Others,"WS/MP568/2023-2024/20285 - Construction of roads, approach roads, link roads and pathways",DISTRICT COLLECTOR DURG_IDA,2023-09-14,Approved by IDA,500000,Sanctioned
MPLADS-044875,Santosh Pandey,Lok Sabha,Chhattisgarh,RAJNANDGAON,,,CHHURIYA,Kumarda,Normal/Others,WS/MP513/2023-2024/20260 - Lighting of public spaces,DISTRICT COLLECTOR RAJNANDGAON_IDA,2023-09-14,Approved by IDA,320000,Sanctioned
MPLADS-044876,Santosh Pandey,Lok Sabha,Chhattisgarh,RAJNANDGAON,,,CHHURIYA,Kulhadi,Normal/Others,WS/MP513/2023-2024/20259 - Construction of community centers and community halls,DISTRICT COLLECTOR RAJNANDGAON_IDA,2023-09-14,Approved by IDA,500000,Unsanctioned
MPLADS-044877,Santosh Pandey,Lok Sabha,Chhattisgarh,RAJNANDGAON,,,DONGARGHAR,Andi,Normal/Others,"WS/MP513/2023-2024/20245 - Construction of roads, approach roads, link roads and pathways",DISTRICT COLLECTOR RAJNANDGAON_IDA,2023-09-14,Approved by IDA,500000,Sanctioned
MPLADS-044878,Guharam Ajgalley,Lok Sabha,Chhattisgarh,JANJGIR CHAMPA(SC),,,BAMHINDIH,Semariya,Normal/Others,"WS/MP425/2023-2024/20146 - Construction of roads, link roads, pathways or any other road with or without drainage system",DISTRICT COLLECTOR JANJGIR CHAMPA_IDA,2023-09-14,Approved by IDA,500000,Sanctioned
MPLADS-044879,Guharam Ajgalley,Lok Sabha,Chhattisgarh,JANJGIR CHAMPA(SC),,,BAMHINDIH,Bhanwarmal,Normal/Others,"WS/MP425/2023-2024/20145 - Construction of roads, approach roads, link roads and pathways",DISTRICT COLLECTOR JANJGIR CHAMPA_IDA,2023-09-14,Approved by IDA,500000,Sanctioned
MPLADS-044880,Guharam Ajgalley,Lok Sabha,Chhattisgarh,JANJGIR CHAMPA(SC),,,BAMHINDIH,Govinda,Normal/Others,"WS/MP425/2023-2024/20144 - Construction of roads, approach roads, link roads and pathways",DISTRICT COLLECTOR JANJGIR CHAMPA_IDA,2023-09-14,Approved by IDA,1000000,Sanctioned
MPLADS-044881,Guharam Ajgalley,Lok Sabha,Chhattisgarh,JANJGIR CHAMPA(SC),,,BAMHINDIH,Basantpur,Normal/Others,"WS/MP425/2023-2024/20143 - Construction of roads, approach roads, link roads and pathways",DISTRICT COLLECTOR JANJGIR CHAMPA_IDA,2023-09-14,Approved by IDA,500000,Sanctioned
MPLADS-045307,Santosh Pandey,Lok Sabha,Chhattisgarh,RAJNANDGAON,,,S.LOHARA,Silhati,Normal/Others,WS/MP513/2023-2024/19449 - Construction of artificial reef,District Collector Kabirdham_IDA,2023-09-13,Approved by IDA,150000,Unsanctioned
MPLADS-045309,Vijay Baghel,Lok Sabha,Chhattisgarh,DURG,Bhilai,WARD 44 BHILAI,,,Normal/Others,WS/MP568/2023-2024/19539 - Construction of community centers and community halls,DISTRICT COLLECTOR DURG_IDA,2023-09-13,Approved by IDA,300000,Unsanctioned
MPLADS-045310,Vijay Baghel,Lok Sabha,Chhattisgarh,DURG,Bhilai,WARD 45 BHILAI,,,Normal/Others,WS/MP568/2023-2024/19540 - Construction of community centers and community halls,DISTRICT COLLECTOR DURG_IDA,2023-09-13,Approved by IDA,300000,Unsanctioned
MPLADS-045348,Santosh Pandey,Lok Sabha,Chhattisgarh,RAJNANDGAON,,,PANDARIYA,Motimpur,Normal/Others,NA - Construction of rooms and halls in school and colleges,District Collector Kabirdham_IDA,2023-09-13,Rejected by IDA,500000,Unsanctioned
MPLADS-045349,Santosh Pandey,Lok Sabha,Chhattisgarh,RAJNANDGAON,,,PANDARIYA,Devpura,Normal/Others,"WS/MP513/2023-2024/19456 - Construction of roads, approach roads, link roads and pathways",District Collector Kabirdham_IDA,2023-09-13,Approved by IDA,200000,Sanctioned
MPLADS-045350,Santosh Pandey,Lok Sabha,Chhattisgarh,RAJNANDGAON,,,BODLA,Bagharra,Normal/Others,WS/MP513/2023-2024/19455 - Construction of community centers and community halls,District Collector Kabirdham_IDA,2023-09-13,Approved by IDA,200000,Sanctioned
MPLADS-045351,Santosh Pandey,Lok Sabha,Chhattisgarh,RAJNANDGAON,BODLA,ward 10,,,Normal/Others,NA - Construction of boundary walls of existing public and community buildings,District Collector Kabirdham_IDA,2023-09-13,Action Pending,1500000,Unsanctioned
MPLADS-045352,Santosh Pandey,Lok Sabha,Chhattisgarh,RAJNANDGAON,,,BODLA,Madmada,Normal/Others,NA - Construction of boundary walls of existing public and community buildings,District Collector Kabirdham_IDA,2023-09-13,Rejected by IDA,300000,Unsanctioned
MPLADS-045353,Santosh Pandey,Lok Sabha,Chhattisgarh,RAJNANDGAON,,,BODLA,Baijalpur,Normal/Others,WS/MP513/2023-2024/19452 - Construction of community centers and community halls,District Collector Kabirdham_IDA,2023-09-13,Approved by IDA,500000,Sanctioned
MPLADS-045354,Santosh Pandey,Lok Sabha,Chhattisgarh,RAJNANDGAON,S.LOHARA,ward 09,,,Normal/Others,WS/MP513/2023-2024/19451 - Construction of artificial reef,District Collector Kabirdham_IDA,2023-09-13,Approved by IDA,200000,Unsanctioned
MPLADS-045380,Sunil Kumar Soni,Lok Sabha,Chhattisgarh,RAIPUR,Raipur,-,,,Normal/Others,NA - Construction of community centers and community halls,DISTRICT COLLECTOR RAIPUR_IDA,2023-09-13,Action Pending,500000,Unsanctioned
MPLADS-045430,Sunil Kumar Soni,Lok Sabha,Chhattisgarh,RAIPUR,Raipur,62,,,Normal/Others,WS/MP567/2023-2024/19520 - Construction of community centers and community halls,DISTRICT COLLECTOR RAIPUR_IDA,2023-09-13,Approved by IDA,500000,Unsanctioned
MPLADS-045444,Santosh Pandey,Lok Sabha,Chhattisgarh,RAJNANDGAON,,,PANDARIYA,Keshli Khurd,Normal/Others,WS/MP513/2023-2024/19458 - Construction of community centers and community halls,District Collector Kabirdham_IDA,2023-09-13,Approved by IDA,200000,Sanctioned
MPLADS-045445,Santosh Pandey,Lok Sabha,Chhattisgarh,RAJNANDGAON,,,PANDARIYA,Jangalpur,Normal/Others,NA - Construction of boundary walls of existing public and community buildings,District Collector Kabirdham_IDA,2023-09-13,Rejected by IDA,250000,Unsanctioned
MPLADS-045446,Santosh Pandey,Lok Sabha,Chhattisgarh,RAJNANDGAON,,,PANDARIYA,Bijabhatha,Normal/Others,"WS/MP513/2023-2024/19460 - Construction of roads, link roads, pathways or any other road with or without drainage system",District Collector Kabirdham_IDA,2023-09-13,Approved by IDA,300000,Unsanctioned
MPLADS-045447,Santosh Pandey,Lok Sabha,Chhattisgarh,RAJNANDGAON,,,PANDARIYA,Hathmudi,Normal/Others,"WS/MP513/2023-2024/19461 - Construction of roads, link roads, pathways or any other road with or without drainage system",District Collector Kabirdham_IDA,2023-09-13,Approved by IDA,400000,Sanctioned
MPLADS-045448,Santosh Pandey,Lok Sabha,Chhattisgarh,RAJNANDGAON,,,PANDARIYA,Sirmadabri,Normal/Others,WS/MP513/2023-2024/19462 - Construction of common work sheds/ common covered sitting area,District Collector Kabirdham_IDA,2023-09-13,Approved by IDA,200000,Unsanctioned
MPLADS-045449,Santosh Pandey,Lok Sabha,Chhattisgarh,RAJNANDGAON,,,PANDARIYA,Sirmadabri,Normal/Others,"WS/MP513/2023-2024/19463 - Construction of roads, link roads, pathways or any other road with or without drainage system",District Collector Kabirdham_IDA,2023-09-13,Approved by IDA,100000,Unsanctioned
MPLADS-045450,Santosh Pandey,Lok Sabha,Chhattisgarh,RAJNANDGAON,,,S.LOHARA,Daihandeeh,Normal/Others,WS/MP513/2023-2024/19464 - Construction of community centers and community halls,District Collector Kabirdham_IDA,2023-09-13,Approved by IDA,250000,Unsanctioned
MPLADS-045451,Santosh Pandey,Lok Sabha,Chhattisgarh,RAJNANDGAON,BODLA,ward 14,,,Normal/Others,NA - Community Toilets,District Collector Kabirdham_IDA,2023-09-13,Action Pending,200000,Unsanctioned
MPLADS-045452,Santosh Pandey,Lok Sabha,Chhattisgarh,RAJNANDGAON,,,BODLA,Madmada,Normal/Others,NA - Construction of artificial reef,District Collector Kabirdham_IDA,2023-09-13,Rejected by IDA,200000,Unsanctioned
MPLADS-045477,Santosh Pandey,Lok Sabha,Chhattisgarh,RAJNANDGAON,,,S.LOHARA,Baniya,Normal/Others,WS/MP513/2023-2024/19450 - Construction of community centers and community halls,District Collector Kabirdham_IDA,2023-09-13,Approved by IDA,500000,Sanctioned
MPLADS-045479,Santosh Pandey,Lok Sabha,Chhattisgarh,RAJNANDGAON,,,S.LOHARA,Pawantara,Normal/Others,WS/MP513/2023-2024/19448 - Construction of community centers and community halls,District Collector Kabirdham_IDA,2023-09-13,Approved by IDA,250000,Sanctioned
MPLADS-045507,Santosh Pandey,Lok Sabha,Chhattisgarh,RAJNANDGAON,,,S.LOHARA,Bhimbhauri,Normal/Others,WS/MP513/2023-2024/19447 - Construction of artificial reef,District Collector Kabirdham_IDA,2023-09-13,Approved by IDA,150000,Unsanctioned
MPLADS-045535,Santosh Pandey,Lok Sabha,Chhattisgarh,RAJNANDGAON,,,KAWARDHA,Dabrabhath,Normal/Others,WS/MP513/2023-2024/19435 - Construction of community centers and community halls,District Collector Kabirdham_IDA,2023-09-13,Approved by IDA,500000,Unsanctioned
MPLADS-045536,Santosh Pandey,Lok Sabha,Chhattisgarh,RAJNANDGAON,Kawardha,ward 08,,,Normal/Others,WS/MP513/2023-2024/19437 - Construction of artificial reef,District Collector Kabirdham_IDA,2023-09-13,Approved by IDA,150000,Unsanctioned
MPLADS-045537,Santosh Pandey,Lok Sabha,Chhattisgarh,RAJNANDGAON,,,S.LOHARA,Birendra Nagar,Normal/Others,NA - Construction of rooms and halls in school and colleges,District Collector Kabirdham_IDA,2023-09-13,Rejected by IDA,300000,Unsanctioned
MPLADS-045538,Santosh Pandey,Lok Sabha,Chhattisgarh,RAJNANDGAON,,,S.LOHARA,Singhangarh,Normal/Others,"WS/MP513/2023-2024/19443 - Construction of roads, approach roads, link roads and pathways",District Collector Kabirdham_IDA,2023-09-13,Approved by IDA,250000,Unsanctioned
MPLADS-045539,Santosh Pandey,Lok Sabha,Chhattisgarh,RAJNANDGAON,Kawardha,ward 17,,,Normal/Others,WS/MP513/2023-2024/19442 - Construction of artificial reef,District Collector Kabirdham_IDA,2023-09-13,Approved by IDA,400000,Unsanctioned
MPLADS-045540,Santosh Pandey,Lok Sabha,Chhattisgarh,RAJNANDGAON,,,KAWARDHA,Marka,Normal/Others,WS/MP513/2023-2024/19441 - Construction of community centers and community halls,District Collector Kabirdham_IDA,2023-09-13,Approved by IDA,200000,Unsanctioned
MPLADS-045541,Santosh Pandey,Lok Sabha,Chhattisgarh,RAJNANDGAON,,,KAWARDHA,Gangpur,Normal/Others,NA - Construction of rooms and halls in school and colleges,District Collector Kabirdham_IDA,2023-09-13,Rejected by IDA,400000,Unsanctioned
MPLADS-045542,Santosh Pandey,Lok Sabha,Chhattisgarh,RAJNANDGAON,,,KAWARDHA,Paliguda,Normal/Others,NA - Construction of rooms and halls in school and colleges,District Collector Kabirdham_IDA,2023-09-13,Rejected by IDA,400000,Unsanctioned
MPLADS-045543,Santosh Pandey,Lok Sabha,Chhattisgarh,RAJNANDGAON,,,KAWARDHA,Nawagaon,Normal/Others,"WS/MP513/2023-2024/19445 - Construction of roads, approach roads, link roads and pathways",District Collector Kabirdham_IDA,2023-09-13,Approved by IDA,300000,Unsanctioned
MPLADS-045544,Santosh Pandey,Lok Sabha,Chhattisgarh,RAJNANDGAON,,,KAWARDHA,Baturakachhar,Normal/Others,WS/MP513/2023-2024/19438 - Construction of artificial reef,District Collector Kabirdham_IDA,2023-09-13,Approved by IDA,100000,Unsanctioned
MPLADS-045545,Santosh Pandey,Lok Sabha,Chhattisgarh,RAJNANDGAON,,,S.LOHARA,Daihandeeh,Normal/Others,NA - Construction of community centers and community halls,District Collector Kabirdham_IDA,2023-09-13,Rejected by IDA,250000,Unsanctioned
MPLADS-045546,Santosh Pandey,Lok Sabha,Chhattisgarh,RAJNANDGAON,,,KAWARDHA,Surajpura,Normal/Others,WS/MP513/2023-2024/19436 - Construction of community centers and community halls,District Collector Kabirdham_IDA,2023-09-13,Approved by IDA,300000,Unsanctioned
MPLADS-045547,Santosh Pandey,Lok Sabha,Chhattisgarh,RAJNANDGAON,,,KAWARDHA,Sonpuri Rani,Normal/Others,WS/MP513/2023-2024/19434 - Construction of community centers and community halls,District Collector Kabirdham_IDA,2023-09-13,Approved by IDA,500000,Ongoing
MPLADS-045548,Santosh Pandey,Lok Sabha,Chhattisgarh,RAJNANDGAON,,,KAWARDHA,Bhedali,Normal/Others,WS/MP513/2023-2024/19433 - Common work sheds for artisans,District Collector Kabirdham_IDA,2023-09-13,Approved by IDA,100000,Unsanctioned
MPLADS-045549,Santosh Pandey,Lok Sabha,Chhattisgarh,RAJNANDGAON,Kawardha,09,,,Normal/Others,WS/MP513/2023-2024/19432 - Construction of additional rooms and halls in the existing public and community building,District Collector Kabirdham_IDA,2023-09-13,Approved by IDA,500000,Unsanctioned
MPLADS-045550,Santosh Pandey,Lok Sabha,Chhattisgarh,RAJNANDGAON,Kawardha,ward 08,,,Normal/Others,WS/MP513/2023-2024/19431 - Construction of community centers and community halls,District Collector Kabirdham_IDA,2023-09-13,Approved by IDA,500000,Unsanctioned
MPLADS-045552,Arun Sao,Lok Sabha,Chhattisgarh,BILASPUR,,,MUNGELI,Rohrakhurd,Normal/Others,"WS/MP426/2023-2024/19277 - Construction of roads, approach roads, link roads and pathways",Collector Mungeli_IDA,2023-09-12,Approved by IDA,500000,Sanctioned
MPLADS-045561,Arun Sao,Lok Sabha,Chhattisgarh,BILASPUR,,,MUNGELI,Ghorpura,Normal/Others,"WS/MP426/2023-2024/19276 - Construction of roads, approach roads, link roads and pathways",Collector Mungeli_IDA,2023-09-12,Approved by IDA,500000,Unsanctioned
MPLADS-045562,Arun Sao,Lok Sabha,Chhattisgarh,BILASPUR,,,LORMI,Ghanaghar,Normal/Others,"WS/MP426/2023-2024/19281 - Construction of roads, approach roads, link roads and pathways",Collector Mungeli_IDA,2023-09-12,Approved by IDA,500000,Sanctioned
MPLADS-045563,Arun Sao,Lok Sabha,Chhattisgarh,BILASPUR,,,MUNGELI,Dasharangpur,Normal/Others,"WS/MP426/2023-2024/19278 - Construction of roads, approach roads, link roads and pathways",Collector Mungeli_IDA,2023-09-12,Approved by IDA,600000,Sanctioned
MPLADS-045564,Arun Sao,Lok Sabha,Chhattisgarh,BILASPUR,,,MUNGELI,Karhi,Normal/Others,"WS/MP426/2023-2024/19279 - Construction of roads, approach roads, link roads and pathways",Collector Mungeli_IDA,2023-09-12,Approved by IDA,500000,Unsanctioned
MPLADS-045569,Arun Sao,Lok Sabha,Chhattisgarh,BILASPUR,,,LORMI,Jhajhpuri Kalan,Normal/Others,"WS/MP426/2023-2024/19282 - Construction of roads, approach roads, link roads and pathways",Collector Mungeli_IDA,2023-09-12,Approved by IDA,500000,Sanctioned
MPLADS-045571,Arun Sao,Lok Sabha,Chhattisgarh,BILASPUR,,,LORMI,Paijaniya,Normal/Others,"WS/MP426/2023-2024/19283 - Construction of roads, approach roads, link roads and pathways",Collector Mungeli_IDA,2023-09-12,Approved by IDA,500000,Sanctioned
MPLADS-045572,Arun Sao,Lok Sabha,Chhattisgarh,BILASPUR,,,LORMI,Khektara,Normal/Others,"WS/MP426/2023-2024/19284 - Construction of roads, approach roads, link roads and pathways",Collector Mungeli_IDA,2023-09-12,Approved by IDA,500000,Sanctioned
MPLADS-045587,Vijay Baghel,Lok Sabha,Chhattisgarh,DURG,Bhilai,WARD 66 BHILAI,,,Normal/Others,WS/MP568/2023-2024/19209 - Construction of community centers and community halls,DISTRICT COLLECTOR DURG_IDA,2023-09-12,Approved by IDA,1500000,Unsanctioned
MPLADS-045589,Vijay Baghel,Lok Sabha,Chhattisgarh,DURG,Bhilai,WARD 40 BHILAI,,,Normal/Others,WS/MP568/2023-2024/19210 - Construction of community centers and community halls,DISTRICT COLLECTOR DURG_IDA,2023-09-12,Approved by IDA,500000,Unsanctioned
MPLADS-045590,Vijay Baghel,Lok Sabha,Chhattisgarh,DURG,,,DURG,Anjora,Normal/Others,"WS/MP568/2023-2024/19211 - Construction of roads, approach roads, link roads and pathways",DISTRICT COLLECTOR DURG_IDA,2023-09-12,Approved by IDA,500000,Sanctioned
MPLADS-045591,Vijay Baghel,Lok Sabha,Chhattisgarh,DURG,,,DURG,Anjora,Normal/Others,WS/MP568/2023-2024/19212 - Construction of community centers and community halls,DISTRICT COLLECTOR DURG_IDA,2023-09-12,Approved by IDA,700000,Sanctioned
MPLADS-045592,Vijay Baghel,Lok Sabha,Chhattisgarh,DURG,,,BALODA BAZAR,Khamhardih,Normal/Others,NA - Construction of platforms and passenger sheds at railway stations,Collector Baloda Bazar_IDA,2023-09-12,Action Pending,300000,Unsanctioned
MPLADS-045593,Vijay Baghel,Lok Sabha,Chhattisgarh,DURG,,,PATAN,Jamgaon,Normal/Others,WS/MP568/2023-2024/19214 - Construction of community centers and community halls,DISTRICT COLLECTOR DURG_IDA,2023-09-12,Approved by IDA,500000,Sanctioned
MPLADS-045594,Arun Sao,Lok Sabha,Chhattisgarh,BILASPUR,Pendra,08,,,Normal/Others,WS/MP426/2023-2024/19224 - Construction of boundary walls of existing public and community buildings,Collector GPM_IDA,2023-09-12,Approved by IDA,250000,Unsanctioned
MPLADS-045595,Arun Sao,Lok Sabha,Chhattisgarh,BILASPUR,Pendra,03,,,Normal/Others,NA - Construction of buildings for community cultural activities,Collector GPM_IDA,2023-09-12,Action Pending,200000,Unsanctioned
MPLADS-045598,Arun Sao,Lok Sabha,Chhattisgarh,BILASPUR,,,LORMI,Teliyapuran,Normal/Others,"WS/MP426/2023-2024/19286 - Construction of roads, approach roads, link roads and pathways",Collector Mungeli_IDA,2023-09-12,Approved by IDA,500000,Sanctioned
MPLADS-045616,Arun Sao,Lok Sabha,Chhattisgarh,BILASPUR,,,LORMI,Kumhrauli,Normal/Others,"WS/MP426/2023-2024/19285 - Construction of roads, approach roads, link roads and pathways",Collector Mungeli_IDA,2023-09-12,Approved by IDA,500000,Sanctioned
MPLADS-045618,Arun Sao,Lok Sabha,Chhattisgarh,BILASPUR,,,LORMI,Dongariya,Normal/Others,"WS/MP426/2023-2024/19287 - Construction of roads, approach roads, link roads and pathways",Collector Mungeli_IDA,2023-09-12,Approved by IDA,500000,Sanctioned
MPLADS-045635,Arun Sao,Lok Sabha,Chhattisgarh,BILASPUR,,,LORMI,Dewarhat,Normal/Others,WS/MP426/2023-2024/19288 - Construction of boundary walls of existing public and community buildings,Collector Mungeli_IDA,2023-09-12,Approved by IDA,300000,Unsanctioned
MPLADS-045655,Arun Sao,Lok Sabha,Chhattisgarh,BILASPUR,Gaurella,01,,,Normal/Others,NA - Construction of buildings for community cultural activities,Collector GPM_IDA,2023-09-12,Action Pending,250000,Unsanctioned
MPLADS-045683,Arun Sao,Lok Sabha,Chhattisgarh,BILASPUR,Pendra,02,,,Normal/Others,NA - Crematoriums or structures on burial/ cremation ground for public convenience,Collector GPM_IDA,2023-09-12,Action Pending,200000,Unsanctioned
MPLADS-045684,Arun Sao,Lok Sabha,Chhattisgarh,BILASPUR,Pendra,03,,,Normal/Others,NA - Construction of buildings for community cultural activities,Collector GPM_IDA,2023-09-12,Action Pending,250000,Unsanctioned
MPLADS-045760,Arun Sao,Lok Sabha,Chhattisgarh,BILASPUR,Gaurella,11,,,Normal/Others,"NA - Construction of roads, approach roads, link roads and pathways",Collector GPM_IDA,2023-09-12,Action Pending,350000,Unsanctioned
MPLADS-045781,Arun Sao,Lok Sabha,Chhattisgarh,BILASPUR,,,MUNGELI,Semarchua,Normal/Others,"WS/MP426/2023-2024/19269 - Construction of roads, approach roads, link roads and pathways",Collector Mungeli_IDA,2023-09-12,Approved by IDA,500000,Sanctioned
MPLADS-045782,Arun Sao,Lok Sabha,Chhattisgarh,BILASPUR,,,MUNGELI,Dhangaon,Normal/Others,WS/MP426/2023-2024/19270 - Construction of buildings for community cultural activities,Collector Mungeli_IDA,2023-09-12,Approved by IDA,600000,Sanctioned
MPLADS-045783,Arun Sao,Lok Sabha,Chhattisgarh,BILASPUR,,,MUNGELI,Thakrikapa,Normal/Others,"WS/MP426/2023-2024/19271 - Construction of roads, approach roads, link roads and pathways",Collector Mungeli_IDA,2023-09-12,Approved by IDA,500000,Sanctioned
MPLADS-045784,Arun Sao,Lok Sabha,Chhattisgarh,BILASPUR,,,MUNGELI,Deori,Normal/Others,WS/MP426/2023-2024/19272 - Construction of buildings for community cultural activities,Collector Mungeli_IDA,2023-09-12,Approved by IDA,600000,Sanctioned
MPLADS-045786,Arun Sao,Lok Sabha,Chhattisgarh,BILASPUR,,,MUNGELI,Balaudi,Normal/Others,"WS/MP426/2023-2024/19273 - Construction of roads, approach roads, link roads and pathways",Collector Mungeli_IDA,2023-09-12,Approved by IDA,500000,Sanctioned
MPLADS-045818,Arun Sao,Lok Sabha,Chhattisgarh,BILASPUR,,,MUNGELI,Pauni,Normal/Others,"WS/MP426/2023-2024/19275 - Construction of roads, approach roads, link roads and pathways",Collector Mungeli_IDA,2023-09-12,Approved by IDA,500000,Sanctioned
MPLADS-046047,Arun Sao,Lok Sabha,Chhattisgarh,BILASPUR,,,KOTA,Ranigaon,Normal/Others,NA - Construction of public toilets and bathrooms,DISTRICT COLLECTOR BILASPUR_IDA,2023-09-11,Action Pending,100000,Unsanctioned
MPLADS-046048,Arun Sao,Lok Sabha,Chhattisgarh,BILASPUR,Bilaspur,21,,,Normal/Others,NA - Construction of buildings for community cultural activities,DISTRICT COLLECTOR BILASPUR_IDA,2023-09-11,Action Pending,1000000,Unsanctioned
MPLADS-046049,Arun Sao,Lok Sabha,Chhattisgarh,BILASPUR,Bilaspur,42,,,Normal/Others,NA - Construction of buildings for community cultural activities,DISTRICT COLLECTOR BILASPUR_IDA,2023-09-11,Action Pending,500000,Unsanctioned
MPLADS-046050,Arun Sao,Lok Sabha,Chhattisgarh,BILASPUR,Bilaspur,58,,,Normal/Others,NA - Construction of additional rooms and halls in the existing public and community building,DISTRICT COLLECTOR BILASPUR_IDA,2023-09-11,Action Pending,500000,Unsanctioned
MPLADS-046051,Arun Sao,Lok Sabha,Chhattisgarh,BILASPUR,,,MASTURI,Tharakpur,Normal/Others,"NA - Construction of roads, approach roads, link roads and pathways",DISTRICT COLLECTOR BILASPUR_IDA,2023-09-11,Action Pending,500000,Unsanctioned
MPLADS-046052,Arun Sao,Lok Sabha,Chhattisgarh,BILASPUR,,,MASTURI,Manikchouri,Normal/Others,"WS/MP426/2023-2024/18846 - Construction of roads, approach roads, link roads and pathways",DISTRICT COLLECTOR BILASPUR_IDA,2023-09-11,Approved by IDA,500000,Sanctioned
MPLADS-046053,Arun Sao,Lok Sabha,Chhattisgarh,BILASPUR,,,MASTURI,Okhar,Normal/Others,"WS/MP426/2023-2024/18847 - Construction of roads, approach roads, link roads and pathways",DISTRICT COLLECTOR BILASPUR_IDA,2023-09-11,Approved by IDA,1000000,Sanctioned
MPLADS-046054,Arun Sao,Lok Sabha,Chhattisgarh,BILASPUR,,,MASTURI,Bhurkunda,Normal/Others,NA - Construction of buildings for community cultural activities,DISTRICT COLLECTOR BILASPUR_IDA,2023-09-11,Action Pending,250000,Unsanctioned
MPLADS-046055,Arun Sao,Lok Sabha,Chhattisgarh,BILASPUR,,,MASTURI,Hirri,Normal/Others,WS/MP426/2023-2024/18849 - Construction of buildings for community cultural activities,DISTRICT COLLECTOR BILASPUR_IDA,2023-09-11,Approved by IDA,250000,Sanctioned
MPLADS-046056,Arun Sao,Lok Sabha,Chhattisgarh,BILASPUR,,,MASTURI,Bohardih,Normal/Others,"NA - Construction of roads, approach roads, link roads and pathways",DISTRICT COLLECTOR BILASPUR_IDA,2023-09-11,Action Pending,200000,Unsanctioned
MPLADS-046057,Arun Sao,Lok Sabha,Chhattisgarh,BILASPUR,,,MASTURI,Bareli,Normal/Others,"NA - Construction of roads, approach roads, link roads and pathways",DISTRICT COLLECTOR BILASPUR_IDA,2023-09-11,Action Pending,600000,Unsanctioned
MPLADS-046058,Arun Sao,Lok Sabha,Chhattisgarh,BILASPUR,,,MASTURI,Khondara,Normal/Others,WS/MP426/2023-2024/18852 - Providing drains and gutters for public drainage,DISTRICT COLLECTOR BILASPUR_IDA,2023-09-11,Approved by IDA,500000,Sanctioned
MPLADS-046062,Arun Sao,Lok Sabha,Chhattisgarh,BILASPUR,,,MASTURI,Gataura,Normal/Others,"NA - Construction of roads, approach roads, link roads and pathways",DISTRICT COLLECTOR BILASPUR_IDA,2023-09-11,Action Pending,500000,Unsanctioned
MPLADS-046064,Arun Sao,Lok Sabha,Chhattisgarh,BILASPUR,Bilaspur,25,,,Normal/Others,NA - Construction of buildings for community cultural activities,DISTRICT COLLECTOR BILASPUR_IDA,2023-09-11,Action Pending,1000000,Unsanctioned
MPLADS-046065,Arun Sao,Lok Sabha,Chhattisgarh,BILASPUR,,,KOTA,Nagoi,Normal/Others,"NA - Construction of roads, link roads, pathways or any other road with or without drainage system",DISTRICT COLLECTOR BILASPUR_IDA,2023-09-11,Action Pending,500000,Unsanctioned
MPLADS-046066,Arun Sao,Lok Sabha,Chhattisgarh,BILASPUR,,,BELHA,Lakhram,Normal/Others,NA - Construction of buildings for community cultural activities,DISTRICT COLLECTOR BILASPUR_IDA,2023-09-11,Action Pending,500000,Unsanctioned
MPLADS-046067,Arun Sao,Lok Sabha,Chhattisgarh,BILASPUR,,,BELHA,Garhwat,Normal/Others,NA - Construction of buildings for community cultural activities,DISTRICT COLLECTOR BILASPUR_IDA,2023-09-11,Action Pending,500000,Unsanctioned
MPLADS-046068,Arun Sao,Lok Sabha,Chhattisgarh,BILASPUR,,,BELHA,Newsa,Normal/Others,NA - Construction of buildings for community cultural activities,DISTRICT COLLECTOR BILASPUR_IDA,2023-09-11,Action Pending,200000,Unsanctioned
MPLADS-046072,Arun Sao,Lok Sabha,Chhattisgarh,BILASPUR,,,BELHA,Khaira(Dagniya),Normal/Others,NA - Construction of additional rooms and halls in the existing public and community building,DISTRICT COLLECTOR BILASPUR_IDA,2023-09-11,Action Pending,500000,Unsanctioned
MPLADS-046073,Arun Sao,Lok Sabha,Chhattisgarh,BILASPUR,,,BELHA,Selar,Normal/Others,NA - Construction of buildings for community cultural activities,DISTRICT COLLECTOR BILASPUR_IDA,2023-09-11,Action Pending,300000,Unsanctioned
MPLADS-046074,Arun Sao,Lok Sabha,Chhattisgarh,BILASPUR,Ratanpur,01,,,Normal/Others,NA - Construction of buildings for community cultural activities,DISTRICT COLLECTOR BILASPUR_IDA,2023-09-11,Action Pending,200000,Unsanctioned
MPLADS-046075,Arun Sao,Lok Sabha,Chhattisgarh,BILASPUR,,,BELHA,Sendri,Normal/Others,NA - Crematoriums or structures on burial/ cremation ground for public convenience,DISTRICT COLLECTOR BILASPUR_IDA,2023-09-11,Action Pending,350000,Unsanctioned
MPLADS-046076,Arun Sao,Lok Sabha,Chhattisgarh,BILASPUR,,,BELHA,Singhri,Normal/Others,NA - Construction of buildings for community cultural activities,DISTRICT COLLECTOR BILASPUR_IDA,2023-09-11,Action Pending,350000,Unsanctioned
MPLADS-046077,Arun Sao,Lok Sabha,Chhattisgarh,BILASPUR,,,BELHA,Mohtarai,Normal/Others,"NA - Construction of roads, approach roads, link roads and pathways",DISTRICT COLLECTOR BILASPUR_IDA,2023-09-11,Action Pending,500000,Unsanctioned
MPLADS-046078,Arun Sao,Lok Sabha,Chhattisgarh,BILASPUR,,,KOTA,Barpali,Normal/Others,NA - Construction of buildings for community cultural activities,DISTRICT COLLECTOR BILASPUR_IDA,2023-09-11,Action Pending,500000,Unsanctioned
MPLADS-046079,Arun Sao,Lok Sabha,Chhattisgarh,BILASPUR,Ratanpur,10,,,Normal/Others,NA - Construction of buildings for community cultural activities,DISTRICT COLLECTOR BILASPUR_IDA,2023-09-11,Action Pending,250000,Unsanctioned
MPLADS-046080,Arun Sao,Lok Sabha,Chhattisgarh,BILASPUR,Ratanpur,15,,,Normal/Others,NA - Construction of buildings for community cultural activities,DISTRICT COLLECTOR BILASPUR_IDA,2023-09-11,Action Pending,250000,Unsanctioned
MPLADS-046081,Arun Sao,Lok Sabha,Chhattisgarh,BILASPUR,,,KOTA,Ranigaon,Normal/Others,NA - Construction of additional rooms and halls in the existing public and community building,DISTRICT COLLECTOR BILASPUR_IDA,2023-09-11,Action Pending,200000,Unsanctioned
MPLADS-046082,Arun Sao,Lok Sabha,Chhattisgarh,BILASPUR,,,KOTA,Nawagaon(KARRA),Normal/Others,NA - Construction of additional rooms and halls in the existing public and community building,DISTRICT COLLECTOR BILASPUR_IDA,2023-09-11,Action Pending,250000,Unsanctioned
MPLADS-046084,Arun Sao,Lok Sabha,Chhattisgarh,BILASPUR,,,BELHA,Sendri,Normal/Others,NA - Construction of additional rooms and halls in the existing public and community building,DISTRICT COLLECTOR BILASPUR_IDA,2023-09-11,Action Pending,200000,Unsanctioned
MPLADS-046095,Arun Sao,Lok Sabha,Chhattisgarh,BILASPUR,,,BELHA,Bharwidih,Normal/Others,"NA - Construction of roads, approach roads, link roads and pathways",DISTRICT COLLECTOR BILASPUR_IDA,2023-09-11,Action Pending,500000,Unsanctioned
MPLADS-046096,Arun Sao,Lok Sabha,Chhattisgarh,BILASPUR,,,BELHA,Matiyari,Normal/Others,NA - Construction of buildings for community cultural activities,DISTRICT COLLECTOR BILASPUR_IDA,2023-09-11,Action Pending,200000,Unsanctioned
MPLADS-046097,Arun Sao,Lok Sabha,Chhattisgarh,BILASPUR,,,BELHA,Khairkhuti,Normal/Others,NA - Construction of buildings for community cultural activities,DISTRICT COLLECTOR BILASPUR_IDA,2023-09-11,Action Pending,200000,Unsanctioned
MPLADS-046098,Arun Sao,Lok Sabha,Chhattisgarh,BILASPUR,,,BELHA,Manjurpahri,Normal/Others,NA - Construction of buildings for community cultural activities,DISTRICT COLLECTOR BILASPUR_IDA,2023-09-11,Action Pending,200000,Unsanctioned
MPLADS-046099,Arun Sao,Lok Sabha,Chhattisgarh,BILASPUR,,,BELHA,Garhwat,Normal/Others,NA - Construction of buildings for community cultural activities,DISTRICT COLLECTOR BILASPUR_IDA,2023-09-11,Action Pending,200000,Unsanctioned
MPLADS-046143,SHRI K T S Tulsi,Rajya Sabha,Chhattisgarh,Sitting Rajya Sabha,,,DURG,Jeora,Normal/Others,"WS/MP177/2023-2024/18763 - Construction of roads, approach roads, link roads and pathways",DISTRICT COLLECTOR DURG_IDA,2023-09-11,Approved by IDA,1500000,Sanctioned
MPLADS-046231,Arun Sao,Lok Sabha,Chhattisgarh,BILASPUR,,,BELHA,Baima,Normal/Others,NA - Construction of buildings for community cultural activities,DISTRICT COLLECTOR BILASPUR_IDA,2023-09-11,Action Pending,200000,Unsanctioned
MPLADS-046385,Sunil Kumar Soni,Lok Sabha,Chhattisgarh,RAIPUR,,,ARANG,Bhandar,Normal/Others,NA - Construction of buildings for community cultural activities,DISTRICT COLLECTOR RAIPUR_IDA,2023-09-09,Action Pending,400000,Unsanctioned
MPLADS-046397,Sunil Kumar Soni,Lok Sabha,Chhattisgarh,RAIPUR,,,Dharsiwa,Saragaon,Normal/Others,"NA - Construction of roads, link roads, pathways or any other road with or without drainage system",DISTRICT COLLECTOR RAIPUR_IDA,2023-09-09,Action Pending,500000,Unsanctioned
MPLADS-046398,Sunil Kumar Soni,Lok Sabha,Chhattisgarh,RAIPUR,,,ARANG,Chakwe,Normal/Others,WS/MP567/2023-2024/18303 - Construction of community centers and community halls,DISTRICT COLLECTOR RAIPUR_IDA,2023-09-09,Approved by IDA,250000,Sanctioned
MPLADS-046399,Sunil Kumar Soni,Lok Sabha,Chhattisgarh,RAIPUR,Raipur,13,,,Repair and Renovation,WS/MP567/2023-2024/18302 - Construction of buildings for community cultural activities,DISTRICT COLLECTOR RAIPUR_IDA,2023-09-09,Approved by IDA,500000,Unsanctioned
MPLADS-046400,Sunil Kumar Soni,Lok Sabha,Chhattisgarh,RAIPUR,,,ARANG,Kumhari-2(Kumhari),Normal/Others,WS/MP567/2023-2024/18301 - Construction of community centers and community halls,DISTRICT COLLECTOR RAIPUR_IDA,2023-09-09,Approved by IDA,500000,Sanctioned
MPLADS-046419,Sunil Kumar Soni,Lok Sabha,Chhattisgarh,RAIPUR,Raipur,ward 3,,,Normal/Others,NA - Construction of community centers and community halls,DISTRICT COLLECTOR RAIPUR_IDA,2023-09-09,Action Pending,500000,Unsanctioned
MPLADS-046423,Mohan Mandavi,Lok Sabha,Chhattisgarh,KANKER(ST),,,KANKER,Govindpur (OG),Normal/Others,NA - Construction of night shelters for homeless,DISTRICT COLLECTOR KANKER_IDA,2023-09-09,Action Pending,600000,Unsanctioned
MPLADS-046430,Mohan Mandavi,Lok Sabha,Chhattisgarh,KANKER(ST),,,KANKER,Kondagaon,Normal/Others,NA - Common work sheds for artisans,DISTRICT COLLECTOR KANKER_IDA,2023-09-09,Action Pending,300000,Unsanctioned
MPLADS-046437,Mohan Mandavi,Lok Sabha,Chhattisgarh,KANKER(ST),,,KANKER,Singarbhat (OG),Normal/Others,NA - Common work sheds for artisans,DISTRICT COLLECTOR KANKER_IDA,2023-09-09,Action Pending,200000,Unsanctioned
MPLADS-046438,Sunil Kumar Soni,Lok Sabha,Chhattisgarh,RAIPUR,Raipur,21,,,Normal/Others,WS/MP567/2023-2024/18251 - Construction of community centers and community halls,DISTRICT COLLECTOR RAIPUR_IDA,2023-09-09,Approved by IDA,400000,Unsanctioned
MPLADS-046448,Sunil Kumar Soni,Lok Sabha,Chhattisgarh,RAIPUR,Birgaon,14,,,Normal/Others,WS/MP567/2023-2024/18252 - Construction of community centers and community halls,DISTRICT COLLECTOR RAIPUR_IDA,2023-09-09,Approved by IDA,500000,Unsanctioned
MPLADS-046451,Sunil Kumar Soni,Lok Sabha,Chhattisgarh,RAIPUR,,,TILDA,Bahesar-2 (Bahesar),Normal/Others,"WS/MP567/2023-2024/18299 - Construction of roads, approach roads, link roads and pathways",DISTRICT COLLECTOR RAIPUR_IDA,2023-09-09,Approved by IDA,250000,Sanctioned
MPLADS-046453,Sunil Kumar Soni,Lok Sabha,Chhattisgarh,RAIPUR,,,ABHANPUR,Nimora-2 (Nimora),Normal/Others,WS/MP567/2023-2024/18254 - Construction of community centers and community halls,DISTRICT COLLECTOR RAIPUR_IDA,2023-09-09,Approved by IDA,400000,Unsanctioned
MPLADS-046454,Sunil Kumar Soni,Lok Sabha,Chhattisgarh,RAIPUR,,,ARANG,Chakwe,Normal/Others,WS/MP567/2023-2024/18253 - Construction of buildings for community cultural activities,DISTRICT COLLECTOR RAIPUR_IDA,2023-09-09,Approved by IDA,250000,Sanctioned
MPLADS-046490,Sunil Kumar Soni,Lok Sabha,Chhattisgarh,RAIPUR,Raipur,13,,,Normal/Others,NA - Construction of rooms and halls in school and colleges,DISTRICT COLLECTOR RAIPUR_IDA,2023-09-09,Action Pending,700000,Unsanctioned
MPLADS-046505,Sunil Kumar Soni,Lok Sabha,Chhattisgarh,RAIPUR,,,ARANG,Chataud,Normal/Others,NA - Construction of community centers and community halls,DISTRICT COLLECTOR RAIPUR_IDA,2023-09-09,Action Pending,500000,Unsanctioned
MPLADS-046508,Sunil Kumar Soni,Lok Sabha,Chhattisgarh,RAIPUR,Raipur,12,,,Normal/Others,NA - Construction of buildings for community cultural activities,DISTRICT COLLECTOR RAIPUR_IDA,2023-09-09,Action Pending,200000,Unsanctioned
MPLADS-046525,Arun Sao,Lok Sabha,Chhattisgarh,BILASPUR,,,BELHA,Khaira(Dagniya),Normal/Others,NA - Construction of additional rooms and halls in the existing public and community building,DISTRICT COLLECTOR BILASPUR_IDA,2023-09-08,Rejected by IDA,500000,Unsanctioned
MPLADS-046545,Arun Sao,Lok Sabha,Chhattisgarh,BILASPUR,,,KOTA,Nawagaon(KARRA),Normal/Others,NA - Construction of additional rooms and halls in the existing public and community building,DISTRICT COLLECTOR BILASPUR_IDA,2023-09-08,Rejected by IDA,250000,Unsanctioned
MPLADS-046558,Arun Sao,Lok Sabha,Chhattisgarh,BILASPUR,Bilaspur,25,,,Normal/Others,NA - Construction of buildings for community cultural activities,DISTRICT COLLECTOR BILASPUR_IDA,2023-09-08,Rejected by IDA,1000000,Unsanctioned
MPLADS-046559,Arun Sao,Lok Sabha,Chhattisgarh,BILASPUR,Bilaspur,21,,,Normal/Others,NA - Construction of buildings for community cultural activities,DISTRICT COLLECTOR BILASPUR_IDA,2023-09-08,Rejected by IDA,1000000,Unsanctioned
MPLADS-046560,Arun Sao,Lok Sabha,Chhattisgarh,BILASPUR,Bilaspur,42,,,Normal/Others,NA - Construction of buildings for community cultural activities,DISTRICT COLLECTOR BILASPUR_IDA,2023-09-08,Rejected by IDA,500000,Unsanctioned
MPLADS-046561,Arun Sao,Lok Sabha,Chhattisgarh,BILASPUR,Bilaspur,62,,,Normal/Others,"NA - Construction of roads, approach roads, link roads and pathways",DISTRICT COLLECTOR BILASPUR_IDA,2023-09-08,Rejected by IDA,600000,Unsanctioned
MPLADS-046562,Arun Sao,Lok Sabha,Chhattisgarh,BILASPUR,Bilaspur,58,,,Normal/Others,NA - Construction of additional rooms and halls in the existing public and community building,DISTRICT COLLECTOR BILASPUR_IDA,2023-09-08,Rejected by IDA,500000,Unsanctioned
MPLADS-046563,Arun Sao,Lok Sabha,Chhattisgarh,BILASPUR,,,MASTURI,Parsada,Normal/Others,"NA - Construction of roads, approach roads, link roads and pathways",DISTRICT COLLECTOR BILASPUR_IDA,2023-09-08,Rejected by IDA,500000,Unsanctioned
MPLADS-046564,Arun Sao,Lok Sabha,Chhattisgarh,BILASPUR,,,MASTURI,Tharakpur,Normal/Others,"NA - Construction of roads, approach roads, link roads and pathways",DISTRICT COLLECTOR BILASPUR_IDA,2023-09-08,Rejected by IDA,500000,Unsanctioned
MPLADS-046567,Arun Sao,Lok Sabha,Chhattisgarh,BILASPUR,,,MASTURI,Okhar,Normal/Others,"NA - Construction of roads, approach roads, link roads and pathways",DISTRICT COLLECTOR BILASPUR_IDA,2023-09-08,Rejected by IDA,1000000,Unsanctioned
MPLADS-046586,Arun Sao,Lok Sabha,Chhattisgarh,BILASPUR,,,MASTURI,Manikchouri,Normal/Others,"NA - Construction of roads, approach roads, link roads and pathways",DISTRICT COLLECTOR BILASPUR_IDA,2023-09-08,Rejected by IDA,500000,Unsanctioned
MPLADS-046587,Arun Sao,Lok Sabha,Chhattisgarh,BILASPUR,,,MASTURI,Bhurkunda,Normal/Others,NA - Construction of artificial reef,DISTRICT COLLECTOR BILASPUR_IDA,2023-09-08,Rejected by IDA,250000,Unsanctioned
MPLADS-046608,Arun Sao,Lok Sabha,Chhattisgarh,BILASPUR,,,BELHA,Lakhram,Normal/Others,NA - Construction of additional rooms and halls in the existing public and community building,DISTRICT COLLECTOR BILASPUR_IDA,2023-09-08,Rejected by IDA,500000,Unsanctioned
MPLADS-046609,Arun Sao,Lok Sabha,Chhattisgarh,BILASPUR,,,MASTURI,Hirri,Normal/Others,NA - Construction of artificial reef,DISTRICT COLLECTOR BILASPUR_IDA,2023-09-08,Rejected by IDA,250000,Unsanctioned
MPLADS-046610,Arun Sao,Lok Sabha,Chhattisgarh,BILASPUR,,,BELHA,Selar,Normal/Others,NA - Construction of artificial reef,DISTRICT COLLECTOR BILASPUR_IDA,2023-09-08,Rejected by IDA,500000,Unsanctioned
MPLADS-046611,Arun Sao,Lok Sabha,Chhattisgarh,BILASPUR,,,MASTURI,Bohardih,Normal/Others,"NA - Construction of roads, approach roads, link roads and pathways",DISTRICT COLLECTOR BILASPUR_IDA,2023-09-08,Rejected by IDA,200000,Unsanctioned
MPLADS-046612,Arun Sao,Lok Sabha,Chhattisgarh,BILASPUR,,,MASTURI,Bareli,Normal/Others,"NA - Construction of roads, approach roads, link roads and pathways",DISTRICT COLLECTOR BILASPUR_IDA,2023-09-08,Rejected by IDA,600000,Unsanctioned
MPLADS-046613,Arun Sao,Lok Sabha,Chhattisgarh,BILASPUR,,,MASTURI,Khondara,Normal/Others,NA - Providing drains and gutters for public drainage,DISTRICT COLLECTOR BILASPUR_IDA,2023-09-08,Rejected by IDA,500000,Unsanctioned
MPLADS-046614,Arun Sao,Lok Sabha,Chhattisgarh,BILASPUR,,,MASTURI,Gataura,Normal/Others,"NA - Construction of roads, approach roads, link roads and pathways",DISTRICT COLLECTOR BILASPUR_IDA,2023-09-08,Rejected by IDA,500000,Unsanctioned
MPLADS-046615,Arun Sao,Lok Sabha,Chhattisgarh,BILASPUR,,,KOTA,Ranigaon,Normal/Others,NA - Construction of boundary walls of existing public and community buildings,DISTRICT COLLECTOR BILASPUR_IDA,2023-09-08,Rejected by IDA,250000,Unsanctioned
MPLADS-046616,Arun Sao,Lok Sabha,Chhattisgarh,BILASPUR,,,KOTA,Ranigaon,Normal/Others,NA - Construction of additional rooms and halls in the existing public and community building,DISTRICT COLLECTOR BILASPUR_IDA,2023-09-08,Rejected by IDA,200000,Unsanctioned
MPLADS-046620,Arun Sao,Lok Sabha,Chhattisgarh,BILASPUR,,,KOTA,Nagoi,Normal/Others,"NA - Construction of roads, approach roads, link roads and pathways",DISTRICT COLLECTOR BILASPUR_IDA,2023-09-08,Rejected by IDA,500000,Unsanctioned
MPLADS-046621,Arun Sao,Lok Sabha,Chhattisgarh,BILASPUR,Ratanpur,01,,,Normal/Others,NA - Construction of boundary walls of existing public and community buildings,DISTRICT COLLECTOR BILASPUR_IDA,2023-09-08,Rejected by IDA,200000,Unsanctioned
MPLADS-046622,Arun Sao,Lok Sabha,Chhattisgarh,BILASPUR,Ratanpur,15,,,Normal/Others,NA - Construction of artificial reef,DISTRICT COLLECTOR BILASPUR_IDA,2023-09-08,Rejected by IDA,250000,Unsanctioned
MPLADS-046623,Arun Sao,Lok Sabha,Chhattisgarh,BILASPUR,Ratanpur,10,,,Normal/Others,NA - Construction of artificial reef,DISTRICT COLLECTOR BILASPUR_IDA,2023-09-08,Rejected by IDA,250000,Unsanctioned
MPLADS-046624,Arun Sao,Lok Sabha,Chhattisgarh,BILASPUR,,,KOTA,Barpali,Normal/Others,NA - Construction of additional rooms and halls in the existing public and community building,DISTRICT COLLECTOR BILASPUR_IDA,2023-09-08,Rejected by IDA,500000,Unsanctioned
MPLADS-046625,Arun Sao,Lok Sabha,Chhattisgarh,BILASPUR,,,BELHA,Mohtarai,Normal/Others,"NA - Construction of roads, approach roads, link roads and pathways",DISTRICT COLLECTOR BILASPUR_IDA,2023-09-08,Rejected by IDA,500000,Unsanctioned
MPLADS-046626,Arun Sao,Lok Sabha,Chhattisgarh,BILASPUR,,,BELHA,Singhri,Normal/Others,NA - Construction of artificial reef,DISTRICT COLLECTOR BILASPUR_IDA,2023-09-08,Rejected by IDA,350000,Unsanctioned
MPLADS-046627,Arun Sao,Lok Sabha,Chhattisgarh,BILASPUR,,,BELHA,Sendri,Normal/Others,NA - Crematoriums or structures on burial/ cremation ground for public convenience,DISTRICT COLLECTOR BILASPUR_IDA,2023-09-08,Rejected by IDA,350000,Unsanctioned
MPLADS-046628,Arun Sao,Lok Sabha,Chhattisgarh,BILASPUR,,,KOTA,Ranigaon,Normal/Others,NA - Construction of public toilets and bathrooms,DISTRICT COLLECTOR BILASPUR_IDA,2023-09-08,Rejected by IDA,100000,Unsanctioned
MPLADS-046713,Arun Sao,Lok Sabha,Chhattisgarh,BILASPUR,,,BELHA,Newsa,Normal/Others,NA - Construction of artificial reef,DISTRICT COLLECTOR BILASPUR_IDA,2023-09-08,Rejected by IDA,200000,Unsanctioned
MPLADS-046714,Arun Sao,Lok Sabha,Chhattisgarh,BILASPUR,,,BELHA,Garhwat,Normal/Others,NA - Construction of additional rooms and halls in the existing public and community building,DISTRICT COLLECTOR BILASPUR_IDA,2023-09-08,Rejected by IDA,500000,Unsanctioned
MPLADS-046715,Arun Sao,Lok Sabha,Chhattisgarh,BILASPUR,,,BELHA,Baima,Normal/Others,NA - Construction of artificial reef,DISTRICT COLLECTOR BILASPUR_IDA,2023-09-08,Rejected by IDA,200000,Unsanctioned
MPLADS-046716,Arun Sao,Lok Sabha,Chhattisgarh,BILASPUR,,,BELHA,Garhwat,Normal/Others,NA - Construction of artificial reef,DISTRICT COLLECTOR BILASPUR_IDA,2023-09-08,Rejected by IDA,200000,Unsanctioned
MPLADS-046732,Arun Sao,Lok Sabha,Chhattisgarh,BILASPUR,,,BELHA,Manjurpahri,Normal/Others,NA - Construction of artificial reef,DISTRICT COLLECTOR BILASPUR_IDA,2023-09-08,Rejected by IDA,200000,Unsanctioned
MPLADS-046733,Arun Sao,Lok Sabha,Chhattisgarh,BILASPUR,,,BELHA,Khairkhuti,Normal/Others,NA - Construction of artificial reef,DISTRICT COLLECTOR BILASPUR_IDA,2023-09-08,Rejected by IDA,200000,Unsanctioned
MPLADS-046734,Arun Sao,Lok Sabha,Chhattisgarh,BILASPUR,,,BELHA,Matiyari,Normal/Others,NA - Construction of artificial reef,DISTRICT COLLECTOR BILASPUR_IDA,2023-09-08,Rejected by IDA,200000,Unsanctioned
MPLADS-046735,Arun Sao,Lok Sabha,Chhattisgarh,BILASPUR,,,BELHA,Bharwidih,Normal/Others,"NA - Construction of roads, approach roads, link roads and pathways",DISTRICT COLLECTOR BILASPUR_IDA,2023-09-08,Rejected by IDA,500000,Unsanctioned
MPLADS-046736,Arun Sao,Lok Sabha,Chhattisgarh,BILASPUR,,,BELHA,Sendri,Normal/Others,NA - Construction of additional rooms and halls in the existing public and community building,DISTRICT COLLECTOR BILASPUR_IDA,2023-09-08,Rejected by IDA,200000,Unsanctioned
MPLADS-046805,Smt Phulo Devi Netam,Rajya Sabha,Chhattisgarh,Sitting Rajya Sabha,,,BASNA,Bitangipali,Normal/Others,"NA - Construction of roads, approach roads, link roads and pathways",DISTRICT COLLECTOR MAHASAMUND_IDA,2023-09-07,Action Pending,500000,Unsanctioned
MPLADS-046806,Smt Phulo Devi Netam,Rajya Sabha,Chhattisgarh,Sitting Rajya Sabha,,,SARAIPALI,Putka,Normal/Others,"NA - Construction of roads, approach roads, link roads and pathways",DISTRICT COLLECTOR MAHASAMUND_IDA,2023-09-07,Action Pending,500000,Unsanctioned
MPLADS-046807,Smt Phulo Devi Netam,Rajya Sabha,Chhattisgarh,Sitting Rajya Sabha,,,DONDILOHARA,Mahrajpur,Normal/Others,"WS/MP224/2023-2024/17678 - Construction of roads, approach roads, link roads and pathways",Collector Balod_IDA,2023-09-07,Approved by IDA,1000000,Sanctioned
MPLADS-046816,Smt Phulo Devi Netam,Rajya Sabha,Chhattisgarh,Sitting Rajya Sabha,,,DONDILOHARA,Banjari Nakapara,Normal/Others,"WS/MP224/2023-2024/17677 - Construction of roads, approach roads, link roads and pathways",Collector Balod_IDA,2023-09-07,Approved by IDA,1000000,Sanctioned
MPLADS-047470,Chunni lal Sahu,Lok Sabha,Chhattisgarh,MAHASAMUND,,,FINGESHWAR,Chaubebandha,Normal/Others,"WS/MP427/2023-2024/16081 - Construction of roads, approach roads, link roads and pathways",Collectro Gariaband_IDA,2023-09-04,Approved by IDA,500000,Unsanctioned
MPLADS-047478,Chunni lal Sahu,Lok Sabha,Chhattisgarh,MAHASAMUND,,,GARIYABAND,Kasarbay,Normal/Others,"NA - Construction of roads, approach roads, link roads and pathways",Collectro Gariaband_IDA,2023-09-04,Action Pending,473952,Unsanctioned
MPLADS-047480,Chunni lal Sahu,Lok Sabha,Chhattisgarh,MAHASAMUND,,,MAINPUR,Hardibhata,Normal/Others,"NA - Construction of roads, approach roads, link roads and pathways",Collectro Gariaband_IDA,2023-09-04,Action Pending,539581,Unsanctioned
MPLADS-047481,Chunni lal Sahu,Lok Sabha,Chhattisgarh,MAHASAMUND,,,MAHASAMUND,Bhalesar,Normal/Others,NA - Construction of buildings for community cultural activities,DISTRICT COLLECTOR MAHASAMUND_IDA,2023-09-04,Action Pending,1000000,Unsanctioned
MPLADS-047482,Chunni lal Sahu,Lok Sabha,Chhattisgarh,MAHASAMUND,,,PITHORA,Arand,Normal/Others,NA - Construction of buildings for community cultural activities,DISTRICT COLLECTOR MAHASAMUND_IDA,2023-09-04,Action Pending,500000,Unsanctioned
MPLADS-047483,Chunni lal Sahu,Lok Sabha,Chhattisgarh,MAHASAMUND,Mahasamund,12 Pitiyajhar mahasamund,,,Normal/Others,NA - Construction of buildings for community cultural activities,DISTRICT COLLECTOR MAHASAMUND_IDA,2023-09-04,Action Pending,500000,Unsanctioned
MPLADS-047484,Chunni lal Sahu,Lok Sabha,Chhattisgarh,MAHASAMUND,,,FINGESHWAR,Rohina,Normal/Others,NA - Construction of buildings for community cultural activities,Collectro Gariaband_IDA,2023-09-04,Action Pending,500000,Unsanctioned
MPLADS-047485,Chunni lal Sahu,Lok Sabha,Chhattisgarh,MAHASAMUND,,,FINGESHWAR,Roba,Normal/Others,NA - Construction of buildings for community cultural activities,Collectro Gariaband_IDA,2023-09-04,Action Pending,300000,Unsanctioned
MPLADS-047486,Chunni lal Sahu,Lok Sabha,Chhattisgarh,MAHASAMUND,,,FINGESHWAR,Roba,Normal/Others,WS/MP427/2023-2024/16054 - Construction of buildings for community cultural activities,Collectro Gariaband_IDA,2023-09-04,Approved by IDA,300000,Sanctioned
MPLADS-047583,Chunni lal Sahu,Lok Sabha,Chhattisgarh,MAHASAMUND,KURUD,15 Gondpara,,,Normal/Others,NA - Construction of buildings for community cultural activities,DISTRICT COLLECTOR DHAMTARI_IDA,2023-09-04,Action Pending,650000,Unsanctioned
MPLADS-047592,Mohan Mandavi,Lok Sabha,Chhattisgarh,KANKER(ST),,,GURUR,Bohara,Normal/Others,WS/MP565/2023-2024/15983 - Construction of common work sheds/ common covered sitting area,Collector Balod_IDA,2023-09-04,Approved by IDA,500000,Sanctioned
MPLADS-047654,Mohan Mandavi,Lok Sabha,Chhattisgarh,KANKER(ST),,,GURUR,Pikaripar,Normal/Others,WS/MP565/2023-2024/15964 - Construction of common work sheds/ common covered sitting area,Collector Balod_IDA,2023-09-04,Approved by IDA,300000,Sanctioned
MPLADS-047655,Mohan Mandavi,Lok Sabha,Chhattisgarh,KANKER(ST),,,GURUR,Basin,Normal/Others,WS/MP565/2023-2024/15965 - Common work sheds for artisans,Collector Balod_IDA,2023-09-04,Approved by IDA,500000,Sanctioned
MPLADS-047669,Mohan Mandavi,Lok Sabha,Chhattisgarh,KANKER(ST),,,GURUR,Bhothli,Normal/Others,WS/MP565/2023-2024/15962 - Common work sheds for artisans,Collector Balod_IDA,2023-09-04,Approved by IDA,500000,Sanctioned
MPLADS-047678,Mohan Mandavi,Lok Sabha,Chhattisgarh,KANKER(ST),,,GURUR,Bheja,Normal/Others,NA - Construction of common work sheds/ common covered sitting area,Collector Balod_IDA,2023-09-04,Action Pending,500000,Unsanctioned
MPLADS-047679,Mohan Mandavi,Lok Sabha,Chhattisgarh,KANKER(ST),,,GURUR,Arkar,Normal/Others,WS/MP565/2023-2024/15967 - Construction of common work sheds/ common covered sitting area,Collector Balod_IDA,2023-09-04,Approved by IDA,500000,Sanctioned
MPLADS-047680,Mohan Mandavi,Lok Sabha,Chhattisgarh,KANKER(ST),,,GURUR,Ojhagahan,Normal/Others,WS/MP565/2023-2024/15979 - Construction of common work sheds/ common covered sitting area,Collector Balod_IDA,2023-09-04,Approved by IDA,300000,Unsanctioned
MPLADS-047681,Mohan Mandavi,Lok Sabha,Chhattisgarh,KANKER(ST),,,GURUR,Narbada,Normal/Others,NA - Construction of common work sheds/ common covered sitting area,Collector Balod_IDA,2023-09-04,Action Pending,300000,Unsanctioned
MPLADS-047682,Mohan Mandavi,Lok Sabha,Chhattisgarh,KANKER(ST),,,GURUR,Dhobanpuri,Normal/Others,NA - Construction of common work sheds/ common covered sitting area,Collector Balod_IDA,2023-09-04,Action Pending,300000,Unsanctioned
MPLADS-047683,Mohan Mandavi,Lok Sabha,Chhattisgarh,KANKER(ST),,,GURUR,Ramtara,Normal/Others,NA - Construction of common work sheds/ common covered sitting area,Collector Balod_IDA,2023-09-04,Action Pending,300000,Unsanctioned
MPLADS-047684,Mohan Mandavi,Lok Sabha,Chhattisgarh,KANKER(ST),,,GURUR,Dandesara,Normal/Others,NA - Construction of common work sheds/ common covered sitting area,Collector Balod_IDA,2023-09-04,Action Pending,300000,Unsanctioned
MPLADS-047685,Mohan Mandavi,Lok Sabha,Chhattisgarh,KANKER(ST),,,KANKER,Bhirawahi,Normal/Others,NA - Construction of community centers and community halls,DISTRICT COLLECTOR KANKER_IDA,2023-09-04,Action Pending,500000,Unsanctioned
MPLADS-047703,Mohan Mandavi,Lok Sabha,Chhattisgarh,KANKER(ST),,,DURGUKONDAL,Kalangpuri,Normal/Others,NA - Construction of community centers and community halls,DISTRICT COLLECTOR KANKER_IDA,2023-09-04,Action Pending,500000,Unsanctioned
MPLADS-047716,Vijay Baghel,Lok Sabha,Chhattisgarh,DURG,Patan,WARD 5 AKHARA,,,Normal/Others,WS/MP568/2023-2024/15904 - Construction of community centers and community halls,DISTRICT COLLECTOR DURG_IDA,2023-09-04,Approved by IDA,400000,Unsanctioned
MPLADS-047717,Mohan Mandavi,Lok Sabha,Chhattisgarh,KANKER(ST),,,DURGUKONDAL,Kalagaon,Normal/Others,NA - Construction of buildings for community cultural activities,DISTRICT COLLECTOR KANKER_IDA,2023-09-04,Action Pending,300000,Unsanctioned
MPLADS-047963,Smt Phulo Devi Netam,Rajya Sabha,Chhattisgarh,Sitting Rajya Sabha,,,BADERAJPUR,Mandokikhargaon,Normal/Others,"WS/MP224/2023-2024/15708 - Construction of roads, link roads, pathways or any other road with or without drainage system",DISTRICT COLLECTOR KONDAGAON_IDA,2023-09-03,Approved by IDA,2000000,Sanctioned
MPLADS-047982,Arun Sao,Lok Sabha,Chhattisgarh,BILASPUR,,,KOTA,Tatidhar,Normal/Others,NA - Construction of footpaths and pedestrian ways,DISTRICT COLLECTOR BILASPUR_IDA,2023-09-02,Action Pending,500000,Unsanctioned
MPLADS-048001,Mohan Mandavi,Lok Sabha,Chhattisgarh,KANKER(ST),,,MAGARLOD,Kareli Chhoti,Normal/Others,WS/MP565/2023-2024/15117 - Construction of common work sheds/ common covered sitting area,DISTRICT COLLECTOR DHAMTARI_IDA,2023-09-02,Approved by IDA,500000,Unsanctioned
MPLADS-048004,Mohan Mandavi,Lok Sabha,Chhattisgarh,KANKER(ST),,,DONDI,Pacheda,Normal/Others,WS/MP565/2023-2024/15131 - Construction of common work sheds/ common covered sitting area,Collector Balod_IDA,2023-09-02,Approved by IDA,500000,Sanctioned
MPLADS-048005,Mohan Mandavi,Lok Sabha,Chhattisgarh,KANKER(ST),,,MAGARLOD,Borsi,Normal/Others,WS/MP565/2023-2024/15118 - Construction of community centers and community halls,DISTRICT COLLECTOR DHAMTARI_IDA,2023-09-02,Approved by IDA,500000,Sanctioned
MPLADS-048006,Arun Sao,Lok Sabha,Chhattisgarh,BILASPUR,,,TAKHATPUR,Pandariya,Normal/Others,NA - Construction of footpaths and pedestrian ways,DISTRICT COLLECTOR BILASPUR_IDA,2023-09-02,Action Pending,600000,Unsanctioned
MPLADS-048007,Arun Sao,Lok Sabha,Chhattisgarh,BILASPUR,,,MASTURI,Nawagaon,Normal/Others,NA - Construction of footpaths and pedestrian ways,DISTRICT COLLECTOR BILASPUR_IDA,2023-09-02,Action Pending,500000,Unsanctioned
MPLADS-048008,Arun Sao,Lok Sabha,Chhattisgarh,BILASPUR,,,MASTURI,Hardi,Normal/Others,NA - Construction of footpaths and pedestrian ways,DISTRICT COLLECTOR BILASPUR_IDA,2023-09-02,Action Pending,200000,Unsanctioned
MPLADS-048009,Arun Sao,Lok Sabha,Chhattisgarh,BILASPUR,Takhatpur,11,,,Normal/Others,NA - Construction of additional rooms and halls in the existing public and community building,DISTRICT COLLECTOR BILASPUR_IDA,2023-09-02,Action Pending,1000000,Unsanctioned
MPLADS-048010,Arun Sao,Lok Sabha,Chhattisgarh,BILASPUR,Takhatpur,03,,,Normal/Others,NA - Construction of additional rooms and halls in the existing public and community building,DISTRICT COLLECTOR BILASPUR_IDA,2023-09-02,Action Pending,800000,Unsanctioned
MPLADS-048011,Arun Sao,Lok Sabha,Chhattisgarh,BILASPUR,Takhatpur,05,,,Normal/Others,NA - Construction of artificial reef,DISTRICT COLLECTOR BILASPUR_IDA,2023-09-02,Action Pending,500000,Unsanctioned
MPLADS-048012,Arun Sao,Lok Sabha,Chhattisgarh,BILASPUR,,,TAKHATPUR,Ghutku,Normal/Others,NA - Construction of buildings for community cultural activities,DISTRICT COLLECTOR BILASPUR_IDA,2023-09-02,Action Pending,700000,Unsanctioned
MPLADS-048013,Arun Sao,Lok Sabha,Chhattisgarh,BILASPUR,,,TAKHATPUR,Pondi,Normal/Others,NA - Construction of additional rooms and halls in the existing public and community building,DISTRICT COLLECTOR BILASPUR_IDA,2023-09-02,Action Pending,700000,Unsanctioned
MPLADS-048014,Arun Sao,Lok Sabha,Chhattisgarh,BILASPUR,,,TAKHATPUR,Domanpur,Normal/Others,NA - Construction of additional rooms and halls in the existing public and community building,DISTRICT COLLECTOR BILASPUR_IDA,2023-09-02,Action Pending,500000,Unsanctioned
MPLADS-048015,Arun Sao,Lok Sabha,Chhattisgarh,BILASPUR,Takhatpur,02,,,Normal/Others,NA - Construction of buildings for community cultural activities,DISTRICT COLLECTOR BILASPUR_IDA,2023-09-02,Action Pending,500000,Unsanctioned
MPLADS-048016,Arun Sao,Lok Sabha,Chhattisgarh,BILASPUR,,,BELHA,Madanpur,Normal/Others,NA - Construction of footpaths and pedestrian ways,DISTRICT COLLECTOR BILASPUR_IDA,2023-09-02,Action Pending,100000,Unsanctioned
MPLADS-048017,Arun Sao,Lok Sabha,Chhattisgarh,BILASPUR,,,TAKHATPUR,Nigarbandh,Normal/Others,NA - Construction of additional rooms and halls in the existing public and community building,DISTRICT COLLECTOR BILASPUR_IDA,2023-09-02,Action Pending,500000,Unsanctioned
MPLADS-048018,Arun Sao,Lok Sabha,Chhattisgarh,BILASPUR,,,KOTA,Tenduwa,Normal/Others,NA - Construction of footpaths and pedestrian ways,DISTRICT COLLECTOR BILASPUR_IDA,2023-09-02,Action Pending,500000,Unsanctioned
MPLADS-048020,Smt Phulo Devi Netam,Rajya Sabha,Chhattisgarh,Sitting Rajya Sabha,,,LUNDRA,Jamdi,Normal/Others,NA - Installing tube-wells and borewells,Collector Surguja_IDA,2023-09-02,Action Pending,150000,Unsanctioned
MPLADS-048021,Smt Phulo Devi Netam,Rajya Sabha,Chhattisgarh,Sitting Rajya Sabha,,,LUNDRA,Bakna Kalan,Normal/Others,NA - Installing tube-wells and borewells,Collector Surguja_IDA,2023-09-02,Action Pending,150000,Unsanctioned
MPLADS-048022,Smt Phulo Devi Netam,Rajya Sabha,Chhattisgarh,Sitting Rajya Sabha,,,LUNDRA,Udari,Normal/Others,NA - Installing tube-wells and borewells,Collector Surguja_IDA,2023-09-02,Action Pending,150000,Unsanctioned
MPLADS-048023,Smt Phulo Devi Netam,Rajya Sabha,Chhattisgarh,Sitting Rajya Sabha,,,LUNDRA,Dakai Alias Nawgai,Normal/Others,NA - Installing tube-wells and borewells,Collector Surguja_IDA,2023-09-02,Action Pending,150000,Unsanctioned
MPLADS-048024,Smt Phulo Devi Netam,Rajya Sabha,Chhattisgarh,Sitting Rajya Sabha,,,LUNDRA,Kardoni,Normal/Others,NA - Installing tube-wells and borewells,Collector Surguja_IDA,2023-09-02,Action Pending,150000,Unsanctioned
MPLADS-048025,Arun Sao,Lok Sabha,Chhattisgarh,BILASPUR,,,MASTURI,Gudi,Normal/Others,NA - Construction of footpaths and pedestrian ways,DISTRICT COLLECTOR BILASPUR_IDA,2023-09-02,Action Pending,500000,Unsanctioned
MPLADS-048026,Arun Sao,Lok Sabha,Chhattisgarh,BILASPUR,,,BELHA,Gondaiya,Normal/Others,WS/MP426/2023-2024/15343 - Construction of footpaths and pedestrian ways,DISTRICT COLLECTOR BILASPUR_IDA,2023-09-02,Approved by IDA,500000,Sanctioned
MPLADS-048027,Mohan Mandavi,Lok Sabha,Chhattisgarh,KANKER(ST),,,GUNDERDEHI,Haldi,Normal/Others,NA - Construction of common work sheds/ common covered sitting area,Collector Balod_IDA,2023-09-02,Action Pending,300000,Unsanctioned
MPLADS-048028,Arun Sao,Lok Sabha,Chhattisgarh,BILASPUR,Bilaspur,58,,,Normal/Others,NA - Construction of buildings for community cultural activities,DISTRICT COLLECTOR BILASPUR_IDA,2023-09-02,Action Pending,500000,Unsanctioned
MPLADS-048029,Mohan Mandavi,Lok Sabha,Chhattisgarh,KANKER(ST),,,GUNDERDEHI,Haldi,Normal/Others,NA - Construction of common work sheds/ common covered sitting area,Collector Balod_IDA,2023-09-02,Action Pending,500000,Unsanctioned
MPLADS-048030,Mohan Mandavi,Lok Sabha,Chhattisgarh,KANKER(ST),,,GUNDERDEHI,Barbaspur,Normal/Others,NA - Construction of common work sheds/ common covered sitting area,Collector Balod_IDA,2023-09-02,Action Pending,500000,Unsanctioned
MPLADS-048031,Mohan Mandavi,Lok Sabha,Chhattisgarh,KANKER(ST),,,GUNDERDEHI,Sibdi,Normal/Others,NA - Construction of common work sheds/ common covered sitting area,Collector Balod_IDA,2023-09-02,Action Pending,300000,Unsanctioned
MPLADS-048032,Mohan Mandavi,Lok Sabha,Chhattisgarh,KANKER(ST),Keshkal,surdongar,,,Normal/Others,NA - Construction of common work sheds/ common covered sitting area,DISTRICT COLLECTOR KONDAGAON_IDA,2023-09-02,Action Pending,500000,Unsanctioned
MPLADS-048033,Mohan Mandavi,Lok Sabha,Chhattisgarh,KANKER(ST),,,DONDI,Pacheda,Normal/Others,WS/MP565/2023-2024/15130 - Construction of common work sheds/ common covered sitting area,Collector Balod_IDA,2023-09-02,Approved by IDA,300000,Sanctioned
MPLADS-048035,Mohan Mandavi,Lok Sabha,Chhattisgarh,KANKER(ST),,,DONDI,Chikhali,Normal/Others,WS/MP565/2023-2024/15132 - Construction of common work sheds/ common covered sitting area,Collector Balod_IDA,2023-09-02,Approved by IDA,500000,Sanctioned
MPLADS-048036,Arun Sao,Lok Sabha,Chhattisgarh,BILASPUR,Bilaspur,37,,,Normal/Others,NA - Construction of rooms and halls in school and colleges,DISTRICT COLLECTOR BILASPUR_IDA,2023-09-02,Action Pending,1000000,Unsanctioned
MPLADS-048037,Arun Sao,Lok Sabha,Chhattisgarh,BILASPUR,Bilaspur,58,,,Normal/Others,NA - Construction of buildings for community cultural activities,DISTRICT COLLECTOR BILASPUR_IDA,2023-09-02,Action Pending,1000000,Unsanctioned
MPLADS-048038,Arun Sao,Lok Sabha,Chhattisgarh,BILASPUR,,,BELHA,Chakarbhatha,Normal/Others,WS/MP426/2023-2024/15342 - Construction of buildings for community cultural activities,DISTRICT COLLECTOR BILASPUR_IDA,2023-09-02,Approved by IDA,500000,Sanctioned
MPLADS-048039,Arun Sao,Lok Sabha,Chhattisgarh,BILASPUR,Bilaspur,58,,,Normal/Others,NA - Installing tube-wells and borewells,DISTRICT COLLECTOR BILASPUR_IDA,2023-09-02,Action Pending,200000,Unsanctioned
MPLADS-048040,Arun Sao,Lok Sabha,Chhattisgarh,BILASPUR,Bilaspur,14,,,Normal/Others,NA - Construction of additional rooms and halls in the existing public and community building,DISTRICT COLLECTOR BILASPUR_IDA,2023-09-02,Action Pending,500000,Unsanctioned
MPLADS-048041,Arun Sao,Lok Sabha,Chhattisgarh,BILASPUR,Bilaspur,01,,,Normal/Others,NA - Construction of toilet blocks,DISTRICT COLLECTOR BILASPUR_IDA,2023-09-02,Action Pending,300000,Unsanctioned
MPLADS-048042,Arun Sao,Lok Sabha,Chhattisgarh,BILASPUR,Bilaspur,55,,,Normal/Others,NA - Construction of additional rooms and halls in the existing public and community building,DISTRICT COLLECTOR BILASPUR_IDA,2023-09-02,Action Pending,500000,Unsanctioned
MPLADS-048043,Arun Sao,Lok Sabha,Chhattisgarh,BILASPUR,Bilaspur,19,,,Normal/Others,NA - Installing tube-wells and borewells,DISTRICT COLLECTOR BILASPUR_IDA,2023-09-02,Action Pending,200000,Unsanctioned
MPLADS-048044,Arun Sao,Lok Sabha,Chhattisgarh,BILASPUR,Bilha,05,,,Normal/Others,NA - Construction of rooms and halls in school and colleges,DISTRICT COLLECTOR BILASPUR_IDA,2023-09-02,Action Pending,500000,Unsanctioned
MPLADS-048045,Arun Sao,Lok Sabha,Chhattisgarh,BILASPUR,,,BELHA,Chakarbhatha,Normal/Others,WS/MP426/2023-2024/15340 - Construction of footpaths and pedestrian ways,DISTRICT COLLECTOR BILASPUR_IDA,2023-09-02,Approved by IDA,500000,Sanctioned
MPLADS-048046,Arun Sao,Lok Sabha,Chhattisgarh,BILASPUR,,,BELHA,Mudhipar,Normal/Others,NA - Construction of footpaths and pedestrian ways,DISTRICT COLLECTOR BILASPUR_IDA,2023-09-02,Action Pending,500000,Unsanctioned
MPLADS-048107,Arun Sao,Lok Sabha,Chhattisgarh,BILASPUR,,,KOTA,Nawagaon,Normal/Others,NA - Construction of footpaths and pedestrian ways,DISTRICT COLLECTOR BILASPUR_IDA,2023-09-02,Action Pending,500000,Unsanctioned
MPLADS-048135,Smt Phulo Devi Netam,Rajya Sabha,Chhattisgarh,Sitting Rajya Sabha,,,LUNDRA,Sakhouli,Normal/Others,NA - Installing tube-wells and borewells,Collector Surguja_IDA,2023-09-02,Action Pending,150000,Unsanctioned
MPLADS-048242,Arun Sao,Lok Sabha,Chhattisgarh,BILASPUR,,,KOTA,Litiya,Normal/Others,NA - Construction of footpaths and pedestrian ways,DISTRICT COLLECTOR BILASPUR_IDA,2023-09-02,Action Pending,500000,Unsanctioned
MPLADS-048243,Arun Sao,Lok Sabha,Chhattisgarh,BILASPUR,Kota,3,,,Normal/Others,NA - Construction of buildings for community cultural activities,DISTRICT COLLECTOR BILASPUR_IDA,2023-09-02,Action Pending,1000000,Unsanctioned
MPLADS-048244,Arun Sao,Lok Sabha,Chhattisgarh,BILASPUR,Kota,02,,,Normal/Others,NA - Construction of buildings for community cultural activities,DISTRICT COLLECTOR BILASPUR_IDA,2023-09-02,Action Pending,500000,Unsanctioned
MPLADS-048245,Arun Sao,Lok Sabha,Chhattisgarh,BILASPUR,Kota,02,,,Normal/Others,NA - Construction of buildings for community cultural activities,DISTRICT COLLECTOR BILASPUR_IDA,2023-09-02,Action Pending,700000,Unsanctioned
MPLADS-048246,Arun Sao,Lok Sabha,Chhattisgarh,BILASPUR,,,KOTA,Banabel,Normal/Others,NA - Construction of rooms and halls in school and colleges,DISTRICT COLLECTOR BILASPUR_IDA,2023-09-02,Action Pending,700000,Unsanctioned
MPLADS-048247,Arun Sao,Lok Sabha,Chhattisgarh,BILASPUR,,,KOTA,Dhanras,Normal/Others,NA - Construction of footpaths and pedestrian ways,DISTRICT COLLECTOR BILASPUR_IDA,2023-09-02,Action Pending,300000,Unsanctioned
MPLADS-048248,Arun Sao,Lok Sabha,Chhattisgarh,BILASPUR,Gaurella,10,,,Normal/Others,WS/MP426/2023-2024/15578 - Construction of buildings for community cultural activities,Collector GPM_IDA,2023-09-02,Approved by IDA,500000,Unsanctioned
MPLADS-048249,Arun Sao,Lok Sabha,Chhattisgarh,BILASPUR,Pendra,12,,,Normal/Others,WS/MP426/2023-2024/15579 - Construction of buildings for community cultural activities,Collector GPM_IDA,2023-09-02,Approved by IDA,500000,Unsanctioned
MPLADS-048250,Arun Sao,Lok Sabha,Chhattisgarh,BILASPUR,Pendra,12,,,Normal/Others,WS/MP426/2023-2024/15580 - Construction of common work sheds/ common covered sitting area,Collector GPM_IDA,2023-09-02,Approved by IDA,300000,Unsanctioned
MPLADS-048251,Arun Sao,Lok Sabha,Chhattisgarh,BILASPUR,Mungeli,11,,,Normal/Others,NA - Construction of additional rooms and halls in the existing public and community building,Collector Mungeli_IDA,2023-09-02,Action Pending,500000,Unsanctioned
MPLADS-048252,Arun Sao,Lok Sabha,Chhattisgarh,BILASPUR,,,MUNGELI,Surighat (OG),Normal/Others,NA - Construction of buildings for community cultural activities,Collector Mungeli_IDA,2023-09-02,Action Pending,600000,Unsanctioned
MPLADS-048253,Arun Sao,Lok Sabha,Chhattisgarh,BILASPUR,,,MUNGELI,Charbhatha,Normal/Others,NA - Construction of rooms and halls in school and colleges,Collector Mungeli_IDA,2023-09-02,Action Pending,500000,Unsanctioned
MPLADS-048255,Arun Sao,Lok Sabha,Chhattisgarh,BILASPUR,,,PATHARIYA,Bachhera,Normal/Others,WS/MP426/2023-2024/15586 - Construction of artificial reef,Collector Mungeli_IDA,2023-09-02,Approved by IDA,300000,Sanctioned
MPLADS-048256,Arun Sao,Lok Sabha,Chhattisgarh,BILASPUR,,,PATHARIYA,Chandrakhuri,Normal/Others,NA - Construction of rooms and halls in school and colleges,Collector Mungeli_IDA,2023-09-02,Action Pending,500000,Unsanctioned
MPLADS-048257,Arun Sao,Lok Sabha,Chhattisgarh,BILASPUR,,,PATHARIYA,Dhardei,Normal/Others,WS/MP426/2023-2024/15588 - Construction of buildings for community cultural activities,Collector Mungeli_IDA,2023-09-02,Approved by IDA,500000,Sanctioned
MPLADS-048258,Arun Sao,Lok Sabha,Chhattisgarh,BILASPUR,,,PATHARIYA,Pathargadhi,Normal/Others,WS/MP426/2023-2024/15589 - Construction of footpaths and pedestrian ways,Collector Mungeli_IDA,2023-09-02,Approved by IDA,500000,Sanctioned
MPLADS-048259,Arun Sao,Lok Sabha,Chhattisgarh,BILASPUR,Lormi,06,,,Normal/Others,NA - Construction of buildings for community cultural activities,Collector Mungeli_IDA,2023-09-02,Action Pending,1000000,Unsanctioned
MPLADS-048260,Arun Sao,Lok Sabha,Chhattisgarh,BILASPUR,,,LORMI,Dullapur,Normal/Others,NA - Construction of buildings for community cultural activities,Collector Mungeli_IDA,2023-09-02,Action Pending,500000,Unsanctioned
MPLADS-048261,Arun Sao,Lok Sabha,Chhattisgarh,BILASPUR,,,LORMI,Pendri Talab,Normal/Others,WS/MP426/2023-2024/15592 - Construction of public toilets and bathrooms,Collector Mungeli_IDA,2023-09-02,Approved by IDA,500000,Sanctioned
MPLADS-048262,Arun Sao,Lok Sabha,Chhattisgarh,BILASPUR,,,KOTA,Mohda,Normal/Others,NA - Construction of footpaths and pedestrian ways,DISTRICT COLLECTOR BILASPUR_IDA,2023-09-02,Action Pending,500000,Unsanctioned
MPLADS-048263,Arun Sao,Lok Sabha,Chhattisgarh,BILASPUR,,,KOTA,Kargi Khurd,Normal/Others,NA - Construction of footpaths and pedestrian ways,DISTRICT COLLECTOR BILASPUR_IDA,2023-09-02,Action Pending,500000,Unsanctioned
MPLADS-048272,Arun Sao,Lok Sabha,Chhattisgarh,BILASPUR,,,KOTA,Salka,Normal/Others,NA - Construction of footpaths and pedestrian ways,DISTRICT COLLECTOR BILASPUR_IDA,2023-09-02,Action Pending,500000,Unsanctioned
MPLADS-048273,Arun Sao,Lok Sabha,Chhattisgarh,BILASPUR,,,KOTA,Parsada,Normal/Others,NA - Construction of footpaths and pedestrian ways,DISTRICT COLLECTOR BILASPUR_IDA,2023-09-02,Action Pending,500000,Unsanctioned
MPLADS-048280,Smt Phulo Devi Netam,Rajya Sabha,Chhattisgarh,Sitting Rajya Sabha,,,LUNDRA,Kharakona,Normal/Others,NA - Installing tube-wells and borewells,Collector Surguja_IDA,2023-09-02,Action Pending,150000,Unsanctioned
MPLADS-048281,Smt Phulo Devi Netam,Rajya Sabha,Chhattisgarh,Sitting Rajya Sabha,,,PHARASGAON,JHATIBAN,Normal/Others,WS/MP224/2023-2024/15141 - Construction of common work sheds/ common covered sitting area,DISTRICT COLLECTOR KONDAGAON_IDA,2023-09-02,Approved by IDA,2000000,Sanctioned
MPLADS-048282,Smt Phulo Devi Netam,Rajya Sabha,Chhattisgarh,Sitting Rajya Sabha,,,PHARASGAON,Badedongar,Normal/Others,"WS/MP224/2023-2024/15135 - Construction of roads, link roads, pathways or any other road with or without drainage system",DISTRICT COLLECTOR KONDAGAON_IDA,2023-09-02,Approved by IDA,1000000,Sanctioned
MPLADS-048286,Arun Sao,Lok Sabha,Chhattisgarh,BILASPUR,,,PATHARIYA,Pakaria,Normal/Others,NA - Construction of artificial reef,Collector Mungeli_IDA,2023-09-02,Action Pending,500000,Unsanctioned
MPLADS-048357,Vijay Baghel,Lok Sabha,Chhattisgarh,DURG,,,NAWAGARH,Ghursena,Normal/Others,"WS/MP568/2023-2024/15037 - Construction of roads, link roads, pathways or any other road with or without drainage system",Collector Bemetara_IDA,2023-09-01,Approved by IDA,500000,Sanctioned
MPLADS-048358,Vijay Baghel,Lok Sabha,Chhattisgarh,DURG,,,BEMETARA,Jeora,Normal/Others,"WS/MP568/2023-2024/15036 - Construction of roads, approach roads, link roads and pathways",Collector Bemetara_IDA,2023-09-01,Approved by IDA,500000,Sanctioned
MPLADS-048359,Vijay Baghel,Lok Sabha,Chhattisgarh,DURG,,,BEMETARA,Bandhi,Normal/Others,"WS/MP568/2023-2024/15035 - Construction of roads, approach roads, link roads and pathways",Collector Bemetara_IDA,2023-09-01,Approved by IDA,600000,Sanctioned
MPLADS-048360,Vijay Baghel,Lok Sabha,Chhattisgarh,DURG,,,BEMETARA,Nawagaon Kalan,Normal/Others,"WS/MP568/2023-2024/15034 - Construction of roads, approach roads, link roads and pathways",Collector Bemetara_IDA,2023-09-01,Approved by IDA,500000,Unsanctioned
MPLADS-048361,Vijay Baghel,Lok Sabha,Chhattisgarh,DURG,,,BEMETARA,Kusmi,Normal/Others,"WS/MP568/2023-2024/15033 - Construction of roads, approach roads, link roads and pathways",Collector Bemetara_IDA,2023-09-01,Approved by IDA,500000,Sanctioned
MPLADS-048362,Vijay Baghel,Lok Sabha,Chhattisgarh,DURG,,,BERLA,Hasda,Normal/Others,NA - Construction of community centers and community halls,Collector Bemetara_IDA,2023-09-01,Rejected by IDA,500000,Unsanctioned
MPLADS-048363,Vijay Baghel,Lok Sabha,Chhattisgarh,DURG,,,BEMETARA,Chhirha,Normal/Others,WS/MP568/2023-2024/15031 - Construction of community centers and community halls,Collector Bemetara_IDA,2023-09-01,Approved by IDA,600000,Sanctioned
MPLADS-048365,Vijay Baghel,Lok Sabha,Chhattisgarh,DURG,Patan,"PATAN, OGGAR TALAB KE PASS",,,Normal/Others,WS/MP568/2023-2024/14978 - Construction of platforms and passenger sheds at railway stations,DISTRICT COLLECTOR DURG_IDA,2023-09-01,Approved by IDA,500000,Unsanctioned
MPLADS-048366,Vijay Baghel,Lok Sabha,Chhattisgarh,DURG,,,PATAN,Sonpur,Normal/Others,"WS/MP568/2023-2024/14977 - Construction of roads, approach roads, link roads and pathways",DISTRICT COLLECTOR DURG_IDA,2023-09-01,Approved by IDA,500000,Sanctioned
MPLADS-048367,Vijay Baghel,Lok Sabha,Chhattisgarh,DURG,,,PATAN,Karga,Normal/Others,"WS/MP568/2023-2024/14976 - Construction of roads, approach roads, link roads and pathways",DISTRICT COLLECTOR DURG_IDA,2023-09-01,Approved by IDA,500000,Sanctioned
MPLADS-048368,Vijay Baghel,Lok Sabha,Chhattisgarh,DURG,,,PATAN,Pandar,Normal/Others,"WS/MP568/2023-2024/14975 - Construction of roads, approach roads, link roads and pathways",DISTRICT COLLECTOR DURG_IDA,2023-09-01,Approved by IDA,500000,Sanctioned
MPLADS-048369,Vijay Baghel,Lok Sabha,Chhattisgarh,DURG,,,PATAN,Darbar Mokhli,Normal/Others,"WS/MP568/2023-2024/14974 - Construction of roads, approach roads, link roads and pathways",DISTRICT COLLECTOR DURG_IDA,2023-09-01,Approved by IDA,500000,Sanctioned
MPLADS-048370,Vijay Baghel,Lok Sabha,Chhattisgarh,DURG,,,PATAN,Matang,Normal/Others,WS/MP568/2023-2024/14973 - Construction of platforms and passenger sheds at railway stations,DISTRICT COLLECTOR DURG_IDA,2023-09-01,Approved by IDA,400000,Sanctioned
MPLADS-048371,Vijay Baghel,Lok Sabha,Chhattisgarh,DURG,,,PATAN,Bodal,Normal/Others,WS/MP568/2023-2024/14972 - Construction of platforms and passenger sheds at railway stations,DISTRICT COLLECTOR DURG_IDA,2023-09-01,Approved by IDA,400000,Sanctioned
MPLADS-048372,Vijay Baghel,Lok Sabha,Chhattisgarh,DURG,,,PATAN,Jhadmokhali,Normal/Others,"WS/MP568/2023-2024/14971 - Construction of roads, approach roads, link roads and pathways",DISTRICT COLLECTOR DURG_IDA,2023-09-01,Approved by IDA,500000,Sanctioned
MPLADS-048373,Vijay Baghel,Lok Sabha,Chhattisgarh,DURG,,,PATAN,Dighari,Normal/Others,"WS/MP568/2023-2024/14970 - Construction of roads, approach roads, link roads and pathways",DISTRICT COLLECTOR DURG_IDA,2023-09-01,Approved by IDA,500000,Sanctioned
MPLADS-048374,Vijay Baghel,Lok Sabha,Chhattisgarh,DURG,,,PATAN,Agesara,Normal/Others,WS/MP568/2023-2024/14969 - Construction of community centers and community halls,DISTRICT COLLECTOR DURG_IDA,2023-09-01,Approved by IDA,500000,Sanctioned
MPLADS-048375,Vijay Baghel,Lok Sabha,Chhattisgarh,DURG,,,PATAN,Bohardih,Normal/Others,WS/MP568/2023-2024/14968 - Construction of community centers and community halls,DISTRICT COLLECTOR DURG_IDA,2023-09-01,Approved by IDA,600000,Sanctioned
MPLADS-048376,Vijay Baghel,Lok Sabha,Chhattisgarh,DURG,,,PATAN,Kanakot,Normal/Others,"WS/MP568/2023-2024/14967 - Construction of roads, approach roads, link roads and pathways",DISTRICT COLLECTOR DURG_IDA,2023-09-01,Approved by IDA,800000,Sanctioned
MPLADS-048377,Vijay Baghel,Lok Sabha,Chhattisgarh,DURG,,,PATAN,Devada,Normal/Others,NA - Construction of community centers and community halls,DISTRICT COLLECTOR DURG_IDA,2023-09-01,Rejected by IDA,600000,Unsanctioned
MPLADS-048378,Vijay Baghel,Lok Sabha,Chhattisgarh,DURG,,,PATAN,Santra,Normal/Others,WS/MP568/2023-2024/14965 - Construction of community centers and community halls,DISTRICT COLLECTOR DURG_IDA,2023-09-01,Approved by IDA,650000,Sanctioned
MPLADS-048379,Vijay Baghel,Lok Sabha,Chhattisgarh,DURG,,,PATAN,Amlidih,Normal/Others,WS/MP568/2023-2024/14964 - Construction of community centers and community halls,DISTRICT COLLECTOR DURG_IDA,2023-09-01,Approved by IDA,500000,Sanctioned
MPLADS-048380,Vijay Baghel,Lok Sabha,Chhattisgarh,DURG,,,PATAN,Kesra,Normal/Others,"WS/MP568/2023-2024/14963 - Construction of roads, approach roads, link roads and pathways",DISTRICT COLLECTOR DURG_IDA,2023-09-01,Approved by IDA,1000000,Sanctioned
MPLADS-048381,Vijay Baghel,Lok Sabha,Chhattisgarh,DURG,,,PATAN,Kasahi,Normal/Others,"WS/MP568/2023-2024/14962 - Construction of roads, approach roads, link roads and pathways",DISTRICT COLLECTOR DURG_IDA,2023-09-01,Approved by IDA,1000000,Sanctioned
MPLADS-048382,Vijay Baghel,Lok Sabha,Chhattisgarh,DURG,,,PATAN,Asoga,Normal/Others,"WS/MP568/2023-2024/14961 - Construction of roads, approach roads, link roads and pathways",DISTRICT COLLECTOR DURG_IDA,2023-09-01,Approved by IDA,500000,Sanctioned
MPLADS-048383,Vijay Baghel,Lok Sabha,Chhattisgarh,DURG,,,PATAN,Belhari,Normal/Others,WS/MP568/2023-2024/14960 - Construction of community centers and community halls,DISTRICT COLLECTOR DURG_IDA,2023-09-01,Approved by IDA,600000,Sanctioned
MPLADS-048384,Vijay Baghel,Lok Sabha,Chhattisgarh,DURG,Bhilai,HOUSHING BOARD GURU DWARA KE PICHE,,,Normal/Others,WS/MP568/2023-2024/14959 - Construction of community centers and community halls,DISTRICT COLLECTOR DURG_IDA,2023-09-01,Approved by IDA,600000,Unsanctioned
MPLADS-048385,Vijay Baghel,Lok Sabha,Chhattisgarh,DURG,Bhilai,NEHARU NAGAR JUNWANI,,,Normal/Others,WS/MP568/2023-2024/14958 - Construction of community centers and community halls,DISTRICT COLLECTOR DURG_IDA,2023-09-01,Approved by IDA,600000,Unsanctioned
MPLADS-048386,Vijay Baghel,Lok Sabha,Chhattisgarh,DURG,,,BEMETARA,Pendritarai,Normal/Others,"WS/MP568/2023-2024/15038 - Construction of roads, approach roads, link roads and pathways",Collector Bemetara_IDA,2023-09-01,Approved by IDA,500000,Unsanctioned
MPLADS-048387,Vijay Baghel,Lok Sabha,Chhattisgarh,DURG,,,NAWAGARH,Khatai,Normal/Others,"WS/MP568/2023-2024/15039 - Construction of roads, approach roads, link roads and pathways",Collector Bemetara_IDA,2023-09-01,Approved by IDA,500000,Unsanctioned
MPLADS-048388,Vijay Baghel,Lok Sabha,Chhattisgarh,DURG,,,NAWAGARH,Keshtara,Normal/Others,WS/MP568/2023-2024/15040 - Construction of community centers and community halls,Collector Bemetara_IDA,2023-09-01,Approved by IDA,600000,Sanctioned
MPLADS-048404,Vijay Baghel,Lok Sabha,Chhattisgarh,DURG,,,SAJA,Sahaspur,Normal/Others,"WS/MP568/2023-2024/15041 - Construction of roads, approach roads, link roads and pathways",Collector Bemetara_IDA,2023-09-01,Approved by IDA,500000,Unsanctioned
MPLADS-048416,Vijay Baghel,Lok Sabha,Chhattisgarh,DURG,,,NAWAGARH,Temri,Normal/Others,"WS/MP568/2023-2024/15043 - Construction of roads, approach roads, link roads and pathways",Collector Bemetara_IDA,2023-09-01,Approved by IDA,500000,Unsanctioned
MPLADS-048417,Vijay Baghel,Lok Sabha,Chhattisgarh,DURG,,,SAJA,Sagona,Normal/Others,"WS/MP568/2023-2024/15042 - Construction of roads, approach roads, link roads and pathways",Collector Bemetara_IDA,2023-09-01,Approved by IDA,500000,Unsanctioned
MPLADS-048418,Vijay Baghel,Lok Sabha,Chhattisgarh,DURG,,,DURG,Jhola,Normal/Others,WS/MP568/2023-2024/14957 - Installation of multi-gym equipment,DISTRICT COLLECTOR DURG_IDA,2023-09-01,Approved by IDA,400000,Sanctioned
MPLADS-048419,Vijay Baghel,Lok Sabha,Chhattisgarh,DURG,,,DHAMDHA,Bori,Normal/Others,NA - Construction of boundary walls of existing public and community buildings,DISTRICT COLLECTOR DURG_IDA,2023-09-01,Action Pending,300000,Unsanctioned
MPLADS-048420,Vijay Baghel,Lok Sabha,Chhattisgarh,DURG,,,DHAMDHA,Oteband,Normal/Others,WS/MP568/2023-2024/14856 - Construction of community centers and community halls,DISTRICT COLLECTOR DURG_IDA,2023-09-01,Approved by IDA,800000,Sanctioned
MPLADS-048452,Vijay Baghel,Lok Sabha,Chhattisgarh,DURG,Durg,WARD 52 GANPATI VIHAR BORSI DURG,,,Normal/Others,WS/MP568/2023-2024/14855 - Construction of platforms and passenger sheds at railway stations,DISTRICT COLLECTOR DURG_IDA,2023-09-01,Approved by IDA,500000,Unsanctioned
MPLADS-048453,Vijay Baghel,Lok Sabha,Chhattisgarh,DURG,Bhilai,WARD 33 VAISHALI NAGAR,,,Normal/Others,"WS/MP568/2023-2024/14799 - Construction of roads, approach roads, link roads and pathways",DISTRICT COLLECTOR DURG_IDA,2023-09-01,Approved by IDA,300000,Unsanctioned
MPLADS-048454,Vijay Baghel,Lok Sabha,Chhattisgarh,DURG,Durg,WARD 18 JAWAHAR NAGAR DURG,,,Normal/Others,WS/MP568/2023-2024/14854 - Construction of community centers and community halls,DISTRICT COLLECTOR DURG_IDA,2023-09-01,Approved by IDA,600000,Unsanctioned
MPLADS-048455,Vijay Baghel,Lok Sabha,Chhattisgarh,DURG,,,DURG,Chikhli,Normal/Others,"WS/MP568/2023-2024/14853 - Construction of roads, approach roads, link roads and pathways",DISTRICT COLLECTOR DURG_IDA,2023-09-01,Approved by IDA,520000,Sanctioned
MPLADS-048456,Vijay Baghel,Lok Sabha,Chhattisgarh,DURG,,,DURG,Surjidih,Normal/Others,"WS/MP568/2023-2024/14852 - Construction of roads, approach roads, link roads and pathways",DISTRICT COLLECTOR DURG_IDA,2023-09-01,Approved by IDA,600000,Sanctioned
MPLADS-048457,Vijay Baghel,Lok Sabha,Chhattisgarh,DURG,,,DURG,Bhendsar,Normal/Others,NA - Construction of community centers and community halls,DISTRICT COLLECTOR DURG_IDA,2023-09-01,Action Pending,200000,Unsanctioned
MPLADS-048458,Vijay Baghel,Lok Sabha,Chhattisgarh,DURG,,,DHAMDHA,Chatua,Normal/Others,"WS/MP568/2023-2024/14850 - Construction of roads, approach roads, link roads and pathways",DISTRICT COLLECTOR DURG_IDA,2023-09-01,Approved by IDA,500000,Sanctioned
MPLADS-048459,Vijay Baghel,Lok Sabha,Chhattisgarh,DURG,Bhilai,SUPELA,,,Normal/Others,WS/MP568/2023-2024/14837 - Construction of community centers and community halls,DISTRICT COLLECTOR DURG_IDA,2023-09-01,Approved by IDA,600000,Unsanctioned
MPLADS-048460,Vijay Baghel,Lok Sabha,Chhattisgarh,DURG,Bhilai,BHILAI 3,,,Normal/Others,NA - Purchase of books and periodicals for libraries,DISTRICT COLLECTOR DURG_IDA,2023-09-01,Action Pending,500000,Unsanctioned
MPLADS-048461,Vijay Baghel,Lok Sabha,Chhattisgarh,DURG,Bhilai,PRIY DARSNIY PARISAR BHILAI,,,Normal/Others,WS/MP568/2023-2024/14835 - Construction of community centers and community halls,DISTRICT COLLECTOR DURG_IDA,2023-09-01,Approved by IDA,500000,Unsanctioned
MPLADS-048462,Vijay Baghel,Lok Sabha,Chhattisgarh,DURG,Bhilai,WARD 70 BHILAI,,,Normal/Others,WS/MP568/2023-2024/14834 - Installing tube-wells and borewells,DISTRICT COLLECTOR DURG_IDA,2023-09-01,Approved by IDA,300000,Unsanctioned
MPLADS-048463,Vijay Baghel,Lok Sabha,Chhattisgarh,DURG,Bhilai,WARD 58 BHILAI,,,Normal/Others,WS/MP568/2023-2024/14833 - Construction of platforms and passenger sheds at railway stations,DISTRICT COLLECTOR DURG_IDA,2023-09-01,Approved by IDA,300000,Unsanctioned
MPLADS-048464,Vijay Baghel,Lok Sabha,Chhattisgarh,DURG,Bhilai,WARD 42 BHILAI,,,Normal/Others,WS/MP568/2023-2024/14832 - Construction of platforms and passenger sheds at railway stations,DISTRICT COLLECTOR DURG_IDA,2023-09-01,Approved by IDA,300000,Unsanctioned
MPLADS-048465,Vijay Baghel,Lok Sabha,Chhattisgarh,DURG,Dhamdha,WARD 07 DHAMDHA,,,Normal/Others,NA - Installation of multi-gym equipment,DISTRICT COLLECTOR DURG_IDA,2023-09-01,Action Pending,500000,Unsanctioned
MPLADS-048466,Vijay Baghel,Lok Sabha,Chhattisgarh,DURG,Bhilai,WARD 41 BHILAI,,,Normal/Others,WS/MP568/2023-2024/14800 - Construction of community centers and community halls,DISTRICT COLLECTOR DURG_IDA,2023-09-01,Approved by IDA,150000,Unsanctioned
MPLADS-048467,Vijay Baghel,Lok Sabha,Chhattisgarh,DURG,Durg,WARD 31SHANCHARI BAZAR DURG,,,Normal/Others,NA - Construction of community centers and community halls,DISTRICT COLLECTOR DURG_IDA,2023-09-01,Action Pending,500000,Unsanctioned
MPLADS-048469,Vijay Baghel,Lok Sabha,Chhattisgarh,DURG,Durg,KASARIDHIH DURG,,,Normal/Others,NA - Construction of community centers and community halls,DISTRICT COLLECTOR DURG_IDA,2023-09-01,Action Pending,800000,Unsanctioned
MPLADS-048470,Vijay Baghel,Lok Sabha,Chhattisgarh,DURG,,,DURG,Anda,Normal/Others,WS/MP568/2023-2024/14796 - Construction of public toilets and bathrooms,DISTRICT COLLECTOR DURG_IDA,2023-09-01,Approved by IDA,500000,Sanctioned
MPLADS-048471,Vijay Baghel,Lok Sabha,Chhattisgarh,DURG,,,DURG,Pauwara,Normal/Others,WS/MP568/2023-2024/14795 - Construction of platforms and passenger sheds at railway stations,DISTRICT COLLECTOR DURG_IDA,2023-09-01,Approved by IDA,500000,Sanctioned
MPLADS-048472,Vijay Baghel,Lok Sabha,Chhattisgarh,DURG,Risali,RIDHI SIDHI BHAWAN RISALI,,,Normal/Others,WS/MP568/2023-2024/14794 - Purchase of equipment for crèches and anganwadies,DISTRICT COLLECTOR DURG_IDA,2023-09-01,Approved by IDA,500000,Unsanctioned
MPLADS-048473,Vijay Baghel,Lok Sabha,Chhattisgarh,DURG,Durg,WARD 58 DURG CITY,,,Normal/Others,WS/MP568/2023-2024/14793 - Installing tube-wells and borewells,DISTRICT COLLECTOR DURG_IDA,2023-09-01,Approved by IDA,100000,Unsanctioned
MPLADS-048482,Vijay Baghel,Lok Sabha,Chhattisgarh,DURG,AMLESHWAR,SAHU PARA (KHUDMUDI),,,Normal/Others,NA - Construction of community centers and community halls,DISTRICT COLLECTOR DURG_IDA,2023-09-01,Action Pending,700000,Unsanctioned
MPLADS-048718,Santosh Pandey,Lok Sabha,Chhattisgarh,RAJNANDGAON,Rajnandgaon,08,,,Repair and Renovation,NA - Construction of community centers and community halls,DISTRICT COLLECTOR RAJNANDGAON_IDA,2023-08-31,Action Pending,200000,Unsanctioned
MPLADS-048719,Santosh Pandey,Lok Sabha,Chhattisgarh,RAJNANDGAON,Rajnandgaon,15,,,Normal/Others,NA - Construction of community centers and community halls,DISTRICT COLLECTOR RAJNANDGAON_IDA,2023-08-31,Action Pending,300000,Unsanctioned
MPLADS-048720,Vijay Baghel,Lok Sabha,Chhattisgarh,DURG,Patan,patan,,,Normal/Others,WS/MP568/2023-2024/14578 - Construction of public toilets and bathrooms,DISTRICT COLLECTOR DURG_IDA,2023-08-31,Approved by IDA,800000,Unsanctioned
MPLADS-048721,Mohan Mandavi,Lok Sabha,Chhattisgarh,KANKER(ST),Kanker,Jwahar,,,Normal/Others,NA - Construction of buildings for community cultural activities,DISTRICT COLLECTOR KANKER_IDA,2023-08-31,Action Pending,600000,Unsanctioned
MPLADS-048722,Vijay Baghel,Lok Sabha,Chhattisgarh,DURG,Bhilai Charoda,URLA BMY,,,Normal/Others,WS/MP568/2023-2024/14505 - Construction of community centers and community halls,DISTRICT COLLECTOR DURG_IDA,2023-08-31,Approved by IDA,600000,Unsanctioned
MPLADS-048723,Vijay Baghel,Lok Sabha,Chhattisgarh,DURG,Bhilai Charoda,URLA BMY,,,Normal/Others,WS/MP568/2023-2024/14504 - Construction of common work sheds/ common covered sitting area,DISTRICT COLLECTOR DURG_IDA,2023-08-31,Approved by IDA,500000,Unsanctioned
MPLADS-048726,Santosh Pandey,Lok Sabha,Chhattisgarh,RAJNANDGAON,,,CHHURIYA,Jaitgudra,Normal/Others,"WS/MP513/2023-2024/14630 - Construction of roads, approach roads, link roads and pathways",DISTRICT COLLECTOR RAJNANDGAON_IDA,2023-08-31,Approved by IDA,500000,Sanctioned
MPLADS-048734,Santosh Pandey,Lok Sabha,Chhattisgarh,RAJNANDGAON,Rajnandgaon,45,,,Normal/Others,NA - Construction of water tanks,DISTRICT COLLECTOR RAJNANDGAON_IDA,2023-08-31,Rejected by IDA,300000,Unsanctioned
MPLADS-048735,Santosh Pandey,Lok Sabha,Chhattisgarh,RAJNANDGAON,,,CHHURIYA,Dumardeeh,Normal/Others,"WS/MP513/2023-2024/14631 - Construction of roads, approach roads, link roads and pathways",DISTRICT COLLECTOR RAJNANDGAON_IDA,2023-08-31,Approved by IDA,500000,Sanctioned
MPLADS-048745,Vijay Baghel,Lok Sabha,Chhattisgarh,DURG,Durg,ward 57 durg,,,Normal/Others,NA - Installing tube-wells and borewells,DISTRICT COLLECTOR DURG_IDA,2023-08-31,Action Pending,100000,Unsanctioned
MPLADS-048746,Santosh Pandey,Lok Sabha,Chhattisgarh,RAJNANDGAON,,,CHHURIYA,Halekosa,Normal/Others,WS/MP513/2023-2024/14632 - Construction of community centers and community halls,DISTRICT COLLECTOR RAJNANDGAON_IDA,2023-08-31,Approved by IDA,500000,Unsanctioned
MPLADS-048747,Vijay Baghel,Lok Sabha,Chhattisgarh,DURG,Durg,durg city,,,Normal/Others,WS/MP568/2023-2024/14639 - Purchase of books for public libraries,DISTRICT COLLECTOR DURG_IDA,2023-08-31,Approved by IDA,500000,Unsanctioned
MPLADS-048748,Vijay Baghel,Lok Sabha,Chhattisgarh,DURG,Dhamdha,dhamdha ITI,,,Normal/Others,"NA - Purchase of IT systems, including hardware and software for educational purposes",DISTRICT COLLECTOR DURG_IDA,2023-08-31,Action Pending,500000,Unsanctioned
MPLADS-048749,Vijay Baghel,Lok Sabha,Chhattisgarh,DURG,Bhilai Charoda,bhilai 3 charoda,,,Normal/Others,WS/MP568/2023-2024/14637 - Purchase of sports equipment,DISTRICT COLLECTOR DURG_IDA,2023-08-31,Approved by IDA,800000,Unsanctioned
MPLADS-048750,Vijay Baghel,Lok Sabha,Chhattisgarh,DURG,Jamul,ward 3 laxmipara,,,Normal/Others,WS/MP568/2023-2024/14636 - Construction of common work sheds/ common covered sitting area,DISTRICT COLLECTOR DURG_IDA,2023-08-31,Approved by IDA,500000,Sanctioned
MPLADS-048751,Vijay Baghel,Lok Sabha,Chhattisgarh,DURG,Bhilai Charoda,ward 28 Zone 1 charoda,,,Normal/Others,WS/MP568/2023-2024/14635 - Renovation of ponds and lakes,DISTRICT COLLECTOR DURG_IDA,2023-08-31,Approved by IDA,500000,Unsanctioned
MPLADS-048752,Vijay Baghel,Lok Sabha,Chhattisgarh,DURG,Kumhari,kharun green colony city kumhari,,,Normal/Others,WS/MP568/2023-2024/14634 - Construction of buildings for community cultural activities,DISTRICT COLLECTOR DURG_IDA,2023-08-31,Approved by IDA,300000,Unsanctioned
MPLADS-048753,Santosh Pandey,Lok Sabha,Chhattisgarh,RAJNANDGAON,,,CHHURIYA,Kallu Tola,Normal/Others,"WS/MP513/2023-2024/14633 - Construction of roads, approach roads, link roads and pathways",DISTRICT COLLECTOR RAJNANDGAON_IDA,2023-08-31,Approved by IDA,700000,Completed
MPLADS-049232,Jyotsna Charandas Mahant,Lok Sabha,Chhattisgarh,KORBA,,,PODI UPARODA,Pali,Normal/Others,NA - Construction of community centers and community halls,DISTRICT COLLECTOR KORBA_IDA,2023-08-28,Rejected by IDA,5730000,Unsanctioned
MPLADS-049233,Jyotsna Charandas Mahant,Lok Sabha,Chhattisgarh,KORBA,,,KARTALA,Makundpur,Normal/Others,WS/MP514/2023-2024/14016 - Construction of community centers and community halls,DISTRICT COLLECTOR KORBA_IDA,2023-08-28,Approved by IDA,1000000,Sanctioned
MPLADS-049349,SHRI K T S Tulsi,Rajya Sabha,Chhattisgarh,Sitting Rajya Sabha,,,PUSSORE,Midmida,Normal/Others,"WS/MP177/2023-2024/13930 - Construction of roads, approach roads, link roads and pathways",DISTRICT COLLECTOR RAIGARH_IDA,2023-08-28,Approved by IDA,1000000,Sanctioned
MPLADS-049350,SHRI K T S Tulsi,Rajya Sabha,Chhattisgarh,Sitting Rajya Sabha,,,PUSSORE,Midmida,Normal/Others,"WS/MP177/2023-2024/13931 - Construction of roads, approach roads, link roads and pathways",DISTRICT COLLECTOR RAIGARH_IDA,2023-08-28,Approved by IDA,1000000,Sanctioned
MPLADS-049351,SHRI K T S Tulsi,Rajya Sabha,Chhattisgarh,Sitting Rajya Sabha,,,PUSSORE,Ekatal,Normal/Others,"WS/MP177/2023-2024/13932 - Construction of roads, approach roads, link roads and pathways",DISTRICT COLLECTOR RAIGARH_IDA,2023-08-28,Approved by IDA,1000000,Sanctioned
MPLADS-049687,SHRI K T S Tulsi,Rajya Sabha,Chhattisgarh,Sitting Rajya Sabha,,,PUSSORE,Ekatal,Normal/Others,"WS/MP177/2023-2024/13087 - Construction of roads, approach roads, link roads and pathways",DISTRICT COLLECTOR RAIGARH_IDA,2023-08-25,Approved by IDA,1000000,Sanctioned
MPLADS-049688,SHRI K T S Tulsi,Rajya Sabha,Chhattisgarh,Sitting Rajya Sabha,,,BODLA,Barbaspur,Normal/Others,WS/MP177/2023-2024/13089 - Construction of culverts and bridges,District Collector Kabirdham_IDA,2023-08-25,Approved by IDA,2000000,Sanctioned
MPLADS-049689,SHRI K T S Tulsi,Rajya Sabha,Chhattisgarh,Sitting Rajya Sabha,,,BODLA,Dariya,Normal/Others,WS/MP177/2023-2024/13090 - Construction of culverts and bridges,District Collector Kabirdham_IDA,2023-08-25,Approved by IDA,2000000,Sanctioned
MPLADS-049780,Santosh Pandey,Lok Sabha,Chhattisgarh,RAJNANDGAON,,,RAJNANDGAON,Bhatagaon,Normal/Others,"WS/MP513/2023-2024/12649 - Construction of roads, approach roads, link roads and pathways",DISTRICT COLLECTOR RAJNANDGAON_IDA,2023-08-24,Approved by IDA,1000000,Completed
MPLADS-050372,SHRI K T S Tulsi,Rajya Sabha,Chhattisgarh,Sitting Rajya Sabha,,,SARANGARH,Mudiyadih,Normal/Others,WS/MP177/2023-2024/12213 - Installing tube-wells and borewells,Collector SB_IDA,2023-08-22,Approved by IDA,500000,Sanctioned
MPLADS-050373,SHRI K T S Tulsi,Rajya Sabha,Chhattisgarh,Sitting Rajya Sabha,,,SARANGARH,Ghathula Bade,Normal/Others,WS/MP177/2023-2024/12212 - Installing tube-wells and borewells,Collector SB_IDA,2023-08-22,Approved by IDA,1000000,Sanctioned
MPLADS-050374,SHRI K T S Tulsi,Rajya Sabha,Chhattisgarh,Sitting Rajya Sabha,,,SARANGARH,Jildi,Normal/Others,WS/MP177/2023-2024/12211 - Installing tube-wells and borewells,Collector SB_IDA,2023-08-22,Approved by IDA,500000,Sanctioned
MPLADS-050375,SHRI K T S Tulsi,Rajya Sabha,Chhattisgarh,Sitting Rajya Sabha,,,SARANGARH,Mauha Dhodha,Normal/Others,WS/MP177/2023-2024/12210 - Installing tube-wells and borewells,Collector SB_IDA,2023-08-22,Approved by IDA,500000,Sanctioned
MPLADS-050376,SHRI K T S Tulsi,Rajya Sabha,Chhattisgarh,Sitting Rajya Sabha,,,KANSABEL,Hathgarha,Normal/Others,"WS/MP177/2023-2024/12177 - Construction of roads, approach roads, link roads and pathways",DISTRICT COLLECTOR JASHPUR_IDA,2023-08-22,Approved by IDA,700000,Sanctioned
MPLADS-050377,SHRI K T S Tulsi,Rajya Sabha,Chhattisgarh,Sitting Rajya Sabha,,,KANSABEL,Pongro,Normal/Others,WS/MP177/2023-2024/12176 - Construction of flood control embankments,DISTRICT COLLECTOR JASHPUR_IDA,2023-08-22,Approved by IDA,1000000,Sanctioned
MPLADS-050456,Vijay Baghel,Lok Sabha,Chhattisgarh,DURG,Bhilai,WARD 50 KHURSIPAR,,,Normal/Others,WS/MP568/2023-2024/12147 - Construction of community centers and community halls,DISTRICT COLLECTOR DURG_IDA,2023-08-22,Approved by IDA,350000,Unsanctioned
MPLADS-050457,Vijay Baghel,Lok Sabha,Chhattisgarh,DURG,Bhilai,"WORD 55, SECTER 2",,,Normal/Others,NA - Construction of community centers and community halls,DISTRICT COLLECTOR DURG_IDA,2023-08-22,Action Pending,700000,Unsanctioned
MPLADS-050458,Mohan Mandavi,Lok Sabha,Chhattisgarh,KANKER(ST),,,NARHARPUR,Rampur,Normal/Others,NA - Common work sheds for artisans,DISTRICT COLLECTOR KANKER_IDA,2023-08-22,Action Pending,500000,Unsanctioned
MPLADS-050459,Mohan Mandavi,Lok Sabha,Chhattisgarh,KANKER(ST),,,CHARAMA,Chawadi,Normal/Others,NA - Construction of common work sheds/ common covered sitting area,DISTRICT COLLECTOR KANKER_IDA,2023-08-22,Action Pending,500000,Unsanctioned
MPLADS-051127,Smt Phulo Devi Netam,Rajya Sabha,Chhattisgarh,Sitting Rajya Sabha,Nagri,Ward No. 1,,,Normal/Others,WS/MP224/2023-2024/11154 - Construction of buildings for community cultural activities,DISTRICT COLLECTOR DHAMTARI_IDA,2023-08-19,Approved by IDA,1000000,Unsanctioned
MPLADS-051650,Mohan Mandavi,Lok Sabha,Chhattisgarh,KANKER(ST),,,BHANUPRATAPPUR,Basla,Normal/Others,NA - Street lights,DISTRICT COLLECTOR KANKER_IDA,2023-08-17,Action Pending,297500,Unsanctioned
MPLADS-051674,Mohan Mandavi,Lok Sabha,Chhattisgarh,KANKER(ST),,,CHARAMA,Basanwahi,Normal/Others,NA - Street lights,DISTRICT COLLECTOR KANKER_IDA,2023-08-17,Action Pending,238000,Unsanctioned
MPLADS-051675,Mohan Mandavi,Lok Sabha,Chhattisgarh,KANKER(ST),,,CHARAMA,Badegauri,Normal/Others,NA - Street lights,DISTRICT COLLECTOR KANKER_IDA,2023-08-17,Action Pending,238000,Unsanctioned
MPLADS-051680,Mohan Mandavi,Lok Sabha,Chhattisgarh,KANKER(ST),,,KOILEBEDA,Badrengi,Normal/Others,NA - Street lights,DISTRICT COLLECTOR KANKER_IDA,2023-08-17,Action Pending,238000,Unsanctioned
MPLADS-051681,Mohan Mandavi,Lok Sabha,Chhattisgarh,KANKER(ST),,,KOILEBEDA,Bande,Normal/Others,NA - Street lights,DISTRICT COLLECTOR KANKER_IDA,2023-08-17,Action Pending,238000,Unsanctioned
MPLADS-051683,Mohan Mandavi,Lok Sabha,Chhattisgarh,KANKER(ST),,,DURGUKONDAL,Damkasa,Normal/Others,NA - Street lights,DISTRICT COLLECTOR KANKER_IDA,2023-08-17,Action Pending,297500,Unsanctioned
MPLADS-051684,Mohan Mandavi,Lok Sabha,Chhattisgarh,KANKER(ST),,,DURGUKONDAL,Chihro,Normal/Others,NA - Street lights,DISTRICT COLLECTOR KANKER_IDA,2023-08-17,Action Pending,297500,Unsanctioned
MPLADS-051685,Mohan Mandavi,Lok Sabha,Chhattisgarh,KANKER(ST),,,DURGUKONDAL,Bhandardigi,Normal/Others,NA - Street lights,DISTRICT COLLECTOR KANKER_IDA,2023-08-17,Action Pending,297500,Unsanctioned
MPLADS-051704,Mohan Mandavi,Lok Sabha,Chhattisgarh,KANKER(ST),,,CHARAMA,Awari,Normal/Others,NA - Street lights,DISTRICT COLLECTOR KANKER_IDA,2023-08-17,Action Pending,238000,Unsanctioned
MPLADS-051705,Mohan Mandavi,Lok Sabha,Chhattisgarh,KANKER(ST),,,BHANUPRATAPPUR,Barvi,Normal/Others,NA - Street lights,DISTRICT COLLECTOR KANKER_IDA,2023-08-17,Action Pending,297500,Unsanctioned
MPLADS-051706,Mohan Mandavi,Lok Sabha,Chhattisgarh,KANKER(ST),,,KOILEBEDA,Yesebeda,Normal/Others,NA - Street lights,DISTRICT COLLECTOR KANKER_IDA,2023-08-17,Action Pending,238000,Unsanctioned
MPLADS-051761,Mohan Mandavi,Lok Sabha,Chhattisgarh,KANKER(ST),,,KOILEBEDA,Badekapsi,Normal/Others,NA - Street lights,DISTRICT COLLECTOR KANKER_IDA,2023-08-17,Action Pending,238000,Unsanctioned
MPLADS-051763,Mohan Mandavi,Lok Sabha,Chhattisgarh,KANKER(ST),,,NARHARPUR,Bhainsmundi,Normal/Others,NA - Street lights,DISTRICT COLLECTOR KANKER_IDA,2023-08-17,Action Pending,297500,Unsanctioned
MPLADS-051765,Mohan Mandavi,Lok Sabha,Chhattisgarh,KANKER(ST),,,ANTAGARH,Amodi,Normal/Others,NA - Street lights,DISTRICT COLLECTOR KANKER_IDA,2023-08-17,Action Pending,357000,Unsanctioned
MPLADS-051766,Mohan Mandavi,Lok Sabha,Chhattisgarh,KANKER(ST),,,ANTAGARH,Aarra,Normal/Others,NA - Street lights,DISTRICT COLLECTOR KANKER_IDA,2023-08-17,Action Pending,357000,Unsanctioned
MPLADS-051767,Mohan Mandavi,Lok Sabha,Chhattisgarh,KANKER(ST),,,BHANUPRATAPPUR,Asulkhar,Normal/Others,NA - Street lights,DISTRICT COLLECTOR KANKER_IDA,2023-08-17,Action Pending,297500,Unsanctioned
MPLADS-051779,Mohan Mandavi,Lok Sabha,Chhattisgarh,KANKER(ST),,,ANTAGARH,Amabeda,Normal/Others,NA - Street lights,DISTRICT COLLECTOR KANKER_IDA,2023-08-17,Action Pending,357000,Unsanctioned
MPLADS-051780,Mohan Mandavi,Lok Sabha,Chhattisgarh,KANKER(ST),,,ANTAGARH,Alanar,Normal/Others,NA - Street lights,DISTRICT COLLECTOR KANKER_IDA,2023-08-17,Action Pending,357000,Unsanctioned
MPLADS-051788,Mohan Mandavi,Lok Sabha,Chhattisgarh,KANKER(ST),,,Daundilohara,Bhimpuri Uparpara,Normal/Others,NA - Construction of common work sheds/ common covered sitting area,Collector Balod_IDA,2023-08-17,Action Pending,410000,Unsanctioned
MPLADS-051792,Mohan Mandavi,Lok Sabha,Chhattisgarh,KANKER(ST),,,BHANUPRATAPPUR,Baskuhud,Normal/Others,NA - Street lights,DISTRICT COLLECTOR KANKER_IDA,2023-08-17,Action Pending,297500,Unsanctioned
MPLADS-051794,Mohan Mandavi,Lok Sabha,Chhattisgarh,KANKER(ST),,,NARHARPUR,Bansagar,Normal/Others,NA - Street lights,DISTRICT COLLECTOR KANKER_IDA,2023-08-17,Action Pending,297500,Unsanctioned
MPLADS-051807,Mohan Mandavi,Lok Sabha,Chhattisgarh,KANKER(ST),,,KANKER,Anjani,Normal/Others,NA - Street lights,DISTRICT COLLECTOR KANKER_IDA,2023-08-17,Action Pending,297500,Unsanctioned
MPLADS-051808,Mohan Mandavi,Lok Sabha,Chhattisgarh,KANKER(ST),,,KANKER,Bagodar,Normal/Others,NA - Street lights,DISTRICT COLLECTOR KANKER_IDA,2023-08-17,Action Pending,297500,Unsanctioned
MPLADS-051809,Mohan Mandavi,Lok Sabha,Chhattisgarh,KANKER(ST),,,KANKER,Bevarti,Normal/Others,NA - Street lights,DISTRICT COLLECTOR KANKER_IDA,2023-08-17,Action Pending,297500,Unsanctioned
MPLADS-051818,Mohan Mandavi,Lok Sabha,Chhattisgarh,KANKER(ST),,,NARHARPUR,Amoda,Normal/Others,NA - Street lights,DISTRICT COLLECTOR KANKER_IDA,2023-08-17,Action Pending,297500,Unsanctioned
MPLADS-051949,Sunil Kumar Soni,Lok Sabha,Chhattisgarh,RAIPUR,,,DHARSIWA,Kara,Normal/Others,"WS/MP567/2023-2024/9889 - Construction of roads, approach roads, link roads and pathways",DISTRICT COLLECTOR RAIPUR_IDA,2023-08-16,Approved by IDA,500000,Sanctioned
MPLADS-051951,Sunil Kumar Soni,Lok Sabha,Chhattisgarh,RAIPUR,,,DHARSIWA,Giraud,Normal/Others,"WS/MP567/2023-2024/9888 - Construction of roads, approach roads, link roads and pathways",DISTRICT COLLECTOR RAIPUR_IDA,2023-08-16,Approved by IDA,500000,Sanctioned
MPLADS-051966,Sunil Kumar Soni,Lok Sabha,Chhattisgarh,RAIPUR,,,DHARSIWA,Tendua-1,Normal/Others,WS/MP567/2023-2024/9881 - Construction of community centers and community halls,DISTRICT COLLECTOR RAIPUR_IDA,2023-08-16,Approved by IDA,500000,Unsanctioned
MPLADS-051967,Sunil Kumar Soni,Lok Sabha,Chhattisgarh,RAIPUR,,,DHARSIWA,Bhatgaon-1 (Bhatgaon),Normal/Others,"WS/MP567/2023-2024/9882 - Construction of roads, approach roads, link roads and pathways",DISTRICT COLLECTOR RAIPUR_IDA,2023-08-16,Approved by IDA,400000,Sanctioned
MPLADS-051968,Sunil Kumar Soni,Lok Sabha,Chhattisgarh,RAIPUR,,,DHARSIWA,Sondra,Normal/Others,"WS/MP567/2023-2024/9883 - Construction of roads, approach roads, link roads and pathways",DISTRICT COLLECTOR RAIPUR_IDA,2023-08-16,Approved by IDA,300000,Sanctioned
MPLADS-051969,Sunil Kumar Soni,Lok Sabha,Chhattisgarh,RAIPUR,,,DHARSIWA,Nimora -1 (Nimora),Normal/Others,WS/MP567/2023-2024/9884 - Construction of community centers and community halls,DISTRICT COLLECTOR RAIPUR_IDA,2023-08-16,Approved by IDA,500000,Unsanctioned
MPLADS-051970,Sunil Kumar Soni,Lok Sabha,Chhattisgarh,RAIPUR,,,DHARSIWA,Tarra-1,Normal/Others,WS/MP567/2023-2024/9885 - Common work sheds for artisans,DISTRICT COLLECTOR RAIPUR_IDA,2023-08-16,Approved by IDA,500000,Unsanctioned
MPLADS-051971,Sunil Kumar Soni,Lok Sabha,Chhattisgarh,RAIPUR,,,DHARSIWA,Pathari(Pathari Khudmudi),Normal/Others,"WS/MP567/2023-2024/9886 - Construction of roads, approach roads, link roads and pathways",DISTRICT COLLECTOR RAIPUR_IDA,2023-08-16,Approved by IDA,500000,Unsanctioned
MPLADS-051972,Sunil Kumar Soni,Lok Sabha,Chhattisgarh,RAIPUR,,,DHARSIWA,Murra,Normal/Others,"WS/MP567/2023-2024/9887 - Construction of roads, approach roads, link roads and pathways",DISTRICT COLLECTOR RAIPUR_IDA,2023-08-16,Approved by IDA,500000,Sanctioned
MPLADS-051978,Sunil Kumar Soni,Lok Sabha,Chhattisgarh,RAIPUR,,,DHARSIWA,Akoli-2 (Akoli),Normal/Others,"WS/MP567/2023-2024/10033 - Construction of roads, approach roads, link roads and pathways",DISTRICT COLLECTOR RAIPUR_IDA,2023-08-16,Approved by IDA,500000,Sanctioned
MPLADS-051979,Sunil Kumar Soni,Lok Sabha,Chhattisgarh,RAIPUR,,,Dharsiwa,Kapasada,Normal/Others,"NA - Construction of roads, link roads, pathways or any other road with or without drainage system",DISTRICT COLLECTOR RAIPUR_IDA,2023-08-16,Action Pending,500000,Unsanctioned
MPLADS-051980,Sunil Kumar Soni,Lok Sabha,Chhattisgarh,RAIPUR,,,TILDA,Gaitra,Normal/Others,"WS/MP567/2023-2024/10031 - Construction of roads, approach roads, link roads and pathways",DISTRICT COLLECTOR RAIPUR_IDA,2023-08-16,Approved by IDA,500000,Sanctioned
MPLADS-051981,Sunil Kumar Soni,Lok Sabha,Chhattisgarh,RAIPUR,,,ARANG,Reewa,Normal/Others,WS/MP567/2023-2024/10030 - Construction of rooms and halls in school and colleges,DISTRICT COLLECTOR RAIPUR_IDA,2023-08-16,Approved by IDA,500000,Sanctioned
MPLADS-051982,Sunil Kumar Soni,Lok Sabha,Chhattisgarh,RAIPUR,Raipur,50,,,Normal/Others,WS/MP567/2023-2024/10029 - Construction of community centers and community halls,DISTRICT COLLECTOR RAIPUR_IDA,2023-08-16,Approved by IDA,700000,Sanctioned
MPLADS-051983,Sunil Kumar Soni,Lok Sabha,Chhattisgarh,RAIPUR,,,Dharsiwa,Tarra-1,Normal/Others,"NA - Construction of roads, link roads, pathways or any other road with or without drainage system",DISTRICT COLLECTOR RAIPUR_IDA,2023-08-16,Action Pending,500000,Unsanctioned
MPLADS-051984,Sunil Kumar Soni,Lok Sabha,Chhattisgarh,RAIPUR,Raipur,56,,,Normal/Others,NA - Construction of rooms and halls in school and colleges,DISTRICT COLLECTOR RAIPUR_IDA,2023-08-16,Action Pending,500000,Unsanctioned
MPLADS-051985,Sunil Kumar Soni,Lok Sabha,Chhattisgarh,RAIPUR,Raipur,15,,,Normal/Others,NA - Purchase of sports equipment,DISTRICT COLLECTOR RAIPUR_IDA,2023-08-16,Action Pending,250000,Unsanctioned
MPLADS-051986,Sunil Kumar Soni,Lok Sabha,Chhattisgarh,RAIPUR,,,Dharsiwa,Akoli-2 (Akoli),Normal/Others,"NA - Construction of roads, link roads, pathways or any other road with or without drainage system",DISTRICT COLLECTOR RAIPUR_IDA,2023-08-16,Action Pending,400000,Unsanctioned
MPLADS-051987,Sunil Kumar Soni,Lok Sabha,Chhattisgarh,RAIPUR,,,ABHANPUR,Tuta,Normal/Others,NA - Construction of common work sheds/ common covered sitting area,DISTRICT COLLECTOR RAIPUR_IDA,2023-08-16,Action Pending,500000,Unsanctioned
MPLADS-051988,Sunil Kumar Soni,Lok Sabha,Chhattisgarh,RAIPUR,,,Dharsiwa,Nilja,Normal/Others,"NA - Construction of roads, link roads, pathways or any other road with or without drainage system",DISTRICT COLLECTOR RAIPUR_IDA,2023-08-16,Action Pending,500000,Unsanctioned
MPLADS-051989,Sunil Kumar Soni,Lok Sabha,Chhattisgarh,RAIPUR,Raipur,54,,,Normal/Others,NA - Construction of common work sheds/ common covered sitting area,DISTRICT COLLECTOR RAIPUR_IDA,2023-08-16,Action Pending,400000,Unsanctioned
MPLADS-051990,Sunil Kumar Soni,Lok Sabha,Chhattisgarh,RAIPUR,Raipur,69,,,Normal/Others,WS/MP567/2023-2024/10021 - Construction of community centers and community halls,DISTRICT COLLECTOR RAIPUR_IDA,2023-08-16,Approved by IDA,500000,Unsanctioned
MPLADS-051991,Sunil Kumar Soni,Lok Sabha,Chhattisgarh,RAIPUR,Raipur,57,,,Normal/Others,NA - Construction of rooms and halls in school and colleges,DISTRICT COLLECTOR RAIPUR_IDA,2023-08-16,Action Pending,500000,Unsanctioned
MPLADS-051992,Sunil Kumar Soni,Lok Sabha,Chhattisgarh,RAIPUR,Raipur,43,,,Normal/Others,NA - Purchase of sports equipment,DISTRICT COLLECTOR RAIPUR_IDA,2023-08-16,Action Pending,250000,Unsanctioned
MPLADS-051993,Sunil Kumar Soni,Lok Sabha,Chhattisgarh,RAIPUR,Raipur,51,,,Normal/Others,WS/MP567/2023-2024/9960 - Construction of community centers and community halls,DISTRICT COLLECTOR RAIPUR_IDA,2023-08-16,Approved by IDA,250000,Unsanctioned
MPLADS-051994,Sunil Kumar Soni,Lok Sabha,Chhattisgarh,RAIPUR,Raipur,43,,,Normal/Others,NA - Construction of community centers and community halls,DISTRICT COLLECTOR RAIPUR_IDA,2023-08-16,Action Pending,500000,Unsanctioned
MPLADS-051995,Sunil Kumar Soni,Lok Sabha,Chhattisgarh,RAIPUR,Abhanpur,1,,,Normal/Others,NA - Construction of common work sheds/ common covered sitting area,DISTRICT COLLECTOR RAIPUR_IDA,2023-08-16,Action Pending,100000,Unsanctioned
MPLADS-051996,Sunil Kumar Soni,Lok Sabha,Chhattisgarh,RAIPUR,Birgaon,38,,,Normal/Others,NA - Construction of community centers and community halls,DISTRICT COLLECTOR RAIPUR_IDA,2023-08-16,Action Pending,500000,Unsanctioned
MPLADS-051997,Sunil Kumar Soni,Lok Sabha,Chhattisgarh,RAIPUR,Kharora,kharora,,,Normal/Others,NA - Construction of buildings for community cultural activities,DISTRICT COLLECTOR RAIPUR_IDA,2023-08-16,Action Pending,500000,Unsanctioned
MPLADS-052001,Sunil Kumar Soni,Lok Sabha,Chhattisgarh,RAIPUR,,,DHARSIWA,Mangasa,Normal/Others,WS/MP567/2023-2024/9890 - Providing drains and gutters for public drainage,DISTRICT COLLECTOR RAIPUR_IDA,2023-08-16,Approved by IDA,500000,Sanctioned
MPLADS-052011,Sunil Kumar Soni,Lok Sabha,Chhattisgarh,RAIPUR,,,DHARSIWA,Matiya,Normal/Others,"WS/MP567/2023-2024/9891 - Construction of roads, approach roads, link roads and pathways",DISTRICT COLLECTOR RAIPUR_IDA,2023-08-16,Approved by IDA,500000,Sanctioned
MPLADS-052013,Sunil Kumar Soni,Lok Sabha,Chhattisgarh,RAIPUR,,,DHARSIWA,Tarra-1,Normal/Others,WS/MP567/2023-2024/9892 - Construction of community centers and community halls,DISTRICT COLLECTOR RAIPUR_IDA,2023-08-16,Approved by IDA,500000,Sanctioned
MPLADS-052014,Sunil Kumar Soni,Lok Sabha,Chhattisgarh,RAIPUR,,,TILDA,Ghulghul,Normal/Others,WS/MP567/2023-2024/9893 - Construction of community centers and community halls,DISTRICT COLLECTOR RAIPUR_IDA,2023-08-16,Approved by IDA,400000,Sanctioned
MPLADS-052015,Sunil Kumar Soni,Lok Sabha,Chhattisgarh,RAIPUR,,,TILDA,Ninwa,Normal/Others,WS/MP567/2023-2024/9894 - Construction of buildings for community cultural activities,DISTRICT COLLECTOR RAIPUR_IDA,2023-08-16,Approved by IDA,300000,Sanctioned
MPLADS-052016,Sunil Kumar Soni,Lok Sabha,Chhattisgarh,RAIPUR,,,DHARSIWA,Nimora -1 (Nimora),Normal/Others,WS/MP567/2023-2024/9895 - Construction of community centers and community halls,DISTRICT COLLECTOR RAIPUR_IDA,2023-08-16,Approved by IDA,250000,Sanctioned
MPLADS-052017,Sunil Kumar Soni,Lok Sabha,Chhattisgarh,RAIPUR,Raipur,14,,,Normal/Others,NA - Construction of common work sheds/ common covered sitting area,DISTRICT COLLECTOR RAIPUR_IDA,2023-08-16,Action Pending,800000,Unsanctioned
MPLADS-052018,Sunil Kumar Soni,Lok Sabha,Chhattisgarh,RAIPUR,Raipur,13,,,Normal/Others,NA - Construction of common work sheds/ common covered sitting area,DISTRICT COLLECTOR RAIPUR_IDA,2023-08-16,Action Pending,500000,Unsanctioned
MPLADS-052019,Sunil Kumar Soni,Lok Sabha,Chhattisgarh,RAIPUR,,,Raipur,Dhaneli-2 (Dhaneli),Normal/Others,NA - Providing drains and gutters for public drainage,DISTRICT COLLECTOR RAIPUR_IDA,2023-08-16,Action Pending,250000,Unsanctioned
MPLADS-052020,Sunil Kumar Soni,Lok Sabha,Chhattisgarh,RAIPUR,,,Raipur,Banarsi,Normal/Others,"NA - Construction of roads, link roads, pathways or any other road with or without drainage system",DISTRICT COLLECTOR RAIPUR_IDA,2023-08-16,Action Pending,300000,Unsanctioned
MPLADS-052021,Sunil Kumar Soni,Lok Sabha,Chhattisgarh,RAIPUR,Raipur,39,,,Normal/Others,NA - Construction of community centers and community halls,DISTRICT COLLECTOR RAIPUR_IDA,2023-08-16,Action Pending,500000,Unsanctioned
MPLADS-052032,Sunil Kumar Soni,Lok Sabha,Chhattisgarh,RAIPUR,Gobra Nawapara,20,,,Normal/Others,WS/MP567/2023-2024/10019 - Construction of community centers and community halls,DISTRICT COLLECTOR RAIPUR_IDA,2023-08-16,Approved by IDA,400000,Unsanctioned
MPLADS-052425,Smt Phulo Devi Netam,Rajya Sabha,Chhattisgarh,Sitting Rajya Sabha,,,BADERAJPUR,Mandokikhargaon,Normal/Others,WS/MP224/2023-2024/9686 - Development of playfields and sports grounds,DISTRICT COLLECTOR KONDAGAON_IDA,2023-08-15,Approved by IDA,800000,Sanctioned
MPLADS-052450,Smt Phulo Devi Netam,Rajya Sabha,Chhattisgarh,Sitting Rajya Sabha,,,BADERAJPUR,Mandokikhargaon,Normal/Others,WS/MP224/2023-2024/9696 - Development of playfields and sports grounds,DISTRICT COLLECTOR KONDAGAON_IDA,2023-08-15,Approved by IDA,800000,Sanctioned
MPLADS-052451,Smt Phulo Devi Netam,Rajya Sabha,Chhattisgarh,Sitting Rajya Sabha,,,BADERAJPUR,Chhindli,Normal/Others,"WS/MP224/2023-2024/9693 - Construction of roads, link roads, pathways or any other road with or without drainage system",DISTRICT COLLECTOR KONDAGAON_IDA,2023-08-15,Approved by IDA,2000000,Sanctioned
MPLADS-052452,Smt Phulo Devi Netam,Rajya Sabha,Chhattisgarh,Sitting Rajya Sabha,,,BADERAJPUR,Chhindli,Normal/Others,"WS/MP224/2023-2024/9691 - Construction of roads, link roads, pathways or any other road with or without drainage system",DISTRICT COLLECTOR KONDAGAON_IDA,2023-08-15,Approved by IDA,2000000,Sanctioned
MPLADS-052483,Smt Phulo Devi Netam,Rajya Sabha,Chhattisgarh,Sitting Rajya Sabha,,,BADERAJPUR,Mandokikhargaon,Normal/Others,WS/MP224/2023-2024/9689 - Construction of community centers and community halls,DISTRICT COLLECTOR KONDAGAON_IDA,2023-08-15,Approved by IDA,600000,Sanctioned
MPLADS-052485,Smt Phulo Devi Netam,Rajya Sabha,Chhattisgarh,Sitting Rajya Sabha,,,BADERAJPUR,Mandokikhargaon,Normal/Others,"WS/MP224/2023-2024/9683 - Construction of roads, link roads, pathways or any other road with or without drainage system",DISTRICT COLLECTOR KONDAGAON_IDA,2023-08-15,Approved by IDA,800000,Sanctioned
MPLADS-052507,Smt Phulo Devi Netam,Rajya Sabha,Chhattisgarh,Sitting Rajya Sabha,,,BADERAJPUR,Pidhapal,Normal/Others,"WS/MP224/2023-2024/9682 - Construction of roads, link roads, pathways or any other road with or without drainage system",DISTRICT COLLECTOR KONDAGAON_IDA,2023-08-15,Approved by IDA,800000,Sanctioned
MPLADS-052514,Smt Phulo Devi Netam,Rajya Sabha,Chhattisgarh,Sitting Rajya Sabha,,,NARHARPUR,Barethinbahra,Normal/Others,NA - Construction of buildings for community cultural activities,DISTRICT COLLECTOR KANKER_IDA,2023-08-15,Action Pending,700000,Unsanctioned
MPLADS-052515,Smt Phulo Devi Netam,Rajya Sabha,Chhattisgarh,Sitting Rajya Sabha,,,PODI UPARODA,Sakho,Normal/Others,"WS/MP224/2023-2024/9596 - Construction of roads, approach roads, link roads and pathways",DISTRICT COLLECTOR KORBA_IDA,2023-08-15,Approved by IDA,1000000,Sanctioned
MPLADS-052516,Smt Phulo Devi Netam,Rajya Sabha,Chhattisgarh,Sitting Rajya Sabha,,,KESHKAL,Seonipal,Normal/Others,WS/MP224/2023-2024/9664 - Installation of multi-gym equipment,DISTRICT COLLECTOR KONDAGAON_IDA,2023-08-15,Approved by IDA,499000,Sanctioned
MPLADS-052517,Smt Phulo Devi Netam,Rajya Sabha,Chhattisgarh,Sitting Rajya Sabha,,,BADERAJPUR,Dhondra,Normal/Others,"WS/MP224/2023-2024/9675 - Construction of roads, link roads, pathways or any other road with or without drainage system",DISTRICT COLLECTOR KONDAGAON_IDA,2023-08-15,Approved by IDA,800000,Sanctioned
MPLADS-052518,Smt Phulo Devi Netam,Rajya Sabha,Chhattisgarh,Sitting Rajya Sabha,,,BADERAJPUR,Gamhari,Normal/Others,"WS/MP224/2023-2024/9678 - Construction of roads, link roads, pathways or any other road with or without drainage system",DISTRICT COLLECTOR KONDAGAON_IDA,2023-08-15,Approved by IDA,800000,Sanctioned
MPLADS-052519,Smt Phulo Devi Netam,Rajya Sabha,Chhattisgarh,Sitting Rajya Sabha,,,BADERAJPUR,Badbattar,Normal/Others,"WS/MP224/2023-2024/9679 - Construction of roads, link roads, pathways or any other road with or without drainage system",DISTRICT COLLECTOR KONDAGAON_IDA,2023-08-15,Approved by IDA,800000,Sanctioned
MPLADS-052520,Smt Phulo Devi Netam,Rajya Sabha,Chhattisgarh,Sitting Rajya Sabha,,,KESHKAL,Garawandi,Normal/Others,WS/MP224/2023-2024/9662 - Installation of multi-gym equipment,DISTRICT COLLECTOR KONDAGAON_IDA,2023-08-15,Approved by IDA,499000,Sanctioned
MPLADS-052521,Smt Phulo Devi Netam,Rajya Sabha,Chhattisgarh,Sitting Rajya Sabha,,,KESHKAL,GUDRIPARA,Normal/Others,WS/MP224/2023-2024/9659 - Installation of multi-gym equipment,DISTRICT COLLECTOR KONDAGAON_IDA,2023-08-15,Approved by IDA,499000,Sanctioned
MPLADS-052522,Smt Phulo Devi Netam,Rajya Sabha,Chhattisgarh,Sitting Rajya Sabha,,,KESHKAL,Undari,Normal/Others,"WS/MP224/2023-2024/9613 - Construction of roads, link roads, pathways or any other road with or without drainage system",DISTRICT COLLECTOR KONDAGAON_IDA,2023-08-15,Approved by IDA,971000,Sanctioned
MPLADS-052523,Smt Phulo Devi Netam,Rajya Sabha,Chhattisgarh,Sitting Rajya Sabha,,,KESHKAL,Toskapal,Normal/Others,"WS/MP224/2023-2024/9608 - Construction of roads, link roads, pathways or any other road with or without drainage system",DISTRICT COLLECTOR KONDAGAON_IDA,2023-08-15,Approved by IDA,1000000,Sanctioned
MPLADS-052524,Smt Phulo Devi Netam,Rajya Sabha,Chhattisgarh,Sitting Rajya Sabha,,,BAGICHA,Maini,Normal/Others,WS/MP224/2023-2024/9603 - Crematoriums or structures on burial/ cremation ground for public convenience,DISTRICT COLLECTOR JASHPUR_IDA,2023-08-15,Approved by IDA,200000,Sanctioned
MPLADS-052525,Smt Phulo Devi Netam,Rajya Sabha,Chhattisgarh,Sitting Rajya Sabha,,,BAGICHA,Samarbar,Normal/Others,WS/MP224/2023-2024/9600 - Construction of flood control embankments,DISTRICT COLLECTOR JASHPUR_IDA,2023-08-15,Approved by IDA,2000000,Sanctioned
MPLADS-052526,Smt Phulo Devi Netam,Rajya Sabha,Chhattisgarh,Sitting Rajya Sabha,,,BAGICHA,Peta,Normal/Others,WS/MP224/2023-2024/9598 - Construction of flood control embankments,DISTRICT COLLECTOR JASHPUR_IDA,2023-08-15,Approved by IDA,2000000,Sanctioned
MPLADS-052527,Smt Phulo Devi Netam,Rajya Sabha,Chhattisgarh,Sitting Rajya Sabha,,,BADERAJPUR,Dhondra,Normal/Others,"WS/MP224/2023-2024/9673 - Construction of roads, link roads, pathways or any other road with or without drainage system",DISTRICT COLLECTOR KONDAGAON_IDA,2023-08-15,Approved by IDA,800000,Sanctioned
MPLADS-052528,Smt Phulo Devi Netam,Rajya Sabha,Chhattisgarh,Sitting Rajya Sabha,,,PODI UPARODA,Pangawa,Normal/Others,WS/MP224/2023-2024/9594 - Development of playfields and sports grounds,DISTRICT COLLECTOR KORBA_IDA,2023-08-15,Approved by IDA,1000000,Sanctioned
MPLADS-052535,Smt Phulo Devi Netam,Rajya Sabha,Chhattisgarh,Sitting Rajya Sabha,,,BEMETARA,Bera,Normal/Others,WS/MP224/2023-2024/9593 - Construction of community centers and community halls,Collector Bemetara_IDA,2023-08-15,Approved by IDA,1000000,Sanctioned
MPLADS-052539,Sunil Kumar Soni,Lok Sabha,Chhattisgarh,RAIPUR,Raipur,69,,,Normal/Others,WS/MP567/2023-2024/9334 - Construction of community centers and community halls,DISTRICT COLLECTOR RAIPUR_IDA,2023-08-14,Approved by IDA,500000,Unsanctioned
MPLADS-052540,Sunil Kumar Soni,Lok Sabha,Chhattisgarh,RAIPUR,Raipur,31,,,Normal/Others,WS/MP567/2023-2024/9335 - Construction of buildings for community cultural activities,DISTRICT COLLECTOR RAIPUR_IDA,2023-08-14,Approved by IDA,400000,Unsanctioned
MPLADS-052541,Sunil Kumar Soni,Lok Sabha,Chhattisgarh,RAIPUR,Raipur,4,,,Normal/Others,WS/MP567/2023-2024/9342 - Construction of community centers and community halls,DISTRICT COLLECTOR RAIPUR_IDA,2023-08-14,Approved by IDA,500000,Unsanctioned
MPLADS-052542,Sunil Kumar Soni,Lok Sabha,Chhattisgarh,RAIPUR,,,ABHANPUR,Nayakbandha,Normal/Others,WS/MP567/2023-2024/9343 - Construction of boundary walls of existing public and community buildings,DISTRICT COLLECTOR RAIPUR_IDA,2023-08-14,Approved by IDA,500000,Unsanctioned
MPLADS-052543,Sunil Kumar Soni,Lok Sabha,Chhattisgarh,RAIPUR,,,ABHANPUR,Kanhera,Normal/Others,WS/MP567/2023-2024/9344 - Construction of buildings for community cultural activities,DISTRICT COLLECTOR RAIPUR_IDA,2023-08-14,Approved by IDA,500000,Unsanctioned
MPLADS-052544,Sunil Kumar Soni,Lok Sabha,Chhattisgarh,RAIPUR,,,ABHANPUR,Khanduwa,Normal/Others,NA - Construction of rooms and halls in school and colleges,DISTRICT COLLECTOR RAIPUR_IDA,2023-08-14,Action Pending,400000,Unsanctioned
MPLADS-052545,Sunil Kumar Soni,Lok Sabha,Chhattisgarh,RAIPUR,,,ABHANPUR,Tuta,Normal/Others,WS/MP567/2023-2024/9345 - Common work sheds for artisans,DISTRICT COLLECTOR RAIPUR_IDA,2023-08-14,Approved by IDA,500000,Unsanctioned
MPLADS-052546,Sunil Kumar Soni,Lok Sabha,Chhattisgarh,RAIPUR,,,ARANG,Nara,Normal/Others,"WS/MP567/2023-2024/9378 - Construction of roads, approach roads, link roads and pathways",DISTRICT COLLECTOR RAIPUR_IDA,2023-08-14,Approved by IDA,500000,Sanctioned
MPLADS-052547,Sunil Kumar Soni,Lok Sabha,Chhattisgarh,RAIPUR,,,ARANG,Goinda,Normal/Others,WS/MP567/2023-2024/9379 - Common work sheds for artisans,DISTRICT COLLECTOR RAIPUR_IDA,2023-08-14,Approved by IDA,400000,Sanctioned
MPLADS-052548,Sunil Kumar Soni,Lok Sabha,Chhattisgarh,RAIPUR,Raipur,51,,,Normal/Others,WS/MP567/2023-2024/9333 - Construction of community centers and community halls,DISTRICT COLLECTOR RAIPUR_IDA,2023-08-14,Approved by IDA,500000,Unsanctioned
MPLADS-052549,Sunil Kumar Soni,Lok Sabha,Chhattisgarh,RAIPUR,,,TILDA,Deori-1 (Deori),Normal/Others,"WS/MP567/2023-2024/9380 - Construction of roads, approach roads, link roads and pathways",DISTRICT COLLECTOR RAIPUR_IDA,2023-08-14,Approved by IDA,500000,Sanctioned
MPLADS-052552,Sunil Kumar Soni,Lok Sabha,Chhattisgarh,RAIPUR,Birgaon,14,,,Normal/Others,WS/MP567/2023-2024/9242 - Construction of community centers and community halls,DISTRICT COLLECTOR RAIPUR_IDA,2023-08-14,Approved by IDA,500000,Sanctioned
MPLADS-052553,Sunil Kumar Soni,Lok Sabha,Chhattisgarh,RAIPUR,,,TILDA,Padabhath,Normal/Others,WS/MP567/2023-2024/9241 - Providing drains and gutters for public drainage,DISTRICT COLLECTOR RAIPUR_IDA,2023-08-14,Approved by IDA,500000,Sanctioned
MPLADS-052554,Sunil Kumar Soni,Lok Sabha,Chhattisgarh,RAIPUR,,,ABHANPUR,Cheriya,Normal/Others,WS/MP567/2023-2024/9240 - Construction of buildings for community cultural activities,DISTRICT COLLECTOR RAIPUR_IDA,2023-08-14,Approved by IDA,400000,Sanctioned
MPLADS-052555,Sunil Kumar Soni,Lok Sabha,Chhattisgarh,RAIPUR,,,ABHANPUR,Kurru,Normal/Others,WS/MP567/2023-2024/9239 - Common work sheds for artisans,DISTRICT COLLECTOR RAIPUR_IDA,2023-08-14,Approved by IDA,400000,Sanctioned
MPLADS-052556,Sunil Kumar Soni,Lok Sabha,Chhattisgarh,RAIPUR,,,ABHANPUR,Manikchauri,Normal/Others,WS/MP567/2023-2024/9238 - Construction of community centers and community halls,DISTRICT COLLECTOR RAIPUR_IDA,2023-08-14,Approved by IDA,500000,Sanctioned
MPLADS-052557,Sunil Kumar Soni,Lok Sabha,Chhattisgarh,RAIPUR,,,ABHANPUR,Mandlor,Normal/Others,WS/MP567/2023-2024/9237 - Construction of community centers and community halls,DISTRICT COLLECTOR RAIPUR_IDA,2023-08-14,Approved by IDA,500000,Sanctioned
MPLADS-052558,Sunil Kumar Soni,Lok Sabha,Chhattisgarh,RAIPUR,,,ABHANPUR,Khola,Normal/Others,WS/MP567/2023-2024/9236 - Construction of community centers and community halls,DISTRICT COLLECTOR RAIPUR_IDA,2023-08-14,Approved by IDA,300000,Sanctioned
MPLADS-052559,Sunil Kumar Soni,Lok Sabha,Chhattisgarh,RAIPUR,,,ABHANPUR,Torla,Normal/Others,WS/MP567/2023-2024/9235 - Construction of boundary walls of existing public and community buildings,DISTRICT COLLECTOR RAIPUR_IDA,2023-08-14,Approved by IDA,300000,Sanctioned
MPLADS-052564,Sunil Kumar Soni,Lok Sabha,Chhattisgarh,RAIPUR,,,TILDA,Lakhna,Normal/Others,"WS/MP567/2023-2024/9382 - Construction of roads, approach roads, link roads and pathways",DISTRICT COLLECTOR RAIPUR_IDA,2023-08-14,Approved by IDA,400000,Sanctioned
MPLADS-052565,Sunil Kumar Soni,Lok Sabha,Chhattisgarh,RAIPUR,,,TILDA,Khauna,Normal/Others,WS/MP567/2023-2024/9381 - Providing drains and gutters for public drainage,DISTRICT COLLECTOR RAIPUR_IDA,2023-08-14,Approved by IDA,500000,Sanctioned
MPLADS-052566,Sunil Kumar Soni,Lok Sabha,Chhattisgarh,RAIPUR,,,ARANG,Lakholi,Normal/Others,WS/MP567/2023-2024/9432 - Common work sheds for artisans,DISTRICT COLLECTOR RAIPUR_IDA,2023-08-14,Approved by IDA,700000,Sanctioned
MPLADS-052567,Sunil Kumar Soni,Lok Sabha,Chhattisgarh,RAIPUR,,,TILDA,Sarora,Normal/Others,"WS/MP567/2023-2024/9383 - Construction of roads, approach roads, link roads and pathways",DISTRICT COLLECTOR RAIPUR_IDA,2023-08-14,Approved by IDA,400000,Sanctioned
MPLADS-052568,Sunil Kumar Soni,Lok Sabha,Chhattisgarh,RAIPUR,,,ABHANPUR,Chipridih,Normal/Others,WS/MP567/2023-2024/9435 - Construction of buildings for community cultural activities,DISTRICT COLLECTOR RAIPUR_IDA,2023-08-14,Approved by IDA,300000,Unsanctioned
MPLADS-052584,Sunil Kumar Soni,Lok Sabha,Chhattisgarh,RAIPUR,,,ABHANPUR,Khatti,Normal/Others,WS/MP567/2023-2024/9436 - Common work sheds for artisans,DISTRICT COLLECTOR RAIPUR_IDA,2023-08-14,Approved by IDA,500000,Unsanctioned
MPLADS-052585,Sunil Kumar Soni,Lok Sabha,Chhattisgarh,RAIPUR,,,ABHANPUR,Dhusera,Normal/Others,WS/MP567/2023-2024/9434 - Purchase of sports equipment,DISTRICT COLLECTOR RAIPUR_IDA,2023-08-14,Approved by IDA,400000,Unsanctioned
MPLADS-052586,Sunil Kumar Soni,Lok Sabha,Chhattisgarh,RAIPUR,,,TILDA,Bhumiya,Normal/Others,"WS/MP567/2023-2024/9386 - Construction of roads, approach roads, link roads and pathways",DISTRICT COLLECTOR RAIPUR_IDA,2023-08-14,Approved by IDA,400000,Sanctioned
MPLADS-052587,Sunil Kumar Soni,Lok Sabha,Chhattisgarh,RAIPUR,,,ARANG,Tekari-2 (Tekari),Normal/Others,NA - Construction of public irrigation facilities,DISTRICT COLLECTOR RAIPUR_IDA,2023-08-14,Action Pending,260000,Unsanctioned
MPLADS-052591,Sunil Kumar Soni,Lok Sabha,Chhattisgarh,RAIPUR,,,TILDA,Bemta,Normal/Others,"WS/MP567/2023-2024/9387 - Construction of roads, approach roads, link roads and pathways",DISTRICT COLLECTOR RAIPUR_IDA,2023-08-14,Approved by IDA,400000,Sanctioned
MPLADS-052592,Sunil Kumar Soni,Lok Sabha,Chhattisgarh,RAIPUR,,,TILDA,Kundru,Normal/Others,"WS/MP567/2023-2024/9388 - Construction of roads, approach roads, link roads and pathways",DISTRICT COLLECTOR RAIPUR_IDA,2023-08-14,Approved by IDA,400000,Sanctioned
MPLADS-052593,Sunil Kumar Soni,Lok Sabha,Chhattisgarh,RAIPUR,,,TILDA,Sirri,Normal/Others,"WS/MP567/2023-2024/9389 - Construction of roads, approach roads, link roads and pathways",DISTRICT COLLECTOR RAIPUR_IDA,2023-08-14,Approved by IDA,500000,Sanctioned
MPLADS-052594,Sunil Kumar Soni,Lok Sabha,Chhattisgarh,RAIPUR,,,TILDA,Janjgira,Normal/Others,"WS/MP567/2023-2024/9390 - Construction of roads, approach roads, link roads and pathways",DISTRICT COLLECTOR RAIPUR_IDA,2023-08-14,Approved by IDA,250000,Sanctioned
MPLADS-052595,Sunil Kumar Soni,Lok Sabha,Chhattisgarh,RAIPUR,,,TILDA,Janjgira,Normal/Others,WS/MP567/2023-2024/9399 - Construction of community centers and community halls,DISTRICT COLLECTOR RAIPUR_IDA,2023-08-14,Approved by IDA,250000,Sanctioned
MPLADS-052596,Sunil Kumar Soni,Lok Sabha,Chhattisgarh,RAIPUR,,,TILDA,Kurra 1,Normal/Others,"WS/MP567/2023-2024/9400 - Construction of roads, approach roads, link roads and pathways",DISTRICT COLLECTOR RAIPUR_IDA,2023-08-14,Approved by IDA,500000,Sanctioned
MPLADS-052597,Sunil Kumar Soni,Lok Sabha,Chhattisgarh,RAIPUR,,,TILDA,Alesur,Normal/Others,"WS/MP567/2023-2024/9401 - Construction of roads, approach roads, link roads and pathways",DISTRICT COLLECTOR RAIPUR_IDA,2023-08-14,Approved by IDA,500000,Sanctioned
MPLADS-052598,Sunil Kumar Soni,Lok Sabha,Chhattisgarh,RAIPUR,,,TILDA,Saguni,Normal/Others,WS/MP567/2023-2024/9402 - Construction of buildings for community cultural activities,DISTRICT COLLECTOR RAIPUR_IDA,2023-08-14,Approved by IDA,300000,Sanctioned
MPLADS-052599,Sunil Kumar Soni,Lok Sabha,Chhattisgarh,RAIPUR,,,TILDA,Sirwe,Normal/Others,"WS/MP567/2023-2024/9412 - Construction of roads, approach roads, link roads and pathways",DISTRICT COLLECTOR RAIPUR_IDA,2023-08-14,Approved by IDA,400000,Sanctioned
MPLADS-052600,Sunil Kumar Soni,Lok Sabha,Chhattisgarh,RAIPUR,,,TILDA,Kumhari 1,Normal/Others,"WS/MP567/2023-2024/9413 - Construction of roads, approach roads, link roads and pathways",DISTRICT COLLECTOR RAIPUR_IDA,2023-08-14,Approved by IDA,500000,Sanctioned
MPLADS-052601,Sunil Kumar Soni,Lok Sabha,Chhattisgarh,RAIPUR,,,TILDA,Kota,Normal/Others,WS/MP567/2023-2024/9414 - Construction of community centers and community halls,DISTRICT COLLECTOR RAIPUR_IDA,2023-08-14,Approved by IDA,400000,Sanctioned
MPLADS-052602,Sunil Kumar Soni,Lok Sabha,Chhattisgarh,RAIPUR,,,DHARSIWA,Saragaon,Normal/Others,"WS/MP567/2023-2024/9431 - Construction of roads, approach roads, link roads and pathways",DISTRICT COLLECTOR RAIPUR_IDA,2023-08-14,Approved by IDA,500000,Sanctioned
MPLADS-052781,Sunil Kumar Soni,Lok Sabha,Chhattisgarh,RAIPUR,,,ABHANPUR,Umar Poti,Normal/Others,WS/MP567/2023-2024/9437 - Construction of community centers and community halls,DISTRICT COLLECTOR RAIPUR_IDA,2023-08-14,Approved by IDA,400000,Unsanctioned
MPLADS-053155,Mohan Mandavi,Lok Sabha,Chhattisgarh,KANKER(ST),,,PHARASGAON,Pawdha,Normal/Others,NA - Construction of common work sheds/ common covered sitting area,DISTRICT COLLECTOR KONDAGAON_IDA,2023-08-10,Action Pending,300000,Unsanctioned
MPLADS-053167,Mohan Mandavi,Lok Sabha,Chhattisgarh,KANKER(ST),,,PHARASGAON,Mode Bedma,Normal/Others,NA - Construction of buildings for community cultural activities,DISTRICT COLLECTOR KONDAGAON_IDA,2023-08-10,Action Pending,300000,Unsanctioned
MPLADS-053168,Mohan Mandavi,Lok Sabha,Chhattisgarh,KANKER(ST),,,PHARASGAON,Charkai,Normal/Others,NA - Construction of community centers and community halls,DISTRICT COLLECTOR KONDAGAON_IDA,2023-08-10,Action Pending,500000,Unsanctioned
MPLADS-053169,Mohan Mandavi,Lok Sabha,Chhattisgarh,KANKER(ST),,,GURUR,Usarwara,Normal/Others,WS/MP565/2023-2024/8657 - Common work sheds for artisans,Collector Balod_IDA,2023-08-10,Approved by IDA,500000,Sanctioned
MPLADS-053170,Mohan Mandavi,Lok Sabha,Chhattisgarh,KANKER(ST),,,GURUR,Phagundah,Normal/Others,WS/MP565/2023-2024/8658 - Common work sheds for artisans,Collector Balod_IDA,2023-08-10,Approved by IDA,500000,Sanctioned
MPLADS-053171,Mohan Mandavi,Lok Sabha,Chhattisgarh,KANKER(ST),,,GURUR,Dotopar,Normal/Others,NA - Construction of common work sheds/ common covered sitting area,Collector Balod_IDA,2023-08-10,Action Pending,500000,Unsanctioned
MPLADS-053172,Mohan Mandavi,Lok Sabha,Chhattisgarh,KANKER(ST),,,GURUR,Padkibhat,Normal/Others,NA - Construction of additional rooms and halls in the existing public and community building,Collector Balod_IDA,2023-08-10,Action Pending,200000,Unsanctioned
MPLADS-053173,Mohan Mandavi,Lok Sabha,Chhattisgarh,KANKER(ST),,,DONDI,Mangal Tarai,Normal/Others,WS/MP565/2023-2024/8661 - Construction of common work sheds/ common covered sitting area,Collector Balod_IDA,2023-08-10,Approved by IDA,500000,Sanctioned
MPLADS-053174,Mohan Mandavi,Lok Sabha,Chhattisgarh,KANKER(ST),,,DONDI,Chiharo,Normal/Others,WS/MP565/2023-2024/8662 - Construction of water tanks,Collector Balod_IDA,2023-08-10,Approved by IDA,250000,Sanctioned
MPLADS-053175,Mohan Mandavi,Lok Sabha,Chhattisgarh,KANKER(ST),Dondi,chikhalakasa,,,Normal/Others,WS/MP565/2023-2024/8663 - Purchase of mobile water tankers,Collector Balod_IDA,2023-08-10,Approved by IDA,250000,Unsanctioned
MPLADS-053176,Mohan Mandavi,Lok Sabha,Chhattisgarh,KANKER(ST),,,Gunderdehi,Kalangpur,Normal/Others,NA - Construction of common work sheds/ common covered sitting area,Collector Balod_IDA,2023-08-10,Action Pending,600000,Unsanctioned
MPLADS-053177,Mohan Mandavi,Lok Sabha,Chhattisgarh,KANKER(ST),,,GUNDERDEHI,Belaudi,Normal/Others,WS/MP565/2023-2024/8665 - Construction of common work sheds/ common covered sitting area,Collector Balod_IDA,2023-08-10,Approved by IDA,500000,Sanctioned
MPLADS-053178,Mohan Mandavi,Lok Sabha,Chhattisgarh,KANKER(ST),,,GUNDERDEHI,Iraguda,Normal/Others,WS/MP565/2023-2024/8666 - Construction of common work sheds/ common covered sitting area,Collector Balod_IDA,2023-08-10,Approved by IDA,500000,Sanctioned
MPLADS-053193,Mohan Mandavi,Lok Sabha,Chhattisgarh,KANKER(ST),,,PHARASGAON,Modenga,Normal/Others,NA - Common work sheds for artisans,DISTRICT COLLECTOR KONDAGAON_IDA,2023-08-10,Action Pending,300000,Unsanctioned
MPLADS-053195,Mohan Mandavi,Lok Sabha,Chhattisgarh,KANKER(ST),,,KESHKAL,Anwarabhata,Normal/Others,NA - Construction of community centers and community halls,DISTRICT COLLECTOR KONDAGAON_IDA,2023-08-10,Action Pending,300000,Unsanctioned
MPLADS-053196,Mohan Mandavi,Lok Sabha,Chhattisgarh,KANKER(ST),,,KESHKAL,Khetarpal,Normal/Others,NA - Common work sheds for artisans,DISTRICT COLLECTOR KONDAGAON_IDA,2023-08-10,Action Pending,300000,Unsanctioned
MPLADS-053197,Mohan Mandavi,Lok Sabha,Chhattisgarh,KANKER(ST),,,BADERAJPUR,Naukabeda,Normal/Others,NA - Common work sheds for artisans,DISTRICT COLLECTOR KONDAGAON_IDA,2023-08-10,Action Pending,300000,Unsanctioned
MPLADS-053198,Mohan Mandavi,Lok Sabha,Chhattisgarh,KANKER(ST),,,BADERAJPUR,Khargaon,Normal/Others,NA - Construction of buildings for community cultural activities,DISTRICT COLLECTOR KONDAGAON_IDA,2023-08-10,Action Pending,300000,Unsanctioned
MPLADS-053199,Mohan Mandavi,Lok Sabha,Chhattisgarh,KANKER(ST),,,BALOD,Rewati Nawagaon,Normal/Others,WS/MP565/2023-2024/8667 - Construction of buildings for community cultural activities,Collector Balod_IDA,2023-08-10,Approved by IDA,500000,Sanctioned
MPLADS-053200,Mohan Mandavi,Lok Sabha,Chhattisgarh,KANKER(ST),,,BADERAJPUR,Vishrampuri A,Normal/Others,NA - Common work sheds for artisans,DISTRICT COLLECTOR KONDAGAON_IDA,2023-08-10,Action Pending,500000,Unsanctioned
MPLADS-053201,Mohan Mandavi,Lok Sabha,Chhattisgarh,KANKER(ST),,,BADERAJPUR,Honawandi,Normal/Others,NA - Construction of buildings for community cultural activities,DISTRICT COLLECTOR KONDAGAON_IDA,2023-08-10,Action Pending,300000,Unsanctioned
MPLADS-053202,Mohan Mandavi,Lok Sabha,Chhattisgarh,KANKER(ST),,,PHARASGAON,Chandabeda,Normal/Others,NA - Common work sheds for artisans,DISTRICT COLLECTOR KONDAGAON_IDA,2023-08-10,Action Pending,500000,Unsanctioned
MPLADS-053203,Mohan Mandavi,Lok Sabha,Chhattisgarh,KANKER(ST),,,BADERAJPUR,Baderajpur,Normal/Others,NA - Common work sheds for artisans,DISTRICT COLLECTOR KONDAGAON_IDA,2023-08-10,Action Pending,500000,Unsanctioned
MPLADS-053280,Smt Phulo Devi Netam,Rajya Sabha,Chhattisgarh,Sitting Rajya Sabha,,,BAGICHA,Maini,Normal/Others,WS/MP224/2023-2024/8579 - Construction of flood control embankments,DISTRICT COLLECTOR JASHPUR_IDA,2023-08-09,Approved by IDA,1000000,Sanctioned
MPLADS-053281,Smt Phulo Devi Netam,Rajya Sabha,Chhattisgarh,Sitting Rajya Sabha,,,BAGICHA,Peta,Normal/Others,WS/MP224/2023-2024/8580 - Construction of flood control embankments,DISTRICT COLLECTOR JASHPUR_IDA,2023-08-09,Approved by IDA,1000000,Sanctioned
MPLADS-053282,Smt Phulo Devi Netam,Rajya Sabha,Chhattisgarh,Sitting Rajya Sabha,,,BAGICHA,Samarbar,Normal/Others,WS/MP224/2023-2024/8581 - Development of playground,DISTRICT COLLECTOR JASHPUR_IDA,2023-08-09,Approved by IDA,1000000,Sanctioned
MPLADS-053283,Smt Phulo Devi Netam,Rajya Sabha,Chhattisgarh,Sitting Rajya Sabha,,,BAGICHA,Sonpur,Normal/Others,WS/MP224/2023-2024/8582 - Development of playground,DISTRICT COLLECTOR JASHPUR_IDA,2023-08-09,Approved by IDA,1000000,Sanctioned
MPLADS-053300,Mohan Mandavi,Lok Sabha,Chhattisgarh,KANKER(ST),,,BHANUPRATAPPUR,Selegaon,Normal/Others,NA - Construction of common work sheds/ common covered sitting area,DISTRICT COLLECTOR KANKER_IDA,2023-08-08,Action Pending,500000,Unsanctioned
MPLADS-053301,Mohan Mandavi,Lok Sabha,Chhattisgarh,KANKER(ST),,,CHARAMA,Kishanpuri,Normal/Others,NA - Common work sheds for artisans,DISTRICT COLLECTOR KANKER_IDA,2023-08-08,Action Pending,500000,Unsanctioned
MPLADS-053302,Mohan Mandavi,Lok Sabha,Chhattisgarh,KANKER(ST),,,CHARAMA,Kottara,Normal/Others,NA - Common work sheds for artisans,DISTRICT COLLECTOR KANKER_IDA,2023-08-08,Action Pending,500000,Unsanctioned
MPLADS-053303,Mohan Mandavi,Lok Sabha,Chhattisgarh,KANKER(ST),,,CHARAMA,Mudkhusara,Normal/Others,NA - Construction of common work sheds/ common covered sitting area,DISTRICT COLLECTOR KANKER_IDA,2023-08-08,Action Pending,300000,Unsanctioned
MPLADS-053305,Mohan Mandavi,Lok Sabha,Chhattisgarh,KANKER(ST),,,NARHARPUR,Charbhathi,Normal/Others,NA - Construction of common work sheds/ common covered sitting area,DISTRICT COLLECTOR KANKER_IDA,2023-08-08,Action Pending,500000,Unsanctioned
MPLADS-053306,Mohan Mandavi,Lok Sabha,Chhattisgarh,KANKER(ST),,,NARHARPUR,Butbani,Normal/Others,NA - Construction of common work sheds/ common covered sitting area,DISTRICT COLLECTOR KANKER_IDA,2023-08-08,Action Pending,500000,Unsanctioned
MPLADS-053307,Mohan Mandavi,Lok Sabha,Chhattisgarh,KANKER(ST),,,NARHARPUR,Kariyapahar,Normal/Others,NA - Construction of buildings for community cultural activities,DISTRICT COLLECTOR KANKER_IDA,2023-08-08,Action Pending,500000,Unsanctioned
MPLADS-053308,Mohan Mandavi,Lok Sabha,Chhattisgarh,KANKER(ST),,,NARHARPUR,Basanwahi,Normal/Others,NA - Construction of common work sheds/ common covered sitting area,DISTRICT COLLECTOR KANKER_IDA,2023-08-08,Action Pending,500000,Unsanctioned
MPLADS-053309,Mohan Mandavi,Lok Sabha,Chhattisgarh,KANKER(ST),,,NARHARPUR,Bahnapani,Normal/Others,NA - Construction of common work sheds/ common covered sitting area,DISTRICT COLLECTOR KANKER_IDA,2023-08-08,Action Pending,500000,Unsanctioned
MPLADS-053310,Mohan Mandavi,Lok Sabha,Chhattisgarh,KANKER(ST),,,NARHARPUR,Surahi,Normal/Others,NA - Construction of common work sheds/ common covered sitting area,DISTRICT COLLECTOR KANKER_IDA,2023-08-08,Action Pending,500000,Unsanctioned
MPLADS-053314,Mohan Mandavi,Lok Sabha,Chhattisgarh,KANKER(ST),,,NAGARI,Umergaon,Normal/Others,NA - Construction of public staircase to access road over bridge,DISTRICT COLLECTOR DHAMTARI_IDA,2023-08-08,Action Pending,200000,Unsanctioned
MPLADS-053323,Mohan Mandavi,Lok Sabha,Chhattisgarh,KANKER(ST),,,KOILEBEDA,Kesekodi,Normal/Others,NA - Construction of common work sheds/ common covered sitting area,DISTRICT COLLECTOR KANKER_IDA,2023-08-08,Action Pending,300000,Unsanctioned
MPLADS-053324,Mohan Mandavi,Lok Sabha,Chhattisgarh,KANKER(ST),,,KOILEBEDA,Aalparas,Normal/Others,NA - Construction of common work sheds/ common covered sitting area,DISTRICT COLLECTOR KANKER_IDA,2023-08-08,Action Pending,300000,Unsanctioned
MPLADS-053325,Mohan Mandavi,Lok Sabha,Chhattisgarh,KANKER(ST),,,KOILEBEDA,Kodosalebhat,Normal/Others,NA - Construction of common work sheds/ common covered sitting area,DISTRICT COLLECTOR KANKER_IDA,2023-08-08,Action Pending,300000,Unsanctioned
MPLADS-053332,Chunni lal Sahu,Lok Sabha,Chhattisgarh,MAHASAMUND,DHAMTARI,DHAMTARI,,,Normal/Others,NA - Purchase of sports equipment,DISTRICT COLLECTOR DHAMTARI_IDA,2023-08-08,Action Pending,500000,Unsanctioned
MPLADS-053333,Mohan Mandavi,Lok Sabha,Chhattisgarh,KANKER(ST),,,DONDILOHARA,Sahgaon,Normal/Others,WS/MP565/2023-2024/8398 - Street lights,Collector Balod_IDA,2023-08-08,Approved by IDA,1260000,Sanctioned
MPLADS-053334,Mohan Mandavi,Lok Sabha,Chhattisgarh,KANKER(ST),,,NAGARI,Chanagaon,Normal/Others,WS/MP565/2023-2024/8405 - Construction of common work sheds/ common covered sitting area,DISTRICT COLLECTOR DHAMTARI_IDA,2023-08-08,Approved by IDA,500000,Sanctioned
MPLADS-053352,Mohan Mandavi,Lok Sabha,Chhattisgarh,KANKER(ST),,,NAGARI,Barbandha,Normal/Others,WS/MP565/2023-2024/8404 - Construction of common work sheds/ common covered sitting area,DISTRICT COLLECTOR DHAMTARI_IDA,2023-08-08,Approved by IDA,500000,Sanctioned
MPLADS-053353,SHRI K T S Tulsi,Rajya Sabha,Chhattisgarh,Sitting Rajya Sabha,,,PUSSORE,Dhanuhardera,Normal/Others,WS/MP177/2023-2024/8385 - Street lights,DISTRICT COLLECTOR RAIGARH_IDA,2023-08-08,Approved by IDA,1500000,Ongoing
MPLADS-053354,Mohan Mandavi,Lok Sabha,Chhattisgarh,KANKER(ST),,,NAGARI,Goregaon,Normal/Others,WS/MP565/2023-2024/8403 - Construction of common work sheds/ common covered sitting area,DISTRICT COLLECTOR DHAMTARI_IDA,2023-08-08,Approved by IDA,500000,Unsanctioned
MPLADS-053355,Mohan Mandavi,Lok Sabha,Chhattisgarh,KANKER(ST),,,BALOD,Chichbod,Normal/Others,WS/MP565/2023-2024/8402 - Common work sheds for artisans,Collector Balod_IDA,2023-08-08,Approved by IDA,500000,Sanctioned
MPLADS-053357,Mohan Mandavi,Lok Sabha,Chhattisgarh,KANKER(ST),,,DONDILOHARA,Kapsi,Normal/Others,WS/MP565/2023-2024/8394 - Street lights,Collector Balod_IDA,2023-08-08,Approved by IDA,1260000,Sanctioned
MPLADS-053358,Mohan Mandavi,Lok Sabha,Chhattisgarh,KANKER(ST),,,DONDILOHARA,Sanjari,Normal/Others,WS/MP565/2023-2024/8393 - Street lights,Collector Balod_IDA,2023-08-08,Approved by IDA,1260000,Sanctioned
MPLADS-053359,Mohan Mandavi,Lok Sabha,Chhattisgarh,KANKER(ST),,,DONDILOHARA,Parsadih,Normal/Others,WS/MP565/2023-2024/8392 - Street lights,Collector Balod_IDA,2023-08-08,Approved by IDA,1260000,Sanctioned
MPLADS-053360,SHRI K T S Tulsi,Rajya Sabha,Chhattisgarh,Sitting Rajya Sabha,,,PUSSORE,Ekatal,Normal/Others,WS/MP177/2023-2024/8386 - Street lights,DISTRICT COLLECTOR RAIGARH_IDA,2023-08-08,Approved by IDA,1000000,Sanctioned
MPLADS-053451,Chunni lal Sahu,Lok Sabha,Chhattisgarh,MAHASAMUND,,,MAHASAMUND,Jhalap,Normal/Others,NA - Construction of community centers and community halls,DISTRICT COLLECTOR MAHASAMUND_IDA,2023-08-08,Action Pending,1000000,Unsanctioned
MPLADS-053523,Santosh Pandey,Lok Sabha,Chhattisgarh,RAJNANDGAON,Khairagarh municipality,00,,,Normal/Others,WS/MP513/2023-2024/8336 - Purchase of books for public libraries,District Collector Khairagarh_IDA,2023-08-07,Approved by IDA,2200000,Completed
MPLADS-053524,Mohan Mandavi,Lok Sabha,Chhattisgarh,KANKER(ST),,,DURGUKONDAL,Durgkondal,Normal/Others,NA - Purchase of books and periodicals for libraries,DISTRICT COLLECTOR KANKER_IDA,2023-08-07,Action Pending,500000,Unsanctioned
MPLADS-053525,Mohan Mandavi,Lok Sabha,Chhattisgarh,KANKER(ST),Charama,Charama,,,Normal/Others,NA - Purchase of books and periodicals for libraries,DISTRICT COLLECTOR KANKER_IDA,2023-08-07,Action Pending,500000,Unsanctioned
MPLADS-053588,Smt Phulo Devi Netam,Rajya Sabha,Chhattisgarh,Sitting Rajya Sabha,,,KESHKAL,Anwarabhata,Normal/Others,"WS/MP224/2023-2024/8098 - Construction of roads, link roads, pathways or any other road with or without drainage system",DISTRICT COLLECTOR KONDAGAON_IDA,2023-08-05,Approved by IDA,1000000,Sanctioned
MPLADS-053589,Smt Phulo Devi Netam,Rajya Sabha,Chhattisgarh,Sitting Rajya Sabha,,,KESHKAL,Garhdhanora,Normal/Others,"WS/MP224/2023-2024/8099 - Construction of roads, link roads, pathways or any other road with or without drainage system",DISTRICT COLLECTOR KONDAGAON_IDA,2023-08-05,Approved by IDA,1000000,Sanctioned
MPLADS-053590,Smt Phulo Devi Netam,Rajya Sabha,Chhattisgarh,Sitting Rajya Sabha,,,KESHKAL,Pipra,Normal/Others,"WS/MP224/2023-2024/8100 - Construction of roads, link roads, pathways or any other road with or without drainage system",DISTRICT COLLECTOR KONDAGAON_IDA,2023-08-05,Approved by IDA,1400000,Sanctioned
MPLADS-053591,Smt Phulo Devi Netam,Rajya Sabha,Chhattisgarh,Sitting Rajya Sabha,,,BADERAJPUR,Chhindli,Normal/Others,"WS/MP224/2023-2024/8101 - Construction of roads, approach roads, link roads and pathways",DISTRICT COLLECTOR KONDAGAON_IDA,2023-08-05,Approved by IDA,2000000,Unsanctioned
MPLADS-053592,Smt Phulo Devi Netam,Rajya Sabha,Chhattisgarh,Sitting Rajya Sabha,,,BADERAJPUR,Badbattar,Normal/Others,"WS/MP224/2023-2024/8103 - Construction of roads, link roads, pathways or any other road with or without drainage system",DISTRICT COLLECTOR KONDAGAON_IDA,2023-08-05,Approved by IDA,2000000,Sanctioned
MPLADS-053593,Smt Phulo Devi Netam,Rajya Sabha,Chhattisgarh,Sitting Rajya Sabha,,,BADERAJPUR,Naukabeda,Normal/Others,"WS/MP224/2023-2024/8104 - Construction of roads, link roads, pathways or any other road with or without drainage system",DISTRICT COLLECTOR KONDAGAON_IDA,2023-08-05,Approved by IDA,2000000,Sanctioned
MPLADS-053594,Smt Phulo Devi Netam,Rajya Sabha,Chhattisgarh,Sitting Rajya Sabha,,,BADERAJPUR,Mandokikhargaon,Normal/Others,"WS/MP224/2023-2024/8105 - Construction of roads, link roads, pathways or any other road with or without drainage system",DISTRICT COLLECTOR KONDAGAON_IDA,2023-08-05,Approved by IDA,800000,Sanctioned
MPLADS-053595,Smt Phulo Devi Netam,Rajya Sabha,Chhattisgarh,Sitting Rajya Sabha,,,BADERAJPUR,Mandokikhargaon,Normal/Others,"WS/MP224/2023-2024/8106 - Construction of roads, link roads, pathways or any other road with or without drainage system",DISTRICT COLLECTOR KONDAGAON_IDA,2023-08-05,Approved by IDA,800000,Sanctioned
MPLADS-053710,SHRI K T S Tulsi,Rajya Sabha,Chhattisgarh,Sitting Rajya Sabha,,,GAURELLA-2,Newsa,Normal/Others,WS/MP177/2023-2024/7833 - Construction of flood control embankments,Collector GPM_IDA,2023-08-03,Approved by IDA,1000000,Sanctioned
MPLADS-054100,SHRI K T S Tulsi,Rajya Sabha,Chhattisgarh,Sitting Rajya Sabha,,,LUNDRA,Kardoni,Normal/Others,WS/MP177/2023-2024/7249 - Installing tube-wells and borewells,Collector Surguja_IDA,2023-07-31,Approved by IDA,180000,Unsanctioned
MPLADS-054101,SHRI K T S Tulsi,Rajya Sabha,Chhattisgarh,Sitting Rajya Sabha,,,LUNDRA,Kakni,Normal/Others,WS/MP177/2023-2024/7247 - Installing tube-wells and borewells,Collector Surguja_IDA,2023-07-31,Approved by IDA,180000,Unsanctioned
MPLADS-054102,SHRI K T S Tulsi,Rajya Sabha,Chhattisgarh,Sitting Rajya Sabha,,,LUNDRA,Korima,Normal/Others,WS/MP177/2023-2024/7246 - Installing tube-wells and borewells,Collector Surguja_IDA,2023-07-31,Approved by IDA,180000,Unsanctioned
MPLADS-054103,SHRI K T S Tulsi,Rajya Sabha,Chhattisgarh,Sitting Rajya Sabha,,,LUNDRA,Udari,Normal/Others,WS/MP177/2023-2024/7245 - Installing tube-wells and borewells,Collector Surguja_IDA,2023-07-31,Approved by IDA,180000,Unsanctioned
MPLADS-054104,SHRI K T S Tulsi,Rajya Sabha,Chhattisgarh,Sitting Rajya Sabha,,,LUNDRA,Bargidih,Normal/Others,WS/MP177/2023-2024/7244 - Installing tube-wells and borewells,Collector Surguja_IDA,2023-07-31,Approved by IDA,180000,Unsanctioned
MPLADS-054105,SHRI K T S Tulsi,Rajya Sabha,Chhattisgarh,Sitting Rajya Sabha,,,LUNDRA,Gagoli,Normal/Others,WS/MP177/2023-2024/7243 - Installing tube-wells and borewells,Collector Surguja_IDA,2023-07-31,Approved by IDA,180000,Unsanctioned
MPLADS-054106,SHRI K T S Tulsi,Rajya Sabha,Chhattisgarh,Sitting Rajya Sabha,,,LUNDRA,Sumerpur,Normal/Others,WS/MP177/2023-2024/7242 - Installing tube-wells and borewells,Collector Surguja_IDA,2023-07-31,Approved by IDA,180000,Unsanctioned
MPLADS-054107,SHRI K T S Tulsi,Rajya Sabha,Chhattisgarh,Sitting Rajya Sabha,,,LUNDRA,Patora,Normal/Others,WS/MP177/2023-2024/7241 - Installing tube-wells and borewells,Collector Surguja_IDA,2023-07-31,Approved by IDA,180000,Unsanctioned
MPLADS-054108,SHRI K T S Tulsi,Rajya Sabha,Chhattisgarh,Sitting Rajya Sabha,,,LUNDRA,Babouli,Normal/Others,WS/MP177/2023-2024/7240 - Installing tube-wells and borewells,Collector Surguja_IDA,2023-07-31,Approved by IDA,180000,Unsanctioned
MPLADS-054109,SHRI K T S Tulsi,Rajya Sabha,Chhattisgarh,Sitting Rajya Sabha,,,LUNDRA,Babouli,Normal/Others,WS/MP177/2023-2024/7239 - Installing tube-wells and borewells,Collector Surguja_IDA,2023-07-31,Approved by IDA,180000,Unsanctioned
MPLADS-054110,Santosh Pandey,Lok Sabha,Chhattisgarh,RAJNANDGAON,,,DONGARGAON,Tumdiboda,Normal/Others,WS/MP513/2023-2024/7183 - Construction of community centers and community halls,DISTRICT COLLECTOR RAJNANDGAON_IDA,2023-07-31,Approved by IDA,300000,Sanctioned
MPLADS-054111,Santosh Pandey,Lok Sabha,Chhattisgarh,RAJNANDGAON,Rajnandgaon,WARD 22,,,Normal/Others,WS/MP513/2023-2024/7195 - Purchase of sports equipment,DISTRICT COLLECTOR RAJNANDGAON_IDA,2023-07-31,Approved by IDA,250000,Completed
MPLADS-054118,SHRI K T S Tulsi,Rajya Sabha,Chhattisgarh,Sitting Rajya Sabha,,,LUNDRA,Sakhouli,Normal/Others,WS/MP177/2023-2024/7248 - Installing tube-wells and borewells,Collector Surguja_IDA,2023-07-31,Approved by IDA,180000,Unsanctioned
MPLADS-054119,SHRI K T S Tulsi,Rajya Sabha,Chhattisgarh,Sitting Rajya Sabha,,,LUNDRA,Jamdi,Normal/Others,WS/MP177/2023-2024/7250 - Installing tube-wells and borewells,Collector Surguja_IDA,2023-07-31,Approved by IDA,180000,Unsanctioned
MPLADS-054121,SHRI K T S Tulsi,Rajya Sabha,Chhattisgarh,Sitting Rajya Sabha,,,LUNDRA,Kardoni,Normal/Others,WS/MP177/2023-2024/7251 - Installing tube-wells and borewells,Collector Surguja_IDA,2023-07-31,Approved by IDA,180000,Unsanctioned
MPLADS-054128,SHRI K T S Tulsi,Rajya Sabha,Chhattisgarh,Sitting Rajya Sabha,,,LAKHANPUR,Parri,Normal/Others,WS/MP177/2023-2024/7262 - Installing tube-wells and borewells,Collector Surguja_IDA,2023-07-31,Approved by IDA,180000,Unsanctioned
MPLADS-054129,SHRI K T S Tulsi,Rajya Sabha,Chhattisgarh,Sitting Rajya Sabha,,,AMBIKAPUR,Amadarha,Normal/Others,WS/MP177/2023-2024/7261 - Installing tube-wells and borewells,Collector Surguja_IDA,2023-07-31,Approved by IDA,180000,Unsanctioned
MPLADS-054130,SHRI K T S Tulsi,Rajya Sabha,Chhattisgarh,Sitting Rajya Sabha,,,LUNDRA,Kundi Kalan,Normal/Others,WS/MP177/2023-2024/7260 - Installing tube-wells and borewells,Collector Surguja_IDA,2023-07-31,Approved by IDA,180000,Unsanctioned
MPLADS-054131,SHRI K T S Tulsi,Rajya Sabha,Chhattisgarh,Sitting Rajya Sabha,,,LUNDRA,Kundi Kalan,Normal/Others,WS/MP177/2023-2024/7259 - Installing tube-wells and borewells,Collector Surguja_IDA,2023-07-31,Approved by IDA,180000,Unsanctioned
MPLADS-054132,SHRI K T S Tulsi,Rajya Sabha,Chhattisgarh,Sitting Rajya Sabha,,,LUNDRA,Udari,Normal/Others,WS/MP177/2023-2024/7258 - Installing tube-wells and borewells,Collector Surguja_IDA,2023-07-31,Approved by IDA,180000,Unsanctioned
MPLADS-054133,SHRI K T S Tulsi,Rajya Sabha,Chhattisgarh,Sitting Rajya Sabha,,,LUNDRA,Rata,Normal/Others,WS/MP177/2023-2024/7257 - Installing tube-wells and borewells,Collector Surguja_IDA,2023-07-31,Approved by IDA,180000,Unsanctioned
MPLADS-054134,SHRI K T S Tulsi,Rajya Sabha,Chhattisgarh,Sitting Rajya Sabha,,,LUNDRA,Korima,Normal/Others,WS/MP177/2023-2024/7256 - Installing tube-wells and borewells,Collector Surguja_IDA,2023-07-31,Approved by IDA,180000,Unsanctioned
MPLADS-054135,SHRI K T S Tulsi,Rajya Sabha,Chhattisgarh,Sitting Rajya Sabha,,,LUNDRA,Bakna Kalan,Normal/Others,WS/MP177/2023-2024/7255 - Installing tube-wells and borewells,Collector Surguja_IDA,2023-07-31,Approved by IDA,180000,Unsanctioned
MPLADS-054136,SHRI K T S Tulsi,Rajya Sabha,Chhattisgarh,Sitting Rajya Sabha,,,LUNDRA,Jamdi,Normal/Others,WS/MP177/2023-2024/7254 - Installing tube-wells and borewells,Collector Surguja_IDA,2023-07-31,Approved by IDA,180000,Unsanctioned
MPLADS-054137,SHRI K T S Tulsi,Rajya Sabha,Chhattisgarh,Sitting Rajya Sabha,,,LUNDRA,Kardoni,Normal/Others,WS/MP177/2023-2024/7253 - Installing tube-wells and borewells,Collector Surguja_IDA,2023-07-31,Approved by IDA,180000,Unsanctioned
MPLADS-054138,SHRI K T S Tulsi,Rajya Sabha,Chhattisgarh,Sitting Rajya Sabha,,,LUNDRA,Udari,Normal/Others,WS/MP177/2023-2024/7252 - Installing tube-wells and borewells,Collector Surguja_IDA,2023-07-31,Approved by IDA,180000,Unsanctioned
MPLADS-054419,Santosh Pandey,Lok Sabha,Chhattisgarh,RAJNANDGAON,,,A.CHOWKI (TD),Singha Bhedi,Normal/Others,WS/MP513/2023-2024/7109 - Construction of artificial reef,Collector MMC_IDA,2023-07-29,Approved by IDA,300000,Sanctioned
MPLADS-054420,Santosh Pandey,Lok Sabha,Chhattisgarh,RAJNANDGAON,,,A.CHOWKI (TD),Goplin Chuwa,Normal/Others,WS/MP513/2023-2024/7110 - Construction of community centers and community halls,Collector MMC_IDA,2023-07-29,Approved by IDA,500000,Sanctioned
MPLADS-054421,Santosh Pandey,Lok Sabha,Chhattisgarh,RAJNANDGAON,,,A.CHOWKI (TD),Dewarsur,Normal/Others,"WS/MP513/2023-2024/7111 - Construction of roads, approach roads, link roads and pathways",Collector MMC_IDA,2023-07-29,Approved by IDA,300000,Completed
MPLADS-054423,Santosh Pandey,Lok Sabha,Chhattisgarh,RAJNANDGAON,,,A.CHOWKI (TD),Piparkhar,Normal/Others,WS/MP513/2023-2024/7112 - Construction of community centers and community halls,Collector MMC_IDA,2023-07-29,Approved by IDA,350000,Sanctioned
MPLADS-054424,Santosh Pandey,Lok Sabha,Chhattisgarh,RAJNANDGAON,,,CHHUIKHADAN,Shyampur,Normal/Others,WS/MP513/2023-2024/7113 - Construction of community centers and community halls,District Collector Khairagarh_IDA,2023-07-29,Approved by IDA,400000,Sanctioned
MPLADS-054425,Santosh Pandey,Lok Sabha,Chhattisgarh,RAJNANDGAON,,,CHHUIKHADAN,Amagaon,Normal/Others,"WS/MP513/2023-2024/7114 - Construction of roads, approach roads, link roads and pathways",District Collector Khairagarh_IDA,2023-07-29,Approved by IDA,1000000,Sanctioned
MPLADS-054426,Santosh Pandey,Lok Sabha,Chhattisgarh,RAJNANDGAON,Khairagarh municipality,WARD 14,,,Normal/Others,NA - Construction of boundary walls of existing public and community buildings,District Collector Khairagarh_IDA,2023-07-29,Action Pending,500000,Unsanctioned
MPLADS-054428,Santosh Pandey,Lok Sabha,Chhattisgarh,RAJNANDGAON,,,KHAIRAGARH,Padadah,Normal/Others,WS/MP513/2023-2024/7116 - Construction of additional rooms and halls in the existing public and community building,District Collector Khairagarh_IDA,2023-07-29,Approved by IDA,500000,Sanctioned
MPLADS-054662,Santosh Pandey,Lok Sabha,Chhattisgarh,RAJNANDGAON,S.LOHARA,WARD 13,,,Normal/Others,NA - Construction of rooms and halls in school and colleges,District Collector Kabirdham_IDA,2023-07-27,Action Pending,1995000,Unsanctioned
MPLADS-054894,Santosh Pandey,Lok Sabha,Chhattisgarh,RAJNANDGAON,,,S.LOHARA,Dani Ghatholi,Normal/Others,"WS/MP513/2023-2024/6130 - Construction of roads, approach roads, link roads and pathways",District Collector Kabirdham_IDA,2023-07-25,Approved by IDA,300000,Unsanctioned
MPLADS-054902,Santosh Pandey,Lok Sabha,Chhattisgarh,RAJNANDGAON,,,BODLA,Gandai Khurd,Normal/Others,NA - Construction of rooms and halls in school and colleges,District Collector Kabirdham_IDA,2023-07-25,Rejected by IDA,250000,Unsanctioned
MPLADS-054913,Santosh Pandey,Lok Sabha,Chhattisgarh,RAJNANDGAON,,,S.LOHARA,Chhotupara,Normal/Others,WS/MP513/2023-2024/6129 - Construction of artificial reef,District Collector Kabirdham_IDA,2023-07-25,Approved by IDA,200000,Unsanctioned
MPLADS-054914,Santosh Pandey,Lok Sabha,Chhattisgarh,RAJNANDGAON,,,S.LOHARA,Achanakpur,Normal/Others,"WS/MP513/2023-2024/6128 - Construction of roads, approach roads, link roads and pathways",District Collector Kabirdham_IDA,2023-07-25,Approved by IDA,300000,Sanctioned
MPLADS-054921,Santosh Pandey,Lok Sabha,Chhattisgarh,RAJNANDGAON,,,PANDARIYA,Domsara,Normal/Others,"WS/MP513/2023-2024/6119 - Construction of roads, approach roads, link roads and pathways",District Collector Kabirdham_IDA,2023-07-25,Approved by IDA,300000,Sanctioned
MPLADS-054922,Santosh Pandey,Lok Sabha,Chhattisgarh,RAJNANDGAON,,,PANDARIYA,Chhirpani,Normal/Others,WS/MP513/2023-2024/6120 - Construction of community centers and community halls,District Collector Kabirdham_IDA,2023-07-25,Approved by IDA,300000,Sanctioned
MPLADS-054923,Santosh Pandey,Lok Sabha,Chhattisgarh,RAJNANDGAON,Kawardha,WARD 16,,,Normal/Others,WS/MP513/2023-2024/6121 - Construction of community centers and community halls,District Collector Kabirdham_IDA,2023-07-25,Approved by IDA,500000,Unsanctioned
MPLADS-054924,Santosh Pandey,Lok Sabha,Chhattisgarh,RAJNANDGAON,,,KAWARDHA,Badaradeeh,Normal/Others,WS/MP513/2023-2024/6122 - Construction of artificial reef,District Collector Kabirdham_IDA,2023-07-25,Approved by IDA,200000,Unsanctioned
MPLADS-054925,Santosh Pandey,Lok Sabha,Chhattisgarh,RAJNANDGAON,Kawardha,WARD 01,,,Normal/Others,WS/MP513/2023-2024/6123 - Construction of community centers and community halls,District Collector Kabirdham_IDA,2023-07-25,Approved by IDA,2000000,Unsanctioned
MPLADS-054926,Santosh Pandey,Lok Sabha,Chhattisgarh,RAJNANDGAON,,,KAWARDHA,Bandaura,Normal/Others,WS/MP513/2023-2024/6124 - Construction of community centers and community halls,District Collector Kabirdham_IDA,2023-07-25,Approved by IDA,500000,Unsanctioned
MPLADS-054927,Santosh Pandey,Lok Sabha,Chhattisgarh,RAJNANDGAON,Kawardha,WARD 10,,,Normal/Others,WS/MP513/2023-2024/6125 - Construction of public toilets and bathrooms,District Collector Kabirdham_IDA,2023-07-25,Approved by IDA,500000,Unsanctioned
MPLADS-054928,Santosh Pandey,Lok Sabha,Chhattisgarh,RAJNANDGAON,,,S.LOHARA,Charbhatha,Normal/Others,NA - Construction of rooms and halls in school and colleges,District Collector Kabirdham_IDA,2023-07-25,Rejected by IDA,500000,Unsanctioned
MPLADS-054929,Santosh Pandey,Lok Sabha,Chhattisgarh,RAJNANDGAON,,,S.LOHARA,Khaira,Normal/Others,WS/MP513/2023-2024/6127 - Construction of community centers and community halls,District Collector Kabirdham_IDA,2023-07-25,Approved by IDA,200000,Unsanctioned
MPLADS-055875,Santosh Pandey,Lok Sabha,Chhattisgarh,RAJNANDGAON,,,DONGARGHAR,Hirapur,Normal/Others,WS/MP513/2023-2024/4923 - Construction of flood control embankments,DISTRICT COLLECTOR RAJNANDGAON_IDA,2023-07-20,Approved by IDA,500000,
MPLADS-055876,Santosh Pandey,Lok Sabha,Chhattisgarh,RAJNANDGAON,,,RAJNANDGAON,Batgaon,Normal/Others,"NA - Construction of roads, approach roads, link roads and pathways",DISTRICT COLLECTOR RAJNANDGAON_IDA,2023-07-20,Rejected by IDA,1000000,Unsanctioned
MPLADS-056079,SHRI K T S Tulsi,Rajya Sabha,Chhattisgarh,Sitting Rajya Sabha,,,PODI UPARODA,Chandauti,Normal/Others,WS/MP177/2023-2024/4584 - Construction of flood control embankments,DISTRICT COLLECTOR KORBA_IDA,2023-07-19,Approved by IDA,1000000,Sanctioned
MPLADS-056088,SHRI K T S Tulsi,Rajya Sabha,Chhattisgarh,Sitting Rajya Sabha,,,PODI UPARODA,Pondi Kalan,Normal/Others,WS/MP177/2023-2024/4585 - Construction of flood control embankments,DISTRICT COLLECTOR KORBA_IDA,2023-07-19,Approved by IDA,1000000,Sanctioned
MPLADS-056090,SHRI K T S Tulsi,Rajya Sabha,Chhattisgarh,Sitting Rajya Sabha,,,JASHPUR,Tekul,Normal/Others,WS/MP177/2023-2024/4618 - Construction of flood control embankments,DISTRICT COLLECTOR JASHPUR_IDA,2023-07-19,Approved by IDA,1995000,Sanctioned
MPLADS-056103,SHRI K T S Tulsi,Rajya Sabha,Chhattisgarh,Sitting Rajya Sabha,,,GAURELLA-2,Jhagra Khand,Normal/Others,WS/MP177/2023-2024/4624 - Construction of flood control embankments,Collector GPM_IDA,2023-07-19,Approved by IDA,1000000,Unsanctioned
MPLADS-056104,SHRI K T S Tulsi,Rajya Sabha,Chhattisgarh,Sitting Rajya Sabha,,,GAURELLA-2,Newsa,Normal/Others,WS/MP177/2023-2024/4623 - Construction of culverts and bridges,Collector GPM_IDA,2023-07-19,Approved by IDA,1000000,Sanctioned
MPLADS-056105,SHRI K T S Tulsi,Rajya Sabha,Chhattisgarh,Sitting Rajya Sabha,,,JASHPUR,Tekul,Normal/Others,WS/MP177/2023-2024/4619 - Construction of flood control embankments,DISTRICT COLLECTOR JASHPUR_IDA,2023-07-19,Approved by IDA,1995000,Sanctioned
MPLADS-057467,SHRI K T S Tulsi,Rajya Sabha,Chhattisgarh,Sitting Rajya Sabha,,,PUSSORE,Dhanuhardera,Normal/Others,WS/MP177/2023-2024/3348 - Installing tube-wells and borewells,DISTRICT COLLECTOR RAIGARH_IDA,2023-07-12,Approved by IDA,1000000,Sanctioned
MPLADS-057468,SHRI K T S Tulsi,Rajya Sabha,Chhattisgarh,Sitting Rajya Sabha,,,PUSSORE,Ekatal,Normal/Others,WS/MP177/2023-2024/3347 - Installing tube-wells and borewells,DISTRICT COLLECTOR RAIGARH_IDA,2023-07-12,Approved by IDA,1000000,Ongoing
MPLADS-058146,SHRI K T S Tulsi,Rajya Sabha,Chhattisgarh,Sitting Rajya Sabha,,,BELHA,Selar,Normal/Others,"WS/MP177/2023-2024/2411 - Construction of roads, approach roads, link roads and pathways",DISTRICT COLLECTOR BILASPUR_IDA,2023-07-06,Approved by IDA,1500000,Sanctioned
MPLADS-058517,Santosh Pandey,Lok Sabha,Chhattisgarh,RAJNANDGAON,,,DONGARGHAR,Rama Tola,Normal/Others,WS/MP513/2023-2024/2122 - Common work sheds for artisans,DISTRICT COLLECTOR RAJNANDGAON_IDA,2023-07-03,Approved by IDA,250000,Sanctioned
MPLADS-058522,Santosh Pandey,Lok Sabha,Chhattisgarh,RAJNANDGAON,,,CHHURIYA,Barbaspur,Normal/Others,"WS/MP513/2023-2024/2140 - Construction of roads, approach roads, link roads and pathways",DISTRICT COLLECTOR RAJNANDGAON_IDA,2023-07-03,Approved by IDA,300000,Sanctioned
MPLADS-058523,Santosh Pandey,Lok Sabha,Chhattisgarh,RAJNANDGAON,,,DONGARGHAR,Palandur,Normal/Others,"WS/MP513/2023-2024/2123 - Construction of roads, approach roads, link roads and pathways",DISTRICT COLLECTOR RAJNANDGAON_IDA,2023-07-03,Approved by IDA,500000,Completed
MPLADS-058524,Santosh Pandey,Lok Sabha,Chhattisgarh,RAJNANDGAON,,,DONGARGHAR,Belgaon,Normal/Others,"WS/MP513/2023-2024/2124 - Construction of roads, approach roads, link roads and pathways",DISTRICT COLLECTOR RAJNANDGAON_IDA,2023-07-03,Approved by IDA,1000000,Completed
MPLADS-058525,Santosh Pandey,Lok Sabha,Chhattisgarh,RAJNANDGAON,,,CHHURIYA,Bawli,Normal/Others,WS/MP513/2023-2024/2139 - Construction of footpaths and pedestrian ways,DISTRICT COLLECTOR RAJNANDGAON_IDA,2023-07-03,Approved by IDA,500000,Sanctioned
MPLADS-058526,Santosh Pandey,Lok Sabha,Chhattisgarh,RAJNANDGAON,,,CHHURIYA,Sambalpur,Normal/Others,WS/MP513/2023-2024/2138 - Construction of Footpaths/Pedestrian ways,DISTRICT COLLECTOR RAJNANDGAON_IDA,2023-07-03,Approved by IDA,300000,Unsanctioned
MPLADS-058527,Santosh Pandey,Lok Sabha,Chhattisgarh,RAJNANDGAON,,,CHHURIYA,Bapu Tola,Normal/Others,NA - Construction of community centers and community halls,DISTRICT COLLECTOR RAJNANDGAON_IDA,2023-07-03,Rejected by IDA,250000,Unsanctioned
MPLADS-058528,Santosh Pandey,Lok Sabha,Chhattisgarh,RAJNANDGAON,,,CHHURIYA,Jhithra Tola,Normal/Others,NA - Common work sheds for artisans,DISTRICT COLLECTOR RAJNANDGAON_IDA,2023-07-03,Rejected by IDA,150000,Unsanctioned
MPLADS-058530,Santosh Pandey,Lok Sabha,Chhattisgarh,RAJNANDGAON,Rajnandgaon,WARD 40,,,Normal/Others,WS/MP513/2023-2024/2136 - Construction of additional rooms and halls in the existing public and community building,DISTRICT COLLECTOR RAJNANDGAON_IDA,2023-07-03,Approved by IDA,1000000,Unsanctioned
MPLADS-058531,Santosh Pandey,Lok Sabha,Chhattisgarh,RAJNANDGAON,Rajnandgaon,WARD,,,Normal/Others,"WS/MP513/2023-2024/2135 - Construction of Government office buildings (Post office, Police station, Police chauki, etc.)",DISTRICT COLLECTOR RAJNANDGAON_IDA,2023-07-03,Approved by IDA,50000,Sanctioned
MPLADS-058532,Santosh Pandey,Lok Sabha,Chhattisgarh,RAJNANDGAON,,,RAJNANDGAON,Khutari,Normal/Others,WS/MP513/2023-2024/2134 - Common work sheds for artisans,DISTRICT COLLECTOR RAJNANDGAON_IDA,2023-07-03,Approved by IDA,250000,Unsanctioned
MPLADS-058533,Santosh Pandey,Lok Sabha,Chhattisgarh,RAJNANDGAON,,,RAJNANDGAON,Uparwah,Normal/Others,WS/MP513/2023-2024/2133 - Construction of community centers and community halls,DISTRICT COLLECTOR RAJNANDGAON_IDA,2023-07-03,Approved by IDA,250000,Unsanctioned
MPLADS-058534,Santosh Pandey,Lok Sabha,Chhattisgarh,RAJNANDGAON,,,RAJNANDGAON,Gidhwa,Normal/Others,WS/MP513/2023-2024/2132 - Construction of additional rooms and halls in the existing public and community building,DISTRICT COLLECTOR RAJNANDGAON_IDA,2023-07-03,Approved by IDA,750000,Sanctioned
MPLADS-058535,Santosh Pandey,Lok Sabha,Chhattisgarh,RAJNANDGAON,,,RAJNANDGAON,Mudpar,Normal/Others,"WS/MP513/2023-2024/2131 - Construction of roads, approach roads, link roads and pathways",DISTRICT COLLECTOR RAJNANDGAON_IDA,2023-07-03,Approved by IDA,500000,Completed
MPLADS-058536,Santosh Pandey,Lok Sabha,Chhattisgarh,RAJNANDGAON,,,RAJNANDGAON,Renga Kathera,Normal/Others,"WS/MP513/2023-2024/2130 - Construction of roads, approach roads, link roads and pathways",DISTRICT COLLECTOR RAJNANDGAON_IDA,2023-07-03,Approved by IDA,1000000,Completed
MPLADS-058537,Santosh Pandey,Lok Sabha,Chhattisgarh,RAJNANDGAON,Rajnandgaon,WARD 45,,,Normal/Others,WS/MP513/2023-2024/2129 - Common work sheds for artisans,DISTRICT COLLECTOR RAJNANDGAON_IDA,2023-07-03,Approved by IDA,300000,Unsanctioned
MPLADS-058538,Santosh Pandey,Lok Sabha,Chhattisgarh,RAJNANDGAON,,,RAJNANDGAON,Joratarai,Normal/Others,WS/MP513/2023-2024/2128 - Development of playground,DISTRICT COLLECTOR RAJNANDGAON_IDA,2023-07-03,Approved by IDA,500000,Unsanctioned
MPLADS-058539,Santosh Pandey,Lok Sabha,Chhattisgarh,RAJNANDGAON,Dongargarh,WARD 03,,,Normal/Others,WS/MP513/2023-2024/2127 - Construction of additional rooms and halls in the existing public and community building,DISTRICT COLLECTOR RAJNANDGAON_IDA,2023-07-03,Approved by IDA,500000,Unsanctioned
MPLADS-058540,Santosh Pandey,Lok Sabha,Chhattisgarh,RAJNANDGAON,Dongargarh,WARD 15,,,Normal/Others,WS/MP513/2023-2024/2126 - Construction of additional rooms and halls in the existing public and community building,DISTRICT COLLECTOR RAJNANDGAON_IDA,2023-07-03,Approved by IDA,400000,Unsanctioned
MPLADS-058541,Santosh Pandey,Lok Sabha,Chhattisgarh,RAJNANDGAON,,,DONGARGHAR,Riwagahan,Normal/Others,NA - Construction of additional rooms and halls in the existing public and community building,DISTRICT COLLECTOR RAJNANDGAON_IDA,2023-07-03,Rejected by IDA,300000,Unsanctioned
MPLADS-058545,Santosh Pandey,Lok Sabha,Chhattisgarh,RAJNANDGAON,,,DONGARGAON,Chhuikhadan,Normal/Others,WS/MP513/2023-2024/2147 - Common work sheds for artisans,DISTRICT COLLECTOR RAJNANDGAON_IDA,2023-07-03,Approved by IDA,150000,Unsanctioned
MPLADS-058552,Santosh Pandey,Lok Sabha,Chhattisgarh,RAJNANDGAON,,,CHHURIYA,Amgaon,Normal/Others,WS/MP513/2023-2024/2144 - Construction of rooms and halls in school and colleges,DISTRICT COLLECTOR RAJNANDGAON_IDA,2023-07-03,Approved by IDA,400000,Sanctioned
MPLADS-058553,Santosh Pandey,Lok Sabha,Chhattisgarh,RAJNANDGAON,,,CHHURIYA,Khursi Tikul,Normal/Others,NA - Construction of boundary walls of existing public and community buildings,DISTRICT COLLECTOR RAJNANDGAON_IDA,2023-07-03,Rejected by IDA,300000,Unsanctioned
MPLADS-058554,Santosh Pandey,Lok Sabha,Chhattisgarh,RAJNANDGAON,,,CHHURIYA,Somajhitiya,Normal/Others,"WS/MP513/2023-2024/2146 - Construction of roads, approach roads, link roads and pathways",DISTRICT COLLECTOR RAJNANDGAON_IDA,2023-07-03,Approved by IDA,500000,Sanctioned
MPLADS-058555,Santosh Pandey,Lok Sabha,Chhattisgarh,RAJNANDGAON,,,DONGARGAON,Kirgi,Normal/Others,"WS/MP513/2023-2024/2148 - Construction of roads, approach roads, link roads and pathways",DISTRICT COLLECTOR RAJNANDGAON_IDA,2023-07-03,Approved by IDA,300000,Sanctioned
MPLADS-058569,Santosh Pandey,Lok Sabha,Chhattisgarh,RAJNANDGAON,,,CHHURIYA,Bagnadi,Normal/Others,WS/MP513/2023-2024/2141 - Construction of community centers and community halls,DISTRICT COLLECTOR RAJNANDGAON_IDA,2023-07-03,Approved by IDA,300000,Unsanctioned
MPLADS-058579,Santosh Pandey,Lok Sabha,Chhattisgarh,RAJNANDGAON,,,CHHURIYA,Sadak Chirchari,Normal/Others,"WS/MP513/2023-2024/2142 - Construction of roads, approach roads, link roads and pathways",DISTRICT COLLECTOR RAJNANDGAON_IDA,2023-07-03,Approved by IDA,500000,Sanctioned
MPLADS-059005,SHRI K T S Tulsi,Rajya Sabha,Chhattisgarh,Sitting Rajya Sabha,,,BELHA,Selar,Normal/Others,"WS/MP177/2023-2024/1652 - Construction of roads, approach roads, link roads and pathways",DISTRICT COLLECTOR BILASPUR_IDA,2023-06-26,Approved by IDA,1500000,Sanctioned
MPLADS-059020,SHRI K T S Tulsi,Rajya Sabha,Chhattisgarh,Sitting Rajya Sabha,,,BELHA,Selar,Normal/Others,"WS/MP177/2023-2024/1651 - Construction of roads, approach roads, link roads and pathways",DISTRICT COLLECTOR BILASPUR_IDA,2023-06-26,Approved by IDA,1500000,Sanctioned
MPLADS-059133,SHRI K T S Tulsi,Rajya Sabha,Chhattisgarh,Sitting Rajya Sabha,,,BELHA,Selar,Normal/Others,"WS/MP177/2023-2024/1484 - Construction of roads, approach roads, link roads and pathways",DISTRICT COLLECTOR BILASPUR_IDA,2023-06-23,Approved by IDA,1500000,Sanctioned
MPLADS-059134,SHRI K T S Tulsi,Rajya Sabha,Chhattisgarh,Sitting Rajya Sabha,,,BELHA,Selar,Normal/Others,"WS/MP177/2023-2024/1486 - Construction of roads, approach roads, link roads and pathways",DISTRICT COLLECTOR BILASPUR_IDA,2023-06-23,Approved by IDA,1500000,Sanctioned
MPLADS-059135,SHRI K T S Tulsi,Rajya Sabha,Chhattisgarh,Sitting Rajya Sabha,,,BELHA,Mohara,Normal/Others,WS/MP177/2023-2024/1491 - Development of playground,DISTRICT COLLECTOR BILASPUR_IDA,2023-06-23,Approved by IDA,1500000,Sanctioned
MPLADS-059136,SHRI K T S Tulsi,Rajya Sabha,Chhattisgarh,Sitting Rajya Sabha,,,BELHA,Selar,Normal/Others,WS/MP177/2023-2024/1492 - Development of playground,DISTRICT COLLECTOR BILASPUR_IDA,2023-06-23,Approved by IDA,1500000,Sanctioned
