WORK_ID,MP_NAME,HOUSE,STATE,CONSTITUENCY,CITY,WARD,BLOCK,VILLAGE,WORK_CATEGORY,WORK_DESCRIPTION,IMPLEMENTING_AUTHORITY,RECOMMENDED_DATE,IDA_APPROVAL,ALLOCATION_AMOUNT,STATUS
MPLADS-000213,Guman Singh Damor,Lok Sabha,Madhya Pradesh,RATLAM(ST),Jobat,Jawaharlal Nehru Ward,,,Normal/Others,NA - Development of public parks,District Collector Alirajpur_IDA,2024-03-03,Action Pending,500000,Unsanctioned
MPLADS-000550,Gajendra Singh Patel,Lok Sabha,Madhya Pradesh,KHARGONE(ST),Khargone,Shree Ram Mandir Ward,,,Normal/Others,NA - Construction of community centers and community halls,DISTRICT COLLECTOR KHARGONE_IDA,2024-02-26,Action Pending,500000,Unsanctioned
MPLADS-000713,Faggan Singh Kulaste,Lok Sabha,Madhya Pradesh,MANDLA(ST),Dindori,Narmadaganj Ward,,,Normal/Others,NA - Construction of community centers and community halls,District Collector Dindori_IDA,2024-02-25,Action Pending,500000,Unsanctioned
MPLADS-000817,Faggan Singh Kulaste,Lok Sabha,Madhya Pradesh,MANDLA(ST),Keolari,Ward-12,,,Normal/Others,NA - Construction of community centers and community halls,District Collector Seoni_IDA,2024-02-25,Action Pending,200000,Unsanctioned
MPLADS-000823,Faggan Singh Kulaste,Lok Sabha,Madhya Pradesh,MANDLA(ST),Keolari,Ward-12,,,Normal/Others,NA - Construction of community centers and community halls,District Collector Seoni_IDA,2024-02-25,Action Pending,200000,Unsanctioned
MPLADS-000932,Mahendra Singh Solanky,Lok Sabha,Madhya Pradesh,DEWAS(SC),Shujalpur,Jayeshvar Ward,,,Normal/Others,NA - Construction of community centers and community halls,District Collector Shajapur_IDA,2024-02-25,Action Pending,500000,Unsanctioned
MPLADS-000935,Mahendra Singh Solanky,Lok Sabha,Madhya Pradesh,DEWAS(SC),Shujalpur,Ramachandra Chabe Ward,,,Normal/Others,NA - Development of playfields and sports grounds,District Collector Shajapur_IDA,2024-02-25,Action Pending,375000,Unsanctioned
MPLADS-000944,Mahendra Singh Solanky,Lok Sabha,Madhya Pradesh,DEWAS(SC),Shujalpur,Arvind Ward,,,Normal/Others,NA - Development of playfields and sports grounds,District Collector Shajapur_IDA,2024-02-25,Action Pending,300000,Unsanctioned
MPLADS-000993,Dhal Singh Bisen,Lok Sabha,Madhya Pradesh,BALAGHAT,Seoni,Kabir Ward,,,Trust and Society,NA - Construction of additional rooms and halls in the existing public and community building,District Collector Seoni_IDA,2024-02-24,Action Pending,500000,Unsanctioned
MPLADS-001004,Rajbahadur Singh,Lok Sabha,Madhya Pradesh,SAGAR,Kurwai,Sant Kabeer Ward,,,Normal/Others,NA - Construction of community centers and community halls,District Collector Vidisha_IDA,2024-02-23,Action Pending,300000,Unsanctioned
MPLADS-001005,Nakul K Nath,Lok Sabha,Madhya Pradesh,CHHINDWARA,Harrai,Ambedkar Ward,,,Normal/Others,NA - Construction of buildings for community cultural activities,DISTRICT COLLECTOR CHHINDWARA_IDA,2024-02-23,Action Pending,100000,Unsanctioned
MPLADS-001006,Nakul K Nath,Lok Sabha,Madhya Pradesh,CHHINDWARA,Harrai,Indira Gandhi Ward,,,Normal/Others,NA - Construction of buildings for community cultural activities,DISTRICT COLLECTOR CHHINDWARA_IDA,2024-02-23,Action Pending,100000,Unsanctioned
MPLADS-001007,Nakul K Nath,Lok Sabha,Madhya Pradesh,CHHINDWARA,Harrai,Shivaji Ward,,,Normal/Others,NA - Construction of buildings for community cultural activities,DISTRICT COLLECTOR CHHINDWARA_IDA,2024-02-23,Action Pending,100000,Unsanctioned
MPLADS-001169,Nakul K Nath,Lok Sabha,Madhya Pradesh,CHHINDWARA,Chhindwara,Lal Bahadur Shastri Ward,,,Normal/Others,NA - Construction of boundary walls of existing public and community buildings,DISTRICT COLLECTOR CHHINDWARA_IDA,2024-02-21,Action Pending,100000,Unsanctioned
MPLADS-001180,Shri Vivek K Tankha,Rajya Sabha,Madhya Pradesh,Sitting Rajya Sabha,,,Dindori,Deora Mal.,Normal/Others,NA - Construction of common work sheds/ common covered sitting area,District Collector Dindori_IDA,2024-02-20,Action Pending,300000,Unsanctioned
MPLADS-001337,Smt Sumitra Balmik,Rajya Sabha,Madhya Pradesh,Sitting Rajya Sabha,,,Panagar,Badkhera,Normal/Others,"NA - Construction of roads, link roads, pathways or any other road with or without drainage system",DISTRICT COLLECTOR JABALPUR_IDA,2024-02-18,Action Pending,1000000,Unsanctioned
MPLADS-001346,Smt Sumitra Balmik,Rajya Sabha,Madhya Pradesh,Sitting Rajya Sabha,,,Berasia,Runaha,Normal/Others,NA - Construction of culverts and bridges,DISTRICT COLLECTOR BHOPAL_IDA,2024-02-18,Action Pending,1000000,Unsanctioned
MPLADS-001347,Smt Sumitra Balmik,Rajya Sabha,Madhya Pradesh,Sitting Rajya Sabha,,,Berasia,Garha Brahman,Normal/Others,"NA - Construction of roads, link roads, pathways or any other road with or without drainage system",DISTRICT COLLECTOR BHOPAL_IDA,2024-02-18,Action Pending,1000000,Unsanctioned
MPLADS-001348,Smt Sumitra Balmik,Rajya Sabha,Madhya Pradesh,Sitting Rajya Sabha,Jabalpur,Ambedkar Ward-Ward No. 62,,,Normal/Others,NA - Providing drains and gutters for public drainage,DISTRICT COLLECTOR JABALPUR_IDA,2024-02-18,Action Pending,236000,Unsanctioned
MPLADS-001349,Smt Sumitra Balmik,Rajya Sabha,Madhya Pradesh,Sitting Rajya Sabha,Jabalpur,Gwarighat Ghat- Ward No.08,,,Normal/Others,NA - Lighting of public spaces,DISTRICT COLLECTOR JABALPUR_IDA,2024-02-18,Action Pending,100000,Unsanctioned
MPLADS-001350,Smt Sumitra Balmik,Rajya Sabha,Madhya Pradesh,Sitting Rajya Sabha,,,Berasia,Maholi,Normal/Others,"NA - Construction of roads, link roads, pathways or any other road with or without drainage system",DISTRICT COLLECTOR BHOPAL_IDA,2024-02-18,Action Pending,1000000,Unsanctioned
MPLADS-001563,Smt Sumitra Balmik,Rajya Sabha,Madhya Pradesh,Sitting Rajya Sabha,,,Panagar,Badkhera,Normal/Others,NA - Construction of culverts and bridges,DISTRICT COLLECTOR JABALPUR_IDA,2024-02-18,Action Pending,1000000,Unsanctioned
MPLADS-001636,Nakul K Nath,Lok Sabha,Madhya Pradesh,CHHINDWARA,Chhindwara,Dr.Radhakrishnan Ward,,,Normal/Others,NA - Construction of community centers and community halls,DISTRICT COLLECTOR CHHINDWARA_IDA,2024-02-16,Action Pending,200000,Unsanctioned
MPLADS-001673,SH L Murugan,Rajya Sabha,Madhya Pradesh,Sitting Rajya Sabha,,,Chhindwara,Kheri Laddu,Normal/Others,NA - Construction of buildings for community cultural activities,DISTRICT COLLECTOR CHHINDWARA_IDA,2024-02-16,Action Pending,50000,Unsanctioned
MPLADS-001675,SH L Murugan,Rajya Sabha,Madhya Pradesh,Sitting Rajya Sabha,,,Chhindwara,Bohna,Normal/Others,"NA - Construction of roads, link roads, pathways or any other road with or without drainage system",DISTRICT COLLECTOR CHHINDWARA_IDA,2024-02-16,Action Pending,100000,Unsanctioned
MPLADS-001676,SH L Murugan,Rajya Sabha,Madhya Pradesh,Sitting Rajya Sabha,,,Chhindwara,Raja Khoh,Normal/Others,NA - Construction of community centers and community halls,DISTRICT COLLECTOR CHHINDWARA_IDA,2024-02-16,Action Pending,400000,Unsanctioned
MPLADS-001677,SH L Murugan,Rajya Sabha,Madhya Pradesh,Sitting Rajya Sabha,,,Chaurai,Palhari,Normal/Others,NA - Construction of community centers and community halls,DISTRICT COLLECTOR CHHINDWARA_IDA,2024-02-16,Action Pending,200000,Unsanctioned
MPLADS-001678,SH L Murugan,Rajya Sabha,Madhya Pradesh,Sitting Rajya Sabha,,,Chaurai,Jhilmili,Normal/Others,NA - Construction of community centers and community halls,DISTRICT COLLECTOR CHHINDWARA_IDA,2024-02-16,Action Pending,400000,Unsanctioned
MPLADS-001679,SH L Murugan,Rajya Sabha,Madhya Pradesh,Sitting Rajya Sabha,,,Chhindwara,Pipariya Lalu,Normal/Others,NA - Construction of buildings for community cultural activities,DISTRICT COLLECTOR CHHINDWARA_IDA,2024-02-16,Action Pending,400000,Unsanctioned
MPLADS-001680,SH L Murugan,Rajya Sabha,Madhya Pradesh,Sitting Rajya Sabha,,,Chhindwara,Lakdai Jamhodi,Normal/Others,NA - Construction of community centers and community halls,DISTRICT COLLECTOR CHHINDWARA_IDA,2024-02-16,Action Pending,400000,Unsanctioned
MPLADS-001734,Rajbahadur Singh,Lok Sabha,Madhya Pradesh,SAGAR,,,Sironj,Jhandwa,Normal/Others,"WS/MP647/2023-2024/105133 - Construction of roads, link roads, pathways or any other road with or without drainage system",District Collector Vidisha_IDA,2024-02-14,Approved by IDA,400000,Sanctioned
MPLADS-001805,Rajbahadur Singh,Lok Sabha,Madhya Pradesh,SAGAR,,,Nateran,Jogikiroda,Normal/Others,"WS/MP647/2023-2024/103904 - Construction of roads, link roads, pathways or any other road with or without drainage system",District Collector Vidisha_IDA,2024-02-13,Approved by IDA,500000,Sanctioned
MPLADS-001807,Rajbahadur Singh,Lok Sabha,Madhya Pradesh,SAGAR,,,Nateran,Gujar Khedi,Normal/Others,"WS/MP647/2023-2024/103902 - Construction of roads, link roads, pathways or any other road with or without drainage system",District Collector Vidisha_IDA,2024-02-13,Approved by IDA,500000,Sanctioned
MPLADS-001814,Rajbahadur Singh,Lok Sabha,Madhya Pradesh,SAGAR,,,Nateran,Fatehpur Shamshi,Normal/Others,"WS/MP647/2023-2024/103903 - Construction of roads, link roads, pathways or any other road with or without drainage system",District Collector Vidisha_IDA,2024-02-13,Approved by IDA,500000,Sanctioned
MPLADS-001815,Rajbahadur Singh,Lok Sabha,Madhya Pradesh,SAGAR,,,Shamshabad,Bhaironbag,Normal/Others,"WS/MP647/2023-2024/103913 - Construction of roads, link roads, pathways or any other road with or without drainage system",District Collector Vidisha_IDA,2024-02-13,Approved by IDA,500000,Sanctioned
MPLADS-001816,Rajbahadur Singh,Lok Sabha,Madhya Pradesh,SAGAR,,,Nateran,Nagtara,Normal/Others,"WS/MP647/2023-2024/103914 - Construction of roads, link roads, pathways or any other road with or without drainage system",District Collector Vidisha_IDA,2024-02-13,Approved by IDA,500000,Sanctioned
MPLADS-001817,Rajbahadur Singh,Lok Sabha,Madhya Pradesh,SAGAR,,,Nateran,Lakha Khedi,Normal/Others,"WS/MP647/2023-2024/103905 - Construction of roads, link roads, pathways or any other road with or without drainage system",District Collector Vidisha_IDA,2024-02-13,Approved by IDA,500000,Sanctioned
MPLADS-001818,Rajbahadur Singh,Lok Sabha,Madhya Pradesh,SAGAR,,,Nateran,Nagaur,Normal/Others,"WS/MP647/2023-2024/103906 - Construction of roads, link roads, pathways or any other road with or without drainage system",District Collector Vidisha_IDA,2024-02-13,Approved by IDA,500000,Sanctioned
MPLADS-001819,Rajbahadur Singh,Lok Sabha,Madhya Pradesh,SAGAR,,,Nateran,Padaria Jagir,Normal/Others,"WS/MP647/2023-2024/103907 - Construction of roads, link roads, pathways or any other road with or without drainage system",District Collector Vidisha_IDA,2024-02-13,Approved by IDA,500000,Sanctioned
MPLADS-001820,Rajbahadur Singh,Lok Sabha,Madhya Pradesh,SAGAR,,,Shamshabad,Kisanpur,Normal/Others,"WS/MP647/2023-2024/103908 - Construction of roads, link roads, pathways or any other road with or without drainage system",District Collector Vidisha_IDA,2024-02-13,Approved by IDA,500000,Sanctioned
MPLADS-001821,Rajbahadur Singh,Lok Sabha,Madhya Pradesh,SAGAR,,,Shamshabad,Lakhar,Normal/Others,WS/MP647/2023-2024/103910 - Construction of culverts and bridges,District Collector Vidisha_IDA,2024-02-13,Approved by IDA,500000,Sanctioned
MPLADS-001825,Rajbahadur Singh,Lok Sabha,Madhya Pradesh,SAGAR,,,Nateran,Rajoda,Normal/Others,"WS/MP647/2023-2024/104066 - Construction of roads, link roads, pathways or any other road with or without drainage system",District Collector Vidisha_IDA,2024-02-13,Approved by IDA,500000,Sanctioned
MPLADS-001827,Virendra Kumar,Lok Sabha,Madhya Pradesh,TIKAMGARH(SC),Orchha,Hardaul Ward,,,Normal/Others,NA - Construction of buildings for community cultural activities,District Collector Niwari_IDA,2024-02-13,Action Pending,192000,Unsanctioned
MPLADS-001831,Virendra Kumar,Lok Sabha,Madhya Pradesh,TIKAMGARH(SC),Jatara,Chandra Shekher Azad,,,Normal/Others,NA - Construction of buildings for community cultural activities,DISTRICT COLLECTOR TIKAMGARH_IDA,2024-02-13,Action Pending,400000,Unsanctioned
MPLADS-001833,Rajbahadur Singh,Lok Sabha,Madhya Pradesh,SAGAR,,,Shamshabad,Jamanyai,Normal/Others,"WS/MP647/2023-2024/103911 - Construction of roads, link roads, pathways or any other road with or without drainage system",District Collector Vidisha_IDA,2024-02-13,Approved by IDA,500000,Sanctioned
MPLADS-002134,Gyaneshwar Patil,Lok Sabha,Madhya Pradesh,KHANDWA,Khandwa,Dr. Ambedkar - Ward No.9 Khandwa (M Corp.),,,Normal/Others,NA - Construction of rooms and halls in school and colleges,DISTRICT COLLECTOR EAST NIMAR_IDA,2024-02-11,Action Pending,500000,Unsanctioned
MPLADS-002135,Gyaneshwar Patil,Lok Sabha,Madhya Pradesh,KHANDWA,Khandwa,Lal Bahadur Shastri Ward No.48 Khandwa (M Corp.),,,Normal/Others,NA - Construction of common work sheds/ common covered sitting area,DISTRICT COLLECTOR EAST NIMAR_IDA,2024-02-11,Action Pending,250000,Unsanctioned
MPLADS-002136,Gyaneshwar Patil,Lok Sabha,Madhya Pradesh,KHANDWA,Khandwa,Lal Bahadur Shastri Ward No.48 Khandwa (M Corp.),,,Normal/Others,NA - Construction of common work sheds/ common covered sitting area,DISTRICT COLLECTOR EAST NIMAR_IDA,2024-02-11,Action Pending,250000,Unsanctioned
MPLADS-002138,Gyaneshwar Patil,Lok Sabha,Madhya Pradesh,KHANDWA,Shahpur Burhanpur,Ward 01 Swami Vivekanand Ward,,,Normal/Others,"NA - Construction of roads, link roads, pathways or any other road with or without drainage system",District Collector Burhanpur_IDA,2024-02-11,Action Pending,250000,Unsanctioned
MPLADS-002166,Gyaneshwar Patil,Lok Sabha,Madhya Pradesh,KHANDWA,Shahpur Burhanpur,Ward 01 Swami Vivekanand Ward,,,Normal/Others,NA - Construction of common work sheds/ common covered sitting area,District Collector Burhanpur_IDA,2024-02-11,Action Pending,500000,Unsanctioned
MPLADS-002167,Gyaneshwar Patil,Lok Sabha,Madhya Pradesh,KHANDWA,Khandwa,Rameshwar Ward No.47 Khandwa (M Corp.),,,Normal/Others,NA - Construction of buildings for community cultural activities,DISTRICT COLLECTOR EAST NIMAR_IDA,2024-02-11,Action Pending,500000,Unsanctioned
MPLADS-002253,Smt Sandhya Ray,Lok Sabha,Madhya Pradesh,BHIND(SC),Phuphkalan,Dauji Ward,,,Normal/Others,NA - Providing garbage collection and disposal systems,DISTRICT COLLECTOR BHIND_IDA,2024-02-10,Action Pending,1298000,Unsanctioned
MPLADS-002254,Smt Sandhya Ray,Lok Sabha,Madhya Pradesh,BHIND(SC),Datia,Ashok Ward,,,Normal/Others,NA - Providing garbage collection and disposal systems,District Collector Datia_IDA,2024-02-10,Action Pending,1298000,Unsanctioned
MPLADS-002692,Ganesh Singh,Lok Sabha,Madhya Pradesh,SATNA,Satna,42 Maharani Laximibai Ward,,,Normal/Others,NA - Construction of bus-sheds or bus-stops,DISTRICT COLLECTOR SATNA_IDA,2024-02-08,Action Pending,500000,Unsanctioned
MPLADS-002693,Nakul K Nath,Lok Sabha,Madhya Pradesh,CHHINDWARA,Bichhua,Bhagat Singh Ward,,,Normal/Others,NA - Construction of buildings for community cultural activities,DISTRICT COLLECTOR CHHINDWARA_IDA,2024-02-08,Action Pending,150000,Unsanctioned
MPLADS-002697,Ganesh Singh,Lok Sabha,Madhya Pradesh,SATNA,Satna,22 Shivaji Ward,,,Normal/Others,NA - Construction of culverts and bridges,DISTRICT COLLECTOR SATNA_IDA,2024-02-08,Action Pending,211000,Unsanctioned
MPLADS-002698,Ganesh Singh,Lok Sabha,Madhya Pradesh,SATNA,Satna,10 Acharya Narendra Ward,,,Normal/Others,NA - Construction of common work sheds/ common covered sitting area,DISTRICT COLLECTOR SATNA_IDA,2024-02-08,Action Pending,500000,Unsanctioned
MPLADS-002710,Smt Sandhya Ray,Lok Sabha,Madhya Pradesh,BHIND(SC),Mehgaon,Lal Bahadur Shastri Ward 07,,,Normal/Others,NA - Construction of boundary walls of existing public and community buildings,DISTRICT COLLECTOR BHIND_IDA,2024-02-08,Action Pending,1000000,Unsanctioned
MPLADS-002712,Nakul K Nath,Lok Sabha,Madhya Pradesh,CHHINDWARA,Chandameta -Butaria,Chanda Ward,,,Normal/Others,NA - Construction of buildings for community cultural activities,DISTRICT COLLECTOR CHHINDWARA_IDA,2024-02-08,Rejected by IDA,100000,Unsanctioned
MPLADS-002713,Nakul K Nath,Lok Sabha,Madhya Pradesh,CHHINDWARA,Badkuhi,Darshan Nagar Ward,,,Normal/Others,NA - Construction of buildings for community cultural activities,DISTRICT COLLECTOR CHHINDWARA_IDA,2024-02-08,Action Pending,100000,Unsanctioned
MPLADS-002721,Nakul K Nath,Lok Sabha,Madhya Pradesh,CHHINDWARA,Chhindwara,Santoshi Mata Mandir Ward,,,Normal/Others,NA - Purchase of mobile water tankers,DISTRICT COLLECTOR CHHINDWARA_IDA,2024-02-07,Action Pending,783665,Unsanctioned
MPLADS-002814,SHRI. Dharmendra Pradhan,Rajya Sabha,Madhya Pradesh,Sitting Rajya Sabha,,,Rehti,Itarsi,Normal/Others,"NA - Retrofitting, preservation or conservation of heritage and archaeological monuments and buildings",DISTRICT COLLECTOR SEHORE_IDA,2024-02-05,Rejected by IDA,400000,Unsanctioned
MPLADS-002815,SHRI. Dharmendra Pradhan,Rajya Sabha,Madhya Pradesh,Sitting Rajya Sabha,,,Rehti,Matthagaon,Normal/Others,NA - Construction of buildings for community cultural activities,DISTRICT COLLECTOR SEHORE_IDA,2024-02-05,Rejected by IDA,600000,Unsanctioned
MPLADS-002816,SHRI. Dharmendra Pradhan,Rajya Sabha,Madhya Pradesh,Sitting Rajya Sabha,,,Nasrullaganj,Bhilai,Normal/Others,NA - Construction of foot over bridge (FOB),DISTRICT COLLECTOR SEHORE_IDA,2024-02-05,Action Pending,2500000,Unsanctioned
MPLADS-002817,SHRI. Dharmendra Pradhan,Rajya Sabha,Madhya Pradesh,Sitting Rajya Sabha,,,Nasrullaganj,Seegaon,Normal/Others,NA - Construction of common work sheds/ common covered sitting area,DISTRICT COLLECTOR SEHORE_IDA,2024-02-05,Rejected by IDA,200000,Unsanctioned
MPLADS-002818,SHRI. Dharmendra Pradhan,Rajya Sabha,Madhya Pradesh,Sitting Rajya Sabha,,,Nasrullaganj,Bhadakui,Normal/Others,NA - Construction of buildings for community cultural activities,DISTRICT COLLECTOR SEHORE_IDA,2024-02-05,Action Pending,2000000,Unsanctioned
MPLADS-002819,SHRI. Dharmendra Pradhan,Rajya Sabha,Madhya Pradesh,Sitting Rajya Sabha,,,Nasrullaganj,Itawa Khurd,Normal/Others,NA - Construction of buildings for community cultural activities,DISTRICT COLLECTOR SEHORE_IDA,2024-02-05,Action Pending,2000000,Unsanctioned
MPLADS-002820,SHRI. Dharmendra Pradhan,Rajya Sabha,Madhya Pradesh,Sitting Rajya Sabha,,,Rehti,Rampura Chakaldi,Normal/Others,NA - Crematoriums or structures on burial/ cremation ground for public convenience,DISTRICT COLLECTOR SEHORE_IDA,2024-02-05,Action Pending,2000000,Unsanctioned
MPLADS-002821,SHRI. Dharmendra Pradhan,Rajya Sabha,Madhya Pradesh,Sitting Rajya Sabha,,,Rehti,Harmau,Normal/Others,NA - Construction of New Building,DISTRICT COLLECTOR SEHORE_IDA,2024-02-05,Action Pending,500000,Unsanctioned
MPLADS-002822,SHRI. Dharmendra Pradhan,Rajya Sabha,Madhya Pradesh,Sitting Rajya Sabha,,,Rehti,Nadia Kheda Khalsa,Normal/Others,NA - Construction of buildings for community cultural activities,DISTRICT COLLECTOR SEHORE_IDA,2024-02-05,Rejected by IDA,1000000,Unsanctioned
MPLADS-002823,SHRI. Dharmendra Pradhan,Rajya Sabha,Madhya Pradesh,Sitting Rajya Sabha,,,Nasrullaganj,Chichlaha Kalan,Normal/Others,NA - Construction of buildings for community cultural activities,DISTRICT COLLECTOR SEHORE_IDA,2024-02-05,Action Pending,2200000,Unsanctioned
MPLADS-002824,Rajbahadur Singh,Lok Sabha,Madhya Pradesh,SAGAR,,,Sironj,Mahuakheda Prithviraj,Normal/Others,"WS/MP647/2023-2024/97450 - Construction of roads, link roads, pathways or any other road with or without drainage system",District Collector Vidisha_IDA,2024-02-05,Approved by IDA,500000,Sanctioned
MPLADS-002826,SHRI. Dharmendra Pradhan,Rajya Sabha,Madhya Pradesh,Sitting Rajya Sabha,,,Budni,Madhawan,Normal/Others,NA - Providing drains and gutters for public drainage,DISTRICT COLLECTOR SEHORE_IDA,2024-02-05,Action Pending,500000,Unsanctioned
MPLADS-002827,SHRI. Dharmendra Pradhan,Rajya Sabha,Madhya Pradesh,Sitting Rajya Sabha,,,Shyampur,Sar Kheda,Normal/Others,NA - Construction of boundary walls of existing public and community buildings,DISTRICT COLLECTOR SEHORE_IDA,2024-02-05,Rejected by IDA,200000,Unsanctioned
MPLADS-002828,SHRI. Dharmendra Pradhan,Rajya Sabha,Madhya Pradesh,Sitting Rajya Sabha,,,Budni,Nander,Normal/Others,NA - Construction of common work sheds/ common covered sitting area,DISTRICT COLLECTOR SEHORE_IDA,2024-02-05,Rejected by IDA,400000,Unsanctioned
MPLADS-002829,SHRI. Dharmendra Pradhan,Rajya Sabha,Madhya Pradesh,Sitting Rajya Sabha,,,Budni,Nonbhet,Normal/Others,NA - Construction of community centers and community halls,DISTRICT COLLECTOR SEHORE_IDA,2024-02-05,Rejected by IDA,300000,Unsanctioned
MPLADS-002830,SHRI. Dharmendra Pradhan,Rajya Sabha,Madhya Pradesh,Sitting Rajya Sabha,,,Budni,Sankhedi,Normal/Others,NA - Construction of common work sheds/ common covered sitting area,DISTRICT COLLECTOR SEHORE_IDA,2024-02-05,Rejected by IDA,300000,Unsanctioned
MPLADS-002831,SHRI. Dharmendra Pradhan,Rajya Sabha,Madhya Pradesh,Sitting Rajya Sabha,,,Budni,Sardar Nagar,Normal/Others,NA - Construction of common work sheds/ common covered sitting area,DISTRICT COLLECTOR SEHORE_IDA,2024-02-05,Rejected by IDA,500000,Unsanctioned
MPLADS-002832,SHRI. Dharmendra Pradhan,Rajya Sabha,Madhya Pradesh,Sitting Rajya Sabha,,,Budni,Jawahar Kheda,Normal/Others,NA - Construction of common work sheds/ common covered sitting area,DISTRICT COLLECTOR SEHORE_IDA,2024-02-05,Rejected by IDA,300000,Unsanctioned
MPLADS-002833,SHRI. Dharmendra Pradhan,Rajya Sabha,Madhya Pradesh,Sitting Rajya Sabha,,,Budni,Khanda Bad,Normal/Others,"NA - Construction of roads, link roads, pathways or any other road with or without drainage system",DISTRICT COLLECTOR SEHORE_IDA,2024-02-05,Action Pending,600000,Unsanctioned
MPLADS-002834,SHRI. Dharmendra Pradhan,Rajya Sabha,Madhya Pradesh,Sitting Rajya Sabha,,,Ichhawar,Bordi Kalan,Normal/Others,NA - Construction of community centers and community halls,DISTRICT COLLECTOR SEHORE_IDA,2024-02-05,Rejected by IDA,200000,Unsanctioned
MPLADS-002835,SHRI. Dharmendra Pradhan,Rajya Sabha,Madhya Pradesh,Sitting Rajya Sabha,,,Budni,Baktra,Normal/Others,NA - Construction of community centers and community halls,DISTRICT COLLECTOR SEHORE_IDA,2024-02-05,Rejected by IDA,700000,Unsanctioned
MPLADS-002838,SHRI. Dharmendra Pradhan,Rajya Sabha,Madhya Pradesh,Sitting Rajya Sabha,,,Nasrullaganj,Bodi,Normal/Others,"NA - Retrofitting, preservation or conservation of heritage and archaeological monuments and buildings",DISTRICT COLLECTOR SEHORE_IDA,2024-02-05,Action Pending,224000,Unsanctioned
MPLADS-002839,Rajbahadur Singh,Lok Sabha,Madhya Pradesh,SAGAR,,,Nateran,Rawan,Normal/Others,"WS/MP647/2023-2024/97596 - Construction of roads, link roads, pathways or any other road with or without drainage system",District Collector Vidisha_IDA,2024-02-05,Approved by IDA,500000,Sanctioned
MPLADS-002846,Rajbahadur Singh,Lok Sabha,Madhya Pradesh,SAGAR,,,Shamshabad,Sheel Kheda,Normal/Others,"WS/MP647/2023-2024/97727 - Construction of roads, link roads, pathways or any other road with or without drainage system",District Collector Vidisha_IDA,2024-02-05,Approved by IDA,500000,Sanctioned
MPLADS-002847,Rajbahadur Singh,Lok Sabha,Madhya Pradesh,SAGAR,,,Shamshabad,Gadhi,Normal/Others,WS/MP647/2023-2024/97726 - Construction of culverts and bridges,District Collector Vidisha_IDA,2024-02-05,Approved by IDA,500000,Sanctioned
MPLADS-002848,Rajbahadur Singh,Lok Sabha,Madhya Pradesh,SAGAR,,,Shamshabad,Sheel Kheda,Normal/Others,"WS/MP647/2023-2024/97725 - Construction of roads, link roads, pathways or any other road with or without drainage system",District Collector Vidisha_IDA,2024-02-05,Approved by IDA,500000,Sanctioned
MPLADS-002849,Rajbahadur Singh,Lok Sabha,Madhya Pradesh,SAGAR,,,Shamshabad,Kachhi Kheda,Normal/Others,"WS/MP647/2023-2024/97724 - Construction of roads, link roads, pathways or any other road with or without drainage system",District Collector Vidisha_IDA,2024-02-05,Approved by IDA,500000,Sanctioned
MPLADS-002850,Rajbahadur Singh,Lok Sabha,Madhya Pradesh,SAGAR,,,Sironj,Anuppur,Normal/Others,WS/MP647/2023-2024/97598 - Construction of culverts and bridges,District Collector Vidisha_IDA,2024-02-05,Approved by IDA,500000,Sanctioned
MPLADS-002851,Rajbahadur Singh,Lok Sabha,Madhya Pradesh,SAGAR,,,Nateran,Bamhori,Normal/Others,"WS/MP647/2023-2024/97597 - Construction of roads, link roads, pathways or any other road with or without drainage system",District Collector Vidisha_IDA,2024-02-05,Approved by IDA,500000,Sanctioned
MPLADS-002852,SHRI. Dharmendra Pradhan,Rajya Sabha,Madhya Pradesh,Sitting Rajya Sabha,,,Nasrullaganj,Itawa Khurd,Normal/Others,"NA - Retrofitting, preservation or conservation of heritage and archaeological monuments and buildings",DISTRICT COLLECTOR SEHORE_IDA,2024-02-05,Rejected by IDA,200000,Unsanctioned
MPLADS-002854,SHRI. Dharmendra Pradhan,Rajya Sabha,Madhya Pradesh,Sitting Rajya Sabha,,,Nasrullaganj,Pipalia,Normal/Others,NA - Construction of common work sheds/ common covered sitting area,DISTRICT COLLECTOR SEHORE_IDA,2024-02-05,Rejected by IDA,200000,Unsanctioned
MPLADS-002862,SHRI. Dharmendra Pradhan,Rajya Sabha,Madhya Pradesh,Sitting Rajya Sabha,,,Nasrullaganj,Chichlaha Kalan,Normal/Others,"NA - Construction of roads, link roads, pathways or any other road with or without drainage system",DISTRICT COLLECTOR SEHORE_IDA,2024-02-05,Action Pending,800000,Unsanctioned
MPLADS-002889,SHRI. Dharmendra Pradhan,Rajya Sabha,Madhya Pradesh,Sitting Rajya Sabha,,,Nasrullaganj,Itawa Khurd,Normal/Others,NA - Street lights,DISTRICT COLLECTOR SEHORE_IDA,2024-02-05,Action Pending,200000,Unsanctioned
MPLADS-003316,Rajbahadur Singh,Lok Sabha,Madhya Pradesh,SAGAR,,,Sironj,Bagroda,Normal/Others,"WS/MP647/2023-2024/94081 - Construction of roads, link roads, pathways or any other road with or without drainage system",District Collector Vidisha_IDA,2024-02-02,Approved by IDA,500000,Sanctioned
MPLADS-003320,Rajbahadur Singh,Lok Sabha,Madhya Pradesh,SAGAR,,,Shamshabad,Sakatpur,Normal/Others,"WS/MP647/2023-2024/94021 - Construction of roads, link roads, pathways or any other road with or without drainage system",District Collector Vidisha_IDA,2024-02-02,Approved by IDA,500000,Sanctioned
MPLADS-003321,Rajbahadur Singh,Lok Sabha,Madhya Pradesh,SAGAR,,,Sironj,Amirgarh,Normal/Others,"WS/MP647/2023-2024/94027 - Construction of roads, link roads, pathways or any other road with or without drainage system",District Collector Vidisha_IDA,2024-02-02,Approved by IDA,500000,Sanctioned
MPLADS-003322,Rajbahadur Singh,Lok Sabha,Madhya Pradesh,SAGAR,,,Shamshabad,Hingli Jagir,Normal/Others,"WS/MP647/2023-2024/94024 - Construction of roads, link roads, pathways or any other road with or without drainage system",District Collector Vidisha_IDA,2024-02-02,Approved by IDA,500000,Sanctioned
MPLADS-003323,Rajbahadur Singh,Lok Sabha,Madhya Pradesh,SAGAR,,,Shamshabad,Thana,Normal/Others,"WS/MP647/2023-2024/94023 - Construction of roads, link roads, pathways or any other road with or without drainage system",District Collector Vidisha_IDA,2024-02-02,Approved by IDA,500000,Sanctioned
MPLADS-003325,Rajbahadur Singh,Lok Sabha,Madhya Pradesh,SAGAR,,,Shamshabad,Pali,Normal/Others,"WS/MP647/2023-2024/94022 - Construction of roads, link roads, pathways or any other road with or without drainage system",District Collector Vidisha_IDA,2024-02-02,Approved by IDA,500000,Sanctioned
MPLADS-003344,Ganesh Singh,Lok Sabha,Madhya Pradesh,SATNA,,,Unchahara,Karahi Khurd,Normal/Others,"WS/MP642/2023-2024/94457 - Construction of roads, link roads, pathways or any other road with or without drainage system",DISTRICT COLLECTOR SATNA_IDA,2024-02-02,Approved by IDA,500000,Sanctioned
MPLADS-003345,Rajbahadur Singh,Lok Sabha,Madhya Pradesh,SAGAR,,,Nateran,Nateran,Normal/Others,"WS/MP647/2023-2024/94111 - Construction of roads, link roads, pathways or any other road with or without drainage system",District Collector Vidisha_IDA,2024-02-02,Approved by IDA,500000,Sanctioned
MPLADS-003346,Rajbahadur Singh,Lok Sabha,Madhya Pradesh,SAGAR,,,Sironj,Dhanoda,Normal/Others,"WS/MP647/2023-2024/94103 - Construction of roads, link roads, pathways or any other road with or without drainage system",District Collector Vidisha_IDA,2024-02-02,Approved by IDA,500000,Sanctioned
MPLADS-003347,Rajbahadur Singh,Lok Sabha,Madhya Pradesh,SAGAR,,,Sironj,Kachnariya,Normal/Others,"WS/MP647/2023-2024/94102 - Construction of roads, link roads, pathways or any other road with or without drainage system",District Collector Vidisha_IDA,2024-02-02,Approved by IDA,500000,Sanctioned
MPLADS-003348,Rajbahadur Singh,Lok Sabha,Madhya Pradesh,SAGAR,,,Sironj,Karrakhedi,Normal/Others,"WS/MP647/2023-2024/94101 - Construction of roads, link roads, pathways or any other road with or without drainage system",District Collector Vidisha_IDA,2024-02-02,Approved by IDA,500000,Sanctioned
MPLADS-003349,Rajbahadur Singh,Lok Sabha,Madhya Pradesh,SAGAR,,,Sironj,Karai Kheda,Normal/Others,"WS/MP647/2023-2024/94100 - Construction of roads, link roads, pathways or any other road with or without drainage system",District Collector Vidisha_IDA,2024-02-02,Approved by IDA,600000,Sanctioned
MPLADS-003351,Ganesh Singh,Lok Sabha,Madhya Pradesh,SATNA,,,Raghurajnagar Nagareey,Sejahata,Normal/Others,"WS/MP642/2023-2024/94472 - Construction of roads, link roads, pathways or any other road with or without drainage system",DISTRICT COLLECTOR SATNA_IDA,2024-02-02,Approved by IDA,500000,Sanctioned
MPLADS-003382,SHRI. Dharmendra Pradhan,Rajya Sabha,Madhya Pradesh,Sitting Rajya Sabha,,,Nasrullaganj,Chhidgaonmouji (Chhitagaon),Normal/Others,NA - Construction of common work sheds/ common covered sitting area,DISTRICT COLLECTOR SEHORE_IDA,2024-02-01,Rejected by IDA,500000,Unsanctioned
MPLADS-003387,Rajbahadur Singh,Lok Sabha,Madhya Pradesh,SAGAR,,,Sironj,Mahadev Khedi,Normal/Others,"WS/MP647/2023-2024/93685 - Construction of roads, link roads, pathways or any other road with or without drainage system",District Collector Vidisha_IDA,2024-02-01,Approved by IDA,500000,Sanctioned
MPLADS-003486,Ganesh Singh,Lok Sabha,Madhya Pradesh,SATNA,Satna,Mahdeva,,,Normal/Others,NA - Improvement of electricity distribution infrastructure,DISTRICT COLLECTOR SATNA_IDA,2024-01-29,Action Pending,140000,Unsanctioned
MPLADS-003487,Ganesh Singh,Lok Sabha,Madhya Pradesh,SATNA,Satna,Mahdeva,,,Normal/Others,NA - Improvement of electricity distribution infrastructure,DISTRICT COLLECTOR SATNA_IDA,2024-01-29,Action Pending,180000,Unsanctioned
MPLADS-003493,Smt Sumitra Balmik,Rajya Sabha,Madhya Pradesh,Sitting Rajya Sabha,,,Berasia,Karhaiya Shah,Normal/Others,NA - Construction of culverts and bridges,DISTRICT COLLECTOR BHOPAL_IDA,2024-01-28,Action Pending,1500000,Unsanctioned
MPLADS-003494,Smt Sumitra Balmik,Rajya Sabha,Madhya Pradesh,Sitting Rajya Sabha,,,Shahpura,Sukha,Normal/Others,NA - Construction of flood control embankments,DISTRICT COLLECTOR JABALPUR_IDA,2024-01-28,Action Pending,1800000,Unsanctioned
MPLADS-003495,Smt Sumitra Balmik,Rajya Sabha,Madhya Pradesh,Sitting Rajya Sabha,,,Berasia,Karhaiya Shah,Normal/Others,"NA - Construction of roads, link roads, pathways or any other road with or without drainage system",DISTRICT COLLECTOR BHOPAL_IDA,2024-01-28,Action Pending,1000000,Unsanctioned
MPLADS-003496,Smt Sumitra Balmik,Rajya Sabha,Madhya Pradesh,Sitting Rajya Sabha,,,Panagar,Sukha,Normal/Others,NA - Providing drains and gutters for public drainage,DISTRICT COLLECTOR JABALPUR_IDA,2024-01-28,Action Pending,1500000,Unsanctioned
MPLADS-003498,Smt Sumitra Balmik,Rajya Sabha,Madhya Pradesh,Sitting Rajya Sabha,,,Panagar,Nagna,Normal/Others,"NA - Construction of roads, link roads, pathways or any other road with or without drainage system",DISTRICT COLLECTOR JABALPUR_IDA,2024-01-28,Action Pending,1500000,Unsanctioned
MPLADS-003499,Smt Sumitra Balmik,Rajya Sabha,Madhya Pradesh,Sitting Rajya Sabha,,,Shahpura,Sukha,Normal/Others,NA - Construction of flood control embankments,DISTRICT COLLECTOR JABALPUR_IDA,2024-01-28,Action Pending,1700000,Unsanctioned
MPLADS-003500,Smt Sumitra Balmik,Rajya Sabha,Madhya Pradesh,Sitting Rajya Sabha,,,Panagar,Keolari,Normal/Others,"NA - Construction of roads, link roads, pathways or any other road with or without drainage system",DISTRICT COLLECTOR JABALPUR_IDA,2024-01-28,Action Pending,1500000,Unsanctioned
MPLADS-003501,Smt Sumitra Balmik,Rajya Sabha,Madhya Pradesh,Sitting Rajya Sabha,,,Murwara Or Katni,Takhala,Normal/Others,NA - Construction of culverts and bridges,District Collector Katni_IDA,2024-01-28,Action Pending,1500000,Unsanctioned
MPLADS-003503,Smt Sumitra Balmik,Rajya Sabha,Madhya Pradesh,Sitting Rajya Sabha,,,Murwara Or Katni,Takhala,Normal/Others,NA - Development of playfields and sports grounds,District Collector Katni_IDA,2024-01-28,Action Pending,1500000,Unsanctioned
MPLADS-003504,Smt Sumitra Balmik,Rajya Sabha,Madhya Pradesh,Sitting Rajya Sabha,,,Shahpura,Mahguwan,Normal/Others,"NA - Construction of roads, link roads, pathways or any other road with or without drainage system",DISTRICT COLLECTOR JABALPUR_IDA,2024-01-28,Action Pending,1500000,Unsanctioned
MPLADS-003505,Smt Sumitra Balmik,Rajya Sabha,Madhya Pradesh,Sitting Rajya Sabha,,,Shahpura,Mahguwan,Normal/Others,"NA - Construction of roads, link roads, pathways or any other road with or without drainage system",DISTRICT COLLECTOR JABALPUR_IDA,2024-01-28,Action Pending,1000000,Unsanctioned
MPLADS-003506,Smt Sumitra Balmik,Rajya Sabha,Madhya Pradesh,Sitting Rajya Sabha,Jabalpur,Chhitranjan Ward,,,Normal/Others,NA - Setting up public non-conventional energy plants,DISTRICT COLLECTOR JABALPUR_IDA,2024-01-28,Action Pending,250000,Unsanctioned
MPLADS-003507,Dr . Sumer Singh Solanki,Rajya Sabha,Madhya Pradesh,Sitting Rajya Sabha,,,Pati,Pokhaliya,Normal/Others,NA - Construction of community centers and community halls,DISTRICT COLLECTOR BADWANI_IDA,2024-01-28,Action Pending,500000,Unsanctioned
MPLADS-003508,Dr . Sumer Singh Solanki,Rajya Sabha,Madhya Pradesh,Sitting Rajya Sabha,Pansemal,12,,,Normal/Others,NA - Tree plantation for community,DISTRICT COLLECTOR BADWANI_IDA,2024-01-28,Action Pending,500000,Unsanctioned
MPLADS-003509,Dr . Sumer Singh Solanki,Rajya Sabha,Madhya Pradesh,Sitting Rajya Sabha,,,Barwani,Badgaon,Normal/Others,NA - Construction of community centers and community halls,DISTRICT COLLECTOR BADWANI_IDA,2024-01-28,Action Pending,300000,Unsanctioned
MPLADS-003514,Smt Sumitra Balmik,Rajya Sabha,Madhya Pradesh,Sitting Rajya Sabha,,,Shahpura,Chhaprat,Normal/Others,"NA - Construction of roads, link roads, pathways or any other road with or without drainage system",DISTRICT COLLECTOR JABALPUR_IDA,2024-01-28,Action Pending,1700000,Unsanctioned
MPLADS-003515,Smt Sumitra Balmik,Rajya Sabha,Madhya Pradesh,Sitting Rajya Sabha,,,Shahpura,Chhaprat,Normal/Others,"NA - Construction of roads, link roads, pathways or any other road with or without drainage system",DISTRICT COLLECTOR JABALPUR_IDA,2024-01-28,Action Pending,1800000,Unsanctioned
MPLADS-003519,Guman Singh Damor,Lok Sabha,Madhya Pradesh,RATLAM(ST),Meghnagar New,Janpad Panchayat Meghnagar,,,Normal/Others,NA - Purchase of mobile water tankers,DISTRICT COLLECTOR JHABUA_IDA,2024-01-28,Action Pending,2941632,Unsanctioned
MPLADS-003526,Guman Singh Damor,Lok Sabha,Madhya Pradesh,RATLAM(ST),Petlawad,petlawad,,,Normal/Others,NA - Purchase of mobile water tankers,DISTRICT COLLECTOR JHABUA_IDA,2024-01-28,Action Pending,2778208,Unsanctioned
MPLADS-003527,Guman Singh Damor,Lok Sabha,Madhya Pradesh,RATLAM(ST),Thandla,Thandla,,,Normal/Others,NA - Purchase of mobile water tankers,DISTRICT COLLECTOR JHABUA_IDA,2024-01-28,Action Pending,4412448,Unsanctioned
MPLADS-003533,Smt Sumitra Balmik,Rajya Sabha,Madhya Pradesh,Sitting Rajya Sabha,,,Panagar,Mangela,Normal/Others,"NA - Construction of roads, link roads, pathways or any other road with or without drainage system",DISTRICT COLLECTOR JABALPUR_IDA,2024-01-28,Action Pending,1500000,Unsanctioned
MPLADS-003677,Smt Sumitra Balmik,Rajya Sabha,Madhya Pradesh,Sitting Rajya Sabha,,,Berasia,Chatahedi,Normal/Others,NA - Construction of culverts and bridges,DISTRICT COLLECTOR BHOPAL_IDA,2024-01-27,Action Pending,1000000,Unsanctioned
MPLADS-003678,Smt Sumitra Balmik,Rajya Sabha,Madhya Pradesh,Sitting Rajya Sabha,,,Berasia,Jamusar Khurd,Normal/Others,"NA - Construction of roads, link roads, pathways or any other road with or without drainage system",DISTRICT COLLECTOR BHOPAL_IDA,2024-01-27,Action Pending,1500000,Unsanctioned
MPLADS-003679,Shri Vivek K Tankha,Rajya Sabha,Madhya Pradesh,Sitting Rajya Sabha,,,Berasia,Hiran Khedi,Normal/Others,NA - Construction of culverts and bridges,DISTRICT COLLECTOR BHOPAL_IDA,2024-01-27,Action Pending,750000,Unsanctioned
MPLADS-003680,Shri Vivek K Tankha,Rajya Sabha,Madhya Pradesh,Sitting Rajya Sabha,,,Berasia,Birha Shyam Khedi,Normal/Others,NA - Construction of common work sheds/ common covered sitting area,DISTRICT COLLECTOR BHOPAL_IDA,2024-01-27,Action Pending,750000,Unsanctioned
MPLADS-003851,Smt Himadri Singh,Lok Sabha,Madhya Pradesh,SHAHDOL (ST),Umaria,21,,,Normal/Others,"NA - Purchase of ambulances (Four, three and two wheelers)",District Collector Umariya_IDA,2024-01-26,Action Pending,99450,Unsanctioned
MPLADS-003852,Smt Himadri Singh,Lok Sabha,Madhya Pradesh,SHAHDOL (ST),Pali,11,,,Normal/Others,"NA - Purchase of ambulances (Four, three and two wheelers)",District Collector Umariya_IDA,2024-01-26,Action Pending,99450,Unsanctioned
MPLADS-003885,Smt Himadri Singh,Lok Sabha,Madhya Pradesh,SHAHDOL (ST),Chandia,5,,,Normal/Others,"NA - Purchase of ambulances (Four, three and two wheelers)",District Collector Umariya_IDA,2024-01-26,Action Pending,99450,Unsanctioned
MPLADS-003886,Smt Himadri Singh,Lok Sabha,Madhya Pradesh,SHAHDOL (ST),Manpurr,5,,,Normal/Others,"NA - Purchase of ambulances (Four, three and two wheelers)",District Collector Umariya_IDA,2024-01-26,Action Pending,99450,Unsanctioned
MPLADS-003887,Smt Himadri Singh,Lok Sabha,Madhya Pradesh,SHAHDOL (ST),Nowrozabad - Khodargama,8,,,Normal/Others,"NA - Purchase of ambulances (Four, three and two wheelers)",District Collector Umariya_IDA,2024-01-26,Action Pending,99450,Unsanctioned
MPLADS-003903,Smt Himadri Singh,Lok Sabha,Madhya Pradesh,SHAHDOL (ST),Pali,11,,,Normal/Others,"NA - Purchase of ambulances (Four, three and two wheelers)",District Collector Umariya_IDA,2024-01-26,Action Pending,99450,Unsanctioned
MPLADS-003921,Ramakant Bhargava,Lok Sabha,Madhya Pradesh,VIDISHA,Sultanpur,14,,,Normal/Others,NA - Purchase of furniture and fixtures for educational purposes,DISTRICT COLLECTOR RAISEN_IDA,2024-01-26,Action Pending,1000000,Unsanctioned
MPLADS-003922,Ramakant Bhargava,Lok Sabha,Madhya Pradesh,VIDISHA,Sultanpur,14,,,Normal/Others,"NA - Purchase of IT systems, including hardware and software for educational purposes",DISTRICT COLLECTOR RAISEN_IDA,2024-01-26,Action Pending,500000,Unsanctioned
MPLADS-003923,Ramakant Bhargava,Lok Sabha,Madhya Pradesh,VIDISHA,Sultanpur,13,,,Normal/Others,NA - Installing community drinking water plants,DISTRICT COLLECTOR RAISEN_IDA,2024-01-26,Action Pending,500000,Unsanctioned
MPLADS-003924,Ramakant Bhargava,Lok Sabha,Madhya Pradesh,VIDISHA,Sultanpur,1 से 15 तक,,,Normal/Others,"NA - Construction of roads, link roads, pathways or any other road with or without drainage system",DISTRICT COLLECTOR RAISEN_IDA,2024-01-26,Action Pending,1000000,Unsanctioned
MPLADS-004015,Krishna Pal Singh Yadav,Lok Sabha,Madhya Pradesh,GUNA,Ashoknagar,"Ashoknagar , Mungaoli , Chanderi",,,Normal/Others,NA - Purchase of mobile water tankers,DISTRICT COLLECTOR ASHOKNAGAR_IDA,2024-01-25,Action Pending,3849160,Unsanctioned
MPLADS-004016,Janardan Mishra,Lok Sabha,Madhya Pradesh,REWA,Nai-Garhi,05,,,Normal/Others,NA - Fitting of Sitting RCC Benches in Public Places,District Collector Mauganj_IDA,2024-01-25,Action Pending,437490,Unsanctioned
MPLADS-004017,Sadhvi Pragya Singh Thakur ,Lok Sabha,Madhya Pradesh,BHOPAL,Sehore,22,,,Normal/Others,NA - Construction of bus-sheds or bus-stops,DISTRICT COLLECTOR SEHORE_IDA,2024-01-25,Action Pending,306327,Unsanctioned
MPLADS-004021,Shri Sudheer Gupta ,Lok Sabha,Madhya Pradesh,MANDSOUR,Jaora,ward no 20,,,Normal/Others,"NA - Construction of roads, link roads, pathways or any other road with or without drainage system",District Collector Ratlam_IDA,2024-01-25,Action Pending,250000,Unsanctioned
MPLADS-004022,Mahendra Singh Solanky,Lok Sabha,Madhya Pradesh,DEWAS(SC),Dewas,22,,,Normal/Others,NA - Development of public parks,DISTRICT COLLECTOR DEWAS_IDA,2024-01-25,Action Pending,1000000,Unsanctioned
MPLADS-004023,Sadhvi Pragya Singh Thakur ,Lok Sabha,Madhya Pradesh,BHOPAL,Sehore,28,,,Normal/Others,NA - Construction of bus-sheds or bus-stops,DISTRICT COLLECTOR SEHORE_IDA,2024-01-25,Action Pending,306327,Unsanctioned
MPLADS-004024,Sadhvi Pragya Singh Thakur ,Lok Sabha,Madhya Pradesh,BHOPAL,Sehore,22,,,Normal/Others,NA - Construction of bus-sheds or bus-stops,DISTRICT COLLECTOR SEHORE_IDA,2024-01-25,Action Pending,306327,Unsanctioned
MPLADS-004025,Janardan Mishra,Lok Sabha,Madhya Pradesh,REWA,Rewa,22,,,Normal/Others,NA - Improvement of electricity distribution infrastructure,DISTRICT COLLECTOR REWA_IDA,2024-01-25,Action Pending,992641,Unsanctioned
MPLADS-004026,Sadhvi Pragya Singh Thakur ,Lok Sabha,Madhya Pradesh,BHOPAL,Sehore,8,,,Normal/Others,NA - Construction of bus-sheds or bus-stops,DISTRICT COLLECTOR SEHORE_IDA,2024-01-25,Action Pending,306327,Unsanctioned
MPLADS-004027,Sadhvi Pragya Singh Thakur ,Lok Sabha,Madhya Pradesh,BHOPAL,Sehore,8,,,Normal/Others,NA - Construction of bus-sheds or bus-stops,DISTRICT COLLECTOR SEHORE_IDA,2024-01-25,Action Pending,306327,Unsanctioned
MPLADS-004028,Sadhvi Pragya Singh Thakur ,Lok Sabha,Madhya Pradesh,BHOPAL,Sehore,7,,,Normal/Others,NA - Construction of bus-sheds or bus-stops,DISTRICT COLLECTOR SEHORE_IDA,2024-01-25,Action Pending,306327,Unsanctioned
MPLADS-004029,Sadhvi Pragya Singh Thakur ,Lok Sabha,Madhya Pradesh,BHOPAL,Sehore,3,,,Normal/Others,NA - Construction of bus-sheds or bus-stops,DISTRICT COLLECTOR SEHORE_IDA,2024-01-25,Action Pending,306327,Unsanctioned
MPLADS-004030,Sadhvi Pragya Singh Thakur ,Lok Sabha,Madhya Pradesh,BHOPAL,Sehore,3,,,Normal/Others,NA - Construction of bus-sheds or bus-stops,DISTRICT COLLECTOR SEHORE_IDA,2024-01-25,Action Pending,306327,Unsanctioned
MPLADS-004031,Sadhvi Pragya Singh Thakur ,Lok Sabha,Madhya Pradesh,BHOPAL,Sehore,3,,,Normal/Others,NA - Construction of bus-sheds or bus-stops,DISTRICT COLLECTOR SEHORE_IDA,2024-01-25,Action Pending,306327,Unsanctioned
MPLADS-004048,Nakul K Nath,Lok Sabha,Madhya Pradesh,CHHINDWARA,,,Tamia,Anhoni,Normal/Others,WS/MP442/2023-2024/89121 - Construction of buildings for community cultural activities,DISTRICT COLLECTOR CHHINDWARA_IDA,2024-01-25,Approved by IDA,200000,Sanctioned
MPLADS-004049,Nakul K Nath,Lok Sabha,Madhya Pradesh,CHHINDWARA,,,Tamia,Jamundhonga,Normal/Others,WS/MP442/2023-2024/89128 - Construction of buildings for community cultural activities,DISTRICT COLLECTOR CHHINDWARA_IDA,2024-01-25,Approved by IDA,100000,Sanctioned
MPLADS-004050,Nakul K Nath,Lok Sabha,Madhya Pradesh,CHHINDWARA,,,Tamia,Harakpura,Normal/Others,WS/MP442/2023-2024/89160 - Construction of buildings for community cultural activities,DISTRICT COLLECTOR CHHINDWARA_IDA,2024-01-25,Approved by IDA,200000,Sanctioned
MPLADS-004051,Nakul K Nath,Lok Sabha,Madhya Pradesh,CHHINDWARA,,,Tamia,Chawalpani,Normal/Others,WS/MP442/2023-2024/89167 - Construction of buildings for community cultural activities,DISTRICT COLLECTOR CHHINDWARA_IDA,2024-01-25,Approved by IDA,250000,Sanctioned
MPLADS-004193,SHRI Kailash Soni,Rajya Sabha,Madhya Pradesh,Sitting Rajya Sabha,,,Kareli,Hiranpur,Normal/Others,NA - Construction of common work sheds/ common covered sitting area,DISTRICT COLLECTOR NARSINGHPUR_IDA,2024-01-25,Action Pending,150000,Unsanctioned
MPLADS-004194,SHRI Kailash Soni,Rajya Sabha,Madhya Pradesh,Sitting Rajya Sabha,,,Kareli,Sarsala,Normal/Others,NA - Construction of culverts and bridges,DISTRICT COLLECTOR NARSINGHPUR_IDA,2024-01-25,Action Pending,200000,Unsanctioned
MPLADS-004195,SHRI Kailash Soni,Rajya Sabha,Madhya Pradesh,Sitting Rajya Sabha,,,Kareli,Kerpani,Normal/Others,NA - Construction of common work sheds/ common covered sitting area,DISTRICT COLLECTOR NARSINGHPUR_IDA,2024-01-25,Action Pending,200000,Unsanctioned
MPLADS-004196,SHRI Kailash Soni,Rajya Sabha,Madhya Pradesh,Sitting Rajya Sabha,,,Narsimhapur,Banskunwari (Og) (Part),Normal/Others,NA - Construction of community centers and community halls,DISTRICT COLLECTOR NARSINGHPUR_IDA,2024-01-25,Action Pending,200000,Unsanctioned
MPLADS-004209,SHRI Kailash Soni,Rajya Sabha,Madhya Pradesh,Sitting Rajya Sabha,,,Kareli,Gobargaon,Normal/Others,NA - Construction of common work sheds/ common covered sitting area,DISTRICT COLLECTOR NARSINGHPUR_IDA,2024-01-25,Action Pending,100000,Unsanctioned
MPLADS-004210,SHRI Kailash Soni,Rajya Sabha,Madhya Pradesh,Sitting Rajya Sabha,,,Gadarwara,Baghora,Normal/Others,"NA - Construction of roads, link roads, pathways or any other road with or without drainage system",DISTRICT COLLECTOR NARSINGHPUR_IDA,2024-01-25,Action Pending,100000,Unsanctioned
MPLADS-004212,SHRI Kailash Soni,Rajya Sabha,Madhya Pradesh,Sitting Rajya Sabha,,,Kareli,Nanori,Normal/Others,NA - Construction of community centers and community halls,DISTRICT COLLECTOR NARSINGHPUR_IDA,2024-01-25,Action Pending,150000,Unsanctioned
MPLADS-004696,Guman Singh Damor,Lok Sabha,Madhya Pradesh,RATLAM(ST),Sailana,1,,,Normal/Others,NA - Purchase of mobile water tankers,District Collector Ratlam_IDA,2024-01-24,Action Pending,2287936,Unsanctioned
MPLADS-005010,SHRI. Dharmendra Pradhan,Rajya Sabha,Madhya Pradesh,Sitting Rajya Sabha,Sehore,"Bherunda Block, Sehore",,,Normal/Others,NA - Development of Public Facilities,DISTRICT COLLECTOR SEHORE_IDA,2024-01-24,Action Pending,20774000,Unsanctioned
MPLADS-005024,SHRI. Dharmendra Pradhan,Rajya Sabha,Madhya Pradesh,Sitting Rajya Sabha,Vidisha,kagpur Gram panchayat,,,Normal/Others,NA - Development of Public Facilities,District Collector Vidisha_IDA,2024-01-24,Action Pending,22885000,Unsanctioned
MPLADS-005025,SHRI. Dharmendra Pradhan,Rajya Sabha,Madhya Pradesh,Sitting Rajya Sabha,Budni,Budni,,,Normal/Others,NA - Development works related to Public Facilities,DISTRICT COLLECTOR SEHORE_IDA,2024-01-24,Action Pending,13975000,Unsanctioned
MPLADS-005026,SHRI. Dharmendra Pradhan,Rajya Sabha,Madhya Pradesh,Sitting Rajya Sabha,Betul,Betul,,,Normal/Others,NA - Development of Public facilities,DISTRICT COLLECTOR BETUL_IDA,2024-01-24,Action Pending,42700000,Unsanctioned
MPLADS-005027,SHRI. Dharmendra Pradhan,Rajya Sabha,Madhya Pradesh,Sitting Rajya Sabha,Morena,Gram pachayats of Morena District,,,Normal/Others,NA - Development works for Public Facilities,DISTRICT COLLECTOR MORENA_IDA,2024-01-24,Action Pending,10000000,Unsanctioned
MPLADS-005028,SHRI. Dharmendra Pradhan,Rajya Sabha,Madhya Pradesh,Sitting Rajya Sabha,Morena,Gram Panchayats of Morena District,,,Normal/Others,NA - Development of Public facilities,DISTRICT COLLECTOR MORENA_IDA,2024-01-24,Action Pending,10500000,Unsanctioned
MPLADS-005029,SHRI. Dharmendra Pradhan,Rajya Sabha,Madhya Pradesh,Sitting Rajya Sabha,Porsa,"ग्राम पंचायत एंति, ज़िला Morena",,,Normal/Others,NA - Development Works related to Public Facilities,DISTRICT COLLECTOR MORENA_IDA,2024-01-24,Action Pending,10000000,Unsanctioned
MPLADS-005361,SHRI Kailash Soni,Rajya Sabha,Madhya Pradesh,Sitting Rajya Sabha,,,Berasia,Ankia,Normal/Others,NA - Creation of new ponds,DISTRICT COLLECTOR BHOPAL_IDA,2024-01-23,Action Pending,1500000,Unsanctioned
MPLADS-005373,Virendra Kumar,Lok Sabha,Madhya Pradesh,TIKAMGARH(SC),Tikamgarh,20,,,Normal/Others,NA - Construction of common work sheds/ common covered sitting area,DISTRICT COLLECTOR TIKAMGARH_IDA,2024-01-23,Action Pending,200000,Unsanctioned
MPLADS-005582,Smt Sandhya Ray,Lok Sabha,Madhya Pradesh,BHIND(SC),Datia,BHARSULA,,,Normal/Others,NA - Construction of boundary walls of existing public and community buildings,District Collector Datia_IDA,2024-01-22,Action Pending,1000000,Unsanctioned
MPLADS-005667,Chhatar Singh Darbar,Lok Sabha,Madhya Pradesh,DHAR(ST),Dhar,1,,,Normal/Others,NA - Purchase of fire tenders for Government run institutions,DISTRICT COLLECTOR DHAR_IDA,2024-01-21,Action Pending,111476,Unsanctioned
MPLADS-005671,Dhal Singh Bisen,Lok Sabha,Madhya Pradesh,BALAGHAT,Balaghat,32,,,Trust and Society,NA - Construction of additional rooms and halls in the existing public and community building,DISTRICT COLLECTOR BALAGHAT_IDA,2024-01-21,Action Pending,500000,Unsanctioned
MPLADS-005672,Chhatar Singh Darbar,Lok Sabha,Madhya Pradesh,DHAR(ST),Sardarpur,1,,,Normal/Others,NA - Purchase of fire tenders for Government run institutions,DISTRICT COLLECTOR DHAR_IDA,2024-01-21,Action Pending,111476,Unsanctioned
MPLADS-005673,Chhatar Singh Darbar,Lok Sabha,Madhya Pradesh,DHAR(ST),Manawar,15,,,Normal/Others,NA - Purchase of fire tenders for Government run institutions,DISTRICT COLLECTOR DHAR_IDA,2024-01-21,Action Pending,111476,Unsanctioned
MPLADS-005711,Chhatar Singh Darbar,Lok Sabha,Madhya Pradesh,DHAR(ST),Mandav,1,,,Normal/Others,NA - Purchase of fire tenders for Government run institutions,DISTRICT COLLECTOR DHAR_IDA,2024-01-21,Action Pending,111476,Unsanctioned
MPLADS-005964,Shri Vivek K Tankha,Rajya Sabha,Madhya Pradesh,Sitting Rajya Sabha,,,Berasia,Dhekpur,Normal/Others,NA - Construction of culverts and bridges,DISTRICT COLLECTOR BHOPAL_IDA,2024-01-20,Action Pending,750000,Unsanctioned
MPLADS-005985,Krishna Pal Singh Yadav,Lok Sabha,Madhya Pradesh,GUNA,Ashoknagar,"80 Gram Panchayat From Janpath Panchayat of Ashok Nagar , Mungaoli ,Chanderi ,Isagarh",,,Normal/Others,WS/MP009/2023-2024/85245 - Purchase of mobile water tankers,DISTRICT COLLECTOR ASHOKNAGAR_IDA,2024-01-20,Approved by IDA,24324400,Unsanctioned
MPLADS-005986,Chhatar Singh Darbar,Lok Sabha,Madhya Pradesh,DHAR(ST),Sardarpur,5,,,Normal/Others,NA - Purchase of mobile water tankers,DISTRICT COLLECTOR DHAR_IDA,2024-01-20,Action Pending,163424,Unsanctioned
MPLADS-006116,Shri Vivek K Tankha,Rajya Sabha,Madhya Pradesh,Sitting Rajya Sabha,Jabalpur,Gokalpur Ward,,,Normal/Others,"NA - Construction of roads, link roads, pathways or any other road with or without drainage system",DISTRICT COLLECTOR JABALPUR_IDA,2024-01-19,Action Pending,500000,Unsanctioned
MPLADS-006178,Ganesh Singh,Lok Sabha,Madhya Pradesh,SATNA,Satna,"ward no.2, Umri",,,Normal/Others,NA - Improvement of electricity distribution infrastructure,DISTRICT COLLECTOR SATNA_IDA,2024-01-19,Action Pending,272000,Unsanctioned
MPLADS-006196,Ganesh Singh,Lok Sabha,Madhya Pradesh,SATNA,Satna,Utaili,,,Normal/Others,NA - Improvement of electricity distribution infrastructure,DISTRICT COLLECTOR SATNA_IDA,2024-01-19,Action Pending,123000,Unsanctioned
MPLADS-006197,Ganesh Singh,Lok Sabha,Madhya Pradesh,SATNA,Satna,Ghoordang,,,Normal/Others,NA - Improvement of electricity distribution infrastructure,DISTRICT COLLECTOR SATNA_IDA,2024-01-19,Action Pending,300000,Unsanctioned
MPLADS-006204,Sadhvi Pragya Singh Thakur ,Lok Sabha,Madhya Pradesh,BHOPAL,Bhopal,79,,,Normal/Others,NA - Construction of common work sheds/ common covered sitting area,DISTRICT COLLECTOR BHOPAL_IDA,2024-01-19,Action Pending,500000,Unsanctioned
MPLADS-006207,Chhatar Singh Darbar,Lok Sabha,Madhya Pradesh,DHAR(ST),Mandav,1,,,Normal/Others,NA - Purchase of mobile water tankers,DISTRICT COLLECTOR DHAR_IDA,2024-01-19,Action Pending,163424,Unsanctioned
MPLADS-006208,Chhatar Singh Darbar,Lok Sabha,Madhya Pradesh,DHAR(ST),Dhar,1,,,Normal/Others,NA - Purchase of mobile water tankers,DISTRICT COLLECTOR DHAR_IDA,2024-01-19,Action Pending,163424,Unsanctioned
MPLADS-006220,Ganesh Singh,Lok Sabha,Madhya Pradesh,SATNA,Satna,Amaudha,,,Normal/Others,NA - Improvement of electricity distribution infrastructure,DISTRICT COLLECTOR SATNA_IDA,2024-01-19,Action Pending,146000,Unsanctioned
MPLADS-006221,Ganesh Singh,Lok Sabha,Madhya Pradesh,SATNA,Satna,Utaili,,,Normal/Others,NA - Improvement of electricity distribution infrastructure,DISTRICT COLLECTOR SATNA_IDA,2024-01-19,Action Pending,117000,Unsanctioned
MPLADS-006222,Ganesh Singh,Lok Sabha,Madhya Pradesh,SATNA,Satna,Shiv colony,,,Normal/Others,NA - Improvement of electricity distribution infrastructure,DISTRICT COLLECTOR SATNA_IDA,2024-01-19,Action Pending,272000,Unsanctioned
MPLADS-006225,Chhatar Singh Darbar,Lok Sabha,Madhya Pradesh,DHAR(ST),Manawar,15,,,Normal/Others,NA - Purchase of mobile water tankers,DISTRICT COLLECTOR DHAR_IDA,2024-01-19,Action Pending,163424,Unsanctioned
MPLADS-006228,Ganesh Singh,Lok Sabha,Madhya Pradesh,SATNA,Satna,"Ward No.13,",,,Normal/Others,NA - Improvement of electricity distribution infrastructure,DISTRICT COLLECTOR SATNA_IDA,2024-01-19,Action Pending,178000,Unsanctioned
MPLADS-006249,Ganesh Singh,Lok Sabha,Madhya Pradesh,SATNA,Satna,Marutinagar,,,Normal/Others,NA - Improvement of electricity distribution infrastructure,DISTRICT COLLECTOR SATNA_IDA,2024-01-19,Action Pending,200000,Unsanctioned
MPLADS-006253,Ganesh Singh,Lok Sabha,Madhya Pradesh,SATNA,Satna,Badkhar,,,Normal/Others,NA - Improvement of electricity distribution infrastructure,DISTRICT COLLECTOR SATNA_IDA,2024-01-18,Action Pending,200000,Unsanctioned
MPLADS-006256,Ganesh Singh,Lok Sabha,Madhya Pradesh,SATNA,Satna,Sonaura,,,Normal/Others,NA - Improvement of electricity distribution infrastructure,DISTRICT COLLECTOR SATNA_IDA,2024-01-18,Action Pending,70000,Unsanctioned
MPLADS-006297,Ganesh Singh,Lok Sabha,Madhya Pradesh,SATNA,Satna,Delaura,,,Normal/Others,NA - Improvement of electricity distribution infrastructure,DISTRICT COLLECTOR SATNA_IDA,2024-01-18,Action Pending,200000,Unsanctioned
MPLADS-006337,Shri Vivek K Tankha,Rajya Sabha,Madhya Pradesh,Sitting Rajya Sabha,Jaora,District Court Jaora,,,Normal/Others,NA - Construction of additional rooms and halls in the existing public and community building,District Collector Ratlam_IDA,2024-01-18,Action Pending,1000000,Unsanctioned
MPLADS-006365,Ganesh Singh,Lok Sabha,Madhya Pradesh,SATNA,Satna,Shukla Bardadih,,,Normal/Others,NA - Improvement of electricity distribution infrastructure,DISTRICT COLLECTOR SATNA_IDA,2024-01-18,Action Pending,219000,Unsanctioned
MPLADS-006435,Ganesh Singh,Lok Sabha,Madhya Pradesh,SATNA,Satna,Badkhar,,,Normal/Others,NA - Improvement of electricity distribution infrastructure,DISTRICT COLLECTOR SATNA_IDA,2024-01-18,Action Pending,237000,Unsanctioned
MPLADS-006437,Ganesh Singh,Lok Sabha,Madhya Pradesh,SATNA,Satna,Ghoordang,,,Normal/Others,NA - Improvement of electricity distribution infrastructure,DISTRICT COLLECTOR SATNA_IDA,2024-01-18,Action Pending,200000,Unsanctioned
MPLADS-006498,Ganesh Singh,Lok Sabha,Madhya Pradesh,SATNA,Satna,Transport Nagar,,,Normal/Others,NA - Improvement of electricity distribution infrastructure,DISTRICT COLLECTOR SATNA_IDA,2024-01-18,Action Pending,133000,Unsanctioned
MPLADS-006608,Ganesh Singh,Lok Sabha,Madhya Pradesh,SATNA,Satna,Ghoordang,,,Normal/Others,NA - Improvement of electricity distribution infrastructure,DISTRICT COLLECTOR SATNA_IDA,2024-01-18,Action Pending,178000,Unsanctioned
MPLADS-006609,Ganesh Singh,Lok Sabha,Madhya Pradesh,SATNA,Satna,Bagaha,,,Normal/Others,NA - Improvement of electricity distribution infrastructure,DISTRICT COLLECTOR SATNA_IDA,2024-01-18,Action Pending,300000,Unsanctioned
MPLADS-006881,Gajendra Singh Patel,Lok Sabha,Madhya Pradesh,KHARGONE(ST),Barwani,ward 08,,,Normal/Others,NA - Construction of public libraries and reading rooms,DISTRICT COLLECTOR BADWANI_IDA,2024-01-17,Action Pending,600000,Unsanctioned
MPLADS-006971,Chhatar Singh Darbar,Lok Sabha,Madhya Pradesh,DHAR(ST),Dhar,1,,,Normal/Others,NA - Purchase Books for Library,DISTRICT COLLECTOR DHAR_IDA,2024-01-16,Action Pending,100000,Unsanctioned
MPLADS-006972,Shri Sudheer Gupta ,Lok Sabha,Madhya Pradesh,MANDSOUR,Jawad,3,,,Normal/Others,NA - Construction of community centers and community halls,District Collector Neemuch_IDA,2024-01-16,Action Pending,200000,Unsanctioned
MPLADS-006974,Shri Sudheer Gupta ,Lok Sabha,Madhya Pradesh,MANDSOUR,Jawad,3,,,Normal/Others,NA - Improvement of electricity distribution infrastructure,District Collector Neemuch_IDA,2024-01-16,Action Pending,200000,Unsanctioned
MPLADS-007124,SH L Murugan,Rajya Sabha,Madhya Pradesh,Sitting Rajya Sabha,,,Nagda,Rupeta,Normal/Others,NA - Construction of community centers and community halls,DISTRICT COLLECTOR UJJAIN_IDA,2024-01-15,Action Pending,1500000,Unsanctioned
MPLADS-007186,Mahendra Singh Solanky,Lok Sabha,Madhya Pradesh,DEWAS(SC),,,Tonk Khurd,Fatepur,Normal/Others,"WS/MP653/2023-2024/82102 - Construction of roads, link roads, pathways or any other road with or without drainage system",DISTRICT COLLECTOR DEWAS_IDA,2024-01-15,Approved by IDA,300000,Sanctioned
MPLADS-007308,Ganesh Singh,Lok Sabha,Madhya Pradesh,SATNA,Satna,Shantoshi mata,,,Normal/Others,WS/MP642/2023-2024/81899 - Improvement of electricity distribution infrastructure,DISTRICT COLLECTOR SATNA_IDA,2024-01-14,Approved by IDA,60000,Unsanctioned
MPLADS-007309,Ganesh Singh,Lok Sabha,Madhya Pradesh,SATNA,Satna,Sherganj,,,Normal/Others,WS/MP642/2023-2024/81868 - Improvement of electricity distribution infrastructure,DISTRICT COLLECTOR SATNA_IDA,2024-01-14,Approved by IDA,174000,Unsanctioned
MPLADS-007310,Ganesh Singh,Lok Sabha,Madhya Pradesh,SATNA,Satna,Ajad chauk,,,Normal/Others,WS/MP642/2023-2024/81866 - Improvement of electricity distribution infrastructure,DISTRICT COLLECTOR SATNA_IDA,2024-01-14,Approved by IDA,282000,Unsanctioned
MPLADS-007311,Ganesh Singh,Lok Sabha,Madhya Pradesh,SATNA,Satna,Gadhiya tola,,,Normal/Others,WS/MP642/2023-2024/81862 - Improvement of electricity distribution infrastructure,DISTRICT COLLECTOR SATNA_IDA,2024-01-14,Approved by IDA,180000,Unsanctioned
MPLADS-007312,Ganesh Singh,Lok Sabha,Madhya Pradesh,SATNA,Satna,22,,,Normal/Others,WS/MP642/2023-2024/81852 - Improvement of electricity distribution infrastructure,DISTRICT COLLECTOR SATNA_IDA,2024-01-14,Approved by IDA,100000,Unsanctioned
MPLADS-007322,Ganesh Singh,Lok Sabha,Madhya Pradesh,SATNA,Satna,22,,,Normal/Others,NA - Improvement of electricity distribution infrastructure,DISTRICT COLLECTOR SATNA_IDA,2024-01-14,Action Pending,100000,Unsanctioned
MPLADS-007323,Ganesh Singh,Lok Sabha,Madhya Pradesh,SATNA,Satna,12,,,Normal/Others,WS/MP642/2023-2024/81823 - Improvement of electricity distribution infrastructure,DISTRICT COLLECTOR SATNA_IDA,2024-01-14,Approved by IDA,120000,Unsanctioned
MPLADS-007333,SHRI Kailash Soni,Rajya Sabha,Madhya Pradesh,Sitting Rajya Sabha,,,Berasia,Sindhora,Normal/Others,NA - Construction of culverts and bridges,DISTRICT COLLECTOR BHOPAL_IDA,2024-01-14,Action Pending,1000000,Unsanctioned
MPLADS-007334,SHRI Kailash Soni,Rajya Sabha,Madhya Pradesh,Sitting Rajya Sabha,,,Berasia,Rehtai,Normal/Others,NA - Construction of culverts and bridges,DISTRICT COLLECTOR BHOPAL_IDA,2024-01-14,Action Pending,1000000,Unsanctioned
MPLADS-007335,SHRI Kailash Soni,Rajya Sabha,Madhya Pradesh,Sitting Rajya Sabha,,,Berasia,Bhens Kheda,Normal/Others,"WS/MP231/2023-2024/81903 - Construction of roads, link roads, pathways or any other road with or without drainage system",DISTRICT COLLECTOR BHOPAL_IDA,2024-01-14,Approved by IDA,1000000,Unsanctioned
MPLADS-007350,Janardan Mishra,Lok Sabha,Madhya Pradesh,REWA,Rewa,22;02,,,Normal/Others,NA - Fitting of Sitting RCC Benches in Public Places,DISTRICT COLLECTOR REWA_IDA,2024-01-14,Action Pending,729150,Unsanctioned
MPLADS-007351,Janardan Mishra,Lok Sabha,Madhya Pradesh,REWA,Rewa,22,,,Normal/Others,"NA - Construction of rooms and facilities for hospitals, FWC , PHC Centers and ANM centers",DISTRICT COLLECTOR REWA_IDA,2024-01-14,Action Pending,271000,Unsanctioned
MPLADS-007352,Ramakant Bhargava,Lok Sabha,Madhya Pradesh,VIDISHA,Shahganj,12,,,Normal/Others,NA - Construction of boundary walls of existing public and community buildings,DISTRICT COLLECTOR SEHORE_IDA,2024-01-14,Action Pending,995856,Unsanctioned
MPLADS-007355,SHRI Kailash Soni,Rajya Sabha,Madhya Pradesh,Sitting Rajya Sabha,,,Gadarwara,Harrai,Normal/Others,"NA - Construction of roads, link roads, pathways or any other road with or without drainage system",DISTRICT COLLECTOR NARSINGHPUR_IDA,2024-01-14,Action Pending,100000,Unsanctioned
MPLADS-007380,Ganesh Singh,Lok Sabha,Madhya Pradesh,SATNA,Satna,22,,,Normal/Others,NA - Improvement of electricity distribution infrastructure,DISTRICT COLLECTOR SATNA_IDA,2024-01-14,Action Pending,100000,Unsanctioned
MPLADS-007382,Ganesh Singh,Lok Sabha,Madhya Pradesh,SATNA,Satna,nai basti,,,Normal/Others,NA - Improvement of electricity distribution infrastructure,DISTRICT COLLECTOR SATNA_IDA,2024-01-14,Action Pending,100000,Unsanctioned
MPLADS-007393,Ganesh Singh,Lok Sabha,Madhya Pradesh,SATNA,Satna,Nai basti,,,Normal/Others,NA - Improvement of electricity distribution infrastructure,DISTRICT COLLECTOR SATNA_IDA,2024-01-14,Action Pending,174000,Unsanctioned
MPLADS-007394,Ganesh Singh,Lok Sabha,Madhya Pradesh,SATNA,Satna,Amaudha,,,Normal/Others,NA - Improvement of electricity distribution infrastructure,DISTRICT COLLECTOR SATNA_IDA,2024-01-14,Action Pending,288000,Unsanctioned
MPLADS-007412,Ganesh Singh,Lok Sabha,Madhya Pradesh,SATNA,Satna,30,,,Normal/Others,NA - Improvement of electricity distribution infrastructure,DISTRICT COLLECTOR SATNA_IDA,2024-01-14,Action Pending,190000,Unsanctioned
MPLADS-007424,Ganesh Singh,Lok Sabha,Madhya Pradesh,SATNA,Satna,22,,,Normal/Others,NA - Improvement of electricity distribution infrastructure,DISTRICT COLLECTOR SATNA_IDA,2024-01-14,Action Pending,183000,Unsanctioned
MPLADS-007425,Ganesh Singh,Lok Sabha,Madhya Pradesh,SATNA,Satna,Gadiya tola,,,Normal/Others,NA - Improvement of electricity distribution infrastructure,DISTRICT COLLECTOR SATNA_IDA,2024-01-14,Action Pending,143000,Unsanctioned
MPLADS-007428,Ganesh Singh,Lok Sabha,Madhya Pradesh,SATNA,Satna,Pateri,,,Normal/Others,NA - Improvement of electricity distribution infrastructure,DISTRICT COLLECTOR SATNA_IDA,2024-01-14,Action Pending,300000,Unsanctioned
MPLADS-007430,Ganesh Singh,Lok Sabha,Madhya Pradesh,SATNA,Satna,purainiha,,,Normal/Others,NA - Improvement of electricity distribution infrastructure,DISTRICT COLLECTOR SATNA_IDA,2024-01-14,Action Pending,140000,Unsanctioned
MPLADS-007440,Ganesh Singh,Lok Sabha,Madhya Pradesh,SATNA,Satna,22,,,Normal/Others,WS/MP642/2023-2024/81905 - Improvement of electricity distribution infrastructure,DISTRICT COLLECTOR SATNA_IDA,2024-01-14,Approved by IDA,100000,Unsanctioned
MPLADS-007443,Ganesh Singh,Lok Sabha,Madhya Pradesh,SATNA,Satna,Amaudha basti,,,Normal/Others,NA - Improvement of electricity distribution infrastructure,DISTRICT COLLECTOR SATNA_IDA,2024-01-14,Action Pending,176000,Unsanctioned
MPLADS-007448,Ganesh Singh,Lok Sabha,Madhya Pradesh,SATNA,Satna,Rajiv nagar naibasti,,,Normal/Others,NA - Improvement of electricity distribution infrastructure,DISTRICT COLLECTOR SATNA_IDA,2024-01-14,Action Pending,100000,Unsanctioned
MPLADS-007450,Ganesh Singh,Lok Sabha,Madhya Pradesh,SATNA,Satna,nai basti,,,Normal/Others,WS/MP642/2023-2024/81907 - Improvement of electricity distribution infrastructure,DISTRICT COLLECTOR SATNA_IDA,2024-01-14,Approved by IDA,234000,Unsanctioned
MPLADS-007451,Ganesh Singh,Lok Sabha,Madhya Pradesh,SATNA,Satna,sherganj,,,Normal/Others,NA - Improvement of electricity distribution infrastructure,DISTRICT COLLECTOR SATNA_IDA,2024-01-14,Action Pending,68000,Unsanctioned
MPLADS-007454,Ganesh Singh,Lok Sabha,Madhya Pradesh,SATNA,Satna,22,,,Normal/Others,NA - Improvement of electricity distribution infrastructure,DISTRICT COLLECTOR SATNA_IDA,2024-01-14,Action Pending,180000,Unsanctioned
MPLADS-007455,Ganesh Singh,Lok Sabha,Madhya Pradesh,SATNA,Satna,11,,,Normal/Others,NA - Improvement of electricity distribution infrastructure,DISTRICT COLLECTOR SATNA_IDA,2024-01-14,Action Pending,200000,Unsanctioned
MPLADS-007456,Ganesh Singh,Lok Sabha,Madhya Pradesh,SATNA,Satna,delaura,,,Normal/Others,WS/MP642/2023-2024/81909 - Improvement of electricity distribution infrastructure,DISTRICT COLLECTOR SATNA_IDA,2024-01-14,Approved by IDA,182000,Unsanctioned
MPLADS-007457,Ganesh Singh,Lok Sabha,Madhya Pradesh,SATNA,Satna,12 Abdul Kalam Azad Ward,,,Normal/Others,NA - Improvement of electricity distribution infrastructure,DISTRICT COLLECTOR SATNA_IDA,2024-01-14,Action Pending,148000,Unsanctioned
MPLADS-007458,Ganesh Singh,Lok Sabha,Madhya Pradesh,SATNA,Satna,delaora,,,Normal/Others,NA - Improvement of electricity distribution infrastructure,DISTRICT COLLECTOR SATNA_IDA,2024-01-14,Action Pending,250000,Unsanctioned
MPLADS-007460,Ganesh Singh,Lok Sabha,Madhya Pradesh,SATNA,Satna,12,,,Normal/Others,WS/MP642/2023-2024/81910 - Improvement of electricity distribution infrastructure,DISTRICT COLLECTOR SATNA_IDA,2024-01-14,Approved by IDA,250000,Unsanctioned
MPLADS-007461,Ganesh Singh,Lok Sabha,Madhya Pradesh,SATNA,Satna,Sharda colony,,,Normal/Others,NA - Improvement of electricity distribution infrastructure,DISTRICT COLLECTOR SATNA_IDA,2024-01-14,Action Pending,128000,Unsanctioned
MPLADS-007462,Ganesh Singh,Lok Sabha,Madhya Pradesh,SATNA,Satna,11,,,Normal/Others,NA - Improvement of electricity distribution infrastructure,DISTRICT COLLECTOR SATNA_IDA,2024-01-14,Action Pending,129000,Unsanctioned
MPLADS-007463,Ganesh Singh,Lok Sabha,Madhya Pradesh,SATNA,Satna,Aklavy nagar,,,Normal/Others,NA - Improvement of electricity distribution infrastructure,DISTRICT COLLECTOR SATNA_IDA,2024-01-14,Action Pending,285000,Unsanctioned
MPLADS-007464,Ganesh Singh,Lok Sabha,Madhya Pradesh,SATNA,Satna,Shiv colony,,,Normal/Others,NA - Improvement of electricity distribution infrastructure,DISTRICT COLLECTOR SATNA_IDA,2024-01-14,Action Pending,183000,Unsanctioned
MPLADS-007677,Sadhvi Pragya Singh Thakur ,Lok Sabha,Madhya Pradesh,BHOPAL,Bhopal,47,,,Trust and Society,NA - Construction of additional rooms and halls in the existing public and community building,DISTRICT COLLECTOR BHOPAL_IDA,2024-01-13,Action Pending,1000000,Unsanctioned
MPLADS-007950,SHRI Kailash Soni,Rajya Sabha,Madhya Pradesh,Sitting Rajya Sabha,,,Kareli,Ratikarar Khurd,Normal/Others,NA - Construction of community centers and community halls,DISTRICT COLLECTOR NARSINGHPUR_IDA,2024-01-12,Action Pending,400000,Unsanctioned
MPLADS-007951,SHRI Kailash Soni,Rajya Sabha,Madhya Pradesh,Sitting Rajya Sabha,,,Narsimhapur,Ghat Pipariya,Normal/Others,"NA - Construction of roads, link roads, pathways or any other road with or without drainage system",DISTRICT COLLECTOR NARSINGHPUR_IDA,2024-01-12,Action Pending,200000,Unsanctioned
MPLADS-007952,SHRI Kailash Soni,Rajya Sabha,Madhya Pradesh,Sitting Rajya Sabha,,,Narsimhapur,Murgakheda,Normal/Others,"NA - Construction of roads, link roads, pathways or any other road with or without drainage system",DISTRICT COLLECTOR NARSINGHPUR_IDA,2024-01-12,Action Pending,300000,Unsanctioned
MPLADS-007953,SHRI Kailash Soni,Rajya Sabha,Madhya Pradesh,Sitting Rajya Sabha,,,Kareli,Kudi,Normal/Others,NA - Construction of common work sheds/ common covered sitting area,DISTRICT COLLECTOR NARSINGHPUR_IDA,2024-01-12,Action Pending,200000,Unsanctioned
MPLADS-007954,SHRI Kailash Soni,Rajya Sabha,Madhya Pradesh,Sitting Rajya Sabha,,,Kareli,Amgaon,Normal/Others,NA - Construction of common work sheds/ common covered sitting area,DISTRICT COLLECTOR NARSINGHPUR_IDA,2024-01-12,Action Pending,200000,Unsanctioned
MPLADS-007955,SHRI Kailash Soni,Rajya Sabha,Madhya Pradesh,Sitting Rajya Sabha,,,Tendukheda,Ishurpur,Normal/Others,NA - Construction of common work sheds/ common covered sitting area,DISTRICT COLLECTOR NARSINGHPUR_IDA,2024-01-12,Action Pending,200000,Unsanctioned
MPLADS-007977,SHRI Kailash Soni,Rajya Sabha,Madhya Pradesh,Sitting Rajya Sabha,Kareli,kareli,,,Normal/Others,NA - Construction of community centers and community halls,DISTRICT COLLECTOR NARSINGHPUR_IDA,2024-01-12,Action Pending,500000,Unsanctioned
MPLADS-007978,SHRI Kailash Soni,Rajya Sabha,Madhya Pradesh,Sitting Rajya Sabha,,,Gadarwara,Rati Karar,Normal/Others,NA - Construction of common work sheds/ common covered sitting area,DISTRICT COLLECTOR NARSINGHPUR_IDA,2024-01-12,Action Pending,100000,Unsanctioned
MPLADS-007997,Ms Kavita Patidar,Rajya Sabha,Madhya Pradesh,Sitting Rajya Sabha,,,Badnawar,Ghatgara,Normal/Others,NA - Purchase of mobile water tankers,DISTRICT COLLECTOR DHAR_IDA,2024-01-12,Action Pending,205000,Unsanctioned
MPLADS-007998,Ms Kavita Patidar,Rajya Sabha,Madhya Pradesh,Sitting Rajya Sabha,,,Dharampuri,Sundrel,Normal/Others,NA - Purchase of mobile water tankers,DISTRICT COLLECTOR DHAR_IDA,2024-01-12,Action Pending,205000,Unsanctioned
MPLADS-007999,Ms Kavita Patidar,Rajya Sabha,Madhya Pradesh,Sitting Rajya Sabha,,,Dharampuri,Chikatyabad,Normal/Others,NA - Purchase of mobile water tankers,DISTRICT COLLECTOR DHAR_IDA,2024-01-12,Action Pending,205000,Unsanctioned
MPLADS-008000,SHRI Kailash Soni,Rajya Sabha,Madhya Pradesh,Sitting Rajya Sabha,,,Berasia,Undrai,Normal/Others,"NA - Construction of roads, link roads, pathways or any other road with or without drainage system",DISTRICT COLLECTOR BHOPAL_IDA,2024-01-12,Action Pending,200000,Unsanctioned
MPLADS-008001,SHRI Kailash Soni,Rajya Sabha,Madhya Pradesh,Sitting Rajya Sabha,,,Kareli,Bitali,Normal/Others,NA - Lighting of public spaces,DISTRICT COLLECTOR NARSINGHPUR_IDA,2024-01-12,Action Pending,200000,Unsanctioned
MPLADS-008002,SHRI Kailash Soni,Rajya Sabha,Madhya Pradesh,Sitting Rajya Sabha,,,Kareli,Basadehi,Normal/Others,NA - Construction of common work sheds/ common covered sitting area,DISTRICT COLLECTOR NARSINGHPUR_IDA,2024-01-12,Action Pending,200000,Unsanctioned
MPLADS-008003,SHRI Kailash Soni,Rajya Sabha,Madhya Pradesh,Sitting Rajya Sabha,,,Kareli,Tinsara,Normal/Others,NA - Construction of common work sheds/ common covered sitting area,DISTRICT COLLECTOR NARSINGHPUR_IDA,2024-01-12,Action Pending,200000,Unsanctioned
MPLADS-008357,Dr . Sumer Singh Solanki,Rajya Sabha,Madhya Pradesh,Sitting Rajya Sabha,,,Pati,Dogargaon,Normal/Others,NA - Construction of culverts and bridges,DISTRICT COLLECTOR BADWANI_IDA,2024-01-11,Action Pending,1000000,Unsanctioned
MPLADS-008358,Dr . Sumer Singh Solanki,Rajya Sabha,Madhya Pradesh,Sitting Rajya Sabha,Rajpur,14,,,Normal/Others,NA - Construction of buildings for community cultural activities,DISTRICT COLLECTOR BADWANI_IDA,2024-01-11,Action Pending,1000000,Unsanctioned
MPLADS-008359,Dr . Sumer Singh Solanki,Rajya Sabha,Madhya Pradesh,Sitting Rajya Sabha,,,Pati,Atarsanbha,Normal/Others,NA - Construction of community centers and community halls,DISTRICT COLLECTOR BADWANI_IDA,2024-01-11,Action Pending,500000,Unsanctioned
MPLADS-008386,Dr . Sumer Singh Solanki,Rajya Sabha,Madhya Pradesh,Sitting Rajya Sabha,,,Berasia,Narela Bazyaft,Normal/Others,NA - Construction of community centers and community halls,DISTRICT COLLECTOR BHOPAL_IDA,2024-01-11,Action Pending,800000,Unsanctioned
MPLADS-008388,Dr . Sumer Singh Solanki,Rajya Sabha,Madhya Pradesh,Sitting Rajya Sabha,,,Barwani,Panchpala Dakshin,Normal/Others,NA - Construction of additional rooms and halls in the existing public and community building,DISTRICT COLLECTOR BADWANI_IDA,2024-01-11,Action Pending,300000,Unsanctioned
MPLADS-008389,Dr . Sumer Singh Solanki,Rajya Sabha,Madhya Pradesh,Sitting Rajya Sabha,Barwani,06,,,Normal/Others,NA - Construction of additional rooms and halls in the existing public and community building,DISTRICT COLLECTOR BADWANI_IDA,2024-01-11,Action Pending,300000,Unsanctioned
MPLADS-008390,Dr . Sumer Singh Solanki,Rajya Sabha,Madhya Pradesh,Sitting Rajya Sabha,,,Barwani,Bagud,Normal/Others,NA - Construction of buildings for community cultural activities,DISTRICT COLLECTOR BADWANI_IDA,2024-01-11,Action Pending,500000,Unsanctioned
MPLADS-008391,Dr . Sumer Singh Solanki,Rajya Sabha,Madhya Pradesh,Sitting Rajya Sabha,,,Barwani,Rehgun (Sajwani),Normal/Others,"NA - Construction of roads, link roads, pathways or any other road with or without drainage system",DISTRICT COLLECTOR BADWANI_IDA,2024-01-11,Action Pending,250000,Unsanctioned
MPLADS-008392,Dr . Sumer Singh Solanki,Rajya Sabha,Madhya Pradesh,Sitting Rajya Sabha,,,Barwani,Rehgun (Sajwani),Normal/Others,NA - Construction of additional rooms and halls in the existing public and community building,DISTRICT COLLECTOR BADWANI_IDA,2024-01-11,Action Pending,300000,Unsanctioned
MPLADS-008393,Dr . Sumer Singh Solanki,Rajya Sabha,Madhya Pradesh,Sitting Rajya Sabha,Pansemal,13,,,Normal/Others,NA - Construction of additional rooms and halls in the existing public and community building,DISTRICT COLLECTOR BADWANI_IDA,2024-01-11,Action Pending,300000,Unsanctioned
MPLADS-008394,Dr . Sumer Singh Solanki,Rajya Sabha,Madhya Pradesh,Sitting Rajya Sabha,Barwani,11,,,Normal/Others,NA - Installation of multi-gym equipment,DISTRICT COLLECTOR BADWANI_IDA,2024-01-11,Action Pending,500000,Unsanctioned
MPLADS-008395,Dr . Sumer Singh Solanki,Rajya Sabha,Madhya Pradesh,Sitting Rajya Sabha,,,Barwani,Mardai,Normal/Others,NA - Construction of community centers and community halls,DISTRICT COLLECTOR BADWANI_IDA,2024-01-11,Action Pending,1000000,Unsanctioned
MPLADS-008396,Dr . Sumer Singh Solanki,Rajya Sabha,Madhya Pradesh,Sitting Rajya Sabha,,,Berasia,Maholi,Normal/Others,"NA - Construction of roads, link roads, pathways or any other road with or without drainage system",DISTRICT COLLECTOR BHOPAL_IDA,2024-01-11,Action Pending,1000000,Unsanctioned
MPLADS-008397,Dr . Sumer Singh Solanki,Rajya Sabha,Madhya Pradesh,Sitting Rajya Sabha,,,Berasia,Tarawli Khurd,Normal/Others,"WS/MP010/2023-2024/80524 - Construction of roads, link roads, pathways or any other road with or without drainage system",DISTRICT COLLECTOR BHOPAL_IDA,2024-01-11,Approved by IDA,1500000,Unsanctioned
MPLADS-008398,Dr . Sumer Singh Solanki,Rajya Sabha,Madhya Pradesh,Sitting Rajya Sabha,,,Berasia,Kolu Khedi Kalan,Normal/Others,NA - Construction of additional rooms and halls in the existing public and community building,DISTRICT COLLECTOR BHOPAL_IDA,2024-01-11,Action Pending,600000,Unsanctioned
MPLADS-008425,Shri Anil Firojiya ,Lok Sabha,Madhya Pradesh,UJJAIN(SC),Ujjain,53,,,Normal/Others,NA - Development of playfields and sports grounds,DISTRICT COLLECTOR UJJAIN_IDA,2024-01-11,Action Pending,1000000,Unsanctioned
MPLADS-008516,Krishna Pal Singh Yadav,Lok Sabha,Madhya Pradesh,GUNA,Ashoknagar,88 Gram Panchyat,,,Normal/Others,WS/MP009/2023-2024/78954 - Purchase of mobile water tankers,DISTRICT COLLECTOR ASHOKNAGAR_IDA,2024-01-10,Approved by IDA,26756840,Unsanctioned
MPLADS-008616,Mahendra Singh Solanky,Lok Sabha,Madhya Pradesh,DEWAS(SC),Shujalpur,ward 24,,,Normal/Others,NA - Construction of common work sheds/ common covered sitting area,District Collector Shajapur_IDA,2024-01-09,Action Pending,1000000,Unsanctioned
MPLADS-008618,Shri Sudheer Gupta ,Lok Sabha,Madhya Pradesh,MANDSOUR,Garoth,14,,,Normal/Others,WS/MP356/2023-2024/78759 - Crematoriums or structures on burial/ cremation ground for public convenience,DISTRICT COLLECTOR MANDSAUR_IDA,2024-01-09,Approved by IDA,200000,Unsanctioned
MPLADS-008619,Ganesh Singh,Lok Sabha,Madhya Pradesh,SATNA,,,Raghurajnagar Nagareey,Matehana,Normal/Others,WS/MP642/2023-2024/78726 - construction of staircase/ stair ghat for public convenience,DISTRICT COLLECTOR SATNA_IDA,2024-01-09,Approved by IDA,500000,Sanctioned
MPLADS-008756,Sadhvi Pragya Singh Thakur ,Lok Sabha,Madhya Pradesh,BHOPAL,Bhopal,45,,,Normal/Others,NA - Construction of bus-sheds or bus-stops,DISTRICT COLLECTOR BHOPAL_IDA,2024-01-08,Action Pending,307000,Unsanctioned
MPLADS-008757,Sadhvi Pragya Singh Thakur ,Lok Sabha,Madhya Pradesh,BHOPAL,Bhopal,45,,,Normal/Others,NA - Construction of bus-sheds or bus-stops,DISTRICT COLLECTOR BHOPAL_IDA,2024-01-08,Action Pending,307000,Unsanctioned
MPLADS-008763,Sadhvi Pragya Singh Thakur ,Lok Sabha,Madhya Pradesh,BHOPAL,Bhopal,45,,,Normal/Others,NA - Construction of bus-sheds or bus-stops,DISTRICT COLLECTOR BHOPAL_IDA,2024-01-08,Action Pending,307000,Unsanctioned
MPLADS-008766,Sadhvi Pragya Singh Thakur ,Lok Sabha,Madhya Pradesh,BHOPAL,Bhopal,43,,,Normal/Others,NA - Construction of bus-sheds or bus-stops,DISTRICT COLLECTOR BHOPAL_IDA,2024-01-08,Action Pending,307000,Unsanctioned
MPLADS-008777,Sadhvi Pragya Singh Thakur ,Lok Sabha,Madhya Pradesh,BHOPAL,Bhopal,54,,,Normal/Others,NA - Construction of bus-sheds or bus-stops,DISTRICT COLLECTOR BHOPAL_IDA,2024-01-08,Action Pending,307000,Unsanctioned
MPLADS-008780,Sadhvi Pragya Singh Thakur ,Lok Sabha,Madhya Pradesh,BHOPAL,Bhopal,58,,,Normal/Others,NA - Construction of bus-sheds or bus-stops,DISTRICT COLLECTOR BHOPAL_IDA,2024-01-08,Action Pending,307000,Unsanctioned
MPLADS-008785,Sadhvi Pragya Singh Thakur ,Lok Sabha,Madhya Pradesh,BHOPAL,Bhopal,62,,,Normal/Others,NA - Construction of bus-sheds or bus-stops,DISTRICT COLLECTOR BHOPAL_IDA,2024-01-08,Action Pending,307000,Unsanctioned
MPLADS-008790,Sadhvi Pragya Singh Thakur ,Lok Sabha,Madhya Pradesh,BHOPAL,Bhopal,59,,,Normal/Others,NA - Construction of bus-sheds or bus-stops,DISTRICT COLLECTOR BHOPAL_IDA,2024-01-08,Action Pending,307000,Unsanctioned
MPLADS-008791,Sadhvi Pragya Singh Thakur ,Lok Sabha,Madhya Pradesh,BHOPAL,Bhopal,58,,,Normal/Others,NA - Construction of bus-sheds or bus-stops,DISTRICT COLLECTOR BHOPAL_IDA,2024-01-08,Action Pending,307000,Unsanctioned
MPLADS-008792,Sadhvi Pragya Singh Thakur ,Lok Sabha,Madhya Pradesh,BHOPAL,Bhopal,58,,,Normal/Others,NA - Construction of bus-sheds or bus-stops,DISTRICT COLLECTOR BHOPAL_IDA,2024-01-08,Action Pending,307000,Unsanctioned
MPLADS-008793,Sadhvi Pragya Singh Thakur ,Lok Sabha,Madhya Pradesh,BHOPAL,Bhopal,58,,,Normal/Others,NA - Construction of bus-sheds or bus-stops,DISTRICT COLLECTOR BHOPAL_IDA,2024-01-08,Action Pending,307000,Unsanctioned
MPLADS-008794,Sadhvi Pragya Singh Thakur ,Lok Sabha,Madhya Pradesh,BHOPAL,Bhopal,58,,,Normal/Others,NA - Construction of bus-sheds or bus-stops,DISTRICT COLLECTOR BHOPAL_IDA,2024-01-08,Action Pending,307000,Unsanctioned
MPLADS-008796,Sadhvi Pragya Singh Thakur ,Lok Sabha,Madhya Pradesh,BHOPAL,Bhopal,46,,,Normal/Others,NA - Construction of bus-sheds or bus-stops,DISTRICT COLLECTOR BHOPAL_IDA,2024-01-08,Action Pending,307000,Unsanctioned
MPLADS-008797,Sadhvi Pragya Singh Thakur ,Lok Sabha,Madhya Pradesh,BHOPAL,Bhopal,49,,,Normal/Others,NA - Construction of bus-sheds or bus-stops,DISTRICT COLLECTOR BHOPAL_IDA,2024-01-08,Action Pending,307000,Unsanctioned
MPLADS-008798,Sadhvi Pragya Singh Thakur ,Lok Sabha,Madhya Pradesh,BHOPAL,Bhopal,50,,,Normal/Others,NA - Construction of bus-sheds or bus-stops,DISTRICT COLLECTOR BHOPAL_IDA,2024-01-08,Action Pending,307000,Unsanctioned
MPLADS-008799,Sadhvi Pragya Singh Thakur ,Lok Sabha,Madhya Pradesh,BHOPAL,Bhopal,51,,,Normal/Others,NA - Construction of bus-sheds or bus-stops,DISTRICT COLLECTOR BHOPAL_IDA,2024-01-08,Action Pending,307000,Unsanctioned
MPLADS-008803,Sadhvi Pragya Singh Thakur ,Lok Sabha,Madhya Pradesh,BHOPAL,Bhopal,51,,,Normal/Others,NA - Construction of bus-sheds or bus-stops,DISTRICT COLLECTOR BHOPAL_IDA,2024-01-08,Action Pending,307000,Unsanctioned
MPLADS-008804,Sadhvi Pragya Singh Thakur ,Lok Sabha,Madhya Pradesh,BHOPAL,Bhopal,52,,,Normal/Others,NA - Construction of bus-sheds or bus-stops,DISTRICT COLLECTOR BHOPAL_IDA,2024-01-08,Action Pending,307000,Unsanctioned
MPLADS-008805,Sadhvi Pragya Singh Thakur ,Lok Sabha,Madhya Pradesh,BHOPAL,Bhopal,45,,,Normal/Others,NA - Construction of bus-sheds or bus-stops,DISTRICT COLLECTOR BHOPAL_IDA,2024-01-08,Action Pending,307000,Unsanctioned
MPLADS-008808,Sadhvi Pragya Singh Thakur ,Lok Sabha,Madhya Pradesh,BHOPAL,Bhopal,58,,,Normal/Others,NA - Construction of bus-sheds or bus-stops,DISTRICT COLLECTOR BHOPAL_IDA,2024-01-08,Action Pending,307000,Unsanctioned
MPLADS-008810,Mahendra Singh Solanky,Lok Sabha,Madhya Pradesh,DEWAS(SC),,,Ashta,Khadi,Normal/Others,WS/MP653/2023-2024/77790 - Construction of common work sheds/ common covered sitting area,DISTRICT COLLECTOR SEHORE_IDA,2024-01-08,Approved by IDA,500000,Sanctioned
MPLADS-008811,Mahendra Singh Solanky,Lok Sabha,Madhya Pradesh,DEWAS(SC),,,Jawar,Harniyagaon,Normal/Others,WS/MP653/2023-2024/77792 - Construction of common work sheds/ common covered sitting area,DISTRICT COLLECTOR SEHORE_IDA,2024-01-08,Approved by IDA,300000,Sanctioned
MPLADS-008812,Mahendra Singh Solanky,Lok Sabha,Madhya Pradesh,DEWAS(SC),,,Ashta,Pagariya Chor,Normal/Others,WS/MP653/2023-2024/77824 - Construction of community centers and community halls,DISTRICT COLLECTOR SEHORE_IDA,2024-01-08,Approved by IDA,750000,Sanctioned
MPLADS-008818,Sadhvi Pragya Singh Thakur ,Lok Sabha,Madhya Pradesh,BHOPAL,Bhopal,56,,,Normal/Others,NA - Construction of bus-sheds or bus-stops,DISTRICT COLLECTOR BHOPAL_IDA,2024-01-08,Action Pending,307000,Unsanctioned
MPLADS-009025,Sadhvi Pragya Singh Thakur ,Lok Sabha,Madhya Pradesh,BHOPAL,Bhopal,64,,,Normal/Others,NA - Construction of bus-sheds or bus-stops,DISTRICT COLLECTOR BHOPAL_IDA,2024-01-07,Action Pending,307000,Unsanctioned
MPLADS-009027,Sadhvi Pragya Singh Thakur ,Lok Sabha,Madhya Pradesh,BHOPAL,Bhopal,83,,,Normal/Others,NA - Construction of bus-sheds or bus-stops,DISTRICT COLLECTOR BHOPAL_IDA,2024-01-07,Action Pending,307000,Unsanctioned
MPLADS-009040,Sadhvi Pragya Singh Thakur ,Lok Sabha,Madhya Pradesh,BHOPAL,Bhopal,69,,,Normal/Others,NA - Construction of bus-sheds or bus-stops,DISTRICT COLLECTOR BHOPAL_IDA,2024-01-07,Action Pending,307000,Unsanctioned
MPLADS-009043,Sadhvi Pragya Singh Thakur ,Lok Sabha,Madhya Pradesh,BHOPAL,Bhopal,68,,,Normal/Others,NA - Construction of bus-sheds or bus-stops,DISTRICT COLLECTOR BHOPAL_IDA,2024-01-07,Action Pending,307000,Unsanctioned
MPLADS-009044,Sadhvi Pragya Singh Thakur ,Lok Sabha,Madhya Pradesh,BHOPAL,Sehore,22,,,Normal/Others,NA - Construction of bus-sheds or bus-stops,DISTRICT COLLECTOR SEHORE_IDA,2024-01-07,Action Pending,307000,Unsanctioned
MPLADS-009045,Sadhvi Pragya Singh Thakur ,Lok Sabha,Madhya Pradesh,BHOPAL,Bhopal,69,,,Normal/Others,NA - Construction of bus-sheds or bus-stops,DISTRICT COLLECTOR BHOPAL_IDA,2024-01-07,Action Pending,307000,Unsanctioned
MPLADS-009046,Sadhvi Pragya Singh Thakur ,Lok Sabha,Madhya Pradesh,BHOPAL,Sehore,3,,,Normal/Others,NA - Construction of bus-sheds or bus-stops,DISTRICT COLLECTOR SEHORE_IDA,2024-01-07,Action Pending,307000,Unsanctioned
MPLADS-009047,Sadhvi Pragya Singh Thakur ,Lok Sabha,Madhya Pradesh,BHOPAL,Bhopal,63,,,Normal/Others,NA - Construction of bus-sheds or bus-stops,DISTRICT COLLECTOR BHOPAL_IDA,2024-01-07,Action Pending,307000,Unsanctioned
MPLADS-009059,Sadhvi Pragya Singh Thakur ,Lok Sabha,Madhya Pradesh,BHOPAL,Sehore,28,,,Normal/Others,NA - Construction of bus-sheds or bus-stops,DISTRICT COLLECTOR SEHORE_IDA,2024-01-07,Action Pending,307000,Unsanctioned
MPLADS-009060,Sadhvi Pragya Singh Thakur ,Lok Sabha,Madhya Pradesh,BHOPAL,Sehore,22,,,Normal/Others,NA - Construction of bus-sheds or bus-stops,DISTRICT COLLECTOR SEHORE_IDA,2024-01-07,Action Pending,307000,Unsanctioned
MPLADS-009061,Sadhvi Pragya Singh Thakur ,Lok Sabha,Madhya Pradesh,BHOPAL,Sehore,8,,,Normal/Others,NA - Construction of bus-sheds or bus-stops,DISTRICT COLLECTOR SEHORE_IDA,2024-01-07,Action Pending,307000,Unsanctioned
MPLADS-009062,Sadhvi Pragya Singh Thakur ,Lok Sabha,Madhya Pradesh,BHOPAL,Sehore,8,,,Normal/Others,NA - Construction of bus-sheds or bus-stops,DISTRICT COLLECTOR SEHORE_IDA,2024-01-07,Action Pending,307000,Unsanctioned
MPLADS-009063,Sadhvi Pragya Singh Thakur ,Lok Sabha,Madhya Pradesh,BHOPAL,Sehore,7,,,Normal/Others,NA - Construction of bus-sheds or bus-stops,DISTRICT COLLECTOR SEHORE_IDA,2024-01-07,Action Pending,307000,Unsanctioned
MPLADS-009064,Sadhvi Pragya Singh Thakur ,Lok Sabha,Madhya Pradesh,BHOPAL,Sehore,3,,,Normal/Others,NA - Construction of bus-sheds or bus-stops,DISTRICT COLLECTOR SEHORE_IDA,2024-01-07,Action Pending,307000,Unsanctioned
MPLADS-009065,Sadhvi Pragya Singh Thakur ,Lok Sabha,Madhya Pradesh,BHOPAL,Sehore,3,,,Normal/Others,NA - Construction of bus-sheds or bus-stops,DISTRICT COLLECTOR SEHORE_IDA,2024-01-07,Action Pending,307000,Unsanctioned
MPLADS-009068,Sadhvi Pragya Singh Thakur ,Lok Sabha,Madhya Pradesh,BHOPAL,Bhopal,62,,,Normal/Others,NA - Construction of bus-sheds or bus-stops,DISTRICT COLLECTOR BHOPAL_IDA,2024-01-07,Action Pending,307000,Unsanctioned
MPLADS-009078,Mahendra Singh Solanky,Lok Sabha,Madhya Pradesh,DEWAS(SC),,,Jawar,Samriboda,Normal/Others,WS/MP653/2023-2024/77084 - Construction of common work sheds/ common covered sitting area,DISTRICT COLLECTOR SEHORE_IDA,2024-01-07,Approved by IDA,400000,Sanctioned
MPLADS-009079,Mahendra Singh Solanky,Lok Sabha,Madhya Pradesh,DEWAS(SC),,,Gulana,Madana,Normal/Others,WS/MP653/2023-2024/76956 - Construction of community centers and community halls,District Collector Shajapur_IDA,2024-01-07,Approved by IDA,500000,Sanctioned
MPLADS-009081,Sadhvi Pragya Singh Thakur ,Lok Sabha,Madhya Pradesh,BHOPAL,Bhopal,62,,,Normal/Others,NA - Construction of bus-sheds or bus-stops,DISTRICT COLLECTOR BHOPAL_IDA,2024-01-07,Action Pending,307000,Unsanctioned
MPLADS-009096,Sadhvi Pragya Singh Thakur ,Lok Sabha,Madhya Pradesh,BHOPAL,Bhopal,56,,,Normal/Others,NA - Street lights,DISTRICT COLLECTOR BHOPAL_IDA,2024-01-07,Action Pending,997879,Unsanctioned
MPLADS-009097,Sadhvi Pragya Singh Thakur ,Lok Sabha,Madhya Pradesh,BHOPAL,Bhopal,56,,,Normal/Others,NA - Street lights,DISTRICT COLLECTOR BHOPAL_IDA,2024-01-07,Action Pending,943349,Unsanctioned
MPLADS-009098,Sadhvi Pragya Singh Thakur ,Lok Sabha,Madhya Pradesh,BHOPAL,Bhopal,56,,,Normal/Others,NA - Street lights,DISTRICT COLLECTOR BHOPAL_IDA,2024-01-07,Action Pending,997883,Unsanctioned
MPLADS-009144,Sadhvi Pragya Singh Thakur ,Lok Sabha,Madhya Pradesh,BHOPAL,Bhopal,6,,,Normal/Others,NA - Construction of bus-sheds or bus-stops,DISTRICT COLLECTOR BHOPAL_IDA,2024-01-07,Action Pending,307000,Unsanctioned
MPLADS-009145,Sadhvi Pragya Singh Thakur ,Lok Sabha,Madhya Pradesh,BHOPAL,Bhopal,3,,,Normal/Others,NA - Construction of bus-sheds or bus-stops,DISTRICT COLLECTOR BHOPAL_IDA,2024-01-07,Action Pending,307000,Unsanctioned
MPLADS-009146,Sadhvi Pragya Singh Thakur ,Lok Sabha,Madhya Pradesh,BHOPAL,Bhopal,6,,,Normal/Others,NA - Construction of bus-sheds or bus-stops,DISTRICT COLLECTOR BHOPAL_IDA,2024-01-07,Action Pending,307000,Unsanctioned
MPLADS-009147,Sadhvi Pragya Singh Thakur ,Lok Sabha,Madhya Pradesh,BHOPAL,Bhopal,7,,,Normal/Others,NA - Construction of bus-sheds or bus-stops,DISTRICT COLLECTOR BHOPAL_IDA,2024-01-07,Action Pending,307000,Unsanctioned
MPLADS-009148,Sadhvi Pragya Singh Thakur ,Lok Sabha,Madhya Pradesh,BHOPAL,Bhopal,13,,,Normal/Others,NA - Construction of bus-sheds or bus-stops,DISTRICT COLLECTOR BHOPAL_IDA,2024-01-07,Action Pending,307000,Unsanctioned
MPLADS-009149,Sadhvi Pragya Singh Thakur ,Lok Sabha,Madhya Pradesh,BHOPAL,Bhopal,1,,,Normal/Others,NA - Construction of bus-sheds or bus-stops,DISTRICT COLLECTOR BHOPAL_IDA,2024-01-07,Action Pending,307000,Unsanctioned
MPLADS-009183,Sadhvi Pragya Singh Thakur ,Lok Sabha,Madhya Pradesh,BHOPAL,Bhopal,17,,,Normal/Others,NA - Construction of bus-sheds or bus-stops,DISTRICT COLLECTOR BHOPAL_IDA,2024-01-07,Action Pending,307000,Unsanctioned
MPLADS-009184,Sadhvi Pragya Singh Thakur ,Lok Sabha,Madhya Pradesh,BHOPAL,Bhopal,17,,,Normal/Others,NA - Construction of bus-sheds or bus-stops,DISTRICT COLLECTOR BHOPAL_IDA,2024-01-07,Action Pending,307000,Unsanctioned
MPLADS-009185,Sadhvi Pragya Singh Thakur ,Lok Sabha,Madhya Pradesh,BHOPAL,Bhopal,18,,,Normal/Others,NA - Construction of bus-sheds or bus-stops,DISTRICT COLLECTOR BHOPAL_IDA,2024-01-07,Action Pending,307000,Unsanctioned
MPLADS-009186,Sadhvi Pragya Singh Thakur ,Lok Sabha,Madhya Pradesh,BHOPAL,Bhopal,25,,,Normal/Others,NA - Construction of bus-sheds or bus-stops,DISTRICT COLLECTOR BHOPAL_IDA,2024-01-07,Action Pending,307000,Unsanctioned
MPLADS-009205,Sadhvi Pragya Singh Thakur ,Lok Sabha,Madhya Pradesh,BHOPAL,Bhopal,77,,,Normal/Others,NA - Construction of bus-sheds or bus-stops,DISTRICT COLLECTOR BHOPAL_IDA,2024-01-07,Action Pending,307000,Unsanctioned
MPLADS-009219,Sadhvi Pragya Singh Thakur ,Lok Sabha,Madhya Pradesh,BHOPAL,Bhopal,45,,,Normal/Others,NA - Construction of bus-sheds or bus-stops,DISTRICT COLLECTOR BHOPAL_IDA,2024-01-07,Action Pending,307000,Unsanctioned
MPLADS-009220,Sadhvi Pragya Singh Thakur ,Lok Sabha,Madhya Pradesh,BHOPAL,Bhopal,26,,,Normal/Others,NA - Construction of bus-sheds or bus-stops,DISTRICT COLLECTOR BHOPAL_IDA,2024-01-07,Action Pending,307000,Unsanctioned
MPLADS-009221,Sadhvi Pragya Singh Thakur ,Lok Sabha,Madhya Pradesh,BHOPAL,Bhopal,26,,,Normal/Others,NA - Construction of bus-sheds or bus-stops,DISTRICT COLLECTOR BHOPAL_IDA,2024-01-07,Action Pending,307000,Unsanctioned
MPLADS-009222,Sadhvi Pragya Singh Thakur ,Lok Sabha,Madhya Pradesh,BHOPAL,Bhopal,26,,,Normal/Others,NA - Construction of bus-sheds or bus-stops,DISTRICT COLLECTOR BHOPAL_IDA,2024-01-07,Action Pending,307000,Unsanctioned
MPLADS-009223,Sadhvi Pragya Singh Thakur ,Lok Sabha,Madhya Pradesh,BHOPAL,Bhopal,29,,,Normal/Others,NA - Construction of bus-sheds or bus-stops,DISTRICT COLLECTOR BHOPAL_IDA,2024-01-07,Action Pending,307000,Unsanctioned
MPLADS-009224,Sadhvi Pragya Singh Thakur ,Lok Sabha,Madhya Pradesh,BHOPAL,Bhopal,29,,,Normal/Others,NA - Construction of bus-sheds or bus-stops,DISTRICT COLLECTOR BHOPAL_IDA,2024-01-07,Action Pending,307000,Unsanctioned
MPLADS-009225,Sadhvi Pragya Singh Thakur ,Lok Sabha,Madhya Pradesh,BHOPAL,Bhopal,32,,,Normal/Others,NA - Construction of bus-sheds or bus-stops,DISTRICT COLLECTOR BHOPAL_IDA,2024-01-07,Action Pending,307000,Unsanctioned
MPLADS-009226,Sadhvi Pragya Singh Thakur ,Lok Sabha,Madhya Pradesh,BHOPAL,Bhopal,32,,,Normal/Others,NA - Construction of bus-sheds or bus-stops,DISTRICT COLLECTOR BHOPAL_IDA,2024-01-07,Action Pending,307000,Unsanctioned
MPLADS-009227,Sadhvi Pragya Singh Thakur ,Lok Sabha,Madhya Pradesh,BHOPAL,Bhopal,32,,,Normal/Others,NA - Construction of bus-sheds or bus-stops,DISTRICT COLLECTOR BHOPAL_IDA,2024-01-07,Action Pending,307000,Unsanctioned
MPLADS-009229,Sadhvi Pragya Singh Thakur ,Lok Sabha,Madhya Pradesh,BHOPAL,Bhopal,32,,,Normal/Others,NA - Construction of bus-sheds or bus-stops,DISTRICT COLLECTOR BHOPAL_IDA,2024-01-07,Action Pending,307000,Unsanctioned
MPLADS-009230,Sadhvi Pragya Singh Thakur ,Lok Sabha,Madhya Pradesh,BHOPAL,Bhopal,36,,,Normal/Others,NA - Construction of bus-sheds or bus-stops,DISTRICT COLLECTOR BHOPAL_IDA,2024-01-07,Action Pending,307000,Unsanctioned
MPLADS-009231,Sadhvi Pragya Singh Thakur ,Lok Sabha,Madhya Pradesh,BHOPAL,Bhopal,41,,,Normal/Others,NA - Construction of bus-sheds or bus-stops,DISTRICT COLLECTOR BHOPAL_IDA,2024-01-07,Action Pending,307000,Unsanctioned
MPLADS-009232,Sadhvi Pragya Singh Thakur ,Lok Sabha,Madhya Pradesh,BHOPAL,Bhopal,42,,,Normal/Others,NA - Construction of bus-sheds or bus-stops,DISTRICT COLLECTOR BHOPAL_IDA,2024-01-07,Action Pending,307000,Unsanctioned
MPLADS-009233,Sadhvi Pragya Singh Thakur ,Lok Sabha,Madhya Pradesh,BHOPAL,Bhopal,73,,,Normal/Others,NA - Construction of bus-sheds or bus-stops,DISTRICT COLLECTOR BHOPAL_IDA,2024-01-07,Action Pending,307000,Unsanctioned
MPLADS-009235,Sadhvi Pragya Singh Thakur ,Lok Sabha,Madhya Pradesh,BHOPAL,Bhopal,75,,,Normal/Others,NA - Construction of bus-sheds or bus-stops,DISTRICT COLLECTOR BHOPAL_IDA,2024-01-07,Action Pending,307000,Unsanctioned
MPLADS-009236,Sadhvi Pragya Singh Thakur ,Lok Sabha,Madhya Pradesh,BHOPAL,Bhopal,76,,,Normal/Others,NA - Construction of bus-sheds or bus-stops,DISTRICT COLLECTOR BHOPAL_IDA,2024-01-07,Action Pending,307000,Unsanctioned
MPLADS-009530,Smt Sandhya Ray,Lok Sabha,Madhya Pradesh,BHIND(SC),Datia,dehat thana ke samne bhander road datia,,,Normal/Others,NA - Construction of additional rooms and halls in the existing public and community building,District Collector Datia_IDA,2024-01-06,Action Pending,500000,Unsanctioned
MPLADS-009531,Rodmal Nagar,Lok Sabha,Madhya Pradesh,RAJGARH,Aron,00,,,Normal/Others,NA - Construction of rooms and halls in school and colleges,District Collector Guna_IDA,2024-01-06,Action Pending,1000000,Unsanctioned
MPLADS-009532,Ramakant Bhargava,Lok Sabha,Madhya Pradesh,VIDISHA,Vidisha,10,,,Normal/Others,NA - Construction of community centers and community halls,District Collector Vidisha_IDA,2024-01-06,Action Pending,300000,Unsanctioned
MPLADS-009781,Ramakant Bhargava,Lok Sabha,Madhya Pradesh,VIDISHA,Shahganj,12,,,Normal/Others,NA - Construction of additional rooms and halls in the existing public and community building,DISTRICT COLLECTOR SEHORE_IDA,2024-01-05,Action Pending,250000,Unsanctioned
MPLADS-009822,SH L Murugan,Rajya Sabha,Madhya Pradesh,Sitting Rajya Sabha,,,Tarana,Lasurdiyabechar,Normal/Others,"WS/MP104/2023-2024/75569 - Construction of roads, link roads, pathways or any other road with or without drainage system",DISTRICT COLLECTOR UJJAIN_IDA,2024-01-05,Approved by IDA,1500000,Unsanctioned
MPLADS-010007,Mahendra Singh Solanky,Lok Sabha,Madhya Pradesh,DEWAS(SC),,,Ashta,Chancharsi,Normal/Others,WS/MP653/2023-2024/74917 - Construction of common work sheds/ common covered sitting area,DISTRICT COLLECTOR SEHORE_IDA,2024-01-04,Approved by IDA,500000,Sanctioned
MPLADS-010052,Durga Das Uikey,Lok Sabha,Madhya Pradesh,BETUL(ST),Betul,DEO Betul,,,Normal/Others,NA - Purchase Books for Library,DISTRICT COLLECTOR BETUL_IDA,2024-01-04,Action Pending,1000000,Unsanctioned
MPLADS-010261,SHRI Kailash Soni,Rajya Sabha,Madhya Pradesh,Sitting Rajya Sabha,,,Deori,Timrawan,Normal/Others,NA - Construction of community centers and community halls,DISTRICT COLLECTOR RAISEN_IDA,2024-01-03,Action Pending,500000,Unsanctioned
MPLADS-010512,Shri Anil Firojiya ,Lok Sabha,Madhya Pradesh,UJJAIN(SC),Makdon,00,,,Normal/Others,NA - Construction of rooms and halls in school and colleges,DISTRICT COLLECTOR UJJAIN_IDA,2024-01-02,Action Pending,1000000,Unsanctioned
MPLADS-010514,Shri Anil Firojiya ,Lok Sabha,Madhya Pradesh,UJJAIN(SC),Ujjain,00,,,Normal/Others,NA - Construction of additional rooms and halls in the existing public and community building,DISTRICT COLLECTOR UJJAIN_IDA,2024-01-02,Action Pending,1100000,Unsanctioned
MPLADS-010515,Shri Anil Firojiya ,Lok Sabha,Madhya Pradesh,UJJAIN(SC),Ujjain,00,,,Normal/Others,NA - Construction of additional rooms and halls in the existing public and community building,DISTRICT COLLECTOR UJJAIN_IDA,2024-01-02,Action Pending,250000,Unsanctioned
MPLADS-010516,Mahendra Singh Solanky,Lok Sabha,Madhya Pradesh,DEWAS(SC),Dewas,word 24,,,Normal/Others,NA - Construction of common work sheds/ common covered sitting area,DISTRICT COLLECTOR DEWAS_IDA,2024-01-02,Action Pending,200000,Unsanctioned
MPLADS-010530,Shri Anil Firojiya ,Lok Sabha,Madhya Pradesh,UJJAIN(SC),Badnagar,00,,,Normal/Others,NA - Construction of additional rooms and halls in the existing public and community building,DISTRICT COLLECTOR UJJAIN_IDA,2024-01-02,Action Pending,41800,Unsanctioned
MPLADS-010531,Shri Anil Firojiya ,Lok Sabha,Madhya Pradesh,UJJAIN(SC),Ujjain,01,,,Normal/Others,NA - Construction of community centers and community halls,DISTRICT COLLECTOR UJJAIN_IDA,2024-01-02,Action Pending,500000,Unsanctioned
MPLADS-010533,Shri Anil Firojiya ,Lok Sabha,Madhya Pradesh,UJJAIN(SC),Unhel,00,,,Normal/Others,NA - Construction of community centers and community halls,DISTRICT COLLECTOR UJJAIN_IDA,2024-01-02,Action Pending,500000,Unsanctioned
MPLADS-010548,Shri Anil Firojiya ,Lok Sabha,Madhya Pradesh,UJJAIN(SC),Badnagar,00,,,Normal/Others,NA - Construction of rooms and halls in school and colleges,DISTRICT COLLECTOR UJJAIN_IDA,2024-01-02,Action Pending,1000000,Unsanctioned
MPLADS-011399,Mahendra Singh Solanky,Lok Sabha,Madhya Pradesh,DEWAS(SC),Ashta,Ward 01,,,Normal/Others,NA - Construction of common work sheds/ common covered sitting area,DISTRICT COLLECTOR SEHORE_IDA,2023-12-30,Action Pending,100000,Unsanctioned
MPLADS-011485,Smt Himadri Singh,Lok Sabha,Madhya Pradesh,SHAHDOL (ST),Manpurr,5,,,Normal/Others,NA - Purchase of mobile water tankers,District Collector Umariya_IDA,2023-12-29,Action Pending,205055,Unsanctioned
MPLADS-011486,Smt Himadri Singh,Lok Sabha,Madhya Pradesh,SHAHDOL (ST),Manpurr,8,,,Normal/Others,NA - Purchase of mobile water tankers,District Collector Umariya_IDA,2023-12-29,Action Pending,205055,Unsanctioned
MPLADS-011487,Smt Himadri Singh,Lok Sabha,Madhya Pradesh,SHAHDOL (ST),Pali,11,,,Normal/Others,NA - Purchase of mobile water tankers,District Collector Umariya_IDA,2023-12-29,Action Pending,205055,Unsanctioned
MPLADS-011488,Smt Himadri Singh,Lok Sabha,Madhya Pradesh,SHAHDOL (ST),Chandia,5,,,Normal/Others,NA - Purchase of mobile water tankers,District Collector Umariya_IDA,2023-12-29,Action Pending,205055,Unsanctioned
MPLADS-011489,Smt Himadri Singh,Lok Sabha,Madhya Pradesh,SHAHDOL (ST),Pali,11,,,Normal/Others,NA - Purchase of mobile water tankers,District Collector Umariya_IDA,2023-12-29,Action Pending,205055,Unsanctioned
MPLADS-011490,Smt Himadri Singh,Lok Sabha,Madhya Pradesh,SHAHDOL (ST),Umaria,21,,,Normal/Others,NA - Purchase of mobile water tankers,District Collector Umariya_IDA,2023-12-29,Action Pending,205055,Unsanctioned
MPLADS-011491,Vivek Narayan Shejwalkar,Lok Sabha,Madhya Pradesh,GWALIOR,Gwalior,58,,,Normal/Others,"NA - Construction of roads, approach roads, link roads and pathways",DISTRICT COLLECTOR GWALIOR_IDA,2023-12-29,Action Pending,300000,Unsanctioned
MPLADS-011492,Durga Das Uikey,Lok Sabha,Madhya Pradesh,BETUL(ST),Bhainsdehi,bhainsdehi,,,Normal/Others,NA - Construction of bus-sheds or bus-stops,DISTRICT COLLECTOR BETUL_IDA,2023-12-29,Action Pending,265023,Unsanctioned
MPLADS-011493,Mahendra Singh Solanky,Lok Sabha,Madhya Pradesh,DEWAS(SC),Ashta,Ward 17,,,Normal/Others,NA - Improvement of electricity distribution infrastructure,DISTRICT COLLECTOR SEHORE_IDA,2023-12-29,Action Pending,200000,Unsanctioned
MPLADS-011494,Mahendra Singh Solanky,Lok Sabha,Madhya Pradesh,DEWAS(SC),Ashta,Ward 17,,,Normal/Others,"NA - Construction of roads, link roads, pathways or any other road with or without drainage system",DISTRICT COLLECTOR SEHORE_IDA,2023-12-29,Action Pending,200000,Unsanctioned
MPLADS-011495,Mahendra Singh Solanky,Lok Sabha,Madhya Pradesh,DEWAS(SC),Ashta,Ward 15,,,Normal/Others,NA - Construction of additional rooms and halls in the existing public and community building,DISTRICT COLLECTOR SEHORE_IDA,2023-12-29,Action Pending,500000,Unsanctioned
MPLADS-011574,Mahendra Singh Solanky,Lok Sabha,Madhya Pradesh,DEWAS(SC),,,Ashta,Kannod Mirzi,Normal/Others,WS/MP653/2023-2024/71263 - Construction of common work sheds/ common covered sitting area,DISTRICT COLLECTOR SEHORE_IDA,2023-12-29,Approved by IDA,400000,Sanctioned
MPLADS-011713,SHRI Kailash Soni,Rajya Sabha,Madhya Pradesh,Sitting Rajya Sabha,,,Gadarwara,Khulri,Normal/Others,NA - Construction of buildings for community cultural activities,DISTRICT COLLECTOR NARSINGHPUR_IDA,2023-12-28,Action Pending,200000,Unsanctioned
MPLADS-011792,Krishna Pal Singh Yadav,Lok Sabha,Madhya Pradesh,GUNA,Guna,Bamori,,,Normal/Others,NA - Purchase of mobile water tankers,District Collector Guna_IDA,2023-12-28,Action Pending,3648660,Unsanctioned
MPLADS-011811,Krishna Pal Singh Yadav,Lok Sabha,Madhya Pradesh,GUNA,Isagarh,14 Village,,,Normal/Others,NA - Purchase of mobile water tankers,DISTRICT COLLECTOR ASHOKNAGAR_IDA,2023-12-28,Action Pending,4256770,Unsanctioned
MPLADS-011812,Krishna Pal Singh Yadav,Lok Sabha,Madhya Pradesh,GUNA,Shivpuri,Total 14 wards,,,Normal/Others,NA - Purchase of mobile water tankers,District Collector Shivpuri_IDA,2023-12-28,Action Pending,4256770,Unsanctioned
MPLADS-011813,Krishna Pal Singh Yadav,Lok Sabha,Madhya Pradesh,GUNA,Kolaras,10 villages /wards,,,Normal/Others,NA - Purchase of mobile water tankers,District Collector Shivpuri_IDA,2023-12-28,Action Pending,3040550,Unsanctioned
MPLADS-011814,Krishna Pal Singh Yadav,Lok Sabha,Madhya Pradesh,GUNA,Badarwas,8Villages,,,Normal/Others,NA - Purchase of mobile water tankers,District Collector Shivpuri_IDA,2023-12-28,Action Pending,2432440,Unsanctioned
MPLADS-011815,Krishna Pal Singh Yadav,Lok Sabha,Madhya Pradesh,GUNA,Pichhore Shivpuri,02 villages,,,Normal/Others,WS/MP009/2023-2024/70813 - Purchase of mobile water tankers,District Collector Shivpuri_IDA,2023-12-28,Approved by IDA,608110,Unsanctioned
MPLADS-011816,Krishna Pal Singh Yadav,Lok Sabha,Madhya Pradesh,GUNA,Khaniyadhana,05 Wards /village,,,Normal/Others,NA - Purchase of mobile water tankers,District Collector Shivpuri_IDA,2023-12-28,Action Pending,1520275,Unsanctioned
MPLADS-011817,Gajendra Singh Patel,Lok Sabha,Madhya Pradesh,KHARGONE(ST),Khargone,WARD NO 03,,,Normal/Others,NA - Construction of additional rooms and halls in the existing public and community building,DISTRICT COLLECTOR KHARGONE_IDA,2023-12-28,Action Pending,1000000,Unsanctioned
MPLADS-011818,Krishna Pal Singh Yadav,Lok Sabha,Madhya Pradesh,GUNA,Chanderi,18 Wards,,,Normal/Others,NA - Purchase of mobile water tankers,DISTRICT COLLECTOR ASHOKNAGAR_IDA,2023-12-28,Action Pending,5472990,Unsanctioned
MPLADS-011820,Krishna Pal Singh Yadav,Lok Sabha,Madhya Pradesh,GUNA,Mungaoli,All,,,Normal/Others,NA - Purchase of mobile water tankers,DISTRICT COLLECTOR ASHOKNAGAR_IDA,2023-12-28,Action Pending,7601375,Unsanctioned
MPLADS-011821,Krishna Pal Singh Yadav,Lok Sabha,Madhya Pradesh,GUNA,Ashoknagar,All village,,,Normal/Others,NA - Purchase of mobile water tankers,DISTRICT COLLECTOR ASHOKNAGAR_IDA,2023-12-28,Action Pending,9425705,Unsanctioned
MPLADS-011822,Smt Himadri Singh,Lok Sabha,Madhya Pradesh,SHAHDOL (ST),,,Kotma,Bhad,Normal/Others,WS/MP654/2023-2024/70569 - Construction of culverts and bridges,DISTRICT COLLECTOR ANUPPUR_IDA,2023-12-28,Approved by IDA,500000,Sanctioned
MPLADS-011862,Krishna Pal Singh Yadav,Lok Sabha,Madhya Pradesh,GUNA,Guna,Total 19 villages /wards,,,Normal/Others,NA - Purchase of mobile water tankers,District Collector Guna_IDA,2023-12-28,Action Pending,5777045,Unsanctioned
MPLADS-011877,SHRI Kailash Soni,Rajya Sabha,Madhya Pradesh,Sitting Rajya Sabha,,,Gadarwara,Khulri,Normal/Others,NA - Tree plantation for community,DISTRICT COLLECTOR NARSINGHPUR_IDA,2023-12-28,Action Pending,300000,Unsanctioned
MPLADS-011878,SHRI Kailash Soni,Rajya Sabha,Madhya Pradesh,Sitting Rajya Sabha,,,Gotegaon,Bedu,Normal/Others,NA - Construction of community centers and community halls,DISTRICT COLLECTOR NARSINGHPUR_IDA,2023-12-28,Action Pending,500000,Unsanctioned
MPLADS-011879,SHRI Kailash Soni,Rajya Sabha,Madhya Pradesh,Sitting Rajya Sabha,,,Narsimhapur,Murgakheda,Normal/Others,NA - Construction of community centers and community halls,DISTRICT COLLECTOR NARSINGHPUR_IDA,2023-12-28,Action Pending,100000,Unsanctioned
MPLADS-011882,SHRI Kailash Soni,Rajya Sabha,Madhya Pradesh,Sitting Rajya Sabha,,,Tendukheda,Nadiya,Normal/Others,NA - Construction of community centers and community halls,DISTRICT COLLECTOR NARSINGHPUR_IDA,2023-12-28,Action Pending,300000,Unsanctioned
MPLADS-011898,SHRI Kailash Soni,Rajya Sabha,Madhya Pradesh,Sitting Rajya Sabha,,,Kareli,Guwari,Normal/Others,NA - Construction of community centers and community halls,DISTRICT COLLECTOR NARSINGHPUR_IDA,2023-12-28,Action Pending,500000,Unsanctioned
MPLADS-011900,SHRI Kailash Soni,Rajya Sabha,Madhya Pradesh,Sitting Rajya Sabha,,,Tendukheda,Bilhara,Normal/Others,NA - Construction of community centers and community halls,DISTRICT COLLECTOR NARSINGHPUR_IDA,2023-12-28,Action Pending,300000,Unsanctioned
MPLADS-011906,SHRI Kailash Soni,Rajya Sabha,Madhya Pradesh,Sitting Rajya Sabha,,,Gadarwara,Shahpur,Normal/Others,NA - Construction of community centers and community halls,DISTRICT COLLECTOR NARSINGHPUR_IDA,2023-12-28,Action Pending,250000,Unsanctioned
MPLADS-011913,Mahendra Singh Solanky,Lok Sabha,Madhya Pradesh,DEWAS(SC),,,Ashta,Husainpur Khedi,Normal/Others,WS/MP653/2023-2024/70460 - Construction of common work sheds/ common covered sitting area,DISTRICT COLLECTOR SEHORE_IDA,2023-12-28,Approved by IDA,300000,Sanctioned
MPLADS-011914,Mahendra Singh Solanky,Lok Sabha,Madhya Pradesh,DEWAS(SC),,,Jawar,Semlibari,Normal/Others,WS/MP653/2023-2024/70457 - Construction of common work sheds/ common covered sitting area,DISTRICT COLLECTOR SEHORE_IDA,2023-12-28,Approved by IDA,500000,Sanctioned
MPLADS-012565,Shri Rajmani Patel,Rajya Sabha,Madhya Pradesh,Sitting Rajya Sabha,,,Berasia,Megra Kalan,Normal/Others,NA - Construction of common work sheds/ common covered sitting area,DISTRICT COLLECTOR BHOPAL_IDA,2023-12-25,Action Pending,100000,Unsanctioned
MPLADS-012569,Mahendra Singh Solanky,Lok Sabha,Madhya Pradesh,DEWAS(SC),,,Shujalpur,Lahar Kheda,Normal/Others,"WS/MP653/2023-2024/69375 - Construction of roads, link roads, pathways or any other road with or without drainage system",District Collector Shajapur_IDA,2023-12-25,Approved by IDA,300000,Sanctioned
MPLADS-012606,Mahendra Singh Solanky,Lok Sabha,Madhya Pradesh,DEWAS(SC),,,Ashta,Bheel Khedi Sadak,Normal/Others,"WS/MP653/2023-2024/69373 - Construction of roads, link roads, pathways or any other road with or without drainage system",DISTRICT COLLECTOR SEHORE_IDA,2023-12-25,Approved by IDA,300000,Sanctioned
MPLADS-012607,Mahendra Singh Solanky,Lok Sabha,Madhya Pradesh,DEWAS(SC),,,Kalapipal,Kamalpur,Normal/Others,WS/MP653/2023-2024/69367 - Construction of culverts and bridges,District Collector Shajapur_IDA,2023-12-25,Approved by IDA,1500000,Sanctioned
MPLADS-013708,Shri Rajmani Patel,Rajya Sabha,Madhya Pradesh,Sitting Rajya Sabha,Bhopal,ward no.,,,Normal/Others,NA - Construction of additional rooms and halls in the existing public and community building,DISTRICT COLLECTOR BHOPAL_IDA,2023-12-22,Action Pending,200000,Unsanctioned
MPLADS-013767,Shri Rajmani Patel,Rajya Sabha,Madhya Pradesh,Sitting Rajya Sabha,,,KALAPIPAL,Alanya,Normal/Others,NA - Purchase of mobile water tankers,District Collector Shajapur_IDA,2023-12-21,Action Pending,163000,Unsanctioned
MPLADS-013768,Shri Rajmani Patel,Rajya Sabha,Madhya Pradesh,Sitting Rajya Sabha,,,KALAPIPAL,Hadlay Khurd,Normal/Others,NA - Purchase of mobile water tankers,District Collector Shajapur_IDA,2023-12-21,Action Pending,163000,Unsanctioned
MPLADS-013769,Shri Rajmani Patel,Rajya Sabha,Madhya Pradesh,Sitting Rajya Sabha,,,KALAPIPAL,Khardon Khurd,Normal/Others,NA - Purchase of mobile water tankers,District Collector Shajapur_IDA,2023-12-21,Action Pending,163000,Unsanctioned
MPLADS-013770,Shri Rajmani Patel,Rajya Sabha,Madhya Pradesh,Sitting Rajya Sabha,,,KALAPIPAL,Ranayal,Normal/Others,NA - Purchase of mobile water tankers,District Collector Shajapur_IDA,2023-12-21,Action Pending,163000,Unsanctioned
MPLADS-013771,Shri Rajmani Patel,Rajya Sabha,Madhya Pradesh,Sitting Rajya Sabha,,,KALAPIPAL,Gadra Khedi,Normal/Others,NA - Purchase of mobile water tankers,District Collector Shajapur_IDA,2023-12-21,Action Pending,163000,Unsanctioned
MPLADS-014104,Mahendra Singh Solanky,Lok Sabha,Madhya Pradesh,DEWAS(SC),Ashta,Ward Kr 01,,,Normal/Others,NA - Construction of community centers and community halls,DISTRICT COLLECTOR SEHORE_IDA,2023-12-21,Action Pending,500000,Unsanctioned
MPLADS-014597,Shri Rajmani Patel,Rajya Sabha,Madhya Pradesh,Sitting Rajya Sabha,,,CHHATARPUR,Malpura,Normal/Others,WS/MP105/2023-2024/66063 - Construction of community centers and community halls,District Collector Chhatarpur_IDA,2023-12-20,Approved by IDA,499000,Unsanctioned
MPLADS-014634,Shankar Lalwani,Lok Sabha,Madhya Pradesh,INDORE,Indore,Ward-6 Malhargang indore,,,Normal/Others,NA - Installing tube-wells and borewells,DISTRICT COLLECTOR INDORE_IDA,2023-12-20,Action Pending,380100,Unsanctioned
MPLADS-014685,Shankar Lalwani,Lok Sabha,Madhya Pradesh,INDORE,Indore,Ward-6 Ramchandra Nagar,,,Normal/Others,NA - Installing tube-wells and borewells,DISTRICT COLLECTOR INDORE_IDA,2023-12-20,Action Pending,380900,Unsanctioned
MPLADS-014686,Gyaneshwar Patil,Lok Sabha,Madhya Pradesh,KHANDWA,Omkareshwar,WARD NO - 03,,,Normal/Others,NA - Construction of buildings for community cultural activities,DISTRICT COLLECTOR EAST NIMAR_IDA,2023-12-20,Action Pending,500000,Unsanctioned
MPLADS-014844,Shri Sudheer Gupta ,Lok Sabha,Madhya Pradesh,MANDSOUR,Bhensoda,1,,,Normal/Others,WS/MP356/2023-2024/65290 - Purchase of books for public libraries,DISTRICT COLLECTOR MANDSAUR_IDA,2023-12-19,Approved by IDA,10000,Sanctioned
MPLADS-014886,SHRI. Jyotiraditya M. Scindia,Rajya Sabha,Madhya Pradesh,Sitting Rajya Sabha,Gwalior,51,,,Repair and Renovation,"NA - Construction of roads, approach roads, link roads and pathways",DISTRICT COLLECTOR GWALIOR_IDA,2023-12-19,Action Pending,5000000,Unsanctioned
MPLADS-015362,Dr . Sumer Singh Solanki,Rajya Sabha,Madhya Pradesh,Sitting Rajya Sabha,,,PATI,Junazira,Normal/Others,WS/MP010/2023-2024/64793 - Construction of culverts and bridges,DISTRICT COLLECTOR BADWANI_IDA,2023-12-18,Approved by IDA,1498000,Sanctioned
MPLADS-015363,Dr . Sumer Singh Solanki,Rajya Sabha,Madhya Pradesh,Sitting Rajya Sabha,,,PATI,Junazira,Normal/Others,WS/MP010/2023-2024/64792 - Construction of culverts and bridges,DISTRICT COLLECTOR BADWANI_IDA,2023-12-18,Approved by IDA,1490000,Sanctioned
MPLADS-015388,Dr . Sumer Singh Solanki,Rajya Sabha,Madhya Pradesh,Sitting Rajya Sabha,,,PATI,Junazira,Normal/Others,WS/MP010/2023-2024/64789 - Construction of culverts and bridges,DISTRICT COLLECTOR BADWANI_IDA,2023-12-18,Approved by IDA,1495000,Sanctioned
MPLADS-015610,Shankar Lalwani,Lok Sabha,Madhya Pradesh,INDORE,Indore,Ward-12 Govind Nagar,,,Normal/Others,NA - Installing tube-wells and borewells,DISTRICT COLLECTOR INDORE_IDA,2023-12-18,Action Pending,379700,Unsanctioned
MPLADS-015612,Shankar Lalwani,Lok Sabha,Madhya Pradesh,INDORE,Indore,Ward-16 Nand Bag,,,Normal/Others,NA - Installing tube-wells and borewells,DISTRICT COLLECTOR INDORE_IDA,2023-12-18,Action Pending,378100,Unsanctioned
MPLADS-015613,Shankar Lalwani,Lok Sabha,Madhya Pradesh,INDORE,Indore,Ward-17 Jagganath Nagar,,,Normal/Others,NA - Installing tube-wells and borewells,DISTRICT COLLECTOR INDORE_IDA,2023-12-18,Action Pending,379700,Unsanctioned
MPLADS-015614,Shankar Lalwani,Lok Sabha,Madhya Pradesh,INDORE,Indore,Ward-17 Kushwah Nagar,,,Normal/Others,NA - Installing tube-wells and borewells,DISTRICT COLLECTOR INDORE_IDA,2023-12-18,Action Pending,380100,Unsanctioned
MPLADS-015615,Shankar Lalwani,Lok Sabha,Madhya Pradesh,INDORE,Indore,Ward 65 Sadhu vaswani nagar,,,Normal/Others,NA - Installing tube-wells and borewells,DISTRICT COLLECTOR INDORE_IDA,2023-12-18,Action Pending,380900,Unsanctioned
MPLADS-015616,Vivek Narayan Shejwalkar,Lok Sabha,Madhya Pradesh,GWALIOR,Gwalior,13,,,Normal/Others,NA - Construction of public toilets and bathrooms,DISTRICT COLLECTOR GWALIOR_IDA,2023-12-18,Action Pending,150000,Unsanctioned
MPLADS-015617,Vivek Narayan Shejwalkar,Lok Sabha,Madhya Pradesh,GWALIOR,Gwalior,46,,,Normal/Others,NA - Purchase Books for Library,DISTRICT COLLECTOR GWALIOR_IDA,2023-12-18,Action Pending,1000000,Unsanctioned
MPLADS-015661,Shankar Lalwani,Lok Sabha,Madhya Pradesh,INDORE,Indore,Ward-16 Durga nagar,,,Normal/Others,NA - Installing tube-wells and borewells,DISTRICT COLLECTOR INDORE_IDA,2023-12-18,Action Pending,380900,Unsanctioned
MPLADS-015662,Shankar Lalwani,Lok Sabha,Madhya Pradesh,INDORE,Indore,Ward-12 Durga Nagar,,,Normal/Others,NA - Installing tube-wells and borewells,DISTRICT COLLECTOR INDORE_IDA,2023-12-18,Action Pending,380100,Unsanctioned
MPLADS-015681,Shankar Lalwani,Lok Sabha,Madhya Pradesh,INDORE,Indore,Ward-14 Ashok Nagar,,,Normal/Others,NA - Installing tube-wells and borewells,DISTRICT COLLECTOR INDORE_IDA,2023-12-18,Action Pending,380100,Unsanctioned
MPLADS-015707,Shankar Lalwani,Lok Sabha,Madhya Pradesh,INDORE,Indore,ward-07 Kila Maidan area,,,Normal/Others,NA - Installing tube-wells and borewells,DISTRICT COLLECTOR INDORE_IDA,2023-12-18,Action Pending,380900,Unsanctioned
MPLADS-015709,Shankar Lalwani,Lok Sabha,Madhya Pradesh,INDORE,Indore,Ward-7 Janta Colony,,,Normal/Others,NA - Installing tube-wells and borewells,DISTRICT COLLECTOR INDORE_IDA,2023-12-18,Action Pending,379700,Unsanctioned
MPLADS-015710,Shankar Lalwani,Lok Sabha,Madhya Pradesh,INDORE,Indore,Malhar ganj ward-08,,,Normal/Others,NA - Installing tube-wells and borewells,DISTRICT COLLECTOR INDORE_IDA,2023-12-18,Action Pending,380900,Unsanctioned
MPLADS-015711,Shankar Lalwani,Lok Sabha,Madhya Pradesh,INDORE,Indore,ward-8 Juna Risala Indore,,,Normal/Others,NA - Installing tube-wells and borewells,DISTRICT COLLECTOR INDORE_IDA,2023-12-18,Action Pending,379700,Unsanctioned
MPLADS-015712,Shankar Lalwani,Lok Sabha,Madhya Pradesh,INDORE,Indore,ward-11 Laxmi Bai Nagar,,,Normal/Others,NA - Installing tube-wells and borewells,DISTRICT COLLECTOR INDORE_IDA,2023-12-18,Action Pending,379700,Unsanctioned
MPLADS-015713,Shankar Lalwani,Lok Sabha,Madhya Pradesh,INDORE,Indore,ward-11 Bhagirath pura,,,Normal/Others,NA - Installing tube-wells and borewells,DISTRICT COLLECTOR INDORE_IDA,2023-12-18,Action Pending,380900,Unsanctioned
MPLADS-015714,Shankar Lalwani,Lok Sabha,Madhya Pradesh,INDORE,Indore,ward-14 Panchsheel nagar,,,Normal/Others,NA - Installing tube-wells and borewells,DISTRICT COLLECTOR INDORE_IDA,2023-12-18,Action Pending,380900,Unsanctioned
MPLADS-015890,Mahendra Singh Solanky,Lok Sabha,Madhya Pradesh,DEWAS(SC),,,SHUJALPUR,Akhtayarpur,Normal/Others,WS/MP653/2023-2024/64333 - Construction of bus-sheds or bus-stops,District Collector Shajapur_IDA,2023-12-17,Approved by IDA,500000,Sanctioned
MPLADS-015892,Mahendra Singh Solanky,Lok Sabha,Madhya Pradesh,DEWAS(SC),,,SHUJALPUR,Hadlay Kalan,Normal/Others,WS/MP653/2023-2024/64334 - Construction of community centers and community halls,District Collector Shajapur_IDA,2023-12-17,Approved by IDA,200000,Sanctioned
MPLADS-015936,Rodmal Nagar,Lok Sabha,Madhya Pradesh,RAJGARH,Rajgarh,ward no.,,,Normal/Others,NA - Fitting of Sitting RCC Benches in Public Places,DISTRICT COLLECTOR RAJGARH_IDA,2023-12-17,Action Pending,132570,Unsanctioned
MPLADS-015950,Rodmal Nagar,Lok Sabha,Madhya Pradesh,RAJGARH,Khujner,ward no.,,,Normal/Others,NA - Fitting of Sitting RCC Benches in Public Places,DISTRICT COLLECTOR RAJGARH_IDA,2023-12-17,Action Pending,331425,Unsanctioned
MPLADS-015951,Rodmal Nagar,Lok Sabha,Madhya Pradesh,RAJGARH,Sarangpur,ward no.,,,Normal/Others,NA - Fitting of Sitting RCC Benches in Public Places,DISTRICT COLLECTOR RAJGARH_IDA,2023-12-17,Action Pending,331425,Unsanctioned
MPLADS-015954,Rodmal Nagar,Lok Sabha,Madhya Pradesh,RAJGARH,Pachore,ward no.,,,Normal/Others,NA - Fitting of Sitting RCC Benches in Public Places,DISTRICT COLLECTOR RAJGARH_IDA,2023-12-17,Action Pending,397710,Unsanctioned
MPLADS-015955,Gyaneshwar Patil,Lok Sabha,Madhya Pradesh,KHANDWA,Burhanpur,ward no - 40,,,Normal/Others,NA - Construction of community centers and community halls,District Collector Burhanpur_IDA,2023-12-17,Action Pending,250000,Unsanctioned
MPLADS-015956,Rodmal Nagar,Lok Sabha,Madhya Pradesh,RAJGARH,Raghogarh-Vijaypur,ward no. 14,,,Normal/Others,NA - Construction of bus-sheds or bus-stops,District Collector Guna_IDA,2023-12-17,Action Pending,306328,Unsanctioned
MPLADS-016222,Rodmal Nagar,Lok Sabha,Madhya Pradesh,RAJGARH,Madhusudangarh,ward no.,,,Normal/Others,NA - Construction of bus-sheds or bus-stops,District Collector Guna_IDA,2023-12-16,Action Pending,306328,Unsanctioned
MPLADS-016224,Gyaneshwar Patil,Lok Sabha,Madhya Pradesh,KHANDWA,Omkareshwar,ward no.6,,,Normal/Others,NA - Construction of community centers and community halls,DISTRICT COLLECTOR EAST NIMAR_IDA,2023-12-16,Action Pending,500000,Unsanctioned
MPLADS-016225,Gyaneshwar Patil,Lok Sabha,Madhya Pradesh,KHANDWA,Khandwa,ward - bada bam pardeshipura,,,Normal/Others,NA - Construction of community centers and community halls,DISTRICT COLLECTOR EAST NIMAR_IDA,2023-12-16,Action Pending,500000,Unsanctioned
MPLADS-016226,Rodmal Nagar,Lok Sabha,Madhya Pradesh,RAJGARH,Pachore,ward no. 4,,,Normal/Others,NA - Construction of bus-sheds or bus-stops,DISTRICT COLLECTOR RAJGARH_IDA,2023-12-16,Action Pending,306328,Unsanctioned
MPLADS-016227,Rodmal Nagar,Lok Sabha,Madhya Pradesh,RAJGARH,Pachore,ward no. 8,,,Normal/Others,NA - Construction of bus-sheds or bus-stops,DISTRICT COLLECTOR RAJGARH_IDA,2023-12-16,Action Pending,306328,Unsanctioned
MPLADS-016228,Rodmal Nagar,Lok Sabha,Madhya Pradesh,RAJGARH,Pachore,ward no. 1,,,Normal/Others,NA - Construction of bus-sheds or bus-stops,DISTRICT COLLECTOR RAJGARH_IDA,2023-12-16,Action Pending,306328,Unsanctioned
MPLADS-016229,Gyaneshwar Patil,Lok Sabha,Madhya Pradesh,KHANDWA,Khandwa,ward no-47 aajad nagar,,,Normal/Others,NA - Construction of common work sheds/ common covered sitting area,DISTRICT COLLECTOR EAST NIMAR_IDA,2023-12-16,Action Pending,500000,Unsanctioned
MPLADS-016230,Gyaneshwar Patil,Lok Sabha,Madhya Pradesh,KHANDWA,Khandwa,ward no - 45,,,Normal/Others,NA - Installation of multi-gym equipment,DISTRICT COLLECTOR EAST NIMAR_IDA,2023-12-16,Action Pending,300000,Unsanctioned
MPLADS-016231,Rodmal Nagar,Lok Sabha,Madhya Pradesh,RAJGARH,Chhapiheda,ward no. 13,,,Normal/Others,NA - Construction of boundary walls of existing public and community buildings,DISTRICT COLLECTOR RAJGARH_IDA,2023-12-16,Action Pending,1000000,Unsanctioned
MPLADS-016232,Rodmal Nagar,Lok Sabha,Madhya Pradesh,RAJGARH,Madhusudangarh,ward no.,,,Normal/Others,NA - Construction of bus-sheds or bus-stops,District Collector Guna_IDA,2023-12-16,Action Pending,306328,Unsanctioned
MPLADS-016233,Rodmal Nagar,Lok Sabha,Madhya Pradesh,RAJGARH,Madhusudangarh,ward no.,,,Normal/Others,NA - Construction of bus-sheds or bus-stops,District Collector Guna_IDA,2023-12-16,Action Pending,306328,Unsanctioned
MPLADS-016234,Rodmal Nagar,Lok Sabha,Madhya Pradesh,RAJGARH,Raghogarh-Vijaypur,ward no.,,,Normal/Others,NA - Construction of bus-sheds or bus-stops,District Collector Guna_IDA,2023-12-16,Action Pending,306328,Unsanctioned
MPLADS-016236,Rodmal Nagar,Lok Sabha,Madhya Pradesh,RAJGARH,Raghogarh-Vijaypur,ward no. 4,,,Normal/Others,NA - Construction of bus-sheds or bus-stops,District Collector Guna_IDA,2023-12-16,Action Pending,306328,Unsanctioned
MPLADS-016237,Rodmal Nagar,Lok Sabha,Madhya Pradesh,RAJGARH,Aron,ward no.,,,Normal/Others,NA - Construction of bus-sheds or bus-stops,District Collector Guna_IDA,2023-12-16,Action Pending,306328,Unsanctioned
MPLADS-016238,Rodmal Nagar,Lok Sabha,Madhya Pradesh,RAJGARH,Raghogarh-Vijaypur,ward no. 8,,,Normal/Others,NA - Construction of bus-sheds or bus-stops,District Collector Guna_IDA,2023-12-16,Action Pending,306328,Unsanctioned
MPLADS-016239,Rodmal Nagar,Lok Sabha,Madhya Pradesh,RAJGARH,Raghogarh-Vijaypur,ward no. 16,,,Normal/Others,NA - Construction of bus-sheds or bus-stops,District Collector Guna_IDA,2023-12-16,Action Pending,306328,Unsanctioned
MPLADS-016701,Mahendra Singh Solanky,Lok Sabha,Madhya Pradesh,DEWAS(SC),,,SONKATCH,Mundlana,Normal/Others,WS/MP653/2023-2024/62796 - Construction of bus-sheds or bus-stops,DISTRICT COLLECTOR DEWAS_IDA,2023-12-15,Approved by IDA,300000,Sanctioned
MPLADS-016714,Durga Das Uikey,Lok Sabha,Madhya Pradesh,BETUL(ST),BETUL,Ganesh Ward Betul Ganj Betul,,,Repair and Renovation,NA - Setting up of a community radio station center,DISTRICT COLLECTOR BETUL_IDA,2023-12-15,Action Pending,2000000,Unsanctioned
MPLADS-016837,Guman Singh Damor,Lok Sabha,Madhya Pradesh,RATLAM(ST),Ratlam,Ratlam,,,Normal/Others,WS/MP445/2023-2024/61987 - Purchase of books for public libraries,District Collector Ratlam_IDA,2023-12-14,Approved by IDA,2075000,Unsanctioned
MPLADS-016840,Gajendra Singh Patel,Lok Sabha,Madhya Pradesh,KHARGONE(ST),Anjad,ward no 12,,,Normal/Others,NA - Construction of bus-sheds or bus-stops,DISTRICT COLLECTOR BADWANI_IDA,2023-12-14,Action Pending,300000,Unsanctioned
MPLADS-016841,Guman Singh Damor,Lok Sabha,Madhya Pradesh,RATLAM(ST),Ratlam,District Ratlam,,,Normal/Others,NA - Purchase of books for public libraries,District Collector Ratlam_IDA,2023-12-14,Rejected by IDA,2200000,Unsanctioned
MPLADS-017039,Shri Vivek K Tankha,Rajya Sabha,Madhya Pradesh,Sitting Rajya Sabha,,,MAJHOULI,Kaithra,Normal/Others,"NA - Construction of roads, approach roads, link roads and pathways",DISTRICT COLLECTOR JABALPUR_IDA,2023-12-14,Action Pending,600000,Unsanctioned
MPLADS-017244,Krishna Pal Singh Yadav,Lok Sabha,Madhya Pradesh,GUNA,Ashoknagar,Ashoknagar,,,Normal/Others,NA - Purchase of mobile water tankers,DISTRICT COLLECTOR ASHOKNAGAR_IDA,2023-12-13,Rejected by IDA,9425705,Unsanctioned
MPLADS-017266,Krishna Pal Singh Yadav,Lok Sabha,Madhya Pradesh,GUNA,Mungaoli,All,,,Normal/Others,NA - Purchase of mobile water tankers,DISTRICT COLLECTOR ASHOKNAGAR_IDA,2023-12-13,Rejected by IDA,7601375,Unsanctioned
MPLADS-017267,Krishna Pal Singh Yadav,Lok Sabha,Madhya Pradesh,GUNA,Isagarh,All,,,Normal/Others,NA - Purchase of mobile water tankers,DISTRICT COLLECTOR ASHOKNAGAR_IDA,2023-12-13,Rejected by IDA,4256770,Unsanctioned
MPLADS-017268,Krishna Pal Singh Yadav,Lok Sabha,Madhya Pradesh,GUNA,Guna,All,,,Normal/Others,NA - Purchase of mobile water tankers,District Collector Guna_IDA,2023-12-13,Action Pending,5777045,Unsanctioned
MPLADS-017269,Krishna Pal Singh Yadav,Lok Sabha,Madhya Pradesh,GUNA,Guna,Bamori,,,Normal/Others,NA - Purchase of mobile water tankers,District Collector Guna_IDA,2023-12-13,Action Pending,3648660,Unsanctioned
MPLADS-017270,Krishna Pal Singh Yadav,Lok Sabha,Madhya Pradesh,GUNA,Khaniyadhana,05 Gram panchyat,,,Normal/Others,NA - Purchase of mobile water tankers,District Collector Shivpuri_IDA,2023-12-13,Action Pending,1520275,Unsanctioned
MPLADS-017271,Krishna Pal Singh Yadav,Lok Sabha,Madhya Pradesh,GUNA,Pichhore Shivpuri,Pichore,,,Normal/Others,NA - Purchase of mobile water tankers,District Collector Shivpuri_IDA,2023-12-13,Action Pending,608110,Unsanctioned
MPLADS-017272,Krishna Pal Singh Yadav,Lok Sabha,Madhya Pradesh,GUNA,Badarwas,Barawas,,,Normal/Others,NA - Purchase of mobile water tankers,District Collector Shivpuri_IDA,2023-12-13,Action Pending,2128385,Unsanctioned
MPLADS-017273,Krishna Pal Singh Yadav,Lok Sabha,Madhya Pradesh,GUNA,Kolaras,10 Ward,,,Normal/Others,NA - Purchase of mobile water tankers,District Collector Shivpuri_IDA,2023-12-13,Action Pending,3040550,Unsanctioned
MPLADS-017274,Krishna Pal Singh Yadav,Lok Sabha,Madhya Pradesh,GUNA,Shivpuri,Nagar palika,,,Normal/Others,NA - Purchase of mobile water tankers,District Collector Shivpuri_IDA,2023-12-13,Action Pending,4256770,Unsanctioned
MPLADS-017282,Krishna Pal Singh Yadav,Lok Sabha,Madhya Pradesh,GUNA,Chanderi,All village,,,Normal/Others,NA - Purchase of mobile water tankers,DISTRICT COLLECTOR ASHOKNAGAR_IDA,2023-12-13,Rejected by IDA,5472990,Unsanctioned
MPLADS-018822,Dhal Singh Bisen,Lok Sabha,Madhya Pradesh,BALAGHAT,Balaghat,28,,,Trust and Society,NA - Construction of rooms and halls in school and colleges,DISTRICT COLLECTOR BALAGHAT_IDA,2023-12-08,Action Pending,1000000,Unsanctioned
MPLADS-019130,Shri Vivek K Tankha,Rajya Sabha,Madhya Pradesh,Sitting Rajya Sabha,,,JHABUA,Bhoyara,Normal/Others,WS/MP106/2023-2024/58926 - Improvement of electricity distribution infrastructure,DISTRICT COLLECTOR JHABUA_IDA,2023-12-08,Approved by IDA,418000,Sanctioned
MPLADS-019880,Uday Pratap Singh,Lok Sabha,Madhya Pradesh,HOSHANGABAD,Gadarwara,GADARWARA,,,Normal/Others,NA - Laying of synthetic turfs for hockey and football,DISTRICT COLLECTOR NARSINGHPUR_IDA,2023-12-06,Action Pending,100000,Unsanctioned
MPLADS-019882,Uday Pratap Singh,Lok Sabha,Madhya Pradesh,HOSHANGABAD,Chichli,THALAWADA,,,Normal/Others,NA - Installation of multi-gym equipment,DISTRICT COLLECTOR NARSINGHPUR_IDA,2023-12-06,Action Pending,140000,Unsanctioned
MPLADS-019892,Prahlad Singh Patel,Lok Sabha,Madhya Pradesh,DAMOH,,,PATERA,Kundalpur,Normal/Others,WS/MP646/2023-2024/57466 - Construction of culverts and bridges,DISTRICT COLLECTOR DAMOH_IDA,2023-12-06,Approved by IDA,1500000,Sanctioned
MPLADS-019893,Prahlad Singh Patel,Lok Sabha,Madhya Pradesh,DAMOH,,,PATERA,Barkhedi Patera,Normal/Others,WS/MP646/2023-2024/57588 - Construction of culverts and bridges,DISTRICT COLLECTOR DAMOH_IDA,2023-12-06,Approved by IDA,500000,Sanctioned
MPLADS-019894,Uday Pratap Singh,Lok Sabha,Madhya Pradesh,HOSHANGABAD,Devri,WARD No. 13,,,Normal/Others,NA - Construction of common work sheds/ common covered sitting area,DISTRICT COLLECTOR RAISEN_IDA,2023-12-06,Action Pending,150000,Unsanctioned
MPLADS-019895,Uday Pratap Singh,Lok Sabha,Madhya Pradesh,HOSHANGABAD,Bareli,Bareli,,,Normal/Others,NA - Construction of public libraries and reading rooms,DISTRICT COLLECTOR RAISEN_IDA,2023-12-06,Action Pending,100000,Unsanctioned
MPLADS-019896,Uday Pratap Singh,Lok Sabha,Madhya Pradesh,HOSHANGABAD,Bareli,SHAKTI NAGAR,,,Normal/Others,NA - Construction of common work sheds/ common covered sitting area,DISTRICT COLLECTOR RAISEN_IDA,2023-12-06,Action Pending,50000,Unsanctioned
MPLADS-019897,Uday Pratap Singh,Lok Sabha,Madhya Pradesh,HOSHANGABAD,Devri,MUKTIDHAM DEVRI,,,Normal/Others,NA - Construction of common work sheds/ common covered sitting area,DISTRICT COLLECTOR RAISEN_IDA,2023-12-06,Action Pending,150000,Unsanctioned
MPLADS-019898,Uday Pratap Singh,Lok Sabha,Madhya Pradesh,HOSHANGABAD,Devri,GORAKHPUR WARD No. 02,,,Normal/Others,NA - Construction of common work sheds/ common covered sitting area,DISTRICT COLLECTOR RAISEN_IDA,2023-12-06,Action Pending,150000,Unsanctioned
MPLADS-019899,Uday Pratap Singh,Lok Sabha,Madhya Pradesh,HOSHANGABAD,Devri,RAVIDAS MANDIR PARISAR,,,Normal/Others,NA - Construction of common work sheds/ common covered sitting area,DISTRICT COLLECTOR RAISEN_IDA,2023-12-06,Action Pending,100000,Unsanctioned
MPLADS-019901,Uday Pratap Singh,Lok Sabha,Madhya Pradesh,HOSHANGABAD,Gadarwara,VIVEKANAND WARD,,,Normal/Others,NA - Construction of community centers and community halls,DISTRICT COLLECTOR NARSINGHPUR_IDA,2023-12-06,Action Pending,1200000,Unsanctioned
MPLADS-019995,Uday Pratap Singh,Lok Sabha,Madhya Pradesh,HOSHANGABAD,Devri,WARD No. 03,,,Normal/Others,NA - Providing drains and gutters for public drainage,DISTRICT COLLECTOR RAISEN_IDA,2023-12-06,Action Pending,400000,Unsanctioned
MPLADS-020230,Uday Pratap Singh,Lok Sabha,Madhya Pradesh,HOSHANGABAD,,,KARELI,Suatala,Normal/Others,"WS/MP651/2023-2024/56420 - Construction of roads, approach roads, link roads and pathways",DISTRICT COLLECTOR NARSINGHPUR_IDA,2023-12-05,Approved by IDA,200000,Sanctioned
MPLADS-020232,Uday Pratap Singh,Lok Sabha,Madhya Pradesh,HOSHANGABAD,,,KARELI,Kumhadi,Normal/Others,WS/MP651/2023-2024/56505 - Development of playfields and sports grounds,DISTRICT COLLECTOR NARSINGHPUR_IDA,2023-12-05,Approved by IDA,100000,Sanctioned
MPLADS-020233,Uday Pratap Singh,Lok Sabha,Madhya Pradesh,HOSHANGABAD,,,NARSIMHAPUR,Ghat Pipariya,Normal/Others,WS/MP651/2023-2024/56516 - Construction of community centers and community halls,DISTRICT COLLECTOR NARSINGHPUR_IDA,2023-12-05,Approved by IDA,500000,Sanctioned
MPLADS-020234,Uday Pratap Singh,Lok Sabha,Madhya Pradesh,HOSHANGABAD,,,NARSIMHAPUR,Ghat Pipariya,Normal/Others,WS/MP651/2023-2024/56521 - Construction of common work sheds/ common covered sitting area,DISTRICT COLLECTOR NARSINGHPUR_IDA,2023-12-05,Approved by IDA,50000,Sanctioned
MPLADS-020237,Uday Pratap Singh,Lok Sabha,Madhya Pradesh,HOSHANGABAD,Tendukheda- Narsimhapur,NETAJI SUBHAS CHANDRA BOSE STEDIUM,,,Normal/Others,NA - Construction of stadiums,DISTRICT COLLECTOR NARSINGHPUR_IDA,2023-12-05,Action Pending,100000,Unsanctioned
MPLADS-020238,Uday Pratap Singh,Lok Sabha,Madhya Pradesh,HOSHANGABAD,Tendukheda- Narsimhapur,GOVT. COLLAGE,,,Normal/Others,NA - Development of playfields and sports grounds,DISTRICT COLLECTOR NARSINGHPUR_IDA,2023-12-05,Action Pending,150000,Unsanctioned
MPLADS-020239,Uday Pratap Singh,Lok Sabha,Madhya Pradesh,HOSHANGABAD,Tendukheda- Narsimhapur,TENDUKHEDA,,,Normal/Others,NA - Purchase of books for public libraries,DISTRICT COLLECTOR NARSINGHPUR_IDA,2023-12-05,Action Pending,200000,Unsanctioned
MPLADS-034684,SHRI Ajay Pratap Singh,Rajya Sabha,Madhya Pradesh,Sitting Rajya Sabha,,,BURHAR,Majholi,Normal/Others,NA - Construction of culverts and bridges,District Collector Shahdol_IDA,2023-10-10,Action Pending,500000,Unsanctioned
MPLADS-034685,SHRI Ajay Pratap Singh,Rajya Sabha,Madhya Pradesh,Sitting Rajya Sabha,,,BURHAR,Galhatha,Normal/Others,WS/MP230/2023-2024/35512 - Construction of culverts and bridges,District Collector Shahdol_IDA,2023-10-10,Approved by IDA,500000,Unsanctioned
MPLADS-034686,SHRI Ajay Pratap Singh,Rajya Sabha,Madhya Pradesh,Sitting Rajya Sabha,,,BURHAR,Tikuri,Normal/Others,"WS/MP230/2023-2024/35511 - Construction of roads, link roads, pathways or any other road with or without drainage system",District Collector Shahdol_IDA,2023-10-10,Approved by IDA,1000000,Unsanctioned
MPLADS-034687,SHRI Ajay Pratap Singh,Rajya Sabha,Madhya Pradesh,Sitting Rajya Sabha,,,BURHAR,Rasmohani,Normal/Others,"NA - Construction of roads, link roads, pathways or any other road with or without drainage system",District Collector Shahdol_IDA,2023-10-10,Action Pending,1000000,Unsanctioned
MPLADS-034688,SHRI Ajay Pratap Singh,Rajya Sabha,Madhya Pradesh,Sitting Rajya Sabha,,,BURHAR,Bahgad,Normal/Others,NA - Construction of culverts and bridges,District Collector Shahdol_IDA,2023-10-10,Action Pending,1000000,Unsanctioned
MPLADS-034936,Narendra Singh Tomar,Lok Sabha,Madhya Pradesh,MORENA,,,VIJAYPUR,Madha,Normal/Others,"WS/MP645/2023-2024/34984 - Construction of roads, link roads, pathways or any other road with or without drainage system",District Collector Sheopur_IDA,2023-10-09,Approved by IDA,550000,Sanctioned
MPLADS-034937,Narendra Singh Tomar,Lok Sabha,Madhya Pradesh,MORENA,,,VIJAYPUR,Arrod,Normal/Others,WS/MP645/2023-2024/34983 - Construction of culverts and bridges,District Collector Sheopur_IDA,2023-10-09,Approved by IDA,600000,Sanctioned
MPLADS-034938,Narendra Singh Tomar,Lok Sabha,Madhya Pradesh,MORENA,,,VIJAYPUR,Kathon,Normal/Others,"WS/MP645/2023-2024/34559 - Construction of roads, link roads, pathways or any other road with or without drainage system",District Collector Sheopur_IDA,2023-10-09,Approved by IDA,500000,Sanctioned
MPLADS-034939,Narendra Singh Tomar,Lok Sabha,Madhya Pradesh,MORENA,,,VIJAYPUR,Agara,Normal/Others,WS/MP645/2023-2024/34558 - Construction of community centers and community halls,District Collector Sheopur_IDA,2023-10-09,Approved by IDA,400000,Sanctioned
MPLADS-034940,Narendra Singh Tomar,Lok Sabha,Madhya Pradesh,MORENA,,,VIJAYPUR,Bichpuri,Normal/Others,WS/MP645/2023-2024/34557 - Construction of community centers and community halls,District Collector Sheopur_IDA,2023-10-09,Approved by IDA,400000,Sanctioned
MPLADS-035034,Rodmal Nagar,Lok Sabha,Madhya Pradesh,RAJGARH,Raghogarh-Vijaypur,00,,,Normal/Others,NA - Purchase of mobile water tankers,District Collector Guna_IDA,2023-10-09,Action Pending,820218,Unsanctioned
MPLADS-035035,Rodmal Nagar,Lok Sabha,Madhya Pradesh,RAJGARH,Chachaura -Binaganj,00,,,Normal/Others,NA - Purchase of mobile water tankers,District Collector Guna_IDA,2023-10-09,Action Pending,205055,Unsanctioned
MPLADS-035036,Rodmal Nagar,Lok Sabha,Madhya Pradesh,RAJGARH,Madhusudangarh,00,,,Normal/Others,NA - Purchase of mobile water tankers,District Collector Guna_IDA,2023-10-09,Action Pending,205055,Unsanctioned
MPLADS-035037,Rodmal Nagar,Lok Sabha,Madhya Pradesh,RAJGARH,Kumbhraj,00,,,Normal/Others,NA - Purchase of mobile water tankers,District Collector Guna_IDA,2023-10-09,Action Pending,205055,Unsanctioned
MPLADS-035038,Rakesh Singh,Lok Sabha,Madhya Pradesh,JABALPUR,Jabalpur,Shahid Gulab Singh Ward,,,Normal/Others,NA - Construction of buildings for community cultural activities,DISTRICT COLLECTOR JABALPUR_IDA,2023-10-09,Action Pending,300000,Unsanctioned
MPLADS-035039,Rodmal Nagar,Lok Sabha,Madhya Pradesh,RAJGARH,Suthaliya,00,,,Normal/Others,NA - Purchase of mobile water tankers,DISTRICT COLLECTOR RAJGARH_IDA,2023-10-09,Action Pending,205055,Unsanctioned
MPLADS-035101,Rodmal Nagar,Lok Sabha,Madhya Pradesh,RAJGARH,Biaora,00,,,Normal/Others,NA - Purchase of mobile water tankers,DISTRICT COLLECTOR RAJGARH_IDA,2023-10-09,Action Pending,205055,Unsanctioned
MPLADS-035104,Ms Kavita Patidar,Rajya Sabha,Madhya Pradesh,Sitting Rajya Sabha,,,MHOW,Patal Pani,Normal/Others,NA - Installation of fixed garden gym equipment,DISTRICT COLLECTOR INDORE_IDA,2023-10-09,Action Pending,699650,Unsanctioned
MPLADS-035105,Ms Kavita Patidar,Rajya Sabha,Madhya Pradesh,Sitting Rajya Sabha,,,MHOW,Harsola,Normal/Others,NA - Installation of fixed garden gym equipment,DISTRICT COLLECTOR INDORE_IDA,2023-10-09,Action Pending,699650,Unsanctioned
MPLADS-035106,Ms Kavita Patidar,Rajya Sabha,Madhya Pradesh,Sitting Rajya Sabha,,,MHOW,Dongargaon,Normal/Others,NA - Installation of fixed garden gym equipment,DISTRICT COLLECTOR INDORE_IDA,2023-10-09,Action Pending,699650,Unsanctioned
MPLADS-035108,Ms Kavita Patidar,Rajya Sabha,Madhya Pradesh,Sitting Rajya Sabha,Mhowgaon,ward-06,,,Normal/Others,NA - Installation of fixed garden gym equipment,DISTRICT COLLECTOR INDORE_IDA,2023-10-09,Action Pending,699650,Unsanctioned
MPLADS-035109,Ms Kavita Patidar,Rajya Sabha,Madhya Pradesh,Sitting Rajya Sabha,Mhowgaon,Ward-06,,,Normal/Others,NA - Installation of fixed garden gym equipment,DISTRICT COLLECTOR INDORE_IDA,2023-10-09,Action Pending,699650,Unsanctioned
MPLADS-035110,Ms Kavita Patidar,Rajya Sabha,Madhya Pradesh,Sitting Rajya Sabha,,,MHOW,Patal Pani,Normal/Others,NA - Installation of fixed garden gym equipment,DISTRICT COLLECTOR INDORE_IDA,2023-10-09,Action Pending,699650,Unsanctioned
MPLADS-035111,Ms Kavita Patidar,Rajya Sabha,Madhya Pradesh,Sitting Rajya Sabha,,,Gaurihar,Palta(Palha-81),Normal/Others,NA - Construction of community centers and community halls,District Collector Chhatarpur_IDA,2023-10-09,Action Pending,2000000,Unsanctioned
MPLADS-035115,Ms Kavita Patidar,Rajya Sabha,Madhya Pradesh,Sitting Rajya Sabha,,,MHOW,Choral,Normal/Others,NA - Installation of fixed garden gym equipment,DISTRICT COLLECTOR INDORE_IDA,2023-10-09,Action Pending,699650,Unsanctioned
MPLADS-035117,Ms Kavita Patidar,Rajya Sabha,Madhya Pradesh,Sitting Rajya Sabha,,,Rajnagar,Khajwa,Normal/Others,WS/MP103/2023-2024/34682 - Construction of community centers and community halls,District Collector Chhatarpur_IDA,2023-10-09,Approved by IDA,2000000,Sanctioned
MPLADS-035118,Ms Kavita Patidar,Rajya Sabha,Madhya Pradesh,Sitting Rajya Sabha,,,Chandla,Bairagiya Pukhari,Normal/Others,NA - Construction of community centers and community halls,District Collector Chhatarpur_IDA,2023-10-09,Action Pending,2000000,Unsanctioned
MPLADS-035119,Ms Kavita Patidar,Rajya Sabha,Madhya Pradesh,Sitting Rajya Sabha,,,INDORE,Machla,Normal/Others,NA - Construction of community centers and community halls,DISTRICT COLLECTOR INDORE_IDA,2023-10-09,Action Pending,500000,Unsanctioned
MPLADS-035120,Ms Kavita Patidar,Rajya Sabha,Madhya Pradesh,Sitting Rajya Sabha,,,TARANA,Kachnariya,Normal/Others,NA - Purchase of mobile water tankers,DISTRICT COLLECTOR UJJAIN_IDA,2023-10-09,Action Pending,250000,Unsanctioned
MPLADS-035121,Ms Kavita Patidar,Rajya Sabha,Madhya Pradesh,Sitting Rajya Sabha,,,TARANA,Kaytha,Normal/Others,NA - Purchase of mobile water tankers,DISTRICT COLLECTOR UJJAIN_IDA,2023-10-09,Action Pending,250000,Unsanctioned
MPLADS-035122,Ms Kavita Patidar,Rajya Sabha,Madhya Pradesh,Sitting Rajya Sabha,,,TARANA,Kanardi,Normal/Others,NA - Purchase of mobile water tankers,DISTRICT COLLECTOR UJJAIN_IDA,2023-10-09,Action Pending,250000,Unsanctioned
MPLADS-035123,Ms Kavita Patidar,Rajya Sabha,Madhya Pradesh,Sitting Rajya Sabha,,,TARANA,Tilawad,Normal/Others,NA - Purchase of mobile water tankers,DISTRICT COLLECTOR UJJAIN_IDA,2023-10-09,Action Pending,250000,Unsanctioned
MPLADS-035124,Ms Kavita Patidar,Rajya Sabha,Madhya Pradesh,Sitting Rajya Sabha,,,TARANA,Kharpa,Normal/Others,NA - Purchase of mobile water tankers,DISTRICT COLLECTOR UJJAIN_IDA,2023-10-09,Action Pending,250000,Unsanctioned
MPLADS-035125,Ms Kavita Patidar,Rajya Sabha,Madhya Pradesh,Sitting Rajya Sabha,,,TARANA,Salakhedi,Normal/Others,NA - Purchase of mobile water tankers,DISTRICT COLLECTOR UJJAIN_IDA,2023-10-09,Action Pending,250000,Unsanctioned
MPLADS-035126,Ms Kavita Patidar,Rajya Sabha,Madhya Pradesh,Sitting Rajya Sabha,,,MHOW,Khurdi,Normal/Others,NA - Installation of fixed garden gym equipment,DISTRICT COLLECTOR INDORE_IDA,2023-10-09,Action Pending,699650,Unsanctioned
MPLADS-035127,Ms Kavita Patidar,Rajya Sabha,Madhya Pradesh,Sitting Rajya Sabha,,,MHOW,Mend,Normal/Others,NA - Installation of fixed garden gym equipment,DISTRICT COLLECTOR INDORE_IDA,2023-10-09,Action Pending,699650,Unsanctioned
MPLADS-035128,Ms Kavita Patidar,Rajya Sabha,Madhya Pradesh,Sitting Rajya Sabha,,,TARANA,Karanj,Normal/Others,NA - Purchase of mobile water tankers,DISTRICT COLLECTOR UJJAIN_IDA,2023-10-09,Action Pending,250000,Unsanctioned
MPLADS-035141,SHRI Kailash Soni,Rajya Sabha,Madhya Pradesh,Sitting Rajya Sabha,,,BADI,Imaliya,Normal/Others,WS/MP231/2023-2024/34639 - Providing drains and gutters for public drainage,DISTRICT COLLECTOR RAISEN_IDA,2023-10-09,Approved by IDA,200000,Sanctioned
MPLADS-035142,Ms Kavita Patidar,Rajya Sabha,Madhya Pradesh,Sitting Rajya Sabha,,,MHOW,Jam Khurd,Normal/Others,NA - Construction of additional rooms and halls in the existing public and community building,DISTRICT COLLECTOR INDORE_IDA,2023-10-09,Action Pending,500000,Unsanctioned
MPLADS-035143,Ms Kavita Patidar,Rajya Sabha,Madhya Pradesh,Sitting Rajya Sabha,,,MHOW,Khurdi,Normal/Others,NA - Construction of community centers and community halls,DISTRICT COLLECTOR INDORE_IDA,2023-10-09,Action Pending,1200000,Unsanctioned
MPLADS-035144,Ms Kavita Patidar,Rajya Sabha,Madhya Pradesh,Sitting Rajya Sabha,,,SEHORE,Magarda,Normal/Others,"NA - Construction of roads, approach roads, link roads and pathways",DISTRICT COLLECTOR SEHORE_IDA,2023-10-09,Action Pending,1500000,Unsanctioned
MPLADS-035145,Ms Kavita Patidar,Rajya Sabha,Madhya Pradesh,Sitting Rajya Sabha,Mhowgaon,Ward No 2 Mhow Cant.,,,Normal/Others,NA - Installation of fixed garden gym equipment,DISTRICT COLLECTOR INDORE_IDA,2023-10-09,Action Pending,699650,Unsanctioned
MPLADS-035146,Ms Kavita Patidar,Rajya Sabha,Madhya Pradesh,Sitting Rajya Sabha,,,MHOW,Bhatkhedi,Normal/Others,"NA - Construction of roads, approach roads, link roads and pathways",DISTRICT COLLECTOR INDORE_IDA,2023-10-09,Action Pending,800000,Unsanctioned
MPLADS-035147,Ms Kavita Patidar,Rajya Sabha,Madhya Pradesh,Sitting Rajya Sabha,,,KALAPIPAL,Behrawal,Normal/Others,"NA - Construction of roads, approach roads, link roads and pathways",District Collector Shajapur_IDA,2023-10-09,Action Pending,1000000,Unsanctioned
MPLADS-035148,Ms Kavita Patidar,Rajya Sabha,Madhya Pradesh,Sitting Rajya Sabha,,,BADNAWAR,Borali,Normal/Others,"NA - Construction of roads, link roads, pathways or any other road with or without drainage system",DISTRICT COLLECTOR DHAR_IDA,2023-10-09,Action Pending,700000,Unsanctioned
MPLADS-035149,Ms Kavita Patidar,Rajya Sabha,Madhya Pradesh,Sitting Rajya Sabha,,,BADNAWAR,Borali,Normal/Others,"NA - Construction of roads, approach roads, link roads and pathways",DISTRICT COLLECTOR DHAR_IDA,2023-10-09,Action Pending,700000,Unsanctioned
MPLADS-035150,SHRI Kailash Soni,Rajya Sabha,Madhya Pradesh,Sitting Rajya Sabha,,,BERASIA,Birha Shyam Khedi,Normal/Others,"WS/MP231/2023-2024/34606 - Construction of roads, approach roads, link roads and pathways",DISTRICT COLLECTOR BHOPAL_IDA,2023-10-09,Approved by IDA,1500000,Sanctioned
MPLADS-035151,SHRI Kailash Soni,Rajya Sabha,Madhya Pradesh,Sitting Rajya Sabha,,,BERASIA,Sindhora,Normal/Others,WS/MP231/2023-2024/34620 - Construction of culverts and bridges,DISTRICT COLLECTOR BHOPAL_IDA,2023-10-09,Approved by IDA,1500000,Ongoing
MPLADS-035152,Ms Kavita Patidar,Rajya Sabha,Madhya Pradesh,Sitting Rajya Sabha,,,BADNAGAR,Ajdawada,Normal/Others,NA - Purchase of mobile water tankers,DISTRICT COLLECTOR UJJAIN_IDA,2023-10-09,Action Pending,250000,Unsanctioned
MPLADS-035154,Ms Kavita Patidar,Rajya Sabha,Madhya Pradesh,Sitting Rajya Sabha,,,BADNAGAR,Nawada,Normal/Others,NA - Purchase of mobile water tankers,DISTRICT COLLECTOR UJJAIN_IDA,2023-10-09,Action Pending,250000,Unsanctioned
MPLADS-035162,Ms Kavita Patidar,Rajya Sabha,Madhya Pradesh,Sitting Rajya Sabha,,,UJJAIN,Gangedi,Normal/Others,NA - Purchase of mobile water tankers,DISTRICT COLLECTOR UJJAIN_IDA,2023-10-09,Action Pending,250000,Unsanctioned
MPLADS-035163,Ms Kavita Patidar,Rajya Sabha,Madhya Pradesh,Sitting Rajya Sabha,,,KHACHAROD,Ghinoda,Normal/Others,NA - Purchase of mobile water tankers,DISTRICT COLLECTOR UJJAIN_IDA,2023-10-09,Action Pending,250000,Unsanctioned
MPLADS-035164,Ms Kavita Patidar,Rajya Sabha,Madhya Pradesh,Sitting Rajya Sabha,,,TARANA,Kapeli,Normal/Others,NA - Purchase of mobile water tankers,DISTRICT COLLECTOR UJJAIN_IDA,2023-10-09,Action Pending,250000,Unsanctioned
MPLADS-035165,Ms Kavita Patidar,Rajya Sabha,Madhya Pradesh,Sitting Rajya Sabha,makdon,Ward-13,,,Normal/Others,NA - Purchase of mobile water tankers,DISTRICT COLLECTOR UJJAIN_IDA,2023-10-09,Action Pending,250000,Unsanctioned
MPLADS-035166,Ms Kavita Patidar,Rajya Sabha,Madhya Pradesh,Sitting Rajya Sabha,,,BADNAGAR,Kharsodkhurd,Normal/Others,NA - Purchase of mobile water tankers,DISTRICT COLLECTOR UJJAIN_IDA,2023-10-09,Action Pending,250000,Unsanctioned
MPLADS-035167,Shri Rajmani Patel,Rajya Sabha,Madhya Pradesh,Sitting Rajya Sabha,,,Mangawan,Gangeo No.1,Normal/Others,WS/MP105/2023-2024/35147 - Purchase of mobile water tankers,DISTRICT COLLECTOR REWA_IDA,2023-10-09,Approved by IDA,490272,Unsanctioned
MPLADS-035168,Shri Rajmani Patel,Rajya Sabha,Madhya Pradesh,Sitting Rajya Sabha,,,REWA,Khajuha Kalan,Normal/Others,WS/MP105/2023-2024/35148 - Purchase of mobile water tankers,DISTRICT COLLECTOR REWA_IDA,2023-10-09,Approved by IDA,163424,Unsanctioned
MPLADS-035169,Shri Rajmani Patel,Rajya Sabha,Madhya Pradesh,Sitting Rajya Sabha,,,AMARPATAN,Anandgarh,Normal/Others,NA - Improvement of electricity distribution infrastructure,DISTRICT COLLECTOR SATNA_IDA,2023-10-09,Action Pending,275600,Unsanctioned
MPLADS-035176,Ms Kavita Patidar,Rajya Sabha,Madhya Pradesh,Sitting Rajya Sabha,,,TARANA,Raipura,Normal/Others,NA - Purchase of mobile water tankers,DISTRICT COLLECTOR UJJAIN_IDA,2023-10-09,Action Pending,250000,Unsanctioned
MPLADS-035178,Ms Kavita Patidar,Rajya Sabha,Madhya Pradesh,Sitting Rajya Sabha,,,UJJAIN,Badhkummed,Normal/Others,NA - Purchase of mobile water tankers,DISTRICT COLLECTOR UJJAIN_IDA,2023-10-09,Action Pending,250000,Unsanctioned
MPLADS-035179,Ms Kavita Patidar,Rajya Sabha,Madhya Pradesh,Sitting Rajya Sabha,,,GHATIYA,Bormundla,Normal/Others,NA - Purchase of mobile water tankers,DISTRICT COLLECTOR UJJAIN_IDA,2023-10-09,Action Pending,250000,Unsanctioned
MPLADS-035180,Ms Kavita Patidar,Rajya Sabha,Madhya Pradesh,Sitting Rajya Sabha,,,GHATIYA,Amarpura,Normal/Others,NA - Purchase of mobile water tankers,DISTRICT COLLECTOR UJJAIN_IDA,2023-10-09,Action Pending,250000,Unsanctioned
MPLADS-035181,Ms Kavita Patidar,Rajya Sabha,Madhya Pradesh,Sitting Rajya Sabha,,,GHATIYA,Kaluheda,Normal/Others,NA - Purchase of mobile water tankers,DISTRICT COLLECTOR UJJAIN_IDA,2023-10-09,Action Pending,250000,Unsanctioned
MPLADS-035183,Ms Kavita Patidar,Rajya Sabha,Madhya Pradesh,Sitting Rajya Sabha,,,UJJAIN,Harsodan,Normal/Others,NA - Purchase of mobile water tankers,DISTRICT COLLECTOR UJJAIN_IDA,2023-10-09,Action Pending,250000,Unsanctioned
MPLADS-035184,Ms Kavita Patidar,Rajya Sabha,Madhya Pradesh,Sitting Rajya Sabha,,,BADNAGAR,Kharsodkalan,Normal/Others,NA - Purchase of mobile water tankers,DISTRICT COLLECTOR UJJAIN_IDA,2023-10-09,Action Pending,250000,Unsanctioned
MPLADS-035185,Ms Kavita Patidar,Rajya Sabha,Madhya Pradesh,Sitting Rajya Sabha,,,BADNAGAR,Molana,Normal/Others,NA - Purchase of mobile water tankers,DISTRICT COLLECTOR UJJAIN_IDA,2023-10-09,Action Pending,250000,Unsanctioned
MPLADS-035186,Ms Kavita Patidar,Rajya Sabha,Madhya Pradesh,Sitting Rajya Sabha,,,UJJAIN,Piplyaragho,Normal/Others,NA - Purchase of mobile water tankers,DISTRICT COLLECTOR UJJAIN_IDA,2023-10-09,Action Pending,250000,Unsanctioned
MPLADS-035187,Ms Kavita Patidar,Rajya Sabha,Madhya Pradesh,Sitting Rajya Sabha,,,GHATIYA,Jhitarkhedi,Normal/Others,NA - Purchase of mobile water tankers,DISTRICT COLLECTOR UJJAIN_IDA,2023-10-09,Action Pending,250000,Unsanctioned
MPLADS-035260,Rakesh Singh,Lok Sabha,Madhya Pradesh,JABALPUR,Jabalpur,Giriraj Kishor Kapoor Ward,,,Normal/Others,NA - Construction of buildings for community cultural activities,DISTRICT COLLECTOR JABALPUR_IDA,2023-10-08,Action Pending,400000,Unsanctioned
MPLADS-035261,Uday Pratap Singh,Lok Sabha,Madhya Pradesh,HOSHANGABAD,Kareli,SAKET NAGAR,,,Normal/Others,"NA - Purchase of prosthetics, wheel chairs, tricycles (manual or motorized), elect scooties, hearing aids",DISTRICT COLLECTOR NARSINGHPUR_IDA,2023-10-08,Action Pending,108500,Unsanctioned
MPLADS-035262,Uday Pratap Singh,Lok Sabha,Madhya Pradesh,HOSHANGABAD,Gadarwara,RAJIVE WARD,,,Normal/Others,"NA - Purchase of prosthetics, wheel chairs, tricycles (manual or motorized), elect scooties, hearing aids",DISTRICT COLLECTOR NARSINGHPUR_IDA,2023-10-08,Action Pending,108500,Unsanctioned
MPLADS-035263,Uday Pratap Singh,Lok Sabha,Madhya Pradesh,HOSHANGABAD,Gadarwara,GADARWARA,,,Normal/Others,"NA - Purchase of prosthetics, wheel chairs, tricycles (manual or motorized), elect scooties, hearing aids",DISTRICT COLLECTOR NARSINGHPUR_IDA,2023-10-08,Action Pending,108500,Unsanctioned
MPLADS-035264,Uday Pratap Singh,Lok Sabha,Madhya Pradesh,HOSHANGABAD,Chichli,chichli,,,Normal/Others,NA - Purchase of furniture and fixtures for educational purposes,DISTRICT COLLECTOR NARSINGHPUR_IDA,2023-10-08,Action Pending,50000,Unsanctioned
MPLADS-035265,Uday Pratap Singh,Lok Sabha,Madhya Pradesh,HOSHANGABAD,Chichli,chichli,,,Normal/Others,NA - Purchase of furniture and fixtures for educational purposes,DISTRICT COLLECTOR NARSINGHPUR_IDA,2023-10-08,Action Pending,50000,Unsanctioned
MPLADS-035266,Uday Pratap Singh,Lok Sabha,Madhya Pradesh,HOSHANGABAD,Chichli,chichli,,,Normal/Others,NA - Purchase of furniture and fixtures for educational purposes,DISTRICT COLLECTOR NARSINGHPUR_IDA,2023-10-08,Action Pending,50000,Unsanctioned
MPLADS-035267,Faggan Singh Kulaste,Lok Sabha,Madhya Pradesh,MANDLA(ST),Dindori,ward no-10,,,Normal/Others,NA - Construction of culverts and bridges,District Collector Dindori_IDA,2023-10-08,Action Pending,500000,Unsanctioned
MPLADS-035268,Faggan Singh Kulaste,Lok Sabha,Madhya Pradesh,MANDLA(ST),Dindori,ward no-09,,,Normal/Others,NA - Construction of community centers and community halls,District Collector Dindori_IDA,2023-10-08,Action Pending,500000,Unsanctioned
MPLADS-035276,SHRI Kailash Soni,Rajya Sabha,Madhya Pradesh,Sitting Rajya Sabha,,,CHAWARPATHA,Kashi Kheri,Normal/Others,NA - Construction of common work sheds/ common covered sitting area,DISTRICT COLLECTOR NARSINGHPUR_IDA,2023-10-08,Action Pending,200000,Unsanctioned
MPLADS-035277,SHRI Kailash Soni,Rajya Sabha,Madhya Pradesh,Sitting Rajya Sabha,,,KARELI,Mohad,Normal/Others,NA - Construction of additional rooms and halls in the existing public and community building,DISTRICT COLLECTOR NARSINGHPUR_IDA,2023-10-08,Action Pending,100000,Unsanctioned
MPLADS-035278,SHRI Kailash Soni,Rajya Sabha,Madhya Pradesh,Sitting Rajya Sabha,,,NARSIMHAPUR,Sagouni Kalan,Normal/Others,"NA - Construction of roads, approach roads, link roads and pathways",DISTRICT COLLECTOR NARSINGHPUR_IDA,2023-10-08,Action Pending,200000,Unsanctioned
MPLADS-035279,SHRI Kailash Soni,Rajya Sabha,Madhya Pradesh,Sitting Rajya Sabha,,,MOHGAON,Mohgaon,Normal/Others,NA - Construction of community centers and community halls,DISTRICT COLLECTOR MANDLA_IDA,2023-10-08,Action Pending,400000,Unsanctioned
MPLADS-035280,SHRI Kailash Soni,Rajya Sabha,Madhya Pradesh,Sitting Rajya Sabha,,,BABAI CHICHALI,Salgapur,Normal/Others,NA - Construction of community centers and community halls,DISTRICT COLLECTOR NARSINGHPUR_IDA,2023-10-08,Action Pending,25000,Unsanctioned
MPLADS-035289,Narendra Singh Tomar,Lok Sabha,Madhya Pradesh,MORENA,,,AMBAH,Singpura,Normal/Others,"WS/MP645/2023-2024/34270 - Construction of roads, link roads, pathways or any other road with or without drainage system",DISTRICT COLLECTOR MORENA_IDA,2023-10-08,Approved by IDA,500000,Sanctioned
MPLADS-035320,Nakul K Nath,Lok Sabha,Madhya Pradesh,CHHINDWARA,Damua,Ward No. 16,,,Normal/Others,NA - Construction of buildings for community cultural activities,DISTRICT COLLECTOR CHHINDWARA_IDA,2023-10-07,Action Pending,25000,Unsanctioned
MPLADS-035324,Nakul K Nath,Lok Sabha,Madhya Pradesh,CHHINDWARA,Damua,Ward No. 8 damua,,,Normal/Others,NA - Construction of buildings for community cultural activities,DISTRICT COLLECTOR CHHINDWARA_IDA,2023-10-07,Action Pending,50000,Unsanctioned
MPLADS-035325,Nakul K Nath,Lok Sabha,Madhya Pradesh,CHHINDWARA,Damua,ward No. 12,,,Normal/Others,NA - Construction of buildings for community cultural activities,DISTRICT COLLECTOR CHHINDWARA_IDA,2023-10-07,Action Pending,50000,Unsanctioned
MPLADS-035326,Nakul K Nath,Lok Sabha,Madhya Pradesh,CHHINDWARA,Damua,Ward No.1,,,Normal/Others,NA - Construction of buildings for community cultural activities,DISTRICT COLLECTOR CHHINDWARA_IDA,2023-10-07,Action Pending,75000,Unsanctioned
MPLADS-035327,Nakul K Nath,Lok Sabha,Madhya Pradesh,CHHINDWARA,Damua,Ward No. 16,,,Normal/Others,NA - Construction of buildings for community cultural activities,DISTRICT COLLECTOR CHHINDWARA_IDA,2023-10-07,Action Pending,50000,Unsanctioned
MPLADS-035328,Nakul K Nath,Lok Sabha,Madhya Pradesh,CHHINDWARA,Bichhua,Ward No. 3,,,Normal/Others,NA - Construction of buildings for community cultural activities,DISTRICT COLLECTOR CHHINDWARA_IDA,2023-10-07,Action Pending,150000,Unsanctioned
MPLADS-035329,Nakul K Nath,Lok Sabha,Madhya Pradesh,CHHINDWARA,Bichhua,Ward No. 6,,,Normal/Others,NA - Providing drains and gutters for public drainage,DISTRICT COLLECTOR CHHINDWARA_IDA,2023-10-07,Action Pending,200000,Unsanctioned
MPLADS-035333,Nakul K Nath,Lok Sabha,Madhya Pradesh,CHHINDWARA,Jamai,Ward No. 10 Jamai,,,Normal/Others,"NA - Construction of rooms and facilities for hospitals, FWC , PHC Centers and ANM centers",DISTRICT COLLECTOR CHHINDWARA_IDA,2023-10-07,Action Pending,200000,Unsanctioned
MPLADS-035334,Nakul K Nath,Lok Sabha,Madhya Pradesh,CHHINDWARA,Jamai,ward No. 8 Jamai,,,Normal/Others,NA - Construction of culverts and bridges,DISTRICT COLLECTOR CHHINDWARA_IDA,2023-10-07,Action Pending,250000,Unsanctioned
MPLADS-035335,Nakul K Nath,Lok Sabha,Madhya Pradesh,CHHINDWARA,Jamai,Ward No. 1 Jamai,,,Normal/Others,NA - Construction of buildings for community cultural activities,DISTRICT COLLECTOR CHHINDWARA_IDA,2023-10-07,Action Pending,150000,Unsanctioned
MPLADS-035336,Nakul K Nath,Lok Sabha,Madhya Pradesh,CHHINDWARA,Jamai,ward No. 7,,,Normal/Others,NA - Providing drains and gutters for public drainage,DISTRICT COLLECTOR CHHINDWARA_IDA,2023-10-07,Action Pending,200000,Unsanctioned
MPLADS-035339,Nakul K Nath,Lok Sabha,Madhya Pradesh,CHHINDWARA,Damua,Ward No. 14,,,Normal/Others,NA - Construction of buildings for community cultural activities,DISTRICT COLLECTOR CHHINDWARA_IDA,2023-10-07,Action Pending,50000,Unsanctioned
MPLADS-035343,Nakul K Nath,Lok Sabha,Madhya Pradesh,CHHINDWARA,Damua,Ward No. 10,,,Normal/Others,NA - Construction of buildings for community cultural activities,DISTRICT COLLECTOR CHHINDWARA_IDA,2023-10-07,Action Pending,50000,Unsanctioned
MPLADS-035345,Narendra Singh Tomar,Lok Sabha,Madhya Pradesh,MORENA,Porsa,12,,,Normal/Others,NA - Construction of additional rooms and halls in the existing public and community building,DISTRICT COLLECTOR MORENA_IDA,2023-10-07,Action Pending,1500000,Unsanctioned
MPLADS-035495,Vivek Narayan Shejwalkar,Lok Sabha,Madhya Pradesh,GWALIOR,Gwalior,13,,,Normal/Others,NA - Construction of public toilets and bathrooms,DISTRICT COLLECTOR GWALIOR_IDA,2023-10-07,Action Pending,150000,Unsanctioned
MPLADS-035520,Vivek Narayan Shejwalkar,Lok Sabha,Madhya Pradesh,GWALIOR,Gwalior,38,,,Normal/Others,NA - Construction of community centers and community halls,DISTRICT COLLECTOR GWALIOR_IDA,2023-10-07,Action Pending,1000000,Unsanctioned
MPLADS-035522,Guman Singh Damor,Lok Sabha,Madhya Pradesh,RATLAM(ST),,,BAJNA,Kherda,Normal/Others,"WS/MP445/2023-2024/33443 - Construction of roads, approach roads, link roads and pathways",District Collector Ratlam_IDA,2023-10-07,Approved by IDA,250000,Sanctioned
MPLADS-035534,Narendra Singh Tomar,Lok Sabha,Madhya Pradesh,MORENA,,,AMBAH,Sunawali,Normal/Others,WS/MP645/2023-2024/34263 - Development of public parks,DISTRICT COLLECTOR MORENA_IDA,2023-10-07,Approved by IDA,500000,Sanctioned
MPLADS-035570,Narendra Singh Tomar,Lok Sabha,Madhya Pradesh,MORENA,,,AMBAH,Khirenta,Normal/Others,WS/MP645/2023-2024/33454 - Construction of community centers and community halls,DISTRICT COLLECTOR MORENA_IDA,2023-10-07,Approved by IDA,1000000,Sanctioned
MPLADS-035571,Narendra Singh Tomar,Lok Sabha,Madhya Pradesh,MORENA,,,MORENA,Dongarpur Lodha,Normal/Others,WS/MP645/2023-2024/33456 - Construction of community centers and community halls,DISTRICT COLLECTOR MORENA_IDA,2023-10-07,Approved by IDA,1000000,Sanctioned
MPLADS-035572,Narendra Singh Tomar,Lok Sabha,Madhya Pradesh,MORENA,,,AMBAH,Kamtari,Normal/Others,WS/MP645/2023-2024/33458 - Construction of community centers and community halls,DISTRICT COLLECTOR MORENA_IDA,2023-10-07,Approved by IDA,1000000,Sanctioned
MPLADS-035573,Narendra Singh Tomar,Lok Sabha,Madhya Pradesh,MORENA,,,AMBAH,Purawas Kalan,Normal/Others,WS/MP645/2023-2024/33459 - Construction of community centers and community halls,DISTRICT COLLECTOR MORENA_IDA,2023-10-07,Approved by IDA,1000000,Sanctioned
MPLADS-035574,Narendra Singh Tomar,Lok Sabha,Madhya Pradesh,MORENA,,,MORENA,Nagra,Normal/Others,"WS/MP645/2023-2024/33469 - Construction of roads, link roads, pathways or any other road with or without drainage system",DISTRICT COLLECTOR MORENA_IDA,2023-10-07,Approved by IDA,500000,Sanctioned
MPLADS-035575,Narendra Singh Tomar,Lok Sabha,Madhya Pradesh,MORENA,,,MORENA,Kaji Basai,Normal/Others,"WS/MP645/2023-2024/33470 - Construction of roads, link roads, pathways or any other road with or without drainage system",DISTRICT COLLECTOR MORENA_IDA,2023-10-07,Approved by IDA,700000,Sanctioned
MPLADS-035576,Narendra Singh Tomar,Lok Sabha,Madhya Pradesh,MORENA,,,MORENA,Dongarpur Kirar,Normal/Others,WS/MP645/2023-2024/33471 - Crematoriums or structures on burial/ cremation ground for public convenience,DISTRICT COLLECTOR MORENA_IDA,2023-10-07,Approved by IDA,500000,Sanctioned
MPLADS-035577,Narendra Singh Tomar,Lok Sabha,Madhya Pradesh,MORENA,,,MORENA,Hingona Khurd,Normal/Others,"WS/MP645/2023-2024/33472 - Construction of roads, link roads, pathways or any other road with or without drainage system",DISTRICT COLLECTOR MORENA_IDA,2023-10-07,Approved by IDA,500000,Sanctioned
MPLADS-035578,Narendra Singh Tomar,Lok Sabha,Madhya Pradesh,MORENA,,,MORENA,Kotwal,Normal/Others,WS/MP645/2023-2024/33473 - Construction of boundary walls of existing public and community buildings,DISTRICT COLLECTOR MORENA_IDA,2023-10-07,Approved by IDA,800000,Sanctioned
MPLADS-035579,Narendra Singh Tomar,Lok Sabha,Madhya Pradesh,MORENA,,,MORENA,Sangoli,Normal/Others,WS/MP645/2023-2024/33474 - Construction of community centers and community halls,DISTRICT COLLECTOR MORENA_IDA,2023-10-07,Approved by IDA,1000000,Sanctioned
MPLADS-035580,Narendra Singh Tomar,Lok Sabha,Madhya Pradesh,MORENA,,,AMBAH,Dimani,Normal/Others,WS/MP645/2023-2024/33710 - Construction of culverts and bridges,DISTRICT COLLECTOR MORENA_IDA,2023-10-07,Approved by IDA,800000,Sanctioned
MPLADS-035581,Narendra Singh Tomar,Lok Sabha,Madhya Pradesh,MORENA,,,VIJAYPUR,Nitanwas,Normal/Others,WS/MP645/2023-2024/33712 - Construction of culverts and bridges,District Collector Sheopur_IDA,2023-10-07,Approved by IDA,700000,Sanctioned
MPLADS-035582,Narendra Singh Tomar,Lok Sabha,Madhya Pradesh,MORENA,,,VIJAYPUR,Sukhwas,Normal/Others,WS/MP645/2023-2024/33713 - Construction of culverts and bridges,District Collector Sheopur_IDA,2023-10-07,Approved by IDA,700000,Sanctioned
MPLADS-035583,Narendra Singh Tomar,Lok Sabha,Madhya Pradesh,MORENA,,,VIJAYPUR,Telipura,Normal/Others,WS/MP645/2023-2024/33718 - Construction of boundary walls of existing public and community buildings,District Collector Sheopur_IDA,2023-10-07,Approved by IDA,600000,Sanctioned
MPLADS-035584,Janardan Mishra,Lok Sabha,Madhya Pradesh,REWA,,,JAWA,Chhadahana,Normal/Others,"WS/MP644/2023-2024/33719 - Construction of roads, approach roads, link roads and pathways",DISTRICT COLLECTOR REWA_IDA,2023-10-07,Approved by IDA,500000,Sanctioned
MPLADS-035585,Narendra Singh Tomar,Lok Sabha,Madhya Pradesh,MORENA,,,VIJAYPUR,Chhawar,Normal/Others,WS/MP645/2023-2024/33865 - Construction of boundary walls of existing public and community buildings,District Collector Sheopur_IDA,2023-10-07,Approved by IDA,600000,Sanctioned
MPLADS-035586,Faggan Singh Kulaste,Lok Sabha,Madhya Pradesh,MANDLA(ST),,,SHAHPURA,Bargaon Mal.(Karaundi),Normal/Others,WS/MP640/2023-2024/34206 - Construction of additional rooms and halls in the existing public and community building,District Collector Dindori_IDA,2023-10-07,Approved by IDA,2000000,Sanctioned
MPLADS-035587,Narendra Singh Tomar,Lok Sabha,Madhya Pradesh,MORENA,,,AMBAH,Bhidosa,Normal/Others,"WS/MP645/2023-2024/34258 - Construction of roads, link roads, pathways or any other road with or without drainage system",DISTRICT COLLECTOR MORENA_IDA,2023-10-07,Approved by IDA,700000,Sanctioned
MPLADS-035588,Narendra Singh Tomar,Lok Sabha,Madhya Pradesh,MORENA,,,AMBAH,Bawadipura,Normal/Others,"WS/MP645/2023-2024/34260 - Construction of roads, link roads, pathways or any other road with or without drainage system",DISTRICT COLLECTOR MORENA_IDA,2023-10-07,Approved by IDA,500000,Sanctioned
MPLADS-035589,Narendra Singh Tomar,Lok Sabha,Madhya Pradesh,MORENA,,,AMBAH,Kukthari,Normal/Others,WS/MP645/2023-2024/34261 - Crematoriums or structures on burial/ cremation ground for public convenience,DISTRICT COLLECTOR MORENA_IDA,2023-10-07,Approved by IDA,500000,Sanctioned
MPLADS-035590,Narendra Singh Tomar,Lok Sabha,Madhya Pradesh,MORENA,,,MORENA,Ajnaudha,Normal/Others,WS/MP645/2023-2024/33455 - Construction of community centers and community halls,DISTRICT COLLECTOR MORENA_IDA,2023-10-07,Approved by IDA,1000000,Sanctioned
MPLADS-035591,Narendra Singh Tomar,Lok Sabha,Madhya Pradesh,MORENA,,,AMBAH,Khirenta,Normal/Others,WS/MP645/2023-2024/33453 - Construction of flood control embankments,DISTRICT COLLECTOR MORENA_IDA,2023-10-07,Approved by IDA,700000,Sanctioned
MPLADS-035593,Narendra Singh Tomar,Lok Sabha,Madhya Pradesh,MORENA,,,AMBAH,Aroli,Normal/Others,WS/MP645/2023-2024/33452 - Construction of flood control embankments,DISTRICT COLLECTOR MORENA_IDA,2023-10-07,Approved by IDA,700000,Sanctioned
MPLADS-035609,Guman Singh Damor,Lok Sabha,Madhya Pradesh,RATLAM(ST),,,BAJNA,Rani Singh,Normal/Others,WS/MP445/2023-2024/33425 - Improvement of electricity distribution infrastructure,District Collector Ratlam_IDA,2023-10-07,Approved by IDA,1000000,Sanctioned
MPLADS-035610,Guman Singh Damor,Lok Sabha,Madhya Pradesh,RATLAM(ST),,,BAJNA,Ambapada Kala,Normal/Others,"WS/MP445/2023-2024/33442 - Construction of roads, approach roads, link roads and pathways",District Collector Ratlam_IDA,2023-10-07,Approved by IDA,250000,Sanctioned
MPLADS-035611,Guman Singh Damor,Lok Sabha,Madhya Pradesh,RATLAM(ST),,,BAJNA,Bhojpura,Normal/Others,"WS/MP445/2023-2024/33444 - Construction of roads, approach roads, link roads and pathways",District Collector Ratlam_IDA,2023-10-07,Approved by IDA,250000,Sanctioned
MPLADS-035612,Guman Singh Damor,Lok Sabha,Madhya Pradesh,RATLAM(ST),,,BAJNA,Bhutpada,Normal/Others,"WS/MP445/2023-2024/33445 - Construction of roads, approach roads, link roads and pathways",District Collector Ratlam_IDA,2023-10-07,Approved by IDA,250000,Sanctioned
MPLADS-035687,Ms Kavita Patidar,Rajya Sabha,Madhya Pradesh,Sitting Rajya Sabha,,,MHOW,Khurdi,Normal/Others,NA - Installation of fixed garden gym equipment,DISTRICT COLLECTOR INDORE_IDA,2023-10-07,Action Pending,700000,Unsanctioned
MPLADS-035688,Ms Kavita Patidar,Rajya Sabha,Madhya Pradesh,Sitting Rajya Sabha,,,MHOW,Bhatkhedi,Normal/Others,NA - Installation of fixed garden gym equipment,DISTRICT COLLECTOR INDORE_IDA,2023-10-07,Action Pending,700000,Unsanctioned
MPLADS-035689,Ms Kavita Patidar,Rajya Sabha,Madhya Pradesh,Sitting Rajya Sabha,Manpur,"05, 07 and 13 Manpur",,,Normal/Others,NA - Installation of fixed garden gym equipment,DISTRICT COLLECTOR INDORE_IDA,2023-10-07,Action Pending,2100000,Unsanctioned
MPLADS-035690,Ms Kavita Patidar,Rajya Sabha,Madhya Pradesh,Sitting Rajya Sabha,,,SANWER,Kattkya,Normal/Others,"NA - Construction of roads, approach roads, link roads and pathways",DISTRICT COLLECTOR INDORE_IDA,2023-10-07,Action Pending,1000000,Unsanctioned
MPLADS-035691,Ms Kavita Patidar,Rajya Sabha,Madhya Pradesh,Sitting Rajya Sabha,,,SANWER,Amli Kheda,Normal/Others,"NA - Construction of roads, approach roads, link roads and pathways",DISTRICT COLLECTOR INDORE_IDA,2023-10-07,Action Pending,1000000,Unsanctioned
MPLADS-035692,Ms Kavita Patidar,Rajya Sabha,Madhya Pradesh,Sitting Rajya Sabha,,,SANWER,Solsinda,Normal/Others,"NA - Construction of roads, approach roads, link roads and pathways",DISTRICT COLLECTOR INDORE_IDA,2023-10-07,Action Pending,1000000,Unsanctioned
MPLADS-035693,Ms Kavita Patidar,Rajya Sabha,Madhya Pradesh,Sitting Rajya Sabha,Manpur,01,,,Normal/Others,NA - Construction of community centers and community halls,DISTRICT COLLECTOR INDORE_IDA,2023-10-07,Action Pending,1200000,Unsanctioned
MPLADS-035694,Shri Vivek K Tankha,Rajya Sabha,Madhya Pradesh,Sitting Rajya Sabha,Indore,Nagar Panchayat Rau,,,Normal/Others,NA - Construction of culverts and bridges,DISTRICT COLLECTOR INDORE_IDA,2023-10-07,Action Pending,1500000,Unsanctioned
MPLADS-035695,Shri Vivek K Tankha,Rajya Sabha,Madhya Pradesh,Sitting Rajya Sabha,,,SHAHPURA,Jhojhi,Normal/Others,NA - Construction of buildings for training institutions,DISTRICT COLLECTOR JABALPUR_IDA,2023-10-07,Action Pending,1000000,Unsanctioned
MPLADS-035705,Narendra Singh Tomar,Lok Sabha,Madhya Pradesh,MORENA,,,AMBAH,Sunawali,Normal/Others,WS/MP645/2023-2024/34262 - Development of public parks,DISTRICT COLLECTOR MORENA_IDA,2023-10-07,Approved by IDA,500000,Sanctioned
MPLADS-035706,Narendra Singh Tomar,Lok Sabha,Madhya Pradesh,MORENA,,,AMBAH,Purawas Khurd,Normal/Others,"WS/MP645/2023-2024/34259 - Construction of roads, link roads, pathways or any other road with or without drainage system",DISTRICT COLLECTOR MORENA_IDA,2023-10-07,Approved by IDA,500000,Sanctioned
MPLADS-035707,Narendra Singh Tomar,Lok Sabha,Madhya Pradesh,MORENA,,,AMBAH,Sikrodi,Normal/Others,WS/MP645/2023-2024/34265 - Construction of community centers and community halls,DISTRICT COLLECTOR MORENA_IDA,2023-10-07,Approved by IDA,1000000,Sanctioned
MPLADS-035741,Narendra Singh Tomar,Lok Sabha,Madhya Pradesh,MORENA,,,AMBAH,Bareh,Normal/Others,"WS/MP645/2023-2024/34266 - Construction of roads, link roads, pathways or any other road with or without drainage system",DISTRICT COLLECTOR MORENA_IDA,2023-10-07,Approved by IDA,500000,Sanctioned
MPLADS-035815,Narendra Singh Tomar,Lok Sabha,Madhya Pradesh,MORENA,,,AMBAH,Chandpur,Normal/Others,"WS/MP645/2023-2024/34267 - Construction of roads, link roads, pathways or any other road with or without drainage system",DISTRICT COLLECTOR MORENA_IDA,2023-10-07,Approved by IDA,700000,Sanctioned
MPLADS-035816,Narendra Singh Tomar,Lok Sabha,Madhya Pradesh,MORENA,,,MORENA,Surjanpur,Normal/Others,"WS/MP645/2023-2024/34269 - Construction of roads, link roads, pathways or any other road with or without drainage system",DISTRICT COLLECTOR MORENA_IDA,2023-10-07,Approved by IDA,800000,Sanctioned
MPLADS-036006,Dr . Sumer Singh Solanki,Rajya Sabha,Madhya Pradesh,Sitting Rajya Sabha,,,PATI,Bokarata,Normal/Others,WS/MP010/2023-2024/32629 - Construction of public irrigation facilities,DISTRICT COLLECTOR BADWANI_IDA,2023-10-06,Approved by IDA,1000000,Sanctioned
MPLADS-036008,Dr . Sumer Singh Solanki,Rajya Sabha,Madhya Pradesh,Sitting Rajya Sabha,,,BARWANI,Holgaon,Normal/Others,NA - Improvement of electricity distribution infrastructure,DISTRICT COLLECTOR BADWANI_IDA,2023-10-06,Action Pending,575000,Unsanctioned
MPLADS-036009,Dr . Sumer Singh Solanki,Rajya Sabha,Madhya Pradesh,Sitting Rajya Sabha,,,BARWANI,Bhandarda,Normal/Others,NA - Construction of culverts and bridges,DISTRICT COLLECTOR BADWANI_IDA,2023-10-06,Action Pending,1856000,Unsanctioned
MPLADS-036010,Dr . Sumer Singh Solanki,Rajya Sabha,Madhya Pradesh,Sitting Rajya Sabha,,,PANNA,Ahirguwan,Normal/Others,WS/MP010/2023-2024/32616 - Construction of community centers and community halls,DISTRICT COLLECTOR PANNA_IDA,2023-10-06,Approved by IDA,2000000,Unsanctioned
MPLADS-036011,Dr . Sumer Singh Solanki,Rajya Sabha,Madhya Pradesh,Sitting Rajya Sabha,,,PAWAI,Banoli,Normal/Others,WS/MP010/2023-2024/32618 - Construction of community centers and community halls,DISTRICT COLLECTOR PANNA_IDA,2023-10-06,Approved by IDA,2000000,Unsanctioned
MPLADS-036012,Dr . Sumer Singh Solanki,Rajya Sabha,Madhya Pradesh,Sitting Rajya Sabha,,,GUNOUR,Maheba,Normal/Others,WS/MP010/2023-2024/32625 - Construction of community centers and community halls,DISTRICT COLLECTOR PANNA_IDA,2023-10-06,Approved by IDA,2000000,Unsanctioned
MPLADS-036013,SH L Murugan,Rajya Sabha,Madhya Pradesh,Sitting Rajya Sabha,,,VIJAYRAGHAVGARH,Kanti,Normal/Others,NA - Construction of community centers and community halls,District Collector Katni_IDA,2023-10-06,Action Pending,2000000,Unsanctioned
MPLADS-036015,SH L Murugan,Rajya Sabha,Madhya Pradesh,Sitting Rajya Sabha,,,RITHI,Bilhari,Normal/Others,NA - Construction of community centers and community halls,District Collector Katni_IDA,2023-10-06,Action Pending,2000000,Unsanctioned
MPLADS-036256,Guman Singh Damor,Lok Sabha,Madhya Pradesh,RATLAM(ST),Ratlam,22,,,Normal/Others,WS/MP445/2023-2024/32793 - Construction of community centers and community halls,District Collector Ratlam_IDA,2023-10-06,Approved by IDA,565081,Unsanctioned
MPLADS-036268,Gajendra Singh Patel,Lok Sabha,Madhya Pradesh,KHARGONE(ST),Maheshwar,ward no 01,,,Normal/Others,NA - Construction of community centers and community halls,DISTRICT COLLECTOR KHARGONE_IDA,2023-10-06,Action Pending,500000,Unsanctioned
MPLADS-036269,Rakesh Singh,Lok Sabha,Madhya Pradesh,JABALPUR,Jabalpur,Nagar parishad Bhedaghat,,,Normal/Others,NA - Construction of community centers and community halls,DISTRICT COLLECTOR JABALPUR_IDA,2023-10-06,Action Pending,500000,Unsanctioned
MPLADS-036270,Durga Das Uikey,Lok Sabha,Madhya Pradesh,BETUL(ST),BETUL,Vivekanand Ward Betul,,,Normal/Others,WS/MP444/2023-2024/32815 - Construction of buildings for community cultural activities,DISTRICT COLLECTOR BETUL_IDA,2023-10-06,Approved by IDA,250000,Unsanctioned
MPLADS-036271,Guman Singh Damor,Lok Sabha,Madhya Pradesh,RATLAM(ST),Ratlam,Tana Deendayal Nagar,,,Normal/Others,WS/MP445/2023-2024/32837 - Providing CCTV camera system for security of public areas,District Collector Ratlam_IDA,2023-10-06,Approved by IDA,250000,Completed
MPLADS-036272,Guman Singh Damor,Lok Sabha,Madhya Pradesh,RATLAM(ST),Ratlam,Kasturba Nagar Tiraha,,,Normal/Others,WS/MP445/2023-2024/32838 - Providing CCTV camera system for security of public areas,District Collector Ratlam_IDA,2023-10-06,Approved by IDA,250000,Completed
MPLADS-036273,Guman Singh Damor,Lok Sabha,Madhya Pradesh,RATLAM(ST),Ratlam,Ukala Road Tiraha,,,Normal/Others,WS/MP445/2023-2024/32839 - Providing CCTV camera system for security of public areas,District Collector Ratlam_IDA,2023-10-06,Approved by IDA,250000,Completed
MPLADS-036296,Guman Singh Damor,Lok Sabha,Madhya Pradesh,RATLAM(ST),Ratlam,Topkhana Chouraha,,,Normal/Others,WS/MP445/2023-2024/32840 - Providing CCTV camera system for security of public areas,District Collector Ratlam_IDA,2023-10-06,Approved by IDA,250000,Completed
MPLADS-036297,Gajendra Singh Patel,Lok Sabha,Madhya Pradesh,KHARGONE(ST),Barwani,ward no 03,,,Normal/Others,NA - Development of public parks,DISTRICT COLLECTOR BADWANI_IDA,2023-10-06,Action Pending,200000,Unsanctioned
MPLADS-036298,Shankar Lalwani,Lok Sabha,Madhya Pradesh,INDORE,Rau,Ward-79 Silicon City,,,Normal/Others,NA - Installing tube-wells and borewells,DISTRICT COLLECTOR INDORE_IDA,2023-10-06,Action Pending,380100,Unsanctioned
MPLADS-036299,Narendra Singh Tomar,Lok Sabha,Madhya Pradesh,MORENA,,,VIJAYPUR,Farara,Normal/Others,"WS/MP645/2023-2024/32586 - Construction of roads, link roads, pathways or any other road with or without drainage system",District Collector Sheopur_IDA,2023-10-06,Approved by IDA,500000,Sanctioned
MPLADS-036300,Guman Singh Damor,Lok Sabha,Madhya Pradesh,RATLAM(ST),,,PETLAWAD,Mohanpura,Normal/Others,WS/MP445/2023-2024/32851 - Construction of community centers and community halls,DISTRICT COLLECTOR JHABUA_IDA,2023-10-06,Approved by IDA,500000,Sanctioned
MPLADS-036301,Guman Singh Damor,Lok Sabha,Madhya Pradesh,RATLAM(ST),,,RAMA,Bhuradabra,Normal/Others,"WS/MP445/2023-2024/32805 - Construction of roads, approach roads, link roads and pathways",DISTRICT COLLECTOR JHABUA_IDA,2023-10-06,Approved by IDA,500000,Sanctioned
MPLADS-036302,Guman Singh Damor,Lok Sabha,Madhya Pradesh,RATLAM(ST),,,PETLAWAD,Raipuriya,Normal/Others,WS/MP445/2023-2024/32756 - Construction of community centers and community halls,DISTRICT COLLECTOR JHABUA_IDA,2023-10-06,Approved by IDA,250000,Sanctioned
MPLADS-036303,Guman Singh Damor,Lok Sabha,Madhya Pradesh,RATLAM(ST),,,RANAPUR,Dabtalai,Normal/Others,WS/MP445/2023-2024/32732 - Construction of culverts and bridges,DISTRICT COLLECTOR JHABUA_IDA,2023-10-06,Approved by IDA,500000,Sanctioned
MPLADS-036304,Narendra Singh Tomar,Lok Sabha,Madhya Pradesh,MORENA,,,VIJAYPUR,Gaswani,Normal/Others,"WS/MP645/2023-2024/32590 - Construction of roads, link roads, pathways or any other road with or without drainage system",District Collector Sheopur_IDA,2023-10-06,Approved by IDA,500000,Sanctioned
MPLADS-036305,Narendra Singh Tomar,Lok Sabha,Madhya Pradesh,MORENA,,,VIJAYPUR,Nerkheda,Normal/Others,"WS/MP645/2023-2024/32589 - Construction of roads, link roads, pathways or any other road with or without drainage system",District Collector Sheopur_IDA,2023-10-06,Approved by IDA,600000,Sanctioned
MPLADS-036306,Narendra Singh Tomar,Lok Sabha,Madhya Pradesh,MORENA,,,VIJAYPUR,Ghughas,Normal/Others,WS/MP645/2023-2024/32588 - Construction of culverts and bridges,District Collector Sheopur_IDA,2023-10-06,Approved by IDA,600000,Sanctioned
MPLADS-036307,Narendra Singh Tomar,Lok Sabha,Madhya Pradesh,MORENA,,,VIJAYPUR,Budhera,Normal/Others,WS/MP645/2023-2024/32587 - Construction of community centers and community halls,District Collector Sheopur_IDA,2023-10-06,Approved by IDA,1000000,Sanctioned
MPLADS-036309,Guman Singh Damor,Lok Sabha,Madhya Pradesh,RATLAM(ST),,,JHABUA,Mindal,Normal/Others,WS/MP445/2023-2024/32991 - Construction of culverts and bridges,DISTRICT COLLECTOR JHABUA_IDA,2023-10-06,Approved by IDA,500000,Sanctioned
MPLADS-036318,Guman Singh Damor,Lok Sabha,Madhya Pradesh,RATLAM(ST),,,JHABUA,Piliya Khandan,Normal/Others,WS/MP445/2023-2024/32856 - Construction of culverts and bridges,DISTRICT COLLECTOR JHABUA_IDA,2023-10-06,Approved by IDA,300000,Sanctioned
MPLADS-036319,Uday Pratap Singh,Lok Sabha,Madhya Pradesh,HOSHANGABAD,Gadarwara,SHASTRI WARD,,,Normal/Others,"NA - Construction of roads, approach roads, link roads and pathways",DISTRICT COLLECTOR NARSINGHPUR_IDA,2023-10-06,Action Pending,300000,Unsanctioned
MPLADS-036320,Uday Pratap Singh,Lok Sabha,Madhya Pradesh,HOSHANGABAD,Gadarwara,RAJIV WARD,,,Normal/Others,NA - Providing drains and gutters for public drainage,DISTRICT COLLECTOR NARSINGHPUR_IDA,2023-10-06,Action Pending,300000,Unsanctioned
MPLADS-036322,Uday Pratap Singh,Lok Sabha,Madhya Pradesh,HOSHANGABAD,Gadarwara,PATEL WARD,,,Normal/Others,NA - Construction of flood control embankments,DISTRICT COLLECTOR NARSINGHPUR_IDA,2023-10-06,Action Pending,300000,Unsanctioned
MPLADS-036323,Faggan Singh Kulaste,Lok Sabha,Madhya Pradesh,MANDLA(ST),mandla,"ward no-20, tilak ward",,,Normal/Others,NA - Installation of fixed garden gym equipment,DISTRICT COLLECTOR MANDLA_IDA,2023-10-06,Action Pending,1072592,Unsanctioned
MPLADS-036324,Uday Pratap Singh,Lok Sabha,Madhya Pradesh,HOSHANGABAD,Gadarwara,MAHARANI LAXMIBAI WARD,,,Normal/Others,NA - Providing drains and gutters for public drainage,DISTRICT COLLECTOR NARSINGHPUR_IDA,2023-10-06,Action Pending,300000,Unsanctioned
MPLADS-036325,Uday Pratap Singh,Lok Sabha,Madhya Pradesh,HOSHANGABAD,Gadarwara,MATA WARD,,,Normal/Others,NA - Providing drains and gutters for public drainage,DISTRICT COLLECTOR NARSINGHPUR_IDA,2023-10-06,Action Pending,300000,Unsanctioned
MPLADS-036331,Uday Pratap Singh,Lok Sabha,Madhya Pradesh,HOSHANGABAD,Gadarwara,KAMATH WARD,,,Normal/Others,NA - Providing drains and gutters for public drainage,DISTRICT COLLECTOR NARSINGHPUR_IDA,2023-10-06,Action Pending,300000,Unsanctioned
MPLADS-036338,Uday Pratap Singh,Lok Sabha,Madhya Pradesh,HOSHANGABAD,Gadarwara,SHAHID BHAGAT SINGH WARD,,,Normal/Others,NA - Providing drains and gutters for public drainage,DISTRICT COLLECTOR NARSINGHPUR_IDA,2023-10-06,Action Pending,300000,Unsanctioned
MPLADS-036339,Uday Pratap Singh,Lok Sabha,Madhya Pradesh,HOSHANGABAD,Gadarwara,INDIRA WARD,,,Normal/Others,NA - Providing drains and gutters for public drainage,DISTRICT COLLECTOR NARSINGHPUR_IDA,2023-10-06,Action Pending,300000,Unsanctioned
MPLADS-036342,Prahlad Singh Patel,Lok Sabha,Madhya Pradesh,DAMOH,Damoh,Naya Bazar No.03 Damoh,,,Normal/Others,NA - Construction of common work sheds/ common covered sitting area,DISTRICT COLLECTOR DAMOH_IDA,2023-10-06,Action Pending,100000,Unsanctioned
MPLADS-036351,Prahlad Singh Patel,Lok Sabha,Madhya Pradesh,DAMOH,Damoh,bazariya ward No.06,,,Normal/Others,NA - Construction of boundary walls of existing public and community buildings,DISTRICT COLLECTOR DAMOH_IDA,2023-10-06,Action Pending,200000,Unsanctioned
MPLADS-036352,Rodmal Nagar,Lok Sabha,Madhya Pradesh,RAJGARH,Aron,00,,,Normal/Others,NA - Construction of rooms and halls in school and colleges,District Collector Guna_IDA,2023-10-06,Action Pending,1000000,Unsanctioned
MPLADS-036353,Rodmal Nagar,Lok Sabha,Madhya Pradesh,RAJGARH,Biaora,00,,,Normal/Others,NA - Construction of buildings for community cultural activities,DISTRICT COLLECTOR RAJGARH_IDA,2023-10-06,Action Pending,500000,Unsanctioned
MPLADS-036356,Narendra Singh Tomar,Lok Sabha,Madhya Pradesh,MORENA,Sheopur,14,,,Normal/Others,WS/MP645/2023-2024/32582 - Construction of community centers and community halls,District Collector Sheopur_IDA,2023-10-06,Approved by IDA,500000,Unsanctioned
MPLADS-036380,Rakesh Singh,Lok Sabha,Madhya Pradesh,JABALPUR,Jabalpur,Rani Awanti Bai,,,Normal/Others,NA - Construction of buildings for community cultural activities,DISTRICT COLLECTOR JABALPUR_IDA,2023-10-05,Action Pending,200000,Unsanctioned
MPLADS-036381,Rakesh Singh,Lok Sabha,Madhya Pradesh,JABALPUR,Jabalpur,Rani Awanti Bai,,,Normal/Others,NA - Construction of buildings for community cultural activities,DISTRICT COLLECTOR JABALPUR_IDA,2023-10-05,Action Pending,200000,Unsanctioned
MPLADS-036382,Rakesh Singh,Lok Sabha,Madhya Pradesh,JABALPUR,Jabalpur,Rani Awanti Bai,,,Normal/Others,NA - Construction of buildings for community cultural activities,DISTRICT COLLECTOR JABALPUR_IDA,2023-10-05,Action Pending,200000,Unsanctioned
MPLADS-036383,Rakesh Singh,Lok Sabha,Madhya Pradesh,JABALPUR,Jabalpur,Govind Vallabh Pant,,,Normal/Others,"NA - Construction of roads, approach roads, link roads and pathways",DISTRICT COLLECTOR JABALPUR_IDA,2023-10-05,Action Pending,400000,Unsanctioned
MPLADS-036384,Rakesh Singh,Lok Sabha,Madhya Pradesh,JABALPUR,Jabalpur,Maharaja Agrasen,,,Normal/Others,NA - Construction of buildings for community cultural activities,DISTRICT COLLECTOR JABALPUR_IDA,2023-10-05,Action Pending,400000,Unsanctioned
MPLADS-036385,Rakesh Singh,Lok Sabha,Madhya Pradesh,JABALPUR,Jabalpur,Jawahar Lal Neru Ward,,,Normal/Others,"NA - Construction of roads, approach roads, link roads and pathways",DISTRICT COLLECTOR JABALPUR_IDA,2023-10-05,Action Pending,400000,Unsanctioned
MPLADS-036386,Rakesh Singh,Lok Sabha,Madhya Pradesh,JABALPUR,Jabalpur,Maharshi Arvind,,,Normal/Others,NA - Construction of buildings for community cultural activities,DISTRICT COLLECTOR JABALPUR_IDA,2023-10-05,Action Pending,400000,Unsanctioned
MPLADS-036392,Rakesh Singh,Lok Sabha,Madhya Pradesh,JABALPUR,Jabalpur,Chitranjan Das,,,Normal/Others,"NA - Construction of roads, approach roads, link roads and pathways",DISTRICT COLLECTOR JABALPUR_IDA,2023-10-05,Action Pending,236000,Unsanctioned
MPLADS-036396,Rakesh Singh,Lok Sabha,Madhya Pradesh,JABALPUR,Jabalpur,Rajiv Gandhi,,,Normal/Others,NA - Construction of buildings for community cultural activities,DISTRICT COLLECTOR JABALPUR_IDA,2023-10-05,Action Pending,400000,Unsanctioned
MPLADS-036397,Rakesh Singh,Lok Sabha,Madhya Pradesh,JABALPUR,Jabalpur,Chitranjan Das,,,Normal/Others,"NA - Construction of roads, approach roads, link roads and pathways",DISTRICT COLLECTOR JABALPUR_IDA,2023-10-05,Action Pending,236000,Unsanctioned
MPLADS-036398,Rakesh Singh,Lok Sabha,Madhya Pradesh,JABALPUR,Jabalpur,Madan Mohan malviya,,,Normal/Others,NA - Construction of boundary walls of existing public and community buildings,DISTRICT COLLECTOR JABALPUR_IDA,2023-10-05,Action Pending,236000,Unsanctioned
MPLADS-036399,Rakesh Singh,Lok Sabha,Madhya Pradesh,JABALPUR,Jabalpur,Seth Govind Das,,,Normal/Others,"NA - Construction of roads, approach roads, link roads and pathways",DISTRICT COLLECTOR JABALPUR_IDA,2023-10-05,Action Pending,236000,Unsanctioned
MPLADS-036408,Rakesh Singh,Lok Sabha,Madhya Pradesh,JABALPUR,Jabalpur,Pn. Deendayal Upadhyay,,,Normal/Others,NA - Construction of buildings for community cultural activities,DISTRICT COLLECTOR JABALPUR_IDA,2023-10-05,Action Pending,400000,Unsanctioned
MPLADS-036410,Rakesh Singh,Lok Sabha,Madhya Pradesh,JABALPUR,Jabalpur,Seth Govind Das,,,Normal/Others,"NA - Construction of roads, approach roads, link roads and pathways",DISTRICT COLLECTOR JABALPUR_IDA,2023-10-05,Action Pending,112000,Unsanctioned
MPLADS-036416,Rakesh Singh,Lok Sabha,Madhya Pradesh,JABALPUR,Jabalpur,Madan Mohan malviya,,,Normal/Others,NA - Construction of boundary walls of existing public and community buildings,DISTRICT COLLECTOR JABALPUR_IDA,2023-10-05,Action Pending,236000,Unsanctioned
MPLADS-036418,Rakesh Singh,Lok Sabha,Madhya Pradesh,JABALPUR,Jabalpur,Seth Govind Das,,,Normal/Others,"NA - Construction of roads, approach roads, link roads and pathways",DISTRICT COLLECTOR JABALPUR_IDA,2023-10-05,Action Pending,236000,Unsanctioned
MPLADS-036419,Rakesh Singh,Lok Sabha,Madhya Pradesh,JABALPUR,Jabalpur,Rani Durgawati,,,Normal/Others,NA - Construction of buildings for community cultural activities,DISTRICT COLLECTOR JABALPUR_IDA,2023-10-05,Action Pending,400000,Unsanctioned
MPLADS-036420,Rakesh Singh,Lok Sabha,Madhya Pradesh,JABALPUR,Jabalpur,Chitranjan Das,,,Normal/Others,"NA - Construction of roads, approach roads, link roads and pathways",DISTRICT COLLECTOR JABALPUR_IDA,2023-10-05,Action Pending,236000,Unsanctioned
MPLADS-036422,Rakesh Singh,Lok Sabha,Madhya Pradesh,JABALPUR,Jabalpur,Baburao Paranjape,,,Normal/Others,NA - Construction of buildings for community cultural activities,DISTRICT COLLECTOR JABALPUR_IDA,2023-10-05,Action Pending,400000,Unsanctioned
MPLADS-036423,Rakesh Singh,Lok Sabha,Madhya Pradesh,JABALPUR,Jabalpur,Lokmanya Tilak,,,Normal/Others,NA - Construction of buildings for community cultural activities,DISTRICT COLLECTOR JABALPUR_IDA,2023-10-05,Action Pending,400000,Unsanctioned
MPLADS-036424,Rakesh Singh,Lok Sabha,Madhya Pradesh,JABALPUR,Jabalpur,Dr. Rajendra Prasad,,,Normal/Others,"NA - Construction of roads, approach roads, link roads and pathways",DISTRICT COLLECTOR JABALPUR_IDA,2023-10-05,Action Pending,400000,Unsanctioned
MPLADS-036425,Narendra Singh Tomar,Lok Sabha,Madhya Pradesh,MORENA,Porsa,ward no 11,,,Normal/Others,NA - Construction of community centers and community halls,DISTRICT COLLECTOR MORENA_IDA,2023-10-05,Action Pending,2000000,Unsanctioned
MPLADS-036426,Rakesh Singh,Lok Sabha,Madhya Pradesh,JABALPUR,Jabalpur,Maharana Pratap,,,Normal/Others,NA - Construction of buildings for community cultural activities,DISTRICT COLLECTOR JABALPUR_IDA,2023-10-05,Action Pending,400000,Unsanctioned
MPLADS-036427,Rakesh Singh,Lok Sabha,Madhya Pradesh,JABALPUR,Jabalpur,Sardar Vallabh Bhai Patel,,,Normal/Others,NA - Construction of buildings for community cultural activities,DISTRICT COLLECTOR JABALPUR_IDA,2023-10-05,Action Pending,400000,Unsanctioned
MPLADS-036428,Rakesh Singh,Lok Sabha,Madhya Pradesh,JABALPUR,Jabalpur,Tripuri,,,Normal/Others,"NA - Construction of roads, link roads, pathways or any other road with or without drainage system",DISTRICT COLLECTOR JABALPUR_IDA,2023-10-05,Action Pending,400000,Unsanctioned
MPLADS-036429,Rakesh Singh,Lok Sabha,Madhya Pradesh,JABALPUR,Jabalpur,Swami Virendra Puri,,,Normal/Others,NA - Construction of buildings for community cultural activities,DISTRICT COLLECTOR JABALPUR_IDA,2023-10-05,Action Pending,400000,Unsanctioned
MPLADS-036430,Rakesh Singh,Lok Sabha,Madhya Pradesh,JABALPUR,Jabalpur,Banarsi Das Bhanot,,,Normal/Others,NA - Construction of buildings for community cultural activities,DISTRICT COLLECTOR JABALPUR_IDA,2023-10-05,Action Pending,400000,Unsanctioned
MPLADS-036431,Rakesh Singh,Lok Sabha,Madhya Pradesh,JABALPUR,Jabalpur,Georje Disilwa,,,Normal/Others,NA - Construction of buildings for community cultural activities,DISTRICT COLLECTOR JABALPUR_IDA,2023-10-05,Action Pending,400000,Unsanctioned
MPLADS-036432,Rakesh Singh,Lok Sabha,Madhya Pradesh,JABALPUR,Jabalpur,Gwarighat,,,Normal/Others,NA - Construction of buildings for community cultural activities,DISTRICT COLLECTOR JABALPUR_IDA,2023-10-05,Action Pending,400000,Unsanctioned
MPLADS-036433,Rakesh Singh,Lok Sabha,Madhya Pradesh,JABALPUR,Jabalpur,Dayanand Saraswati,,,Normal/Others,"NA - Construction of roads, approach roads, link roads and pathways",DISTRICT COLLECTOR JABALPUR_IDA,2023-10-05,Action Pending,200000,Unsanctioned
MPLADS-036434,Rakesh Singh,Lok Sabha,Madhya Pradesh,JABALPUR,Jabalpur,Shankar Shah,,,Normal/Others,NA - Construction of buildings for community cultural activities,DISTRICT COLLECTOR JABALPUR_IDA,2023-10-05,Action Pending,400000,Unsanctioned
MPLADS-036435,Rakesh Singh,Lok Sabha,Madhya Pradesh,JABALPUR,Jabalpur,Radhakrishnan,,,Normal/Others,NA - Construction of buildings for community cultural activities,DISTRICT COLLECTOR JABALPUR_IDA,2023-10-05,Action Pending,400000,Unsanctioned
MPLADS-036436,Rakesh Singh,Lok Sabha,Madhya Pradesh,JABALPUR,Jabalpur,Dr. Jakir Hussain,,,Normal/Others,NA - Installing tube-wells and borewells,DISTRICT COLLECTOR JABALPUR_IDA,2023-10-05,Action Pending,200000,Unsanctioned
MPLADS-036437,Rakesh Singh,Lok Sabha,Madhya Pradesh,JABALPUR,Jabalpur,8 Cantt Board,,,Normal/Others,NA - Construction of common work sheds/ common covered sitting area,DISTRICT COLLECTOR JABALPUR_IDA,2023-10-05,Action Pending,200000,Unsanctioned
MPLADS-036438,Rakesh Singh,Lok Sabha,Madhya Pradesh,JABALPUR,Jabalpur,Narsingh,,,Normal/Others,NA - Construction of additional rooms and halls in the existing public and community building,DISTRICT COLLECTOR JABALPUR_IDA,2023-10-05,Action Pending,400000,Unsanctioned
MPLADS-036439,Rakesh Singh,Lok Sabha,Madhya Pradesh,JABALPUR,Jabalpur,Madan Mahal,,,Normal/Others,NA - Construction of buildings for community cultural activities,DISTRICT COLLECTOR JABALPUR_IDA,2023-10-05,Action Pending,400000,Unsanctioned
MPLADS-036440,Rakesh Singh,Lok Sabha,Madhya Pradesh,JABALPUR,Jabalpur,Shahid Gulab Singh,,,Normal/Others,NA - Construction of buildings for community cultural activities,DISTRICT COLLECTOR JABALPUR_IDA,2023-10-05,Action Pending,400000,Unsanctioned
MPLADS-036441,Rakesh Singh,Lok Sabha,Madhya Pradesh,JABALPUR,Jabalpur,Garha,,,Normal/Others,NA - Construction of buildings for community cultural activities,DISTRICT COLLECTOR JABALPUR_IDA,2023-10-05,Action Pending,200000,Unsanctioned
MPLADS-036442,Rakesh Singh,Lok Sabha,Madhya Pradesh,JABALPUR,Jabalpur,Indira Gandhi,,,Normal/Others,"NA - Construction of roads, link roads, pathways or any other road with or without drainage system",DISTRICT COLLECTOR JABALPUR_IDA,2023-10-05,Action Pending,400000,Unsanctioned
MPLADS-036443,Rakesh Singh,Lok Sabha,Madhya Pradesh,JABALPUR,Jabalpur,Mahatma Gandhi,,,Normal/Others,"NA - Construction of roads, approach roads, link roads and pathways",DISTRICT COLLECTOR JABALPUR_IDA,2023-10-05,Action Pending,400000,Unsanctioned
MPLADS-036444,Rakesh Singh,Lok Sabha,Madhya Pradesh,JABALPUR,Jabalpur,Dayanand Saraswati,,,Normal/Others,"NA - Construction of roads, approach roads, link roads and pathways",DISTRICT COLLECTOR JABALPUR_IDA,2023-10-05,Action Pending,200000,Unsanctioned
MPLADS-036445,Rakesh Singh,Lok Sabha,Madhya Pradesh,JABALPUR,Jabalpur,Veer Sawarkar,,,Normal/Others,NA - Construction of buildings for community cultural activities,DISTRICT COLLECTOR JABALPUR_IDA,2023-10-05,Action Pending,400000,Unsanctioned
MPLADS-036446,Rakesh Singh,Lok Sabha,Madhya Pradesh,JABALPUR,Jabalpur,Ram Manohar Lohia,,,Normal/Others,"NA - Construction of roads, approach roads, link roads and pathways",DISTRICT COLLECTOR JABALPUR_IDA,2023-10-05,Action Pending,400000,Unsanctioned
MPLADS-036447,Rakesh Singh,Lok Sabha,Madhya Pradesh,JABALPUR,Jabalpur,Chitranjan Das,,,Normal/Others,"NA - Construction of roads, approach roads, link roads and pathways",DISTRICT COLLECTOR JABALPUR_IDA,2023-10-05,Action Pending,236000,Unsanctioned
MPLADS-036448,Rakesh Singh,Lok Sabha,Madhya Pradesh,JABALPUR,Jabalpur,Gwarighat,,,Normal/Others,NA - Construction of community centers and community halls,DISTRICT COLLECTOR JABALPUR_IDA,2023-10-05,Action Pending,500000,Unsanctioned
MPLADS-036449,Rakesh Singh,Lok Sabha,Madhya Pradesh,JABALPUR,Jabalpur,Gwarighat,,,Normal/Others,NA - Installing tube-wells and borewells,DISTRICT COLLECTOR JABALPUR_IDA,2023-10-05,Action Pending,130000,Unsanctioned
MPLADS-036450,Rakesh Singh,Lok Sabha,Madhya Pradesh,JABALPUR,Jabalpur,Bhavani Prasad Tiwari,,,Normal/Others,NA - Installing hand pumps,DISTRICT COLLECTOR JABALPUR_IDA,2023-10-05,Action Pending,130000,Unsanctioned
MPLADS-036451,Rakesh Singh,Lok Sabha,Madhya Pradesh,JABALPUR,Jabalpur,Bhavani Prasad Tiwari,,,Normal/Others,"NA - Construction of roads, approach roads, link roads and pathways",DISTRICT COLLECTOR JABALPUR_IDA,2023-10-05,Action Pending,100000,Unsanctioned
MPLADS-036452,Rakesh Singh,Lok Sabha,Madhya Pradesh,JABALPUR,Jabalpur,Nrimal Chand Jain,,,Normal/Others,NA - Construction of common work sheds/ common covered sitting area,DISTRICT COLLECTOR JABALPUR_IDA,2023-10-05,Action Pending,400000,Unsanctioned
MPLADS-036453,Rakesh Singh,Lok Sabha,Madhya Pradesh,JABALPUR,Jabalpur,Acharya Vinoba Bhave,,,Normal/Others,NA - Construction of buildings for community cultural activities,DISTRICT COLLECTOR JABALPUR_IDA,2023-10-05,Action Pending,200000,Unsanctioned
MPLADS-036454,Rakesh Singh,Lok Sabha,Madhya Pradesh,JABALPUR,Jabalpur,Maharana Pratap,,,Normal/Others,WS/MP648/2023-2024/32519 - Street lights,DISTRICT COLLECTOR JABALPUR_IDA,2023-10-05,Approved by IDA,190732,Unsanctioned
MPLADS-036455,Rakesh Singh,Lok Sabha,Madhya Pradesh,JABALPUR,Jabalpur,Garha,,,Normal/Others,WS/MP648/2023-2024/32520 - Street lights,DISTRICT COLLECTOR JABALPUR_IDA,2023-10-05,Approved by IDA,670142,Unsanctioned
MPLADS-036456,Rakesh Singh,Lok Sabha,Madhya Pradesh,JABALPUR,Jabalpur,Jay Prakash Narayan,,,Normal/Others,NA - Construction of boundary walls of existing public and community buildings,DISTRICT COLLECTOR JABALPUR_IDA,2023-10-05,Action Pending,400000,Unsanctioned
MPLADS-036457,Rakesh Singh,Lok Sabha,Madhya Pradesh,JABALPUR,Jabalpur,Kamla Nehru Nagar,,,Normal/Others,"NA - Construction of roads, approach roads, link roads and pathways",DISTRICT COLLECTOR JABALPUR_IDA,2023-10-05,Action Pending,400000,Unsanctioned
MPLADS-036458,Rakesh Singh,Lok Sabha,Madhya Pradesh,JABALPUR,Jabalpur,Subhadra Kumari Chouhan,,,Normal/Others,"NA - Construction of roads, approach roads, link roads and pathways",DISTRICT COLLECTOR JABALPUR_IDA,2023-10-05,Action Pending,400000,Unsanctioned
MPLADS-036459,Rakesh Singh,Lok Sabha,Madhya Pradesh,JABALPUR,Jabalpur,Tripuri,,,Normal/Others,WS/MP648/2023-2024/32521 - Street lights,DISTRICT COLLECTOR JABALPUR_IDA,2023-10-05,Approved by IDA,659268,Unsanctioned
MPLADS-036460,Rakesh Singh,Lok Sabha,Madhya Pradesh,JABALPUR,Jabalpur,Cherital,,,Normal/Others,NA - Construction of buildings for community cultural activities,DISTRICT COLLECTOR JABALPUR_IDA,2023-10-05,Action Pending,400000,Unsanctioned
MPLADS-036461,Rakesh Singh,Lok Sabha,Madhya Pradesh,JABALPUR,Jabalpur,Sardar Vallabh Bhai Patel,,,Normal/Others,NA - Construction of buildings for community cultural activities,DISTRICT COLLECTOR JABALPUR_IDA,2023-10-05,Action Pending,400000,Unsanctioned
MPLADS-036462,Rakesh Singh,Lok Sabha,Madhya Pradesh,JABALPUR,Jabalpur,Maharana Pratap,,,Normal/Others,NA - Street lights,DISTRICT COLLECTOR JABALPUR_IDA,2023-10-05,Action Pending,837558,Unsanctioned
MPLADS-036463,Rakesh Singh,Lok Sabha,Madhya Pradesh,JABALPUR,Jabalpur,Gwarighat,,,Normal/Others,NA - Installing hand pumps,DISTRICT COLLECTOR JABALPUR_IDA,2023-10-05,Action Pending,130000,Unsanctioned
MPLADS-036464,Rakesh Singh,Lok Sabha,Madhya Pradesh,JABALPUR,Jabalpur,Khermai,,,Normal/Others,NA - Construction of buildings for community cultural activities,DISTRICT COLLECTOR JABALPUR_IDA,2023-10-05,Action Pending,400000,Unsanctioned
MPLADS-036465,Rakesh Singh,Lok Sabha,Madhya Pradesh,JABALPUR,Jabalpur,Swami Vivekanand,,,Normal/Others,NA - Construction of common work sheds/ common covered sitting area,DISTRICT COLLECTOR JABALPUR_IDA,2023-10-05,Action Pending,200000,Unsanctioned
MPLADS-036466,Rakesh Singh,Lok Sabha,Madhya Pradesh,JABALPUR,Jabalpur,Swami Vivekanand,,,Normal/Others,NA - Common work sheds for artisans,DISTRICT COLLECTOR JABALPUR_IDA,2023-10-05,Action Pending,200000,Unsanctioned
MPLADS-036470,SHRI Kailash Soni,Rajya Sabha,Madhya Pradesh,Sitting Rajya Sabha,,,KARELI,Midhli,Normal/Others,NA - Construction of rooms and halls in school and colleges,DISTRICT COLLECTOR NARSINGHPUR_IDA,2023-10-05,Action Pending,100000,Unsanctioned
MPLADS-036471,SHRI Kailash Soni,Rajya Sabha,Madhya Pradesh,Sitting Rajya Sabha,Kareli,laxmi narayan ward,,,Normal/Others,NA - Construction of common work sheds/ common covered sitting area,DISTRICT COLLECTOR NARSINGHPUR_IDA,2023-10-05,Action Pending,100000,Unsanctioned
MPLADS-036472,SHRI Kailash Soni,Rajya Sabha,Madhya Pradesh,Sitting Rajya Sabha,Narsimhapur,narsingh mandir,,,Normal/Others,NA - Construction of community centers and community halls,DISTRICT COLLECTOR NARSINGHPUR_IDA,2023-10-05,Action Pending,500000,Unsanctioned
MPLADS-036492,SHRI Kailash Soni,Rajya Sabha,Madhya Pradesh,Sitting Rajya Sabha,,,KARELI,Kudi,Normal/Others,NA - Construction of common work sheds/ common covered sitting area,DISTRICT COLLECTOR NARSINGHPUR_IDA,2023-10-05,Action Pending,200000,Unsanctioned
MPLADS-036496,Mahendra Singh Solanky,Lok Sabha,Madhya Pradesh,DEWAS(SC),Dewas,32,,,Normal/Others,NA - Construction of community centers and community halls,DISTRICT COLLECTOR DEWAS_IDA,2023-10-05,Action Pending,1000000,Unsanctioned
MPLADS-036497,Guman Singh Damor,Lok Sabha,Madhya Pradesh,RATLAM(ST),Ratlam,22,,,Normal/Others,NA - Construction of community centers and community halls,District Collector Ratlam_IDA,2023-10-05,Rejected by IDA,500000,Unsanctioned
MPLADS-036498,Faggan Singh Kulaste,Lok Sabha,Madhya Pradesh,MANDLA(ST),Chhapara,ward no-09,,,Normal/Others,NA - Construction of community centers and community halls,District Collector Seoni_IDA,2023-10-05,Action Pending,500000,Unsanctioned
MPLADS-036499,Faggan Singh Kulaste,Lok Sabha,Madhya Pradesh,MANDLA(ST),Keolari,ward no-12,,,Normal/Others,NA - Construction of platforms and passenger sheds at railway stations,District Collector Seoni_IDA,2023-10-05,Action Pending,200000,Unsanctioned
MPLADS-036500,Faggan Singh Kulaste,Lok Sabha,Madhya Pradesh,MANDLA(ST),Keolari,ward no-01,,,Normal/Others,NA - Construction of platforms and passenger sheds at railway stations,District Collector Seoni_IDA,2023-10-05,Action Pending,100000,Unsanctioned
MPLADS-036501,Faggan Singh Kulaste,Lok Sabha,Madhya Pradesh,MANDLA(ST),Keolari,ward no-02,,,Normal/Others,NA - Construction of community centers and community halls,District Collector Seoni_IDA,2023-10-05,Action Pending,100000,Unsanctioned
MPLADS-036502,Faggan Singh Kulaste,Lok Sabha,Madhya Pradesh,MANDLA(ST),Keolari,wrad no-13,,,Normal/Others,NA - Construction of platforms and passenger sheds at railway stations,District Collector Seoni_IDA,2023-10-05,Action Pending,200000,Unsanctioned
MPLADS-036521,Prahlad Singh Patel,Lok Sabha,Madhya Pradesh,DAMOH,,,DAMOH,Marhahar,Normal/Others,WS/MP646/2023-2024/32180 - Construction of buildings for community cultural activities,DISTRICT COLLECTOR DAMOH_IDA,2023-10-05,Approved by IDA,100000,Completed
MPLADS-036522,Prahlad Singh Patel,Lok Sabha,Madhya Pradesh,DAMOH,,,TENDUKHEDA,Badipura,Normal/Others,WS/MP646/2023-2024/32154 - Construction of buildings for community cultural activities,DISTRICT COLLECTOR DAMOH_IDA,2023-10-05,Approved by IDA,100000,Completed
MPLADS-036523,Prahlad Singh Patel,Lok Sabha,Madhya Pradesh,DAMOH,,,BATIYAGARH,Fatehpur,Normal/Others,WS/MP646/2023-2024/32156 - Construction of buildings for community cultural activities,DISTRICT COLLECTOR DAMOH_IDA,2023-10-05,Approved by IDA,996000,Ongoing
MPLADS-036524,Ramakant Bhargava,Lok Sabha,Madhya Pradesh,VIDISHA,,,NATERAN,Mohaniya Khedi,Normal/Others,"WS/MP649/2023-2024/32315 - Construction of roads, link roads, pathways or any other road with or without drainage system",District Collector Vidisha_IDA,2023-10-05,Approved by IDA,350000,Sanctioned
MPLADS-036525,Rodmal Nagar,Lok Sabha,Madhya Pradesh,RAJGARH,,,BIAORA,Salarya Khedi,Normal/Others,WS/MP443/2023-2024/31994 - Purchase of books for public libraries,DISTRICT COLLECTOR RAJGARH_IDA,2023-10-05,Approved by IDA,50000,Sanctioned
MPLADS-036526,Rodmal Nagar,Lok Sabha,Madhya Pradesh,RAJGARH,,,BIAORA,Todi,Normal/Others,WS/MP443/2023-2024/31993 - Purchase of books for public libraries,DISTRICT COLLECTOR RAJGARH_IDA,2023-10-05,Approved by IDA,50000,Sanctioned
MPLADS-036527,Rodmal Nagar,Lok Sabha,Madhya Pradesh,RAJGARH,,,BIAORA,Nanpanera,Normal/Others,WS/MP443/2023-2024/31992 - Purchase of books for public libraries,DISTRICT COLLECTOR RAJGARH_IDA,2023-10-05,Approved by IDA,50000,Sanctioned
MPLADS-036528,Rodmal Nagar,Lok Sabha,Madhya Pradesh,RAJGARH,,,BIAORA,Jami,Normal/Others,WS/MP443/2023-2024/31991 - Purchase of books for public libraries,DISTRICT COLLECTOR RAJGARH_IDA,2023-10-05,Approved by IDA,50000,Sanctioned
MPLADS-036529,Rodmal Nagar,Lok Sabha,Madhya Pradesh,RAJGARH,,,BIAORA,Mahuwa Kheda,Normal/Others,WS/MP443/2023-2024/31990 - Purchase of books for public libraries,DISTRICT COLLECTOR RAJGARH_IDA,2023-10-05,Approved by IDA,50000,Sanctioned
MPLADS-036530,Rodmal Nagar,Lok Sabha,Madhya Pradesh,RAJGARH,,,BIAORA,Agar,Normal/Others,WS/MP443/2023-2024/31989 - Purchase of books for public libraries,DISTRICT COLLECTOR RAJGARH_IDA,2023-10-05,Approved by IDA,50000,Sanctioned
MPLADS-036531,Rodmal Nagar,Lok Sabha,Madhya Pradesh,RAJGARH,,,RAJGARH,Karedi,Normal/Others,WS/MP443/2023-2024/31981 - Purchase of books for public libraries,DISTRICT COLLECTOR RAJGARH_IDA,2023-10-05,Approved by IDA,50000,Sanctioned
MPLADS-036532,Rodmal Nagar,Lok Sabha,Madhya Pradesh,RAJGARH,,,RAJGARH,Bakhed,Normal/Others,WS/MP443/2023-2024/31980 - Purchase of books for public libraries,DISTRICT COLLECTOR RAJGARH_IDA,2023-10-05,Approved by IDA,50000,Sanctioned
MPLADS-036533,Rodmal Nagar,Lok Sabha,Madhya Pradesh,RAJGARH,,,RAJGARH,Chatu Kheda,Normal/Others,WS/MP443/2023-2024/31979 - Purchase of books for public libraries,DISTRICT COLLECTOR RAJGARH_IDA,2023-10-05,Approved by IDA,50000,Sanctioned
MPLADS-036534,Rodmal Nagar,Lok Sabha,Madhya Pradesh,RAJGARH,,,RAJGARH,Karanvas,Normal/Others,WS/MP443/2023-2024/31977 - Purchase of books for public libraries,DISTRICT COLLECTOR RAJGARH_IDA,2023-10-05,Approved by IDA,50000,Sanctioned
MPLADS-036535,Rodmal Nagar,Lok Sabha,Madhya Pradesh,RAJGARH,,,RAJGARH,Naiheda,Normal/Others,WS/MP443/2023-2024/31974 - Purchase of books for public libraries,DISTRICT COLLECTOR RAJGARH_IDA,2023-10-05,Approved by IDA,50000,Sanctioned
MPLADS-036536,Rodmal Nagar,Lok Sabha,Madhya Pradesh,RAJGARH,,,RAJGARH,Dehri Baman,Normal/Others,WS/MP443/2023-2024/31973 - Purchase of books for public libraries,DISTRICT COLLECTOR RAJGARH_IDA,2023-10-05,Approved by IDA,50000,Sanctioned
MPLADS-036537,Rodmal Nagar,Lok Sabha,Madhya Pradesh,RAJGARH,,,RAJGARH,Limboda,Normal/Others,WS/MP443/2023-2024/31972 - Purchase of books for public libraries,DISTRICT COLLECTOR RAJGARH_IDA,2023-10-05,Approved by IDA,50000,Sanctioned
MPLADS-036538,Guman Singh Damor,Lok Sabha,Madhya Pradesh,RATLAM(ST),,,PETLAWAD,Ganga Khedi,Normal/Others,WS/MP445/2023-2024/31692 - Construction of community centers and community halls,DISTRICT COLLECTOR JHABUA_IDA,2023-10-05,Approved by IDA,500000,Sanctioned
MPLADS-036539,Gajendra Singh Patel,Lok Sabha,Madhya Pradesh,KHARGONE(ST),,,SEGAON,Keli,Normal/Others,WS/MP641/2023-2024/31684 - Construction of common work sheds/ common covered sitting area,DISTRICT COLLECTOR KHARGONE_IDA,2023-10-05,Approved by IDA,300000,Sanctioned
MPLADS-036566,Mahendra Singh Solanky,Lok Sabha,Madhya Pradesh,DEWAS(SC),Dewas,31,,,Normal/Others,NA - Construction of additional rooms and halls in the existing public and community building,DISTRICT COLLECTOR DEWAS_IDA,2023-10-05,Action Pending,1000000,Unsanctioned
MPLADS-036567,Rodmal Nagar,Lok Sabha,Madhya Pradesh,RAJGARH,Sarangpur,00,,,Normal/Others,NA - Purchase of books for public libraries,DISTRICT COLLECTOR RAJGARH_IDA,2023-10-05,Action Pending,50000,Unsanctioned
MPLADS-036568,Rodmal Nagar,Lok Sabha,Madhya Pradesh,RAJGARH,Sarangpur,00,,,Normal/Others,NA - Purchase of books for public libraries,DISTRICT COLLECTOR RAJGARH_IDA,2023-10-05,Action Pending,50000,Unsanctioned
MPLADS-036569,Rakesh Singh,Lok Sabha,Madhya Pradesh,JABALPUR,Jabalpur,3 Cantt Board,,,Normal/Others,NA - Construction of buildings for community cultural activities,DISTRICT COLLECTOR JABALPUR_IDA,2023-10-05,Action Pending,400000,Unsanctioned
MPLADS-036572,Rakesh Singh,Lok Sabha,Madhya Pradesh,JABALPUR,Jabalpur,Pn. Madan Mohan Malviya,,,Normal/Others,"NA - Construction of roads, link roads, pathways or any other road with or without drainage system",DISTRICT COLLECTOR JABALPUR_IDA,2023-10-05,Action Pending,400000,Unsanctioned
MPLADS-036573,Rakesh Singh,Lok Sabha,Madhya Pradesh,JABALPUR,Jabalpur,Maharshi Mahesh Yogi,,,Normal/Others,"NA - Construction of roads, approach roads, link roads and pathways",DISTRICT COLLECTOR JABALPUR_IDA,2023-10-05,Action Pending,400000,Unsanctioned
MPLADS-036574,Rakesh Singh,Lok Sabha,Madhya Pradesh,JABALPUR,Jabalpur,Abdul Hameed,,,Normal/Others,NA - Construction of buildings for community cultural activities,DISTRICT COLLECTOR JABALPUR_IDA,2023-10-05,Action Pending,300000,Unsanctioned
MPLADS-036575,Rakesh Singh,Lok Sabha,Madhya Pradesh,JABALPUR,Jabalpur,Subhash Chandra Bose,,,Normal/Others,NA - Construction of buildings for community cultural activities,DISTRICT COLLECTOR JABALPUR_IDA,2023-10-05,Action Pending,400000,Unsanctioned
MPLADS-036576,Rakesh Singh,Lok Sabha,Madhya Pradesh,JABALPUR,Jabalpur,Chitranjan,,,Normal/Others,"NA - Construction of roads, approach roads, link roads and pathways",DISTRICT COLLECTOR JABALPUR_IDA,2023-10-05,Action Pending,200000,Unsanctioned
MPLADS-036577,Rakesh Singh,Lok Sabha,Madhya Pradesh,JABALPUR,Jabalpur,Chitranjan,,,Normal/Others,"NA - Construction of roads, approach roads, link roads and pathways",DISTRICT COLLECTOR JABALPUR_IDA,2023-10-05,Action Pending,200000,Unsanctioned
MPLADS-036578,Rakesh Singh,Lok Sabha,Madhya Pradesh,JABALPUR,Jabalpur,Motilal Nehru,,,Normal/Others,"NA - Construction of roads, approach roads, link roads and pathways",DISTRICT COLLECTOR JABALPUR_IDA,2023-10-05,Action Pending,400000,Unsanctioned
MPLADS-036579,Rakesh Singh,Lok Sabha,Madhya Pradesh,JABALPUR,Jabalpur,Siddh Baba,,,Normal/Others,"NA - Construction of roads, approach roads, link roads and pathways",DISTRICT COLLECTOR JABALPUR_IDA,2023-10-05,Action Pending,400000,Unsanctioned
MPLADS-036580,Rakesh Singh,Lok Sabha,Madhya Pradesh,JABALPUR,Jabalpur,Dwarka Prasad Mishra,,,Normal/Others,"NA - Construction of roads, approach roads, link roads and pathways",DISTRICT COLLECTOR JABALPUR_IDA,2023-10-05,Action Pending,400000,Unsanctioned
MPLADS-036581,Rakesh Singh,Lok Sabha,Madhya Pradesh,JABALPUR,Jabalpur,Seth Govind Das,,,Normal/Others,NA - Construction of buildings for community cultural activities,DISTRICT COLLECTOR JABALPUR_IDA,2023-10-05,Action Pending,400000,Unsanctioned
MPLADS-036582,Rakesh Singh,Lok Sabha,Madhya Pradesh,JABALPUR,Jabalpur,Acharya Vinoba Bhave,,,Normal/Others,"NA - Construction of roads, approach roads, link roads and pathways",DISTRICT COLLECTOR JABALPUR_IDA,2023-10-05,Action Pending,400000,Unsanctioned
MPLADS-036583,Rakesh Singh,Lok Sabha,Madhya Pradesh,JABALPUR,Jabalpur,Sheetlamai,,,Normal/Others,NA - Construction of buildings for community cultural activities,DISTRICT COLLECTOR JABALPUR_IDA,2023-10-05,Action Pending,400000,Unsanctioned
MPLADS-036584,Rakesh Singh,Lok Sabha,Madhya Pradesh,JABALPUR,Jabalpur,Dr. Shyama Prasad Mukharjee,,,Normal/Others,NA - Construction of buildings for community cultural activities,DISTRICT COLLECTOR JABALPUR_IDA,2023-10-05,Action Pending,400000,Unsanctioned
MPLADS-036585,Ramakant Bhargava,Lok Sabha,Madhya Pradesh,VIDISHA,Vidisha,28,,,Normal/Others,NA - Construction of additional rooms and halls in the existing public and community building,District Collector Vidisha_IDA,2023-10-05,Action Pending,300000,Unsanctioned
MPLADS-036586,Rakesh Singh,Lok Sabha,Madhya Pradesh,JABALPUR,Panagar,79,,,Normal/Others,"NA - Construction of roads, link roads, pathways or any other road with or without drainage system",DISTRICT COLLECTOR JABALPUR_IDA,2023-10-05,Action Pending,200000,Unsanctioned
MPLADS-036588,Rakesh Singh,Lok Sabha,Madhya Pradesh,JABALPUR,Jabalpur,8 Cantt Board,,,Normal/Others,NA - Construction of buildings for community cultural activities,DISTRICT COLLECTOR JABALPUR_IDA,2023-10-05,Action Pending,200000,Unsanctioned
MPLADS-036589,Rakesh Singh,Lok Sabha,Madhya Pradesh,JABALPUR,Jabalpur,7 Cantt Board,,,Normal/Others,NA - Construction of buildings for community cultural activities,DISTRICT COLLECTOR JABALPUR_IDA,2023-10-05,Action Pending,200000,Unsanctioned
MPLADS-036590,Rakesh Singh,Lok Sabha,Madhya Pradesh,JABALPUR,Jabalpur,6 Cantt Board,,,Normal/Others,NA - Construction of buildings for community cultural activities,DISTRICT COLLECTOR JABALPUR_IDA,2023-10-05,Action Pending,200000,Unsanctioned
MPLADS-036615,Rakesh Singh,Lok Sabha,Madhya Pradesh,JABALPUR,Jabalpur,04 Cantt Board,,,Normal/Others,NA - Construction of buildings for community cultural activities,DISTRICT COLLECTOR JABALPUR_IDA,2023-10-05,Action Pending,400000,Unsanctioned
MPLADS-036616,Rakesh Singh,Lok Sabha,Madhya Pradesh,JABALPUR,Jabalpur,2 Cantt Board,,,Normal/Others,NA - Construction of buildings for community cultural activities,DISTRICT COLLECTOR JABALPUR_IDA,2023-10-05,Action Pending,200000,Unsanctioned
MPLADS-036617,Rodmal Nagar,Lok Sabha,Madhya Pradesh,RAJGARH,Jirapur,00,,,Normal/Others,NA - Purchase of books for public libraries,DISTRICT COLLECTOR RAJGARH_IDA,2023-10-05,Action Pending,50000,Unsanctioned
MPLADS-036618,Rakesh Singh,Lok Sabha,Madhya Pradesh,JABALPUR,Jabalpur,1 Cantt Board,,,Normal/Others,NA - Common work sheds for artisans,DISTRICT COLLECTOR JABALPUR_IDA,2023-10-05,Action Pending,200000,Unsanctioned
MPLADS-036619,Rakesh Singh,Lok Sabha,Madhya Pradesh,JABALPUR,Jabalpur,Gwarighat,,,Normal/Others,NA - Construction of footpaths and pedestrian ways,DISTRICT COLLECTOR JABALPUR_IDA,2023-10-05,Action Pending,200000,Unsanctioned
MPLADS-036620,Faggan Singh Kulaste,Lok Sabha,Madhya Pradesh,MANDLA(ST),Gotegaon,ward no-02,,,Normal/Others,"NA - Construction of roads, approach roads, link roads and pathways",DISTRICT COLLECTOR NARSINGHPUR_IDA,2023-10-05,Action Pending,200000,Unsanctioned
MPLADS-036621,Faggan Singh Kulaste,Lok Sabha,Madhya Pradesh,MANDLA(ST),Gotegaon,ward no-2,,,Normal/Others,"NA - Construction of roads, approach roads, link roads and pathways",DISTRICT COLLECTOR NARSINGHPUR_IDA,2023-10-05,Action Pending,200000,Unsanctioned
MPLADS-036622,Faggan Singh Kulaste,Lok Sabha,Madhya Pradesh,MANDLA(ST),Shahpura,ward no-07,,,Normal/Others,NA - Construction of community centers and community halls,District Collector Dindori_IDA,2023-10-05,Action Pending,1000000,Unsanctioned
MPLADS-036623,Rakesh Singh,Lok Sabha,Madhya Pradesh,JABALPUR,Jabalpur,Sudarshan,,,Normal/Others,"NA - Construction of roads, approach roads, link roads and pathways",DISTRICT COLLECTOR JABALPUR_IDA,2023-10-05,Action Pending,195000,Unsanctioned
MPLADS-036624,Rakesh Singh,Lok Sabha,Madhya Pradesh,JABALPUR,Jabalpur,Sudarshan,,,Normal/Others,"NA - Construction of roads, approach roads, link roads and pathways",DISTRICT COLLECTOR JABALPUR_IDA,2023-10-05,Action Pending,213000,Unsanctioned
MPLADS-036625,Rakesh Singh,Lok Sabha,Madhya Pradesh,JABALPUR,Jabalpur,Sudarshan,,,Normal/Others,"NA - Construction of roads, approach roads, link roads and pathways",DISTRICT COLLECTOR JABALPUR_IDA,2023-10-05,Action Pending,231000,Unsanctioned
MPLADS-036626,Rakesh Singh,Lok Sabha,Madhya Pradesh,JABALPUR,Jabalpur,Gokalpur,,,Normal/Others,"NA - Construction of roads, approach roads, link roads and pathways",DISTRICT COLLECTOR JABALPUR_IDA,2023-10-05,Action Pending,234000,Unsanctioned
MPLADS-036627,Rakesh Singh,Lok Sabha,Madhya Pradesh,JABALPUR,Jabalpur,Ambedkar,,,Normal/Others,"NA - Construction of roads, link roads, pathways or any other road with or without drainage system",DISTRICT COLLECTOR JABALPUR_IDA,2023-10-05,Action Pending,200000,Unsanctioned
MPLADS-036628,Rakesh Singh,Lok Sabha,Madhya Pradesh,JABALPUR,Jabalpur,Chandra Shekhar,,,Normal/Others,NA - Construction of buildings for community cultural activities,DISTRICT COLLECTOR JABALPUR_IDA,2023-10-05,Action Pending,210000,Unsanctioned
MPLADS-036629,Rakesh Singh,Lok Sabha,Madhya Pradesh,JABALPUR,Jabalpur,Sudarshan,,,Normal/Others,NA - Construction of buildings for community cultural activities,DISTRICT COLLECTOR JABALPUR_IDA,2023-10-05,Action Pending,264000,Unsanctioned
MPLADS-036630,Rakesh Singh,Lok Sabha,Madhya Pradesh,JABALPUR,Jabalpur,Nirman Chand,,,Normal/Others,NA - Construction of buildings for community cultural activities,DISTRICT COLLECTOR JABALPUR_IDA,2023-10-05,Action Pending,214000,Unsanctioned
MPLADS-036631,Vivek Narayan Shejwalkar,Lok Sabha,Madhya Pradesh,GWALIOR,Dabra,13,,,Normal/Others,NA - Construction of community centers and community halls,DISTRICT COLLECTOR GWALIOR_IDA,2023-10-05,Action Pending,500000,Unsanctioned
MPLADS-036632,Rodmal Nagar,Lok Sabha,Madhya Pradesh,RAJGARH,Biaora,00,,,Normal/Others,WS/MP443/2023-2024/31988 - Purchase of books for public libraries,DISTRICT COLLECTOR RAJGARH_IDA,2023-10-05,Approved by IDA,50000,Sanctioned
MPLADS-036633,Rodmal Nagar,Lok Sabha,Madhya Pradesh,RAJGARH,Khujner,00,,,Normal/Others,WS/MP443/2023-2024/31987 - Purchase of books for public libraries,DISTRICT COLLECTOR RAJGARH_IDA,2023-10-05,Approved by IDA,50000,Sanctioned
MPLADS-036634,Rodmal Nagar,Lok Sabha,Madhya Pradesh,RAJGARH,Khujner,00,,,Normal/Others,WS/MP443/2023-2024/31986 - Purchase of books for public libraries,DISTRICT COLLECTOR RAJGARH_IDA,2023-10-05,Approved by IDA,50000,Sanctioned
MPLADS-036635,Rodmal Nagar,Lok Sabha,Madhya Pradesh,RAJGARH,Rajgarh,00,,,Normal/Others,WS/MP443/2023-2024/31985 - Purchase of books for public libraries,DISTRICT COLLECTOR RAJGARH_IDA,2023-10-05,Approved by IDA,50000,Sanctioned
MPLADS-036636,Rodmal Nagar,Lok Sabha,Madhya Pradesh,RAJGARH,Khujner,00,,,Normal/Others,WS/MP443/2023-2024/31984 - Purchase of books for public libraries,DISTRICT COLLECTOR RAJGARH_IDA,2023-10-05,Approved by IDA,50000,Sanctioned
MPLADS-036637,Rodmal Nagar,Lok Sabha,Madhya Pradesh,RAJGARH,Rajgarh,00,,,Normal/Others,WS/MP443/2023-2024/31983 - Purchase of books for public libraries,DISTRICT COLLECTOR RAJGARH_IDA,2023-10-05,Approved by IDA,50000,Sanctioned
MPLADS-036638,Rodmal Nagar,Lok Sabha,Madhya Pradesh,RAJGARH,Rajgarh,00,,,Normal/Others,WS/MP443/2023-2024/31982 - Purchase of books for public libraries,DISTRICT COLLECTOR RAJGARH_IDA,2023-10-05,Approved by IDA,50000,Sanctioned
MPLADS-036639,Rodmal Nagar,Lok Sabha,Madhya Pradesh,RAJGARH,Khujner,00,,,Normal/Others,NA - Purchase of books for public libraries,DISTRICT COLLECTOR RAJGARH_IDA,2023-10-05,Action Pending,50000,Unsanctioned
MPLADS-036640,Rakesh Singh,Lok Sabha,Madhya Pradesh,JABALPUR,Jabalpur,Gwarighat,,,Normal/Others,NA - Construction of footpaths and pedestrian ways,DISTRICT COLLECTOR JABALPUR_IDA,2023-10-05,Action Pending,137000,Unsanctioned
MPLADS-036641,Rakesh Singh,Lok Sabha,Madhya Pradesh,JABALPUR,Panagar,72,,,Normal/Others,NA - Construction of buildings for community cultural activities,DISTRICT COLLECTOR JABALPUR_IDA,2023-10-05,Action Pending,400000,Unsanctioned
MPLADS-036642,Rakesh Singh,Lok Sabha,Madhya Pradesh,JABALPUR,Panagar,74,,,Normal/Others,NA - Construction of buildings for community cultural activities,DISTRICT COLLECTOR JABALPUR_IDA,2023-10-05,Action Pending,400000,Unsanctioned
MPLADS-036643,Rakesh Singh,Lok Sabha,Madhya Pradesh,JABALPUR,Jabalpur,Bhim Rao Ambedkar,,,Normal/Others,"NA - Construction of roads, approach roads, link roads and pathways",DISTRICT COLLECTOR JABALPUR_IDA,2023-10-05,Action Pending,400000,Unsanctioned
MPLADS-036644,Rakesh Singh,Lok Sabha,Madhya Pradesh,JABALPUR,Jabalpur,Subhash Chandra Banarjee,,,Normal/Others,NA - Construction of footpaths and pedestrian ways,DISTRICT COLLECTOR JABALPUR_IDA,2023-10-05,Action Pending,200000,Unsanctioned
MPLADS-036645,Rakesh Singh,Lok Sabha,Madhya Pradesh,JABALPUR,Jabalpur,Subhash Chandra Banarjee,,,Normal/Others,NA - Construction of buildings for community cultural activities,DISTRICT COLLECTOR JABALPUR_IDA,2023-10-05,Action Pending,200000,Unsanctioned
MPLADS-036646,Rakesh Singh,Lok Sabha,Madhya Pradesh,JABALPUR,Jabalpur,Rani Awanti Bai,,,Normal/Others,NA - Construction of buildings for community cultural activities,DISTRICT COLLECTOR JABALPUR_IDA,2023-10-05,Action Pending,200000,Unsanctioned
MPLADS-036647,Rakesh Singh,Lok Sabha,Madhya Pradesh,JABALPUR,Jabalpur,Rani Awanti Bai,,,Normal/Others,NA - Construction of buildings for community cultural activities,DISTRICT COLLECTOR JABALPUR_IDA,2023-10-05,Action Pending,200000,Unsanctioned
MPLADS-036648,Rakesh Singh,Lok Sabha,Madhya Pradesh,JABALPUR,Jabalpur,Rani Laxmibai,,,Normal/Others,NA - Construction of buildings for community cultural activities,DISTRICT COLLECTOR JABALPUR_IDA,2023-10-05,Action Pending,400000,Unsanctioned
MPLADS-036649,Rakesh Singh,Lok Sabha,Madhya Pradesh,JABALPUR,Jabalpur,Lala Lajpatray Rai,,,Normal/Others,"NA - Construction of roads, approach roads, link roads and pathways",DISTRICT COLLECTOR JABALPUR_IDA,2023-10-05,Action Pending,400000,Unsanctioned
MPLADS-036650,Rakesh Singh,Lok Sabha,Madhya Pradesh,JABALPUR,Jabalpur,Chandra Shekhar Aazad,,,Normal/Others,NA - Construction of buildings for community cultural activities,DISTRICT COLLECTOR JABALPUR_IDA,2023-10-05,Action Pending,400000,Unsanctioned
MPLADS-036651,Rakesh Singh,Lok Sabha,Madhya Pradesh,JABALPUR,Jabalpur,Maharshi Sudarshan,,,Normal/Others,"NA - Construction of roads, approach roads, link roads and pathways",DISTRICT COLLECTOR JABALPUR_IDA,2023-10-05,Action Pending,400000,Unsanctioned
MPLADS-036652,Rakesh Singh,Lok Sabha,Madhya Pradesh,JABALPUR,Jabalpur,Shahid Bhagat Singh,,,Normal/Others,"NA - Construction of roads, approach roads, link roads and pathways",DISTRICT COLLECTOR JABALPUR_IDA,2023-10-05,Action Pending,400000,Unsanctioned
MPLADS-036653,Rakesh Singh,Lok Sabha,Madhya Pradesh,JABALPUR,Jabalpur,Gokalpur,,,Normal/Others,"NA - Construction of roads, approach roads, link roads and pathways",DISTRICT COLLECTOR JABALPUR_IDA,2023-10-05,Action Pending,200000,Unsanctioned
MPLADS-036654,Rakesh Singh,Lok Sabha,Madhya Pradesh,JABALPUR,Panagar,75,,,Normal/Others,NA - Construction of buildings for community cultural activities,DISTRICT COLLECTOR JABALPUR_IDA,2023-10-05,Action Pending,400000,Unsanctioned
MPLADS-036655,Rakesh Singh,Lok Sabha,Madhya Pradesh,JABALPUR,Jabalpur,Gokalpur,,,Normal/Others,"NA - Construction of roads, approach roads, link roads and pathways",DISTRICT COLLECTOR JABALPUR_IDA,2023-10-05,Action Pending,200000,Unsanctioned
MPLADS-036656,Rakesh Singh,Lok Sabha,Madhya Pradesh,JABALPUR,Jabalpur,Diwan Adhar Singh,,,Normal/Others,"NA - Construction of roads, approach roads, link roads and pathways",DISTRICT COLLECTOR JABALPUR_IDA,2023-10-05,Action Pending,400000,Unsanctioned
MPLADS-036657,Rakesh Singh,Lok Sabha,Madhya Pradesh,JABALPUR,Jabalpur,Nirmal Chand Jain,,,Normal/Others,"NA - Construction of roads, approach roads, link roads and pathways",DISTRICT COLLECTOR JABALPUR_IDA,2023-10-05,Action Pending,200000,Unsanctioned
MPLADS-036658,Rakesh Singh,Lok Sabha,Madhya Pradesh,JABALPUR,Jabalpur,Nirmal Chand Jain,,,Normal/Others,"NA - Construction of roads, link roads, pathways or any other road with or without drainage system",DISTRICT COLLECTOR JABALPUR_IDA,2023-10-05,Action Pending,200000,Unsanctioned
MPLADS-036659,Rakesh Singh,Lok Sabha,Madhya Pradesh,JABALPUR,Panagar,73,,,Normal/Others,NA - Construction of buildings for community cultural activities,DISTRICT COLLECTOR JABALPUR_IDA,2023-10-05,Action Pending,400000,Unsanctioned
MPLADS-036660,Rakesh Singh,Lok Sabha,Madhya Pradesh,JABALPUR,Panagar,79,,,Normal/Others,"NA - Construction of roads, link roads, pathways or any other road with or without drainage system",DISTRICT COLLECTOR JABALPUR_IDA,2023-10-05,Action Pending,200000,Unsanctioned
MPLADS-036661,Rakesh Singh,Lok Sabha,Madhya Pradesh,JABALPUR,Panagar,78,,,Normal/Others,NA - Construction of buildings for community cultural activities,DISTRICT COLLECTOR JABALPUR_IDA,2023-10-05,Action Pending,400000,Unsanctioned
MPLADS-036662,Rakesh Singh,Lok Sabha,Madhya Pradesh,JABALPUR,Panagar,77,,,Normal/Others,"NA - Construction of roads, approach roads, link roads and pathways",DISTRICT COLLECTOR JABALPUR_IDA,2023-10-05,Action Pending,400000,Unsanctioned
MPLADS-036663,Rakesh Singh,Lok Sabha,Madhya Pradesh,JABALPUR,Panagar,76,,,Normal/Others,NA - Construction of buildings for community cultural activities,DISTRICT COLLECTOR JABALPUR_IDA,2023-10-05,Action Pending,400000,Unsanctioned
MPLADS-037010,Narendra Singh Tomar,Lok Sabha,Madhya Pradesh,MORENA,,,AMBAH,Kolua,Normal/Others,WS/MP645/2023-2024/31097 - Construction of community centers and community halls,DISTRICT COLLECTOR MORENA_IDA,2023-10-04,Approved by IDA,1000000,Sanctioned
MPLADS-037011,Narendra Singh Tomar,Lok Sabha,Madhya Pradesh,MORENA,,,MORENA,Sirimiti,Normal/Others,"WS/MP645/2023-2024/31100 - Construction of roads, link roads, pathways or any other road with or without drainage system",DISTRICT COLLECTOR MORENA_IDA,2023-10-04,Approved by IDA,530000,Sanctioned
MPLADS-037023,Narendra Singh Tomar,Lok Sabha,Madhya Pradesh,MORENA,,,MORENA,Bijaulipura,Normal/Others,WS/MP645/2023-2024/31117 - Construction of community centers and community halls,DISTRICT COLLECTOR MORENA_IDA,2023-10-04,Approved by IDA,1000000,Sanctioned
MPLADS-037024,Narendra Singh Tomar,Lok Sabha,Madhya Pradesh,MORENA,,,MORENA,Khawrauli,Normal/Others,WS/MP645/2023-2024/31118 - Construction of community centers and community halls,DISTRICT COLLECTOR MORENA_IDA,2023-10-04,Approved by IDA,1000000,Sanctioned
MPLADS-037025,Smt Sandhya Ray,Lok Sabha,Madhya Pradesh,BHIND(SC),,,MEHGAON,Amayan,Normal/Others,"WS/MP655/2023-2024/31399 - Construction of roads, link roads, pathways or any other road with or without drainage system",DISTRICT COLLECTOR BHIND_IDA,2023-10-04,Approved by IDA,250000,Sanctioned
MPLADS-037026,Nakul K Nath,Lok Sabha,Madhya Pradesh,CHHINDWARA,,,CHAURAI,Kheri Khurd,Normal/Others,WS/MP442/2023-2024/31209 - Construction of boundary walls of existing public and community buildings,DISTRICT COLLECTOR CHHINDWARA_IDA,2023-10-04,Approved by IDA,100000,Ongoing
MPLADS-037030,Narendra Singh Tomar,Lok Sabha,Madhya Pradesh,MORENA,,,MORENA,Dongarpur Lodha,Normal/Others,"WS/MP645/2023-2024/31099 - Construction of roads, link roads, pathways or any other road with or without drainage system",DISTRICT COLLECTOR MORENA_IDA,2023-10-04,Approved by IDA,600000,Sanctioned
MPLADS-037031,Narendra Singh Tomar,Lok Sabha,Madhya Pradesh,MORENA,,,AMBAH,Dandoli,Normal/Others,WS/MP645/2023-2024/31096 - Crematoriums or structures on burial/ cremation ground for public convenience,DISTRICT COLLECTOR MORENA_IDA,2023-10-04,Approved by IDA,300000,Sanctioned
MPLADS-037033,Narendra Singh Tomar,Lok Sabha,Madhya Pradesh,MORENA,,,AMBAH,Kuthiyana,Normal/Others,WS/MP645/2023-2024/31095 - Development of public parks,DISTRICT COLLECTOR MORENA_IDA,2023-10-04,Approved by IDA,400000,Sanctioned
MPLADS-037036,Narendra Singh Tomar,Lok Sabha,Madhya Pradesh,MORENA,,,AMBAH,Johan,Normal/Others,WS/MP645/2023-2024/31092 - Construction of community centers and community halls,DISTRICT COLLECTOR MORENA_IDA,2023-10-04,Approved by IDA,1000000,Sanctioned
MPLADS-037057,Uday Pratap Singh,Lok Sabha,Madhya Pradesh,HOSHANGABAD,Gadarwara,DAKSH SCHOOL KE SAMNE,,,Normal/Others,NA - Construction of community centers and community halls,DISTRICT COLLECTOR NARSINGHPUR_IDA,2023-10-04,Action Pending,500000,Unsanctioned
MPLADS-037058,Shankar Lalwani,Lok Sabha,Madhya Pradesh,INDORE,Indore,Ward 37,,,Normal/Others,NA - Installing tube-wells and borewells,DISTRICT COLLECTOR INDORE_IDA,2023-10-04,Action Pending,380200,Unsanctioned
MPLADS-037059,Shankar Lalwani,Lok Sabha,Madhya Pradesh,INDORE,Indore,Ward 61 Indore-3,,,Normal/Others,NA - Installing tube-wells and borewells,DISTRICT COLLECTOR INDORE_IDA,2023-10-04,Action Pending,378200,Unsanctioned
MPLADS-037060,Shankar Lalwani,Lok Sabha,Madhya Pradesh,INDORE,Indore,Ward-77 Rau,,,Normal/Others,NA - Installing tube-wells and borewells,DISTRICT COLLECTOR INDORE_IDA,2023-10-04,Action Pending,378200,Unsanctioned
MPLADS-037061,Shankar Lalwani,Lok Sabha,Madhya Pradesh,INDORE,Indore,Ward-77 rau,,,Normal/Others,NA - Installing tube-wells and borewells,DISTRICT COLLECTOR INDORE_IDA,2023-10-04,Action Pending,380200,Unsanctioned
MPLADS-037062,Shankar Lalwani,Lok Sabha,Madhya Pradesh,INDORE,Indore,Ward-77 rau,,,Normal/Others,NA - Installing tube-wells and borewells,DISTRICT COLLECTOR INDORE_IDA,2023-10-04,Action Pending,380200,Unsanctioned
MPLADS-037063,Shankar Lalwani,Lok Sabha,Madhya Pradesh,INDORE,Indore,Ward-77 rau,,,Normal/Others,NA - Installing tube-wells and borewells,DISTRICT COLLECTOR INDORE_IDA,2023-10-04,Action Pending,378200,Unsanctioned
MPLADS-037065,Uday Pratap Singh,Lok Sabha,Madhya Pradesh,HOSHANGABAD,Sainkheda,ward no. 15,,,Normal/Others,"NA - Construction of roads, approach roads, link roads and pathways",DISTRICT COLLECTOR NARSINGHPUR_IDA,2023-10-04,Action Pending,200000,Unsanctioned
MPLADS-037073,Uday Pratap Singh,Lok Sabha,Madhya Pradesh,HOSHANGABAD,Chichli,Chichli,,,Normal/Others,NA - Construction of rooms and halls in school and colleges,DISTRICT COLLECTOR NARSINGHPUR_IDA,2023-10-04,Action Pending,150000,Unsanctioned
MPLADS-037074,Durga Das Uikey,Lok Sabha,Madhya Pradesh,BETUL(ST),Bhainsdehi,Bhainsdehi,,,Normal/Others,NA - Construction of bus-sheds or bus-stops,DISTRICT COLLECTOR BETUL_IDA,2023-10-04,Action Pending,264500,Unsanctioned
MPLADS-037085,Durga Das Uikey,Lok Sabha,Madhya Pradesh,BETUL(ST),Bhainsdehi,Bhainsdehi,,,Normal/Others,NA - Construction of bus-sheds or bus-stops,DISTRICT COLLECTOR BETUL_IDA,2023-10-04,Action Pending,264500,Unsanctioned
MPLADS-037088,Uday Pratap Singh,Lok Sabha,Madhya Pradesh,HOSHANGABAD,Gadarwara,Ward No. - 01,,,Normal/Others,"NA - Construction of roads, approach roads, link roads and pathways",DISTRICT COLLECTOR NARSINGHPUR_IDA,2023-10-04,Action Pending,200000,Unsanctioned
MPLADS-037089,Uday Pratap Singh,Lok Sabha,Madhya Pradesh,HOSHANGABAD,Gadarwara,WARD No. 05,,,Normal/Others,"NA - Construction of roads, approach roads, link roads and pathways",DISTRICT COLLECTOR NARSINGHPUR_IDA,2023-10-04,Action Pending,200000,Unsanctioned
MPLADS-037090,Nakul K Nath,Lok Sabha,Madhya Pradesh,CHHINDWARA,Chaurai,ward No. 1,,,Normal/Others,NA - Construction of buildings for community cultural activities,DISTRICT COLLECTOR CHHINDWARA_IDA,2023-10-04,Action Pending,125000,Unsanctioned
MPLADS-037091,Nakul K Nath,Lok Sabha,Madhya Pradesh,CHHINDWARA,Chaurai,Ward No. 4,,,Normal/Others,NA - Construction of buildings for community cultural activities,DISTRICT COLLECTOR CHHINDWARA_IDA,2023-10-04,Action Pending,100000,Unsanctioned
MPLADS-037092,Nakul K Nath,Lok Sabha,Madhya Pradesh,CHHINDWARA,Chaurai,ward No. 11,,,Normal/Others,NA - Construction of buildings for community cultural activities,DISTRICT COLLECTOR CHHINDWARA_IDA,2023-10-04,Action Pending,75000,Unsanctioned
MPLADS-037214,SH L Murugan,Rajya Sabha,Madhya Pradesh,Sitting Rajya Sabha,,,CHHINDWARA,Atarwada,Normal/Others,NA - Construction of buildings for community cultural activities,DISTRICT COLLECTOR CHHINDWARA_IDA,2023-10-04,Action Pending,100000,Unsanctioned
MPLADS-037215,SH L Murugan,Rajya Sabha,Madhya Pradesh,Sitting Rajya Sabha,,,PANDHURNA,Rajora Kalan,Normal/Others,WS/MP104/2023-2024/31312 - Construction of buildings for community cultural activities,DISTRICT COLLECTOR CHHINDWARA_IDA,2023-10-04,Approved by IDA,100000,Unsanctioned
MPLADS-037216,Shri Vivek K Tankha,Rajya Sabha,Madhya Pradesh,Sitting Rajya Sabha,Jabalpur,Pt. Deen Dyal Upadhyay,,,Normal/Others,NA - Construction of boundary walls of existing public and community buildings,DISTRICT COLLECTOR JABALPUR_IDA,2023-10-04,Action Pending,185000,Unsanctioned
MPLADS-037217,Shri Vivek K Tankha,Rajya Sabha,Madhya Pradesh,Sitting Rajya Sabha,Jabalpur,Pt. Deendyal Upadhayay,,,Normal/Others,NA - Construction of boundary walls of existing public and community buildings,DISTRICT COLLECTOR JABALPUR_IDA,2023-10-04,Action Pending,177000,Unsanctioned
MPLADS-037218,Shri Vivek K Tankha,Rajya Sabha,Madhya Pradesh,Sitting Rajya Sabha,,,KARELI,Baghuwar [Baghwar],Normal/Others,NA - Construction of community centers and community halls,DISTRICT COLLECTOR NARSINGHPUR_IDA,2023-10-04,Action Pending,500000,Unsanctioned
MPLADS-037219,Shri Vivek K Tankha,Rajya Sabha,Madhya Pradesh,Sitting Rajya Sabha,,,JABALPUR,Barha,Normal/Others,"NA - Construction of roads, approach roads, link roads and pathways",DISTRICT COLLECTOR JABALPUR_IDA,2023-10-04,Action Pending,500000,Unsanctioned
MPLADS-037220,Shri Vivek K Tankha,Rajya Sabha,Madhya Pradesh,Sitting Rajya Sabha,,,NISARPUR,Sisgaon,Normal/Others,NA - Construction of community centers and community halls,DISTRICT COLLECTOR DHAR_IDA,2023-10-04,Action Pending,500000,Unsanctioned
MPLADS-037221,Shri Vivek K Tankha,Rajya Sabha,Madhya Pradesh,Sitting Rajya Sabha,,,BERASIA,Sindhora,Normal/Others,"WS/MP106/2023-2024/31182 - Construction of roads, link roads, pathways or any other road with or without drainage system",DISTRICT COLLECTOR BHOPAL_IDA,2023-10-04,Approved by IDA,400000,Ongoing
MPLADS-037222,Shri Vivek K Tankha,Rajya Sabha,Madhya Pradesh,Sitting Rajya Sabha,,,GOTEGAON,Deonagar,Normal/Others,NA - Construction of common work sheds/ common covered sitting area,DISTRICT COLLECTOR NARSINGHPUR_IDA,2023-10-04,Action Pending,600000,Unsanctioned
MPLADS-037223,Shri Vivek K Tankha,Rajya Sabha,Madhya Pradesh,Sitting Rajya Sabha,,,GOTEGAON,Barheta (Warheta),Normal/Others,NA - Construction of common work sheds/ common covered sitting area,DISTRICT COLLECTOR NARSINGHPUR_IDA,2023-10-04,Action Pending,600000,Unsanctioned
MPLADS-037224,Shri Vivek K Tankha,Rajya Sabha,Madhya Pradesh,Sitting Rajya Sabha,,,MAHESHWAR,Bablai,Normal/Others,NA - Purchase of mobile water tankers,DISTRICT COLLECTOR KHARGONE_IDA,2023-10-04,Action Pending,163176,Unsanctioned
MPLADS-037225,Shri Vivek K Tankha,Rajya Sabha,Madhya Pradesh,Sitting Rajya Sabha,,,MAHESHWAR,Bhagdara,Normal/Others,NA - Purchase of mobile water tankers,DISTRICT COLLECTOR KHARGONE_IDA,2023-10-04,Action Pending,163176,Unsanctioned
MPLADS-037226,Shri Vivek K Tankha,Rajya Sabha,Madhya Pradesh,Sitting Rajya Sabha,,,MAHESHWAR,Bhaklay,Normal/Others,NA - Purchase of mobile water tankers,DISTRICT COLLECTOR KHARGONE_IDA,2023-10-04,Action Pending,163176,Unsanctioned
MPLADS-037227,Shri Vivek K Tankha,Rajya Sabha,Madhya Pradesh,Sitting Rajya Sabha,,,MAHESHWAR,Sirsya,Normal/Others,NA - Purchase of mobile water tankers,DISTRICT COLLECTOR KHARGONE_IDA,2023-10-04,Action Pending,163176,Unsanctioned
MPLADS-037228,Shri Vivek K Tankha,Rajya Sabha,Madhya Pradesh,Sitting Rajya Sabha,,,MAHESHWAR,Gujarmohna,Normal/Others,NA - Purchase of mobile water tankers,DISTRICT COLLECTOR KHARGONE_IDA,2023-10-04,Action Pending,163176,Unsanctioned
MPLADS-037229,Shri Vivek K Tankha,Rajya Sabha,Madhya Pradesh,Sitting Rajya Sabha,,,MAHESHWAR,Ashapur,Normal/Others,NA - Purchase of mobile water tankers,DISTRICT COLLECTOR KHARGONE_IDA,2023-10-04,Action Pending,163176,Unsanctioned
MPLADS-037230,Shri Vivek K Tankha,Rajya Sabha,Madhya Pradesh,Sitting Rajya Sabha,Sagar,Sagar,,,Normal/Others,NA - Purchase Books for Library,DISTRICT COLLECTOR SAGAR_IDA,2023-10-04,Action Pending,50000,Unsanctioned
MPLADS-037231,SH L Murugan,Rajya Sabha,Madhya Pradesh,Sitting Rajya Sabha,,,TARANA,Lasurdiyabechar,Normal/Others,"NA - Construction of roads, approach roads, link roads and pathways",DISTRICT COLLECTOR UJJAIN_IDA,2023-10-04,Action Pending,500000,Unsanctioned
MPLADS-037232,SH L Murugan,Rajya Sabha,Madhya Pradesh,Sitting Rajya Sabha,,,TARANA,Lasurdiyabechar,Normal/Others,"NA - Construction of roads, approach roads, link roads and pathways",DISTRICT COLLECTOR UJJAIN_IDA,2023-10-04,Rejected by IDA,15000000,Unsanctioned
MPLADS-037233,SH L Murugan,Rajya Sabha,Madhya Pradesh,Sitting Rajya Sabha,Harrai,Harrai,,,Normal/Others,NA - Construction of boundary walls of existing public and community buildings,DISTRICT COLLECTOR CHHINDWARA_IDA,2023-10-04,Action Pending,1000000,Unsanctioned
MPLADS-037234,SH L Murugan,Rajya Sabha,Madhya Pradesh,Sitting Rajya Sabha,,,HARRAI,Saldhana,Normal/Others,NA - Construction of boundary walls of existing public and community buildings,DISTRICT COLLECTOR CHHINDWARA_IDA,2023-10-04,Action Pending,1000000,Unsanctioned
MPLADS-037235,SH L Murugan,Rajya Sabha,Madhya Pradesh,Sitting Rajya Sabha,,,AMARWARA,Banka Mukasa,Normal/Others,WS/MP104/2023-2024/31087 - Construction of community centers and community halls,DISTRICT COLLECTOR CHHINDWARA_IDA,2023-10-04,Approved by IDA,1000000,Unsanctioned
MPLADS-037236,SH L Murugan,Rajya Sabha,Madhya Pradesh,Sitting Rajya Sabha,,,TAMIA,Linga,Normal/Others,NA - Construction of culverts and bridges,DISTRICT COLLECTOR CHHINDWARA_IDA,2023-10-04,Action Pending,1000000,Unsanctioned
MPLADS-037237,Shri Vivek K Tankha,Rajya Sabha,Madhya Pradesh,Sitting Rajya Sabha,Jabalpur,Pt. Deen Dyal Upadhyay,,,Normal/Others,NA - Construction of boundary walls of existing public and community buildings,DISTRICT COLLECTOR JABALPUR_IDA,2023-10-04,Action Pending,159000,Unsanctioned
MPLADS-037238,Shri Vivek K Tankha,Rajya Sabha,Madhya Pradesh,Sitting Rajya Sabha,Jabalpur,Pt. Deen Dyal Upadhyay,,,Normal/Others,NA - Construction of boundary walls of existing public and community buildings,DISTRICT COLLECTOR JABALPUR_IDA,2023-10-04,Action Pending,185000,Unsanctioned
MPLADS-037239,Shri Vivek K Tankha,Rajya Sabha,Madhya Pradesh,Sitting Rajya Sabha,Jabalpur,Pt. Deen Dyal Upadhyay,,,Normal/Others,NA - Construction of boundary walls of existing public and community buildings,DISTRICT COLLECTOR JABALPUR_IDA,2023-10-04,Action Pending,177000,Unsanctioned
MPLADS-037240,SH L Murugan,Rajya Sabha,Madhya Pradesh,Sitting Rajya Sabha,,,CHHINDWARA,Dhamania,Normal/Others,NA - Construction of buildings for community cultural activities,DISTRICT COLLECTOR CHHINDWARA_IDA,2023-10-04,Action Pending,100000,Unsanctioned
MPLADS-037241,SH L Murugan,Rajya Sabha,Madhya Pradesh,Sitting Rajya Sabha,,,PANDHURNA,Markawada,Normal/Others,NA - Construction of buildings for community cultural activities,DISTRICT COLLECTOR CHHINDWARA_IDA,2023-10-04,Action Pending,100000,Unsanctioned
MPLADS-037242,SH L Murugan,Rajya Sabha,Madhya Pradesh,Sitting Rajya Sabha,,,PANDHURNA,Wadegaon,Normal/Others,NA - Construction of buildings for community cultural activities,DISTRICT COLLECTOR CHHINDWARA_IDA,2023-10-04,Action Pending,100000,Unsanctioned
MPLADS-037243,SH L Murugan,Rajya Sabha,Madhya Pradesh,Sitting Rajya Sabha,,,PANDHURNA,Langha,Normal/Others,WS/MP104/2023-2024/31308 - Construction of buildings for community cultural activities,DISTRICT COLLECTOR CHHINDWARA_IDA,2023-10-04,Approved by IDA,100000,Unsanctioned
MPLADS-037244,SH L Murugan,Rajya Sabha,Madhya Pradesh,Sitting Rajya Sabha,Pandhurna,Jalaram Ward,,,Normal/Others,"WS/MP104/2023-2024/31307 - Construction of roads, link roads, pathways or any other road with or without drainage system",DISTRICT COLLECTOR CHHINDWARA_IDA,2023-10-04,Approved by IDA,200000,Unsanctioned
MPLADS-037245,SH L Murugan,Rajya Sabha,Madhya Pradesh,Sitting Rajya Sabha,Pandhurna,Shastri Ward,,,Normal/Others,"NA - Construction of roads, link roads, pathways or any other road with or without drainage system",DISTRICT COLLECTOR CHHINDWARA_IDA,2023-10-04,Action Pending,250000,Unsanctioned
MPLADS-037246,SH L Murugan,Rajya Sabha,Madhya Pradesh,Sitting Rajya Sabha,,,PARASIA,Mandla,Normal/Others,WS/MP104/2023-2024/31305 - Construction of community centers and community halls,DISTRICT COLLECTOR CHHINDWARA_IDA,2023-10-04,Approved by IDA,1000000,Unsanctioned
MPLADS-037247,SH L Murugan,Rajya Sabha,Madhya Pradesh,Sitting Rajya Sabha,,,MOHKHED,Jam,Normal/Others,NA - Construction of buildings for community cultural activities,DISTRICT COLLECTOR CHHINDWARA_IDA,2023-10-04,Action Pending,200000,Unsanctioned
MPLADS-037248,SH L Murugan,Rajya Sabha,Madhya Pradesh,Sitting Rajya Sabha,,,MOHKHED,Linga,Normal/Others,"WS/MP104/2023-2024/31303 - Construction of roads, link roads, pathways or any other road with or without drainage system",DISTRICT COLLECTOR CHHINDWARA_IDA,2023-10-04,Approved by IDA,300000,Unsanctioned
MPLADS-037250,SH L Murugan,Rajya Sabha,Madhya Pradesh,Sitting Rajya Sabha,,,CHHINDWARA,Bhajipani Kalan,Normal/Others,"NA - Construction of roads, link roads, pathways or any other road with or without drainage system",DISTRICT COLLECTOR CHHINDWARA_IDA,2023-10-04,Action Pending,75000,Unsanctioned
MPLADS-037251,Shri Vivek K Tankha,Rajya Sabha,Madhya Pradesh,Sitting Rajya Sabha,Jabalpur,Pt. Deen Dayal Upadhyay,,,Normal/Others,NA - Construction of boundary walls of existing public and community buildings,DISTRICT COLLECTOR JABALPUR_IDA,2023-10-04,Action Pending,159000,Unsanctioned
MPLADS-037252,SH L Murugan,Rajya Sabha,Madhya Pradesh,Sitting Rajya Sabha,,,CHHINDWARA,Umarhar,Normal/Others,NA - Construction of buildings for community cultural activities,DISTRICT COLLECTOR CHHINDWARA_IDA,2023-10-04,Action Pending,100000,Unsanctioned
MPLADS-037253,SH L Murugan,Rajya Sabha,Madhya Pradesh,Sitting Rajya Sabha,,,CHHINDWARA,Thuniya Udana,Normal/Others,NA - Construction of buildings for community cultural activities,DISTRICT COLLECTOR CHHINDWARA_IDA,2023-10-04,Action Pending,100000,Unsanctioned
MPLADS-037254,SH L Murugan,Rajya Sabha,Madhya Pradesh,Sitting Rajya Sabha,,,CHHINDWARA,Manegaon,Normal/Others,NA - Construction of buildings for community cultural activities,DISTRICT COLLECTOR CHHINDWARA_IDA,2023-10-04,Action Pending,100000,Unsanctioned
MPLADS-037255,SH L Murugan,Rajya Sabha,Madhya Pradesh,Sitting Rajya Sabha,,,CHHINDWARA,Gondara,Normal/Others,NA - Purchase of mobile water tankers,DISTRICT COLLECTOR CHHINDWARA_IDA,2023-10-04,Action Pending,125000,Unsanctioned
MPLADS-037256,SH L Murugan,Rajya Sabha,Madhya Pradesh,Sitting Rajya Sabha,Chhindwara,16,,,Normal/Others,NA - Construction of buildings for community cultural activities,DISTRICT COLLECTOR CHHINDWARA_IDA,2023-10-04,Action Pending,100000,Unsanctioned
MPLADS-037257,SH L Murugan,Rajya Sabha,Madhya Pradesh,Sitting Rajya Sabha,,,CHHINDWARA,Chanhia Khurd,Normal/Others,"NA - Construction of roads, link roads, pathways or any other road with or without drainage system",DISTRICT COLLECTOR CHHINDWARA_IDA,2023-10-04,Action Pending,75000,Unsanctioned
MPLADS-037258,SH L Murugan,Rajya Sabha,Madhya Pradesh,Sitting Rajya Sabha,,,CHHINDWARA,Rangin Khapa,Normal/Others,WS/MP104/2023-2024/31292 - Construction of buildings for community cultural activities,DISTRICT COLLECTOR CHHINDWARA_IDA,2023-10-04,Approved by IDA,100000,Unsanctioned
MPLADS-037259,SHRI Ajay Pratap Singh,Rajya Sabha,Madhya Pradesh,Sitting Rajya Sabha,,,MORENA,Aiti,Normal/Others,NA - Street lights,DISTRICT COLLECTOR MORENA_IDA,2023-10-04,Action Pending,313000,Unsanctioned
MPLADS-037260,SHRI Ajay Pratap Singh,Rajya Sabha,Madhya Pradesh,Sitting Rajya Sabha,,,MORENA,Aiti,Normal/Others,"NA - Construction of roads, approach roads, link roads and pathways",DISTRICT COLLECTOR MORENA_IDA,2023-10-04,Action Pending,9687000,Unsanctioned
MPLADS-037261,SH L Murugan,Rajya Sabha,Madhya Pradesh,Sitting Rajya Sabha,,,HARRAI,Surla,Normal/Others,"NA - Construction of roads, approach roads, link roads and pathways",DISTRICT COLLECTOR CHHINDWARA_IDA,2023-10-04,Action Pending,1000000,Unsanctioned
MPLADS-037262,SH L Murugan,Rajya Sabha,Madhya Pradesh,Sitting Rajya Sabha,,,AMARWARA,Badela,Normal/Others,"NA - Construction of roads, link roads, pathways or any other road with or without drainage system",DISTRICT COLLECTOR CHHINDWARA_IDA,2023-10-04,Rejected by IDA,1000000,Unsanctioned
MPLADS-037263,SH L Murugan,Rajya Sabha,Madhya Pradesh,Sitting Rajya Sabha,,,PARASIA,Dongar Khapa Mal,Normal/Others,NA - Purchase of hearse van,DISTRICT COLLECTOR CHHINDWARA_IDA,2023-10-04,Action Pending,1000000,Unsanctioned
MPLADS-037264,SH L Murugan,Rajya Sabha,Madhya Pradesh,Sitting Rajya Sabha,,,PANDHURNA,Pardi,Normal/Others,"WS/MP104/2023-2024/31014 - Construction of roads, link roads, pathways or any other road with or without drainage system",DISTRICT COLLECTOR CHHINDWARA_IDA,2023-10-04,Approved by IDA,300000,Unsanctioned
MPLADS-037265,SH L Murugan,Rajya Sabha,Madhya Pradesh,Sitting Rajya Sabha,,,MOHKHED,Mohkhed,Normal/Others,WS/MP104/2023-2024/31042 - Construction of additional rooms and halls in the existing public and community building,DISTRICT COLLECTOR CHHINDWARA_IDA,2023-10-04,Approved by IDA,150000,Unsanctioned
MPLADS-037266,SH L Murugan,Rajya Sabha,Madhya Pradesh,Sitting Rajya Sabha,,,MOHKHED,Sarora,Normal/Others,WS/MP104/2023-2024/31041 - Construction of buildings for community cultural activities,DISTRICT COLLECTOR CHHINDWARA_IDA,2023-10-04,Approved by IDA,100000,Unsanctioned
MPLADS-037267,SH L Murugan,Rajya Sabha,Madhya Pradesh,Sitting Rajya Sabha,,,MOHKHED,Pindrai Khurd,Normal/Others,WS/MP104/2023-2024/31040 - Construction of buildings for community cultural activities,DISTRICT COLLECTOR CHHINDWARA_IDA,2023-10-04,Approved by IDA,100000,Unsanctioned
MPLADS-037268,SH L Murugan,Rajya Sabha,Madhya Pradesh,Sitting Rajya Sabha,,,MOHKHED,Karer,Normal/Others,"NA - Construction of roads, link roads, pathways or any other road with or without drainage system",DISTRICT COLLECTOR CHHINDWARA_IDA,2023-10-04,Action Pending,150000,Unsanctioned
MPLADS-037269,SH L Murugan,Rajya Sabha,Madhya Pradesh,Sitting Rajya Sabha,,,MOHKHED,Nishan Daryao,Normal/Others,WS/MP104/2023-2024/31038 - Construction of buildings for community cultural activities,DISTRICT COLLECTOR CHHINDWARA_IDA,2023-10-04,Approved by IDA,150000,Unsanctioned
MPLADS-037270,SH L Murugan,Rajya Sabha,Madhya Pradesh,Sitting Rajya Sabha,,,MOHKHED,Chikhli Kala,Normal/Others,"WS/MP104/2023-2024/31037 - Construction of roads, link roads, pathways or any other road with or without drainage system",DISTRICT COLLECTOR CHHINDWARA_IDA,2023-10-04,Approved by IDA,150000,Unsanctioned
MPLADS-037271,SH L Murugan,Rajya Sabha,Madhya Pradesh,Sitting Rajya Sabha,,,MOHKHED,Palamau,Normal/Others,"WS/MP104/2023-2024/31036 - Construction of roads, link roads, pathways or any other road with or without drainage system",DISTRICT COLLECTOR CHHINDWARA_IDA,2023-10-04,Approved by IDA,200000,Unsanctioned
MPLADS-037272,SH L Murugan,Rajya Sabha,Madhya Pradesh,Sitting Rajya Sabha,,,MOHKHED,Jhiriya,Normal/Others,WS/MP104/2023-2024/31035 - Construction of buildings for community cultural activities,DISTRICT COLLECTOR CHHINDWARA_IDA,2023-10-04,Approved by IDA,150000,Unsanctioned
MPLADS-037273,SH L Murugan,Rajya Sabha,Madhya Pradesh,Sitting Rajya Sabha,,,PANDHURNA,Rajana,Normal/Others,NA - Providing drains and gutters for public drainage,DISTRICT COLLECTOR CHHINDWARA_IDA,2023-10-04,Action Pending,300000,Unsanctioned
MPLADS-037274,SH L Murugan,Rajya Sabha,Madhya Pradesh,Sitting Rajya Sabha,,,PANDHURNA,Khairipaika,Normal/Others,"NA - Construction of roads, link roads, pathways or any other road with or without drainage system",DISTRICT COLLECTOR CHHINDWARA_IDA,2023-10-04,Action Pending,300000,Unsanctioned
MPLADS-037275,SH L Murugan,Rajya Sabha,Madhya Pradesh,Sitting Rajya Sabha,,,MOHKHED,Tansara Mal,Normal/Others,WS/MP104/2023-2024/31044 - Installation of firmly fixed waiting chairs and benches at railway stations,DISTRICT COLLECTOR CHHINDWARA_IDA,2023-10-04,Approved by IDA,300000,Unsanctioned
MPLADS-037276,SH L Murugan,Rajya Sabha,Madhya Pradesh,Sitting Rajya Sabha,,,PANDHURNA,Temni,Normal/Others,NA - Construction of buildings for community cultural activities,DISTRICT COLLECTOR CHHINDWARA_IDA,2023-10-04,Action Pending,150000,Unsanctioned
MPLADS-037277,SH L Murugan,Rajya Sabha,Madhya Pradesh,Sitting Rajya Sabha,,,PANDHURNA,Marood,Normal/Others,"NA - Construction of roads, approach roads, link roads and pathways",DISTRICT COLLECTOR CHHINDWARA_IDA,2023-10-04,Action Pending,250000,Unsanctioned
MPLADS-037278,SH L Murugan,Rajya Sabha,Madhya Pradesh,Sitting Rajya Sabha,,,MOHKHED,Mahalpur,Normal/Others,NA - Crematoriums or structures on burial/ cremation ground for public convenience,DISTRICT COLLECTOR CHHINDWARA_IDA,2023-10-04,Action Pending,250000,Unsanctioned
MPLADS-037279,SH L Murugan,Rajya Sabha,Madhya Pradesh,Sitting Rajya Sabha,,,MOHKHED,Maini Khapa Mal,Normal/Others,WS/MP104/2023-2024/31009 - Crematoriums or structures on burial/ cremation ground for public convenience,DISTRICT COLLECTOR CHHINDWARA_IDA,2023-10-04,Approved by IDA,250000,Unsanctioned
MPLADS-037280,SH L Murugan,Rajya Sabha,Madhya Pradesh,Sitting Rajya Sabha,,,MOHKHED,Rajana,Normal/Others,NA - Construction of rooms and halls in school and colleges,DISTRICT COLLECTOR CHHINDWARA_IDA,2023-10-04,Action Pending,250000,Unsanctioned
MPLADS-037281,SH L Murugan,Rajya Sabha,Madhya Pradesh,Sitting Rajya Sabha,,,MOHKHED,Khairwada,Normal/Others,WS/MP104/2023-2024/31007 - Crematoriums or structures on burial/ cremation ground for public convenience,DISTRICT COLLECTOR CHHINDWARA_IDA,2023-10-04,Approved by IDA,250000,Unsanctioned
MPLADS-037282,SH L Murugan,Rajya Sabha,Madhya Pradesh,Sitting Rajya Sabha,Pandhurna,Pandhurna,,,Normal/Others,NA - Construction of rooms and halls in school and colleges,DISTRICT COLLECTOR CHHINDWARA_IDA,2023-10-04,Action Pending,1000000,Unsanctioned
MPLADS-037283,SH L Murugan,Rajya Sabha,Madhya Pradesh,Sitting Rajya Sabha,,,PANDHURNA,Markawada,Normal/Others,"NA - Construction of roads, link roads, pathways or any other road with or without drainage system",DISTRICT COLLECTOR CHHINDWARA_IDA,2023-10-04,Action Pending,250000,Unsanctioned
MPLADS-037284,SH L Murugan,Rajya Sabha,Madhya Pradesh,Sitting Rajya Sabha,,,PANDHURNA,Kundali,Normal/Others,NA - Construction of buildings for community cultural activities,DISTRICT COLLECTOR CHHINDWARA_IDA,2023-10-04,Action Pending,250000,Unsanctioned
MPLADS-037285,SH L Murugan,Rajya Sabha,Madhya Pradesh,Sitting Rajya Sabha,,,MOHKHED,Garhmau,Normal/Others,WS/MP104/2023-2024/31043 - Construction of buildings for community cultural activities,DISTRICT COLLECTOR CHHINDWARA_IDA,2023-10-04,Approved by IDA,150000,Unsanctioned
MPLADS-037286,SH L Murugan,Rajya Sabha,Madhya Pradesh,Sitting Rajya Sabha,,,MOHKHED,Bisapur Kala,Normal/Others,WS/MP104/2023-2024/31045 - Construction of additional rooms and halls in the existing public and community building,DISTRICT COLLECTOR CHHINDWARA_IDA,2023-10-04,Approved by IDA,100000,Unsanctioned
MPLADS-037287,SH L Murugan,Rajya Sabha,Madhya Pradesh,Sitting Rajya Sabha,,,PARASIA,Chandameta Kalan,Normal/Others,NA - Construction of boundary walls of existing public and community buildings,DISTRICT COLLECTOR CHHINDWARA_IDA,2023-10-04,Action Pending,500000,Unsanctioned
MPLADS-037288,SH L Murugan,Rajya Sabha,Madhya Pradesh,Sitting Rajya Sabha,,,MOHKHED,Lahgadua,Normal/Others,NA - Construction of buildings for community cultural activities,DISTRICT COLLECTOR CHHINDWARA_IDA,2023-10-04,Action Pending,150000,Unsanctioned
MPLADS-037289,SH L Murugan,Rajya Sabha,Madhya Pradesh,Sitting Rajya Sabha,,,PARASIA,Shivpur,Normal/Others,NA - Construction of buildings for community cultural activities,DISTRICT COLLECTOR CHHINDWARA_IDA,2023-10-04,Action Pending,300000,Unsanctioned
MPLADS-037290,SH L Murugan,Rajya Sabha,Madhya Pradesh,Sitting Rajya Sabha,,,PARASIA,Sonapipari,Normal/Others,NA - Construction of community centers and community halls,DISTRICT COLLECTOR CHHINDWARA_IDA,2023-10-04,Action Pending,400000,Unsanctioned
MPLADS-037291,SH L Murugan,Rajya Sabha,Madhya Pradesh,Sitting Rajya Sabha,,,PARASIA,Bijagora,Normal/Others,NA - Construction of buildings for community cultural activities,DISTRICT COLLECTOR CHHINDWARA_IDA,2023-10-04,Action Pending,300000,Unsanctioned
MPLADS-037292,SH L Murugan,Rajya Sabha,Madhya Pradesh,Sitting Rajya Sabha,,,PARASIA,Bhajipani,Normal/Others,WS/MP104/2023-2024/31078 - Construction of boundary walls of existing public and community buildings,DISTRICT COLLECTOR CHHINDWARA_IDA,2023-10-04,Approved by IDA,500000,Unsanctioned
MPLADS-037293,SH L Murugan,Rajya Sabha,Madhya Pradesh,Sitting Rajya Sabha,,,PARASIA,Darbai,Normal/Others,NA - Construction of boundary walls of existing public and community buildings,DISTRICT COLLECTOR CHHINDWARA_IDA,2023-10-04,Action Pending,500000,Unsanctioned
MPLADS-037294,SH L Murugan,Rajya Sabha,Madhya Pradesh,Sitting Rajya Sabha,,,PARASIA,Paili,Normal/Others,NA - Providing drains and gutters for public drainage,DISTRICT COLLECTOR CHHINDWARA_IDA,2023-10-04,Action Pending,300000,Unsanctioned
MPLADS-037295,SH L Murugan,Rajya Sabha,Madhya Pradesh,Sitting Rajya Sabha,,,PARASIA,Umreth,Normal/Others,WS/MP104/2023-2024/31075 - Construction of buildings for community cultural activities,DISTRICT COLLECTOR CHHINDWARA_IDA,2023-10-04,Approved by IDA,300000,Unsanctioned
MPLADS-037296,SH L Murugan,Rajya Sabha,Madhya Pradesh,Sitting Rajya Sabha,,,PARASIA,Khajari Antu,Normal/Others,WS/MP104/2023-2024/31074 - Construction of boundary walls of existing public and community buildings,DISTRICT COLLECTOR CHHINDWARA_IDA,2023-10-04,Approved by IDA,400000,Unsanctioned
MPLADS-037297,SH L Murugan,Rajya Sabha,Madhya Pradesh,Sitting Rajya Sabha,,,MOHKHED,Adwar,Normal/Others,NA - Construction of buildings for community cultural activities,DISTRICT COLLECTOR CHHINDWARA_IDA,2023-10-04,Action Pending,250000,Unsanctioned
MPLADS-037298,SH L Murugan,Rajya Sabha,Madhya Pradesh,Sitting Rajya Sabha,,,SAUSAR,Satnoor,Normal/Others,"NA - Construction of roads, approach roads, link roads and pathways",DISTRICT COLLECTOR CHHINDWARA_IDA,2023-10-04,Action Pending,350000,Unsanctioned
MPLADS-037299,SH L Murugan,Rajya Sabha,Madhya Pradesh,Sitting Rajya Sabha,,,MOHKHED,Jakhawadi,Normal/Others,WS/MP104/2023-2024/31046 - Construction of buildings for community cultural activities,DISTRICT COLLECTOR CHHINDWARA_IDA,2023-10-04,Approved by IDA,200000,Unsanctioned
MPLADS-037300,SH L Murugan,Rajya Sabha,Madhya Pradesh,Sitting Rajya Sabha,,,SAUSAR,Koparawadi Khurd,Normal/Others,"NA - Construction of roads, approach roads, link roads and pathways",DISTRICT COLLECTOR CHHINDWARA_IDA,2023-10-04,Action Pending,100000,Unsanctioned
MPLADS-037301,SH L Murugan,Rajya Sabha,Madhya Pradesh,Sitting Rajya Sabha,,,SAUSAR,Sawli No.1,Normal/Others,NA - Construction of boundary walls of existing public and community buildings,DISTRICT COLLECTOR CHHINDWARA_IDA,2023-10-04,Action Pending,250000,Unsanctioned
MPLADS-037302,SH L Murugan,Rajya Sabha,Madhya Pradesh,Sitting Rajya Sabha,,,SAUSAR,Borgaon (CT),Normal/Others,NA - Construction of buildings for community cultural activities,DISTRICT COLLECTOR CHHINDWARA_IDA,2023-10-04,Action Pending,300000,Unsanctioned
MPLADS-037303,SH L Murugan,Rajya Sabha,Madhya Pradesh,Sitting Rajya Sabha,,,SAUSAR,Koprawadi Kalan,Normal/Others,NA - Improvement of electricity distribution infrastructure,DISTRICT COLLECTOR CHHINDWARA_IDA,2023-10-04,Action Pending,400000,Unsanctioned
MPLADS-037304,SH L Murugan,Rajya Sabha,Madhya Pradesh,Sitting Rajya Sabha,,,SAUSAR,Koparawadi Khurd,Normal/Others,NA - Improvement of electricity distribution infrastructure,DISTRICT COLLECTOR CHHINDWARA_IDA,2023-10-04,Action Pending,400000,Unsanctioned
MPLADS-037305,SH L Murugan,Rajya Sabha,Madhya Pradesh,Sitting Rajya Sabha,,,SAUSAR,Sawanga,Normal/Others,NA - Construction of additional rooms and halls in the existing public and community building,DISTRICT COLLECTOR CHHINDWARA_IDA,2023-10-04,Action Pending,500000,Unsanctioned
MPLADS-037306,SH L Murugan,Rajya Sabha,Madhya Pradesh,Sitting Rajya Sabha,,,MOHKHED,Sillewani,Normal/Others,"WS/MP104/2023-2024/31049 - Retrofitting, preservation or conservation of heritage and archaeological monuments and buildings",DISTRICT COLLECTOR CHHINDWARA_IDA,2023-10-04,Approved by IDA,100000,Unsanctioned
MPLADS-037307,SH L Murugan,Rajya Sabha,Madhya Pradesh,Sitting Rajya Sabha,,,SAUSAR,Paradsinga,Normal/Others,NA - Construction of buildings for community cultural activities,DISTRICT COLLECTOR CHHINDWARA_IDA,2023-10-04,Action Pending,300000,Unsanctioned
MPLADS-037308,SH L Murugan,Rajya Sabha,Madhya Pradesh,Sitting Rajya Sabha,,,SAUSAR,Gondiwadhona,Normal/Others,NA - Construction of buildings for community cultural activities,DISTRICT COLLECTOR CHHINDWARA_IDA,2023-10-04,Action Pending,100000,Unsanctioned
MPLADS-037309,SH L Murugan,Rajya Sabha,Madhya Pradesh,Sitting Rajya Sabha,,,PANDHURNA,Dhanora,Normal/Others,NA - Construction of buildings for community cultural activities,DISTRICT COLLECTOR CHHINDWARA_IDA,2023-10-04,Action Pending,100000,Unsanctioned
MPLADS-037310,SH L Murugan,Rajya Sabha,Madhya Pradesh,Sitting Rajya Sabha,,,PANDHURNA,Narsala,Normal/Others,WS/MP104/2023-2024/31313 - Construction of buildings for community cultural activities,DISTRICT COLLECTOR CHHINDWARA_IDA,2023-10-04,Approved by IDA,100000,Unsanctioned
MPLADS-037311,SH L Murugan,Rajya Sabha,Madhya Pradesh,Sitting Rajya Sabha,,,PANDHURNA,Changoba,Normal/Others,"NA - Construction of roads, link roads, pathways or any other road with or without drainage system",DISTRICT COLLECTOR CHHINDWARA_IDA,2023-10-04,Action Pending,250000,Unsanctioned
MPLADS-037312,SH L Murugan,Rajya Sabha,Madhya Pradesh,Sitting Rajya Sabha,,,CHHINDWARA,Pipariya Birsa,Normal/Others,"NA - Construction of roads, link roads, pathways or any other road with or without drainage system",DISTRICT COLLECTOR CHHINDWARA_IDA,2023-10-04,Action Pending,100000,Unsanctioned
MPLADS-037361,SH L Murugan,Rajya Sabha,Madhya Pradesh,Sitting Rajya Sabha,,,KARELI,Amthanu,Normal/Others,"WS/MP104/2023-2024/31468 - Construction of roads, approach roads, link roads and pathways",DISTRICT COLLECTOR NARSINGHPUR_IDA,2023-10-04,Approved by IDA,800000,Sanctioned
MPLADS-037369,SH L Murugan,Rajya Sabha,Madhya Pradesh,Sitting Rajya Sabha,Chichli,8,,,Normal/Others,"NA - Construction of roads, approach roads, link roads and pathways",DISTRICT COLLECTOR NARSINGHPUR_IDA,2023-10-04,Action Pending,500000,Unsanctioned
MPLADS-037370,SH L Murugan,Rajya Sabha,Madhya Pradesh,Sitting Rajya Sabha,,,BABAI CHICHALI,Singpur,Normal/Others,"WS/MP104/2023-2024/31469 - Construction of roads, link roads, pathways or any other road with or without drainage system",DISTRICT COLLECTOR NARSINGHPUR_IDA,2023-10-04,Approved by IDA,500000,Sanctioned
MPLADS-037371,Shri Vivek K Tankha,Rajya Sabha,Madhya Pradesh,Sitting Rajya Sabha,,,PRABHAT PATTAN,Majari,Normal/Others,"WS/MP106/2023-2024/31436 - Construction of roads, approach roads, link roads and pathways",DISTRICT COLLECTOR BETUL_IDA,2023-10-04,Approved by IDA,100000,Unsanctioned
MPLADS-037373,SH L Murugan,Rajya Sabha,Madhya Pradesh,Sitting Rajya Sabha,,,ALOT,Bardiya,Normal/Others,NA - Construction of community centers and community halls,District Collector Ratlam_IDA,2023-10-04,Action Pending,1250000,Unsanctioned
MPLADS-037374,SH L Murugan,Rajya Sabha,Madhya Pradesh,Sitting Rajya Sabha,,,KHACHAROD,Rupeta,Normal/Others,NA - Construction of rooms and halls in school and colleges,DISTRICT COLLECTOR UJJAIN_IDA,2023-10-04,Action Pending,1500000,Unsanctioned
MPLADS-037375,SH L Murugan,Rajya Sabha,Madhya Pradesh,Sitting Rajya Sabha,,,ALOT,Barkheda Kalan,Normal/Others,NA - Construction of community centers and community halls,District Collector Ratlam_IDA,2023-10-04,Action Pending,1250000,Unsanctioned
MPLADS-037376,Ms Kavita Patidar,Rajya Sabha,Madhya Pradesh,Sitting Rajya Sabha,,,BARWAH,Ramgarh,Trust and Society,WS/MP103/2023-2024/31402 - Construction of shelters for animals,DISTRICT COLLECTOR KHARGONE_IDA,2023-10-04,Approved by IDA,2100000,Sanctioned
MPLADS-037377,Shri Rajmani Patel,Rajya Sabha,Madhya Pradesh,Sitting Rajya Sabha,,,AMARPATAN,Anandgarh,Normal/Others,NA - Improvement of electricity distribution infrastructure,DISTRICT COLLECTOR SATNA_IDA,2023-10-04,Action Pending,275600,Unsanctioned
MPLADS-037378,Shri Rajmani Patel,Rajya Sabha,Madhya Pradesh,Sitting Rajya Sabha,,,JAWA,Rauli,Normal/Others,"WS/MP105/2023-2024/31351 - Construction of roads, approach roads, link roads and pathways",DISTRICT COLLECTOR REWA_IDA,2023-10-04,Approved by IDA,399000,Sanctioned
MPLADS-037379,Shri Rajmani Patel,Rajya Sabha,Madhya Pradesh,Sitting Rajya Sabha,,,BERASIA,Megra Kalan,Normal/Others,WS/MP105/2023-2024/31343 - Construction of common work sheds/ common covered sitting area,DISTRICT COLLECTOR BHOPAL_IDA,2023-10-04,Approved by IDA,100000,Sanctioned
MPLADS-037380,Ms Kavita Patidar,Rajya Sabha,Madhya Pradesh,Sitting Rajya Sabha,,,MHOW,Amba Chandan,Normal/Others,NA - Construction of community centers and community halls,DISTRICT COLLECTOR INDORE_IDA,2023-10-04,Action Pending,1600000,Unsanctioned
MPLADS-037381,SH L Murugan,Rajya Sabha,Madhya Pradesh,Sitting Rajya Sabha,Lodhikheda,13,,,Normal/Others,NA - Construction of community centers and community halls,DISTRICT COLLECTOR CHHINDWARA_IDA,2023-10-04,Action Pending,400000,Unsanctioned
MPLADS-037406,SH L Murugan,Rajya Sabha,Madhya Pradesh,Sitting Rajya Sabha,,,PANDHURNA,Pathai,Normal/Others,"NA - Construction of roads, link roads, pathways or any other road with or without drainage system",DISTRICT COLLECTOR CHHINDWARA_IDA,2023-10-04,Action Pending,250000,Unsanctioned
MPLADS-037428,SH L Murugan,Rajya Sabha,Madhya Pradesh,Sitting Rajya Sabha,,,CHHINDWARA,Rohana Khurd,Normal/Others,NA - Construction of buildings for community cultural activities,DISTRICT COLLECTOR CHHINDWARA_IDA,2023-10-03,Action Pending,100000,Unsanctioned
MPLADS-037446,Shri Rajmani Patel,Rajya Sabha,Madhya Pradesh,Sitting Rajya Sabha,,,HANUMANA,Sagra,Normal/Others,NA - Installing hand pumps,DISTRICT COLLECTOR REWA_IDA,2023-10-03,Action Pending,159000,Unsanctioned
MPLADS-037447,Shri Rajmani Patel,Rajya Sabha,Madhya Pradesh,Sitting Rajya Sabha,,,SEHORE,Magarda,Normal/Others,"NA - Construction of roads, approach roads, link roads and pathways",DISTRICT COLLECTOR SEHORE_IDA,2023-10-03,Action Pending,999000,Unsanctioned
MPLADS-037448,Shri Rajmani Patel,Rajya Sabha,Madhya Pradesh,Sitting Rajya Sabha,,,JAWA,Nastgawan(280),Normal/Others,"NA - Construction of roads, approach roads, link roads and pathways",DISTRICT COLLECTOR REWA_IDA,2023-10-03,Action Pending,250000,Unsanctioned
MPLADS-037449,Shri Rajmani Patel,Rajya Sabha,Madhya Pradesh,Sitting Rajya Sabha,Mandideep,ward Number 13,,,Normal/Others,NA - Construction of common work sheds/ common covered sitting area,DISTRICT COLLECTOR RAISEN_IDA,2023-10-03,Action Pending,199000,Unsanctioned
MPLADS-037450,Shri Rajmani Patel,Rajya Sabha,Madhya Pradesh,Sitting Rajya Sabha,,,MAJHGAWAN,Bakot,Normal/Others,NA - Installing hand pumps,DISTRICT COLLECTOR SATNA_IDA,2023-10-03,Action Pending,74000,Unsanctioned
MPLADS-037479,Shri Rajmani Patel,Rajya Sabha,Madhya Pradesh,Sitting Rajya Sabha,Rewa,ward number 14,,,Normal/Others,WS/MP105/2023-2024/30877 - Improvement of electricity distribution infrastructure,DISTRICT COLLECTOR REWA_IDA,2023-10-03,Approved by IDA,73000,Sanctioned
MPLADS-037480,Shri Rajmani Patel,Rajya Sabha,Madhya Pradesh,Sitting Rajya Sabha,,,RAIPUR KARCHULIYAN,Itaura,Normal/Others,WS/MP105/2023-2024/30881 - Improvement of electricity distribution infrastructure,DISTRICT COLLECTOR REWA_IDA,2023-10-03,Approved by IDA,774900,Unsanctioned
MPLADS-037481,SH L Murugan,Rajya Sabha,Madhya Pradesh,Sitting Rajya Sabha,,,MORENA,Aiti,Normal/Others,"NA - Construction of roads, approach roads, link roads and pathways",DISTRICT COLLECTOR MORENA_IDA,2023-10-03,Action Pending,6610000,Unsanctioned
MPLADS-037509,Shri Rajmani Patel,Rajya Sabha,Madhya Pradesh,Sitting Rajya Sabha,,,REWA,Tighara,Normal/Others,WS/MP105/2023-2024/30874 - Improvement of electricity distribution infrastructure,DISTRICT COLLECTOR REWA_IDA,2023-10-03,Approved by IDA,170000,Sanctioned
MPLADS-037510,Shri Rajmani Patel,Rajya Sabha,Madhya Pradesh,Sitting Rajya Sabha,,,GANGEV,Keoti,Normal/Others,WS/MP105/2023-2024/30871 - Improvement of electricity distribution infrastructure,DISTRICT COLLECTOR REWA_IDA,2023-10-03,Approved by IDA,175000,Unsanctioned
MPLADS-037511,Shri Rajmani Patel,Rajya Sabha,Madhya Pradesh,Sitting Rajya Sabha,,,JAWA,Pathripurwa,Normal/Others,WS/MP105/2023-2024/30867 - Improvement of electricity distribution infrastructure,DISTRICT COLLECTOR REWA_IDA,2023-10-03,Approved by IDA,108000,Sanctioned
MPLADS-037523,SH L Murugan,Rajya Sabha,Madhya Pradesh,Sitting Rajya Sabha,,,CHHINDWARA,Ramgadi,Normal/Others,NA - Construction of buildings for community cultural activities,DISTRICT COLLECTOR CHHINDWARA_IDA,2023-10-03,Action Pending,100000,Unsanctioned
MPLADS-037527,Gajendra Singh Patel,Lok Sabha,Madhya Pradesh,KHARGONE(ST),Bistan,ward 15,,,Normal/Others,NA - Construction of community centers and community halls,DISTRICT COLLECTOR KHARGONE_IDA,2023-10-03,Action Pending,300000,Unsanctioned
MPLADS-037528,Gajendra Singh Patel,Lok Sabha,Madhya Pradesh,KHARGONE(ST),Barwani,ward no 15,,,Normal/Others,WS/MP641/2023-2024/30655 - Construction of buildings for community cultural activities,DISTRICT COLLECTOR BADWANI_IDA,2023-10-03,Approved by IDA,500000,Sanctioned
MPLADS-037542,SH L Murugan,Rajya Sabha,Madhya Pradesh,Sitting Rajya Sabha,,,SHAHPURA,Badagaon,Normal/Others,WS/MP104/2023-2024/30640 - Construction of boundary walls of existing public and community buildings,District Collector Dindori_IDA,2023-10-03,Approved by IDA,500000,Sanctioned
MPLADS-037566,SH L Murugan,Rajya Sabha,Madhya Pradesh,Sitting Rajya Sabha,,,KHACHAROD,Badagaon,Normal/Others,NA - Construction of community centers and community halls,DISTRICT COLLECTOR UJJAIN_IDA,2023-10-03,Action Pending,2000000,Unsanctioned
MPLADS-037567,SH L Murugan,Rajya Sabha,Madhya Pradesh,Sitting Rajya Sabha,,,SHAHPURA,Badagaon,Normal/Others,WS/MP104/2023-2024/30639 - Construction of rooms and halls in school and colleges,District Collector Dindori_IDA,2023-10-03,Approved by IDA,2000000,Sanctioned
MPLADS-037684,SH L Murugan,Rajya Sabha,Madhya Pradesh,Sitting Rajya Sabha,,,CHAURAI,Bichhua,Normal/Others,NA - Construction of community centers and community halls,DISTRICT COLLECTOR CHHINDWARA_IDA,2023-10-03,Action Pending,1000000,Unsanctioned
MPLADS-037685,SH L Murugan,Rajya Sabha,Madhya Pradesh,Sitting Rajya Sabha,,,JAMAI,Ghanaumri,Normal/Others,NA - Construction of culverts and bridges,DISTRICT COLLECTOR CHHINDWARA_IDA,2023-10-03,Action Pending,800000,Unsanctioned
MPLADS-037686,SH L Murugan,Rajya Sabha,Madhya Pradesh,Sitting Rajya Sabha,,,JAMAI,Chikatbarri,Normal/Others,WS/MP104/2023-2024/30901 - Construction of culverts and bridges,DISTRICT COLLECTOR CHHINDWARA_IDA,2023-10-03,Approved by IDA,800000,Unsanctioned
MPLADS-037687,SH L Murugan,Rajya Sabha,Madhya Pradesh,Sitting Rajya Sabha,,,JAMAI,Khamkheda Ryt.,Normal/Others,NA - Construction of boundary walls of existing public and community buildings,DISTRICT COLLECTOR CHHINDWARA_IDA,2023-10-03,Action Pending,1000000,Unsanctioned
MPLADS-037688,SH L Murugan,Rajya Sabha,Madhya Pradesh,Sitting Rajya Sabha,,,JAMAI,Batri,Normal/Others,WS/MP104/2023-2024/30903 - Construction of culverts and bridges,DISTRICT COLLECTOR CHHINDWARA_IDA,2023-10-03,Approved by IDA,1000000,Sanctioned
MPLADS-037689,SH L Murugan,Rajya Sabha,Madhya Pradesh,Sitting Rajya Sabha,,,JAMAI,Keolari,Normal/Others,NA - Construction of culverts and bridges,DISTRICT COLLECTOR CHHINDWARA_IDA,2023-10-03,Action Pending,800000,Unsanctioned
MPLADS-037704,SH L Murugan,Rajya Sabha,Madhya Pradesh,Sitting Rajya Sabha,,,TAMIA,Khanchari,Repair and Renovation,"NA - Construction of roads, link roads, pathways or any other road with or without drainage system",DISTRICT COLLECTOR CHHINDWARA_IDA,2023-10-03,Action Pending,800000,Unsanctioned
MPLADS-037705,SH L Murugan,Rajya Sabha,Madhya Pradesh,Sitting Rajya Sabha,Chhindwara,17,,,Normal/Others,NA - Installation of multi-gym equipment,DISTRICT COLLECTOR CHHINDWARA_IDA,2023-10-03,Action Pending,60000,Unsanctioned
MPLADS-037706,SH L Murugan,Rajya Sabha,Madhya Pradesh,Sitting Rajya Sabha,Chhindwara,48,,,Normal/Others,NA - Construction of buildings for community cultural activities,DISTRICT COLLECTOR CHHINDWARA_IDA,2023-10-03,Action Pending,500000,Unsanctioned
MPLADS-037707,SH L Murugan,Rajya Sabha,Madhya Pradesh,Sitting Rajya Sabha,,,CHHINDWARA,Panjra,Normal/Others,NA - Construction of community centers and community halls,DISTRICT COLLECTOR CHHINDWARA_IDA,2023-10-03,Action Pending,1000000,Unsanctioned
MPLADS-037708,SH L Murugan,Rajya Sabha,Madhya Pradesh,Sitting Rajya Sabha,,,CHHINDWARA,Umariya Isra,Normal/Others,NA - Construction of buildings for community cultural activities,DISTRICT COLLECTOR CHHINDWARA_IDA,2023-10-03,Action Pending,100000,Unsanctioned
MPLADS-037709,SH L Murugan,Rajya Sabha,Madhya Pradesh,Sitting Rajya Sabha,,,CHHINDWARA,Ghat Parasiya,Normal/Others,NA - Construction of buildings for community cultural activities,DISTRICT COLLECTOR CHHINDWARA_IDA,2023-10-03,Action Pending,100000,Unsanctioned
MPLADS-037710,SH L Murugan,Rajya Sabha,Madhya Pradesh,Sitting Rajya Sabha,,,CHHINDWARA,Kakai,Normal/Others,NA - Construction of buildings for community cultural activities,DISTRICT COLLECTOR CHHINDWARA_IDA,2023-10-03,Action Pending,100000,Unsanctioned
MPLADS-037713,SH L Murugan,Rajya Sabha,Madhya Pradesh,Sitting Rajya Sabha,,,CHHINDWARA,Ner,Normal/Others,NA - Providing supply pipelines for drinking water,DISTRICT COLLECTOR CHHINDWARA_IDA,2023-10-03,Action Pending,100000,Unsanctioned
MPLADS-037745,SH L Murugan,Rajya Sabha,Madhya Pradesh,Sitting Rajya Sabha,,,CHHINDWARA,Seoni Megha,Normal/Others,NA - Construction of buildings for community cultural activities,DISTRICT COLLECTOR CHHINDWARA_IDA,2023-10-03,Action Pending,100000,Unsanctioned
MPLADS-037746,SH L Murugan,Rajya Sabha,Madhya Pradesh,Sitting Rajya Sabha,,,CHHINDWARA,Ramgadi,Normal/Others,NA - Construction of buildings for community cultural activities,DISTRICT COLLECTOR CHHINDWARA_IDA,2023-10-03,Action Pending,100000,Unsanctioned
MPLADS-037749,SH L Murugan,Rajya Sabha,Madhya Pradesh,Sitting Rajya Sabha,,,CHHINDWARA,Bhaisadand,Normal/Others,NA - Installation of multi-gym equipment,DISTRICT COLLECTOR CHHINDWARA_IDA,2023-10-03,Action Pending,200000,Unsanctioned
MPLADS-037750,SH L Murugan,Rajya Sabha,Madhya Pradesh,Sitting Rajya Sabha,,,CHHINDWARA,Gangiwada,Normal/Others,NA - Providing drains and gutters for public drainage,DISTRICT COLLECTOR CHHINDWARA_IDA,2023-10-03,Action Pending,500000,Unsanctioned
MPLADS-037751,SH L Murugan,Rajya Sabha,Madhya Pradesh,Sitting Rajya Sabha,Chhindwara,Near by Sant Gadge ji Maharaj Mandir,,,Normal/Others,NA - Construction of community centers and community halls,DISTRICT COLLECTOR CHHINDWARA_IDA,2023-10-03,Action Pending,500000,Unsanctioned
MPLADS-037752,SH L Murugan,Rajya Sabha,Madhya Pradesh,Sitting Rajya Sabha,Chhindwara,24,,,Normal/Others,NA - Construction of community centers and community halls,DISTRICT COLLECTOR CHHINDWARA_IDA,2023-10-03,Action Pending,1000000,Unsanctioned
MPLADS-037753,SH L Murugan,Rajya Sabha,Madhya Pradesh,Sitting Rajya Sabha,Chhindwara,47,,,Normal/Others,NA - Construction of community centers and community halls,DISTRICT COLLECTOR CHHINDWARA_IDA,2023-10-03,Action Pending,500000,Unsanctioned
MPLADS-037754,SH L Murugan,Rajya Sabha,Madhya Pradesh,Sitting Rajya Sabha,Chhindwara,10,,,Normal/Others,NA - Construction of buildings for community cultural activities,DISTRICT COLLECTOR CHHINDWARA_IDA,2023-10-03,Action Pending,1000000,Unsanctioned
MPLADS-037755,SH L Murugan,Rajya Sabha,Madhya Pradesh,Sitting Rajya Sabha,Chhindwara,Near by Sankat Mochan Mandir,,,Normal/Others,NA - Construction of buildings for community cultural activities,DISTRICT COLLECTOR CHHINDWARA_IDA,2023-10-03,Action Pending,500000,Unsanctioned
MPLADS-037756,SH L Murugan,Rajya Sabha,Madhya Pradesh,Sitting Rajya Sabha,Chhindwara,Bramha Samaj,,,Normal/Others,NA - Construction of buildings for community cultural activities,DISTRICT COLLECTOR CHHINDWARA_IDA,2023-10-03,Action Pending,500000,Unsanctioned
MPLADS-037757,SH L Murugan,Rajya Sabha,Madhya Pradesh,Sitting Rajya Sabha,Chhindwara,35,,,Normal/Others,NA - Construction of boundary walls of existing public and community buildings,DISTRICT COLLECTOR CHHINDWARA_IDA,2023-10-03,Action Pending,500000,Unsanctioned
MPLADS-037761,SH L Murugan,Rajya Sabha,Madhya Pradesh,Sitting Rajya Sabha,,,CHHINDWARA,Navegaon,Normal/Others,NA - Construction of buildings for community cultural activities,DISTRICT COLLECTOR CHHINDWARA_IDA,2023-10-03,Action Pending,100000,Unsanctioned
MPLADS-037762,SH L Murugan,Rajya Sabha,Madhya Pradesh,Sitting Rajya Sabha,,,CHHINDWARA,Rangin Khapa,Normal/Others,NA - Construction of buildings for community cultural activities,DISTRICT COLLECTOR CHHINDWARA_IDA,2023-10-03,Action Pending,100000,Unsanctioned
MPLADS-037764,SH L Murugan,Rajya Sabha,Madhya Pradesh,Sitting Rajya Sabha,Chhindwara,Near by Chota Talab,,,Normal/Others,NA - Construction of buildings for community cultural activities,DISTRICT COLLECTOR CHHINDWARA_IDA,2023-10-03,Action Pending,1000000,Unsanctioned
MPLADS-037771,SH L Murugan,Rajya Sabha,Madhya Pradesh,Sitting Rajya Sabha,,,CHHINDWARA,Kheri Bhutai,Normal/Others,NA - Construction of buildings for community cultural activities,DISTRICT COLLECTOR CHHINDWARA_IDA,2023-10-03,Action Pending,100000,Unsanctioned
MPLADS-037772,SH L Murugan,Rajya Sabha,Madhya Pradesh,Sitting Rajya Sabha,,,CHHINDWARA,Thawari Teka,Normal/Others,NA - Construction of buildings for community cultural activities,DISTRICT COLLECTOR CHHINDWARA_IDA,2023-10-03,Action Pending,100000,Unsanctioned
MPLADS-037774,SH L Murugan,Rajya Sabha,Madhya Pradesh,Sitting Rajya Sabha,,,CHHINDWARA,Jamuniya,Normal/Others,NA - Construction of buildings for community cultural activities,DISTRICT COLLECTOR CHHINDWARA_IDA,2023-10-03,Action Pending,100000,Unsanctioned
MPLADS-037775,SH L Murugan,Rajya Sabha,Madhya Pradesh,Sitting Rajya Sabha,,,CHHINDWARA,Bhutera,Normal/Others,"NA - Construction of roads, approach roads, link roads and pathways",DISTRICT COLLECTOR CHHINDWARA_IDA,2023-10-03,Action Pending,100000,Unsanctioned
MPLADS-037776,SH L Murugan,Rajya Sabha,Madhya Pradesh,Sitting Rajya Sabha,,,CHHINDWARA,Mohgaon,Normal/Others,NA - Construction of buildings for community cultural activities,DISTRICT COLLECTOR CHHINDWARA_IDA,2023-10-03,Action Pending,100000,Unsanctioned
MPLADS-037777,SH L Murugan,Rajya Sabha,Madhya Pradesh,Sitting Rajya Sabha,,,CHHINDWARA,Kacharia,Normal/Others,NA - Construction of buildings for community cultural activities,DISTRICT COLLECTOR CHHINDWARA_IDA,2023-10-03,Action Pending,100000,Unsanctioned
MPLADS-037778,SH L Murugan,Rajya Sabha,Madhya Pradesh,Sitting Rajya Sabha,,,CHHINDWARA,Kacharia,Normal/Others,NA - Construction of buildings for community cultural activities,DISTRICT COLLECTOR CHHINDWARA_IDA,2023-10-03,Action Pending,100000,Unsanctioned
MPLADS-037779,SH L Murugan,Rajya Sabha,Madhya Pradesh,Sitting Rajya Sabha,,,CHHINDWARA,Chanhia Kalan,Normal/Others,NA - Construction of community centers and community halls,DISTRICT COLLECTOR CHHINDWARA_IDA,2023-10-03,Action Pending,1000000,Unsanctioned
MPLADS-037780,SH L Murugan,Rajya Sabha,Madhya Pradesh,Sitting Rajya Sabha,Chhindwara,38,,,Normal/Others,NA - Construction of buildings for community cultural activities,DISTRICT COLLECTOR CHHINDWARA_IDA,2023-10-03,Action Pending,200000,Unsanctioned
MPLADS-037781,SH L Murugan,Rajya Sabha,Madhya Pradesh,Sitting Rajya Sabha,,,CHHINDWARA,Loniya Maru,Normal/Others,NA - Construction of buildings for community cultural activities,DISTRICT COLLECTOR CHHINDWARA_IDA,2023-10-03,Action Pending,100000,Unsanctioned
MPLADS-037782,SH L Murugan,Rajya Sabha,Madhya Pradesh,Sitting Rajya Sabha,,,CHHINDWARA,Bhanadai,Normal/Others,NA - Construction of community centers and community halls,DISTRICT COLLECTOR CHHINDWARA_IDA,2023-10-03,Action Pending,1500000,Unsanctioned
MPLADS-037783,SH L Murugan,Rajya Sabha,Madhya Pradesh,Sitting Rajya Sabha,,,CHHINDWARA,Chargaon Pehlad,Normal/Others,"NA - Retrofitting, preservation or conservation of heritage and archaeological monuments and buildings",DISTRICT COLLECTOR CHHINDWARA_IDA,2023-10-03,Action Pending,100000,Unsanctioned
MPLADS-037784,SH L Murugan,Rajya Sabha,Madhya Pradesh,Sitting Rajya Sabha,,,CHHINDWARA,Bamhni,Normal/Others,NA - Construction of buildings for community cultural activities,DISTRICT COLLECTOR CHHINDWARA_IDA,2023-10-03,Action Pending,100000,Unsanctioned
MPLADS-037785,SH L Murugan,Rajya Sabha,Madhya Pradesh,Sitting Rajya Sabha,,,CHHINDWARA,Kaparwadi,Normal/Others,NA - Construction of buildings for community cultural activities,DISTRICT COLLECTOR CHHINDWARA_IDA,2023-10-03,Action Pending,100000,Unsanctioned
MPLADS-037786,SH L Murugan,Rajya Sabha,Madhya Pradesh,Sitting Rajya Sabha,,,CHHINDWARA,Kaparwadi,Normal/Others,NA - Construction of buildings for community cultural activities,DISTRICT COLLECTOR CHHINDWARA_IDA,2023-10-03,Action Pending,100000,Unsanctioned
MPLADS-037787,SH L Murugan,Rajya Sabha,Madhya Pradesh,Sitting Rajya Sabha,,,CHHINDWARA,Karaghat,Normal/Others,NA - Construction of buildings for community cultural activities,DISTRICT COLLECTOR CHHINDWARA_IDA,2023-10-03,Action Pending,100000,Unsanctioned
MPLADS-037788,SH L Murugan,Rajya Sabha,Madhya Pradesh,Sitting Rajya Sabha,,,CHHINDWARA,Kheri Bhutai,Normal/Others,NA - Construction of buildings for community cultural activities,DISTRICT COLLECTOR CHHINDWARA_IDA,2023-10-03,Action Pending,100000,Unsanctioned
MPLADS-037789,SH L Murugan,Rajya Sabha,Madhya Pradesh,Sitting Rajya Sabha,,,CHHINDWARA,Jhajhariya Urf.Khutiya,Normal/Others,NA - Construction of buildings for community cultural activities,DISTRICT COLLECTOR CHHINDWARA_IDA,2023-10-03,Action Pending,100000,Unsanctioned
MPLADS-037790,SH L Murugan,Rajya Sabha,Madhya Pradesh,Sitting Rajya Sabha,,,CHHINDWARA,Pakhadiya,Normal/Others,NA - Construction of buildings for community cultural activities,DISTRICT COLLECTOR CHHINDWARA_IDA,2023-10-03,Action Pending,100000,Unsanctioned
MPLADS-037791,SH L Murugan,Rajya Sabha,Madhya Pradesh,Sitting Rajya Sabha,,,CHHINDWARA,Sarna,Normal/Others,NA - Construction of buildings for community cultural activities,DISTRICT COLLECTOR CHHINDWARA_IDA,2023-10-03,Action Pending,100000,Unsanctioned
MPLADS-037792,SH L Murugan,Rajya Sabha,Madhya Pradesh,Sitting Rajya Sabha,,,CHHINDWARA,Lakdai Jamhodi,Normal/Others,NA - Construction of buildings for community cultural activities,DISTRICT COLLECTOR CHHINDWARA_IDA,2023-10-03,Action Pending,100000,Unsanctioned
MPLADS-037793,SH L Murugan,Rajya Sabha,Madhya Pradesh,Sitting Rajya Sabha,,,CHHINDWARA,Sihora,Normal/Others,NA - Construction of buildings for community cultural activities,DISTRICT COLLECTOR CHHINDWARA_IDA,2023-10-03,Action Pending,100000,Unsanctioned
MPLADS-037794,SH L Murugan,Rajya Sabha,Madhya Pradesh,Sitting Rajya Sabha,,,CHHINDWARA,Rohana Khurd,Normal/Others,NA - Construction of buildings for community cultural activities,DISTRICT COLLECTOR CHHINDWARA_IDA,2023-10-03,Action Pending,100000,Unsanctioned
MPLADS-037795,SH L Murugan,Rajya Sabha,Madhya Pradesh,Sitting Rajya Sabha,,,CHHINDWARA,Pindrai Kalan,Normal/Others,NA - Construction of buildings for community cultural activities,DISTRICT COLLECTOR CHHINDWARA_IDA,2023-10-03,Action Pending,100000,Unsanctioned
MPLADS-037796,SH L Murugan,Rajya Sabha,Madhya Pradesh,Sitting Rajya Sabha,Chhindwara,4,,,Normal/Others,"NA - Construction of roads, link roads, pathways or any other road with or without drainage system",DISTRICT COLLECTOR CHHINDWARA_IDA,2023-10-03,Action Pending,100000,Unsanctioned
MPLADS-037797,SH L Murugan,Rajya Sabha,Madhya Pradesh,Sitting Rajya Sabha,,,CHHINDWARA,Seoni Megha,Normal/Others,NA - Construction of community centers and community halls,DISTRICT COLLECTOR CHHINDWARA_IDA,2023-10-03,Action Pending,1500000,Unsanctioned
MPLADS-037798,SH L Murugan,Rajya Sabha,Madhya Pradesh,Sitting Rajya Sabha,Chhindwara,Nagar Nigam,,,Normal/Others,"NA - Retrofitting, preservation or conservation of heritage and archaeological monuments and buildings",DISTRICT COLLECTOR CHHINDWARA_IDA,2023-10-03,Action Pending,100000,Unsanctioned
MPLADS-037799,SH L Murugan,Rajya Sabha,Madhya Pradesh,Sitting Rajya Sabha,Chhindwara,Shiv Nagar,,,Normal/Others,NA - Construction of rooms and halls in school and colleges,DISTRICT COLLECTOR CHHINDWARA_IDA,2023-10-03,Action Pending,1000000,Unsanctioned
MPLADS-037800,SH L Murugan,Rajya Sabha,Madhya Pradesh,Sitting Rajya Sabha,Chhindwara,45,,,Normal/Others,"NA - Construction of roads, link roads, pathways or any other road with or without drainage system",DISTRICT COLLECTOR CHHINDWARA_IDA,2023-10-03,Action Pending,750000,Unsanctioned
MPLADS-037801,SH L Murugan,Rajya Sabha,Madhya Pradesh,Sitting Rajya Sabha,Chhindwara,Anand Deshwar Dham,,,Normal/Others,"NA - Construction of roads, link roads, pathways or any other road with or without drainage system",DISTRICT COLLECTOR CHHINDWARA_IDA,2023-10-03,Action Pending,100000,Unsanctioned
MPLADS-037802,SH L Murugan,Rajya Sabha,Madhya Pradesh,Sitting Rajya Sabha,Chhindwara,Shiv Shakti Dham,,,Normal/Others,"NA - Construction of roads, link roads, pathways or any other road with or without drainage system",DISTRICT COLLECTOR CHHINDWARA_IDA,2023-10-03,Action Pending,100000,Unsanctioned
MPLADS-037803,SH L Murugan,Rajya Sabha,Madhya Pradesh,Sitting Rajya Sabha,Chhindwara,Nandan Vihar Colony,,,Normal/Others,"NA - Construction of roads, link roads, pathways or any other road with or without drainage system",DISTRICT COLLECTOR CHHINDWARA_IDA,2023-10-03,Action Pending,100000,Unsanctioned
MPLADS-037804,SH L Murugan,Rajya Sabha,Madhya Pradesh,Sitting Rajya Sabha,Chhindwara,31,,,Normal/Others,"NA - Construction of roads, link roads, pathways or any other road with or without drainage system",DISTRICT COLLECTOR CHHINDWARA_IDA,2023-10-03,Action Pending,100000,Unsanctioned
MPLADS-037805,SH L Murugan,Rajya Sabha,Madhya Pradesh,Sitting Rajya Sabha,Chhindwara,Saraswada,,,Normal/Others,"NA - Construction of roads, link roads, pathways or any other road with or without drainage system",DISTRICT COLLECTOR CHHINDWARA_IDA,2023-10-03,Action Pending,500000,Unsanctioned
MPLADS-037806,SH L Murugan,Rajya Sabha,Madhya Pradesh,Sitting Rajya Sabha,,,CHHINDWARA,Malhanwada,Normal/Others,NA - Construction of buildings for community cultural activities,DISTRICT COLLECTOR CHHINDWARA_IDA,2023-10-03,Action Pending,100000,Unsanctioned
MPLADS-037807,SH L Murugan,Rajya Sabha,Madhya Pradesh,Sitting Rajya Sabha,,,CHHINDWARA,Jamuniya,Normal/Others,WS/MP104/2023-2024/30979 - Construction of buildings for community cultural activities,DISTRICT COLLECTOR CHHINDWARA_IDA,2023-10-03,Approved by IDA,200000,Sanctioned
MPLADS-037808,SH L Murugan,Rajya Sabha,Madhya Pradesh,Sitting Rajya Sabha,Chhindwara,48,,,Normal/Others,NA - Providing drains and gutters for public drainage,DISTRICT COLLECTOR CHHINDWARA_IDA,2023-10-03,Action Pending,1000000,Unsanctioned
MPLADS-037809,SH L Murugan,Rajya Sabha,Madhya Pradesh,Sitting Rajya Sabha,Chhindwara,1,,,Normal/Others,NA - Construction of buildings for community cultural activities,DISTRICT COLLECTOR CHHINDWARA_IDA,2023-10-03,Action Pending,200000,Unsanctioned
MPLADS-037810,SH L Murugan,Rajya Sabha,Madhya Pradesh,Sitting Rajya Sabha,Chhindwara,Lonare Kunbi Samaj,,,Normal/Others,NA - Construction of buildings for community cultural activities,DISTRICT COLLECTOR CHHINDWARA_IDA,2023-10-03,Action Pending,500000,Unsanctioned
MPLADS-037811,SH L Murugan,Rajya Sabha,Madhya Pradesh,Sitting Rajya Sabha,Chhindwara,34,,,Normal/Others,NA - Providing drains and gutters for public drainage,DISTRICT COLLECTOR CHHINDWARA_IDA,2023-10-03,Action Pending,500000,Unsanctioned
MPLADS-037812,SH L Murugan,Rajya Sabha,Madhya Pradesh,Sitting Rajya Sabha,Chhindwara,32,,,Normal/Others,"NA - Retrofitting, preservation or conservation of heritage and archaeological monuments and buildings",DISTRICT COLLECTOR CHHINDWARA_IDA,2023-10-03,Action Pending,300000,Unsanctioned
MPLADS-037863,SH L Murugan,Rajya Sabha,Madhya Pradesh,Sitting Rajya Sabha,,,MORENA,Aiti,Normal/Others,NA - Construction of public toilets and bathrooms,DISTRICT COLLECTOR MORENA_IDA,2023-10-03,Action Pending,2440000,Unsanctioned
MPLADS-037864,SH L Murugan,Rajya Sabha,Madhya Pradesh,Sitting Rajya Sabha,,,MORENA,Aiti,Normal/Others,NA - Street lights,DISTRICT COLLECTOR MORENA_IDA,2023-10-03,Action Pending,950000,Unsanctioned
MPLADS-037865,Shri Rajmani Patel,Rajya Sabha,Madhya Pradesh,Sitting Rajya Sabha,Bhopal,ward number 53,,,Normal/Others,NA - Construction of common work sheds/ common covered sitting area,DISTRICT COLLECTOR BHOPAL_IDA,2023-10-03,Action Pending,50000,Unsanctioned
MPLADS-037866,SH L Murugan,Rajya Sabha,Madhya Pradesh,Sitting Rajya Sabha,,,CHAURAI,Bichhua,Normal/Others,NA - Construction of community centers and community halls,DISTRICT COLLECTOR CHHINDWARA_IDA,2023-10-03,Action Pending,1000000,Unsanctioned
MPLADS-037867,SH L Murugan,Rajya Sabha,Madhya Pradesh,Sitting Rajya Sabha,,,CHAURAI,Hiwarkhedi,Normal/Others,NA - Construction of boundary walls of existing public and community buildings,DISTRICT COLLECTOR CHHINDWARA_IDA,2023-10-03,Action Pending,1000000,Unsanctioned
MPLADS-037880,SH L Murugan,Rajya Sabha,Madhya Pradesh,Sitting Rajya Sabha,,,CHAURAI,Pipariya Mansingh,Normal/Others,WS/MP104/2023-2024/30898 - Construction of community centers and community halls,DISTRICT COLLECTOR CHHINDWARA_IDA,2023-10-03,Approved by IDA,1000000,Unsanctioned
MPLADS-037890,SH L Murugan,Rajya Sabha,Madhya Pradesh,Sitting Rajya Sabha,,,CHAURAI,Bijhawara,Normal/Others,WS/MP104/2023-2024/30897 - Construction of community centers and community halls,DISTRICT COLLECTOR CHHINDWARA_IDA,2023-10-03,Approved by IDA,1000000,Unsanctioned
MPLADS-038059,Dr . Sumer Singh Solanki,Rajya Sabha,Madhya Pradesh,Sitting Rajya Sabha,,,GOGAWAN,Bid,Normal/Others,NA - Construction of additional rooms and halls in the existing public and community building,DISTRICT COLLECTOR KHARGONE_IDA,2023-10-02,Action Pending,2000000,Unsanctioned
MPLADS-038070,Ramakant Bhargava,Lok Sabha,Madhya Pradesh,VIDISHA,,,BUDNI,Baneta,Normal/Others,"WS/MP649/2023-2024/30248 - Construction of roads, approach roads, link roads and pathways",DISTRICT COLLECTOR SEHORE_IDA,2023-10-02,Approved by IDA,200000,Sanctioned
MPLADS-038072,Janardan Mishra,Lok Sabha,Madhya Pradesh,REWA,Rewa,17,,,Normal/Others,NA - Setting up of kitchen and pantries,DISTRICT COLLECTOR REWA_IDA,2023-10-02,Action Pending,500000,Unsanctioned
MPLADS-038073,Nakul K Nath,Lok Sabha,Madhya Pradesh,CHHINDWARA,Sausar,ward No. 14,,,Normal/Others,NA - Construction of community centers and community halls,DISTRICT COLLECTOR CHHINDWARA_IDA,2023-10-02,Action Pending,500000,Unsanctioned
MPLADS-038074,Nakul K Nath,Lok Sabha,Madhya Pradesh,CHHINDWARA,Mohgaon,ward No. 1,,,Normal/Others,NA - Construction of buildings for community cultural activities,DISTRICT COLLECTOR CHHINDWARA_IDA,2023-10-02,Action Pending,100000,Unsanctioned
MPLADS-038075,Nakul K Nath,Lok Sabha,Madhya Pradesh,CHHINDWARA,Mohgaon,Mohgaon,,,Normal/Others,WS/MP442/2023-2024/30043 - Construction of buildings for community cultural activities,DISTRICT COLLECTOR CHHINDWARA_IDA,2023-10-02,Approved by IDA,100000,Unsanctioned
MPLADS-038076,Nakul K Nath,Lok Sabha,Madhya Pradesh,CHHINDWARA,Pipla narayanwar,Ward No. 4,,,Normal/Others,NA - Construction of community centers and community halls,DISTRICT COLLECTOR CHHINDWARA_IDA,2023-10-02,Action Pending,200000,Unsanctioned
MPLADS-038085,Uday Pratap Singh,Lok Sabha,Madhya Pradesh,HOSHANGABAD,,,KARELI,Bikor,Normal/Others,WS/MP651/2023-2024/30253 - Construction of common work sheds/ common covered sitting area,DISTRICT COLLECTOR NARSINGHPUR_IDA,2023-10-02,Approved by IDA,50000,Completed
MPLADS-038088,Ramakant Bhargava,Lok Sabha,Madhya Pradesh,VIDISHA,,,SANCHI,Sewasani,Normal/Others,"WS/MP649/2023-2024/30330 - Construction of roads, link roads, pathways or any other road with or without drainage system",DISTRICT COLLECTOR RAISEN_IDA,2023-10-02,Approved by IDA,400000,Sanctioned
MPLADS-038089,Nakul K Nath,Lok Sabha,Madhya Pradesh,CHHINDWARA,,,MOHKHED,Sarora,Normal/Others,WS/MP442/2023-2024/30320 - Construction of additional rooms and halls in the existing public and community building,DISTRICT COLLECTOR CHHINDWARA_IDA,2023-10-02,Approved by IDA,100000,Sanctioned
MPLADS-038090,Uday Pratap Singh,Lok Sabha,Madhya Pradesh,HOSHANGABAD,,,KARELI,Nayakheda,Normal/Others,WS/MP651/2023-2024/30295 - Construction of culverts and bridges,DISTRICT COLLECTOR NARSINGHPUR_IDA,2023-10-02,Approved by IDA,200000,Sanctioned
MPLADS-038091,Ramakant Bhargava,Lok Sabha,Madhya Pradesh,VIDISHA,,,BUDNI,Jahanpur,Normal/Others,WS/MP649/2023-2024/30252 - Setting up of kitchen and pantries,DISTRICT COLLECTOR SEHORE_IDA,2023-10-02,Approved by IDA,200000,Sanctioned
MPLADS-038092,Ramakant Bhargava,Lok Sabha,Madhya Pradesh,VIDISHA,,,BUDNI,Saidganj,Normal/Others,WS/MP649/2023-2024/30251 - Development of public parks,DISTRICT COLLECTOR SEHORE_IDA,2023-10-02,Approved by IDA,200000,Sanctioned
MPLADS-038093,Ramakant Bhargava,Lok Sabha,Madhya Pradesh,VIDISHA,,,BUDNI,Paraswada,Normal/Others,WS/MP649/2023-2024/30250 - Providing drains and gutters for public drainage,DISTRICT COLLECTOR SEHORE_IDA,2023-10-02,Approved by IDA,200000,Sanctioned
MPLADS-038094,Uday Pratap Singh,Lok Sabha,Madhya Pradesh,HOSHANGABAD,Gadarwara,WARD no. 04,,,Normal/Others,NA - Providing drains and gutters for public drainage,DISTRICT COLLECTOR NARSINGHPUR_IDA,2023-10-02,Action Pending,250000,Unsanctioned
MPLADS-038095,Uday Pratap Singh,Lok Sabha,Madhya Pradesh,HOSHANGABAD,Narsimhapur,GAYADATT WARD,,,Normal/Others,NA - Construction of community centers and community halls,DISTRICT COLLECTOR NARSINGHPUR_IDA,2023-10-02,Action Pending,500000,Unsanctioned
MPLADS-038096,Uday Pratap Singh,Lok Sabha,Madhya Pradesh,HOSHANGABAD,Narsimhapur,NARSINGHPUR,,,Normal/Others,"NA - Construction of roads, approach roads, link roads and pathways",DISTRICT COLLECTOR NARSINGHPUR_IDA,2023-10-02,Action Pending,200000,Unsanctioned
MPLADS-038113,Faggan Singh Kulaste,Lok Sabha,Madhya Pradesh,MANDLA(ST),Gotegaon,hardaul ward,,,Normal/Others,"NA - Construction of roads, approach roads, link roads and pathways",DISTRICT COLLECTOR NARSINGHPUR_IDA,2023-10-02,Action Pending,150000,Unsanctioned
MPLADS-038124,Ramakant Bhargava,Lok Sabha,Madhya Pradesh,VIDISHA,Shahganj,12,,,Normal/Others,NA - Construction of boundary walls of existing public and community buildings,DISTRICT COLLECTOR SEHORE_IDA,2023-10-02,Rejected by IDA,1080000,Unsanctioned
MPLADS-038125,Ramakant Bhargava,Lok Sabha,Madhya Pradesh,VIDISHA,Badi,01,,,Normal/Others,NA - Setting up of kitchen and pantries,DISTRICT COLLECTOR RAISEN_IDA,2023-10-02,Action Pending,1000000,Unsanctioned
MPLADS-038126,Uday Pratap Singh,Lok Sabha,Madhya Pradesh,HOSHANGABAD,Narsimhapur,narsimhapur,,,Normal/Others,WS/MP651/2023-2024/30314 - Setting up of community effluent treatment plants,DISTRICT COLLECTOR NARSINGHPUR_IDA,2023-10-02,Approved by IDA,100000,
MPLADS-038127,Uday Pratap Singh,Lok Sabha,Madhya Pradesh,HOSHANGABAD,Narsimhapur,NARSINGHPUR,,,Normal/Others,NA - Construction of rooms and halls in school and colleges,DISTRICT COLLECTOR NARSINGHPUR_IDA,2023-10-02,Action Pending,200000,Unsanctioned
MPLADS-038128,Ramakant Bhargava,Lok Sabha,Madhya Pradesh,VIDISHA,,,BUDNI,Akola,Normal/Others,WS/MP649/2023-2024/30249 - Construction of common work sheds/ common covered sitting area,DISTRICT COLLECTOR SEHORE_IDA,2023-10-02,Approved by IDA,200000,Sanctioned
MPLADS-038129,Ramakant Bhargava,Lok Sabha,Madhya Pradesh,VIDISHA,,,BUDNI,Sudon,Normal/Others,WS/MP649/2023-2024/30247 - Construction of common work sheds/ common covered sitting area,DISTRICT COLLECTOR SEHORE_IDA,2023-10-02,Approved by IDA,200000,Sanctioned
MPLADS-038139,Ramakant Bhargava,Lok Sabha,Madhya Pradesh,VIDISHA,,,BUDNI,Neemtone,Normal/Others,"WS/MP649/2023-2024/30246 - Construction of roads, approach roads, link roads and pathways",DISTRICT COLLECTOR SEHORE_IDA,2023-10-02,Approved by IDA,200000,Sanctioned
MPLADS-038145,Ramakant Bhargava,Lok Sabha,Madhya Pradesh,VIDISHA,,,NASRULLAGANJ,Khatya Khedi,Normal/Others,WS/MP649/2023-2024/29980 - Construction of boundary walls of existing public and community buildings,DISTRICT COLLECTOR SEHORE_IDA,2023-10-02,Approved by IDA,200000,Sanctioned
MPLADS-038146,Dr . Sumer Singh Solanki,Rajya Sabha,Madhya Pradesh,Sitting Rajya Sabha,,,THIKRI,Rangaondeb,Normal/Others,"NA - Construction of roads, approach roads, link roads and pathways",DISTRICT COLLECTOR BADWANI_IDA,2023-10-02,Action Pending,300000,Unsanctioned
MPLADS-038147,Dr . Sumer Singh Solanki,Rajya Sabha,Madhya Pradesh,Sitting Rajya Sabha,,,PATI,Dhamariya,Normal/Others,NA - Construction of culverts and bridges,DISTRICT COLLECTOR BADWANI_IDA,2023-10-02,Action Pending,1498000,Unsanctioned
MPLADS-038148,Dr . Sumer Singh Solanki,Rajya Sabha,Madhya Pradesh,Sitting Rajya Sabha,,,BARWANI,Rehgun,Normal/Others,NA - Construction of culverts and bridges,DISTRICT COLLECTOR BADWANI_IDA,2023-10-02,Action Pending,1499000,Unsanctioned
MPLADS-038149,Dr . Sumer Singh Solanki,Rajya Sabha,Madhya Pradesh,Sitting Rajya Sabha,,,KASRAWAD,Bhatyan Bujurg,Normal/Others,NA - Construction of community centers and community halls,DISTRICT COLLECTOR KHARGONE_IDA,2023-10-02,Action Pending,1500000,Unsanctioned
MPLADS-038150,Dr . Sumer Singh Solanki,Rajya Sabha,Madhya Pradesh,Sitting Rajya Sabha,,,RAJPUR,Sawarda,Normal/Others,NA - Improvement of electricity distribution infrastructure,DISTRICT COLLECTOR BADWANI_IDA,2023-10-02,Action Pending,287000,Unsanctioned
MPLADS-038151,Dr . Sumer Singh Solanki,Rajya Sabha,Madhya Pradesh,Sitting Rajya Sabha,,,RAJPUR,Matli,Normal/Others,NA - Improvement of electricity distribution infrastructure,DISTRICT COLLECTOR BADWANI_IDA,2023-10-02,Action Pending,254000,Unsanctioned
MPLADS-038152,Dr . Sumer Singh Solanki,Rajya Sabha,Madhya Pradesh,Sitting Rajya Sabha,,,RAJPUR,Revja,Normal/Others,NA - Improvement of electricity distribution infrastructure,DISTRICT COLLECTOR BADWANI_IDA,2023-10-02,Action Pending,319000,Unsanctioned
MPLADS-038153,Dr . Sumer Singh Solanki,Rajya Sabha,Madhya Pradesh,Sitting Rajya Sabha,,,RAJPUR,Revja,Normal/Others,NA - Improvement of electricity distribution infrastructure,DISTRICT COLLECTOR BADWANI_IDA,2023-10-02,Action Pending,342000,Unsanctioned
MPLADS-038154,Dr . Sumer Singh Solanki,Rajya Sabha,Madhya Pradesh,Sitting Rajya Sabha,,,RAJPUR,Ekalbara,Normal/Others,NA - Improvement of electricity distribution infrastructure,DISTRICT COLLECTOR BADWANI_IDA,2023-10-02,Action Pending,774000,Unsanctioned
MPLADS-038155,Dr . Sumer Singh Solanki,Rajya Sabha,Madhya Pradesh,Sitting Rajya Sabha,,,RAJPUR,Sidadi,Normal/Others,NA - Improvement of electricity distribution infrastructure,DISTRICT COLLECTOR BADWANI_IDA,2023-10-02,Action Pending,916000,Unsanctioned
MPLADS-038156,Dr . Sumer Singh Solanki,Rajya Sabha,Madhya Pradesh,Sitting Rajya Sabha,,,BUDNI,Bagwada,Normal/Others,NA - Construction of boundary walls of existing public and community buildings,DISTRICT COLLECTOR SEHORE_IDA,2023-10-02,Action Pending,2500000,Unsanctioned
MPLADS-038157,Dr . Sumer Singh Solanki,Rajya Sabha,Madhya Pradesh,Sitting Rajya Sabha,,,BARWANI,Hirkaray,Normal/Others,NA - Construction of culverts and bridges,DISTRICT COLLECTOR BADWANI_IDA,2023-10-02,Action Pending,1200000,Unsanctioned
MPLADS-038158,Dr . Sumer Singh Solanki,Rajya Sabha,Madhya Pradesh,Sitting Rajya Sabha,,,BADNAWAR,Panchakwasa,Normal/Others,WS/MP010/2023-2024/29840 - Construction of community centers and community halls,DISTRICT COLLECTOR DHAR_IDA,2023-10-02,Approved by IDA,500000,Unsanctioned
MPLADS-038159,Dr . Sumer Singh Solanki,Rajya Sabha,Madhya Pradesh,Sitting Rajya Sabha,,,RAJPUR,Jodai,Normal/Others,NA - Improvement of electricity distribution infrastructure,DISTRICT COLLECTOR BADWANI_IDA,2023-10-02,Action Pending,765000,Unsanctioned
MPLADS-038160,Dr . Sumer Singh Solanki,Rajya Sabha,Madhya Pradesh,Sitting Rajya Sabha,,,RAJPUR,Jodai,Normal/Others,NA - Improvement of electricity distribution infrastructure,DISTRICT COLLECTOR BADWANI_IDA,2023-10-02,Action Pending,250000,Unsanctioned
MPLADS-038161,Dr . Sumer Singh Solanki,Rajya Sabha,Madhya Pradesh,Sitting Rajya Sabha,,,RAJPUR,Jodai,Normal/Others,NA - Improvement of electricity distribution infrastructure,DISTRICT COLLECTOR BADWANI_IDA,2023-10-02,Action Pending,319000,Unsanctioned
MPLADS-038162,Dr . Sumer Singh Solanki,Rajya Sabha,Madhya Pradesh,Sitting Rajya Sabha,,,MEGHNAGAR,Ghosaliya Bada,Normal/Others,NA - Construction of boundary walls of existing public and community buildings,DISTRICT COLLECTOR JHABUA_IDA,2023-10-02,Action Pending,1000000,Unsanctioned
MPLADS-038163,Ramakant Bhargava,Lok Sabha,Madhya Pradesh,VIDISHA,,,NASRULLAGANJ,Rithwar,Normal/Others,WS/MP649/2023-2024/29981 - Construction of boundary walls of existing public and community buildings,DISTRICT COLLECTOR SEHORE_IDA,2023-10-02,Approved by IDA,200000,Sanctioned
MPLADS-038164,Ramakant Bhargava,Lok Sabha,Madhya Pradesh,VIDISHA,,,NASRULLAGANJ,Satrana,Normal/Others,WS/MP649/2023-2024/29982 - Construction of toilet blocks,DISTRICT COLLECTOR SEHORE_IDA,2023-10-02,Approved by IDA,200000,Sanctioned
MPLADS-038165,Ramakant Bhargava,Lok Sabha,Madhya Pradesh,VIDISHA,,,NASRULLAGANJ,Mahagaon Jadeed,Normal/Others,WS/MP649/2023-2024/29983 - Construction of common work sheds/ common covered sitting area,DISTRICT COLLECTOR SEHORE_IDA,2023-10-02,Approved by IDA,200000,Sanctioned
MPLADS-038166,Ramakant Bhargava,Lok Sabha,Madhya Pradesh,VIDISHA,,,BUDNI,Baktra,Normal/Others,WS/MP649/2023-2024/30208 - Construction of toilet blocks,DISTRICT COLLECTOR SEHORE_IDA,2023-10-02,Approved by IDA,200000,Sanctioned
MPLADS-038167,Ramakant Bhargava,Lok Sabha,Madhya Pradesh,VIDISHA,,,BUDNI,Gwardiya,Normal/Others,"WS/MP649/2023-2024/30245 - Construction of roads, approach roads, link roads and pathways",DISTRICT COLLECTOR SEHORE_IDA,2023-10-02,Approved by IDA,200000,Sanctioned
MPLADS-038168,Ramakant Bhargava,Lok Sabha,Madhya Pradesh,VIDISHA,,,BUDNI,Pipaliya Kharra(Kheda),Normal/Others,WS/MP649/2023-2024/30244 - Construction of common work sheds/ common covered sitting area,DISTRICT COLLECTOR SEHORE_IDA,2023-10-02,Approved by IDA,200000,Sanctioned
MPLADS-038169,Ramakant Bhargava,Lok Sabha,Madhya Pradesh,VIDISHA,,,BUDNI,Hathnora,Normal/Others,"WS/MP649/2023-2024/30243 - Construction of roads, approach roads, link roads and pathways",DISTRICT COLLECTOR SEHORE_IDA,2023-10-02,Approved by IDA,200000,Sanctioned
MPLADS-038170,Uday Pratap Singh,Lok Sabha,Madhya Pradesh,HOSHANGABAD,,,KARELI,Suatala,Normal/Others,WS/MP651/2023-2024/30237 - Purchase of mobile water tankers,DISTRICT COLLECTOR NARSINGHPUR_IDA,2023-10-02,Approved by IDA,100000,Sanctioned
MPLADS-038171,Uday Pratap Singh,Lok Sabha,Madhya Pradesh,HOSHANGABAD,,,KARELI,Suatala,Normal/Others,WS/MP651/2023-2024/30225 - Construction of common work sheds/ common covered sitting area,DISTRICT COLLECTOR NARSINGHPUR_IDA,2023-10-02,Approved by IDA,50000,Sanctioned
MPLADS-038172,Ramakant Bhargava,Lok Sabha,Madhya Pradesh,VIDISHA,,,BUDNI,Sardar Nagar,Normal/Others,"WS/MP649/2023-2024/30217 - Construction of roads, approach roads, link roads and pathways",DISTRICT COLLECTOR SEHORE_IDA,2023-10-02,Approved by IDA,200000,Sanctioned
MPLADS-038173,Ramakant Bhargava,Lok Sabha,Madhya Pradesh,VIDISHA,,,BUDNI,Sankhedi,Normal/Others,WS/MP649/2023-2024/30216 - Construction of common work sheds/ common covered sitting area,DISTRICT COLLECTOR SEHORE_IDA,2023-10-02,Approved by IDA,200000,Sanctioned
MPLADS-038174,Ramakant Bhargava,Lok Sabha,Madhya Pradesh,VIDISHA,,,BUDNI,Murari,Normal/Others,WS/MP649/2023-2024/30215 - Providing drains and gutters for public drainage,DISTRICT COLLECTOR SEHORE_IDA,2023-10-02,Approved by IDA,200000,Sanctioned
MPLADS-038175,Ramakant Bhargava,Lok Sabha,Madhya Pradesh,VIDISHA,,,BUDNI,Satramau,Normal/Others,WS/MP649/2023-2024/30214 - Construction of common work sheds/ common covered sitting area,DISTRICT COLLECTOR SEHORE_IDA,2023-10-02,Approved by IDA,200000,Sanctioned
MPLADS-038176,Ramakant Bhargava,Lok Sabha,Madhya Pradesh,VIDISHA,,,BUDNI,Bineka,Normal/Others,WS/MP649/2023-2024/30213 - Construction of common work sheds/ common covered sitting area,DISTRICT COLLECTOR SEHORE_IDA,2023-10-02,Approved by IDA,200000,Sanctioned
MPLADS-038177,Ramakant Bhargava,Lok Sabha,Madhya Pradesh,VIDISHA,,,BUDNI,Nander,Normal/Others,WS/MP649/2023-2024/30212 - Providing drains and gutters for public drainage,DISTRICT COLLECTOR SEHORE_IDA,2023-10-02,Approved by IDA,200000,Sanctioned
MPLADS-038178,Ramakant Bhargava,Lok Sabha,Madhya Pradesh,VIDISHA,,,BUDNI,Khabada,Normal/Others,WS/MP649/2023-2024/30211 - Purchase of mobile water tankers,DISTRICT COLLECTOR SEHORE_IDA,2023-10-02,Approved by IDA,200000,Sanctioned
MPLADS-038179,Ramakant Bhargava,Lok Sabha,Madhya Pradesh,VIDISHA,,,BUDNI,Gadar,Normal/Others,WS/MP649/2023-2024/30210 - Construction of common work sheds/ common covered sitting area,DISTRICT COLLECTOR SEHORE_IDA,2023-10-02,Approved by IDA,200000,Sanctioned
MPLADS-038180,Ramakant Bhargava,Lok Sabha,Madhya Pradesh,VIDISHA,,,BUDNI,Chikli,Normal/Others,WS/MP649/2023-2024/30209 - Purchase of mobile water tankers,DISTRICT COLLECTOR SEHORE_IDA,2023-10-02,Approved by IDA,200000,Sanctioned
MPLADS-038181,Ramakant Bhargava,Lok Sabha,Madhya Pradesh,VIDISHA,,,BUDNI,Bamhori,Normal/Others,WS/MP649/2023-2024/30207 - Construction of boundary walls of existing public and community buildings,DISTRICT COLLECTOR SEHORE_IDA,2023-10-02,Approved by IDA,200000,Sanctioned
MPLADS-038182,Ramakant Bhargava,Lok Sabha,Madhya Pradesh,VIDISHA,,,NASRULLAGANJ,Chandpura,Normal/Others,WS/MP649/2023-2024/29985 - Construction of common work sheds/ common covered sitting area,DISTRICT COLLECTOR SEHORE_IDA,2023-10-02,Approved by IDA,200000,Sanctioned
MPLADS-038183,Ramakant Bhargava,Lok Sabha,Madhya Pradesh,VIDISHA,,,BUDNI,Thikri,Normal/Others,WS/MP649/2023-2024/30206 - Construction of common work sheds/ common covered sitting area,DISTRICT COLLECTOR SEHORE_IDA,2023-10-02,Approved by IDA,200000,Sanctioned
MPLADS-038184,Ramakant Bhargava,Lok Sabha,Madhya Pradesh,VIDISHA,,,BUDNI,Narayanpur,Normal/Others,WS/MP649/2023-2024/30205 - Construction of common work sheds/ common covered sitting area,DISTRICT COLLECTOR SEHORE_IDA,2023-10-02,Approved by IDA,200000,Sanctioned
MPLADS-038185,Ramakant Bhargava,Lok Sabha,Madhya Pradesh,VIDISHA,,,BUDNI,Jait,Normal/Others,WS/MP649/2023-2024/30204 - Providing drains and gutters for public drainage,DISTRICT COLLECTOR SEHORE_IDA,2023-10-02,Approved by IDA,200000,Sanctioned
MPLADS-038186,Ramakant Bhargava,Lok Sabha,Madhya Pradesh,VIDISHA,,,BUDNI,Hingnasir,Normal/Others,WS/MP649/2023-2024/30203 - Construction of common work sheds/ common covered sitting area,DISTRICT COLLECTOR SEHORE_IDA,2023-10-02,Approved by IDA,200000,Sanctioned
MPLADS-038187,Ramakant Bhargava,Lok Sabha,Madhya Pradesh,VIDISHA,,,NASRULLAGANJ,Amdoh,Normal/Others,WS/MP649/2023-2024/30086 - Purchase of mobile water tankers,DISTRICT COLLECTOR SEHORE_IDA,2023-10-02,Approved by IDA,200000,Sanctioned
MPLADS-038188,Ramakant Bhargava,Lok Sabha,Madhya Pradesh,VIDISHA,,,NASRULLAGANJ,Lawa Pani,Normal/Others,WS/MP649/2023-2024/30085 - Street lights,DISTRICT COLLECTOR SEHORE_IDA,2023-10-02,Approved by IDA,200000,Sanctioned
MPLADS-038189,Ramakant Bhargava,Lok Sabha,Madhya Pradesh,VIDISHA,,,NASRULLAGANJ,Jamonia Bazyaft,Normal/Others,WS/MP649/2023-2024/30084 - Construction of common work sheds/ common covered sitting area,DISTRICT COLLECTOR SEHORE_IDA,2023-10-02,Approved by IDA,200000,Sanctioned
MPLADS-038190,Ramakant Bhargava,Lok Sabha,Madhya Pradesh,VIDISHA,,,NASRULLAGANJ,Narela,Normal/Others,WS/MP649/2023-2024/30081 - Construction of common work sheds/ common covered sitting area,DISTRICT COLLECTOR SEHORE_IDA,2023-10-02,Approved by IDA,200000,Sanctioned
MPLADS-038191,Ramakant Bhargava,Lok Sabha,Madhya Pradesh,VIDISHA,,,NASRULLAGANJ,Khajuri,Normal/Others,WS/MP649/2023-2024/30079 - Construction of common work sheds/ common covered sitting area,DISTRICT COLLECTOR SEHORE_IDA,2023-10-02,Approved by IDA,200000,Sanctioned
MPLADS-038192,Ramakant Bhargava,Lok Sabha,Madhya Pradesh,VIDISHA,,,NASRULLAGANJ,Kotra Pipalya,Normal/Others,WS/MP649/2023-2024/30025 - Construction of common work sheds/ common covered sitting area,DISTRICT COLLECTOR SEHORE_IDA,2023-10-02,Approved by IDA,200000,Sanctioned
MPLADS-038193,Ramakant Bhargava,Lok Sabha,Madhya Pradesh,VIDISHA,,,NASRULLAGANJ,Shyamugaon,Normal/Others,WS/MP649/2023-2024/30020 - Construction of common work sheds/ common covered sitting area,DISTRICT COLLECTOR SEHORE_IDA,2023-10-02,Approved by IDA,200000,Sanctioned
MPLADS-038194,Ramakant Bhargava,Lok Sabha,Madhya Pradesh,VIDISHA,,,NASRULLAGANJ,Soyat,Normal/Others,WS/MP649/2023-2024/29988 - Construction of common work sheds/ common covered sitting area,DISTRICT COLLECTOR SEHORE_IDA,2023-10-02,Approved by IDA,200000,Sanctioned
MPLADS-038195,Ramakant Bhargava,Lok Sabha,Madhya Pradesh,VIDISHA,,,NASRULLAGANJ,Borghati,Normal/Others,WS/MP649/2023-2024/29987 - Construction of common work sheds/ common covered sitting area,DISTRICT COLLECTOR SEHORE_IDA,2023-10-02,Approved by IDA,200000,Sanctioned
MPLADS-038196,Ramakant Bhargava,Lok Sabha,Madhya Pradesh,VIDISHA,,,NASRULLAGANJ,Digwad,Normal/Others,WS/MP649/2023-2024/29986 - Construction of common work sheds/ common covered sitting area,DISTRICT COLLECTOR SEHORE_IDA,2023-10-02,Approved by IDA,200000,Sanctioned
MPLADS-038198,Ramakant Bhargava,Lok Sabha,Madhya Pradesh,VIDISHA,,,NASRULLAGANJ,Nandgaon,Normal/Others,WS/MP649/2023-2024/29984 - Construction of boundary walls of existing public and community buildings,DISTRICT COLLECTOR SEHORE_IDA,2023-10-02,Approved by IDA,200000,Sanctioned
MPLADS-038216,Dr . Sumer Singh Solanki,Rajya Sabha,Madhya Pradesh,Sitting Rajya Sabha,Khargone,32,,,Normal/Others,NA - Construction of buildings for multi-gym,DISTRICT COLLECTOR KHARGONE_IDA,2023-10-02,Action Pending,1000000,Unsanctioned
MPLADS-038317,SHRI Kailash Soni,Rajya Sabha,Madhya Pradesh,Sitting Rajya Sabha,Gadarwara,gadarwara,,,Normal/Others,NA - Providing CCTV camera system for security of public areas,DISTRICT COLLECTOR NARSINGHPUR_IDA,2023-10-01,Action Pending,50000,Unsanctioned
MPLADS-038320,SHRI Kailash Soni,Rajya Sabha,Madhya Pradesh,Sitting Rajya Sabha,,,CHAWARPATHA,Bohani,Normal/Others,NA - Construction of common work sheds/ common covered sitting area,DISTRICT COLLECTOR NARSINGHPUR_IDA,2023-10-01,Action Pending,200000,Unsanctioned
MPLADS-038321,SHRI Kailash Soni,Rajya Sabha,Madhya Pradesh,Sitting Rajya Sabha,,,CHAWARPATHA,Bhorjhir,Normal/Others,NA - Construction of toilet blocks,DISTRICT COLLECTOR NARSINGHPUR_IDA,2023-10-01,Action Pending,100000,Unsanctioned
MPLADS-038322,SHRI Kailash Soni,Rajya Sabha,Madhya Pradesh,Sitting Rajya Sabha,,,KARELI,Rehli,Normal/Others,"WS/MP231/2023-2024/29597 - Construction of roads, approach roads, link roads and pathways",DISTRICT COLLECTOR NARSINGHPUR_IDA,2023-10-01,Approved by IDA,150000,Unsanctioned
MPLADS-038323,SHRI Kailash Soni,Rajya Sabha,Madhya Pradesh,Sitting Rajya Sabha,,,UDAIPURA,Anghora,Normal/Others,NA - Construction of community centers and community halls,DISTRICT COLLECTOR RAISEN_IDA,2023-10-01,Action Pending,150000,Unsanctioned
MPLADS-038324,SHRI Kailash Soni,Rajya Sabha,Madhya Pradesh,Sitting Rajya Sabha,,,KARELI,Richhai,Normal/Others,WS/MP231/2023-2024/29586 - Construction of culverts and bridges,DISTRICT COLLECTOR NARSINGHPUR_IDA,2023-10-01,Approved by IDA,400000,Unsanctioned
MPLADS-038325,SHRI Kailash Soni,Rajya Sabha,Madhya Pradesh,Sitting Rajya Sabha,,,BABAI CHICHALI,Dhameta,Normal/Others,WS/MP231/2023-2024/29584 - Construction of community centers and community halls,DISTRICT COLLECTOR NARSINGHPUR_IDA,2023-10-01,Approved by IDA,100000,Sanctioned
MPLADS-038326,SHRI Kailash Soni,Rajya Sabha,Madhya Pradesh,Sitting Rajya Sabha,,,KARELI,Amgaon,Normal/Others,NA - Construction of additional rooms and halls in the existing public and community building,DISTRICT COLLECTOR NARSINGHPUR_IDA,2023-10-01,Action Pending,100000,Unsanctioned
MPLADS-038327,SHRI Kailash Soni,Rajya Sabha,Madhya Pradesh,Sitting Rajya Sabha,,,SAINKHEDA,Khursipar,Normal/Others,NA - Construction of boundary walls of existing public and community buildings,DISTRICT COLLECTOR NARSINGHPUR_IDA,2023-10-01,Action Pending,100000,Unsanctioned
MPLADS-038329,SHRI Kailash Soni,Rajya Sabha,Madhya Pradesh,Sitting Rajya Sabha,,,BABAI CHICHALI,Karapgaon,Normal/Others,NA - Construction of common work sheds/ common covered sitting area,DISTRICT COLLECTOR NARSINGHPUR_IDA,2023-10-01,Action Pending,200000,Unsanctioned
MPLADS-038330,SHRI Kailash Soni,Rajya Sabha,Madhya Pradesh,Sitting Rajya Sabha,,,BARWAH,Ramgarh,Normal/Others,WS/MP231/2023-2024/29569 - Construction of common work sheds/ common covered sitting area,DISTRICT COLLECTOR KHARGONE_IDA,2023-10-01,Approved by IDA,500000,Sanctioned
MPLADS-038331,SHRI Kailash Soni,Rajya Sabha,Madhya Pradesh,Sitting Rajya Sabha,,,KARELI,Basedi,Normal/Others,"NA - Construction of roads, approach roads, link roads and pathways",DISTRICT COLLECTOR NARSINGHPUR_IDA,2023-10-01,Action Pending,100000,Unsanctioned
MPLADS-038369,Nakul K Nath,Lok Sabha,Madhya Pradesh,CHHINDWARA,,,AMARWARA,Chhui,Normal/Others,WS/MP442/2023-2024/29734 - Construction of buildings for community cultural activities,DISTRICT COLLECTOR CHHINDWARA_IDA,2023-10-01,Approved by IDA,150000,Sanctioned
MPLADS-038370,Uday Pratap Singh,Lok Sabha,Madhya Pradesh,HOSHANGABAD,,,KARELI,Nayakheda,Normal/Others,"WS/MP651/2023-2024/29630 - Construction of roads, approach roads, link roads and pathways",DISTRICT COLLECTOR NARSINGHPUR_IDA,2023-10-01,Approved by IDA,100000,Sanctioned
MPLADS-038371,Prahlad Singh Patel,Lok Sabha,Madhya Pradesh,DAMOH,,,REHLI,Badgaon,Normal/Others,WS/MP646/2023-2024/29546 - Construction of culverts and bridges,DISTRICT COLLECTOR SAGAR_IDA,2023-10-01,Approved by IDA,500000,Sanctioned
MPLADS-038372,Prahlad Singh Patel,Lok Sabha,Madhya Pradesh,DAMOH,,,REHLI,Samnapur Kalan,Normal/Others,WS/MP646/2023-2024/29545 - Construction of culverts and bridges,DISTRICT COLLECTOR SAGAR_IDA,2023-10-01,Approved by IDA,500000,Sanctioned
MPLADS-038412,Nakul K Nath,Lok Sabha,Madhya Pradesh,CHHINDWARA,Amarwara,Amarwara,,,Normal/Others,NA - Construction of buildings for community cultural activities,DISTRICT COLLECTOR CHHINDWARA_IDA,2023-10-01,Action Pending,100000,Unsanctioned
MPLADS-038413,Nakul K Nath,Lok Sabha,Madhya Pradesh,CHHINDWARA,Amarwara,Amarwara,,,Normal/Others,NA - Construction of buildings for community cultural activities,DISTRICT COLLECTOR CHHINDWARA_IDA,2023-10-01,Action Pending,100000,Unsanctioned
MPLADS-038414,Nakul K Nath,Lok Sabha,Madhya Pradesh,CHHINDWARA,Amarwara,amarwara,,,Normal/Others,NA - Construction of additional rooms and halls in the existing public and community building,DISTRICT COLLECTOR CHHINDWARA_IDA,2023-10-01,Action Pending,100000,Unsanctioned
MPLADS-038415,Nakul K Nath,Lok Sabha,Madhya Pradesh,CHHINDWARA,Amarwara,amarwara,,,Normal/Others,NA - Construction of additional rooms and halls in the existing public and community building,DISTRICT COLLECTOR CHHINDWARA_IDA,2023-10-01,Action Pending,200000,Unsanctioned
MPLADS-038416,Nakul K Nath,Lok Sabha,Madhya Pradesh,CHHINDWARA,Pandhurna,Jalaram ward Pandhurna,,,Normal/Others,"WS/MP442/2023-2024/29654 - Construction of roads, link roads, pathways or any other road with or without drainage system",DISTRICT COLLECTOR CHHINDWARA_IDA,2023-10-01,Approved by IDA,150000,Unsanctioned
MPLADS-038417,Nakul K Nath,Lok Sabha,Madhya Pradesh,CHHINDWARA,Pandhurna,Shastri ward pandhurna,,,Normal/Others,"WS/MP442/2023-2024/29653 - Construction of roads, link roads, pathways or any other road with or without drainage system",DISTRICT COLLECTOR CHHINDWARA_IDA,2023-10-01,Approved by IDA,200000,Unsanctioned
MPLADS-038418,Nakul K Nath,Lok Sabha,Madhya Pradesh,CHHINDWARA,Pandhurna,Gurunanak ward pandhurna,,,Normal/Others,"WS/MP442/2023-2024/29652 - Construction of roads, link roads, pathways or any other road with or without drainage system",DISTRICT COLLECTOR CHHINDWARA_IDA,2023-10-01,Approved by IDA,200000,Unsanctioned
MPLADS-038419,Nakul K Nath,Lok Sabha,Madhya Pradesh,CHHINDWARA,Pandhurna,Rani durgawati ward pandhurna,,,Normal/Others,"WS/MP442/2023-2024/29651 - Construction of roads, link roads, pathways or any other road with or without drainage system",DISTRICT COLLECTOR CHHINDWARA_IDA,2023-10-01,Approved by IDA,200000,Unsanctioned
MPLADS-038422,Nakul K Nath,Lok Sabha,Madhya Pradesh,CHHINDWARA,Pandhurna,Ambedkar ward Pandhurna,,,Normal/Others,"WS/MP442/2023-2024/29649 - Construction of roads, link roads, pathways or any other road with or without drainage system",DISTRICT COLLECTOR CHHINDWARA_IDA,2023-10-01,Approved by IDA,150000,Unsanctioned
MPLADS-038445,Nakul K Nath,Lok Sabha,Madhya Pradesh,CHHINDWARA,Pandhurna,Santoshi mata ward pandhurna,,,Normal/Others,"WS/MP442/2023-2024/29650 - Construction of roads, link roads, pathways or any other road with or without drainage system",DISTRICT COLLECTOR CHHINDWARA_IDA,2023-10-01,Approved by IDA,375000,Unsanctioned
MPLADS-038447,Nakul K Nath,Lok Sabha,Madhya Pradesh,CHHINDWARA,Pandhurna,Amba ward Pandhurna,,,Normal/Others,"WS/MP442/2023-2024/29647 - Construction of roads, link roads, pathways or any other road with or without drainage system",DISTRICT COLLECTOR CHHINDWARA_IDA,2023-10-01,Approved by IDA,200000,Unsanctioned
MPLADS-038449,Nakul K Nath,Lok Sabha,Madhya Pradesh,CHHINDWARA,Pandhurna,Ganesh ward pandhurna,,,Normal/Others,"WS/MP442/2023-2024/29646 - Construction of roads, link roads, pathways or any other road with or without drainage system",DISTRICT COLLECTOR CHHINDWARA_IDA,2023-10-01,Approved by IDA,150000,Unsanctioned
MPLADS-038458,Nakul K Nath,Lok Sabha,Madhya Pradesh,CHHINDWARA,Pandhurna,hanumati ward pandhurna,,,Normal/Others,WS/MP442/2023-2024/29623 - Construction of buildings for community cultural activities,DISTRICT COLLECTOR CHHINDWARA_IDA,2023-10-01,Approved by IDA,150000,Unsanctioned
MPLADS-038459,Nakul K Nath,Lok Sabha,Madhya Pradesh,CHHINDWARA,Pandhurna,shiva ji ward pandurna,,,Normal/Others,"WS/MP442/2023-2024/29642 - Construction of roads, link roads, pathways or any other road with or without drainage system",DISTRICT COLLECTOR CHHINDWARA_IDA,2023-10-01,Approved by IDA,150000,Unsanctioned
MPLADS-038460,Nakul K Nath,Lok Sabha,Madhya Pradesh,CHHINDWARA,Pandhurna,Bhagatsingh ward pandhurna,,,Normal/Others,"WS/MP442/2023-2024/29645 - Construction of roads, link roads, pathways or any other road with or without drainage system",DISTRICT COLLECTOR CHHINDWARA_IDA,2023-10-01,Approved by IDA,150000,Unsanctioned
MPLADS-038461,Nakul K Nath,Lok Sabha,Madhya Pradesh,CHHINDWARA,Pandhurna,Sant ravidas ward pandhurna,,,Normal/Others,WS/MP442/2023-2024/29644 - Providing drains and gutters for public drainage,DISTRICT COLLECTOR CHHINDWARA_IDA,2023-10-01,Approved by IDA,150000,Unsanctioned
MPLADS-038462,Nakul K Nath,Lok Sabha,Madhya Pradesh,CHHINDWARA,Pandhurna,Meghnath ward Pandhurna,,,Normal/Others,NA - Improvement of electricity distribution infrastructure,DISTRICT COLLECTOR CHHINDWARA_IDA,2023-10-01,Action Pending,150000,Unsanctioned
MPLADS-038463,Nakul K Nath,Lok Sabha,Madhya Pradesh,CHHINDWARA,Pandhurna,Gandhi ward Pandurna,,,Normal/Others,WS/MP442/2023-2024/29626 - Providing drains and gutters for public drainage,DISTRICT COLLECTOR CHHINDWARA_IDA,2023-10-01,Approved by IDA,150000,Unsanctioned
MPLADS-038464,Nakul K Nath,Lok Sabha,Madhya Pradesh,CHHINDWARA,Pandhurna,tekdi ward pandurna,,,Normal/Others,"WS/MP442/2023-2024/29641 - Construction of roads, link roads, pathways or any other road with or without drainage system",DISTRICT COLLECTOR CHHINDWARA_IDA,2023-10-01,Approved by IDA,150000,Unsanctioned
MPLADS-038465,Nakul K Nath,Lok Sabha,Madhya Pradesh,CHHINDWARA,Pandhurna,Jatba ward pandurna,,,Normal/Others,"WS/MP442/2023-2024/29637 - Construction of roads, link roads, pathways or any other road with or without drainage system",DISTRICT COLLECTOR CHHINDWARA_IDA,2023-10-01,Approved by IDA,150000,Unsanctioned
MPLADS-038466,Nakul K Nath,Lok Sabha,Madhya Pradesh,CHHINDWARA,Pandhurna,Radhakrishnan ward Pandurna,,,Normal/Others,"WS/MP442/2023-2024/29629 - Construction of roads, link roads, pathways or any other road with or without drainage system",DISTRICT COLLECTOR CHHINDWARA_IDA,2023-10-01,Approved by IDA,150000,Unsanctioned
MPLADS-038692,Nakul K Nath,Lok Sabha,Madhya Pradesh,CHHINDWARA,Badkuhi,Ward No. 11,,,Normal/Others,NA - Construction of buildings for community cultural activities,DISTRICT COLLECTOR CHHINDWARA_IDA,2023-09-30,Action Pending,100000,Unsanctioned
MPLADS-038693,Nakul K Nath,Lok Sabha,Madhya Pradesh,CHHINDWARA,Badkuhi,ward no. 08,,,Normal/Others,NA - Construction of buildings for community cultural activities,DISTRICT COLLECTOR CHHINDWARA_IDA,2023-09-30,Action Pending,100000,Unsanctioned
MPLADS-038694,Nakul K Nath,Lok Sabha,Madhya Pradesh,CHHINDWARA,Dongar Parasia,ward No. 16,,,Normal/Others,NA - Construction of buildings for community cultural activities,DISTRICT COLLECTOR CHHINDWARA_IDA,2023-09-30,Action Pending,100000,Unsanctioned
MPLADS-038695,Nakul K Nath,Lok Sabha,Madhya Pradesh,CHHINDWARA,Dongar Parasia,Ward No. 01,,,Normal/Others,NA - Construction of buildings for community cultural activities,DISTRICT COLLECTOR CHHINDWARA_IDA,2023-09-30,Action Pending,100000,Unsanctioned
MPLADS-038696,Nakul K Nath,Lok Sabha,Madhya Pradesh,CHHINDWARA,Dongar Parasia,17,,,Normal/Others,NA - Construction of buildings for community cultural activities,DISTRICT COLLECTOR CHHINDWARA_IDA,2023-09-30,Action Pending,100000,Unsanctioned
MPLADS-038697,Nakul K Nath,Lok Sabha,Madhya Pradesh,CHHINDWARA,Dongar Parasia,05-06,,,Normal/Others,NA - Construction of buildings for community cultural activities,DISTRICT COLLECTOR CHHINDWARA_IDA,2023-09-30,Action Pending,200000,Unsanctioned
MPLADS-038716,Nakul K Nath,Lok Sabha,Madhya Pradesh,CHHINDWARA,Newton Chikhli Kalan,ward No. 15,,,Normal/Others,NA - Construction of buildings for community cultural activities,DISTRICT COLLECTOR CHHINDWARA_IDA,2023-09-30,Action Pending,150000,Unsanctioned
MPLADS-038717,Nakul K Nath,Lok Sabha,Madhya Pradesh,CHHINDWARA,Newton Chikhli Kalan,Newton Chihali,,,Normal/Others,NA - Purchase of hearse van,DISTRICT COLLECTOR CHHINDWARA_IDA,2023-09-30,Action Pending,200000,Unsanctioned
MPLADS-038718,Nakul K Nath,Lok Sabha,Madhya Pradesh,CHHINDWARA,Badkuhi,ward No. 09,,,Normal/Others,NA - Construction of buildings for community cultural activities,DISTRICT COLLECTOR CHHINDWARA_IDA,2023-09-30,Action Pending,100000,Unsanctioned
MPLADS-038719,Durga Das Uikey,Lok Sabha,Madhya Pradesh,BETUL(ST),Bhainsdehi,shitla mata chouk,,,Normal/Others,NA - Construction of bus-sheds or bus-stops,DISTRICT COLLECTOR BETUL_IDA,2023-09-30,Action Pending,264500,Unsanctioned
MPLADS-038738,Prahlad Singh Patel,Lok Sabha,Madhya Pradesh,DAMOH,Damoh,Bazria ward No.06,,,Normal/Others,NA - Construction of community centers and community halls,DISTRICT COLLECTOR DAMOH_IDA,2023-09-30,Action Pending,700000,Unsanctioned
MPLADS-038739,Prahlad Singh Patel,Lok Sabha,Madhya Pradesh,DAMOH,Damoh,maganj ward no.04,,,Normal/Others,NA - Construction of boundary walls of existing public and community buildings,DISTRICT COLLECTOR DAMOH_IDA,2023-09-30,Action Pending,300000,Unsanctioned
MPLADS-038740,Durga Das Uikey,Lok Sabha,Madhya Pradesh,BETUL(ST),Shahpur,College road,,,Normal/Others,NA - Construction of bus-sheds or bus-stops,DISTRICT COLLECTOR BETUL_IDA,2023-09-30,Action Pending,264500,Unsanctioned
MPLADS-038741,Nakul K Nath,Lok Sabha,Madhya Pradesh,CHHINDWARA,Chandameta -Butaria,ward No. 13,,,Normal/Others,NA - Construction of buildings for community cultural activities,DISTRICT COLLECTOR CHHINDWARA_IDA,2023-09-30,Action Pending,100000,Unsanctioned
MPLADS-038742,Nakul K Nath,Lok Sabha,Madhya Pradesh,CHHINDWARA,Chandameta -Butaria,ward No. 15,,,Normal/Others,NA - Construction of buildings for community cultural activities,DISTRICT COLLECTOR CHHINDWARA_IDA,2023-09-30,Action Pending,200000,Unsanctioned
MPLADS-038791,Narendra Singh Tomar,Lok Sabha,Madhya Pradesh,MORENA,,,MORENA,Kishanpur,Normal/Others,WS/MP645/2023-2024/29508 - Crematoriums or structures on burial/ cremation ground for public convenience,DISTRICT COLLECTOR MORENA_IDA,2023-09-30,Approved by IDA,600000,Sanctioned
MPLADS-038792,Prahlad Singh Patel,Lok Sabha,Madhya Pradesh,DAMOH,,,HATTA,Bhidari,Normal/Others,WS/MP646/2023-2024/29471 - Construction of common work sheds/ common covered sitting area,DISTRICT COLLECTOR DAMOH_IDA,2023-09-30,Approved by IDA,250000,Sanctioned
MPLADS-038793,Prahlad Singh Patel,Lok Sabha,Madhya Pradesh,DAMOH,,,JABERA,Gubra Kalan,Normal/Others,WS/MP646/2023-2024/29459 - Construction of boundary walls of existing public and community buildings,DISTRICT COLLECTOR DAMOH_IDA,2023-09-30,Approved by IDA,500000,Sanctioned
MPLADS-038794,Prahlad Singh Patel,Lok Sabha,Madhya Pradesh,DAMOH,,,PATERA,Kundalpur,Normal/Others,WS/MP646/2023-2024/29423 - Construction of culverts and bridges,DISTRICT COLLECTOR DAMOH_IDA,2023-09-30,Approved by IDA,500000,Sanctioned
MPLADS-038795,Prahlad Singh Patel,Lok Sabha,Madhya Pradesh,DAMOH,,,DAMOH,Touri,Normal/Others,WS/MP646/2023-2024/29392 - Construction of common work sheds/ common covered sitting area,DISTRICT COLLECTOR DAMOH_IDA,2023-09-30,Approved by IDA,250000,Sanctioned
MPLADS-038796,Prahlad Singh Patel,Lok Sabha,Madhya Pradesh,DAMOH,,,DAMOH,Singpur,Normal/Others,WS/MP646/2023-2024/29371 - Construction of common work sheds/ common covered sitting area,DISTRICT COLLECTOR DAMOH_IDA,2023-09-30,Approved by IDA,250000,Sanctioned
MPLADS-038802,Dr . Sumer Singh Solanki,Rajya Sabha,Madhya Pradesh,Sitting Rajya Sabha,,,SENDHAWA,Dudhkheda,Normal/Others,WS/MP010/2023-2024/29515 - Construction of boundary walls of existing public and community buildings,DISTRICT COLLECTOR BADWANI_IDA,2023-09-30,Approved by IDA,1925000,Sanctioned
MPLADS-038803,Dr . Sumer Singh Solanki,Rajya Sabha,Madhya Pradesh,Sitting Rajya Sabha,Barwani,09,,,Normal/Others,"NA - Providing sports equipment, except consumable items",DISTRICT COLLECTOR BADWANI_IDA,2023-09-30,Action Pending,250000,Unsanctioned
MPLADS-038804,Dr . Sumer Singh Solanki,Rajya Sabha,Madhya Pradesh,Sitting Rajya Sabha,,,PATI,Pati,Normal/Others,NA - Construction of additional rooms and halls in the existing public and community building,DISTRICT COLLECTOR BADWANI_IDA,2023-09-30,Action Pending,600000,Unsanctioned
MPLADS-038805,Dr . Sumer Singh Solanki,Rajya Sabha,Madhya Pradesh,Sitting Rajya Sabha,,,PATI,Pati,Normal/Others,"NA - Construction of roads, approach roads, link roads and pathways",DISTRICT COLLECTOR BADWANI_IDA,2023-09-30,Action Pending,300000,Unsanctioned
MPLADS-038806,Dr . Sumer Singh Solanki,Rajya Sabha,Madhya Pradesh,Sitting Rajya Sabha,,,PATI,Budi,Normal/Others,"NA - Construction of roads, approach roads, link roads and pathways",DISTRICT COLLECTOR BADWANI_IDA,2023-09-30,Action Pending,300000,Unsanctioned
MPLADS-038807,SHRI Ajay Pratap Singh,Rajya Sabha,Madhya Pradesh,Sitting Rajya Sabha,Pali,Many ward,,,Normal/Others,WS/MP230/2023-2024/29509 - Street lights,District Collector Umariya_IDA,2023-09-30,Approved by IDA,17442000,Unsanctioned
MPLADS-038808,SHRI Ajay Pratap Singh,Rajya Sabha,Madhya Pradesh,Sitting Rajya Sabha,Khurai,as attached docs,,,Normal/Others,NA - Construction of bus-sheds or bus-stops,DISTRICT COLLECTOR SAGAR_IDA,2023-09-30,Action Pending,6126557,Unsanctioned
MPLADS-038809,Dr . Sumer Singh Solanki,Rajya Sabha,Madhya Pradesh,Sitting Rajya Sabha,,,PATI,Than,Normal/Others,NA - Lighting of public spaces,DISTRICT COLLECTOR BADWANI_IDA,2023-09-30,Action Pending,1532000,Unsanctioned
MPLADS-038810,Dr . Sumer Singh Solanki,Rajya Sabha,Madhya Pradesh,Sitting Rajya Sabha,Barwani,09,,,Normal/Others,"NA - Construction of roads, approach roads, link roads and pathways",DISTRICT COLLECTOR BADWANI_IDA,2023-09-30,Action Pending,600000,Unsanctioned
MPLADS-038813,Dr . Sumer Singh Solanki,Rajya Sabha,Madhya Pradesh,Sitting Rajya Sabha,Barwani,09,,,Normal/Others,NA - Construction of flood control embankments,DISTRICT COLLECTOR BADWANI_IDA,2023-09-30,Action Pending,345000,Unsanctioned
MPLADS-038971,Janardan Mishra,Lok Sabha,Madhya Pradesh,REWA,,,RAIPUR KARCHULIYAN,Bhita,Normal/Others,"WS/MP644/2023-2024/28611 - Construction of roads, approach roads, link roads and pathways",DISTRICT COLLECTOR REWA_IDA,2023-09-29,Approved by IDA,150000,Sanctioned
MPLADS-038972,Mahendra Singh Solanky,Lok Sabha,Madhya Pradesh,DEWAS(SC),,,TONK KHURD,Chobaradhira,Normal/Others,WS/MP653/2023-2024/28412 - Construction of bus-sheds or bus-stops,DISTRICT COLLECTOR DEWAS_IDA,2023-09-29,Approved by IDA,400000,Sanctioned
MPLADS-038987,Janardan Mishra,Lok Sabha,Madhya Pradesh,REWA,,,RAIPUR KARCHULIYAN,Narraha,Normal/Others,"WS/MP644/2023-2024/28612 - Construction of roads, approach roads, link roads and pathways",DISTRICT COLLECTOR REWA_IDA,2023-09-29,Approved by IDA,150000,Sanctioned
MPLADS-038988,Smt Sandhya Ray,Lok Sabha,Madhya Pradesh,BHIND(SC),,,BHIND,Dhochara,Normal/Others,WS/MP655/2023-2024/28678 - Purchase of mobile water tankers,DISTRICT COLLECTOR BHIND_IDA,2023-09-29,Approved by IDA,196500,Sanctioned
MPLADS-039123,Narendra Singh Tomar,Lok Sabha,Madhya Pradesh,MORENA,Joura,ward No 01 nad 02,,,Normal/Others,NA - Purchase of mobile water tankers,DISTRICT COLLECTOR MORENA_IDA,2023-09-29,Action Pending,326352,Unsanctioned
MPLADS-039132,Narendra Singh Tomar,Lok Sabha,Madhya Pradesh,MORENA,Banmor,ward NO 01 and 02,,,Normal/Others,NA - Purchase of mobile water tankers,DISTRICT COLLECTOR MORENA_IDA,2023-09-29,Action Pending,326352,Unsanctioned
MPLADS-039133,Narendra Singh Tomar,Lok Sabha,Madhya Pradesh,MORENA,Kailaras,ward No 01 and 02,,,Normal/Others,NA - Purchase of mobile water tankers,DISTRICT COLLECTOR MORENA_IDA,2023-09-29,Action Pending,326352,Unsanctioned
MPLADS-039137,Narendra Singh Tomar,Lok Sabha,Madhya Pradesh,MORENA,Sabalgarh,"ward No 02, 18 nand 04",,,Normal/Others,NA - Purchase of mobile water tankers,DISTRICT COLLECTOR MORENA_IDA,2023-09-29,Action Pending,489528,Unsanctioned
MPLADS-039175,Narendra Singh Tomar,Lok Sabha,Madhya Pradesh,MORENA,Ambah,"ward No 01,02,03",,,Normal/Others,NA - Purchase of mobile water tankers,DISTRICT COLLECTOR MORENA_IDA,2023-09-29,Action Pending,489528,Unsanctioned
MPLADS-039185,Narendra Singh Tomar,Lok Sabha,Madhya Pradesh,MORENA,Porsa,ward NO 0 and 04,,,Normal/Others,NA - Purchase of mobile water tankers,DISTRICT COLLECTOR MORENA_IDA,2023-09-29,Action Pending,326352,Unsanctioned
MPLADS-039193,Uday Pratap Singh,Lok Sabha,Madhya Pradesh,HOSHANGABAD,Chichli,WARD No. 05,,,Normal/Others,NA - Construction of community centers and community halls,DISTRICT COLLECTOR NARSINGHPUR_IDA,2023-09-29,Action Pending,500000,Unsanctioned
MPLADS-039196,Uday Pratap Singh,Lok Sabha,Madhya Pradesh,HOSHANGABAD,Gadarwara,SUBHASH WARD,,,Normal/Others,NA - Common work sheds for artisans,DISTRICT COLLECTOR NARSINGHPUR_IDA,2023-09-29,Action Pending,200000,Unsanctioned
MPLADS-039197,Janardan Mishra,Lok Sabha,Madhya Pradesh,REWA,Rewa,18,,,Normal/Others,NA - Construction of toilet blocks,DISTRICT COLLECTOR REWA_IDA,2023-09-29,Action Pending,1200000,Unsanctioned
MPLADS-039205,Shri Rajmani Patel,Rajya Sabha,Madhya Pradesh,Sitting Rajya Sabha,,,RAIPUR KARCHULIYAN,Nawagaon Kothar,Normal/Others,"WS/MP105/2023-2024/28689 - Construction of roads, approach roads, link roads and pathways",DISTRICT COLLECTOR REWA_IDA,2023-09-29,Approved by IDA,1200000,Sanctioned
MPLADS-039206,SHRI Kailash Soni,Rajya Sabha,Madhya Pradesh,Sitting Rajya Sabha,,,CHAWARPATHA,Hirapur,Normal/Others,NA - Construction of flood control embankments,DISTRICT COLLECTOR NARSINGHPUR_IDA,2023-09-29,Action Pending,1500000,Unsanctioned
MPLADS-039207,SHRI Kailash Soni,Rajya Sabha,Madhya Pradesh,Sitting Rajya Sabha,,,MORENA,Aiti,Normal/Others,"NA - Construction of roads, approach roads, link roads and pathways",DISTRICT COLLECTOR MORENA_IDA,2023-09-29,Action Pending,5000000,Unsanctioned
MPLADS-039293,Uday Pratap Singh,Lok Sabha,Madhya Pradesh,HOSHANGABAD,Hoshangabad,Ward No. 12,,,Normal/Others,NA - Improvement of electricity distribution infrastructure,DISTRICT COLLECTOR NARMADAPURAM_IDA,2023-09-28,Action Pending,100000,Unsanctioned
MPLADS-039294,Uday Pratap Singh,Lok Sabha,Madhya Pradesh,HOSHANGABAD,Hoshangabad,WARD No. 12,,,Normal/Others,NA - Improvement of electricity distribution infrastructure,DISTRICT COLLECTOR NARMADAPURAM_IDA,2023-09-28,Action Pending,100000,Unsanctioned
MPLADS-039295,Uday Pratap Singh,Lok Sabha,Madhya Pradesh,HOSHANGABAD,Hoshangabad,Ward No. 12,,,Normal/Others,NA - Improvement of electricity distribution infrastructure,DISTRICT COLLECTOR NARMADAPURAM_IDA,2023-09-28,Action Pending,100000,Unsanctioned
MPLADS-039296,Ramakant Bhargava,Lok Sabha,Madhya Pradesh,VIDISHA,Vidisha,18,,,Normal/Others,NA - Construction of common work sheds/ common covered sitting area,District Collector Vidisha_IDA,2023-09-28,Action Pending,1000000,Unsanctioned
MPLADS-039297,Ramakant Bhargava,Lok Sabha,Madhya Pradesh,VIDISHA,Ganjbasoda,07,,,Normal/Others,NA - Common work sheds for artisans,District Collector Vidisha_IDA,2023-09-28,Action Pending,250000,Unsanctioned
MPLADS-039298,Ramakant Bhargava,Lok Sabha,Madhya Pradesh,VIDISHA,Ganjbasoda,14,,,Normal/Others,NA - Construction of boundary walls of existing public and community buildings,District Collector Vidisha_IDA,2023-09-28,Action Pending,500000,Unsanctioned
MPLADS-039299,Uday Pratap Singh,Lok Sabha,Madhya Pradesh,HOSHANGABAD,Itarsi,Ward No. 18,,,Normal/Others,NA - Installing tube-wells and borewells,DISTRICT COLLECTOR NARMADAPURAM_IDA,2023-09-28,Action Pending,125000,Unsanctioned
MPLADS-039300,Uday Pratap Singh,Lok Sabha,Madhya Pradesh,HOSHANGABAD,Itarsi,Ward No. 08,,,Normal/Others,NA - Installing tube-wells and borewells,DISTRICT COLLECTOR NARMADAPURAM_IDA,2023-09-28,Action Pending,125000,Unsanctioned
MPLADS-039302,Uday Pratap Singh,Lok Sabha,Madhya Pradesh,HOSHANGABAD,Pipariya,GANDHI WARD,,,Normal/Others,NA - Installation of multi-gym equipment,DISTRICT COLLECTOR NARMADAPURAM_IDA,2023-09-28,Action Pending,350000,Unsanctioned
MPLADS-039303,Uday Pratap Singh,Lok Sabha,Madhya Pradesh,HOSHANGABAD,Pipariya,Pipariya,,,Normal/Others,"NA - Purchase of prosthetics, wheel chairs, tricycles (manual or motorized), elect scooties, hearing aids",DISTRICT COLLECTOR NARMADAPURAM_IDA,2023-09-28,Action Pending,109000,Unsanctioned
MPLADS-039304,Vivek Narayan Shejwalkar,Lok Sabha,Madhya Pradesh,GWALIOR,Morar,26,,,Normal/Others,NA - Improvement of electricity distribution infrastructure,DISTRICT COLLECTOR GWALIOR_IDA,2023-09-28,Action Pending,1006713,Unsanctioned
MPLADS-039305,Uday Pratap Singh,Lok Sabha,Madhya Pradesh,HOSHANGABAD,Gadarwara,AJAD WARD,,,Normal/Others,NA - Construction of community centers and community halls,DISTRICT COLLECTOR NARSINGHPUR_IDA,2023-09-28,Action Pending,250000,Unsanctioned
MPLADS-039306,Uday Pratap Singh,Lok Sabha,Madhya Pradesh,HOSHANGABAD,Salichauka,Ward No. 09,,,Normal/Others,NA - Construction of community centers and community halls,DISTRICT COLLECTOR NARSINGHPUR_IDA,2023-09-28,Action Pending,1200000,Unsanctioned
MPLADS-039310,Uday Pratap Singh,Lok Sabha,Madhya Pradesh,HOSHANGABAD,Hoshangabad,Ward No. 12,,,Normal/Others,NA - Improvement of electricity distribution infrastructure,DISTRICT COLLECTOR NARMADAPURAM_IDA,2023-09-28,Action Pending,100000,Unsanctioned
MPLADS-039311,Uday Pratap Singh,Lok Sabha,Madhya Pradesh,HOSHANGABAD,Itarsi,Ward No. 11,,,Normal/Others,NA - Construction of community centers and community halls,DISTRICT COLLECTOR NARMADAPURAM_IDA,2023-09-28,Action Pending,200000,Unsanctioned
MPLADS-039312,Uday Pratap Singh,Lok Sabha,Madhya Pradesh,HOSHANGABAD,Itarsi,GOKUL NAGAR KHEDA,,,Normal/Others,NA - Construction of common work sheds/ common covered sitting area,DISTRICT COLLECTOR NARMADAPURAM_IDA,2023-09-28,Action Pending,200000,Unsanctioned
MPLADS-039322,Uday Pratap Singh,Lok Sabha,Madhya Pradesh,HOSHANGABAD,Hoshangabad,WARD No. 14,,,Normal/Others,NA - Construction of community centers and community halls,DISTRICT COLLECTOR NARMADAPURAM_IDA,2023-09-28,Action Pending,250000,Unsanctioned
MPLADS-039325,Rodmal Nagar,Lok Sabha,Madhya Pradesh,RAJGARH,Jirapur,00,,,Normal/Others,NA - Construction of community centers and community halls,DISTRICT COLLECTOR RAJGARH_IDA,2023-09-28,Action Pending,400000,Unsanctioned
MPLADS-039326,Uday Pratap Singh,Lok Sabha,Madhya Pradesh,HOSHANGABAD,Seoni-Malwa,Seoni Malwa,,,Normal/Others,"WS/MP651/2023-2024/28144 - Purchase of IT systems, including hardware and software for educational purposes",DISTRICT COLLECTOR NARMADAPURAM_IDA,2023-09-28,Approved by IDA,250000,Sanctioned
MPLADS-039327,Ramakant Bhargava,Lok Sabha,Madhya Pradesh,VIDISHA,Kannod,06,,,Normal/Others,NA - Construction of rooms and halls in school and colleges,DISTRICT COLLECTOR DEWAS_IDA,2023-09-28,Action Pending,500000,Unsanctioned
MPLADS-039328,Ramakant Bhargava,Lok Sabha,Madhya Pradesh,VIDISHA,Khategaon,02,,,Normal/Others,NA - Construction of boundary walls of existing public and community buildings,DISTRICT COLLECTOR DEWAS_IDA,2023-09-28,Action Pending,500000,Unsanctioned
MPLADS-039329,Uday Pratap Singh,Lok Sabha,Madhya Pradesh,HOSHANGABAD,Hoshangabad,WARD no. 11,,,Normal/Others,NA - Construction of common work sheds/ common covered sitting area,DISTRICT COLLECTOR NARMADAPURAM_IDA,2023-09-28,Action Pending,100000,Unsanctioned
MPLADS-039380,Ramakant Bhargava,Lok Sabha,Madhya Pradesh,VIDISHA,,,BEGAMGANJ,Sunwaha,Normal/Others,WS/MP649/2023-2024/27921 - Construction of bus-sheds or bus-stops,DISTRICT COLLECTOR RAISEN_IDA,2023-09-28,Approved by IDA,250000,Sanctioned
MPLADS-039381,Ramakant Bhargava,Lok Sabha,Madhya Pradesh,VIDISHA,,,BEGAMGANJ,Kerpani,Normal/Others,WS/MP649/2023-2024/27923 - Construction of additional rooms and halls in the existing public and community building,DISTRICT COLLECTOR RAISEN_IDA,2023-09-28,Approved by IDA,250000,Sanctioned
MPLADS-039382,Ramakant Bhargava,Lok Sabha,Madhya Pradesh,VIDISHA,,,SANCHI,Parwariya,Normal/Others,WS/MP649/2023-2024/27945 - Construction of common work sheds/ common covered sitting area,DISTRICT COLLECTOR RAISEN_IDA,2023-09-28,Approved by IDA,300000,Sanctioned
MPLADS-039386,Ramakant Bhargava,Lok Sabha,Madhya Pradesh,VIDISHA,,,OBAIDALLAGANJ,Bhojpur,Normal/Others,WS/MP649/2023-2024/27946 - Construction of boundary walls of existing public and community buildings,DISTRICT COLLECTOR RAISEN_IDA,2023-09-28,Approved by IDA,500000,Sanctioned
MPLADS-039387,Mahendra Singh Solanky,Lok Sabha,Madhya Pradesh,DEWAS(SC),,,BAGLI,Phangati,Normal/Others,WS/MP653/2023-2024/28083 - Construction of bus-sheds or bus-stops,DISTRICT COLLECTOR DEWAS_IDA,2023-09-28,Approved by IDA,500000,Sanctioned
MPLADS-039388,Mahendra Singh Solanky,Lok Sabha,Madhya Pradesh,DEWAS(SC),,,DEWAS,Sarol,Normal/Others,WS/MP653/2023-2024/28089 - Construction of culverts and bridges,DISTRICT COLLECTOR DEWAS_IDA,2023-09-28,Approved by IDA,300000,Sanctioned
MPLADS-039389,Ramakant Bhargava,Lok Sabha,Madhya Pradesh,VIDISHA,,,BUDNI,Ninor,Normal/Others,"WS/MP649/2023-2024/28104 - Construction of roads, approach roads, link roads and pathways",DISTRICT COLLECTOR SEHORE_IDA,2023-09-28,Approved by IDA,1000000,Sanctioned
MPLADS-039390,Ramakant Bhargava,Lok Sabha,Madhya Pradesh,VIDISHA,,,BUDNI,Ninor,Normal/Others,WS/MP649/2023-2024/28105 - Construction of common work sheds/ common covered sitting area,DISTRICT COLLECTOR SEHORE_IDA,2023-09-28,Approved by IDA,260000,Sanctioned
MPLADS-039391,Uday Pratap Singh,Lok Sabha,Madhya Pradesh,HOSHANGABAD,,,SEONI MALWA,Jeerawah,Normal/Others,"WS/MP651/2023-2024/28150 - Construction of roads, link roads, pathways or any other road with or without drainage system",DISTRICT COLLECTOR NARMADAPURAM_IDA,2023-09-28,Approved by IDA,200000,Sanctioned
MPLADS-039392,Janardan Mishra,Lok Sabha,Madhya Pradesh,REWA,,,JAWA,Bhungaon,Normal/Others,WS/MP644/2023-2024/28162 - Development of playfields and sports grounds,DISTRICT COLLECTOR REWA_IDA,2023-09-28,Approved by IDA,300000,Sanctioned
MPLADS-039399,Ramakant Bhargava,Lok Sabha,Madhya Pradesh,VIDISHA,,,BEGAMGANJ,Berkhedi Baramadgarhi,Normal/Others,WS/MP649/2023-2024/27920 - Construction of bus-sheds or bus-stops,DISTRICT COLLECTOR RAISEN_IDA,2023-09-28,Approved by IDA,250000,Sanctioned
MPLADS-039400,Ramakant Bhargava,Lok Sabha,Madhya Pradesh,VIDISHA,,,BEGAMGANJ,Udka,Normal/Others,"WS/MP649/2023-2024/27919 - Construction of roads, approach roads, link roads and pathways",DISTRICT COLLECTOR RAISEN_IDA,2023-09-28,Approved by IDA,250000,Sanctioned
MPLADS-039401,Ramakant Bhargava,Lok Sabha,Madhya Pradesh,VIDISHA,,,BEGAMGANJ,Mahua Kheda Kalan,Normal/Others,"WS/MP649/2023-2024/27918 - Construction of roads, approach roads, link roads and pathways",DISTRICT COLLECTOR RAISEN_IDA,2023-09-28,Approved by IDA,250000,Sanctioned
MPLADS-039402,Uday Pratap Singh,Lok Sabha,Madhya Pradesh,HOSHANGABAD,,,PIPARIYA,Simara,Normal/Others,"WS/MP651/2023-2024/27867 - Construction of roads, link roads, pathways or any other road with or without drainage system",DISTRICT COLLECTOR NARMADAPURAM_IDA,2023-09-28,Approved by IDA,150000,Sanctioned
MPLADS-039411,Virendra Kumar,Lok Sabha,Madhya Pradesh,TIKAMGARH(SC),,,NOWGONG,Karatha,Normal/Others,WS/MP638/2023-2024/27874 - Development of public parks,District Collector Chhatarpur_IDA,2023-09-28,Approved by IDA,193000,Sanctioned
MPLADS-039413,Ramakant Bhargava,Lok Sabha,Madhya Pradesh,VIDISHA,,,SILWANI,Dhamanpani,Normal/Others,"WS/MP649/2023-2024/27913 - Construction of roads, approach roads, link roads and pathways",DISTRICT COLLECTOR RAISEN_IDA,2023-09-28,Approved by IDA,300000,Sanctioned
MPLADS-039414,Ramakant Bhargava,Lok Sabha,Madhya Pradesh,VIDISHA,,,SILWANI,Bikalpur,Normal/Others,WS/MP649/2023-2024/27914 - Construction of common work sheds/ common covered sitting area,DISTRICT COLLECTOR RAISEN_IDA,2023-09-28,Approved by IDA,500000,Sanctioned
MPLADS-039415,Ramakant Bhargava,Lok Sabha,Madhya Pradesh,VIDISHA,,,SILWANI,Khamera,Normal/Others,WS/MP649/2023-2024/27915 - Construction of bus-sheds or bus-stops,DISTRICT COLLECTOR RAISEN_IDA,2023-09-28,Approved by IDA,250000,Sanctioned
MPLADS-039416,Ramakant Bhargava,Lok Sabha,Madhya Pradesh,VIDISHA,,,BEGAMGANJ,Dhilwar,Normal/Others,"WS/MP649/2023-2024/27916 - Construction of roads, approach roads, link roads and pathways",DISTRICT COLLECTOR RAISEN_IDA,2023-09-28,Approved by IDA,250000,Sanctioned
MPLADS-039418,Ramakant Bhargava,Lok Sabha,Madhya Pradesh,VIDISHA,,,BEGAMGANJ,Sihora Jagir,Normal/Others,WS/MP649/2023-2024/27917 - Construction of common work sheds/ common covered sitting area,DISTRICT COLLECTOR RAISEN_IDA,2023-09-28,Approved by IDA,250000,Sanctioned
MPLADS-039571,Shri Rajmani Patel,Rajya Sabha,Madhya Pradesh,Sitting Rajya Sabha,,,SIRMOUR,Pathari,Normal/Others,WS/MP105/2023-2024/28200 - Providing drains and gutters for public drainage,DISTRICT COLLECTOR REWA_IDA,2023-09-28,Approved by IDA,240000,Sanctioned
MPLADS-039700,Rodmal Nagar,Lok Sabha,Madhya Pradesh,RAJGARH,Khilchipur,00,,,Normal/Others,WS/MP443/2023-2024/27477 - Construction of bus-sheds or bus-stops,DISTRICT COLLECTOR RAJGARH_IDA,2023-09-27,Approved by IDA,306328,Unsanctioned
MPLADS-039701,Rodmal Nagar,Lok Sabha,Madhya Pradesh,RAJGARH,Khilchipur,00,,,Normal/Others,WS/MP443/2023-2024/27478 - Construction of bus-sheds or bus-stops,DISTRICT COLLECTOR RAJGARH_IDA,2023-09-27,Approved by IDA,306328,Unsanctioned
MPLADS-039702,Rodmal Nagar,Lok Sabha,Madhya Pradesh,RAJGARH,Khilchipur,00,,,Normal/Others,WS/MP443/2023-2024/27479 - Construction of bus-sheds or bus-stops,DISTRICT COLLECTOR RAJGARH_IDA,2023-09-27,Approved by IDA,306328,Unsanctioned
MPLADS-039703,Uday Pratap Singh,Lok Sabha,Madhya Pradesh,HOSHANGABAD,Narsimhapur,Narsimhapur,,,Normal/Others,NA - Installation of multi-gym equipment,DISTRICT COLLECTOR NARSINGHPUR_IDA,2023-09-27,Action Pending,140000,Unsanctioned
MPLADS-039704,Uday Pratap Singh,Lok Sabha,Madhya Pradesh,HOSHANGABAD,Gadarwara,Gadarwara,,,Normal/Others,NA - Installation of multi-gym equipment,DISTRICT COLLECTOR NARSINGHPUR_IDA,2023-09-27,Action Pending,140000,Unsanctioned
MPLADS-039715,Rodmal Nagar,Lok Sabha,Madhya Pradesh,RAJGARH,Khilchipur,00,,,Normal/Others,WS/MP443/2023-2024/27476 - Construction of bus-sheds or bus-stops,DISTRICT COLLECTOR RAJGARH_IDA,2023-09-27,Approved by IDA,306328,Unsanctioned
MPLADS-039755,Prahlad Singh Patel,Lok Sabha,Madhya Pradesh,DAMOH,,,BATIYAGARH,Gadhola Khande,Normal/Others,WS/MP646/2023-2024/27445 - Construction of common work sheds/ common covered sitting area,DISTRICT COLLECTOR DAMOH_IDA,2023-09-27,Approved by IDA,250000,Sanctioned
MPLADS-039768,Prahlad Singh Patel,Lok Sabha,Madhya Pradesh,DAMOH,,,DAMOH,Chopra Khurd (OG),Normal/Others,"WS/MP646/2023-2024/27415 - Construction of roads, approach roads, link roads and pathways",DISTRICT COLLECTOR DAMOH_IDA,2023-09-27,Approved by IDA,150000,Sanctioned
MPLADS-039769,Prahlad Singh Patel,Lok Sabha,Madhya Pradesh,DAMOH,,,DAMOH,Chopra Khurd (OG),Normal/Others,WS/MP646/2023-2024/27416 - Construction of culverts and bridges,DISTRICT COLLECTOR DAMOH_IDA,2023-09-27,Approved by IDA,200000,Sanctioned
MPLADS-039770,Prahlad Singh Patel,Lok Sabha,Madhya Pradesh,DAMOH,,,DAMOH,Chopra Khurd (OG),Normal/Others,WS/MP646/2023-2024/27438 - Providing drains and gutters for public drainage,DISTRICT COLLECTOR DAMOH_IDA,2023-09-27,Approved by IDA,150000,Sanctioned
MPLADS-039824,Shri Rajmani Patel,Rajya Sabha,Madhya Pradesh,Sitting Rajya Sabha,Baikunthpur,ward Number 9,,,Normal/Others,NA - Purchase of mobile water tankers,DISTRICT COLLECTOR REWA_IDA,2023-09-27,Action Pending,163424,Unsanctioned
MPLADS-039825,Shri Rajmani Patel,Rajya Sabha,Madhya Pradesh,Sitting Rajya Sabha,Sirmaur,ward number 8,,,Normal/Others,NA - Purchase of mobile water tankers,DISTRICT COLLECTOR REWA_IDA,2023-09-27,Action Pending,163424,Unsanctioned
MPLADS-039826,Shri Rajmani Patel,Rajya Sabha,Madhya Pradesh,Sitting Rajya Sabha,Dabhaura,ward number 4,,,Normal/Others,NA - Purchase of mobile water tankers,DISTRICT COLLECTOR REWA_IDA,2023-09-27,Action Pending,163424,Unsanctioned
MPLADS-039827,Shri Rajmani Patel,Rajya Sabha,Madhya Pradesh,Sitting Rajya Sabha,,,REWA,Khajuha Kalan,Normal/Others,NA - Purchase of mobile water tankers,DISTRICT COLLECTOR REWA_IDA,2023-09-27,Action Pending,163424,Unsanctioned
MPLADS-039828,Shri Rajmani Patel,Rajya Sabha,Madhya Pradesh,Sitting Rajya Sabha,,,JAWA,Itama,Normal/Others,NA - Purchase of mobile water tankers,DISTRICT COLLECTOR REWA_IDA,2023-09-27,Action Pending,163424,Unsanctioned
MPLADS-039829,Ms Kavita Patidar,Rajya Sabha,Madhya Pradesh,Sitting Rajya Sabha,,,BERASIA,Gondipura,Normal/Others,"WS/MP103/2023-2024/27586 - Construction of roads, approach roads, link roads and pathways",DISTRICT COLLECTOR BHOPAL_IDA,2023-09-27,Approved by IDA,1000000,Sanctioned
MPLADS-039832,Ms Kavita Patidar,Rajya Sabha,Madhya Pradesh,Sitting Rajya Sabha,,,MHOW,Khurdi,Normal/Others,"NA - Construction of roads, approach roads, link roads and pathways",DISTRICT COLLECTOR INDORE_IDA,2023-09-27,Action Pending,800000,Unsanctioned
MPLADS-039852,Ms Kavita Patidar,Rajya Sabha,Madhya Pradesh,Sitting Rajya Sabha,,,MHOW,Khurdi,Normal/Others,"NA - Construction of roads, approach roads, link roads and pathways",DISTRICT COLLECTOR INDORE_IDA,2023-09-27,Action Pending,1200000,Unsanctioned
MPLADS-039853,Ms Kavita Patidar,Rajya Sabha,Madhya Pradesh,Sitting Rajya Sabha,,,MHOW,Rampuriya Khurd,Normal/Others,"NA - Construction of roads, approach roads, link roads and pathways",DISTRICT COLLECTOR INDORE_IDA,2023-09-27,Action Pending,1000000,Unsanctioned
MPLADS-039876,Ms Kavita Patidar,Rajya Sabha,Madhya Pradesh,Sitting Rajya Sabha,,,NALCHHA,Asukhedi,Normal/Others,NA - Purchase of mobile water tankers,DISTRICT COLLECTOR DHAR_IDA,2023-09-27,Action Pending,250000,Unsanctioned
MPLADS-039877,Ms Kavita Patidar,Rajya Sabha,Madhya Pradesh,Sitting Rajya Sabha,,,GANDHWANI,Garwal,Normal/Others,NA - Purchase of mobile water tankers,DISTRICT COLLECTOR DHAR_IDA,2023-09-27,Action Pending,250000,Unsanctioned
MPLADS-039878,Ms Kavita Patidar,Rajya Sabha,Madhya Pradesh,Sitting Rajya Sabha,,,GANDHWANI,Gandhwani,Normal/Others,NA - Purchase of mobile water tankers,DISTRICT COLLECTOR DHAR_IDA,2023-09-27,Action Pending,250000,Unsanctioned
MPLADS-039879,Ms Kavita Patidar,Rajya Sabha,Madhya Pradesh,Sitting Rajya Sabha,,,GANDHWANI,Dedli-B,Normal/Others,NA - Purchase of mobile water tankers,DISTRICT COLLECTOR DHAR_IDA,2023-09-27,Action Pending,250000,Unsanctioned
MPLADS-039880,Ms Kavita Patidar,Rajya Sabha,Madhya Pradesh,Sitting Rajya Sabha,,,GANDHWANI,Moripura,Normal/Others,NA - Purchase of mobile water tankers,DISTRICT COLLECTOR DHAR_IDA,2023-09-27,Action Pending,250000,Unsanctioned
MPLADS-039881,Ms Kavita Patidar,Rajya Sabha,Madhya Pradesh,Sitting Rajya Sabha,,,GANDHWANI,Pipli,Normal/Others,NA - Purchase of mobile water tankers,DISTRICT COLLECTOR DHAR_IDA,2023-09-27,Action Pending,250000,Unsanctioned
MPLADS-039882,Ms Kavita Patidar,Rajya Sabha,Madhya Pradesh,Sitting Rajya Sabha,,,GANDHWANI,Garwada,Normal/Others,NA - Purchase of mobile water tankers,DISTRICT COLLECTOR DHAR_IDA,2023-09-27,Action Pending,250000,Unsanctioned
MPLADS-039883,Ms Kavita Patidar,Rajya Sabha,Madhya Pradesh,Sitting Rajya Sabha,,,GANDHWANI,Pithanpur,Normal/Others,NA - Purchase of mobile water tankers,DISTRICT COLLECTOR DHAR_IDA,2023-09-27,Action Pending,250000,Unsanctioned
MPLADS-039884,Ms Kavita Patidar,Rajya Sabha,Madhya Pradesh,Sitting Rajya Sabha,,,GANDHWANI,Malhera,Normal/Others,NA - Purchase of mobile water tankers,DISTRICT COLLECTOR DHAR_IDA,2023-09-27,Action Pending,250000,Unsanctioned
MPLADS-039885,Ms Kavita Patidar,Rajya Sabha,Madhya Pradesh,Sitting Rajya Sabha,,,GANDHWANI,Songaon,Normal/Others,NA - Purchase of mobile water tankers,DISTRICT COLLECTOR DHAR_IDA,2023-09-27,Action Pending,250000,Unsanctioned
MPLADS-039886,Ms Kavita Patidar,Rajya Sabha,Madhya Pradesh,Sitting Rajya Sabha,,,GANDHWANI,Khod,Normal/Others,NA - Purchase of mobile water tankers,DISTRICT COLLECTOR DHAR_IDA,2023-09-27,Action Pending,250000,Unsanctioned
MPLADS-039888,Ms Kavita Patidar,Rajya Sabha,Madhya Pradesh,Sitting Rajya Sabha,,,GANDHWANI,Khojakuwa,Normal/Others,NA - Purchase of mobile water tankers,DISTRICT COLLECTOR DHAR_IDA,2023-09-27,Action Pending,250000,Unsanctioned
MPLADS-039889,Ms Kavita Patidar,Rajya Sabha,Madhya Pradesh,Sitting Rajya Sabha,,,GANDHWANI,Khadki,Normal/Others,NA - Purchase of mobile water tankers,DISTRICT COLLECTOR DHAR_IDA,2023-09-27,Action Pending,250000,Unsanctioned
MPLADS-039984,Ms Kavita Patidar,Rajya Sabha,Madhya Pradesh,Sitting Rajya Sabha,,,GANDHWANI,Anjantad,Normal/Others,NA - Purchase of mobile water tankers,DISTRICT COLLECTOR DHAR_IDA,2023-09-27,Action Pending,250000,Unsanctioned
MPLADS-040186,Uday Pratap Singh,Lok Sabha,Madhya Pradesh,HOSHANGABAD,Devri,WARD No. 02,,,Normal/Others,NA - Construction of common work sheds/ common covered sitting area,DISTRICT COLLECTOR RAISEN_IDA,2023-09-26,Action Pending,100000,Unsanctioned
MPLADS-040196,Uday Pratap Singh,Lok Sabha,Madhya Pradesh,HOSHANGABAD,Gadarwara,WARD No. 22,,,Normal/Others,NA - Construction of community centers and community halls,DISTRICT COLLECTOR NARSINGHPUR_IDA,2023-09-26,Action Pending,250000,Unsanctioned
MPLADS-040197,Uday Pratap Singh,Lok Sabha,Madhya Pradesh,HOSHANGABAD,Chichli,CHICHLI,,,Normal/Others,NA - Laying of synthetic turfs for hockey and football,DISTRICT COLLECTOR NARSINGHPUR_IDA,2023-09-26,Action Pending,100000,Unsanctioned
MPLADS-040198,Prahlad Singh Patel,Lok Sabha,Madhya Pradesh,DAMOH,Hatta,hata nagar,,,Normal/Others,WS/MP646/2023-2024/26599 - Construction of bus-sheds or bus-stops,DISTRICT COLLECTOR DAMOH_IDA,2023-09-26,Approved by IDA,265022,Unsanctioned
MPLADS-040199,Uday Pratap Singh,Lok Sabha,Madhya Pradesh,HOSHANGABAD,Salichauka,SALICHOUKA,,,Normal/Others,NA - Purchase of mobile water tankers,DISTRICT COLLECTOR NARSINGHPUR_IDA,2023-09-26,Action Pending,200000,Unsanctioned
MPLADS-040200,Uday Pratap Singh,Lok Sabha,Madhya Pradesh,HOSHANGABAD,Udaipura,TALAPURA,,,Normal/Others,NA - Construction of community centers and community halls,DISTRICT COLLECTOR RAISEN_IDA,2023-09-26,Action Pending,250000,Unsanctioned
MPLADS-040202,Uday Pratap Singh,Lok Sabha,Madhya Pradesh,HOSHANGABAD,Devri,Devri,,,Normal/Others,NA - Purchase of mobile water tankers,DISTRICT COLLECTOR RAISEN_IDA,2023-09-26,Action Pending,100000,Unsanctioned
MPLADS-040203,Uday Pratap Singh,Lok Sabha,Madhya Pradesh,HOSHANGABAD,Udaipura,UDAIPURA,,,Normal/Others,"NA - Providing sports equipment, except consumable items",DISTRICT COLLECTOR RAISEN_IDA,2023-09-26,Action Pending,100000,Unsanctioned
MPLADS-040204,Mahendra Singh Solanky,Lok Sabha,Madhya Pradesh,DEWAS(SC),Dewas,37,,,Normal/Others,NA - Construction of bus-sheds or bus-stops,DISTRICT COLLECTOR DEWAS_IDA,2023-09-26,Action Pending,300000,Unsanctioned
MPLADS-040205,Rodmal Nagar,Lok Sabha,Madhya Pradesh,RAJGARH,KURAWAR,00,,,Normal/Others,NA - Construction of bus-sheds or bus-stops,DISTRICT COLLECTOR RAJGARH_IDA,2023-09-26,Action Pending,1000000,Unsanctioned
MPLADS-040206,Janardan Mishra,Lok Sabha,Madhya Pradesh,REWA,Chakghat,nagar parisad,,,Normal/Others,WS/MP644/2023-2024/26980 - Purchase of mobile water tankers,DISTRICT COLLECTOR REWA_IDA,2023-09-26,Approved by IDA,144000,Sanctioned
MPLADS-040207,Rodmal Nagar,Lok Sabha,Madhya Pradesh,RAJGARH,Sarangpur,00,,,Normal/Others,WS/MP443/2023-2024/27024 - Purchase of books for public libraries,DISTRICT COLLECTOR RAJGARH_IDA,2023-09-26,Approved by IDA,25000,Unsanctioned
MPLADS-040208,Rodmal Nagar,Lok Sabha,Madhya Pradesh,RAJGARH,Sarangpur,16,,,Normal/Others,WS/MP443/2023-2024/27025 - Purchase of books for public libraries,DISTRICT COLLECTOR RAJGARH_IDA,2023-09-26,Approved by IDA,25000,Unsanctioned
MPLADS-040209,Rodmal Nagar,Lok Sabha,Madhya Pradesh,RAJGARH,Machalpur,00,,,Normal/Others,WS/MP443/2023-2024/27026 - Purchase of books for public libraries,DISTRICT COLLECTOR RAJGARH_IDA,2023-09-26,Approved by IDA,25000,Unsanctioned
MPLADS-040210,Rodmal Nagar,Lok Sabha,Madhya Pradesh,RAJGARH,Jirapur,00,,,Normal/Others,WS/MP443/2023-2024/27027 - Purchase of books for public libraries,DISTRICT COLLECTOR RAJGARH_IDA,2023-09-26,Approved by IDA,25000,Unsanctioned
MPLADS-040211,Shri Rajmani Patel,Rajya Sabha,Madhya Pradesh,Sitting Rajya Sabha,,,SIRMOUR,Khairhan,Normal/Others,NA - Purchase of mobile water tankers,DISTRICT COLLECTOR REWA_IDA,2023-09-26,Action Pending,163424,Unsanctioned
MPLADS-040212,Shri Rajmani Patel,Rajya Sabha,Madhya Pradesh,Sitting Rajya Sabha,,,JAWA,Kadaila,Normal/Others,NA - Purchase of mobile water tankers,DISTRICT COLLECTOR REWA_IDA,2023-09-26,Action Pending,163424,Unsanctioned
MPLADS-040213,Shri Rajmani Patel,Rajya Sabha,Madhya Pradesh,Sitting Rajya Sabha,,,GANGEV,Nadana,Normal/Others,NA - Purchase of mobile water tankers,DISTRICT COLLECTOR REWA_IDA,2023-09-26,Action Pending,163424,Unsanctioned
MPLADS-040214,Shri Rajmani Patel,Rajya Sabha,Madhya Pradesh,Sitting Rajya Sabha,,,GANGEV,Patai,Normal/Others,NA - Purchase of mobile water tankers,DISTRICT COLLECTOR REWA_IDA,2023-09-26,Action Pending,163424,Unsanctioned
MPLADS-040217,Shri Rajmani Patel,Rajya Sabha,Madhya Pradesh,Sitting Rajya Sabha,,,JAWA,Khamhariya,Normal/Others,NA - Purchase of mobile water tankers,DISTRICT COLLECTOR REWA_IDA,2023-09-26,Action Pending,163424,Unsanctioned
MPLADS-040247,Shri Rajmani Patel,Rajya Sabha,Madhya Pradesh,Sitting Rajya Sabha,,,JAWA,Badachh,Normal/Others,NA - Purchase of mobile water tankers,DISTRICT COLLECTOR REWA_IDA,2023-09-26,Action Pending,163424,Unsanctioned
MPLADS-040248,Shri Rajmani Patel,Rajya Sabha,Madhya Pradesh,Sitting Rajya Sabha,,,JAWA,Kalyanpur,Normal/Others,NA - Purchase of mobile water tankers,DISTRICT COLLECTOR REWA_IDA,2023-09-26,Action Pending,163424,Unsanctioned
MPLADS-040281,Rodmal Nagar,Lok Sabha,Madhya Pradesh,RAJGARH,Jirapur,00,,,Normal/Others,WS/MP443/2023-2024/27028 - Purchase of books for public libraries,DISTRICT COLLECTOR RAJGARH_IDA,2023-09-26,Approved by IDA,25000,Unsanctioned
MPLADS-040283,Rodmal Nagar,Lok Sabha,Madhya Pradesh,RAJGARH,Machalpur,00,,,Normal/Others,WS/MP443/2023-2024/27029 - Purchase of books for public libraries,DISTRICT COLLECTOR RAJGARH_IDA,2023-09-26,Approved by IDA,25000,Unsanctioned
MPLADS-040284,Rodmal Nagar,Lok Sabha,Madhya Pradesh,RAJGARH,Rajgarh,00,,,Normal/Others,WS/MP443/2023-2024/27030 - Construction of community centers and community halls,DISTRICT COLLECTOR RAJGARH_IDA,2023-09-26,Approved by IDA,1100000,Sanctioned
MPLADS-040285,Rodmal Nagar,Lok Sabha,Madhya Pradesh,RAJGARH,Biaora,00,,,Normal/Others,NA - Construction of buildings for community cultural activities,DISTRICT COLLECTOR RAJGARH_IDA,2023-09-26,Action Pending,300000,Unsanctioned
MPLADS-040286,Smt Himadri Singh,Lok Sabha,Madhya Pradesh,SHAHDOL (ST),Pali,11,,,Normal/Others,NA - Purchase of mobile water tankers,District Collector Umariya_IDA,2023-09-26,Action Pending,250000,Unsanctioned
MPLADS-040287,Smt Himadri Singh,Lok Sabha,Madhya Pradesh,SHAHDOL (ST),Pali,11,,,Normal/Others,NA - Purchase of mobile water tankers,District Collector Umariya_IDA,2023-09-26,Action Pending,250000,Unsanctioned
MPLADS-040288,Smt Himadri Singh,Lok Sabha,Madhya Pradesh,SHAHDOL (ST),Nowrozabad - Khodargama,08,,,Normal/Others,NA - Purchase of mobile water tankers,District Collector Umariya_IDA,2023-09-26,Action Pending,250000,Unsanctioned
MPLADS-040289,Smt Himadri Singh,Lok Sabha,Madhya Pradesh,SHAHDOL (ST),MANPURR,5,,,Normal/Others,NA - Purchase of mobile water tankers,District Collector Umariya_IDA,2023-09-26,Action Pending,250000,Unsanctioned
MPLADS-040290,Smt Himadri Singh,Lok Sabha,Madhya Pradesh,SHAHDOL (ST),Chandia,5,,,Normal/Others,NA - Purchase of mobile water tankers,District Collector Umariya_IDA,2023-09-26,Action Pending,250000,Unsanctioned
MPLADS-040291,Smt Himadri Singh,Lok Sabha,Madhya Pradesh,SHAHDOL (ST),Umaria,21,,,Normal/Others,NA - Purchase of mobile water tankers,District Collector Umariya_IDA,2023-09-26,Action Pending,250000,Unsanctioned
MPLADS-040292,Smt Himadri Singh,Lok Sabha,Madhya Pradesh,SHAHDOL (ST),Jaithari,8,,,Normal/Others,WS/MP654/2023-2024/27072 - Purchase of mobile water tankers,DISTRICT COLLECTOR ANUPPUR_IDA,2023-09-26,Approved by IDA,250000,Unsanctioned
MPLADS-040293,Smt Himadri Singh,Lok Sabha,Madhya Pradesh,SHAHDOL (ST),Doomar Kachhar,9,,,Normal/Others,WS/MP654/2023-2024/27073 - Purchase of mobile water tankers,DISTRICT COLLECTOR ANUPPUR_IDA,2023-09-26,Approved by IDA,250000,Unsanctioned
MPLADS-040314,Janardan Mishra,Lok Sabha,Madhya Pradesh,REWA,,,REWA,Gaddi,Normal/Others,WS/MP644/2023-2024/26997 - Purchase of mobile water tankers,DISTRICT COLLECTOR REWA_IDA,2023-09-26,Approved by IDA,144000,Sanctioned
MPLADS-040315,Janardan Mishra,Lok Sabha,Madhya Pradesh,REWA,,,REWA,Tikar,Normal/Others,WS/MP644/2023-2024/26995 - Purchase of mobile water tankers,DISTRICT COLLECTOR REWA_IDA,2023-09-26,Approved by IDA,144000,Sanctioned
MPLADS-040316,Janardan Mishra,Lok Sabha,Madhya Pradesh,REWA,,,REWA,Chaudiyar,Normal/Others,WS/MP644/2023-2024/26994 - Purchase of mobile water tankers,DISTRICT COLLECTOR REWA_IDA,2023-09-26,Approved by IDA,144000,Sanctioned
MPLADS-040317,Janardan Mishra,Lok Sabha,Madhya Pradesh,REWA,,,REWA,Panti(370),Normal/Others,WS/MP644/2023-2024/26993 - Purchase of mobile water tankers,DISTRICT COLLECTOR REWA_IDA,2023-09-26,Approved by IDA,144000,Sanctioned
MPLADS-040318,Janardan Mishra,Lok Sabha,Madhya Pradesh,REWA,,,REWA,Chua,Normal/Others,WS/MP644/2023-2024/26992 - Purchase of mobile water tankers,DISTRICT COLLECTOR REWA_IDA,2023-09-26,Approved by IDA,144000,Sanctioned
MPLADS-040319,Janardan Mishra,Lok Sabha,Madhya Pradesh,REWA,,,REWA,Goragi,Normal/Others,WS/MP644/2023-2024/26991 - Purchase of mobile water tankers,DISTRICT COLLECTOR REWA_IDA,2023-09-26,Approved by IDA,144000,Sanctioned
MPLADS-040320,Janardan Mishra,Lok Sabha,Madhya Pradesh,REWA,,,REWA,Amilki,Normal/Others,WS/MP644/2023-2024/26990 - Purchase of mobile water tankers,DISTRICT COLLECTOR REWA_IDA,2023-09-26,Approved by IDA,144000,Sanctioned
MPLADS-040321,Janardan Mishra,Lok Sabha,Madhya Pradesh,REWA,,,REWA,Dubi,Normal/Others,WS/MP644/2023-2024/26989 - Purchase of mobile water tankers,DISTRICT COLLECTOR REWA_IDA,2023-09-26,Approved by IDA,144000,Sanctioned
MPLADS-040322,Janardan Mishra,Lok Sabha,Madhya Pradesh,REWA,,,REWA,Jokiha,Normal/Others,WS/MP644/2023-2024/26988 - Purchase of mobile water tankers,DISTRICT COLLECTOR REWA_IDA,2023-09-26,Approved by IDA,144000,Sanctioned
MPLADS-040323,Janardan Mishra,Lok Sabha,Madhya Pradesh,REWA,,,REWA,Kanauja,Normal/Others,WS/MP644/2023-2024/26987 - Purchase of mobile water tankers,DISTRICT COLLECTOR REWA_IDA,2023-09-26,Approved by IDA,144000,Sanctioned
MPLADS-040324,Janardan Mishra,Lok Sabha,Madhya Pradesh,REWA,,,JAWA,Chaur,Normal/Others,WS/MP644/2023-2024/26982 - Purchase of mobile water tankers,DISTRICT COLLECTOR REWA_IDA,2023-09-26,Approved by IDA,144000,Sanctioned
MPLADS-040325,Janardan Mishra,Lok Sabha,Madhya Pradesh,REWA,,,JAWA,Kanchanpur(46),Normal/Others,WS/MP644/2023-2024/26981 - Purchase of mobile water tankers,DISTRICT COLLECTOR REWA_IDA,2023-09-26,Approved by IDA,144000,Sanctioned
MPLADS-040326,Janardan Mishra,Lok Sabha,Madhya Pradesh,REWA,,,MAUGANJ,Rampur,Normal/Others,WS/MP644/2023-2024/26957 - Purchase of mobile water tankers,DISTRICT COLLECTOR REWA_IDA,2023-09-26,Approved by IDA,144000,Sanctioned
MPLADS-040327,Janardan Mishra,Lok Sabha,Madhya Pradesh,REWA,,,MAUGANJ,Karhiya,Normal/Others,WS/MP644/2023-2024/26956 - Purchase of mobile water tankers,DISTRICT COLLECTOR REWA_IDA,2023-09-26,Approved by IDA,144000,Sanctioned
MPLADS-040328,Janardan Mishra,Lok Sabha,Madhya Pradesh,REWA,,,MAUGANJ,Dighwar,Normal/Others,WS/MP644/2023-2024/26955 - Purchase of mobile water tankers,DISTRICT COLLECTOR REWA_IDA,2023-09-26,Approved by IDA,144000,Sanctioned
MPLADS-040329,Janardan Mishra,Lok Sabha,Madhya Pradesh,REWA,,,MAUGANJ,Khaira,Normal/Others,WS/MP644/2023-2024/26954 - Purchase of mobile water tankers,DISTRICT COLLECTOR REWA_IDA,2023-09-26,Approved by IDA,144000,Sanctioned
MPLADS-040330,Janardan Mishra,Lok Sabha,Madhya Pradesh,REWA,,,MAUGANJ,Padar,Normal/Others,WS/MP644/2023-2024/26953 - Purchase of mobile water tankers,DISTRICT COLLECTOR REWA_IDA,2023-09-26,Approved by IDA,144000,Sanctioned
MPLADS-040331,Janardan Mishra,Lok Sabha,Madhya Pradesh,REWA,,,MAUGANJ,Atariya Shivprasad,Normal/Others,WS/MP644/2023-2024/26952 - Purchase of mobile water tankers,DISTRICT COLLECTOR REWA_IDA,2023-09-26,Approved by IDA,144000,Sanctioned
MPLADS-040332,Janardan Mishra,Lok Sabha,Madhya Pradesh,REWA,,,MAUGANJ,Saraiha,Normal/Others,WS/MP644/2023-2024/26951 - Purchase of mobile water tankers,DISTRICT COLLECTOR REWA_IDA,2023-09-26,Approved by IDA,144000,Sanctioned
MPLADS-040333,Janardan Mishra,Lok Sabha,Madhya Pradesh,REWA,,,MAUGANJ,Godriambikaram,Normal/Others,WS/MP644/2023-2024/26950 - Purchase of mobile water tankers,DISTRICT COLLECTOR REWA_IDA,2023-09-26,Approved by IDA,144000,Sanctioned
MPLADS-040334,Janardan Mishra,Lok Sabha,Madhya Pradesh,REWA,,,MAUGANJ,Dhera,Normal/Others,WS/MP644/2023-2024/26949 - Purchase of mobile water tankers,DISTRICT COLLECTOR REWA_IDA,2023-09-26,Approved by IDA,144000,Sanctioned
MPLADS-040335,Janardan Mishra,Lok Sabha,Madhya Pradesh,REWA,,,NAIGARHI,Bahera Nankar,Normal/Others,WS/MP644/2023-2024/26936 - Purchase of mobile water tankers,DISTRICT COLLECTOR REWA_IDA,2023-09-26,Approved by IDA,144000,Sanctioned
MPLADS-040336,Janardan Mishra,Lok Sabha,Madhya Pradesh,REWA,,,NAIGARHI,Karhi,Normal/Others,WS/MP644/2023-2024/26935 - Purchase of mobile water tankers,DISTRICT COLLECTOR REWA_IDA,2023-09-26,Approved by IDA,144000,Sanctioned
MPLADS-040337,Janardan Mishra,Lok Sabha,Madhya Pradesh,REWA,,,RAIPUR KARCHULIYAN,Kati,Normal/Others,WS/MP644/2023-2024/26934 - Purchase of mobile water tankers,DISTRICT COLLECTOR REWA_IDA,2023-09-26,Approved by IDA,144000,Sanctioned
MPLADS-040338,Janardan Mishra,Lok Sabha,Madhya Pradesh,REWA,,,RAIPUR KARCHULIYAN,Raghurajgarh,Normal/Others,WS/MP644/2023-2024/26933 - Purchase of mobile water tankers,DISTRICT COLLECTOR REWA_IDA,2023-09-26,Approved by IDA,144000,Sanctioned
MPLADS-040339,Janardan Mishra,Lok Sabha,Madhya Pradesh,REWA,,,RAIPUR KARCHULIYAN,Lauwa,Normal/Others,WS/MP644/2023-2024/26932 - Purchase of mobile water tankers,DISTRICT COLLECTOR REWA_IDA,2023-09-26,Approved by IDA,144000,Sanctioned
MPLADS-040340,Janardan Mishra,Lok Sabha,Madhya Pradesh,REWA,,,RAIPUR KARCHULIYAN,Karaundi,Normal/Others,WS/MP644/2023-2024/26931 - Purchase of mobile water tankers,DISTRICT COLLECTOR REWA_IDA,2023-09-26,Approved by IDA,144000,Sanctioned
MPLADS-040341,Janardan Mishra,Lok Sabha,Madhya Pradesh,REWA,,,RAIPUR KARCHULIYAN,Patauta,Normal/Others,WS/MP644/2023-2024/26930 - Purchase of mobile water tankers,DISTRICT COLLECTOR REWA_IDA,2023-09-26,Approved by IDA,144000,Sanctioned
MPLADS-040342,Prahlad Singh Patel,Lok Sabha,Madhya Pradesh,DAMOH,,,PATHARIYA,Jagthar,Normal/Others,WS/MP646/2023-2024/26550 - Construction of bus-sheds or bus-stops,DISTRICT COLLECTOR DAMOH_IDA,2023-09-26,Approved by IDA,265022,Sanctioned
MPLADS-040343,Mahendra Singh Solanky,Lok Sabha,Madhya Pradesh,DEWAS(SC),,,BAGLI,Amlataj,Normal/Others,WS/MP653/2023-2024/26528 - Construction of community centers and community halls,DISTRICT COLLECTOR DEWAS_IDA,2023-09-26,Approved by IDA,1100000,Sanctioned
MPLADS-040344,Janardan Mishra,Lok Sabha,Madhya Pradesh,REWA,,,REWA,Jiwala,Normal/Others,WS/MP644/2023-2024/26996 - Purchase of mobile water tankers,DISTRICT COLLECTOR REWA_IDA,2023-09-26,Approved by IDA,144000,Sanctioned
MPLADS-040345,Rodmal Nagar,Lok Sabha,Madhya Pradesh,RAJGARH,,,SARANGPUR,Udankhedi,Normal/Others,WS/MP443/2023-2024/27035 - Construction of community centers and community halls,DISTRICT COLLECTOR RAJGARH_IDA,2023-09-26,Approved by IDA,300000,Sanctioned
MPLADS-040346,Uday Pratap Singh,Lok Sabha,Madhya Pradesh,HOSHANGABAD,,,BABAI CHICHALI,Dhameta,Normal/Others,WS/MP651/2023-2024/26457 - Purchase of mobile water tankers,DISTRICT COLLECTOR NARSINGHPUR_IDA,2023-09-26,Approved by IDA,100000,Sanctioned
MPLADS-040347,Shri Rajmani Patel,Rajya Sabha,Madhya Pradesh,Sitting Rajya Sabha,,,SIRMOUR,Mau,Normal/Others,NA - Purchase of mobile water tankers,DISTRICT COLLECTOR REWA_IDA,2023-09-26,Action Pending,163424,Unsanctioned
MPLADS-040372,Shri Rajmani Patel,Rajya Sabha,Madhya Pradesh,Sitting Rajya Sabha,,,SIRMOUR,Rajgarh,Normal/Others,NA - Purchase of mobile water tankers,DISTRICT COLLECTOR REWA_IDA,2023-09-26,Action Pending,163424,Unsanctioned
MPLADS-040373,Shri Rajmani Patel,Rajya Sabha,Madhya Pradesh,Sitting Rajya Sabha,,,SIRMOUR,Sadahana,Normal/Others,NA - Purchase of mobile water tankers,DISTRICT COLLECTOR REWA_IDA,2023-09-26,Action Pending,163424,Unsanctioned
MPLADS-040374,Shri Rajmani Patel,Rajya Sabha,Madhya Pradesh,Sitting Rajya Sabha,,,SIRMOUR,Padari,Normal/Others,NA - Purchase of mobile water tankers,DISTRICT COLLECTOR REWA_IDA,2023-09-26,Action Pending,163424,Unsanctioned
MPLADS-040375,Shri Rajmani Patel,Rajya Sabha,Madhya Pradesh,Sitting Rajya Sabha,,,SIRMOUR,Maraila,Normal/Others,NA - Purchase of mobile water tankers,DISTRICT COLLECTOR REWA_IDA,2023-09-26,Action Pending,163424,Unsanctioned
MPLADS-040376,Shri Rajmani Patel,Rajya Sabha,Madhya Pradesh,Sitting Rajya Sabha,,,SIRMOUR,Dol,Normal/Others,NA - Purchase of mobile water tankers,DISTRICT COLLECTOR REWA_IDA,2023-09-26,Action Pending,163424,Unsanctioned
MPLADS-040377,Uday Pratap Singh,Lok Sabha,Madhya Pradesh,HOSHANGABAD,,,CHAWARPATHA,Imaliya,Normal/Others,WS/MP651/2023-2024/26486 - Construction of common work sheds/ common covered sitting area,DISTRICT COLLECTOR NARSINGHPUR_IDA,2023-09-26,Approved by IDA,50000,Sanctioned
MPLADS-040378,Uday Pratap Singh,Lok Sabha,Madhya Pradesh,HOSHANGABAD,,,BABAI CHICHALI,Dhameta,Normal/Others,WS/MP651/2023-2024/26456 - Development of playfields and sports grounds,DISTRICT COLLECTOR NARSINGHPUR_IDA,2023-09-26,Approved by IDA,100000,Sanctioned
MPLADS-040412,Shri Rajmani Patel,Rajya Sabha,Madhya Pradesh,Sitting Rajya Sabha,,,JAWA,Gauhana,Normal/Others,NA - Purchase of mobile water tankers,DISTRICT COLLECTOR REWA_IDA,2023-09-26,Action Pending,163424,Unsanctioned
MPLADS-040414,Shri Rajmani Patel,Rajya Sabha,Madhya Pradesh,Sitting Rajya Sabha,,,JAWA,Usaki,Normal/Others,NA - Purchase of mobile water tankers,DISTRICT COLLECTOR REWA_IDA,2023-09-26,Action Pending,163424,Unsanctioned
MPLADS-040415,Shri Rajmani Patel,Rajya Sabha,Madhya Pradesh,Sitting Rajya Sabha,,,JAWA,Dagdaiya,Normal/Others,NA - Purchase of mobile water tankers,DISTRICT COLLECTOR REWA_IDA,2023-09-26,Action Pending,163424,Unsanctioned
MPLADS-040416,Shri Rajmani Patel,Rajya Sabha,Madhya Pradesh,Sitting Rajya Sabha,,,JAWA,Pathrauda,Normal/Others,NA - Purchase of mobile water tankers,DISTRICT COLLECTOR REWA_IDA,2023-09-26,Action Pending,163424,Unsanctioned
MPLADS-040417,Shri Rajmani Patel,Rajya Sabha,Madhya Pradesh,Sitting Rajya Sabha,,,JAWA,Jawa,Normal/Others,NA - Purchase of mobile water tankers,DISTRICT COLLECTOR REWA_IDA,2023-09-26,Action Pending,163424,Unsanctioned
MPLADS-040418,Shri Rajmani Patel,Rajya Sabha,Madhya Pradesh,Sitting Rajya Sabha,,,JAWA,Jhalwa,Normal/Others,NA - Purchase of mobile water tankers,DISTRICT COLLECTOR REWA_IDA,2023-09-26,Action Pending,163424,Unsanctioned
MPLADS-040419,Shri Rajmani Patel,Rajya Sabha,Madhya Pradesh,Sitting Rajya Sabha,,,JAWA,Silaha,Normal/Others,NA - Purchase of mobile water tankers,DISTRICT COLLECTOR REWA_IDA,2023-09-26,Action Pending,163424,Unsanctioned
MPLADS-040422,Shri Rajmani Patel,Rajya Sabha,Madhya Pradesh,Sitting Rajya Sabha,,,SIRMOUR,Tilkhan,Normal/Others,NA - Purchase of mobile water tankers,DISTRICT COLLECTOR REWA_IDA,2023-09-26,Action Pending,163424,Unsanctioned
MPLADS-040423,Shri Rajmani Patel,Rajya Sabha,Madhya Pradesh,Sitting Rajya Sabha,,,SIRMOUR,Badarao Gautaman,Normal/Others,NA - Purchase of mobile water tankers,DISTRICT COLLECTOR REWA_IDA,2023-09-26,Action Pending,163424,Unsanctioned
MPLADS-040424,Shri Rajmani Patel,Rajya Sabha,Madhya Pradesh,Sitting Rajya Sabha,,,SIRMOUR,Rimari,Normal/Others,NA - Purchase of mobile water tankers,DISTRICT COLLECTOR REWA_IDA,2023-09-26,Action Pending,163424,Unsanctioned
MPLADS-040425,Shri Rajmani Patel,Rajya Sabha,Madhya Pradesh,Sitting Rajya Sabha,,,SIRMOUR,Dihiya,Normal/Others,NA - Purchase of mobile water tankers,DISTRICT COLLECTOR REWA_IDA,2023-09-26,Action Pending,163424,Unsanctioned
MPLADS-040429,Shri Rajmani Patel,Rajya Sabha,Madhya Pradesh,Sitting Rajya Sabha,,,SIRMOUR,Pathari,Normal/Others,NA - Purchase of mobile water tankers,DISTRICT COLLECTOR REWA_IDA,2023-09-26,Action Pending,163424,Unsanctioned
MPLADS-040430,Shri Rajmani Patel,Rajya Sabha,Madhya Pradesh,Sitting Rajya Sabha,,,SIRMOUR,Delhi,Normal/Others,NA - Purchase of mobile water tankers,DISTRICT COLLECTOR REWA_IDA,2023-09-26,Action Pending,163424,Unsanctioned
MPLADS-040431,Shri Rajmani Patel,Rajya Sabha,Madhya Pradesh,Sitting Rajya Sabha,,,SIRMOUR,Umari,Normal/Others,NA - Purchase of mobile water tankers,DISTRICT COLLECTOR REWA_IDA,2023-09-26,Action Pending,163424,Unsanctioned
MPLADS-040432,Shri Rajmani Patel,Rajya Sabha,Madhya Pradesh,Sitting Rajya Sabha,,,SIRMOUR,Badaraotiwariyan,Normal/Others,NA - Purchase of mobile water tankers,DISTRICT COLLECTOR REWA_IDA,2023-09-26,Action Pending,163424,Unsanctioned
MPLADS-040433,Shri Rajmani Patel,Rajya Sabha,Madhya Pradesh,Sitting Rajya Sabha,,,JAWA,Nagma,Normal/Others,NA - Purchase of mobile water tankers,DISTRICT COLLECTOR REWA_IDA,2023-09-26,Action Pending,163424,Unsanctioned
MPLADS-040434,Shri Rajmani Patel,Rajya Sabha,Madhya Pradesh,Sitting Rajya Sabha,,,JAWA,Janakhai Khurd,Normal/Others,NA - Purchase of mobile water tankers,DISTRICT COLLECTOR REWA_IDA,2023-09-26,Action Pending,163424,Unsanctioned
MPLADS-040435,Shri Rajmani Patel,Rajya Sabha,Madhya Pradesh,Sitting Rajya Sabha,,,JAWA,Niva,Normal/Others,NA - Purchase of mobile water tankers,DISTRICT COLLECTOR REWA_IDA,2023-09-26,Action Pending,163424,Unsanctioned
MPLADS-040436,Shri Rajmani Patel,Rajya Sabha,Madhya Pradesh,Sitting Rajya Sabha,,,JAWA,Look No 1,Normal/Others,NA - Purchase of mobile water tankers,DISTRICT COLLECTOR REWA_IDA,2023-09-26,Action Pending,163424,Unsanctioned
MPLADS-040437,Shri Rajmani Patel,Rajya Sabha,Madhya Pradesh,Sitting Rajya Sabha,,,JAWA,Gadha (137),Normal/Others,NA - Purchase of mobile water tankers,DISTRICT COLLECTOR REWA_IDA,2023-09-26,Action Pending,163424,Unsanctioned
MPLADS-040438,Shri Rajmani Patel,Rajya Sabha,Madhya Pradesh,Sitting Rajya Sabha,,,JAWA,Gadha (138),Normal/Others,NA - Purchase of mobile water tankers,DISTRICT COLLECTOR REWA_IDA,2023-09-26,Action Pending,163424,Unsanctioned
MPLADS-040439,Shri Rajmani Patel,Rajya Sabha,Madhya Pradesh,Sitting Rajya Sabha,,,JAWA,Jonha,Normal/Others,NA - Purchase of mobile water tankers,DISTRICT COLLECTOR REWA_IDA,2023-09-26,Action Pending,163424,Unsanctioned
MPLADS-040440,Shri Rajmani Patel,Rajya Sabha,Madhya Pradesh,Sitting Rajya Sabha,,,JAWA,Kasiyari,Normal/Others,NA - Purchase of mobile water tankers,DISTRICT COLLECTOR REWA_IDA,2023-09-26,Action Pending,163424,Unsanctioned
MPLADS-040441,Shri Rajmani Patel,Rajya Sabha,Madhya Pradesh,Sitting Rajya Sabha,,,JAWA,Purauna,Normal/Others,NA - Purchase of mobile water tankers,DISTRICT COLLECTOR REWA_IDA,2023-09-26,Action Pending,163424,Unsanctioned
MPLADS-040444,Shri Rajmani Patel,Rajya Sabha,Madhya Pradesh,Sitting Rajya Sabha,,,SIRMOUR,Karariya,Normal/Others,NA - Purchase of mobile water tankers,DISTRICT COLLECTOR REWA_IDA,2023-09-26,Action Pending,163424,Unsanctioned
MPLADS-040456,Shri Rajmani Patel,Rajya Sabha,Madhya Pradesh,Sitting Rajya Sabha,,,JAWA,Patehara,Normal/Others,NA - Purchase of mobile water tankers,DISTRICT COLLECTOR REWA_IDA,2023-09-26,Action Pending,163424,Unsanctioned
MPLADS-040457,Shri Rajmani Patel,Rajya Sabha,Madhya Pradesh,Sitting Rajya Sabha,,,JAWA,Atraila,Normal/Others,NA - Purchase of mobile water tankers,DISTRICT COLLECTOR REWA_IDA,2023-09-26,Action Pending,163424,Unsanctioned
MPLADS-040458,Shri Rajmani Patel,Rajya Sabha,Madhya Pradesh,Sitting Rajya Sabha,,,Jawa,Jawa,Normal/Others,WS/MP105/2023-2024/26785 - Purchase of mobile water tankers,DISTRICT COLLECTOR REWA_IDA,2023-09-26,Approved by IDA,7190656,Unsanctioned
MPLADS-040459,Shri Rajmani Patel,Rajya Sabha,Madhya Pradesh,Sitting Rajya Sabha,,,JAWA,Kuthila,Normal/Others,NA - Purchase of mobile water tankers,DISTRICT COLLECTOR REWA_IDA,2023-09-26,Action Pending,16342,Unsanctioned
MPLADS-040460,Shri Rajmani Patel,Rajya Sabha,Madhya Pradesh,Sitting Rajya Sabha,,,JAWA,Basrehi,Normal/Others,NA - Purchase of mobile water tankers,DISTRICT COLLECTOR REWA_IDA,2023-09-26,Action Pending,163424,Unsanctioned
MPLADS-040461,Shri Rajmani Patel,Rajya Sabha,Madhya Pradesh,Sitting Rajya Sabha,,,JAWA,Garhawa,Normal/Others,NA - Purchase of mobile water tankers,DISTRICT COLLECTOR REWA_IDA,2023-09-26,Action Pending,163424,Unsanctioned
MPLADS-040470,Shri Rajmani Patel,Rajya Sabha,Madhya Pradesh,Sitting Rajya Sabha,,,JAWA,Kirhai,Normal/Others,NA - Purchase of mobile water tankers,DISTRICT COLLECTOR REWA_IDA,2023-09-26,Action Pending,163424,Unsanctioned
MPLADS-040494,Uday Pratap Singh,Lok Sabha,Madhya Pradesh,HOSHANGABAD,Gadarwara,SHIVAJI WARD,,,Normal/Others,NA - Construction of community centers and community halls,DISTRICT COLLECTOR NARSINGHPUR_IDA,2023-09-26,Action Pending,500000,Unsanctioned
MPLADS-040509,Ms Kavita Patidar,Rajya Sabha,Madhya Pradesh,Sitting Rajya Sabha,,,MHOW,Rajpura,Normal/Others,NA - Purchase of mobile water tankers,DISTRICT COLLECTOR INDORE_IDA,2023-09-26,Action Pending,250000,Unsanctioned
MPLADS-040510,Ms Kavita Patidar,Rajya Sabha,Madhya Pradesh,Sitting Rajya Sabha,,,MHOW,Harnya Khedi,Normal/Others,NA - Purchase of mobile water tankers,DISTRICT COLLECTOR INDORE_IDA,2023-09-26,Action Pending,250000,Unsanctioned
MPLADS-040512,Shri Rajmani Patel,Rajya Sabha,Madhya Pradesh,Sitting Rajya Sabha,,,Sirmour,Delhi,Normal/Others,WS/MP105/2023-2024/26691 - Purchase of mobile water tankers,DISTRICT COLLECTOR REWA_IDA,2023-09-26,Approved by IDA,3595328,Unsanctioned
MPLADS-040513,Shri Rajmani Patel,Rajya Sabha,Madhya Pradesh,Sitting Rajya Sabha,,,SIRMOUR,Jamu,Normal/Others,NA - Purchase of mobile water tankers,DISTRICT COLLECTOR REWA_IDA,2023-09-26,Action Pending,163424,Unsanctioned
MPLADS-040515,Shri Rajmani Patel,Rajya Sabha,Madhya Pradesh,Sitting Rajya Sabha,,,SIRMOUR,Dulhara,Normal/Others,NA - Purchase of mobile water tankers,DISTRICT COLLECTOR REWA_IDA,2023-09-26,Action Pending,163424,Unsanctioned
MPLADS-040523,Ms Kavita Patidar,Rajya Sabha,Madhya Pradesh,Sitting Rajya Sabha,,,MHOW,Rampuriya,Normal/Others,NA - Purchase of mobile water tankers,DISTRICT COLLECTOR INDORE_IDA,2023-09-26,Action Pending,250000,Unsanctioned
MPLADS-040537,Ms Kavita Patidar,Rajya Sabha,Madhya Pradesh,Sitting Rajya Sabha,,,MHOW,Kulthana,Normal/Others,NA - Purchase of mobile water tankers,DISTRICT COLLECTOR INDORE_IDA,2023-09-26,Action Pending,250000,Unsanctioned
MPLADS-040538,Shri Rajmani Patel,Rajya Sabha,Madhya Pradesh,Sitting Rajya Sabha,,,SIRMOUR,Shahapur,Normal/Others,NA - Purchase of mobile water tankers,DISTRICT COLLECTOR REWA_IDA,2023-09-26,Action Pending,163424,Unsanctioned
MPLADS-040539,Ms Kavita Patidar,Rajya Sabha,Madhya Pradesh,Sitting Rajya Sabha,,,MHOW,Sonway,Normal/Others,NA - Purchase of mobile water tankers,DISTRICT COLLECTOR INDORE_IDA,2023-09-26,Action Pending,250000,Unsanctioned
MPLADS-040540,Shri Rajmani Patel,Rajya Sabha,Madhya Pradesh,Sitting Rajya Sabha,,,JAWA,Bhitauha,Normal/Others,NA - Purchase of mobile water tankers,DISTRICT COLLECTOR REWA_IDA,2023-09-26,Action Pending,163424,Unsanctioned
MPLADS-040547,Shri Rajmani Patel,Rajya Sabha,Madhya Pradesh,Sitting Rajya Sabha,,,JAWA,Champagarh,Normal/Others,NA - Purchase of mobile water tankers,DISTRICT COLLECTOR REWA_IDA,2023-09-26,Action Pending,163424,Unsanctioned
MPLADS-040548,Shri Rajmani Patel,Rajya Sabha,Madhya Pradesh,Sitting Rajya Sabha,,,JAWA,Khajha,Normal/Others,NA - Purchase of mobile water tankers,DISTRICT COLLECTOR REWA_IDA,2023-09-26,Action Pending,163424,Unsanctioned
MPLADS-040549,Ms Kavita Patidar,Rajya Sabha,Madhya Pradesh,Sitting Rajya Sabha,,,MHOW,Kuwali,Normal/Others,NA - Purchase of mobile water tankers,DISTRICT COLLECTOR INDORE_IDA,2023-09-26,Action Pending,250000,Unsanctioned
MPLADS-040550,Shri Rajmani Patel,Rajya Sabha,Madhya Pradesh,Sitting Rajya Sabha,,,JAWA,Chaur,Normal/Others,NA - Purchase of mobile water tankers,DISTRICT COLLECTOR REWA_IDA,2023-09-26,Action Pending,163424,Unsanctioned
MPLADS-040551,Shri Rajmani Patel,Rajya Sabha,Madhya Pradesh,Sitting Rajya Sabha,,,JAWA,Deori,Normal/Others,NA - Purchase of mobile water tankers,DISTRICT COLLECTOR REWA_IDA,2023-09-26,Action Pending,163424,Unsanctioned
MPLADS-040552,Shri Rajmani Patel,Rajya Sabha,Madhya Pradesh,Sitting Rajya Sabha,,,JAWA,Chaukhandi,Normal/Others,NA - Purchase of mobile water tankers,DISTRICT COLLECTOR REWA_IDA,2023-09-26,Action Pending,163424,Unsanctioned
MPLADS-040553,Shri Rajmani Patel,Rajya Sabha,Madhya Pradesh,Sitting Rajya Sabha,,,JAWA,Birpur,Normal/Others,NA - Purchase of mobile water tankers,DISTRICT COLLECTOR REWA_IDA,2023-09-26,Action Pending,163424,Unsanctioned
MPLADS-040554,Shri Rajmani Patel,Rajya Sabha,Madhya Pradesh,Sitting Rajya Sabha,,,JAWA,Kanchanpur(46),Normal/Others,NA - Purchase of mobile water tankers,DISTRICT COLLECTOR REWA_IDA,2023-09-26,Action Pending,163424,Unsanctioned
MPLADS-040555,Shri Rajmani Patel,Rajya Sabha,Madhya Pradesh,Sitting Rajya Sabha,,,JAWA,Chhataini,Normal/Others,NA - Purchase of mobile water tankers,DISTRICT COLLECTOR REWA_IDA,2023-09-26,Action Pending,163424,Unsanctioned
MPLADS-040556,Shri Rajmani Patel,Rajya Sabha,Madhya Pradesh,Sitting Rajya Sabha,,,JAWA,Ghuman,Normal/Others,NA - Purchase of mobile water tankers,DISTRICT COLLECTOR REWA_IDA,2023-09-26,Action Pending,163424,Unsanctioned
MPLADS-040557,Ms Kavita Patidar,Rajya Sabha,Madhya Pradesh,Sitting Rajya Sabha,,,SANWER,Solsinda,Normal/Others,NA - Purchase of mobile water tankers,DISTRICT COLLECTOR INDORE_IDA,2023-09-26,Action Pending,250000,Unsanctioned
MPLADS-040558,Ms Kavita Patidar,Rajya Sabha,Madhya Pradesh,Sitting Rajya Sabha,,,MHOW,Pipalya,Normal/Others,NA - Purchase of mobile water tankers,DISTRICT COLLECTOR INDORE_IDA,2023-09-26,Action Pending,250000,Unsanctioned
MPLADS-040559,Ms Kavita Patidar,Rajya Sabha,Madhya Pradesh,Sitting Rajya Sabha,,,MHOW,Ambada,Normal/Others,NA - Purchase of mobile water tankers,DISTRICT COLLECTOR INDORE_IDA,2023-09-26,Action Pending,250000,Unsanctioned
MPLADS-040560,Ms Kavita Patidar,Rajya Sabha,Madhya Pradesh,Sitting Rajya Sabha,,,MHOW,Akawi,Normal/Others,NA - Purchase of mobile water tankers,DISTRICT COLLECTOR INDORE_IDA,2023-09-26,Action Pending,250000,Unsanctioned
MPLADS-040561,Shri Rajmani Patel,Rajya Sabha,Madhya Pradesh,Sitting Rajya Sabha,,,JAWA,Dondar,Normal/Others,NA - Purchase of mobile water tankers,DISTRICT COLLECTOR REWA_IDA,2023-09-26,Action Pending,163424,Unsanctioned
MPLADS-040562,Shri Rajmani Patel,Rajya Sabha,Madhya Pradesh,Sitting Rajya Sabha,,,JAWA,Bausadwa,Normal/Others,NA - Purchase of mobile water tankers,DISTRICT COLLECTOR REWA_IDA,2023-09-26,Action Pending,163424,Unsanctioned
MPLADS-040563,Shri Rajmani Patel,Rajya Sabha,Madhya Pradesh,Sitting Rajya Sabha,,,JAWA,Lohgarh,Normal/Others,NA - Purchase of mobile water tankers,DISTRICT COLLECTOR REWA_IDA,2023-09-26,Action Pending,163424,Unsanctioned
MPLADS-040564,Shri Rajmani Patel,Rajya Sabha,Madhya Pradesh,Sitting Rajya Sabha,,,JAWA,Bausad,Normal/Others,NA - Purchase of mobile water tankers,DISTRICT COLLECTOR REWA_IDA,2023-09-26,Action Pending,163424,Unsanctioned
MPLADS-040565,Shri Rajmani Patel,Rajya Sabha,Madhya Pradesh,Sitting Rajya Sabha,,,JAWA,Uparwar,Normal/Others,NA - Purchase of mobile water tankers,DISTRICT COLLECTOR REWA_IDA,2023-09-26,Action Pending,163424,Unsanctioned
MPLADS-040566,Shri Rajmani Patel,Rajya Sabha,Madhya Pradesh,Sitting Rajya Sabha,,,JAWA,Nastgawan(280),Normal/Others,NA - Purchase of mobile water tankers,DISTRICT COLLECTOR REWA_IDA,2023-09-26,Action Pending,163424,Unsanctioned
MPLADS-040771,Janardan Mishra,Lok Sabha,Madhya Pradesh,REWA,,,SIRMOUR,Khadda,Normal/Others,WS/MP644/2023-2024/25901 - Construction of additional rooms and halls in the existing public and community building,DISTRICT COLLECTOR REWA_IDA,2023-09-25,Approved by IDA,350000,Sanctioned
MPLADS-040795,Janardan Mishra,Lok Sabha,Madhya Pradesh,REWA,,,SIRMOUR,Mado,Normal/Others,WS/MP644/2023-2024/25911 - Construction of additional rooms and halls in the existing public and community building,DISTRICT COLLECTOR REWA_IDA,2023-09-25,Approved by IDA,500000,Sanctioned
MPLADS-040796,Janardan Mishra,Lok Sabha,Madhya Pradesh,REWA,,,MAUGANJ,Kandhwar,Normal/Others,WS/MP644/2023-2024/25913 - Construction of additional rooms and halls in the existing public and community building,DISTRICT COLLECTOR REWA_IDA,2023-09-25,Approved by IDA,500000,Sanctioned
MPLADS-040797,Janardan Mishra,Lok Sabha,Madhya Pradesh,REWA,,,JAWA,Jawa,Normal/Others,WS/MP644/2023-2024/25914 - Construction of additional rooms and halls in the existing public and community building,DISTRICT COLLECTOR REWA_IDA,2023-09-25,Approved by IDA,500000,Sanctioned
MPLADS-040798,Janardan Mishra,Lok Sabha,Madhya Pradesh,REWA,,,RAIPUR KARCHULIYAN,Duara (273),Normal/Others,WS/MP644/2023-2024/25950 - Construction of additional rooms and halls in the existing public and community building,DISTRICT COLLECTOR REWA_IDA,2023-09-25,Approved by IDA,500000,Sanctioned
MPLADS-040799,Shri Vivek K Tankha,Rajya Sabha,Madhya Pradesh,Sitting Rajya Sabha,,,MULTAI,Hiwara,Normal/Others,WS/MP106/2023-2024/26205 - Construction of community centers and community halls,DISTRICT COLLECTOR BETUL_IDA,2023-09-25,Approved by IDA,300000,Unsanctioned
MPLADS-040807,Janardan Mishra,Lok Sabha,Madhya Pradesh,REWA,,,SIRMOUR,Hinauta,Normal/Others,"WS/MP644/2023-2024/26116 - Purchase of prosthetics, wheel chairs, tricycles (manual or motorized), elect scooties, hearing aids",DISTRICT COLLECTOR REWA_IDA,2023-09-25,Approved by IDA,42000,Sanctioned
MPLADS-040808,Prahlad Singh Patel,Lok Sabha,Madhya Pradesh,DAMOH,,,BUXWAHA,Jaitupura,Normal/Others,WS/MP646/2023-2024/26030 - Construction of buildings for community cultural activities,District Collector Chhatarpur_IDA,2023-09-25,Approved by IDA,300000,Sanctioned
MPLADS-040809,Prahlad Singh Patel,Lok Sabha,Madhya Pradesh,DAMOH,,,BUXWAHA,Ghaughara,Normal/Others,WS/MP646/2023-2024/26029 - Construction of flood control embankments,District Collector Chhatarpur_IDA,2023-09-25,Approved by IDA,500000,Sanctioned
MPLADS-040810,Prahlad Singh Patel,Lok Sabha,Madhya Pradesh,DAMOH,,,BUXWAHA,Deori,Normal/Others,WS/MP646/2023-2024/26028 - Construction of buildings for community cultural activities,District Collector Chhatarpur_IDA,2023-09-25,Approved by IDA,300000,Sanctioned
MPLADS-040811,Prahlad Singh Patel,Lok Sabha,Madhya Pradesh,DAMOH,,,BUXWAHA,Padariya,Normal/Others,WS/MP646/2023-2024/26027 - Construction of buildings for community cultural activities,District Collector Chhatarpur_IDA,2023-09-25,Approved by IDA,300000,Sanctioned
MPLADS-040812,Prahlad Singh Patel,Lok Sabha,Madhya Pradesh,DAMOH,,,BUXWAHA,Pali,Normal/Others,WS/MP646/2023-2024/26026 - Construction of buildings for community cultural activities,District Collector Chhatarpur_IDA,2023-09-25,Approved by IDA,300000,Sanctioned
MPLADS-040813,Prahlad Singh Patel,Lok Sabha,Madhya Pradesh,DAMOH,,,BUXWAHA,Bamhori,Normal/Others,WS/MP646/2023-2024/26025 - Construction of buildings for community cultural activities,District Collector Chhatarpur_IDA,2023-09-25,Approved by IDA,300000,Sanctioned
MPLADS-040814,Prahlad Singh Patel,Lok Sabha,Madhya Pradesh,DAMOH,,,BUXWAHA,Kusmad,Normal/Others,WS/MP646/2023-2024/26024 - Construction of buildings for community cultural activities,District Collector Chhatarpur_IDA,2023-09-25,Approved by IDA,300000,Sanctioned
MPLADS-040815,Prahlad Singh Patel,Lok Sabha,Madhya Pradesh,DAMOH,,,REHLI,Chandpur,Normal/Others,WS/MP646/2023-2024/25983 - Construction of buildings for community cultural activities,DISTRICT COLLECTOR SAGAR_IDA,2023-09-25,Approved by IDA,300000,Sanctioned
MPLADS-040816,Prahlad Singh Patel,Lok Sabha,Madhya Pradesh,DAMOH,,,REHLI,Samnapur Kalan,Normal/Others,WS/MP646/2023-2024/25982 - Construction of buildings for community cultural activities,DISTRICT COLLECTOR SAGAR_IDA,2023-09-25,Approved by IDA,300000,Sanctioned
MPLADS-040817,Prahlad Singh Patel,Lok Sabha,Madhya Pradesh,DAMOH,,,REHLI,Ratanpar,Normal/Others,WS/MP646/2023-2024/25981 - Construction of buildings for community cultural activities,DISTRICT COLLECTOR SAGAR_IDA,2023-09-25,Approved by IDA,300000,Sanctioned
MPLADS-040818,Prahlad Singh Patel,Lok Sabha,Madhya Pradesh,DAMOH,,,REHLI,Chhirari,Normal/Others,WS/MP646/2023-2024/25979 - Construction of buildings for community cultural activities,DISTRICT COLLECTOR SAGAR_IDA,2023-09-25,Approved by IDA,300000,Sanctioned
MPLADS-040819,Prahlad Singh Patel,Lok Sabha,Madhya Pradesh,DAMOH,,,REHLI,Bagaspura,Normal/Others,WS/MP646/2023-2024/25978 - Construction of buildings for community cultural activities,DISTRICT COLLECTOR SAGAR_IDA,2023-09-25,Approved by IDA,300000,Sanctioned
MPLADS-040820,Prahlad Singh Patel,Lok Sabha,Madhya Pradesh,DAMOH,,,REHLI,Dhanguwan,Normal/Others,WS/MP646/2023-2024/25977 - Construction of buildings for community cultural activities,DISTRICT COLLECTOR SAGAR_IDA,2023-09-25,Approved by IDA,300000,Sanctioned
MPLADS-040821,Janardan Mishra,Lok Sabha,Madhya Pradesh,REWA,,,HANUMANA,Shahpur,Normal/Others,WS/MP644/2023-2024/25952 - Construction of additional rooms and halls in the existing public and community building,DISTRICT COLLECTOR REWA_IDA,2023-09-25,Approved by IDA,500000,Sanctioned
MPLADS-040846,Shri Rajmani Patel,Rajya Sabha,Madhya Pradesh,Sitting Rajya Sabha,,,JAWA,Gauhana,Normal/Others,"WS/MP105/2023-2024/26245 - Construction of roads, approach roads, link roads and pathways",DISTRICT COLLECTOR REWA_IDA,2023-09-25,Approved by IDA,699000,Sanctioned
MPLADS-040847,Shri Vivek K Tankha,Rajya Sabha,Madhya Pradesh,Sitting Rajya Sabha,,,PRABHAT PATTAN,Datora,Normal/Others,WS/MP106/2023-2024/26208 - Construction of boundary walls of existing public and community buildings,DISTRICT COLLECTOR BETUL_IDA,2023-09-25,Approved by IDA,300000,Unsanctioned
MPLADS-040848,Shri Vivek K Tankha,Rajya Sabha,Madhya Pradesh,Sitting Rajya Sabha,,,MULTAI,Sonora,Normal/Others,WS/MP106/2023-2024/26207 - Construction of community centers and community halls,DISTRICT COLLECTOR BETUL_IDA,2023-09-25,Approved by IDA,300000,Unsanctioned
MPLADS-040957,Ramakant Bhargava,Lok Sabha,Madhya Pradesh,VIDISHA,Budni,08,,,Normal/Others,WS/MP649/2023-2024/26132 - Purchase of hearse van,DISTRICT COLLECTOR SEHORE_IDA,2023-09-25,Approved by IDA,1800000,Unsanctioned
MPLADS-040958,Prahlad Singh Patel,Lok Sabha,Madhya Pradesh,DAMOH,Banda,Ward No.05 Banda,,,Normal/Others,NA - Construction of buildings for community cultural activities,DISTRICT COLLECTOR SAGAR_IDA,2023-09-25,Action Pending,300000,Unsanctioned
MPLADS-040959,Janardan Mishra,Lok Sabha,Madhya Pradesh,REWA,Rewa,06,,,Normal/Others,NA - Providing CCTV camera system for security of public areas,DISTRICT COLLECTOR REWA_IDA,2023-09-25,Action Pending,1000000,Unsanctioned
MPLADS-040985,Shri Vivek K Tankha,Rajya Sabha,Madhya Pradesh,Sitting Rajya Sabha,,,PRABHAT PATTAN,Majari,Normal/Others,"WS/MP106/2023-2024/26206 - Construction of roads, approach roads, link roads and pathways",DISTRICT COLLECTOR BETUL_IDA,2023-09-25,Approved by IDA,150000,Unsanctioned
MPLADS-041083,Prahlad Singh Patel,Lok Sabha,Madhya Pradesh,DAMOH,Damoh,naya Bazar No. 02,,,Normal/Others,NA - Construction of additional rooms and halls in the existing public and community building,DISTRICT COLLECTOR DAMOH_IDA,2023-09-24,Action Pending,500000,Unsanctioned
MPLADS-041094,Krishna Pal Singh Yadav,Lok Sabha,Madhya Pradesh,GUNA,Ashoknagar,Ashoknagar,,,Normal/Others,NA - Street lights,DISTRICT COLLECTOR ASHOKNAGAR_IDA,2023-09-24,Rejected by IDA,15968100,Unsanctioned
MPLADS-041095,Krishna Pal Singh Yadav,Lok Sabha,Madhya Pradesh,GUNA,Shivpuri,shivpuri,,,Normal/Others,NA - Street lights,District Collector Shivpuri_IDA,2023-09-24,Action Pending,7696200,Unsanctioned
MPLADS-041096,Krishna Pal Singh Yadav,Lok Sabha,Madhya Pradesh,GUNA,Guna,Guna,,,Normal/Others,NA - Street lights,District Collector Guna_IDA,2023-09-24,Action Pending,4545000,Unsanctioned
MPLADS-041097,Prahlad Singh Patel,Lok Sabha,Madhya Pradesh,DAMOH,Damoh,Naya Bazar No.01,,,Normal/Others,NA - Construction of buildings for community cultural activities,DISTRICT COLLECTOR DAMOH_IDA,2023-09-24,Rejected by IDA,300000,Unsanctioned
MPLADS-041098,Prahlad Singh Patel,Lok Sabha,Madhya Pradesh,DAMOH,,,JABERA,Hinoti Ajam,Normal/Others,WS/MP646/2023-2024/25597 - Construction of buildings for community cultural activities,DISTRICT COLLECTOR DAMOH_IDA,2023-09-24,Approved by IDA,300000,Sanctioned
MPLADS-041099,Prahlad Singh Patel,Lok Sabha,Madhya Pradesh,DAMOH,Tendukheda- damoh,ward no 08 Tendukheda,,,Normal/Others,NA - Construction of buildings for community cultural activities,DISTRICT COLLECTOR DAMOH_IDA,2023-09-24,Action Pending,300000,Unsanctioned
MPLADS-041100,Prahlad Singh Patel,Lok Sabha,Madhya Pradesh,DAMOH,Patharia,Ward no. 06,,,Normal/Others,NA - Construction of buildings for community cultural activities,DISTRICT COLLECTOR DAMOH_IDA,2023-09-24,Action Pending,300000,Unsanctioned
MPLADS-041101,Prahlad Singh Patel,Lok Sabha,Madhya Pradesh,DAMOH,Patera,ward no. 13,,,Normal/Others,NA - Construction of buildings for community cultural activities,DISTRICT COLLECTOR DAMOH_IDA,2023-09-24,Action Pending,300000,Unsanctioned
MPLADS-041102,Prahlad Singh Patel,Lok Sabha,Madhya Pradesh,DAMOH,Damoh,Naya Bazar no.02,,,Normal/Others,NA - Construction of additional rooms and halls in the existing public and community building,DISTRICT COLLECTOR DAMOH_IDA,2023-09-24,Rejected by IDA,25000,Unsanctioned
MPLADS-041103,Prahlad Singh Patel,Lok Sabha,Madhya Pradesh,DAMOH,Damoh,civil ward no.08,,,Normal/Others,NA - Construction of buildings for community cultural activities,DISTRICT COLLECTOR DAMOH_IDA,2023-09-24,Action Pending,250000,Unsanctioned
MPLADS-041104,Prahlad Singh Patel,Lok Sabha,Madhya Pradesh,DAMOH,Damoh,ward no.033,,,Normal/Others,WS/MP646/2023-2024/25599 - Construction of community centers and community halls,DISTRICT COLLECTOR DAMOH_IDA,2023-09-24,Approved by IDA,500000,Unsanctioned
MPLADS-041105,Prahlad Singh Patel,Lok Sabha,Madhya Pradesh,DAMOH,Damoh,civil ward no 05,,,Normal/Others,NA - Construction of boundary walls of existing public and community buildings,DISTRICT COLLECTOR DAMOH_IDA,2023-09-24,Action Pending,1000000,Unsanctioned
MPLADS-041107,Prahlad Singh Patel,Lok Sabha,Madhya Pradesh,DAMOH,,,PATHARIYA,Sita Nagar,Normal/Others,WS/MP646/2023-2024/25640 - Construction of buildings for community cultural activities,DISTRICT COLLECTOR DAMOH_IDA,2023-09-24,Approved by IDA,300000,Sanctioned
MPLADS-041108,Prahlad Singh Patel,Lok Sabha,Madhya Pradesh,DAMOH,,,PATHARIYA,Sita Nagar,Normal/Others,WS/MP646/2023-2024/25639 - Construction of boundary walls of existing public and community buildings,DISTRICT COLLECTOR DAMOH_IDA,2023-09-24,Approved by IDA,300000,Sanctioned
MPLADS-041109,Prahlad Singh Patel,Lok Sabha,Madhya Pradesh,DAMOH,,,JABERA,Kheri Singorgarh,Normal/Others,WS/MP646/2023-2024/25637 - Construction of buildings for community cultural activities,DISTRICT COLLECTOR DAMOH_IDA,2023-09-24,Approved by IDA,300000,Sanctioned
MPLADS-041110,Prahlad Singh Patel,Lok Sabha,Madhya Pradesh,DAMOH,,,JABERA,Paraswaha,Normal/Others,WS/MP646/2023-2024/25623 - Construction of buildings for community cultural activities,DISTRICT COLLECTOR DAMOH_IDA,2023-09-24,Approved by IDA,300000,Sanctioned
MPLADS-041111,Prahlad Singh Patel,Lok Sabha,Madhya Pradesh,DAMOH,,,PATERA,Kutri,Normal/Others,WS/MP646/2023-2024/25617 - Construction of buildings for community cultural activities,DISTRICT COLLECTOR DAMOH_IDA,2023-09-24,Approved by IDA,300000,Sanctioned
MPLADS-041143,Prahlad Singh Patel,Lok Sabha,Madhya Pradesh,DAMOH,,,DAMOH,Laklaka,Normal/Others,WS/MP646/2023-2024/25615 - Construction of buildings for community cultural activities,DISTRICT COLLECTOR DAMOH_IDA,2023-09-24,Approved by IDA,300000,Sanctioned
MPLADS-041144,Prahlad Singh Patel,Lok Sabha,Madhya Pradesh,DAMOH,,,HATTA,Muhrai Hatta,Normal/Others,WS/MP646/2023-2024/25641 - Construction of community centers and community halls,DISTRICT COLLECTOR DAMOH_IDA,2023-09-24,Approved by IDA,1000000,Sanctioned
MPLADS-041145,Dr . Sumer Singh Solanki,Rajya Sabha,Madhya Pradesh,Sitting Rajya Sabha,Sitamau,06,,,Normal/Others,NA - Construction of community centers and community halls,DISTRICT COLLECTOR MANDSAUR_IDA,2023-09-24,Action Pending,1000000,Unsanctioned
MPLADS-041146,Dr . Sumer Singh Solanki,Rajya Sabha,Madhya Pradesh,Sitting Rajya Sabha,,,PATI,Sindhi,Normal/Others,WS/MP010/2023-2024/25580 - Construction of culverts and bridges,DISTRICT COLLECTOR BADWANI_IDA,2023-09-24,Approved by IDA,1500000,Sanctioned
MPLADS-041147,Dr . Sumer Singh Solanki,Rajya Sabha,Madhya Pradesh,Sitting Rajya Sabha,,,PANSEMAL,Jahur,Normal/Others,WS/MP010/2023-2024/25587 - Construction of flood control embankments,DISTRICT COLLECTOR BADWANI_IDA,2023-09-24,Approved by IDA,2500000,Unsanctioned
MPLADS-041148,Dr . Sumer Singh Solanki,Rajya Sabha,Madhya Pradesh,Sitting Rajya Sabha,,,PATI,Than,Normal/Others,WS/MP010/2023-2024/25655 - Construction of flood control embankments,DISTRICT COLLECTOR BADWANI_IDA,2023-09-24,Approved by IDA,1000000,Sanctioned
MPLADS-041149,Dr . Sumer Singh Solanki,Rajya Sabha,Madhya Pradesh,Sitting Rajya Sabha,,,BARWANI,Gothanya,Normal/Others,WS/MP010/2023-2024/25657 - Construction of culverts and bridges,DISTRICT COLLECTOR BADWANI_IDA,2023-09-24,Approved by IDA,1965000,Sanctioned
MPLADS-041150,Dr . Sumer Singh Solanki,Rajya Sabha,Madhya Pradesh,Sitting Rajya Sabha,,,SITAMAU,Sunthi,Normal/Others,NA - Providing drains and gutters for public drainage,DISTRICT COLLECTOR MANDSAUR_IDA,2023-09-24,Action Pending,500000,Unsanctioned
MPLADS-041151,Dr . Sumer Singh Solanki,Rajya Sabha,Madhya Pradesh,Sitting Rajya Sabha,Shamgarh,01,,,Normal/Others,NA - Construction of community centers and community halls,DISTRICT COLLECTOR MANDSAUR_IDA,2023-09-24,Action Pending,1000000,Unsanctioned
MPLADS-041152,Dr . Sumer Singh Solanki,Rajya Sabha,Madhya Pradesh,Sitting Rajya Sabha,,,SITAMAU,Bardiya Gujar,Normal/Others,NA - Construction of community centers and community halls,DISTRICT COLLECTOR MANDSAUR_IDA,2023-09-24,Action Pending,1000000,Unsanctioned
MPLADS-041153,Dr . Sumer Singh Solanki,Rajya Sabha,Madhya Pradesh,Sitting Rajya Sabha,Mandsaur,39,,,Normal/Others,NA - Construction of additional rooms and halls in the existing public and community building,DISTRICT COLLECTOR MANDSAUR_IDA,2023-09-24,Action Pending,500000,Unsanctioned
MPLADS-041164,Dr . Sumer Singh Solanki,Rajya Sabha,Madhya Pradesh,Sitting Rajya Sabha,Niwali Bujurg,09,,,Normal/Others,NA - Construction of additional rooms and halls in the existing public and community building,DISTRICT COLLECTOR BADWANI_IDA,2023-09-24,Action Pending,2000000,Unsanctioned
MPLADS-041396,Shri Rajmani Patel,Rajya Sabha,Madhya Pradesh,Sitting Rajya Sabha,,,REHLI,Ratanpar,Normal/Others,"WS/MP105/2023-2024/25017 - Construction of roads, approach roads, link roads and pathways",DISTRICT COLLECTOR SAGAR_IDA,2023-09-23,Approved by IDA,300000,Sanctioned
MPLADS-041397,Shri Rajmani Patel,Rajya Sabha,Madhya Pradesh,Sitting Rajya Sabha,,,REHLI,Ratanpar,Normal/Others,"WS/MP105/2023-2024/25018 - Construction of roads, approach roads, link roads and pathways",DISTRICT COLLECTOR SAGAR_IDA,2023-09-23,Approved by IDA,200000,Sanctioned
MPLADS-041398,Dr . Sumer Singh Solanki,Rajya Sabha,Madhya Pradesh,Sitting Rajya Sabha,,,BARWANI,Silawad,Normal/Others,"WS/MP010/2023-2024/25560 - Construction of roads, approach roads, link roads and pathways",DISTRICT COLLECTOR BADWANI_IDA,2023-09-23,Approved by IDA,2000000,Sanctioned
MPLADS-041399,Dr . Sumer Singh Solanki,Rajya Sabha,Madhya Pradesh,Sitting Rajya Sabha,Sendhwa,01,,,Normal/Others,NA - Construction of additional rooms and halls in the existing public and community building,DISTRICT COLLECTOR BADWANI_IDA,2023-09-23,Action Pending,1000000,Unsanctioned
MPLADS-041400,Dr . Sumer Singh Solanki,Rajya Sabha,Madhya Pradesh,Sitting Rajya Sabha,,,CHHAIGAON MAKHAN,Ahmadpur,Normal/Others,NA - Construction of additional rooms and halls in the existing public and community building,DISTRICT COLLECTOR EAST NIMAR_IDA,2023-09-23,Action Pending,500000,Unsanctioned
MPLADS-041401,Dr . Sumer Singh Solanki,Rajya Sabha,Madhya Pradesh,Sitting Rajya Sabha,,,CHHAIGAON MAKHAN,Ahmadpur,Normal/Others,NA - Construction of additional rooms and halls in the existing public and community building,DISTRICT COLLECTOR EAST NIMAR_IDA,2023-09-23,Action Pending,1000000,Unsanctioned
MPLADS-041402,Dr . Sumer Singh Solanki,Rajya Sabha,Madhya Pradesh,Sitting Rajya Sabha,Barwani,03,,,Normal/Others,NA - Construction of buildings for community cultural activities,DISTRICT COLLECTOR BADWANI_IDA,2023-09-23,Action Pending,1500000,Unsanctioned
MPLADS-041411,Virendra Kumar,Lok Sabha,Madhya Pradesh,TIKAMGARH(SC),Tikamgarh,Police Line Tikamgarh,,,Normal/Others,WS/MP638/2023-2024/25350 - Purchase of furniture and fixtures for educational purposes,DISTRICT COLLECTOR TIKAMGARH_IDA,2023-09-23,Approved by IDA,500000,Sanctioned
MPLADS-041412,Uday Pratap Singh,Lok Sabha,Madhya Pradesh,HOSHANGABAD,,,CHAWARPATHA,Khulri,Normal/Others,"WS/MP651/2023-2024/24971 - Construction of roads, approach roads, link roads and pathways",DISTRICT COLLECTOR NARSINGHPUR_IDA,2023-09-23,Approved by IDA,350000,Sanctioned
MPLADS-041878,Gajendra Singh Patel,Lok Sabha,Madhya Pradesh,KHARGONE(ST),,,SENDHAWA,ZAPADIMALI,Normal/Others,"WS/MP641/2023-2024/24573 - Construction of roads, approach roads, link roads and pathways",DISTRICT COLLECTOR BADWANI_IDA,2023-09-22,Approved by IDA,400000,Sanctioned
MPLADS-041879,Gajendra Singh Patel,Lok Sabha,Madhya Pradesh,KHARGONE(ST),,,SENDHAWA,Dhawada,Normal/Others,"WS/MP641/2023-2024/24566 - Construction of roads, approach roads, link roads and pathways",DISTRICT COLLECTOR BADWANI_IDA,2023-09-22,Approved by IDA,600000,Sanctioned
MPLADS-041885,Ramakant Bhargava,Lok Sabha,Madhya Pradesh,VIDISHA,Vidisha,33,,,Normal/Others,NA - Construction of buildings for community cultural activities,District Collector Vidisha_IDA,2023-09-22,Action Pending,1000000,Unsanctioned
MPLADS-041894,Ramakant Bhargava,Lok Sabha,Madhya Pradesh,VIDISHA,Vidisha,02,,,Normal/Others,"NA - Construction of roads, approach roads, link roads and pathways",District Collector Vidisha_IDA,2023-09-22,Action Pending,600000,Unsanctioned
MPLADS-041899,Ramakant Bhargava,Lok Sabha,Madhya Pradesh,VIDISHA,Vidisha,02,,,Normal/Others,NA - Development of playfields and sports grounds,District Collector Vidisha_IDA,2023-09-22,Action Pending,1200000,Unsanctioned
MPLADS-041900,Ramakant Bhargava,Lok Sabha,Madhya Pradesh,VIDISHA,Vidisha,13,,,Normal/Others,NA - Construction of buildings for community cultural activities,District Collector Vidisha_IDA,2023-09-22,Action Pending,600000,Unsanctioned
MPLADS-041946,Janardan Mishra,Lok Sabha,Madhya Pradesh,REWA,Rewa,27,,,Normal/Others,"WS/MP644/2023-2024/24392 - Purchase of prosthetics, wheel chairs, tricycles (manual or motorized), elect scooties, hearing aids",DISTRICT COLLECTOR REWA_IDA,2023-09-21,Approved by IDA,42000,Sanctioned
MPLADS-041973,Janardan Mishra,Lok Sabha,Madhya Pradesh,REWA,Rewa,3,,,Normal/Others,"WS/MP644/2023-2024/24395 - Purchase of prosthetics, wheel chairs, tricycles (manual or motorized), elect scooties, hearing aids",DISTRICT COLLECTOR REWA_IDA,2023-09-21,Approved by IDA,42000,Sanctioned
MPLADS-041975,Ramakant Bhargava,Lok Sabha,Madhya Pradesh,VIDISHA,Ichhawar,01,,,Normal/Others,NA - Construction of rooms and halls in school and colleges,DISTRICT COLLECTOR SEHORE_IDA,2023-09-21,Action Pending,250000,Unsanctioned
MPLADS-041976,Janardan Mishra,Lok Sabha,Madhya Pradesh,REWA,Rewa,08,,,Normal/Others,NA - Installation of firmly fixed waiting chairs and benches at railway stations,DISTRICT COLLECTOR REWA_IDA,2023-09-21,Action Pending,215700,Unsanctioned
MPLADS-041977,Janardan Mishra,Lok Sabha,Madhya Pradesh,REWA,Rewa,09,,,Normal/Others,NA - Installation of firmly fixed waiting chairs and benches at railway stations,DISTRICT COLLECTOR REWA_IDA,2023-09-21,Action Pending,215700,Unsanctioned
MPLADS-041980,Janardan Mishra,Lok Sabha,Madhya Pradesh,REWA,,,RAIPUR KARCHULIYAN,Khajuha Khurd,Normal/Others,"WS/MP644/2023-2024/24397 - Purchase of prosthetics, wheel chairs, tricycles (manual or motorized), elect scooties, hearing aids",DISTRICT COLLECTOR REWA_IDA,2023-09-21,Approved by IDA,42000,Sanctioned
MPLADS-041981,Janardan Mishra,Lok Sabha,Madhya Pradesh,REWA,,,GANGEV,Alamganj 24,Normal/Others,"WS/MP644/2023-2024/24396 - Purchase of prosthetics, wheel chairs, tricycles (manual or motorized), elect scooties, hearing aids",DISTRICT COLLECTOR REWA_IDA,2023-09-21,Approved by IDA,42000,Sanctioned
MPLADS-041982,Janardan Mishra,Lok Sabha,Madhya Pradesh,REWA,,,NAIGARHI,Madna,Normal/Others,"WS/MP644/2023-2024/24394 - Purchase of prosthetics, wheel chairs, tricycles (manual or motorized), elect scooties, hearing aids",DISTRICT COLLECTOR REWA_IDA,2023-09-21,Approved by IDA,42000,Sanctioned
MPLADS-041983,Janardan Mishra,Lok Sabha,Madhya Pradesh,REWA,,,REWA,Madwa,Normal/Others,"WS/MP644/2023-2024/24393 - Purchase of prosthetics, wheel chairs, tricycles (manual or motorized), elect scooties, hearing aids",DISTRICT COLLECTOR REWA_IDA,2023-09-21,Approved by IDA,42000,Sanctioned
MPLADS-041984,Ramakant Bhargava,Lok Sabha,Madhya Pradesh,VIDISHA,,,SEHORE,Kharpa,Normal/Others,WS/MP649/2023-2024/24333 - Construction of common work sheds/ common covered sitting area,DISTRICT COLLECTOR SEHORE_IDA,2023-09-21,Approved by IDA,250000,Sanctioned
MPLADS-041985,Ramakant Bhargava,Lok Sabha,Madhya Pradesh,VIDISHA,,,ICHHAWAR,Durgpura,Normal/Others,WS/MP649/2023-2024/24332 - Construction of common work sheds/ common covered sitting area,DISTRICT COLLECTOR SEHORE_IDA,2023-09-21,Approved by IDA,250000,Sanctioned
MPLADS-041998,Ramakant Bhargava,Lok Sabha,Madhya Pradesh,VIDISHA,,,NASRULLAGANJ,Jamonia Bazyaft,Normal/Others,WS/MP649/2023-2024/24199 - Purchase of mobile water tankers,DISTRICT COLLECTOR SEHORE_IDA,2023-09-21,Approved by IDA,200000,Sanctioned
MPLADS-041999,Ramakant Bhargava,Lok Sabha,Madhya Pradesh,VIDISHA,,,NASRULLAGANJ,Amdoh,Normal/Others,WS/MP649/2023-2024/24198 - Purchase of mobile water tankers,DISTRICT COLLECTOR SEHORE_IDA,2023-09-21,Approved by IDA,200000,Sanctioned
MPLADS-042000,Ramakant Bhargava,Lok Sabha,Madhya Pradesh,VIDISHA,,,NASRULLAGANJ,Lawa Pani,Normal/Others,WS/MP649/2023-2024/24197 - Purchase of mobile water tankers,DISTRICT COLLECTOR SEHORE_IDA,2023-09-21,Approved by IDA,200000,Sanctioned
MPLADS-042001,Ramakant Bhargava,Lok Sabha,Madhya Pradesh,VIDISHA,,,NASRULLAGANJ,Mongra Kheda,Normal/Others,WS/MP649/2023-2024/24196 - Purchase of mobile water tankers,DISTRICT COLLECTOR SEHORE_IDA,2023-09-21,Approved by IDA,200000,Sanctioned
MPLADS-042002,Ramakant Bhargava,Lok Sabha,Madhya Pradesh,VIDISHA,,,NASRULLAGANJ,Kosmi,Normal/Others,WS/MP649/2023-2024/24195 - Purchase of mobile water tankers,DISTRICT COLLECTOR SEHORE_IDA,2023-09-21,Approved by IDA,200000,Sanctioned
MPLADS-042005,Ramakant Bhargava,Lok Sabha,Madhya Pradesh,VIDISHA,,,NASRULLAGANJ,Sewaniya,Normal/Others,WS/MP649/2023-2024/24194 - Purchase of mobile water tankers,DISTRICT COLLECTOR SEHORE_IDA,2023-09-21,Approved by IDA,200000,Sanctioned
MPLADS-042006,Ramakant Bhargava,Lok Sabha,Madhya Pradesh,VIDISHA,,,NASRULLAGANJ,Sirali,Normal/Others,WS/MP649/2023-2024/24193 - Purchase of mobile water tankers,DISTRICT COLLECTOR SEHORE_IDA,2023-09-21,Approved by IDA,200000,Sanctioned
MPLADS-042007,Ramakant Bhargava,Lok Sabha,Madhya Pradesh,VIDISHA,,,NASRULLAGANJ,Jamonia Kalan,Normal/Others,WS/MP649/2023-2024/24123 - Street lights,DISTRICT COLLECTOR SEHORE_IDA,2023-09-21,Approved by IDA,200000,Sanctioned
MPLADS-042008,Ramakant Bhargava,Lok Sabha,Madhya Pradesh,VIDISHA,,,NASRULLAGANJ,Sasli,Normal/Others,WS/MP649/2023-2024/24122 - Common work sheds for artisans,DISTRICT COLLECTOR SEHORE_IDA,2023-09-21,Approved by IDA,200000,Sanctioned
MPLADS-042009,Ramakant Bhargava,Lok Sabha,Madhya Pradesh,VIDISHA,,,NASRULLAGANJ,Barkhedi,Normal/Others,WS/MP649/2023-2024/24121 - Purchase of mobile water tankers,DISTRICT COLLECTOR SEHORE_IDA,2023-09-21,Approved by IDA,200000,Sanctioned
MPLADS-042010,Ramakant Bhargava,Lok Sabha,Madhya Pradesh,VIDISHA,,,NASRULLAGANJ,Borkheda Khurd,Normal/Others,WS/MP649/2023-2024/24120 - Purchase of mobile water tankers,DISTRICT COLLECTOR SEHORE_IDA,2023-09-21,Approved by IDA,200000,Sanctioned
MPLADS-042011,Ramakant Bhargava,Lok Sabha,Madhya Pradesh,VIDISHA,,,NASRULLAGANJ,Rala,Normal/Others,WS/MP649/2023-2024/24119 - Common work sheds for artisans,DISTRICT COLLECTOR SEHORE_IDA,2023-09-21,Approved by IDA,200000,Sanctioned
MPLADS-042014,Ramakant Bhargava,Lok Sabha,Madhya Pradesh,VIDISHA,,,NASRULLAGANJ,Satdev,Normal/Others,WS/MP649/2023-2024/24117 - Purchase of mobile water tankers,DISTRICT COLLECTOR SEHORE_IDA,2023-09-21,Approved by IDA,200000,Sanctioned
MPLADS-042026,Ramakant Bhargava,Lok Sabha,Madhya Pradesh,VIDISHA,,,ICHHAWAR,Chhapari Karan,Normal/Others,WS/MP649/2023-2024/24331 - Construction of common work sheds/ common covered sitting area,DISTRICT COLLECTOR SEHORE_IDA,2023-09-21,Approved by IDA,250000,Sanctioned
MPLADS-042027,Ramakant Bhargava,Lok Sabha,Madhya Pradesh,VIDISHA,,,ICHHAWAR,Bhanu Khadi,Normal/Others,WS/MP649/2023-2024/24330 - Construction of common work sheds/ common covered sitting area,DISTRICT COLLECTOR SEHORE_IDA,2023-09-21,Approved by IDA,300000,Sanctioned
MPLADS-042028,Ramakant Bhargava,Lok Sabha,Madhya Pradesh,VIDISHA,,,ICHHAWAR,Bichholi,Normal/Others,WS/MP649/2023-2024/24239 - Construction of common work sheds/ common covered sitting area,DISTRICT COLLECTOR SEHORE_IDA,2023-09-21,Approved by IDA,250000,Sanctioned
MPLADS-042029,Ramakant Bhargava,Lok Sabha,Madhya Pradesh,VIDISHA,,,ICHHAWAR,Narsingh Kheda,Normal/Others,WS/MP649/2023-2024/24238 - Construction of common work sheds/ common covered sitting area,DISTRICT COLLECTOR SEHORE_IDA,2023-09-21,Approved by IDA,250000,Sanctioned
MPLADS-042030,Ramakant Bhargava,Lok Sabha,Madhya Pradesh,VIDISHA,,,NASRULLAGANJ,Sohan Khedi,Normal/Others,WS/MP649/2023-2024/24201 - Purchase of mobile water tankers,DISTRICT COLLECTOR SEHORE_IDA,2023-09-21,Approved by IDA,200000,Sanctioned
MPLADS-042031,Ramakant Bhargava,Lok Sabha,Madhya Pradesh,VIDISHA,,,NASRULLAGANJ,Borkhedi,Normal/Others,"WS/MP649/2023-2024/24200 - Construction of roads, approach roads, link roads and pathways",DISTRICT COLLECTOR SEHORE_IDA,2023-09-21,Approved by IDA,200000,Sanctioned
MPLADS-042037,Ramakant Bhargava,Lok Sabha,Madhya Pradesh,VIDISHA,,,NASRULLAGANJ,Chaunda Grahan,Normal/Others,WS/MP649/2023-2024/24118 - Purchase of mobile water tankers,DISTRICT COLLECTOR SEHORE_IDA,2023-09-21,Approved by IDA,200000,Sanctioned
MPLADS-042038,Ramakant Bhargava,Lok Sabha,Madhya Pradesh,VIDISHA,,,NASRULLAGANJ,Sonthiya,Normal/Others,WS/MP649/2023-2024/24115 - Street lights,DISTRICT COLLECTOR SEHORE_IDA,2023-09-21,Approved by IDA,200000,Sanctioned
MPLADS-042064,Ramakant Bhargava,Lok Sabha,Madhya Pradesh,VIDISHA,,,NASRULLAGANJ,Chich,Normal/Others,WS/MP649/2023-2024/24114 - Improvement of electricity distribution infrastructure,DISTRICT COLLECTOR SEHORE_IDA,2023-09-21,Approved by IDA,200000,Sanctioned
MPLADS-042066,Ramakant Bhargava,Lok Sabha,Madhya Pradesh,VIDISHA,,,BUDNI,Narayanpur,Normal/Others,"WS/MP649/2023-2024/24071 - Construction of roads, approach roads, link roads and pathways",DISTRICT COLLECTOR SEHORE_IDA,2023-09-21,Approved by IDA,200000,Sanctioned
MPLADS-042067,Ramakant Bhargava,Lok Sabha,Madhya Pradesh,VIDISHA,,,BUDNI,Nander,Normal/Others,WS/MP649/2023-2024/24070 - Purchase of mobile water tankers,DISTRICT COLLECTOR SEHORE_IDA,2023-09-21,Approved by IDA,200000,Sanctioned
MPLADS-042068,Ramakant Bhargava,Lok Sabha,Madhya Pradesh,VIDISHA,,,BUDNI,Nonbhet,Normal/Others,WS/MP649/2023-2024/24069 - Purchase of mobile water tankers,DISTRICT COLLECTOR SEHORE_IDA,2023-09-21,Approved by IDA,200000,Sanctioned
MPLADS-042069,Ramakant Bhargava,Lok Sabha,Madhya Pradesh,VIDISHA,,,BUDNI,Kusam Kheda (Kusum Khed),Normal/Others,WS/MP649/2023-2024/24068 - Common work sheds for artisans,DISTRICT COLLECTOR SEHORE_IDA,2023-09-21,Approved by IDA,200000,Sanctioned
MPLADS-042070,Ramakant Bhargava,Lok Sabha,Madhya Pradesh,VIDISHA,,,BUDNI,Jontala,Normal/Others,WS/MP649/2023-2024/24067 - Common work sheds for artisans,DISTRICT COLLECTOR SEHORE_IDA,2023-09-21,Approved by IDA,200000,Sanctioned
MPLADS-042071,Ramakant Bhargava,Lok Sabha,Madhya Pradesh,VIDISHA,,,BUDNI,Kheri Silgena,Normal/Others,WS/MP649/2023-2024/24066 - Common work sheds for artisans,DISTRICT COLLECTOR SEHORE_IDA,2023-09-21,Approved by IDA,200000,Sanctioned
MPLADS-042072,Ramakant Bhargava,Lok Sabha,Madhya Pradesh,VIDISHA,,,BUDNI,Baktra,Normal/Others,WS/MP649/2023-2024/24065 - Community Toilets,DISTRICT COLLECTOR SEHORE_IDA,2023-09-21,Approved by IDA,200000,Sanctioned
MPLADS-042073,Ramakant Bhargava,Lok Sabha,Madhya Pradesh,VIDISHA,,,BUDNI,Siya Gahan,Normal/Others,WS/MP649/2023-2024/24064 - Common work sheds for artisans,DISTRICT COLLECTOR SEHORE_IDA,2023-09-21,Approved by IDA,200000,Sanctioned
MPLADS-042074,Ramakant Bhargava,Lok Sabha,Madhya Pradesh,VIDISHA,,,BUDNI,Sagpur,Normal/Others,WS/MP649/2023-2024/24063 - Common work sheds for artisans,DISTRICT COLLECTOR SEHORE_IDA,2023-09-21,Approved by IDA,200000,Sanctioned
MPLADS-042075,Ramakant Bhargava,Lok Sabha,Madhya Pradesh,VIDISHA,,,BUDNI,Amon,Normal/Others,"WS/MP649/2023-2024/24062 - Construction of roads, approach roads, link roads and pathways",DISTRICT COLLECTOR SEHORE_IDA,2023-09-21,Approved by IDA,200000,Sanctioned
MPLADS-042076,Ramakant Bhargava,Lok Sabha,Madhya Pradesh,VIDISHA,,,BUDNI,Khidiya Kurmi,Normal/Others,WS/MP649/2023-2024/24038 - Common work sheds for artisans,DISTRICT COLLECTOR SEHORE_IDA,2023-09-21,Approved by IDA,200000,Sanctioned
MPLADS-042077,Ramakant Bhargava,Lok Sabha,Madhya Pradesh,VIDISHA,,,BUDNI,Chikli,Normal/Others,WS/MP649/2023-2024/24037 - Purchase of mobile water tankers,DISTRICT COLLECTOR SEHORE_IDA,2023-09-21,Approved by IDA,200000,Sanctioned
MPLADS-042078,Ramakant Bhargava,Lok Sabha,Madhya Pradesh,VIDISHA,,,BUDNI,Gadar,Normal/Others,WS/MP649/2023-2024/24036 - Common work sheds for artisans,DISTRICT COLLECTOR SEHORE_IDA,2023-09-21,Approved by IDA,200000,Sanctioned
MPLADS-042079,Ramakant Bhargava,Lok Sabha,Madhya Pradesh,VIDISHA,,,BUDNI,Khabada,Normal/Others,WS/MP649/2023-2024/24035 - Purchase of mobile water tankers,DISTRICT COLLECTOR SEHORE_IDA,2023-09-21,Approved by IDA,200000,Sanctioned
MPLADS-042080,Ramakant Bhargava,Lok Sabha,Madhya Pradesh,VIDISHA,,,BUDNI,Khoha,Normal/Others,WS/MP649/2023-2024/24034 - Purchase of mobile water tankers,DISTRICT COLLECTOR SEHORE_IDA,2023-09-21,Approved by IDA,200000,Sanctioned
MPLADS-042081,Ramakant Bhargava,Lok Sabha,Madhya Pradesh,VIDISHA,,,BUDNI,Machhwai,Normal/Others,"WS/MP649/2023-2024/24033 - Construction of roads, approach roads, link roads and pathways",DISTRICT COLLECTOR SEHORE_IDA,2023-09-21,Approved by IDA,200000,Sanctioned
MPLADS-042082,Ramakant Bhargava,Lok Sabha,Madhya Pradesh,VIDISHA,,,BUDNI,Jait,Normal/Others,WS/MP649/2023-2024/24032 - Providing drains and gutters for public drainage,DISTRICT COLLECTOR SEHORE_IDA,2023-09-21,Approved by IDA,200000,Sanctioned
MPLADS-042083,Ramakant Bhargava,Lok Sabha,Madhya Pradesh,VIDISHA,,,BUDNI,Borna,Normal/Others,"WS/MP649/2023-2024/24031 - Construction of roads, approach roads, link roads and pathways",DISTRICT COLLECTOR SEHORE_IDA,2023-09-21,Approved by IDA,200000,Sanctioned
MPLADS-042084,Ramakant Bhargava,Lok Sabha,Madhya Pradesh,VIDISHA,,,BUDNI,Dobi,Normal/Others,WS/MP649/2023-2024/24030 - Purchase of mobile water tankers,DISTRICT COLLECTOR SEHORE_IDA,2023-09-21,Approved by IDA,200000,Sanctioned
MPLADS-042085,Ramakant Bhargava,Lok Sabha,Madhya Pradesh,VIDISHA,,,BUDNI,Sardar Nagar,Normal/Others,WS/MP649/2023-2024/24029 - Construction of bus-sheds or bus-stops,DISTRICT COLLECTOR SEHORE_IDA,2023-09-21,Approved by IDA,200000,Sanctioned
MPLADS-042150,Shri Rajmani Patel,Rajya Sabha,Madhya Pradesh,Sitting Rajya Sabha,,,JAWA,Panwar Khurd,Normal/Others,WS/MP105/2023-2024/24460 - Improvement of electricity distribution infrastructure,DISTRICT COLLECTOR REWA_IDA,2023-09-21,Approved by IDA,332000,Sanctioned
MPLADS-042151,SHRI Ajay Pratap Singh,Rajya Sabha,Madhya Pradesh,Sitting Rajya Sabha,SIDHI,,,,Normal/Others,NA - Improvement of electricity distribution infrastructure,DISTRICT COLLECTOR SIDHI_IDA,2023-09-21,Action Pending,3237000,Unsanctioned
MPLADS-042152,SHRI Ajay Pratap Singh,Rajya Sabha,Madhya Pradesh,Sitting Rajya Sabha,Shahdol,1372436,,,Normal/Others,NA - Construction of bus-sheds or bus-stops,District Collector Shahdol_IDA,2023-09-21,Action Pending,1394920,Unsanctioned
MPLADS-042153,SHRI Ajay Pratap Singh,Rajya Sabha,Madhya Pradesh,Sitting Rajya Sabha,,,RAMPUR NAIKIN,Duara,Normal/Others,"NA - Construction of roads, approach roads, link roads and pathways",DISTRICT COLLECTOR SIDHI_IDA,2023-09-21,Action Pending,1000000,Unsanctioned
MPLADS-042154,SHRI Ajay Pratap Singh,Rajya Sabha,Madhya Pradesh,Sitting Rajya Sabha,,,RAMPUR NAIKIN,Pateri,Normal/Others,NA - Installing tube-wells and borewells,DISTRICT COLLECTOR SIDHI_IDA,2023-09-21,Action Pending,1000000,Unsanctioned
MPLADS-042155,SHRI Ajay Pratap Singh,Rajya Sabha,Madhya Pradesh,Sitting Rajya Sabha,SIDHI,24,,,Normal/Others,NA - Crematoriums or structures on burial/ cremation ground for public convenience,DISTRICT COLLECTOR SIDHI_IDA,2023-09-21,Action Pending,2000000,Unsanctioned
MPLADS-042156,SHRI Ajay Pratap Singh,Rajya Sabha,Madhya Pradesh,Sitting Rajya Sabha,SIDHI,13,,,Normal/Others,NA - Construction of community centers and community halls,DISTRICT COLLECTOR SIDHI_IDA,2023-09-21,Action Pending,1500000,Unsanctioned
MPLADS-042157,SHRI Ajay Pratap Singh,Rajya Sabha,Madhya Pradesh,Sitting Rajya Sabha,,,RAMPUR NAIKIN,Dithaura,Normal/Others,"NA - Construction of roads, approach roads, link roads and pathways",DISTRICT COLLECTOR SIDHI_IDA,2023-09-21,Action Pending,500000,Unsanctioned
MPLADS-042158,SHRI Ajay Pratap Singh,Rajya Sabha,Madhya Pradesh,Sitting Rajya Sabha,,,SIHAWAL,Sihawal,Normal/Others,NA - Construction of rooms and halls in school and colleges,DISTRICT COLLECTOR SIDHI_IDA,2023-09-21,Action Pending,1000000,Unsanctioned
MPLADS-042159,SHRI Ajay Pratap Singh,Rajya Sabha,Madhya Pradesh,Sitting Rajya Sabha,,,SIDHI,Baghau,Normal/Others,NA - Installing hand pumps,DISTRICT COLLECTOR SIDHI_IDA,2023-09-21,Action Pending,120000,Unsanctioned
MPLADS-042160,SHRI Ajay Pratap Singh,Rajya Sabha,Madhya Pradesh,Sitting Rajya Sabha,,,BERASIA,Rampura Khurd,Normal/Others,"WS/MP230/2023-2024/24212 - Construction of roads, approach roads, link roads and pathways",DISTRICT COLLECTOR BHOPAL_IDA,2023-09-21,Approved by IDA,500000,Sanctioned
MPLADS-042161,SHRI Ajay Pratap Singh,Rajya Sabha,Madhya Pradesh,Sitting Rajya Sabha,,,RAMPUR NAIKIN,Raiduariya Kalan,Normal/Others,NA - Providing supply pipelines for drinking water,DISTRICT COLLECTOR SIDHI_IDA,2023-09-21,Action Pending,483900,Unsanctioned
MPLADS-042162,Shri Rajmani Patel,Rajya Sabha,Madhya Pradesh,Sitting Rajya Sabha,,,JOURA,Urhera,Normal/Others,NA - Construction of boundary walls of existing public and community buildings,DISTRICT COLLECTOR MORENA_IDA,2023-09-21,Action Pending,499000,Unsanctioned
MPLADS-042163,Shri Rajmani Patel,Rajya Sabha,Madhya Pradesh,Sitting Rajya Sabha,Dabhaura,ward number 6,,,Normal/Others,WS/MP105/2023-2024/24461 - Improvement of electricity distribution infrastructure,DISTRICT COLLECTOR REWA_IDA,2023-09-21,Approved by IDA,155800,Sanctioned
MPLADS-042165,Shri Rajmani Patel,Rajya Sabha,Madhya Pradesh,Sitting Rajya Sabha,Sirmaur,ward number 12,,,Normal/Others,NA - Construction of buildings for community cultural activities,DISTRICT COLLECTOR REWA_IDA,2023-09-21,Action Pending,499000,Unsanctioned
MPLADS-042177,SHRI Ajay Pratap Singh,Rajya Sabha,Madhya Pradesh,Sitting Rajya Sabha,,,DEVSAR,Deosar,Normal/Others,NA - Construction of rooms and halls in school and colleges,District Collector Singrauli_IDA,2023-09-21,Action Pending,1000000,Unsanctioned
MPLADS-042178,SHRI Ajay Pratap Singh,Rajya Sabha,Madhya Pradesh,Sitting Rajya Sabha,,,DEVSAR,Deosar,Normal/Others,NA - Street lights,District Collector Singrauli_IDA,2023-09-21,Action Pending,1000000,Unsanctioned
MPLADS-042179,SHRI Ajay Pratap Singh,Rajya Sabha,Madhya Pradesh,Sitting Rajya Sabha,,,NAGOD,Urdan,Normal/Others,NA - Improvement of electricity distribution infrastructure,DISTRICT COLLECTOR SATNA_IDA,2023-09-21,Action Pending,385200,Unsanctioned
MPLADS-042180,SHRI Ajay Pratap Singh,Rajya Sabha,Madhya Pradesh,Sitting Rajya Sabha,,,NAGOD,Gunhar,Normal/Others,NA - Improvement of electricity distribution infrastructure,DISTRICT COLLECTOR SATNA_IDA,2023-09-21,Action Pending,458400,Unsanctioned
MPLADS-042195,Shri Rajmani Patel,Rajya Sabha,Madhya Pradesh,Sitting Rajya Sabha,Sirmaur,ward number 16,,,Normal/Others,WS/MP105/2023-2024/23926 - Improvement of electricity distribution infrastructure,DISTRICT COLLECTOR REWA_IDA,2023-09-21,Approved by IDA,228300,Unsanctioned
MPLADS-042196,Shri Rajmani Patel,Rajya Sabha,Madhya Pradesh,Sitting Rajya Sabha,,,REWA,Naikin,Normal/Others,WS/MP105/2023-2024/23935 - Improvement of electricity distribution infrastructure,DISTRICT COLLECTOR REWA_IDA,2023-09-21,Approved by IDA,322200,Sanctioned
MPLADS-042197,SHRI Ajay Pratap Singh,Rajya Sabha,Madhya Pradesh,Sitting Rajya Sabha,Khajuraho,13,,,Normal/Others,NA - Construction of community centers and community halls,District Collector Chhatarpur_IDA,2023-09-21,Action Pending,1500000,Unsanctioned
MPLADS-042198,SHRI Ajay Pratap Singh,Rajya Sabha,Madhya Pradesh,Sitting Rajya Sabha,,,BURHAR,Khairhani,Normal/Others,NA - Renovation of ponds and lakes,District Collector Shahdol_IDA,2023-09-21,Action Pending,1000000,Unsanctioned
MPLADS-042199,SHRI Ajay Pratap Singh,Rajya Sabha,Madhya Pradesh,Sitting Rajya Sabha,,,BURHAR,Rasmohani,Normal/Others,NA - Renovation of ponds and lakes,District Collector Shahdol_IDA,2023-09-21,Action Pending,1000000,Unsanctioned
MPLADS-042200,SHRI Ajay Pratap Singh,Rajya Sabha,Madhya Pradesh,Sitting Rajya Sabha,,,BURHAR,Galhatha,Normal/Others,NA - Construction of culverts and bridges,District Collector Shahdol_IDA,2023-09-21,Action Pending,500000,Unsanctioned
MPLADS-042201,SHRI Ajay Pratap Singh,Rajya Sabha,Madhya Pradesh,Sitting Rajya Sabha,,,BURHAR,Majholi,Normal/Others,NA - Construction of culverts and bridges,District Collector Shahdol_IDA,2023-09-21,Action Pending,500000,Unsanctioned
MPLADS-042202,SHRI Ajay Pratap Singh,Rajya Sabha,Madhya Pradesh,Sitting Rajya Sabha,,,BURHAR,Bahgad,Normal/Others,NA - Renovation of ponds and lakes,District Collector Shahdol_IDA,2023-09-21,Action Pending,1000000,Unsanctioned
MPLADS-042203,SHRI Ajay Pratap Singh,Rajya Sabha,Madhya Pradesh,Sitting Rajya Sabha,Amarkantak,4,,,Normal/Others,"WS/MP230/2023-2024/23951 - Construction of roads, approach roads, link roads and pathways",DISTRICT COLLECTOR ANUPPUR_IDA,2023-09-21,Approved by IDA,1000000,Unsanctioned
MPLADS-042204,SHRI Ajay Pratap Singh,Rajya Sabha,Madhya Pradesh,Sitting Rajya Sabha,Amarkantak,4,,,Normal/Others,"WS/MP230/2023-2024/23952 - Construction of roads, approach roads, link roads and pathways",DISTRICT COLLECTOR ANUPPUR_IDA,2023-09-21,Approved by IDA,1500000,Unsanctioned
MPLADS-042205,SHRI Ajay Pratap Singh,Rajya Sabha,Madhya Pradesh,Sitting Rajya Sabha,,,RAMPUR BAGHELAN,Delaura,Normal/Others,NA - Purchase of furniture and fixtures for educational purposes,DISTRICT COLLECTOR SATNA_IDA,2023-09-21,Action Pending,1000000,Unsanctioned
MPLADS-042290,Ramakant Bhargava,Lok Sabha,Madhya Pradesh,VIDISHA,Shahganj,01,,,Normal/Others,NA - Street lights,DISTRICT COLLECTOR SEHORE_IDA,2023-09-20,Action Pending,1500000,Unsanctioned
MPLADS-042291,Ramakant Bhargava,Lok Sabha,Madhya Pradesh,VIDISHA,Shahganj,01,,,Normal/Others,NA - Construction of boundary walls of existing public and community buildings,DISTRICT COLLECTOR SEHORE_IDA,2023-09-20,Action Pending,250000,Unsanctioned
MPLADS-042314,Shri Rajmani Patel,Rajya Sabha,Madhya Pradesh,Sitting Rajya Sabha,,,JAWA,Gohata No 1,Normal/Others,WS/MP105/2023-2024/23363 - Improvement of electricity distribution infrastructure,DISTRICT COLLECTOR REWA_IDA,2023-09-20,Approved by IDA,398300,Unsanctioned
MPLADS-042327,Ramakant Bhargava,Lok Sabha,Madhya Pradesh,VIDISHA,Vidisha,02,,,Normal/Others,NA - Construction of buildings for community cultural activities,District Collector Vidisha_IDA,2023-09-20,Action Pending,200000,Unsanctioned
MPLADS-042340,Shri Rajmani Patel,Rajya Sabha,Madhya Pradesh,Sitting Rajya Sabha,Rewa,ward number 4,,,Normal/Others,WS/MP105/2023-2024/23372 - Improvement of electricity distribution infrastructure,DISTRICT COLLECTOR REWA_IDA,2023-09-20,Approved by IDA,337800,Unsanctioned
MPLADS-042342,Shri Rajmani Patel,Rajya Sabha,Madhya Pradesh,Sitting Rajya Sabha,,,JAWA,Kalyanpur,Normal/Others,"WS/MP105/2023-2024/23387 - Construction of roads, link roads, pathways or any other road with or without drainage system",DISTRICT COLLECTOR REWA_IDA,2023-09-20,Approved by IDA,299000,Sanctioned
MPLADS-042343,Shri Rajmani Patel,Rajya Sabha,Madhya Pradesh,Sitting Rajya Sabha,,,JAWA,Uparwar,Normal/Others,"WS/MP105/2023-2024/23390 - Construction of roads, approach roads, link roads and pathways",DISTRICT COLLECTOR REWA_IDA,2023-09-20,Approved by IDA,299000,Sanctioned
MPLADS-042344,Shri Rajmani Patel,Rajya Sabha,Madhya Pradesh,Sitting Rajya Sabha,,,BIRSA,Bakiguda,Normal/Others,NA - Construction of culverts and bridges,DISTRICT COLLECTOR BALAGHAT_IDA,2023-09-20,Action Pending,1499000,Unsanctioned
MPLADS-042345,Shri Rajmani Patel,Rajya Sabha,Madhya Pradesh,Sitting Rajya Sabha,,,RAIPUR KARCHULIYAN,Duari,Normal/Others,WS/MP105/2023-2024/23634 - Construction of additional rooms and halls in the existing public and community building,DISTRICT COLLECTOR REWA_IDA,2023-09-20,Approved by IDA,499000,Sanctioned
MPLADS-042364,Ramakant Bhargava,Lok Sabha,Madhya Pradesh,VIDISHA,Budni,08,,,Normal/Others,NA - Purchase of hearse van,DISTRICT COLLECTOR SEHORE_IDA,2023-09-20,Rejected by IDA,1800000,Unsanctioned
MPLADS-042402,Ramakant Bhargava,Lok Sabha,Madhya Pradesh,VIDISHA,,,VIDISHA,Kirimchi Bandhera,Normal/Others,WS/MP649/2023-2024/23630 - Construction of buildings for community cultural activities,District Collector Vidisha_IDA,2023-09-20,Approved by IDA,1200000,Sanctioned
MPLADS-042403,Gajendra Singh Patel,Lok Sabha,Madhya Pradesh,KHARGONE(ST),,,PANSEMAL,Donwada,Normal/Others,WS/MP641/2023-2024/23743 - Construction of common work sheds/ common covered sitting area,DISTRICT COLLECTOR BADWANI_IDA,2023-09-20,Approved by IDA,500000,Sanctioned
MPLADS-042404,Faggan Singh Kulaste,Lok Sabha,Madhya Pradesh,MANDLA(ST),,,DINDORI,Basaniya Mal.,Normal/Others,"WS/MP640/2023-2024/23805 - Construction of roads, approach roads, link roads and pathways",District Collector Dindori_IDA,2023-09-20,Approved by IDA,500000,Sanctioned
MPLADS-042405,Faggan Singh Kulaste,Lok Sabha,Madhya Pradesh,MANDLA(ST),,,KARANJIYA,Jadasurang Ryt.,Normal/Others,WS/MP640/2023-2024/23807 - Construction of culverts and bridges,District Collector Dindori_IDA,2023-09-20,Approved by IDA,500000,Sanctioned
MPLADS-042406,Faggan Singh Kulaste,Lok Sabha,Madhya Pradesh,MANDLA(ST),,,DINDORI,Dhanuwa Sagar,Normal/Others,WS/MP640/2023-2024/23809 - Construction of road under bridge,District Collector Dindori_IDA,2023-09-20,Approved by IDA,500000,Sanctioned
MPLADS-042407,Faggan Singh Kulaste,Lok Sabha,Madhya Pradesh,MANDLA(ST),,,DINDORI,Kanai Sangwa Mal.,Normal/Others,WS/MP640/2023-2024/23810 - Construction of road under bridge,District Collector Dindori_IDA,2023-09-20,Approved by IDA,500000,Sanctioned
MPLADS-042450,Faggan Singh Kulaste,Lok Sabha,Madhya Pradesh,MANDLA(ST),,,DINDORI,Vikrampur Ryt.,Normal/Others,WS/MP640/2023-2024/23784 - Construction of culverts and bridges,District Collector Dindori_IDA,2023-09-20,Approved by IDA,500000,Ongoing
MPLADS-042691,Shri Rajmani Patel,Rajya Sabha,Madhya Pradesh,Sitting Rajya Sabha,,,JAWA,Pathrauda,Normal/Others,"WS/MP105/2023-2024/23043 - Construction of roads, approach roads, link roads and pathways",DISTRICT COLLECTOR REWA_IDA,2023-09-19,Approved by IDA,299000,Sanctioned
MPLADS-042692,Shri Rajmani Patel,Rajya Sabha,Madhya Pradesh,Sitting Rajya Sabha,,,JAWA,Kanchanpur(46),Normal/Others,"NA - Construction of roads, approach roads, link roads and pathways",DISTRICT COLLECTOR REWA_IDA,2023-09-19,Action Pending,499000,Unsanctioned
MPLADS-042693,Shri Rajmani Patel,Rajya Sabha,Madhya Pradesh,Sitting Rajya Sabha,Dabhaura,"Ward Number-3, Gedura Gautaman",,,Normal/Others,WS/MP105/2023-2024/23121 - Improvement of electricity distribution infrastructure,DISTRICT COLLECTOR REWA_IDA,2023-09-19,Approved by IDA,142500,Unsanctioned
MPLADS-042694,Shri Rajmani Patel,Rajya Sabha,Madhya Pradesh,Sitting Rajya Sabha,Dabhaura,ward number-3,,,Normal/Others,WS/MP105/2023-2024/23122 - Improvement of electricity distribution infrastructure,DISTRICT COLLECTOR REWA_IDA,2023-09-19,Approved by IDA,417600,Unsanctioned
MPLADS-042695,Shri Rajmani Patel,Rajya Sabha,Madhya Pradesh,Sitting Rajya Sabha,,,SIRMOUR,Tendun,Normal/Others,"WS/MP105/2023-2024/23143 - Construction of roads, link roads, pathways or any other road with or without drainage system",DISTRICT COLLECTOR REWA_IDA,2023-09-19,Approved by IDA,499000,Sanctioned
MPLADS-042696,Shri Rajmani Patel,Rajya Sabha,Madhya Pradesh,Sitting Rajya Sabha,,,SIRMOUR,Maraila,Repair and Renovation,NA - Construction of rooms and halls in school and colleges,DISTRICT COLLECTOR REWA_IDA,2023-09-19,Action Pending,499000,Unsanctioned
MPLADS-042697,Shri Rajmani Patel,Rajya Sabha,Madhya Pradesh,Sitting Rajya Sabha,,,TONK KHURD,Chidawad,Normal/Others,"NA - Purchase of IT systems, including hardware and software for educational purposes",DISTRICT COLLECTOR DEWAS_IDA,2023-09-19,Action Pending,50000,Unsanctioned
MPLADS-042698,Shri Rajmani Patel,Rajya Sabha,Madhya Pradesh,Sitting Rajya Sabha,,,REWA,Bisar,Normal/Others,WS/MP105/2023-2024/23169 - Improvement of electricity distribution infrastructure,DISTRICT COLLECTOR REWA_IDA,2023-09-19,Approved by IDA,101600,Unsanctioned
MPLADS-042699,Shri Rajmani Patel,Rajya Sabha,Madhya Pradesh,Sitting Rajya Sabha,,,JAWA,Gadha (137),Normal/Others,WS/MP105/2023-2024/23180 - Creation of new ponds,DISTRICT COLLECTOR REWA_IDA,2023-09-19,Approved by IDA,499000,Sanctioned
MPLADS-042700,Shri Rajmani Patel,Rajya Sabha,Madhya Pradesh,Sitting Rajya Sabha,Dabhaura,ward number 12,,,Normal/Others,WS/MP105/2023-2024/23181 - Improvement of electricity distribution infrastructure,DISTRICT COLLECTOR REWA_IDA,2023-09-19,Approved by IDA,377600,Unsanctioned
MPLADS-042876,Faggan Singh Kulaste,Lok Sabha,Madhya Pradesh,MANDLA(ST),,,AMARPUR,Kisalpuri Mal.,Normal/Others,WS/MP640/2023-2024/23146 - Construction of culverts and bridges,District Collector Dindori_IDA,2023-09-19,Approved by IDA,500000,Sanctioned
MPLADS-043170,Shri Vivek K Tankha,Rajya Sabha,Madhya Pradesh,Sitting Rajya Sabha,,,BICHHIYA,Chaunranga Mal.,Normal/Others,NA - Construction of buildings for community cultural activities,DISTRICT COLLECTOR MANDLA_IDA,2023-09-18,Action Pending,150000,Unsanctioned
MPLADS-043171,Shri Vivek K Tankha,Rajya Sabha,Madhya Pradesh,Sitting Rajya Sabha,mandla,District Court,,,Normal/Others,NA - Purchase Books for Library,DISTRICT COLLECTOR MANDLA_IDA,2023-09-18,Action Pending,50000,Unsanctioned
MPLADS-043172,Shri Vivek K Tankha,Rajya Sabha,Madhya Pradesh,Sitting Rajya Sabha,mandla,District Court Mandla,,,Normal/Others,NA - Construction of additional rooms and halls in the existing public and community building,DISTRICT COLLECTOR MANDLA_IDA,2023-09-18,Action Pending,500000,Unsanctioned
MPLADS-043173,Shri Vivek K Tankha,Rajya Sabha,Madhya Pradesh,Sitting Rajya Sabha,mandla,Distric Court Mandla,,,Normal/Others,NA - Construction of additional rooms and halls in the existing public and community building,DISTRICT COLLECTOR MANDLA_IDA,2023-09-18,Action Pending,500000,Unsanctioned
MPLADS-043199,Shri Vivek K Tankha,Rajya Sabha,Madhya Pradesh,Sitting Rajya Sabha,,,BICHHIYA,Kisli Bhilwani F.V.,Normal/Others,NA - Construction of buildings for community cultural activities,DISTRICT COLLECTOR MANDLA_IDA,2023-09-18,Action Pending,150000,Unsanctioned
MPLADS-043200,Shri Vivek K Tankha,Rajya Sabha,Madhya Pradesh,Sitting Rajya Sabha,,,BICHHIYA,Khatola,Normal/Others,NA - Construction of buildings for community cultural activities,DISTRICT COLLECTOR MANDLA_IDA,2023-09-18,Action Pending,150000,Unsanctioned
MPLADS-043442,Ramakant Bhargava,Lok Sabha,Madhya Pradesh,VIDISHA,,,SANCHI,Pemat,Normal/Others,WS/MP649/2023-2024/22253 - Construction of common work sheds/ common covered sitting area,DISTRICT COLLECTOR RAISEN_IDA,2023-09-17,Approved by IDA,250000,Sanctioned
MPLADS-043443,Ramakant Bhargava,Lok Sabha,Madhya Pradesh,VIDISHA,,,GAIRATGANJ,Hardout,Normal/Others,"WS/MP649/2023-2024/22242 - Construction of roads, approach roads, link roads and pathways",DISTRICT COLLECTOR RAISEN_IDA,2023-09-17,Approved by IDA,250000,Sanctioned
MPLADS-043444,Ramakant Bhargava,Lok Sabha,Madhya Pradesh,VIDISHA,,,SANCHI,Barrukhar,Normal/Others,"WS/MP649/2023-2024/22243 - Construction of roads, approach roads, link roads and pathways",DISTRICT COLLECTOR RAISEN_IDA,2023-09-17,Approved by IDA,300000,Sanctioned
MPLADS-043445,Ramakant Bhargava,Lok Sabha,Madhya Pradesh,VIDISHA,,,SANCHI,Nand,Normal/Others,"WS/MP649/2023-2024/22244 - Construction of roads, approach roads, link roads and pathways",DISTRICT COLLECTOR RAISEN_IDA,2023-09-17,Approved by IDA,300000,Sanctioned
MPLADS-043446,Ramakant Bhargava,Lok Sabha,Madhya Pradesh,VIDISHA,,,SANCHI,Nayapura,Normal/Others,"WS/MP649/2023-2024/22245 - Construction of roads, approach roads, link roads and pathways",DISTRICT COLLECTOR RAISEN_IDA,2023-09-17,Approved by IDA,300000,Sanctioned
MPLADS-043447,Ramakant Bhargava,Lok Sabha,Madhya Pradesh,VIDISHA,,,SANCHI,Sagoniya,Normal/Others,"WS/MP649/2023-2024/22249 - Construction of roads, approach roads, link roads and pathways",DISTRICT COLLECTOR RAISEN_IDA,2023-09-17,Approved by IDA,300000,Sanctioned
MPLADS-043448,Ramakant Bhargava,Lok Sabha,Madhya Pradesh,VIDISHA,,,SANCHI,Rangpura Kesri,Normal/Others,"WS/MP649/2023-2024/22251 - Construction of roads, approach roads, link roads and pathways",DISTRICT COLLECTOR RAISEN_IDA,2023-09-17,Approved by IDA,250000,Sanctioned
MPLADS-043449,Ramakant Bhargava,Lok Sabha,Madhya Pradesh,VIDISHA,,,SANCHI,Amrawad,Normal/Others,"WS/MP649/2023-2024/22252 - Construction of roads, approach roads, link roads and pathways",DISTRICT COLLECTOR RAISEN_IDA,2023-09-17,Approved by IDA,250000,Sanctioned
MPLADS-043455,Ramakant Bhargava,Lok Sabha,Madhya Pradesh,VIDISHA,,,GAIRATGANJ,Jinnor,Normal/Others,"WS/MP649/2023-2024/22190 - Construction of roads, approach roads, link roads and pathways",DISTRICT COLLECTOR RAISEN_IDA,2023-09-17,Approved by IDA,250000,Sanctioned
MPLADS-043458,Ramakant Bhargava,Lok Sabha,Madhya Pradesh,VIDISHA,,,SANCHI,Mungaliya,Normal/Others,"WS/MP649/2023-2024/22241 - Construction of roads, approach roads, link roads and pathways",DISTRICT COLLECTOR RAISEN_IDA,2023-09-17,Approved by IDA,250000,Sanctioned
MPLADS-043459,Ramakant Bhargava,Lok Sabha,Madhya Pradesh,VIDISHA,,,SANCHI,Kanth,Normal/Others,"WS/MP649/2023-2024/22180 - Construction of roads, approach roads, link roads and pathways",DISTRICT COLLECTOR RAISEN_IDA,2023-09-17,Approved by IDA,250000,Sanctioned
MPLADS-043462,Ramakant Bhargava,Lok Sabha,Madhya Pradesh,VIDISHA,,,SANCHI,Sanchet,Normal/Others,"WS/MP649/2023-2024/22179 - Construction of roads, approach roads, link roads and pathways",DISTRICT COLLECTOR RAISEN_IDA,2023-09-17,Approved by IDA,500000,Sanctioned
MPLADS-043463,Ramakant Bhargava,Lok Sabha,Madhya Pradesh,VIDISHA,,,SANCHI,Bishankhedi,Normal/Others,"WS/MP649/2023-2024/22178 - Construction of roads, approach roads, link roads and pathways",DISTRICT COLLECTOR RAISEN_IDA,2023-09-17,Approved by IDA,250000,Sanctioned
MPLADS-043464,Ramakant Bhargava,Lok Sabha,Madhya Pradesh,VIDISHA,,,GAIRATGANJ,Tekapar Khodi,Normal/Others,WS/MP649/2023-2024/22176 - Construction of common work sheds/ common covered sitting area,DISTRICT COLLECTOR RAISEN_IDA,2023-09-17,Approved by IDA,250000,Sanctioned
MPLADS-043465,Ramakant Bhargava,Lok Sabha,Madhya Pradesh,VIDISHA,,,GAIRATGANJ,Deoriganj,Normal/Others,WS/MP649/2023-2024/22175 - Construction of common work sheds/ common covered sitting area,DISTRICT COLLECTOR RAISEN_IDA,2023-09-17,Approved by IDA,250000,Sanctioned
MPLADS-043466,Ramakant Bhargava,Lok Sabha,Madhya Pradesh,VIDISHA,,,SANCHI,Bamnod,Normal/Others,"WS/MP649/2023-2024/22174 - Construction of roads, approach roads, link roads and pathways",DISTRICT COLLECTOR RAISEN_IDA,2023-09-17,Approved by IDA,250000,Sanctioned
MPLADS-043480,Ramakant Bhargava,Lok Sabha,Madhya Pradesh,VIDISHA,,,SANCHI,Narwar,Normal/Others,"WS/MP649/2023-2024/22182 - Construction of roads, approach roads, link roads and pathways",DISTRICT COLLECTOR RAISEN_IDA,2023-09-17,Approved by IDA,250000,Sanctioned
MPLADS-043481,Ramakant Bhargava,Lok Sabha,Madhya Pradesh,VIDISHA,,,GAIRATGANJ,Khajuriya,Normal/Others,"WS/MP649/2023-2024/22183 - Construction of roads, approach roads, link roads and pathways",DISTRICT COLLECTOR RAISEN_IDA,2023-09-17,Approved by IDA,250000,Sanctioned
MPLADS-043482,Ramakant Bhargava,Lok Sabha,Madhya Pradesh,VIDISHA,,,SANCHI,Gyasabad,Normal/Others,"WS/MP649/2023-2024/22185 - Construction of roads, approach roads, link roads and pathways",DISTRICT COLLECTOR RAISEN_IDA,2023-09-17,Approved by IDA,250000,Sanctioned
MPLADS-043483,Ramakant Bhargava,Lok Sabha,Madhya Pradesh,VIDISHA,,,SANCHI,Undol Bahed,Normal/Others,"WS/MP649/2023-2024/22186 - Construction of roads, approach roads, link roads and pathways",DISTRICT COLLECTOR RAISEN_IDA,2023-09-17,Approved by IDA,250000,Sanctioned
MPLADS-043484,Ramakant Bhargava,Lok Sabha,Madhya Pradesh,VIDISHA,,,SANCHI,Mau Pathrai,Normal/Others,"WS/MP649/2023-2024/22187 - Construction of roads, approach roads, link roads and pathways",DISTRICT COLLECTOR RAISEN_IDA,2023-09-17,Approved by IDA,250000,Sanctioned
MPLADS-043485,Ramakant Bhargava,Lok Sabha,Madhya Pradesh,VIDISHA,,,GAIRATGANJ,Tekapar Khodi,Normal/Others,"WS/MP649/2023-2024/22189 - Construction of roads, approach roads, link roads and pathways",DISTRICT COLLECTOR RAISEN_IDA,2023-09-17,Approved by IDA,250000,Sanctioned
MPLADS-043486,Ramakant Bhargava,Lok Sabha,Madhya Pradesh,VIDISHA,,,SANCHI,Khandera,Normal/Others,"WS/MP649/2023-2024/22181 - Construction of roads, approach roads, link roads and pathways",DISTRICT COLLECTOR RAISEN_IDA,2023-09-17,Approved by IDA,250000,Sanctioned
MPLADS-043523,Ramakant Bhargava,Lok Sabha,Madhya Pradesh,VIDISHA,Raisen,13,,,Normal/Others,NA - Construction of boundary walls of existing public and community buildings,DISTRICT COLLECTOR RAISEN_IDA,2023-09-17,Action Pending,300000,Unsanctioned
MPLADS-043687,Shri Anil Firojiya ,Lok Sabha,Madhya Pradesh,UJJAIN(SC),,,KHACHAROD,Lusdawan,Normal/Others,"WS/MP360/2023-2024/21636 - Construction of roads, link roads, pathways or any other road with or without drainage system",DISTRICT COLLECTOR UJJAIN_IDA,2023-09-16,Approved by IDA,200000,Sanctioned
MPLADS-043691,Shri Anil Firojiya ,Lok Sabha,Madhya Pradesh,UJJAIN(SC),Ujjain,54,,,Normal/Others,NA - Construction of buildings for community cultural activities,DISTRICT COLLECTOR UJJAIN_IDA,2023-09-16,Action Pending,200000,Unsanctioned
MPLADS-043692,Shri Anil Firojiya ,Lok Sabha,Madhya Pradesh,UJJAIN(SC),Ujjain,42,,,Normal/Others,WS/MP360/2023-2024/21639 - Installation of multi-gym equipment,DISTRICT COLLECTOR UJJAIN_IDA,2023-09-16,Approved by IDA,800000,
MPLADS-043693,Shri Anil Firojiya ,Lok Sabha,Madhya Pradesh,UJJAIN(SC),Ujjain,17,,,Normal/Others,WS/MP360/2023-2024/21640 - Construction of buildings for community cultural activities,DISTRICT COLLECTOR UJJAIN_IDA,2023-09-16,Approved by IDA,500000,Unsanctioned
MPLADS-043697,Shri Anil Firojiya ,Lok Sabha,Madhya Pradesh,UJJAIN(SC),,,TARANA,Tilawad,Normal/Others,WS/MP360/2023-2024/21629 - Construction of buildings for community cultural activities,DISTRICT COLLECTOR UJJAIN_IDA,2023-09-16,Approved by IDA,500000,Sanctioned
MPLADS-043706,Shri Anil Firojiya ,Lok Sabha,Madhya Pradesh,UJJAIN(SC),,,TARANA,Kapeli,Normal/Others,WS/MP360/2023-2024/21612 - Purchase of mobile water tankers,DISTRICT COLLECTOR UJJAIN_IDA,2023-09-16,Approved by IDA,156733,Sanctioned
MPLADS-043729,Shri Anil Firojiya ,Lok Sabha,Madhya Pradesh,UJJAIN(SC),,,TARANA,Kathbadoda,Normal/Others,WS/MP360/2023-2024/21625 - Purchase of mobile water tankers,DISTRICT COLLECTOR UJJAIN_IDA,2023-09-16,Approved by IDA,156733,Completed
MPLADS-043730,Shri Anil Firojiya ,Lok Sabha,Madhya Pradesh,UJJAIN(SC),,,TARANA,Dobdagujar,Normal/Others,WS/MP360/2023-2024/21628 - Purchase of mobile water tankers,DISTRICT COLLECTOR UJJAIN_IDA,2023-09-16,Approved by IDA,156733,Completed
MPLADS-043731,Shri Anil Firojiya ,Lok Sabha,Madhya Pradesh,UJJAIN(SC),,,TARANA,Pachola,Normal/Others,WS/MP360/2023-2024/21623 - Purchase of mobile water tankers,DISTRICT COLLECTOR UJJAIN_IDA,2023-09-16,Approved by IDA,156733,Completed
MPLADS-043732,Shri Anil Firojiya ,Lok Sabha,Madhya Pradesh,UJJAIN(SC),,,TARANA,Guradiyagujar,Normal/Others,WS/MP360/2023-2024/21624 - Purchase of mobile water tankers,DISTRICT COLLECTOR UJJAIN_IDA,2023-09-16,Approved by IDA,156733,Completed
MPLADS-043784,Shri Anil Firojiya ,Lok Sabha,Madhya Pradesh,UJJAIN(SC),,,TARANA,Lasurdiyabechar,Normal/Others,WS/MP360/2023-2024/21614 - Purchase of mobile water tankers,DISTRICT COLLECTOR UJJAIN_IDA,2023-09-16,Approved by IDA,156733,Completed
MPLADS-043785,Shri Anil Firojiya ,Lok Sabha,Madhya Pradesh,UJJAIN(SC),,,TARANA,Dabdarajput,Normal/Others,WS/MP360/2023-2024/21621 - Purchase of mobile water tankers,DISTRICT COLLECTOR UJJAIN_IDA,2023-09-16,Approved by IDA,156733,Completed
MPLADS-043786,Shri Anil Firojiya ,Lok Sabha,Madhya Pradesh,UJJAIN(SC),,,TARANA,Suwagaon,Normal/Others,WS/MP360/2023-2024/21622 - Purchase of mobile water tankers,DISTRICT COLLECTOR UJJAIN_IDA,2023-09-16,Approved by IDA,156733,Completed
MPLADS-043806,Shri Anil Firojiya ,Lok Sabha,Madhya Pradesh,UJJAIN(SC),,,TARANA,Itawa,Normal/Others,WS/MP360/2023-2024/21610 - Purchase of mobile water tankers,DISTRICT COLLECTOR UJJAIN_IDA,2023-09-16,Approved by IDA,156733,Sanctioned
MPLADS-044136,Shri Rajmani Patel,Rajya Sabha,Madhya Pradesh,Sitting Rajya Sabha,,,JAWA,Pariharinpurwa,Normal/Others,WS/MP105/2023-2024/21658 - Improvement of electricity distribution infrastructure,DISTRICT COLLECTOR REWA_IDA,2023-09-16,Approved by IDA,287200,Unsanctioned
MPLADS-044138,Shri Rajmani Patel,Rajya Sabha,Madhya Pradesh,Sitting Rajya Sabha,Dabhaura,Ward number 4,,,Normal/Others,WS/MP105/2023-2024/21686 - Improvement of electricity distribution infrastructure,DISTRICT COLLECTOR REWA_IDA,2023-09-16,Approved by IDA,547100,Unsanctioned
MPLADS-044139,Shri Rajmani Patel,Rajya Sabha,Madhya Pradesh,Sitting Rajya Sabha,,,JAWA,Khamhariya,Normal/Others,"WS/MP105/2023-2024/21703 - Construction of roads, approach roads, link roads and pathways",DISTRICT COLLECTOR REWA_IDA,2023-09-16,Approved by IDA,299000,Sanctioned
MPLADS-044140,Shri Rajmani Patel,Rajya Sabha,Madhya Pradesh,Sitting Rajya Sabha,,,JAWA,Kasiyari,Normal/Others,NA - Providing drains and gutters for public drainage,DISTRICT COLLECTOR REWA_IDA,2023-09-16,Action Pending,299000,Unsanctioned
MPLADS-044141,Shri Rajmani Patel,Rajya Sabha,Madhya Pradesh,Sitting Rajya Sabha,Rewa,ward number 6,,,Normal/Others,NA - Construction of boundary walls of existing public and community buildings,DISTRICT COLLECTOR REWA_IDA,2023-09-16,Action Pending,399000,Unsanctioned
MPLADS-044142,Shri Rajmani Patel,Rajya Sabha,Madhya Pradesh,Sitting Rajya Sabha,,,JAWA,Dodau,Normal/Others,WS/MP105/2023-2024/21759 - Construction of rooms and halls in school and colleges,DISTRICT COLLECTOR REWA_IDA,2023-09-16,Approved by IDA,999000,Sanctioned
MPLADS-044191,Shri Anil Firojiya ,Lok Sabha,Madhya Pradesh,UJJAIN(SC),,,GHATIYA,Chhitar Devi,Normal/Others,"WS/MP360/2023-2024/20677 - Construction of roads, link roads, pathways or any other road with or without drainage system",DISTRICT COLLECTOR UJJAIN_IDA,2023-09-15,Approved by IDA,250000,Completed
MPLADS-044206,Ramakant Bhargava,Lok Sabha,Madhya Pradesh,VIDISHA,Raisen,13,,,Normal/Others,WS/MP649/2023-2024/20913 - Construction of community centers and community halls,DISTRICT COLLECTOR RAISEN_IDA,2023-09-15,Approved by IDA,500000,Sanctioned
MPLADS-044207,Shri Anil Firojiya ,Lok Sabha,Madhya Pradesh,UJJAIN(SC),Khacharod,1,,,Normal/Others,NA - Purchase of mobile water tankers,DISTRICT COLLECTOR UJJAIN_IDA,2023-09-15,Action Pending,306932,Unsanctioned
MPLADS-044208,Shri Anil Firojiya ,Lok Sabha,Madhya Pradesh,UJJAIN(SC),makdon,1,,,Normal/Others,NA - Purchase of mobile water tankers,DISTRICT COLLECTOR UJJAIN_IDA,2023-09-15,Action Pending,153466,Unsanctioned
MPLADS-044209,Shri Anil Firojiya ,Lok Sabha,Madhya Pradesh,UJJAIN(SC),Tarana,1,,,Normal/Others,NA - Purchase of mobile water tankers,DISTRICT COLLECTOR UJJAIN_IDA,2023-09-15,Action Pending,230199,Unsanctioned
MPLADS-044210,Shri Anil Firojiya ,Lok Sabha,Madhya Pradesh,UJJAIN(SC),Badnagar,1,,,Normal/Others,NA - Purchase of mobile water tankers,DISTRICT COLLECTOR UJJAIN_IDA,2023-09-15,Action Pending,306932,Unsanctioned
MPLADS-044235,Janardan Mishra,Lok Sabha,Madhya Pradesh,REWA,,,REWA,Atariya,Normal/Others,"WS/MP644/2023-2024/21056 - Construction of roads, approach roads, link roads and pathways",DISTRICT COLLECTOR REWA_IDA,2023-09-15,Approved by IDA,501000,Sanctioned
MPLADS-044236,Janardan Mishra,Lok Sabha,Madhya Pradesh,REWA,,,GANGEV,Hinauti,Normal/Others,WS/MP644/2023-2024/20730 - Construction of boundary walls of existing public and community buildings,DISTRICT COLLECTOR REWA_IDA,2023-09-15,Approved by IDA,300000,Sanctioned
MPLADS-044237,Ramakant Bhargava,Lok Sabha,Madhya Pradesh,VIDISHA,,,SANCHI,Kharbai,Normal/Others,"WS/MP649/2023-2024/20921 - Construction of roads, approach roads, link roads and pathways",DISTRICT COLLECTOR RAISEN_IDA,2023-09-15,Approved by IDA,500000,Sanctioned
MPLADS-044238,Shri Anil Firojiya ,Lok Sabha,Madhya Pradesh,UJJAIN(SC),,,TARANA,Bhodalya,Normal/Others,"WS/MP360/2023-2024/20976 - Construction of roads, link roads, pathways or any other road with or without drainage system",DISTRICT COLLECTOR UJJAIN_IDA,2023-09-15,Approved by IDA,500000,Sanctioned
MPLADS-044239,Janardan Mishra,Lok Sabha,Madhya Pradesh,REWA,,,RAIPUR KARCHULIYAN,Kati,Normal/Others,WS/MP644/2023-2024/21019 - Construction of additional rooms and halls in the existing public and community building,DISTRICT COLLECTOR REWA_IDA,2023-09-15,Approved by IDA,1000000,Sanctioned
MPLADS-044240,Janardan Mishra,Lok Sabha,Madhya Pradesh,REWA,,,SIRMOUR,Tilkhan,Normal/Others,WS/MP644/2023-2024/21021 - Construction of additional rooms and halls in the existing public and community building,DISTRICT COLLECTOR REWA_IDA,2023-09-15,Approved by IDA,500000,Sanctioned
MPLADS-044241,Janardan Mishra,Lok Sabha,Madhya Pradesh,REWA,,,HANUMANA,Misirgawan,Normal/Others,WS/MP644/2023-2024/21026 - Construction of additional rooms and halls in the existing public and community building,DISTRICT COLLECTOR REWA_IDA,2023-09-15,Approved by IDA,400000,Sanctioned
MPLADS-044242,Janardan Mishra,Lok Sabha,Madhya Pradesh,REWA,,,HANUMANA,Paipkhar,Normal/Others,WS/MP644/2023-2024/21033 - Construction of additional rooms and halls in the existing public and community building,DISTRICT COLLECTOR REWA_IDA,2023-09-15,Approved by IDA,400000,Sanctioned
MPLADS-044243,Ramakant Bhargava,Lok Sabha,Madhya Pradesh,VIDISHA,,,GYARASPUR,Barbai,Normal/Others,WS/MP649/2023-2024/21040 - Purchase of mobile water tankers,District Collector Vidisha_IDA,2023-09-15,Approved by IDA,163176,Sanctioned
MPLADS-044244,Janardan Mishra,Lok Sabha,Madhya Pradesh,REWA,,,SIRMOUR,Beerkham,Normal/Others,WS/MP644/2023-2024/21142 - Street lights,DISTRICT COLLECTOR REWA_IDA,2023-09-15,Approved by IDA,697800,Sanctioned
MPLADS-044246,Shankar Lalwani,Lok Sabha,Madhya Pradesh,INDORE,,,DEPALPUR,Jalodiya Par,Normal/Others,"WS/MP650/2023-2024/21185 - Construction of roads, approach roads, link roads and pathways",DISTRICT COLLECTOR INDORE_IDA,2023-09-15,Approved by IDA,250000,Sanctioned
MPLADS-044247,Shankar Lalwani,Lok Sabha,Madhya Pradesh,INDORE,,,DEPALPUR,Bhidota,Normal/Others,"WS/MP650/2023-2024/21187 - Construction of roads, approach roads, link roads and pathways",DISTRICT COLLECTOR INDORE_IDA,2023-09-15,Approved by IDA,250000,Sanctioned
MPLADS-044248,Shankar Lalwani,Lok Sabha,Madhya Pradesh,INDORE,,,DEPALPUR,Takipura,Normal/Others,"WS/MP650/2023-2024/21188 - Construction of roads, approach roads, link roads and pathways",DISTRICT COLLECTOR INDORE_IDA,2023-09-15,Approved by IDA,250000,Sanctioned
MPLADS-044249,Shankar Lalwani,Lok Sabha,Madhya Pradesh,INDORE,,,DEPALPUR,Chadoda,Normal/Others,"WS/MP650/2023-2024/21189 - Construction of roads, approach roads, link roads and pathways",DISTRICT COLLECTOR INDORE_IDA,2023-09-15,Approved by IDA,250000,Sanctioned
MPLADS-044250,Shankar Lalwani,Lok Sabha,Madhya Pradesh,INDORE,,,DEPALPUR,Chiklonda,Normal/Others,"WS/MP650/2023-2024/21190 - Construction of roads, approach roads, link roads and pathways",DISTRICT COLLECTOR INDORE_IDA,2023-09-15,Approved by IDA,250000,Sanctioned
MPLADS-044251,Janardan Mishra,Lok Sabha,Madhya Pradesh,REWA,,,RAIPUR KARCHULIYAN,Manikwar,Normal/Others,WS/MP644/2023-2024/21191 - Street lights,DISTRICT COLLECTOR REWA_IDA,2023-09-15,Approved by IDA,697800,Sanctioned
MPLADS-044252,Janardan Mishra,Lok Sabha,Madhya Pradesh,REWA,,,RAIPUR KARCHULIYAN,Tatihara,Normal/Others,WS/MP644/2023-2024/21192 - Street lights,DISTRICT COLLECTOR REWA_IDA,2023-09-15,Approved by IDA,697800,Sanctioned
MPLADS-044253,Janardan Mishra,Lok Sabha,Madhya Pradesh,REWA,,,RAIPUR KARCHULIYAN,Manakahari,Normal/Others,WS/MP644/2023-2024/21193 - Street lights,DISTRICT COLLECTOR REWA_IDA,2023-09-15,Approved by IDA,697800,Sanctioned
MPLADS-044254,Janardan Mishra,Lok Sabha,Madhya Pradesh,REWA,,,GANGEV,Gangeo No.1,Normal/Others,WS/MP644/2023-2024/20728 - Construction of additional rooms and halls in the existing public and community building,DISTRICT COLLECTOR REWA_IDA,2023-09-15,Approved by IDA,500000,Sanctioned
MPLADS-044255,Janardan Mishra,Lok Sabha,Madhya Pradesh,REWA,,,NAIGARHI,Fulaha,Normal/Others,WS/MP644/2023-2024/20665 - Construction of additional rooms and halls in the existing public and community building,DISTRICT COLLECTOR REWA_IDA,2023-09-15,Approved by IDA,500000,Sanctioned
MPLADS-044256,Janardan Mishra,Lok Sabha,Madhya Pradesh,REWA,,,NAIGARHI,Dilha,Normal/Others,WS/MP644/2023-2024/20664 - Construction of additional rooms and halls in the existing public and community building,DISTRICT COLLECTOR REWA_IDA,2023-09-15,Approved by IDA,500000,Sanctioned
MPLADS-044257,Janardan Mishra,Lok Sabha,Madhya Pradesh,REWA,,,HANUMANA,Karkachaha,Normal/Others,WS/MP644/2023-2024/20646 - Construction of additional rooms and halls in the existing public and community building,DISTRICT COLLECTOR REWA_IDA,2023-09-15,Approved by IDA,1000000,Sanctioned
MPLADS-044274,Janardan Mishra,Lok Sabha,Madhya Pradesh,REWA,,,HANUMANA,Bahuti,Normal/Others,WS/MP644/2023-2024/20478 - Construction of additional rooms and halls in the existing public and community building,DISTRICT COLLECTOR REWA_IDA,2023-09-15,Approved by IDA,125000,Sanctioned
MPLADS-044275,Janardan Mishra,Lok Sabha,Madhya Pradesh,REWA,,,RAIPUR KARCHULIYAN,Lauwa,Normal/Others,WS/MP644/2023-2024/21194 - Street lights,DISTRICT COLLECTOR REWA_IDA,2023-09-15,Approved by IDA,697800,Sanctioned
MPLADS-044276,Janardan Mishra,Lok Sabha,Madhya Pradesh,REWA,,,RAIPUR KARCHULIYAN,Nawagaon Unmu,Normal/Others,WS/MP644/2023-2024/21195 - Street lights,DISTRICT COLLECTOR REWA_IDA,2023-09-15,Approved by IDA,697800,Sanctioned
MPLADS-044277,Janardan Mishra,Lok Sabha,Madhya Pradesh,REWA,,,RAIPUR KARCHULIYAN,Ulahi Kalan,Normal/Others,WS/MP644/2023-2024/21196 - Street lights,DISTRICT COLLECTOR REWA_IDA,2023-09-15,Approved by IDA,697800,Sanctioned
MPLADS-044292,Janardan Mishra,Lok Sabha,Madhya Pradesh,REWA,Rewa,15,,,Normal/Others,WS/MP644/2023-2024/21259 - Street lights,DISTRICT COLLECTOR REWA_IDA,2023-09-15,Approved by IDA,348900,Sanctioned
MPLADS-044298,Janardan Mishra,Lok Sabha,Madhya Pradesh,REWA,,,RAIPUR KARCHULIYAN,Deoraphareda,Normal/Others,WS/MP644/2023-2024/21197 - Street lights,DISTRICT COLLECTOR REWA_IDA,2023-09-15,Approved by IDA,1395600,Sanctioned
MPLADS-044300,Janardan Mishra,Lok Sabha,Madhya Pradesh,REWA,,,RAIPUR KARCHULIYAN,Narraha,Normal/Others,WS/MP644/2023-2024/21198 - Street lights,DISTRICT COLLECTOR REWA_IDA,2023-09-15,Approved by IDA,348900,Sanctioned
MPLADS-044301,Janardan Mishra,Lok Sabha,Madhya Pradesh,REWA,,,GANGEV,Piparwar,Normal/Others,WS/MP644/2023-2024/21202 - Street lights,DISTRICT COLLECTOR REWA_IDA,2023-09-15,Approved by IDA,697800,Sanctioned
MPLADS-044302,Janardan Mishra,Lok Sabha,Madhya Pradesh,REWA,,,GANGEV,Kadaila,Normal/Others,WS/MP644/2023-2024/21203 - Street lights,DISTRICT COLLECTOR REWA_IDA,2023-09-15,Approved by IDA,697800,Sanctioned
MPLADS-044303,Janardan Mishra,Lok Sabha,Madhya Pradesh,REWA,,,GANGEV,Belwa Badgaiyan,Normal/Others,WS/MP644/2023-2024/21204 - Street lights,DISTRICT COLLECTOR REWA_IDA,2023-09-15,Approved by IDA,697800,Sanctioned
MPLADS-044304,Janardan Mishra,Lok Sabha,Madhya Pradesh,REWA,,,GANGEV,Sedaha,Normal/Others,WS/MP644/2023-2024/21205 - Street lights,DISTRICT COLLECTOR REWA_IDA,2023-09-15,Approved by IDA,697800,Sanctioned
MPLADS-044305,Janardan Mishra,Lok Sabha,Madhya Pradesh,REWA,,,REWA,Gahira,Normal/Others,WS/MP644/2023-2024/21260 - Street lights,DISTRICT COLLECTOR REWA_IDA,2023-09-15,Approved by IDA,697800,Sanctioned
MPLADS-044306,Janardan Mishra,Lok Sabha,Madhya Pradesh,REWA,,,REWA,Reethi,Normal/Others,WS/MP644/2023-2024/21261 - Street lights,DISTRICT COLLECTOR REWA_IDA,2023-09-15,Approved by IDA,697800,Sanctioned
MPLADS-044307,Janardan Mishra,Lok Sabha,Madhya Pradesh,REWA,,,REWA,Jiwala,Normal/Others,WS/MP644/2023-2024/21262 - Street lights,DISTRICT COLLECTOR REWA_IDA,2023-09-15,Approved by IDA,697800,Sanctioned
MPLADS-044308,Janardan Mishra,Lok Sabha,Madhya Pradesh,REWA,,,REWA,Koshta,Normal/Others,WS/MP644/2023-2024/21263 - Street lights,DISTRICT COLLECTOR REWA_IDA,2023-09-15,Approved by IDA,697800,Sanctioned
MPLADS-044309,Janardan Mishra,Lok Sabha,Madhya Pradesh,REWA,,,MAUGANJ,Karhiya,Normal/Others,WS/MP644/2023-2024/21276 - Street lights,DISTRICT COLLECTOR REWA_IDA,2023-09-15,Approved by IDA,697800,Sanctioned
MPLADS-044310,Janardan Mishra,Lok Sabha,Madhya Pradesh,REWA,,,HANUMANA,Dadar,Normal/Others,WS/MP644/2023-2024/21278 - Street lights,DISTRICT COLLECTOR REWA_IDA,2023-09-15,Approved by IDA,872300,Sanctioned
MPLADS-044317,Janardan Mishra,Lok Sabha,Madhya Pradesh,REWA,Rewa,16,,,Normal/Others,WS/MP644/2023-2024/21258 - Street lights,DISTRICT COLLECTOR REWA_IDA,2023-09-15,Approved by IDA,523400,Sanctioned
MPLADS-044511,Shri Vivek K Tankha,Rajya Sabha,Madhya Pradesh,Sitting Rajya Sabha,Jabalpur,Tripuri Ward,,,Normal/Others,"WS/MP106/2023-2024/21206 - Construction of roads, approach roads, link roads and pathways",DISTRICT COLLECTOR JABALPUR_IDA,2023-09-15,Approved by IDA,217000,Unsanctioned
MPLADS-044512,Shri Vivek K Tankha,Rajya Sabha,Madhya Pradesh,Sitting Rajya Sabha,Jabalpur,Tripuri Ward,,,Normal/Others,"WS/MP106/2023-2024/21208 - Construction of roads, approach roads, link roads and pathways",DISTRICT COLLECTOR JABALPUR_IDA,2023-09-15,Approved by IDA,212000,Unsanctioned
MPLADS-044513,SHRI Kailash Soni,Rajya Sabha,Madhya Pradesh,Sitting Rajya Sabha,,,BABAI CHICHALI,Nargi,Normal/Others,WS/MP231/2023-2024/21209 - Construction of community centers and community halls,DISTRICT COLLECTOR NARSINGHPUR_IDA,2023-09-15,Approved by IDA,200000,Unsanctioned
MPLADS-044514,Shri Vivek K Tankha,Rajya Sabha,Madhya Pradesh,Sitting Rajya Sabha,Jabalpur,Tripuri ward,,,Normal/Others,WS/MP106/2023-2024/21212 - Providing drains and gutters for public drainage,DISTRICT COLLECTOR JABALPUR_IDA,2023-09-15,Approved by IDA,160000,Unsanctioned
MPLADS-044563,Shri Vivek K Tankha,Rajya Sabha,Madhya Pradesh,Sitting Rajya Sabha,Jabalpur,Indira Gandhi ward,,,Normal/Others,"WS/MP106/2023-2024/21201 - Construction of roads, approach roads, link roads and pathways",DISTRICT COLLECTOR JABALPUR_IDA,2023-09-15,Approved by IDA,221000,Unsanctioned
MPLADS-044564,Shri Vivek K Tankha,Rajya Sabha,Madhya Pradesh,Sitting Rajya Sabha,Jabalpur,Indira Gandhi ward,,,Normal/Others,"WS/MP106/2023-2024/21199 - Construction of roads, approach roads, link roads and pathways",DISTRICT COLLECTOR JABALPUR_IDA,2023-09-15,Approved by IDA,226000,Unsanctioned
MPLADS-044565,Shri Vivek K Tankha,Rajya Sabha,Madhya Pradesh,Sitting Rajya Sabha,Jabalpur,Indira Gandhi Ward,,,Normal/Others,"WS/MP106/2023-2024/21183 - Construction of roads, approach roads, link roads and pathways",DISTRICT COLLECTOR JABALPUR_IDA,2023-09-15,Approved by IDA,216000,Unsanctioned
MPLADS-044602,SHRI Kailash Soni,Rajya Sabha,Madhya Pradesh,Sitting Rajya Sabha,Gwalior,ward no 60,,,Normal/Others,"NA - Construction of roads, link roads, pathways or any other road with or without drainage system",DISTRICT COLLECTOR GWALIOR_IDA,2023-09-15,Action Pending,500000,Unsanctioned
MPLADS-044617,Shri Vivek K Tankha,Rajya Sabha,Madhya Pradesh,Sitting Rajya Sabha,Jabalpur,Indira Gandhi Ward,,,Normal/Others,"WS/MP106/2023-2024/21178 - Construction of roads, approach roads, link roads and pathways",DISTRICT COLLECTOR JABALPUR_IDA,2023-09-15,Approved by IDA,232000,Unsanctioned
MPLADS-044618,Shri Vivek K Tankha,Rajya Sabha,Madhya Pradesh,Sitting Rajya Sabha,Jabalpur,Indira Gandhi ward,,,Normal/Others,"WS/MP106/2023-2024/21180 - Construction of roads, approach roads, link roads and pathways",DISTRICT COLLECTOR JABALPUR_IDA,2023-09-15,Approved by IDA,211000,Unsanctioned
MPLADS-044696,SHRI Kailash Soni,Rajya Sabha,Madhya Pradesh,Sitting Rajya Sabha,,,SAINKHEDA,Pali,Normal/Others,NA - Construction of rooms and halls in school and colleges,DISTRICT COLLECTOR NARSINGHPUR_IDA,2023-09-15,Action Pending,100000,Unsanctioned
MPLADS-044705,SHRI Kailash Soni,Rajya Sabha,Madhya Pradesh,Sitting Rajya Sabha,,,SAINKHEDA,Bagdara,Normal/Others,NA - Construction of rooms and halls in school and colleges,DISTRICT COLLECTOR NARSINGHPUR_IDA,2023-09-15,Action Pending,100000,Unsanctioned
MPLADS-044707,Shri Vivek K Tankha,Rajya Sabha,Madhya Pradesh,Sitting Rajya Sabha,Jabalpur,Gulab Singh ward,,,Normal/Others,"WS/MP106/2023-2024/21226 - Construction of roads, approach roads, link roads and pathways",DISTRICT COLLECTOR JABALPUR_IDA,2023-09-15,Approved by IDA,233000,Unsanctioned
MPLADS-044708,Shri Vivek K Tankha,Rajya Sabha,Madhya Pradesh,Sitting Rajya Sabha,Jabalpur,Gulab Singh ward,,,Normal/Others,"WS/MP106/2023-2024/21242 - Construction of roads, approach roads, link roads and pathways",DISTRICT COLLECTOR JABALPUR_IDA,2023-09-15,Approved by IDA,235000,Unsanctioned
MPLADS-044709,Shri Vivek K Tankha,Rajya Sabha,Madhya Pradesh,Sitting Rajya Sabha,,,JABALPUR,Hulki,Normal/Others,"NA - Construction of roads, approach roads, link roads and pathways",DISTRICT COLLECTOR JABALPUR_IDA,2023-09-15,Action Pending,500000,Unsanctioned
MPLADS-044710,Shri Vivek K Tankha,Rajya Sabha,Madhya Pradesh,Sitting Rajya Sabha,,,JABALPUR,Kaladehi,Normal/Others,NA - Common work sheds for artisans,DISTRICT COLLECTOR JABALPUR_IDA,2023-09-15,Action Pending,500000,Unsanctioned
MPLADS-044711,Shri Vivek K Tankha,Rajya Sabha,Madhya Pradesh,Sitting Rajya Sabha,,,SHAHPURA,Kusmi,Normal/Others,NA - Construction of buildings for community cultural activities,DISTRICT COLLECTOR JABALPUR_IDA,2023-09-15,Action Pending,300000,Unsanctioned
MPLADS-044910,Ramakant Bhargava,Lok Sabha,Madhya Pradesh,VIDISHA,,,OBAIDALLAGANJ,Agariya,Normal/Others,WS/MP649/2023-2024/20115 - Purchase of mobile water tankers,DISTRICT COLLECTOR RAISEN_IDA,2023-09-14,Approved by IDA,163176,Sanctioned
MPLADS-044911,Ramakant Bhargava,Lok Sabha,Madhya Pradesh,VIDISHA,,,OBAIDALLAGANJ,Padoniya,Normal/Others,WS/MP649/2023-2024/20114 - Purchase of mobile water tankers,DISTRICT COLLECTOR RAISEN_IDA,2023-09-14,Approved by IDA,163176,Sanctioned
MPLADS-044912,Ramakant Bhargava,Lok Sabha,Madhya Pradesh,VIDISHA,,,OBAIDALLAGANJ,Mandkansiya,Normal/Others,WS/MP649/2023-2024/20113 - Purchase of mobile water tankers,DISTRICT COLLECTOR RAISEN_IDA,2023-09-14,Approved by IDA,163176,Sanctioned
MPLADS-044913,SHRI Kailash Soni,Rajya Sabha,Madhya Pradesh,Sitting Rajya Sabha,Kareli,nh 44,,,Normal/Others,NA - Purchase of sports equipment,DISTRICT COLLECTOR NARSINGHPUR_IDA,2023-09-14,Action Pending,100000,Unsanctioned
MPLADS-044914,SHRI Kailash Soni,Rajya Sabha,Madhya Pradesh,Sitting Rajya Sabha,Narsimhapur,district court,,,Normal/Others,NA - Construction of community centers and community halls,DISTRICT COLLECTOR NARSINGHPUR_IDA,2023-09-14,Action Pending,1000000,Unsanctioned
MPLADS-044915,SHRI Kailash Soni,Rajya Sabha,Madhya Pradesh,Sitting Rajya Sabha,,,BABAI CHICHALI,Chargaon Khurd,Normal/Others,WS/MP231/2023-2024/20031 - Construction of community centers and community halls,DISTRICT COLLECTOR NARSINGHPUR_IDA,2023-09-14,Approved by IDA,300000,Sanctioned
MPLADS-044916,SHRI Kailash Soni,Rajya Sabha,Madhya Pradesh,Sitting Rajya Sabha,Kareli,madar tekri,,,Normal/Others,NA - Construction of community centers and community halls,DISTRICT COLLECTOR NARSINGHPUR_IDA,2023-09-14,Action Pending,500000,Unsanctioned
MPLADS-044923,Ramakant Bhargava,Lok Sabha,Madhya Pradesh,VIDISHA,,,OBAIDALLAGANJ,Noorganj,Normal/Others,WS/MP649/2023-2024/20117 - Purchase of mobile water tankers,DISTRICT COLLECTOR RAISEN_IDA,2023-09-14,Approved by IDA,163176,Sanctioned
MPLADS-044936,Ramakant Bhargava,Lok Sabha,Madhya Pradesh,VIDISHA,,,OBAIDALLAGANJ,Samnapur Kalan,Normal/Others,WS/MP649/2023-2024/20116 - Purchase of mobile water tankers,DISTRICT COLLECTOR RAISEN_IDA,2023-09-14,Approved by IDA,163176,Sanctioned
MPLADS-044937,Ramakant Bhargava,Lok Sabha,Madhya Pradesh,VIDISHA,,,OBAIDALLAGANJ,Nandora,Normal/Others,WS/MP649/2023-2024/20131 - Purchase of mobile water tankers,DISTRICT COLLECTOR RAISEN_IDA,2023-09-14,Approved by IDA,163176,Sanctioned
MPLADS-044953,Ramakant Bhargava,Lok Sabha,Madhya Pradesh,VIDISHA,,,OBAIDALLAGANJ,Barbatpur,Normal/Others,WS/MP649/2023-2024/20132 - Purchase of mobile water tankers,DISTRICT COLLECTOR RAISEN_IDA,2023-09-14,Approved by IDA,163176,Sanctioned
MPLADS-044954,SHRI Kailash Soni,Rajya Sabha,Madhya Pradesh,Sitting Rajya Sabha,,,KARELI,Pipariya,Normal/Others,NA - Purchase of sports equipment,DISTRICT COLLECTOR NARSINGHPUR_IDA,2023-09-14,Action Pending,100000,Unsanctioned
MPLADS-044955,SHRI Kailash Soni,Rajya Sabha,Madhya Pradesh,Sitting Rajya Sabha,,,SAINKHEDA,Muar,Normal/Others,NA - Construction of rooms and halls in school and colleges,DISTRICT COLLECTOR NARSINGHPUR_IDA,2023-09-14,Action Pending,50000,Unsanctioned
MPLADS-044956,SHRI Kailash Soni,Rajya Sabha,Madhya Pradesh,Sitting Rajya Sabha,Kareli,laxminarayan ward,,,Normal/Others,NA - Construction of community centers and community halls,DISTRICT COLLECTOR NARSINGHPUR_IDA,2023-09-14,Action Pending,300000,Unsanctioned
MPLADS-044957,SHRI Kailash Soni,Rajya Sabha,Madhya Pradesh,Sitting Rajya Sabha,Waraseoni,waraseoni,,,Normal/Others,"NA - Construction of roads, link roads, pathways or any other road with or without drainage system",DISTRICT COLLECTOR BALAGHAT_IDA,2023-09-14,Action Pending,2000000,Unsanctioned
MPLADS-044958,SHRI Kailash Soni,Rajya Sabha,Madhya Pradesh,Sitting Rajya Sabha,,,UDAIPURA,Kiragi Khurd,Normal/Others,NA - Construction of community centers and community halls,DISTRICT COLLECTOR RAISEN_IDA,2023-09-14,Action Pending,150000,Unsanctioned
MPLADS-044959,Shri Anil Firojiya ,Lok Sabha,Madhya Pradesh,UJJAIN(SC),,,MAHIDPUR,Pipalya Harji,Normal/Others,WS/MP360/2023-2024/20194 - Construction of bus-sheds or bus-stops,DISTRICT COLLECTOR UJJAIN_IDA,2023-09-14,Approved by IDA,500000,Sanctioned
MPLADS-044961,Ramakant Bhargava,Lok Sabha,Madhya Pradesh,VIDISHA,,,OBAIDALLAGANJ,Khamriya Nimawar,Normal/Others,WS/MP649/2023-2024/20152 - Purchase of mobile water tankers,DISTRICT COLLECTOR RAISEN_IDA,2023-09-14,Approved by IDA,163176,Sanctioned
MPLADS-044962,Ramakant Bhargava,Lok Sabha,Madhya Pradesh,VIDISHA,,,OBAIDALLAGANJ,Badbai,Normal/Others,WS/MP649/2023-2024/20136 - Purchase of mobile water tankers,DISTRICT COLLECTOR RAISEN_IDA,2023-09-14,Approved by IDA,163176,Sanctioned
MPLADS-044963,Ramakant Bhargava,Lok Sabha,Madhya Pradesh,VIDISHA,,,OBAIDALLAGANJ,Dhamdhusar,Normal/Others,WS/MP649/2023-2024/20135 - Purchase of mobile water tankers,DISTRICT COLLECTOR RAISEN_IDA,2023-09-14,Approved by IDA,163176,Sanctioned
MPLADS-044964,Ramakant Bhargava,Lok Sabha,Madhya Pradesh,VIDISHA,,,OBAIDALLAGANJ,Tajpura,Normal/Others,WS/MP649/2023-2024/20134 - Purchase of mobile water tankers,DISTRICT COLLECTOR RAISEN_IDA,2023-09-14,Approved by IDA,163176,Sanctioned
MPLADS-044965,Ramakant Bhargava,Lok Sabha,Madhya Pradesh,VIDISHA,,,OBAIDALLAGANJ,Khukariya,Normal/Others,WS/MP649/2023-2024/20133 - Purchase of mobile water tankers,DISTRICT COLLECTOR RAISEN_IDA,2023-09-14,Approved by IDA,163176,Sanctioned
MPLADS-044969,SHRI Kailash Soni,Rajya Sabha,Madhya Pradesh,Sitting Rajya Sabha,,,KARELI,Gobargaon,Normal/Others,NA - Construction of community centers and community halls,DISTRICT COLLECTOR NARSINGHPUR_IDA,2023-09-14,Action Pending,200000,Unsanctioned
MPLADS-044970,SHRI Kailash Soni,Rajya Sabha,Madhya Pradesh,Sitting Rajya Sabha,,,KARELI,Ratikarar Khurd,Normal/Others,NA - Construction of community centers and community halls,DISTRICT COLLECTOR NARSINGHPUR_IDA,2023-09-14,Action Pending,200000,Unsanctioned
MPLADS-044971,SHRI Kailash Soni,Rajya Sabha,Madhya Pradesh,Sitting Rajya Sabha,,,KARELI,Bamhori,Normal/Others,NA - Construction of community centers and community halls,DISTRICT COLLECTOR NARSINGHPUR_IDA,2023-09-14,Action Pending,400000,Unsanctioned
MPLADS-044972,SHRI Kailash Soni,Rajya Sabha,Madhya Pradesh,Sitting Rajya Sabha,,,KARELI,Manegaon,Normal/Others,WS/MP231/2023-2024/20202 - Construction of boundary walls of existing public and community buildings,DISTRICT COLLECTOR NARSINGHPUR_IDA,2023-09-14,Approved by IDA,100000,Sanctioned
MPLADS-044973,SHRI Kailash Soni,Rajya Sabha,Madhya Pradesh,Sitting Rajya Sabha,,,NARSIMHAPUR,Lokipar,Normal/Others,NA - Construction of rooms and halls in school and colleges,DISTRICT COLLECTOR NARSINGHPUR_IDA,2023-09-14,Action Pending,100000,Unsanctioned
MPLADS-044974,SHRI Kailash Soni,Rajya Sabha,Madhya Pradesh,Sitting Rajya Sabha,,,BABAI CHICHALI,Bamhanwada,Normal/Others,NA - Construction of community centers and community halls,DISTRICT COLLECTOR NARSINGHPUR_IDA,2023-09-14,Action Pending,200000,Unsanctioned
MPLADS-044975,SHRI Kailash Soni,Rajya Sabha,Madhya Pradesh,Sitting Rajya Sabha,Kareli,lalbahadur shashtri ward,,,Normal/Others,NA - Construction of boundary walls of existing public and community buildings,DISTRICT COLLECTOR NARSINGHPUR_IDA,2023-09-14,Action Pending,200000,Unsanctioned
MPLADS-044976,SHRI Kailash Soni,Rajya Sabha,Madhya Pradesh,Sitting Rajya Sabha,,,KARELI,Hiranpur,Normal/Others,WS/MP231/2023-2024/20221 - Construction of bus-sheds or bus-stops,DISTRICT COLLECTOR NARSINGHPUR_IDA,2023-09-14,Approved by IDA,250000,Sanctioned
MPLADS-044977,SHRI Kailash Soni,Rajya Sabha,Madhya Pradesh,Sitting Rajya Sabha,,,GOTEGAON,Themi,Normal/Others,NA - Construction of community centers and community halls,DISTRICT COLLECTOR NARSINGHPUR_IDA,2023-09-14,Action Pending,200000,Unsanctioned
MPLADS-044978,SHRI Kailash Soni,Rajya Sabha,Madhya Pradesh,Sitting Rajya Sabha,,,KARELI,Kodsa,Normal/Others,"NA - Construction of roads, approach roads, link roads and pathways",DISTRICT COLLECTOR NARSINGHPUR_IDA,2023-09-14,Action Pending,150000,Unsanctioned
MPLADS-044979,SHRI Kailash Soni,Rajya Sabha,Madhya Pradesh,Sitting Rajya Sabha,,,SAINKHEDA,Richhawar,Normal/Others,NA - Construction of community centers and community halls,DISTRICT COLLECTOR NARSINGHPUR_IDA,2023-09-14,Action Pending,300000,Unsanctioned
MPLADS-044980,SHRI Kailash Soni,Rajya Sabha,Madhya Pradesh,Sitting Rajya Sabha,Narsimhapur,madarsa,,,Normal/Others,NA - Construction of community centers and community halls,DISTRICT COLLECTOR NARSINGHPUR_IDA,2023-09-14,Action Pending,200000,Unsanctioned
MPLADS-044981,SHRI Kailash Soni,Rajya Sabha,Madhya Pradesh,Sitting Rajya Sabha,,,NARSIMHAPUR,Gudwara,Normal/Others,NA - Construction of rooms and halls in school and colleges,DISTRICT COLLECTOR NARSINGHPUR_IDA,2023-09-14,Action Pending,100000,Unsanctioned
MPLADS-044982,Shri Vivek K Tankha,Rajya Sabha,Madhya Pradesh,Sitting Rajya Sabha,,,NIWAS,Takweli,Normal/Others,NA - Construction of buildings for community cultural activities,DISTRICT COLLECTOR MANDLA_IDA,2023-09-14,Action Pending,200000,Unsanctioned
MPLADS-044984,Shri Vivek K Tankha,Rajya Sabha,Madhya Pradesh,Sitting Rajya Sabha,Narsimhapur,Narsinghpur,,,Normal/Others,WS/MP106/2023-2024/20262 - Purchase of hospital equipment,DISTRICT COLLECTOR NARSINGHPUR_IDA,2023-09-14,Approved by IDA,632480,Unsanctioned
MPLADS-044985,SHRI Kailash Soni,Rajya Sabha,Madhya Pradesh,Sitting Rajya Sabha,Narsimhapur,vinayak vyayam shala,,,Normal/Others,NA - Construction of community centers and community halls,DISTRICT COLLECTOR NARSINGHPUR_IDA,2023-09-14,Action Pending,500000,Unsanctioned
MPLADS-044986,Shri Vivek K Tankha,Rajya Sabha,Madhya Pradesh,Sitting Rajya Sabha,Narsimhapur,Narsinghpur,,,Normal/Others,WS/MP106/2023-2024/20264 - Purchase of hospital equipment,DISTRICT COLLECTOR NARSINGHPUR_IDA,2023-09-14,Approved by IDA,289100,Unsanctioned
MPLADS-044987,Shri Vivek K Tankha,Rajya Sabha,Madhya Pradesh,Sitting Rajya Sabha,Narsimhapur,Narsinghpur,,,Normal/Others,WS/MP106/2023-2024/20273 - Purchase of hospital equipment,DISTRICT COLLECTOR NARSINGHPUR_IDA,2023-09-14,Approved by IDA,348100,Unsanctioned
MPLADS-044988,SHRI Kailash Soni,Rajya Sabha,Madhya Pradesh,Sitting Rajya Sabha,,,CHAWARPATHA,Richha,Normal/Others,NA - Construction of community centers and community halls,DISTRICT COLLECTOR NARSINGHPUR_IDA,2023-09-14,Action Pending,300000,Unsanctioned
MPLADS-044989,Shri Vivek K Tankha,Rajya Sabha,Madhya Pradesh,Sitting Rajya Sabha,Murwara - Katni,ward no. 4,,,Normal/Others,NA - Installing hand pumps,District Collector Katni_IDA,2023-09-14,Action Pending,120000,Unsanctioned
MPLADS-044990,SHRI Kailash Soni,Rajya Sabha,Madhya Pradesh,Sitting Rajya Sabha,,,KARELI,Amgaon,Normal/Others,NA - Construction of community centers and community halls,DISTRICT COLLECTOR NARSINGHPUR_IDA,2023-09-14,Action Pending,300000,Unsanctioned
MPLADS-044991,Shri Vivek K Tankha,Rajya Sabha,Madhya Pradesh,Sitting Rajya Sabha,,,KATNI,Kailawara Khurd,Normal/Others,NA - Installing hand pumps,District Collector Katni_IDA,2023-09-14,Action Pending,120000,Unsanctioned
MPLADS-044992,Shri Vivek K Tankha,Rajya Sabha,Madhya Pradesh,Sitting Rajya Sabha,,,KATNI,Dithwara,Normal/Others,NA - Purchase of mobile water tankers,District Collector Katni_IDA,2023-09-14,Action Pending,156733,Unsanctioned
MPLADS-044993,SHRI Kailash Soni,Rajya Sabha,Madhya Pradesh,Sitting Rajya Sabha,,,BABAI CHICHALI,Shahpur,Normal/Others,NA - Construction of community centers and community halls,DISTRICT COLLECTOR NARSINGHPUR_IDA,2023-09-14,Action Pending,500000,Unsanctioned
MPLADS-044994,SHRI Kailash Soni,Rajya Sabha,Madhya Pradesh,Sitting Rajya Sabha,Kareli,kherapati mandir,,,Normal/Others,NA - Construction of community centers and community halls,DISTRICT COLLECTOR NARSINGHPUR_IDA,2023-09-14,Action Pending,250000,Unsanctioned
MPLADS-044996,SHRI Kailash Soni,Rajya Sabha,Madhya Pradesh,Sitting Rajya Sabha,,,SAINKHEDA,Podar,Normal/Others,NA - Construction of bus-sheds or bus-stops,DISTRICT COLLECTOR NARSINGHPUR_IDA,2023-09-14,Action Pending,300000,Unsanctioned
MPLADS-044997,SHRI Kailash Soni,Rajya Sabha,Madhya Pradesh,Sitting Rajya Sabha,,,BABAI CHICHALI,Khairi,Normal/Others,"NA - Construction of roads, approach roads, link roads and pathways",DISTRICT COLLECTOR NARSINGHPUR_IDA,2023-09-14,Action Pending,500000,Unsanctioned
MPLADS-044998,SHRI Kailash Soni,Rajya Sabha,Madhya Pradesh,Sitting Rajya Sabha,Kareli,MPEB COLONY,,,Normal/Others,NA - Construction of bus-sheds or bus-stops,DISTRICT COLLECTOR NARSINGHPUR_IDA,2023-09-14,Action Pending,500000,Unsanctioned
MPLADS-044999,SHRI Kailash Soni,Rajya Sabha,Madhya Pradesh,Sitting Rajya Sabha,,,KARELI,Ratikarar Kalan,Normal/Others,NA - Construction of rooms and halls in school and colleges,DISTRICT COLLECTOR NARSINGHPUR_IDA,2023-09-14,Action Pending,200000,Unsanctioned
MPLADS-045017,SHRI Kailash Soni,Rajya Sabha,Madhya Pradesh,Sitting Rajya Sabha,,,KUNDAM,Luhkari,Normal/Others,NA - Construction of community centers and community halls,DISTRICT COLLECTOR JABALPUR_IDA,2023-09-14,Action Pending,500000,Unsanctioned
MPLADS-045018,SHRI Kailash Soni,Rajya Sabha,Madhya Pradesh,Sitting Rajya Sabha,,,NARSIMHAPUR,Malah Pipariya,Normal/Others,NA - Construction of community centers and community halls,DISTRICT COLLECTOR NARSINGHPUR_IDA,2023-09-14,Action Pending,100000,Unsanctioned
MPLADS-045020,SHRI Kailash Soni,Rajya Sabha,Madhya Pradesh,Sitting Rajya Sabha,,,NARSIMHAPUR,Malah Pipariya,Normal/Others,WS/MP231/2023-2024/20058 - Purchase of furniture and fixtures for educational purposes,DISTRICT COLLECTOR NARSINGHPUR_IDA,2023-09-14,Approved by IDA,50000,Unsanctioned
MPLADS-045021,SHRI Kailash Soni,Rajya Sabha,Madhya Pradesh,Sitting Rajya Sabha,,,CHAWARPATHA,Linga,Normal/Others,NA - Construction of community centers and community halls,DISTRICT COLLECTOR NARSINGHPUR_IDA,2023-09-14,Action Pending,50000,Unsanctioned
MPLADS-045022,SHRI Kailash Soni,Rajya Sabha,Madhya Pradesh,Sitting Rajya Sabha,,,SAINKHEDA,Tumda,Normal/Others,WS/MP231/2023-2024/20098 - Construction of community centers and community halls,DISTRICT COLLECTOR NARSINGHPUR_IDA,2023-09-14,Approved by IDA,200000,Unsanctioned
MPLADS-045023,SHRI Kailash Soni,Rajya Sabha,Madhya Pradesh,Sitting Rajya Sabha,,,KARELI,Khairi,Normal/Others,"WS/MP231/2023-2024/20112 - Construction of roads, link roads, pathways or any other road with or without drainage system",DISTRICT COLLECTOR NARSINGHPUR_IDA,2023-09-14,Approved by IDA,300000,Sanctioned
MPLADS-045024,SHRI Kailash Soni,Rajya Sabha,Madhya Pradesh,Sitting Rajya Sabha,,,CHAWARPATHA,Khulri,Normal/Others,WS/MP231/2023-2024/20120 - Construction of additional rooms and halls in the existing public and community building,DISTRICT COLLECTOR NARSINGHPUR_IDA,2023-09-14,Approved by IDA,200000,Unsanctioned
MPLADS-045026,Ramakant Bhargava,Lok Sabha,Madhya Pradesh,VIDISHA,,,OBAIDALLAGANJ,Borpani,Normal/Others,WS/MP649/2023-2024/20153 - Purchase of mobile water tankers,DISTRICT COLLECTOR RAISEN_IDA,2023-09-14,Approved by IDA,163176,Sanctioned
MPLADS-045106,Ramakant Bhargava,Lok Sabha,Madhya Pradesh,VIDISHA,Vidisha,39,,,Normal/Others,WS/MP649/2023-2024/20169 - Construction of community centers and community halls,District Collector Vidisha_IDA,2023-09-14,Approved by IDA,500000,Sanctioned
MPLADS-045334,Ramakant Bhargava,Lok Sabha,Madhya Pradesh,VIDISHA,,,OBAIDALLAGANJ,Dob,Normal/Others,WS/MP649/2023-2024/19786 - Construction of bus-sheds or bus-stops,DISTRICT COLLECTOR RAISEN_IDA,2023-09-13,Approved by IDA,306328,Sanctioned
MPLADS-045335,Ramakant Bhargava,Lok Sabha,Madhya Pradesh,VIDISHA,,,OBAIDALLAGANJ,Dhamdhusar,Normal/Others,WS/MP649/2023-2024/19785 - Construction of bus-sheds or bus-stops,DISTRICT COLLECTOR RAISEN_IDA,2023-09-13,Approved by IDA,306328,Sanctioned
MPLADS-045336,Ramakant Bhargava,Lok Sabha,Madhya Pradesh,VIDISHA,,,SANCHI,Chirholi,Normal/Others,"WS/MP649/2023-2024/19772 - Construction of roads, approach roads, link roads and pathways",DISTRICT COLLECTOR RAISEN_IDA,2023-09-13,Approved by IDA,200000,Sanctioned
MPLADS-045337,Ramakant Bhargava,Lok Sabha,Madhya Pradesh,VIDISHA,,,GAIRATGANJ,Gundrai,Normal/Others,"WS/MP649/2023-2024/19771 - Construction of roads, approach roads, link roads and pathways",DISTRICT COLLECTOR RAISEN_IDA,2023-09-13,Approved by IDA,200000,Sanctioned
MPLADS-045338,Ramakant Bhargava,Lok Sabha,Madhya Pradesh,VIDISHA,,,SANCHI,Mahuakheda,Normal/Others,"WS/MP649/2023-2024/19754 - Construction of roads, approach roads, link roads and pathways",DISTRICT COLLECTOR RAISEN_IDA,2023-09-13,Approved by IDA,200000,Sanctioned
MPLADS-045339,Ramakant Bhargava,Lok Sabha,Madhya Pradesh,VIDISHA,,,GAIRATGANJ,Andhiyari,Normal/Others,"WS/MP649/2023-2024/19753 - Construction of roads, approach roads, link roads and pathways",DISTRICT COLLECTOR RAISEN_IDA,2023-09-13,Approved by IDA,200000,Sanctioned
MPLADS-045340,Ramakant Bhargava,Lok Sabha,Madhya Pradesh,VIDISHA,,,GAIRATGANJ,Rasidpur,Normal/Others,"WS/MP649/2023-2024/19752 - Construction of roads, approach roads, link roads and pathways",DISTRICT COLLECTOR RAISEN_IDA,2023-09-13,Approved by IDA,200000,Sanctioned
MPLADS-045341,Ramakant Bhargava,Lok Sabha,Madhya Pradesh,VIDISHA,,,SANCHI,Neenond,Normal/Others,"WS/MP649/2023-2024/19751 - Construction of roads, approach roads, link roads and pathways",DISTRICT COLLECTOR RAISEN_IDA,2023-09-13,Approved by IDA,200000,Sanctioned
MPLADS-045342,Ramakant Bhargava,Lok Sabha,Madhya Pradesh,VIDISHA,,,SANCHI,Semra,Normal/Others,"WS/MP649/2023-2024/19750 - Construction of roads, approach roads, link roads and pathways",DISTRICT COLLECTOR RAISEN_IDA,2023-09-13,Approved by IDA,200000,Sanctioned
MPLADS-045343,Ramakant Bhargava,Lok Sabha,Madhya Pradesh,VIDISHA,,,GAIRATGANJ,Baber,Normal/Others,"WS/MP649/2023-2024/19731 - Construction of roads, approach roads, link roads and pathways",DISTRICT COLLECTOR RAISEN_IDA,2023-09-13,Approved by IDA,200000,Sanctioned
MPLADS-045355,Ramakant Bhargava,Lok Sabha,Madhya Pradesh,VIDISHA,,,OBAIDALLAGANJ,Chiklod Khurd,Normal/Others,WS/MP649/2023-2024/19787 - Construction of bus-sheds or bus-stops,DISTRICT COLLECTOR RAISEN_IDA,2023-09-13,Approved by IDA,306328,Sanctioned
MPLADS-045356,Ramakant Bhargava,Lok Sabha,Madhya Pradesh,VIDISHA,,,BADI,Ghonti Bahra,Normal/Others,WS/MP649/2023-2024/19793 - Purchase of mobile water tankers,DISTRICT COLLECTOR RAISEN_IDA,2023-09-13,Approved by IDA,163176,Sanctioned
MPLADS-045357,Ramakant Bhargava,Lok Sabha,Madhya Pradesh,VIDISHA,,,BADI,Khamraiya Sohanpur,Normal/Others,WS/MP649/2023-2024/19794 - Purchase of mobile water tankers,DISTRICT COLLECTOR RAISEN_IDA,2023-09-13,Approved by IDA,163176,Sanctioned
MPLADS-045369,Ramakant Bhargava,Lok Sabha,Madhya Pradesh,VIDISHA,,,OBAIDALLAGANJ,Premtalab,Normal/Others,WS/MP649/2023-2024/19795 - Purchase of mobile water tankers,DISTRICT COLLECTOR RAISEN_IDA,2023-09-13,Approved by IDA,163176,Sanctioned
MPLADS-045377,Ramakant Bhargava,Lok Sabha,Madhya Pradesh,VIDISHA,,,OBAIDALLAGANJ,Ghat Pipaliya,Normal/Others,WS/MP649/2023-2024/19797 - Purchase of mobile water tankers,DISTRICT COLLECTOR RAISEN_IDA,2023-09-13,Approved by IDA,163176,Sanctioned
MPLADS-045378,Ramakant Bhargava,Lok Sabha,Madhya Pradesh,VIDISHA,,,OBAIDALLAGANJ,Semari Kalan,Normal/Others,WS/MP649/2023-2024/19796 - Purchase of mobile water tankers,DISTRICT COLLECTOR RAISEN_IDA,2023-09-13,Approved by IDA,163176,Sanctioned
MPLADS-045580,Shri Vivek K Tankha,Rajya Sabha,Madhya Pradesh,Sitting Rajya Sabha,,,GOTEGAON,Pipariya (Mushran),Normal/Others,NA - Construction of boundary walls of existing public and community buildings,DISTRICT COLLECTOR NARSINGHPUR_IDA,2023-09-12,Action Pending,200000,Unsanctioned
MPLADS-045581,Shri Vivek K Tankha,Rajya Sabha,Madhya Pradesh,Sitting Rajya Sabha,mandla,Mandla,,,Normal/Others,NA - Purchase of hearse van,DISTRICT COLLECTOR MANDLA_IDA,2023-09-12,Action Pending,1066076,Unsanctioned
MPLADS-045582,Shri Vivek K Tankha,Rajya Sabha,Madhya Pradesh,Sitting Rajya Sabha,,,GOTEGAON,Imaliya,Normal/Others,NA - Construction of community centers and community halls,DISTRICT COLLECTOR NARSINGHPUR_IDA,2023-09-12,Action Pending,500000,Unsanctioned
MPLADS-045588,Shri Vivek K Tankha,Rajya Sabha,Madhya Pradesh,Sitting Rajya Sabha,Narsimhapur,Mushran ward,,,Normal/Others,WS/MP106/2023-2024/19289 - Providing drains and gutters for public drainage,DISTRICT COLLECTOR NARSINGHPUR_IDA,2023-09-12,Approved by IDA,200000,Unsanctioned
MPLADS-045596,Shri Vivek K Tankha,Rajya Sabha,Madhya Pradesh,Sitting Rajya Sabha,,,GOTEGAON,Themi,Normal/Others,NA - Construction of community centers and community halls,DISTRICT COLLECTOR NARSINGHPUR_IDA,2023-09-12,Action Pending,400000,Unsanctioned
MPLADS-045597,Shri Vivek K Tankha,Rajya Sabha,Madhya Pradesh,Sitting Rajya Sabha,Narsimhapur,Narsinghpur,,,Normal/Others,NA - Purchase Books for Library,DISTRICT COLLECTOR NARSINGHPUR_IDA,2023-09-12,Action Pending,50000,Unsanctioned
MPLADS-045608,Shri Vivek K Tankha,Rajya Sabha,Madhya Pradesh,Sitting Rajya Sabha,Gadarwara,Gadarwara,,,Normal/Others,NA - Purchase Books for Library,DISTRICT COLLECTOR NARSINGHPUR_IDA,2023-09-12,Action Pending,50000,Unsanctioned
MPLADS-045613,Shri Vivek K Tankha,Rajya Sabha,Madhya Pradesh,Sitting Rajya Sabha,Jabalpur,Dr. Zakir Hussian no. 40,,,Normal/Others,NA - Installing tube-wells and borewells,DISTRICT COLLECTOR JABALPUR_IDA,2023-09-12,Action Pending,120000,Unsanctioned
MPLADS-045614,Shri Vivek K Tankha,Rajya Sabha,Madhya Pradesh,Sitting Rajya Sabha,,,UDAIPURA,Karhaiya Kalan,Normal/Others,NA - Construction of buildings for community cultural activities,DISTRICT COLLECTOR RAISEN_IDA,2023-09-12,Action Pending,200000,Unsanctioned
MPLADS-045615,Shri Vivek K Tankha,Rajya Sabha,Madhya Pradesh,Sitting Rajya Sabha,,,PANAGAR,Padhar Kheda,Normal/Others,WS/MP106/2023-2024/19294 - Construction of community centers and community halls,DISTRICT COLLECTOR JABALPUR_IDA,2023-09-12,Approved by IDA,300000,Unsanctioned
MPLADS-045656,Shri Sudheer Gupta ,Lok Sabha,Madhya Pradesh,MANDSOUR,,,JAORA,Pipaliya (Jodha),Normal/Others,WS/MP356/2023-2024/19108 - Development of public parks,District Collector Ratlam_IDA,2023-09-12,Approved by IDA,125000,Sanctioned
MPLADS-045960,Gajendra Singh Patel,Lok Sabha,Madhya Pradesh,KHARGONE(ST),Khetia,ward no 02,,,Normal/Others,NA - Construction of rooms and halls in school and colleges,DISTRICT COLLECTOR BADWANI_IDA,2023-09-12,Action Pending,300000,Unsanctioned
MPLADS-045974,Shri Sudheer Gupta ,Lok Sabha,Madhya Pradesh,MANDSOUR,Nagri,13,,,Normal/Others,NA - Purchase of sports equipment,DISTRICT COLLECTOR MANDSAUR_IDA,2023-09-12,Action Pending,100000,Unsanctioned
MPLADS-045977,Gajendra Singh Patel,Lok Sabha,Madhya Pradesh,KHARGONE(ST),Barwani,ward 09,,,Normal/Others,NA - Construction of rooms and halls in school and colleges,DISTRICT COLLECTOR BADWANI_IDA,2023-09-12,Action Pending,1000000,Unsanctioned
MPLADS-046063,Janardan Mishra,Lok Sabha,Madhya Pradesh,REWA,,,RAIPUR KARCHULIYAN,Hinauti,Normal/Others,WS/MP644/2023-2024/18587 - Lighting of public spaces,DISTRICT COLLECTOR REWA_IDA,2023-09-11,Approved by IDA,5233600,Sanctioned
MPLADS-046244,Shri Rajmani Patel,Rajya Sabha,Madhya Pradesh,Sitting Rajya Sabha,,,RAIPUR KARCHULIYAN,Itaura,Normal/Others,"WS/MP105/2023-2024/18766 - Purchase of prosthetics, wheel chairs, tricycles (manual or motorized), elect scooties, hearing aids",DISTRICT COLLECTOR REWA_IDA,2023-09-11,Approved by IDA,305000,Completed
MPLADS-046305,Shri Sudheer Gupta ,Lok Sabha,Madhya Pradesh,MANDSOUR,Jaora,20,,,Normal/Others,"NA - Construction of roads, approach roads, link roads and pathways",District Collector Ratlam_IDA,2023-09-10,Action Pending,250000,Unsanctioned
MPLADS-046569,SHRI Kailash Soni,Rajya Sabha,Madhya Pradesh,Sitting Rajya Sabha,,,UDAIPURA,Noornagar,Normal/Others,"NA - Construction of roads, approach roads, link roads and pathways",DISTRICT COLLECTOR RAISEN_IDA,2023-09-08,Action Pending,200000,Unsanctioned
MPLADS-046570,SHRI Kailash Soni,Rajya Sabha,Madhya Pradesh,Sitting Rajya Sabha,,,UDAIPURA,Kalendi Kalan,Normal/Others,NA - Construction of toilet blocks,DISTRICT COLLECTOR RAISEN_IDA,2023-09-08,Action Pending,200000,Unsanctioned
MPLADS-046571,SHRI Kailash Soni,Rajya Sabha,Madhya Pradesh,Sitting Rajya Sabha,,,BABAI CHICHALI,Hirapur,Normal/Others,NA - Construction of common work sheds/ common covered sitting area,DISTRICT COLLECTOR NARSINGHPUR_IDA,2023-09-08,Action Pending,100000,Unsanctioned
MPLADS-046572,SHRI Kailash Soni,Rajya Sabha,Madhya Pradesh,Sitting Rajya Sabha,,,KARELI,Guwari,Normal/Others,NA - Construction of common work sheds/ common covered sitting area,DISTRICT COLLECTOR NARSINGHPUR_IDA,2023-09-08,Action Pending,200000,Unsanctioned
MPLADS-046573,SHRI Kailash Soni,Rajya Sabha,Madhya Pradesh,Sitting Rajya Sabha,Narsimhapur,narsinghpur,,,Normal/Others,NA - Purchase of sports equipment,DISTRICT COLLECTOR NARSINGHPUR_IDA,2023-09-08,Action Pending,100000,Unsanctioned
MPLADS-046808,Krishna Pal Singh Yadav,Lok Sabha,Madhya Pradesh,GUNA,Guna,Guna,,,Normal/Others,NA - Purchase of mobile water tankers,District Collector Guna_IDA,2023-09-07,Action Pending,250000,Unsanctioned
MPLADS-046812,Krishna Pal Singh Yadav,Lok Sabha,Madhya Pradesh,GUNA,Guna,Guna,,,Normal/Others,NA - Purchase of mobile water tankers,District Collector Guna_IDA,2023-09-07,Action Pending,250000,Unsanctioned
MPLADS-046813,Krishna Pal Singh Yadav,Lok Sabha,Madhya Pradesh,GUNA,Guna,Guna,,,Normal/Others,NA - Purchase of mobile water tankers,District Collector Guna_IDA,2023-09-07,Action Pending,250000,Unsanctioned
MPLADS-046814,Krishna Pal Singh Yadav,Lok Sabha,Madhya Pradesh,GUNA,Guna,Guna,,,Normal/Others,NA - Purchase of mobile water tankers,District Collector Guna_IDA,2023-09-07,Action Pending,250000,Unsanctioned
MPLADS-046815,Krishna Pal Singh Yadav,Lok Sabha,Madhya Pradesh,GUNA,Guna,Guna,,,Normal/Others,NA - Purchase of mobile water tankers,District Collector Guna_IDA,2023-09-07,Action Pending,250000,Unsanctioned
MPLADS-046817,Krishna Pal Singh Yadav,Lok Sabha,Madhya Pradesh,GUNA,Guna,Guna,,,Normal/Others,NA - Purchase of mobile water tankers,District Collector Guna_IDA,2023-09-07,Action Pending,250000,Unsanctioned
MPLADS-046818,Krishna Pal Singh Yadav,Lok Sabha,Madhya Pradesh,GUNA,Guna,Zamzhara,,,Normal/Others,NA - Purchase of mobile water tankers,District Collector Guna_IDA,2023-09-07,Action Pending,250000,Unsanctioned
MPLADS-046952,Krishna Pal Singh Yadav,Lok Sabha,Madhya Pradesh,GUNA,Kolaras,Kolaras,,,Normal/Others,"NA - Purchase of IT systems, including hardware and software for educational purposes",District Collector Shivpuri_IDA,2023-09-06,Action Pending,434800,Unsanctioned
MPLADS-046953,Krishna Pal Singh Yadav,Lok Sabha,Madhya Pradesh,GUNA,Khaniyadhana,Khaniyadhana,,,Normal/Others,"NA - Purchase of IT systems, including hardware and software for educational purposes",District Collector Shivpuri_IDA,2023-09-06,Action Pending,434800,Unsanctioned
MPLADS-046957,Krishna Pal Singh Yadav,Lok Sabha,Madhya Pradesh,GUNA,Rannod,Rannod,,,Normal/Others,"NA - Purchase of IT systems, including hardware and software for educational purposes",District Collector Shivpuri_IDA,2023-09-06,Action Pending,434800,Unsanctioned
MPLADS-046958,Krishna Pal Singh Yadav,Lok Sabha,Madhya Pradesh,GUNA,Badarwas,Badarwas,,,Normal/Others,"NA - Purchase of IT systems, including hardware and software for educational purposes",District Collector Shivpuri_IDA,2023-09-06,Action Pending,434800,Unsanctioned
MPLADS-046959,Krishna Pal Singh Yadav,Lok Sabha,Madhya Pradesh,GUNA,Ashoknagar,Ashoknagar,,,Normal/Others,"NA - Purchase of IT systems, including hardware and software for educational purposes",DISTRICT COLLECTOR ASHOKNAGAR_IDA,2023-09-06,Action Pending,434800,Unsanctioned
MPLADS-046960,Krishna Pal Singh Yadav,Lok Sabha,Madhya Pradesh,GUNA,Chanderi,Chanderi,,,Normal/Others,"NA - Purchase of IT systems, including hardware and software for educational purposes",DISTRICT COLLECTOR ASHOKNAGAR_IDA,2023-09-06,Action Pending,434800,Unsanctioned
MPLADS-046961,Krishna Pal Singh Yadav,Lok Sabha,Madhya Pradesh,GUNA,Mungaoli,Mungaoli,,,Normal/Others,"NA - Purchase of IT systems, including hardware and software for educational purposes",DISTRICT COLLECTOR ASHOKNAGAR_IDA,2023-09-06,Action Pending,434800,Unsanctioned
MPLADS-046962,Krishna Pal Singh Yadav,Lok Sabha,Madhya Pradesh,GUNA,Isagarh,Isagarh,,,Normal/Others,"NA - Purchase of IT systems, including hardware and software for educational purposes",DISTRICT COLLECTOR ASHOKNAGAR_IDA,2023-09-06,Action Pending,434800,Unsanctioned
MPLADS-046963,Krishna Pal Singh Yadav,Lok Sabha,Madhya Pradesh,GUNA,Piprai,Piprai,,,Normal/Others,"NA - Purchase of IT systems, including hardware and software for educational purposes",DISTRICT COLLECTOR ASHOKNAGAR_IDA,2023-09-06,Action Pending,434800,Unsanctioned
MPLADS-046964,Krishna Pal Singh Yadav,Lok Sabha,Madhya Pradesh,GUNA,Shadora,Shadora,,,Normal/Others,"NA - Purchase of IT systems, including hardware and software for educational purposes",DISTRICT COLLECTOR ASHOKNAGAR_IDA,2023-09-06,Action Pending,434800,Unsanctioned
MPLADS-046967,Krishna Pal Singh Yadav,Lok Sabha,Madhya Pradesh,GUNA,Shadora,Sahrai,,,Normal/Others,"NA - Purchase of IT systems, including hardware and software for educational purposes",DISTRICT COLLECTOR ASHOKNAGAR_IDA,2023-09-06,Action Pending,434800,Unsanctioned
MPLADS-046977,Krishna Pal Singh Yadav,Lok Sabha,Madhya Pradesh,GUNA,Shivpuri,Shivpuri,,,Normal/Others,"NA - Purchase of IT systems, including hardware and software for educational purposes",District Collector Shivpuri_IDA,2023-09-06,Action Pending,434800,Unsanctioned
MPLADS-046983,Krishna Pal Singh Yadav,Lok Sabha,Madhya Pradesh,GUNA,Pichhore Shivpuri,Pichore,,,Normal/Others,"NA - Purchase of IT systems, including hardware and software for educational purposes",District Collector Shivpuri_IDA,2023-09-06,Action Pending,434800,Unsanctioned
MPLADS-046985,Krishna Pal Singh Yadav,Lok Sabha,Madhya Pradesh,GUNA,Shivpuri,Shivpuri,,,Normal/Others,"NA - Purchase of IT systems, including hardware and software for educational purposes",District Collector Shivpuri_IDA,2023-09-06,Action Pending,434800,Unsanctioned
MPLADS-046986,Krishna Pal Singh Yadav,Lok Sabha,Madhya Pradesh,GUNA,Guna,Guna,,,Normal/Others,"NA - Purchase of IT systems, including hardware and software for educational purposes",District Collector Guna_IDA,2023-09-06,Action Pending,434800,Unsanctioned
MPLADS-047005,Krishna Pal Singh Yadav,Lok Sabha,Madhya Pradesh,GUNA,Isagarh,Khiriya,,,Normal/Others,NA - Installation of fixed garden gym equipment,DISTRICT COLLECTOR ASHOKNAGAR_IDA,2023-09-06,Action Pending,700000,Unsanctioned
MPLADS-047006,Krishna Pal Singh Yadav,Lok Sabha,Madhya Pradesh,GUNA,Guna,Guna,,,Normal/Others,"NA - Purchase of IT systems, including hardware and software for educational purposes",District Collector Guna_IDA,2023-09-06,Action Pending,434800,Unsanctioned
MPLADS-047007,Krishna Pal Singh Yadav,Lok Sabha,Madhya Pradesh,GUNA,Guna,Guna,,,Normal/Others,"NA - Purchase of IT systems, including hardware and software for educational purposes",District Collector Guna_IDA,2023-09-06,Action Pending,434800,Unsanctioned
MPLADS-047008,Krishna Pal Singh Yadav,Lok Sabha,Madhya Pradesh,GUNA,Guna,Guna,,,Normal/Others,"NA - Purchase of IT systems, including hardware and software for educational purposes",District Collector Guna_IDA,2023-09-06,Action Pending,434800,Unsanctioned
MPLADS-047009,Virendra Kumar,Lok Sabha,Madhya Pradesh,TIKAMGARH(SC),Prithvipur,Ward No 6,,,Normal/Others,NA - Construction of buildings for community cultural activities,District Collector Niwari_IDA,2023-09-06,Action Pending,1000000,Unsanctioned
MPLADS-047010,Vivek Narayan Shejwalkar,Lok Sabha,Madhya Pradesh,GWALIOR,Gwalior,34,,,Normal/Others,NA - Development of public parks,DISTRICT COLLECTOR GWALIOR_IDA,2023-09-06,Action Pending,331000,Unsanctioned
MPLADS-047011,Vivek Narayan Shejwalkar,Lok Sabha,Madhya Pradesh,GWALIOR,Gwalior,58,,,Normal/Others,"NA - Construction of roads, approach roads, link roads and pathways",DISTRICT COLLECTOR GWALIOR_IDA,2023-09-06,Action Pending,300000,Unsanctioned
MPLADS-047012,Krishna Pal Singh Yadav,Lok Sabha,Madhya Pradesh,GUNA,Mungaoli,Mallahargarh,,,Normal/Others,NA - Installation of fixed garden gym equipment,DISTRICT COLLECTOR ASHOKNAGAR_IDA,2023-09-06,Action Pending,700000,Unsanctioned
MPLADS-047014,Krishna Pal Singh Yadav,Lok Sabha,Madhya Pradesh,GUNA,Mungaoli,Sahrahi,,,Normal/Others,NA - Installation of fixed garden gym equipment,DISTRICT COLLECTOR ASHOKNAGAR_IDA,2023-09-06,Action Pending,700000,Unsanctioned
MPLADS-047015,Krishna Pal Singh Yadav,Lok Sabha,Madhya Pradesh,GUNA,Ashoknagar,Ashoknagar,,,Normal/Others,NA - Installation of fixed garden gym equipment,DISTRICT COLLECTOR ASHOKNAGAR_IDA,2023-09-06,Action Pending,700000,Unsanctioned
MPLADS-047016,Krishna Pal Singh Yadav,Lok Sabha,Madhya Pradesh,GUNA,Ashoknagar,Ashoknagar,,,Normal/Others,NA - Installation of fixed garden gym equipment,DISTRICT COLLECTOR ASHOKNAGAR_IDA,2023-09-06,Action Pending,700000,Unsanctioned
MPLADS-047017,Krishna Pal Singh Yadav,Lok Sabha,Madhya Pradesh,GUNA,Ashoknagar,Ashoknagar,,,Normal/Others,NA - Installation of fixed garden gym equipment,DISTRICT COLLECTOR ASHOKNAGAR_IDA,2023-09-06,Action Pending,700000,Unsanctioned
MPLADS-047018,Krishna Pal Singh Yadav,Lok Sabha,Madhya Pradesh,GUNA,Ashoknagar,Ashoknagar,,,Normal/Others,NA - Installation of fixed garden gym equipment,DISTRICT COLLECTOR ASHOKNAGAR_IDA,2023-09-06,Action Pending,700000,Unsanctioned
MPLADS-047019,Vivek Narayan Shejwalkar,Lok Sabha,Madhya Pradesh,GWALIOR,Dabra,22,,,Normal/Others,NA - Construction of community centers and community halls,DISTRICT COLLECTOR GWALIOR_IDA,2023-09-06,Action Pending,1000000,Unsanctioned
MPLADS-047274,Dhal Singh Bisen,Lok Sabha,Madhya Pradesh,BALAGHAT,,,LANJI,Ghoti,Normal/Others,WS/MP441/2023-2024/16710 - Purchase of mobile water tankers,DISTRICT COLLECTOR BALAGHAT_IDA,2023-09-05,Approved by IDA,205055,Sanctioned
MPLADS-047275,Dhal Singh Bisen,Lok Sabha,Madhya Pradesh,BALAGHAT,,,LANJI,Chicholi,Normal/Others,WS/MP441/2023-2024/16709 - Purchase of mobile water tankers,DISTRICT COLLECTOR BALAGHAT_IDA,2023-09-05,Approved by IDA,205055,Sanctioned
MPLADS-047276,Mahendra Singh Solanky,Lok Sabha,Madhya Pradesh,DEWAS(SC),,,DEWAS,Sutarkheda,Normal/Others,WS/MP653/2023-2024/16599 - Construction of flood control embankments,DISTRICT COLLECTOR DEWAS_IDA,2023-09-05,Approved by IDA,500000,Sanctioned
MPLADS-047277,Mahendra Singh Solanky,Lok Sabha,Madhya Pradesh,DEWAS(SC),,,DEWAS,Bangarda,Normal/Others,WS/MP653/2023-2024/16592 - Construction of flood control embankments,DISTRICT COLLECTOR DEWAS_IDA,2023-09-05,Approved by IDA,500000,Sanctioned
MPLADS-047297,Dhal Singh Bisen,Lok Sabha,Madhya Pradesh,BALAGHAT,,,LANJI,Ameda,Normal/Others,WS/MP441/2023-2024/16712 - Purchase of mobile water tankers,DISTRICT COLLECTOR BALAGHAT_IDA,2023-09-05,Approved by IDA,205055,Sanctioned
MPLADS-047333,Dhal Singh Bisen,Lok Sabha,Madhya Pradesh,BALAGHAT,,,LANJI,Pausera,Normal/Others,WS/MP441/2023-2024/16711 - Purchase of mobile water tankers,DISTRICT COLLECTOR BALAGHAT_IDA,2023-09-05,Approved by IDA,205055,Sanctioned
MPLADS-047335,Dhal Singh Bisen,Lok Sabha,Madhya Pradesh,BALAGHAT,,,LANJI,Kalpathri,Normal/Others,WS/MP441/2023-2024/16713 - Purchase of mobile water tankers,DISTRICT COLLECTOR BALAGHAT_IDA,2023-09-05,Approved by IDA,205055,Sanctioned
MPLADS-047337,Dhal Singh Bisen,Lok Sabha,Madhya Pradesh,BALAGHAT,Barghat,ward no 11 barghat,,,Normal/Others,NA - Purchase of books for public libraries,District Collector Seoni_IDA,2023-09-05,Action Pending,50000,Unsanctioned
MPLADS-047338,Dhal Singh Bisen,Lok Sabha,Madhya Pradesh,BALAGHAT,Seoni,ward no1 mahamaya ward seoni,,,Normal/Others,NA - Purchase of books for public libraries,District Collector Seoni_IDA,2023-09-05,Action Pending,50000,Unsanctioned
MPLADS-047339,Dhal Singh Bisen,Lok Sabha,Madhya Pradesh,BALAGHAT,Seoni,near bus stand seoni,,,Normal/Others,NA - Purchase of books for public libraries,District Collector Seoni_IDA,2023-09-05,Action Pending,50000,Unsanctioned
MPLADS-047340,Dhal Singh Bisen,Lok Sabha,Madhya Pradesh,BALAGHAT,Baihar,baihar,,,Normal/Others,NA - Purchase of books for public libraries,DISTRICT COLLECTOR BALAGHAT_IDA,2023-09-05,Action Pending,50000,Unsanctioned
MPLADS-047341,Dhal Singh Bisen,Lok Sabha,Madhya Pradesh,BALAGHAT,Balaghat,balaghat,,,Normal/Others,NA - Purchase of books for public libraries,DISTRICT COLLECTOR BALAGHAT_IDA,2023-09-05,Action Pending,50000,Unsanctioned
MPLADS-047342,Dhal Singh Bisen,Lok Sabha,Madhya Pradesh,BALAGHAT,Balaghat,balaghat,,,Normal/Others,NA - Purchase of books for public libraries,DISTRICT COLLECTOR BALAGHAT_IDA,2023-09-05,Action Pending,50000,Unsanctioned
MPLADS-047343,Dhal Singh Bisen,Lok Sabha,Madhya Pradesh,BALAGHAT,Balaghat,Balaghat,,,Normal/Others,NA - Purchase of books for public libraries,DISTRICT COLLECTOR BALAGHAT_IDA,2023-09-05,Action Pending,50000,Unsanctioned
MPLADS-047344,Dhal Singh Bisen,Lok Sabha,Madhya Pradesh,BALAGHAT,Katangi Jabalpur,Katangi,,,Normal/Others,NA - Purchase of books for public libraries,DISTRICT COLLECTOR BALAGHAT_IDA,2023-09-05,Action Pending,50000,Unsanctioned
MPLADS-047345,Dhal Singh Bisen,Lok Sabha,Madhya Pradesh,BALAGHAT,Lanji,lanji,,,Normal/Others,NA - Purchase of books for public libraries,DISTRICT COLLECTOR BALAGHAT_IDA,2023-09-05,Action Pending,50000,Unsanctioned
MPLADS-047346,Dhal Singh Bisen,Lok Sabha,Madhya Pradesh,BALAGHAT,Malajkhand,Malajkhand Mohgaon,,,Normal/Others,NA - Purchase of books for public libraries,DISTRICT COLLECTOR BALAGHAT_IDA,2023-09-05,Action Pending,50000,Unsanctioned
MPLADS-047347,Dhal Singh Bisen,Lok Sabha,Madhya Pradesh,BALAGHAT,Barghat,Ward No. 11 Barghat,,,Normal/Others,NA - Purchase of books for public libraries,District Collector Seoni_IDA,2023-09-05,Action Pending,25000,Unsanctioned
MPLADS-047348,Dhal Singh Bisen,Lok Sabha,Madhya Pradesh,BALAGHAT,Seoni,seoni,,,Normal/Others,NA - Purchase of books for public libraries,District Collector Seoni_IDA,2023-09-05,Action Pending,25000,Unsanctioned
MPLADS-047349,Dhal Singh Bisen,Lok Sabha,Madhya Pradesh,BALAGHAT,Seoni,kabir ward seoni,,,Normal/Others,NA - Purchase of books for public libraries,District Collector Seoni_IDA,2023-09-05,Action Pending,25000,Unsanctioned
MPLADS-047350,Dhal Singh Bisen,Lok Sabha,Madhya Pradesh,BALAGHAT,Seoni,seoni,,,Normal/Others,NA - Purchase of books for public libraries,District Collector Seoni_IDA,2023-09-05,Action Pending,25000,Unsanctioned
MPLADS-047351,Dhal Singh Bisen,Lok Sabha,Madhya Pradesh,BALAGHAT,Malajkhand,malajkhand mohgaon,,,Normal/Others,NA - Purchase of mobile water tankers,DISTRICT COLLECTOR BALAGHAT_IDA,2023-09-05,Action Pending,205055,Unsanctioned
MPLADS-047352,Dhal Singh Bisen,Lok Sabha,Madhya Pradesh,BALAGHAT,Malajkhand,malajkhand mohgaon,,,Normal/Others,NA - Purchase of mobile water tankers,DISTRICT COLLECTOR BALAGHAT_IDA,2023-09-05,Action Pending,205055,Unsanctioned
MPLADS-047353,Dhal Singh Bisen,Lok Sabha,Madhya Pradesh,BALAGHAT,Lanji,01,,,Normal/Others,WS/MP441/2023-2024/16714 - Purchase of mobile water tankers,DISTRICT COLLECTOR BALAGHAT_IDA,2023-09-05,Approved by IDA,205055,Sanctioned
MPLADS-047354,Dhal Singh Bisen,Lok Sabha,Madhya Pradesh,BALAGHAT,Lanji,02,,,Normal/Others,WS/MP441/2023-2024/16715 - Purchase of mobile water tankers,DISTRICT COLLECTOR BALAGHAT_IDA,2023-09-05,Approved by IDA,205055,Sanctioned
MPLADS-047358,Dhal Singh Bisen,Lok Sabha,Madhya Pradesh,BALAGHAT,,,KIRNAPUR,Janwa,Normal/Others,WS/MP441/2023-2024/16721 - Purchase of mobile water tankers,DISTRICT COLLECTOR BALAGHAT_IDA,2023-09-05,Approved by IDA,205055,Sanctioned
MPLADS-047387,Dhal Singh Bisen,Lok Sabha,Madhya Pradesh,BALAGHAT,,,PARASWADA,Kanai,Normal/Others,WS/MP441/2023-2024/16770 - Purchase of mobile water tankers,DISTRICT COLLECTOR BALAGHAT_IDA,2023-09-05,Approved by IDA,205055,Sanctioned
MPLADS-047388,Dhal Singh Bisen,Lok Sabha,Madhya Pradesh,BALAGHAT,,,PARASWADA,Jhiriya,Normal/Others,WS/MP441/2023-2024/16769 - Purchase of mobile water tankers,DISTRICT COLLECTOR BALAGHAT_IDA,2023-09-05,Approved by IDA,205055,Sanctioned
MPLADS-047389,Dhal Singh Bisen,Lok Sabha,Madhya Pradesh,BALAGHAT,,,PARASWADA,Pondi,Normal/Others,WS/MP441/2023-2024/16768 - Purchase of mobile water tankers,DISTRICT COLLECTOR BALAGHAT_IDA,2023-09-05,Approved by IDA,205055,Sanctioned
MPLADS-047390,Dhal Singh Bisen,Lok Sabha,Madhya Pradesh,BALAGHAT,,,PARASWADA,Bhikewada,Normal/Others,WS/MP441/2023-2024/16767 - Purchase of mobile water tankers,DISTRICT COLLECTOR BALAGHAT_IDA,2023-09-05,Approved by IDA,205055,Sanctioned
MPLADS-047391,Dhal Singh Bisen,Lok Sabha,Madhya Pradesh,BALAGHAT,,,PARASWADA,Jhangul Basti,Normal/Others,WS/MP441/2023-2024/16766 - Purchase of mobile water tankers,DISTRICT COLLECTOR BALAGHAT_IDA,2023-09-05,Approved by IDA,205055,Sanctioned
MPLADS-047392,Dhal Singh Bisen,Lok Sabha,Madhya Pradesh,BALAGHAT,,,PARASWADA,Linga,Normal/Others,WS/MP441/2023-2024/16765 - Purchase of mobile water tankers,DISTRICT COLLECTOR BALAGHAT_IDA,2023-09-05,Approved by IDA,205055,Sanctioned
MPLADS-047393,Dhal Singh Bisen,Lok Sabha,Madhya Pradesh,BALAGHAT,,,BALAGHAT,Hirapur (CT),Normal/Others,WS/MP441/2023-2024/16760 - Purchase of mobile water tankers,DISTRICT COLLECTOR BALAGHAT_IDA,2023-09-05,Approved by IDA,205055,Sanctioned
MPLADS-047394,Dhal Singh Bisen,Lok Sabha,Madhya Pradesh,BALAGHAT,,,BALAGHAT,Bhalewada,Normal/Others,WS/MP441/2023-2024/16759 - Purchase of mobile water tankers,DISTRICT COLLECTOR BALAGHAT_IDA,2023-09-05,Approved by IDA,205055,Sanctioned
MPLADS-047395,Dhal Singh Bisen,Lok Sabha,Madhya Pradesh,BALAGHAT,,,BALAGHAT,Naitra,Normal/Others,WS/MP441/2023-2024/16758 - Purchase of mobile water tankers,DISTRICT COLLECTOR BALAGHAT_IDA,2023-09-05,Approved by IDA,205055,Sanctioned
MPLADS-047396,Dhal Singh Bisen,Lok Sabha,Madhya Pradesh,BALAGHAT,,,BAIHAR,Bhalapuri,Normal/Others,WS/MP441/2023-2024/16757 - Purchase of mobile water tankers,DISTRICT COLLECTOR BALAGHAT_IDA,2023-09-05,Approved by IDA,205055,Sanctioned
MPLADS-047397,Dhal Singh Bisen,Lok Sabha,Madhya Pradesh,BALAGHAT,,,BAIHAR,Paundi,Normal/Others,WS/MP441/2023-2024/16756 - Purchase of mobile water tankers,DISTRICT COLLECTOR BALAGHAT_IDA,2023-09-05,Approved by IDA,205055,Sanctioned
MPLADS-047398,Dhal Singh Bisen,Lok Sabha,Madhya Pradesh,BALAGHAT,,,BAIHAR,Sijora,Normal/Others,WS/MP441/2023-2024/16755 - Purchase of mobile water tankers,DISTRICT COLLECTOR BALAGHAT_IDA,2023-09-05,Approved by IDA,205055,Sanctioned
MPLADS-047399,Dhal Singh Bisen,Lok Sabha,Madhya Pradesh,BALAGHAT,,,KHAIRLANJI,Khursipar,Normal/Others,WS/MP441/2023-2024/16734 - Purchase of mobile water tankers,DISTRICT COLLECTOR BALAGHAT_IDA,2023-09-05,Approved by IDA,205055,Sanctioned
MPLADS-047400,Dhal Singh Bisen,Lok Sabha,Madhya Pradesh,BALAGHAT,,,KHAIRLANJI,Jhiriya,Normal/Others,WS/MP441/2023-2024/16733 - Purchase of mobile water tankers,DISTRICT COLLECTOR BALAGHAT_IDA,2023-09-05,Approved by IDA,205055,Sanctioned
MPLADS-047401,Dhal Singh Bisen,Lok Sabha,Madhya Pradesh,BALAGHAT,,,KHAIRLANJI,Pipariya,Normal/Others,WS/MP441/2023-2024/16732 - Purchase of mobile water tankers,DISTRICT COLLECTOR BALAGHAT_IDA,2023-09-05,Approved by IDA,205055,Sanctioned
MPLADS-047585,Shri Rajmani Patel,Rajya Sabha,Madhya Pradesh,Sitting Rajya Sabha,,,JAWA,Shivpur(539),Normal/Others,"WS/MP105/2023-2024/16304 - Construction of roads, approach roads, link roads and pathways",DISTRICT COLLECTOR REWA_IDA,2023-09-04,Approved by IDA,350000,Sanctioned
MPLADS-047586,Shri Rajmani Patel,Rajya Sabha,Madhya Pradesh,Sitting Rajya Sabha,,,JAWA,Chhataini,Normal/Others,WS/MP105/2023-2024/16340 - Improvement of electricity distribution infrastructure,DISTRICT COLLECTOR REWA_IDA,2023-09-04,Approved by IDA,529700,Unsanctioned
MPLADS-047587,Shri Rajmani Patel,Rajya Sabha,Madhya Pradesh,Sitting Rajya Sabha,,,JAWA,Akauri,Normal/Others,WS/MP105/2023-2024/16342 - Improvement of electricity distribution infrastructure,DISTRICT COLLECTOR REWA_IDA,2023-09-04,Approved by IDA,387400,Unsanctioned
MPLADS-047588,Shri Rajmani Patel,Rajya Sabha,Madhya Pradesh,Sitting Rajya Sabha,,,PHANDA,Sarvar,Normal/Others,"WS/MP105/2023-2024/16344 - Construction of roads, approach roads, link roads and pathways",DISTRICT COLLECTOR BHOPAL_IDA,2023-09-04,Approved by IDA,999000,Unsanctioned
MPLADS-047599,Shri Vivek K Tankha,Rajya Sabha,Madhya Pradesh,Sitting Rajya Sabha,,,NARMADAPURAM,Raipur,Normal/Others,NA - Setting up public non-conventional energy plants,DISTRICT COLLECTOR NARMADAPURAM_IDA,2023-09-04,Action Pending,412000,Unsanctioned
MPLADS-047600,Shri Vivek K Tankha,Rajya Sabha,Madhya Pradesh,Sitting Rajya Sabha,Itarsi,Itarsi,,,Normal/Others,NA - Setting up public non-conventional energy plants,DISTRICT COLLECTOR NARMADAPURAM_IDA,2023-09-04,Action Pending,471744,Unsanctioned
MPLADS-047601,Shri Rajmani Patel,Rajya Sabha,Madhya Pradesh,Sitting Rajya Sabha,,,RAIPUR KARCHULIYAN,Badwar,Normal/Others,NA - Tree plantation for community,DISTRICT COLLECTOR REWA_IDA,2023-09-04,Action Pending,199000,Unsanctioned
MPLADS-047602,Shri Rajmani Patel,Rajya Sabha,Madhya Pradesh,Sitting Rajya Sabha,,,JAWA,Ramgarhwa,Normal/Others,NA - Providing drains and gutters for public drainage,DISTRICT COLLECTOR REWA_IDA,2023-09-04,Action Pending,299000,Unsanctioned
MPLADS-047603,Shri Rajmani Patel,Rajya Sabha,Madhya Pradesh,Sitting Rajya Sabha,,,JAWA,Usaki,Normal/Others,NA - Providing drains and gutters for public drainage,DISTRICT COLLECTOR REWA_IDA,2023-09-04,Action Pending,299000,Unsanctioned
MPLADS-047604,Shri Rajmani Patel,Rajya Sabha,Madhya Pradesh,Sitting Rajya Sabha,,,JAWA,Pateri,Normal/Others,"WS/MP105/2023-2024/16262 - Construction of roads, approach roads, link roads and pathways",DISTRICT COLLECTOR REWA_IDA,2023-09-04,Approved by IDA,299000,Sanctioned
MPLADS-047605,Shri Rajmani Patel,Rajya Sabha,Madhya Pradesh,Sitting Rajya Sabha,,,JAWA,Gohata No 1,Normal/Others,NA - Renovation of ponds and lakes,DISTRICT COLLECTOR REWA_IDA,2023-09-04,Action Pending,299000,Unsanctioned
MPLADS-047606,Shri Rajmani Patel,Rajya Sabha,Madhya Pradesh,Sitting Rajya Sabha,,,JAWA,Look No 1,Normal/Others,NA - Creation of new ponds,DISTRICT COLLECTOR REWA_IDA,2023-09-04,Action Pending,499000,Unsanctioned
MPLADS-047607,Shri Vivek K Tankha,Rajya Sabha,Madhya Pradesh,Sitting Rajya Sabha,Sehore,court Sehore,,,Normal/Others,NA - Purchase of books for public libraries,DISTRICT COLLECTOR SEHORE_IDA,2023-09-04,Action Pending,50000,Unsanctioned
MPLADS-047608,Shri Rajmani Patel,Rajya Sabha,Madhya Pradesh,Sitting Rajya Sabha,Sirmaur,ward number 09,,,Normal/Others,WS/MP105/2023-2024/16223 - Renovation of ponds and lakes,DISTRICT COLLECTOR REWA_IDA,2023-09-04,Approved by IDA,499000,Sanctioned
MPLADS-047609,Shri Vivek K Tankha,Rajya Sabha,Madhya Pradesh,Sitting Rajya Sabha,Shujalpur,Court Shujalpur,,,Normal/Others,NA - Construction of common work sheds/ common covered sitting area,District Collector Shajapur_IDA,2023-09-04,Action Pending,500000,Unsanctioned
MPLADS-047610,Shri Vivek K Tankha,Rajya Sabha,Madhya Pradesh,Sitting Rajya Sabha,Shujalpur,Court Shujalpur,,,Normal/Others,NA - Purchase of books for public libraries,District Collector Shajapur_IDA,2023-09-04,Action Pending,50000,Unsanctioned
MPLADS-047611,Shri Vivek K Tankha,Rajya Sabha,Madhya Pradesh,Sitting Rajya Sabha,Shajapur,District Court kalapipal,,,Normal/Others,NA - Construction of common work sheds/ common covered sitting area,District Collector Shajapur_IDA,2023-09-04,Action Pending,500000,Unsanctioned
MPLADS-047612,Shri Vivek K Tankha,Rajya Sabha,Madhya Pradesh,Sitting Rajya Sabha,Shajapur,Kalapipal,,,Normal/Others,NA - Purchase of books for public libraries,District Collector Shajapur_IDA,2023-09-04,Action Pending,50000,Unsanctioned
MPLADS-047613,Shri Rajmani Patel,Rajya Sabha,Madhya Pradesh,Sitting Rajya Sabha,,,JAWA,Basrehi,Normal/Others,"WS/MP105/2023-2024/16197 - Construction of roads, approach roads, link roads and pathways",DISTRICT COLLECTOR REWA_IDA,2023-09-04,Approved by IDA,499000,Sanctioned
MPLADS-047614,Shri Vivek K Tankha,Rajya Sabha,Madhya Pradesh,Sitting Rajya Sabha,Jaora,Jaora,,,Normal/Others,NA - Purchase of books for public libraries,District Collector Ratlam_IDA,2023-09-04,Action Pending,50000,Unsanctioned
MPLADS-047615,Shri Vivek K Tankha,Rajya Sabha,Madhya Pradesh,Sitting Rajya Sabha,Alot,Alot,,,Normal/Others,WS/MP106/2023-2024/16113 - Construction of common work sheds/ common covered sitting area,District Collector Ratlam_IDA,2023-09-04,Approved by IDA,500000,Unsanctioned
MPLADS-047650,Shri Vivek K Tankha,Rajya Sabha,Madhya Pradesh,Sitting Rajya Sabha,,,KIRNAPUR,Badgaon,Normal/Others,"WS/MP106/2023-2024/16088 - Construction of roads, approach roads, link roads and pathways",DISTRICT COLLECTOR BALAGHAT_IDA,2023-09-04,Approved by IDA,1000000,Sanctioned
MPLADS-047651,SHRI Kailash Soni,Rajya Sabha,Madhya Pradesh,Sitting Rajya Sabha,,,CHAWARPATHA,Hirapur,Normal/Others,NA - Providing night soil collection and disposal systems,DISTRICT COLLECTOR NARSINGHPUR_IDA,2023-09-04,Action Pending,1000000,Unsanctioned
MPLADS-047652,SHRI Kailash Soni,Rajya Sabha,Madhya Pradesh,Sitting Rajya Sabha,,,PARASWADA,Mohanpur,Normal/Others,NA - Construction of culverts and bridges,DISTRICT COLLECTOR BALAGHAT_IDA,2023-09-04,Action Pending,1000000,Unsanctioned
MPLADS-047686,SHRI Kailash Soni,Rajya Sabha,Madhya Pradesh,Sitting Rajya Sabha,,,PARASWADA,Sukaldand,Normal/Others,NA - Construction of culverts and bridges,DISTRICT COLLECTOR BALAGHAT_IDA,2023-09-04,Action Pending,1000000,Unsanctioned
MPLADS-047688,SHRI Kailash Soni,Rajya Sabha,Madhya Pradesh,Sitting Rajya Sabha,,,BIRSA,Bakiguda,Normal/Others,NA - Construction of culverts and bridges,DISTRICT COLLECTOR BALAGHAT_IDA,2023-09-04,Action Pending,1000000,Unsanctioned
MPLADS-047689,SHRI Kailash Soni,Rajya Sabha,Madhya Pradesh,Sitting Rajya Sabha,,,KARELI,Baghuwar [Baghwar],Normal/Others,NA - Construction of culverts and bridges,DISTRICT COLLECTOR NARSINGHPUR_IDA,2023-09-04,Action Pending,200000,Unsanctioned
MPLADS-047690,SHRI Kailash Soni,Rajya Sabha,Madhya Pradesh,Sitting Rajya Sabha,,,KARELI,Amthanu,Normal/Others,WS/MP231/2023-2024/15922 - Construction of community centers and community halls,DISTRICT COLLECTOR NARSINGHPUR_IDA,2023-09-04,Approved by IDA,400000,Unsanctioned
MPLADS-047899,Gajendra Singh Patel,Lok Sabha,Madhya Pradesh,KHARGONE(ST),Khargone,ward no 30,,,Normal/Others,NA - Common work sheds for artisans,DISTRICT COLLECTOR KHARGONE_IDA,2023-09-03,Action Pending,300000,Unsanctioned
MPLADS-047903,Gajendra Singh Patel,Lok Sabha,Madhya Pradesh,KHARGONE(ST),Barwani,ward no 03,,,Normal/Others,NA - Setting up of farmers’ training and assistance centers,DISTRICT COLLECTOR BADWANI_IDA,2023-09-03,Action Pending,500000,Unsanctioned
MPLADS-047943,Narendra Singh Tomar,Lok Sabha,Madhya Pradesh,MORENA,Sheopur,ward No. 07,,,Normal/Others,"NA - Construction of roads, link roads, pathways or any other road with or without drainage system",District Collector Sheopur_IDA,2023-09-03,Action Pending,500000,Unsanctioned
MPLADS-048034,Shri Sudheer Gupta ,Lok Sabha,Madhya Pradesh,MANDSOUR,,,BHANPURA,Chaouki,Normal/Others,WS/MP356/2023-2024/15598 - Purchase of books and periodicals for libraries,DISTRICT COLLECTOR MANDSAUR_IDA,2023-09-02,Approved by IDA,10000,Sanctioned
MPLADS-048047,Shri Sudheer Gupta ,Lok Sabha,Madhya Pradesh,MANDSOUR,,,BHANPURA,Kangla Khedi,Normal/Others,WS/MP356/2023-2024/15597 - Purchase of books and periodicals for libraries,DISTRICT COLLECTOR MANDSAUR_IDA,2023-09-02,Approved by IDA,10000,Sanctioned
MPLADS-048048,Shri Sudheer Gupta ,Lok Sabha,Madhya Pradesh,MANDSOUR,,,MANDSAUR,Afjalpur,Normal/Others,WS/MP356/2023-2024/15639 - Purchase of books and periodicals for libraries,DISTRICT COLLECTOR MANDSAUR_IDA,2023-09-02,Approved by IDA,10000,Sanctioned
MPLADS-048049,Shri Sudheer Gupta ,Lok Sabha,Madhya Pradesh,MANDSOUR,,,BHANPURA,Gandhi Sagar Haidel Col (CT),Normal/Others,WS/MP356/2023-2024/15599 - Purchase of books and periodicals for libraries,DISTRICT COLLECTOR MANDSAUR_IDA,2023-09-02,Approved by IDA,10000,Sanctioned
MPLADS-048093,Shri Sudheer Gupta ,Lok Sabha,Madhya Pradesh,MANDSOUR,,,BHANPURA,Kherkhedi,Normal/Others,WS/MP356/2023-2024/15601 - Purchase of books and periodicals for libraries,DISTRICT COLLECTOR MANDSAUR_IDA,2023-09-02,Approved by IDA,10000,Sanctioned
MPLADS-048100,Shri Sudheer Gupta ,Lok Sabha,Madhya Pradesh,MANDSOUR,,,MANDSAUR,Suri,Normal/Others,WS/MP356/2023-2024/15652 - Purchase of books and periodicals for libraries,DISTRICT COLLECTOR MANDSAUR_IDA,2023-09-02,Approved by IDA,10000,Sanctioned
MPLADS-048101,Shri Sudheer Gupta ,Lok Sabha,Madhya Pradesh,MANDSOUR,,,MANDSAUR,Bhardawad,Normal/Others,WS/MP356/2023-2024/15643 - Purchase of books and periodicals for libraries,DISTRICT COLLECTOR MANDSAUR_IDA,2023-09-02,Approved by IDA,10000,Sanctioned
MPLADS-048103,Shri Sudheer Gupta ,Lok Sabha,Madhya Pradesh,MANDSOUR,,,MANDSAUR,Karnakhedi,Normal/Others,WS/MP356/2023-2024/15642 - Purchase of books and periodicals for libraries,DISTRICT COLLECTOR MANDSAUR_IDA,2023-09-02,Approved by IDA,10000,Sanctioned
MPLADS-048105,Shri Sudheer Gupta ,Lok Sabha,Madhya Pradesh,MANDSOUR,,,MANDSAUR,Bhuki,Normal/Others,WS/MP356/2023-2024/15641 - Purchase of books and periodicals for libraries,DISTRICT COLLECTOR MANDSAUR_IDA,2023-09-02,Approved by IDA,10000,Sanctioned
MPLADS-048106,Shri Sudheer Gupta ,Lok Sabha,Madhya Pradesh,MANDSOUR,,,MANDSAUR,Malyakhedi,Normal/Others,WS/MP356/2023-2024/15640 - Purchase of books and periodicals for libraries,DISTRICT COLLECTOR MANDSAUR_IDA,2023-09-02,Approved by IDA,10000,Sanctioned
MPLADS-048108,Shri Sudheer Gupta ,Lok Sabha,Madhya Pradesh,MANDSOUR,,,MANDSAUR,Ralayata,Normal/Others,WS/MP356/2023-2024/15638 - Purchase of books and periodicals for libraries,DISTRICT COLLECTOR MANDSAUR_IDA,2023-09-02,Approved by IDA,10000,Sanctioned
MPLADS-048109,Shri Sudheer Gupta ,Lok Sabha,Madhya Pradesh,MANDSOUR,,,MALHARGARH,Bandpiplya,Normal/Others,WS/MP356/2023-2024/15637 - Purchase of books and periodicals for libraries,DISTRICT COLLECTOR MANDSAUR_IDA,2023-09-02,Approved by IDA,10000,Sanctioned
MPLADS-048110,Shri Sudheer Gupta ,Lok Sabha,Madhya Pradesh,MANDSOUR,,,GAROTH,Chandwasa,Normal/Others,WS/MP356/2023-2024/15619 - Purchase of books and periodicals for libraries,DISTRICT COLLECTOR MANDSAUR_IDA,2023-09-02,Approved by IDA,10000,Sanctioned
MPLADS-048111,Shri Sudheer Gupta ,Lok Sabha,Madhya Pradesh,MANDSOUR,,,GAROTH,Kothada Buzurg,Normal/Others,WS/MP356/2023-2024/15613 - Purchase of books and periodicals for libraries,DISTRICT COLLECTOR MANDSAUR_IDA,2023-09-02,Approved by IDA,10000,Sanctioned
MPLADS-048112,Shri Sudheer Gupta ,Lok Sabha,Madhya Pradesh,MANDSOUR,,,BHANPURA,Bhimpura,Normal/Others,WS/MP356/2023-2024/15602 - Purchase of books and periodicals for libraries,DISTRICT COLLECTOR MANDSAUR_IDA,2023-09-02,Approved by IDA,10000,Sanctioned
MPLADS-048190,Shri Sudheer Gupta ,Lok Sabha,Madhya Pradesh,MANDSOUR,Mandsaur,1,,,Normal/Others,WS/MP356/2023-2024/15694 - Purchase of books and periodicals for libraries,DISTRICT COLLECTOR MANDSAUR_IDA,2023-09-02,Approved by IDA,50000,Sanctioned
MPLADS-048191,Shri Sudheer Gupta ,Lok Sabha,Madhya Pradesh,MANDSOUR,Bhanpura,1,,,Normal/Others,WS/MP356/2023-2024/15682 - Purchase of books and periodicals for libraries,DISTRICT COLLECTOR MANDSAUR_IDA,2023-09-02,Approved by IDA,25000,Unsanctioned
MPLADS-048192,Shri Sudheer Gupta ,Lok Sabha,Madhya Pradesh,MANDSOUR,Mandsaur,8,,,Normal/Others,WS/MP356/2023-2024/15684 - Purchase of books and periodicals for libraries,DISTRICT COLLECTOR MANDSAUR_IDA,2023-09-02,Approved by IDA,50000,Unsanctioned
MPLADS-048193,Shri Sudheer Gupta ,Lok Sabha,Madhya Pradesh,MANDSOUR,Mandsaur,2,,,Normal/Others,WS/MP356/2023-2024/15686 - Purchase of books and periodicals for libraries,DISTRICT COLLECTOR MANDSAUR_IDA,2023-09-02,Approved by IDA,50000,Unsanctioned
MPLADS-048194,Shri Sudheer Gupta ,Lok Sabha,Madhya Pradesh,MANDSOUR,Mandsaur,2,,,Normal/Others,WS/MP356/2023-2024/15687 - Purchase of books and periodicals for libraries,DISTRICT COLLECTOR MANDSAUR_IDA,2023-09-02,Approved by IDA,50000,Unsanctioned
MPLADS-048195,Shri Sudheer Gupta ,Lok Sabha,Madhya Pradesh,MANDSOUR,Mandsaur,3,,,Normal/Others,WS/MP356/2023-2024/15688 - Purchase of books and periodicals for libraries,DISTRICT COLLECTOR MANDSAUR_IDA,2023-09-02,Approved by IDA,50000,Unsanctioned
MPLADS-048196,Shri Sudheer Gupta ,Lok Sabha,Madhya Pradesh,MANDSOUR,Mandsaur,2,,,Normal/Others,WS/MP356/2023-2024/15689 - Purchase of books and periodicals for libraries,DISTRICT COLLECTOR MANDSAUR_IDA,2023-09-02,Approved by IDA,50000,Sanctioned
MPLADS-048197,Shri Sudheer Gupta ,Lok Sabha,Madhya Pradesh,MANDSOUR,Suwasra,1,,,Normal/Others,WS/MP356/2023-2024/15690 - Purchase of books and periodicals for libraries,DISTRICT COLLECTOR MANDSAUR_IDA,2023-09-02,Approved by IDA,50000,Unsanctioned
MPLADS-048198,Shri Sudheer Gupta ,Lok Sabha,Madhya Pradesh,MANDSOUR,Malhargarh,1,,,Normal/Others,WS/MP356/2023-2024/15691 - Purchase of books and periodicals for libraries,DISTRICT COLLECTOR MANDSAUR_IDA,2023-09-02,Approved by IDA,50000,Unsanctioned
MPLADS-048199,Shri Sudheer Gupta ,Lok Sabha,Madhya Pradesh,MANDSOUR,Malhargarh,2,,,Normal/Others,WS/MP356/2023-2024/15692 - Purchase of books and periodicals for libraries,DISTRICT COLLECTOR MANDSAUR_IDA,2023-09-02,Approved by IDA,50000,Unsanctioned
MPLADS-048200,Shri Sudheer Gupta ,Lok Sabha,Madhya Pradesh,MANDSOUR,Shamgarh,1,,,Normal/Others,WS/MP356/2023-2024/15693 - Purchase of books and periodicals for libraries,DISTRICT COLLECTOR MANDSAUR_IDA,2023-09-02,Approved by IDA,50000,Sanctioned
MPLADS-048201,Shri Sudheer Gupta ,Lok Sabha,Madhya Pradesh,MANDSOUR,Bhanpura,1,,,Normal/Others,WS/MP356/2023-2024/15695 - Purchase of books and periodicals for libraries,DISTRICT COLLECTOR MANDSAUR_IDA,2023-09-02,Approved by IDA,50000,Unsanctioned
MPLADS-048202,Shri Sudheer Gupta ,Lok Sabha,Madhya Pradesh,MANDSOUR,Piplya Mandi,1,,,Normal/Others,WS/MP356/2023-2024/15680 - Purchase of books and periodicals for libraries,DISTRICT COLLECTOR MANDSAUR_IDA,2023-09-02,Approved by IDA,25000,Unsanctioned
MPLADS-048203,Shri Sudheer Gupta ,Lok Sabha,Madhya Pradesh,MANDSOUR,Bhanpura,1,,,Normal/Others,WS/MP356/2023-2024/15696 - Purchase of books and periodicals for libraries,DISTRICT COLLECTOR MANDSAUR_IDA,2023-09-02,Approved by IDA,50000,Unsanctioned
MPLADS-048204,Shri Sudheer Gupta ,Lok Sabha,Madhya Pradesh,MANDSOUR,Sitamau,1,,,Normal/Others,WS/MP356/2023-2024/15697 - Purchase of books and periodicals for libraries,DISTRICT COLLECTOR MANDSAUR_IDA,2023-09-02,Approved by IDA,50000,Unsanctioned
MPLADS-048205,Shri Sudheer Gupta ,Lok Sabha,Madhya Pradesh,MANDSOUR,Sitamau,1,,,Normal/Others,WS/MP356/2023-2024/15698 - Purchase of books and periodicals for libraries,DISTRICT COLLECTOR MANDSAUR_IDA,2023-09-02,Approved by IDA,50000,Unsanctioned
MPLADS-048206,Shri Sudheer Gupta ,Lok Sabha,Madhya Pradesh,MANDSOUR,Garoth,1,,,Normal/Others,WS/MP356/2023-2024/15699 - Purchase of books and periodicals for libraries,DISTRICT COLLECTOR MANDSAUR_IDA,2023-09-02,Approved by IDA,50000,Unsanctioned
MPLADS-048213,Shri Sudheer Gupta ,Lok Sabha,Madhya Pradesh,MANDSOUR,Malhargarh,1,,,Normal/Others,WS/MP356/2023-2024/15681 - Purchase of books and periodicals for libraries,DISTRICT COLLECTOR MANDSAUR_IDA,2023-09-02,Approved by IDA,25000,Unsanctioned
MPLADS-048214,Shri Sudheer Gupta ,Lok Sabha,Madhya Pradesh,MANDSOUR,Piplya Mandi,1,,,Normal/Others,WS/MP356/2023-2024/15679 - Purchase of books and periodicals for libraries,DISTRICT COLLECTOR MANDSAUR_IDA,2023-09-02,Approved by IDA,25000,Unsanctioned
MPLADS-048228,Shri Sudheer Gupta ,Lok Sabha,Madhya Pradesh,MANDSOUR,Narayangarh,1,,,Normal/Others,WS/MP356/2023-2024/15678 - Purchase of books and periodicals for libraries,DISTRICT COLLECTOR MANDSAUR_IDA,2023-09-02,Approved by IDA,25000,Unsanctioned
MPLADS-048234,Shri Sudheer Gupta ,Lok Sabha,Madhya Pradesh,MANDSOUR,Bhensoda,1,,,Normal/Others,WS/MP356/2023-2024/15594 - Purchase of books and periodicals for libraries,DISTRICT COLLECTOR MANDSAUR_IDA,2023-09-02,Approved by IDA,10000,Sanctioned
MPLADS-048235,Shri Sudheer Gupta ,Lok Sabha,Madhya Pradesh,MANDSOUR,Bhanpura,1,,,Normal/Others,WS/MP356/2023-2024/15606 - Purchase of books and periodicals for libraries,DISTRICT COLLECTOR MANDSAUR_IDA,2023-09-02,Approved by IDA,10000,Unsanctioned
MPLADS-048236,Shri Sudheer Gupta ,Lok Sabha,Madhya Pradesh,MANDSOUR,Bhensoda,1,,,Normal/Others,WS/MP356/2023-2024/15607 - Purchase of books and periodicals for libraries,DISTRICT COLLECTOR MANDSAUR_IDA,2023-09-02,Approved by IDA,10000,Unsanctioned
MPLADS-048237,Shri Sudheer Gupta ,Lok Sabha,Madhya Pradesh,MANDSOUR,Garoth,1,,,Normal/Others,WS/MP356/2023-2024/15664 - Purchase of books and periodicals for libraries,DISTRICT COLLECTOR MANDSAUR_IDA,2023-09-02,Approved by IDA,50000,Unsanctioned
MPLADS-048238,Shri Sudheer Gupta ,Lok Sabha,Madhya Pradesh,MANDSOUR,Narayangarh,1,,,Normal/Others,WS/MP356/2023-2024/15677 - Purchase of books and periodicals for libraries,DISTRICT COLLECTOR MANDSAUR_IDA,2023-09-02,Approved by IDA,25000,Unsanctioned
MPLADS-048484,SHRI Digvijay Singh,Rajya Sabha,Madhya Pradesh,Sitting Rajya Sabha,,,BIAORA,Khankra Teja,Normal/Others,NA - Construction of buildings for community cultural activities,DISTRICT COLLECTOR RAJGARH_IDA,2023-09-01,Action Pending,500000,Unsanctioned
MPLADS-048485,Dr . Sumer Singh Solanki,Rajya Sabha,Madhya Pradesh,Sitting Rajya Sabha,,,KUKSHI,Dholya,Normal/Others,WS/MP010/2023-2024/15078 - Purchase of mobile water tankers,DISTRICT COLLECTOR DHAR_IDA,2023-09-01,Approved by IDA,156733,Sanctioned
MPLADS-048492,Dr . Sumer Singh Solanki,Rajya Sabha,Madhya Pradesh,Sitting Rajya Sabha,,,KUKSHI,Khargone,Normal/Others,WS/MP010/2023-2024/15076 - Purchase of mobile water tankers,DISTRICT COLLECTOR DHAR_IDA,2023-09-01,Approved by IDA,156733,Sanctioned
MPLADS-048493,SHRI Digvijay Singh,Rajya Sabha,Madhya Pradesh,Sitting Rajya Sabha,,,BIAORA,Bagripura,Normal/Others,NA - Construction of buildings for community cultural activities,DISTRICT COLLECTOR RAJGARH_IDA,2023-09-01,Action Pending,500000,Unsanctioned
MPLADS-048494,Dr . Sumer Singh Solanki,Rajya Sabha,Madhya Pradesh,Sitting Rajya Sabha,,,DAHI,Amlal,Normal/Others,WS/MP010/2023-2024/15080 - Purchase of mobile water tankers,DISTRICT COLLECTOR DHAR_IDA,2023-09-01,Approved by IDA,156733,Sanctioned
MPLADS-048530,Dr . Sumer Singh Solanki,Rajya Sabha,Madhya Pradesh,Sitting Rajya Sabha,,,NISARPUR,Kharajana,Normal/Others,WS/MP010/2023-2024/15091 - Purchase of mobile water tankers,DISTRICT COLLECTOR DHAR_IDA,2023-09-01,Approved by IDA,156733,Sanctioned
MPLADS-048531,Dr . Sumer Singh Solanki,Rajya Sabha,Madhya Pradesh,Sitting Rajya Sabha,,,NISARPUR,Nisarpur,Normal/Others,WS/MP010/2023-2024/15090 - Purchase of mobile water tankers,DISTRICT COLLECTOR DHAR_IDA,2023-09-01,Approved by IDA,156733,Sanctioned
MPLADS-048532,Dr . Sumer Singh Solanki,Rajya Sabha,Madhya Pradesh,Sitting Rajya Sabha,,,NISARPUR,Bhawriya,Normal/Others,WS/MP010/2023-2024/15089 - Purchase of mobile water tankers,DISTRICT COLLECTOR DHAR_IDA,2023-09-01,Approved by IDA,156733,Sanctioned
MPLADS-048533,Dr . Sumer Singh Solanki,Rajya Sabha,Madhya Pradesh,Sitting Rajya Sabha,,,NISARPUR,Dhulsar,Normal/Others,WS/MP010/2023-2024/15088 - Purchase of mobile water tankers,DISTRICT COLLECTOR DHAR_IDA,2023-09-01,Approved by IDA,156733,Sanctioned
MPLADS-048534,Dr . Sumer Singh Solanki,Rajya Sabha,Madhya Pradesh,Sitting Rajya Sabha,,,NISARPUR,Bheslai,Normal/Others,WS/MP010/2023-2024/15087 - Purchase of mobile water tankers,DISTRICT COLLECTOR DHAR_IDA,2023-09-01,Approved by IDA,156733,Sanctioned
MPLADS-048535,Dr . Sumer Singh Solanki,Rajya Sabha,Madhya Pradesh,Sitting Rajya Sabha,,,DAHI,Dharamray,Normal/Others,WS/MP010/2023-2024/15086 - Purchase of mobile water tankers,DISTRICT COLLECTOR DHAR_IDA,2023-09-01,Approved by IDA,156733,Sanctioned
MPLADS-048536,Dr . Sumer Singh Solanki,Rajya Sabha,Madhya Pradesh,Sitting Rajya Sabha,,,DAHI,Gajgota,Normal/Others,WS/MP010/2023-2024/15085 - Purchase of mobile water tankers,DISTRICT COLLECTOR DHAR_IDA,2023-09-01,Approved by IDA,156733,Sanctioned
MPLADS-048546,Dr . Sumer Singh Solanki,Rajya Sabha,Madhya Pradesh,Sitting Rajya Sabha,,,DAHI,Malpura,Normal/Others,WS/MP010/2023-2024/15082 - Purchase of mobile water tankers,DISTRICT COLLECTOR DHAR_IDA,2023-09-01,Approved by IDA,156733,Sanctioned
MPLADS-048547,Dr . Sumer Singh Solanki,Rajya Sabha,Madhya Pradesh,Sitting Rajya Sabha,,,DAHI,Makadwani,Normal/Others,WS/MP010/2023-2024/15084 - Purchase of mobile water tankers,DISTRICT COLLECTOR DHAR_IDA,2023-09-01,Approved by IDA,156733,Sanctioned
MPLADS-048550,Smt Himadri Singh,Lok Sabha,Madhya Pradesh,SHAHDOL (ST),,,PUSHPRAJGARH,Bhamarha,Normal/Others,WS/MP654/2023-2024/15061 - Construction of culverts and bridges,DISTRICT COLLECTOR ANUPPUR_IDA,2023-09-01,Approved by IDA,1000000,Sanctioned
MPLADS-048610,SHRI Digvijay Singh,Rajya Sabha,Madhya Pradesh,Sitting Rajya Sabha,,,BIAORA,Talawada Maharaja,Normal/Others,NA - Installing tube-wells and borewells,DISTRICT COLLECTOR RAJGARH_IDA,2023-09-01,Action Pending,150000,Unsanctioned
MPLADS-048612,SHRI Digvijay Singh,Rajya Sabha,Madhya Pradesh,Sitting Rajya Sabha,Ujjain,Ward No.28,,,Normal/Others,NA - Construction of additional rooms and halls in the existing public and community building,DISTRICT COLLECTOR UJJAIN_IDA,2023-09-01,Action Pending,1100000,Unsanctioned
MPLADS-048613,Dr . Sumer Singh Solanki,Rajya Sabha,Madhya Pradesh,Sitting Rajya Sabha,,,BERASIA,Garha Kalan,Normal/Others,WS/MP010/2023-2024/15052 - Construction of culverts and bridges,DISTRICT COLLECTOR BHOPAL_IDA,2023-09-01,Approved by IDA,1500000,Sanctioned
MPLADS-048614,Dr . Sumer Singh Solanki,Rajya Sabha,Madhya Pradesh,Sitting Rajya Sabha,,,BERASIA,Kachnariya,Normal/Others,WS/MP010/2023-2024/15053 - Crematoriums or structures on burial/ cremation ground for public convenience,DISTRICT COLLECTOR BHOPAL_IDA,2023-09-01,Approved by IDA,1500000,Sanctioned
MPLADS-048615,Dr . Sumer Singh Solanki,Rajya Sabha,Madhya Pradesh,Sitting Rajya Sabha,,,KUKSHI,Lengsari,Normal/Others,WS/MP010/2023-2024/15070 - Purchase of mobile water tankers,DISTRICT COLLECTOR DHAR_IDA,2023-09-01,Approved by IDA,156733,Ongoing
MPLADS-048616,Dr . Sumer Singh Solanki,Rajya Sabha,Madhya Pradesh,Sitting Rajya Sabha,,,KUKSHI,Doi,Normal/Others,WS/MP010/2023-2024/15072 - Purchase of mobile water tankers,DISTRICT COLLECTOR DHAR_IDA,2023-09-01,Approved by IDA,156733,Sanctioned
MPLADS-048617,Dr . Sumer Singh Solanki,Rajya Sabha,Madhya Pradesh,Sitting Rajya Sabha,,,KUKSHI,Kutedi,Normal/Others,WS/MP010/2023-2024/15074 - Purchase of mobile water tankers,DISTRICT COLLECTOR DHAR_IDA,2023-09-01,Approved by IDA,156733,Sanctioned
MPLADS-048626,Dr . Sumer Singh Solanki,Rajya Sabha,Madhya Pradesh,Sitting Rajya Sabha,,,BARWANI,Silawad,Normal/Others,"NA - Construction of roads, approach roads, link roads and pathways",DISTRICT COLLECTOR BADWANI_IDA,2023-09-01,Rejected by IDA,2000000,Unsanctioned
MPLADS-048643,SHRI Digvijay Singh,Rajya Sabha,Madhya Pradesh,Sitting Rajya Sabha,,,JAWAD,Modi,Normal/Others,"NA - Construction of roads, approach roads, link roads and pathways",District Collector Neemuch_IDA,2023-09-01,Action Pending,500000,Unsanctioned
MPLADS-048648,Shri Rajmani Patel,Rajya Sabha,Madhya Pradesh,Sitting Rajya Sabha,,,SIRMOUR,Rimari,Normal/Others,"NA - Construction of roads, approach roads, link roads and pathways",DISTRICT COLLECTOR REWA_IDA,2023-08-31,Action Pending,299000,Unsanctioned
MPLADS-048649,Shri Rajmani Patel,Rajya Sabha,Madhya Pradesh,Sitting Rajya Sabha,,,BERASIA,Gujartodi,Normal/Others,"WS/MP105/2023-2024/14546 - Construction of roads, approach roads, link roads and pathways",DISTRICT COLLECTOR BHOPAL_IDA,2023-08-31,Approved by IDA,199000,Sanctioned
MPLADS-048650,Shri Rajmani Patel,Rajya Sabha,Madhya Pradesh,Sitting Rajya Sabha,,,REHLI,Ratanpar,Normal/Others,"NA - Construction of roads, approach roads, link roads and pathways",DISTRICT COLLECTOR SAGAR_IDA,2023-08-31,Rejected by IDA,299000,Unsanctioned
MPLADS-048652,Shri Rajmani Patel,Rajya Sabha,Madhya Pradesh,Sitting Rajya Sabha,,,JAWA,Gahilwar,Normal/Others,"WS/MP105/2023-2024/14555 - Construction of roads, approach roads, link roads and pathways",DISTRICT COLLECTOR REWA_IDA,2023-08-31,Approved by IDA,299000,Sanctioned
MPLADS-048653,Shri Rajmani Patel,Rajya Sabha,Madhya Pradesh,Sitting Rajya Sabha,,,SIRMOUR,Chachai,Normal/Others,"NA - Construction of roads, approach roads, link roads and pathways",DISTRICT COLLECTOR REWA_IDA,2023-08-31,Action Pending,199000,Unsanctioned
MPLADS-048654,Shri Rajmani Patel,Rajya Sabha,Madhya Pradesh,Sitting Rajya Sabha,,,RAIPUR KARCHULIYAN,Deogaon,Normal/Others,"WS/MP105/2023-2024/14557 - Construction of roads, approach roads, link roads and pathways",DISTRICT COLLECTOR REWA_IDA,2023-08-31,Approved by IDA,299000,Sanctioned
MPLADS-048655,Shri Rajmani Patel,Rajya Sabha,Madhya Pradesh,Sitting Rajya Sabha,Rewa,Ward number 26,,,Normal/Others,"NA - Construction of roads, approach roads, link roads and pathways",DISTRICT COLLECTOR REWA_IDA,2023-08-31,Action Pending,199000,Unsanctioned
MPLADS-048656,Shri Rajmani Patel,Rajya Sabha,Madhya Pradesh,Sitting Rajya Sabha,,,JAWA,Gadha (137),Normal/Others,"NA - Construction of roads, link roads, pathways or any other road with or without drainage system",DISTRICT COLLECTOR REWA_IDA,2023-08-31,Action Pending,699000,Unsanctioned
MPLADS-048657,Shri Rajmani Patel,Rajya Sabha,Madhya Pradesh,Sitting Rajya Sabha,,,BIRSA,Dadkasa,Normal/Others,NA - Construction of culverts and bridges,DISTRICT COLLECTOR BALAGHAT_IDA,2023-08-31,Action Pending,1449000,Unsanctioned
MPLADS-048658,Shri Rajmani Patel,Rajya Sabha,Madhya Pradesh,Sitting Rajya Sabha,,,REHLI,Ratanpar,Normal/Others,"NA - Construction of roads, approach roads, link roads and pathways",DISTRICT COLLECTOR SAGAR_IDA,2023-08-31,Rejected by IDA,299000,Unsanctioned
MPLADS-048659,Shri Rajmani Patel,Rajya Sabha,Madhya Pradesh,Sitting Rajya Sabha,,,JAWA,Birpur,Normal/Others,NA - Construction of public toilets and bathrooms,DISTRICT COLLECTOR REWA_IDA,2023-08-31,Action Pending,299000,Unsanctioned
MPLADS-048676,Shri Rajmani Patel,Rajya Sabha,Madhya Pradesh,Sitting Rajya Sabha,,,BERASIA,Ramgarha,Normal/Others,"WS/MP105/2023-2024/14541 - Construction of roads, approach roads, link roads and pathways",DISTRICT COLLECTOR BHOPAL_IDA,2023-08-31,Approved by IDA,199000,Unsanctioned
MPLADS-048716,Shri Rajmani Patel,Rajya Sabha,Madhya Pradesh,Sitting Rajya Sabha,,,SIRMOUR,Rimari,Normal/Others,"NA - Construction of roads, approach roads, link roads and pathways",DISTRICT COLLECTOR REWA_IDA,2023-08-31,Action Pending,299000,Unsanctioned
MPLADS-048755,Vivek Narayan Shejwalkar,Lok Sabha,Madhya Pradesh,GWALIOR,Gwalior,10,,,Normal/Others,"NA - Purchase of IT systems, including hardware and software for educational purposes",DISTRICT COLLECTOR GWALIOR_IDA,2023-08-31,Action Pending,1000000,Unsanctioned
MPLADS-048773,Gajendra Singh Patel,Lok Sabha,Madhya Pradesh,KHARGONE(ST),,,MAHESHWAR,Nandra,Normal/Others,"WS/MP641/2023-2024/14530 - Construction of roads, approach roads, link roads and pathways",DISTRICT COLLECTOR KHARGONE_IDA,2023-08-31,Approved by IDA,500000,Sanctioned
MPLADS-048797,Shri Rajmani Patel,Rajya Sabha,Madhya Pradesh,Sitting Rajya Sabha,Sirmaur,ward number 3,,,Normal/Others,WS/MP105/2023-2024/14400 - Improvement of electricity distribution infrastructure,DISTRICT COLLECTOR REWA_IDA,2023-08-30,Approved by IDA,314700,Unsanctioned
MPLADS-048798,Shri Rajmani Patel,Rajya Sabha,Madhya Pradesh,Sitting Rajya Sabha,,,JAWA,Khamhariya,Normal/Others,WS/MP105/2023-2024/14398 - Improvement of electricity distribution infrastructure,DISTRICT COLLECTOR REWA_IDA,2023-08-30,Approved by IDA,265800,Sanctioned
MPLADS-048799,Shri Rajmani Patel,Rajya Sabha,Madhya Pradesh,Sitting Rajya Sabha,Rewa,ward number 26,,,Normal/Others,NA - Construction of rooms and halls in school and colleges,DISTRICT COLLECTOR REWA_IDA,2023-08-30,Action Pending,499000,Unsanctioned
MPLADS-048800,Shri Rajmani Patel,Rajya Sabha,Madhya Pradesh,Sitting Rajya Sabha,,,,,Normal/Others,WS/MP105/2023-2024/14392 - Construction of buildings for community cultural activities,DISTRICT COLLECTOR SEHORE_IDA,2023-08-30,Approved by IDA,738086,Sanctioned
MPLADS-048817,Shri Rajmani Patel,Rajya Sabha,Madhya Pradesh,Sitting Rajya Sabha,,,JAWA,Jonha,Normal/Others,WS/MP105/2023-2024/14399 - Improvement of electricity distribution infrastructure,DISTRICT COLLECTOR REWA_IDA,2023-08-30,Approved by IDA,278000,Unsanctioned
MPLADS-048818,Shri Rajmani Patel,Rajya Sabha,Madhya Pradesh,Sitting Rajya Sabha,,,JAWA,Dagdaiya,Normal/Others,WS/MP105/2023-2024/14447 - Construction of culverts and bridges,DISTRICT COLLECTOR REWA_IDA,2023-08-30,Approved by IDA,499000,Sanctioned
MPLADS-048820,Shri Rajmani Patel,Rajya Sabha,Madhya Pradesh,Sitting Rajya Sabha,,,SIRMOUR,Rimari,Normal/Others,"NA - Construction of roads, approach roads, link roads and pathways",DISTRICT COLLECTOR REWA_IDA,2023-08-30,Action Pending,299000,Unsanctioned
MPLADS-048832,Shri Rajmani Patel,Rajya Sabha,Madhya Pradesh,Sitting Rajya Sabha,,,GANGEV,Majanraksa,Normal/Others,"NA - Construction of roads, approach roads, link roads and pathways",DISTRICT COLLECTOR REWA_IDA,2023-08-30,Action Pending,100000,Unsanctioned
MPLADS-048833,Shri Rajmani Patel,Rajya Sabha,Madhya Pradesh,Sitting Rajya Sabha,Rewa,ward number 1,,,Normal/Others,"NA - Construction of roads, approach roads, link roads and pathways",DISTRICT COLLECTOR REWA_IDA,2023-08-30,Action Pending,1765000,Unsanctioned
MPLADS-048834,Shri Rajmani Patel,Rajya Sabha,Madhya Pradesh,Sitting Rajya Sabha,,,GANGEV,Dodau,Normal/Others,NA - Construction of rooms and halls in school and colleges,DISTRICT COLLECTOR REWA_IDA,2023-08-30,Action Pending,499000,Unsanctioned
MPLADS-048835,Shri Rajmani Patel,Rajya Sabha,Madhya Pradesh,Sitting Rajya Sabha,,,JAWA,Niva,Normal/Others,"NA - Construction of roads, approach roads, link roads and pathways",DISTRICT COLLECTOR REWA_IDA,2023-08-30,Action Pending,499000,Unsanctioned
MPLADS-048836,Shri Rajmani Patel,Rajya Sabha,Madhya Pradesh,Sitting Rajya Sabha,,,JAWA,Jhalwa,Normal/Others,"WS/MP105/2023-2024/14453 - Construction of roads, approach roads, link roads and pathways",DISTRICT COLLECTOR REWA_IDA,2023-08-30,Approved by IDA,299000,Sanctioned
MPLADS-048837,Shri Rajmani Patel,Rajya Sabha,Madhya Pradesh,Sitting Rajya Sabha,,,JAWA,Pathrauda,Normal/Others,"WS/MP105/2023-2024/14452 - Construction of roads, approach roads, link roads and pathways",DISTRICT COLLECTOR REWA_IDA,2023-08-30,Approved by IDA,499000,Sanctioned
MPLADS-048838,Shri Rajmani Patel,Rajya Sabha,Madhya Pradesh,Sitting Rajya Sabha,,,JAWA,Kalyanpur,Normal/Others,WS/MP105/2023-2024/14451 - Construction of boundary walls of existing public and community buildings,DISTRICT COLLECTOR REWA_IDA,2023-08-30,Approved by IDA,499000,Sanctioned
MPLADS-048839,Shri Rajmani Patel,Rajya Sabha,Madhya Pradesh,Sitting Rajya Sabha,,,JAWA,Panwar Khurd,Normal/Others,"NA - Construction of roads, approach roads, link roads and pathways",DISTRICT COLLECTOR REWA_IDA,2023-08-30,Action Pending,299000,Unsanctioned
MPLADS-048893,Shri Rajmani Patel,Rajya Sabha,Madhya Pradesh,Sitting Rajya Sabha,,,JAWA,Bhadra,Normal/Others,WS/MP105/2023-2024/14476 - Construction of rainwater harvesting structures,DISTRICT COLLECTOR REWA_IDA,2023-08-30,Approved by IDA,299000,Unsanctioned
MPLADS-048894,Shri Rajmani Patel,Rajya Sabha,Madhya Pradesh,Sitting Rajya Sabha,,,JAWA,Andawa,Normal/Others,WS/MP105/2023-2024/14475 - Common work sheds for artisans,DISTRICT COLLECTOR REWA_IDA,2023-08-30,Approved by IDA,199000,Sanctioned
MPLADS-048895,Shri Rajmani Patel,Rajya Sabha,Madhya Pradesh,Sitting Rajya Sabha,,,JAWA,Jawa,Normal/Others,"WS/MP105/2023-2024/14473 - Construction of roads, approach roads, link roads and pathways",DISTRICT COLLECTOR REWA_IDA,2023-08-30,Approved by IDA,399000,Sanctioned
MPLADS-048905,Shri Rajmani Patel,Rajya Sabha,Madhya Pradesh,Sitting Rajya Sabha,,,GANGEV,Siswa,Normal/Others,"NA - Construction of roads, approach roads, link roads and pathways",DISTRICT COLLECTOR REWA_IDA,2023-08-30,Action Pending,299000,Unsanctioned
MPLADS-048911,Shri Rajmani Patel,Rajya Sabha,Madhya Pradesh,Sitting Rajya Sabha,,,MAUGANJ,Naudhiya,Normal/Others,NA - Construction of rooms and halls in school and colleges,DISTRICT COLLECTOR REWA_IDA,2023-08-30,Action Pending,399000,Unsanctioned
MPLADS-048913,Shri Rajmani Patel,Rajya Sabha,Madhya Pradesh,Sitting Rajya Sabha,,,JAWA,Jawa,Normal/Others,WS/MP105/2023-2024/14465 - Construction of common work sheds/ common covered sitting area,DISTRICT COLLECTOR REWA_IDA,2023-08-30,Approved by IDA,199000,Sanctioned
MPLADS-048919,Shri Rajmani Patel,Rajya Sabha,Madhya Pradesh,Sitting Rajya Sabha,,,REWA,Jeruka,Normal/Others,"WS/MP105/2023-2024/14458 - Construction of roads, approach roads, link roads and pathways",DISTRICT COLLECTOR REWA_IDA,2023-08-30,Approved by IDA,299000,Sanctioned
MPLADS-048920,Shri Rajmani Patel,Rajya Sabha,Madhya Pradesh,Sitting Rajya Sabha,,,JAWA,Bhitauha,Repair and Renovation,WS/MP105/2023-2024/14459 - Construction of buildings for crèches and anganwadies,DISTRICT COLLECTOR REWA_IDA,2023-08-30,Approved by IDA,499000,Sanctioned
MPLADS-048921,Shri Rajmani Patel,Rajya Sabha,Madhya Pradesh,Sitting Rajya Sabha,,,RAIPUR KARCHULIYAN,Duari,Normal/Others,"WS/MP105/2023-2024/14462 - Construction of roads, approach roads, link roads and pathways",DISTRICT COLLECTOR REWA_IDA,2023-08-30,Approved by IDA,400000,Sanctioned
MPLADS-048922,Shri Rajmani Patel,Rajya Sabha,Madhya Pradesh,Sitting Rajya Sabha,,,SIRMOUR,Pathari,Normal/Others,"WS/MP105/2023-2024/14464 - Construction of roads, approach roads, link roads and pathways",DISTRICT COLLECTOR REWA_IDA,2023-08-30,Approved by IDA,499000,Sanctioned
MPLADS-048923,Shri Rajmani Patel,Rajya Sabha,Madhya Pradesh,Sitting Rajya Sabha,Rewa,ward number 16,,,Normal/Others,NA - Providing drains and gutters for public drainage,DISTRICT COLLECTOR REWA_IDA,2023-08-30,Action Pending,199000,Unsanctioned
MPLADS-048924,Shri Rajmani Patel,Rajya Sabha,Madhya Pradesh,Sitting Rajya Sabha,,,SIRMOUR,Mado,Normal/Others,NA - Providing drains and gutters for public drainage,DISTRICT COLLECTOR REWA_IDA,2023-08-30,Action Pending,299000,Unsanctioned
MPLADS-048925,Shri Rajmani Patel,Rajya Sabha,Madhya Pradesh,Sitting Rajya Sabha,,,SIRMOUR,Mauhara,Normal/Others,"WS/MP105/2023-2024/14468 - Construction of roads, approach roads, link roads and pathways",DISTRICT COLLECTOR REWA_IDA,2023-08-30,Approved by IDA,299000,Sanctioned
MPLADS-048926,Shri Rajmani Patel,Rajya Sabha,Madhya Pradesh,Sitting Rajya Sabha,,,RAIPUR KARCHULIYAN,Itarpahad,Normal/Others,"NA - Construction of roads, approach roads, link roads and pathways",DISTRICT COLLECTOR REWA_IDA,2023-08-30,Action Pending,299000,Unsanctioned
MPLADS-048927,Shri Rajmani Patel,Rajya Sabha,Madhya Pradesh,Sitting Rajya Sabha,,,JAWA,Garhawa,Normal/Others,NA - Construction of boundary walls of existing public and community buildings,DISTRICT COLLECTOR REWA_IDA,2023-08-30,Action Pending,149000,Unsanctioned
MPLADS-049002,Gajendra Singh Patel,Lok Sabha,Madhya Pradesh,KHARGONE(ST),Maheshwar,ward no 09,,,Normal/Others,NA - Construction of community centers and community halls,DISTRICT COLLECTOR KHARGONE_IDA,2023-08-29,Action Pending,500000,Unsanctioned
MPLADS-049125,Shri Rajmani Patel,Rajya Sabha,Madhya Pradesh,Sitting Rajya Sabha,,,RAIPUR KARCHULIYAN,Ramnai,Normal/Others,WS/MP105/2023-2024/14234 - Improvement of electricity distribution infrastructure,DISTRICT COLLECTOR REWA_IDA,2023-08-29,Approved by IDA,510000,Sanctioned
MPLADS-049134,Shri Rajmani Patel,Rajya Sabha,Madhya Pradesh,Sitting Rajya Sabha,Dabhaura,ward number 07,,,Normal/Others,WS/MP105/2023-2024/14126 - Construction of rooms and halls in school and colleges,DISTRICT COLLECTOR REWA_IDA,2023-08-29,Approved by IDA,699000,Sanctioned
MPLADS-049135,SHRI Digvijay Singh,Rajya Sabha,Madhya Pradesh,Sitting Rajya Sabha,,,KHILCHIPUR,Kundibeh,Normal/Others,WS/MP232/2023-2024/14329 - Construction of buildings for community cultural activities,DISTRICT COLLECTOR RAJGARH_IDA,2023-08-29,Approved by IDA,500000,Sanctioned
MPLADS-049136,SHRI Digvijay Singh,Rajya Sabha,Madhya Pradesh,Sitting Rajya Sabha,,,KHILCHIPUR,Bawdi Kheda,Normal/Others,WS/MP232/2023-2024/14328 - Construction of buildings for community cultural activities,DISTRICT COLLECTOR RAJGARH_IDA,2023-08-29,Approved by IDA,500000,Sanctioned
MPLADS-049137,Shri Rajmani Patel,Rajya Sabha,Madhya Pradesh,Sitting Rajya Sabha,Bhopal,ward number 80,,,Normal/Others,NA - Construction of additional rooms and halls in the existing public and community building,DISTRICT COLLECTOR BHOPAL_IDA,2023-08-29,Action Pending,499000,Unsanctioned
MPLADS-049138,Shri Rajmani Patel,Rajya Sabha,Madhya Pradesh,Sitting Rajya Sabha,,,KALAPIPAL,Gadra Khedi,Normal/Others,NA - Purchase of mobile water tankers,District Collector Shajapur_IDA,2023-08-29,Action Pending,163000,Unsanctioned
MPLADS-049139,Shri Rajmani Patel,Rajya Sabha,Madhya Pradesh,Sitting Rajya Sabha,,,KALAPIPAL,Ranayal,Normal/Others,NA - Purchase of mobile water tankers,District Collector Shajapur_IDA,2023-08-29,Action Pending,163000,Unsanctioned
MPLADS-049140,Shri Rajmani Patel,Rajya Sabha,Madhya Pradesh,Sitting Rajya Sabha,,,KALAPIPAL,Khardon Khurd,Normal/Others,NA - Purchase of mobile water tankers,District Collector Shajapur_IDA,2023-08-29,Action Pending,163000,Unsanctioned
MPLADS-049141,Shri Rajmani Patel,Rajya Sabha,Madhya Pradesh,Sitting Rajya Sabha,,,KALAPIPAL,Hadlay Khurd,Normal/Others,NA - Purchase of mobile water tankers,District Collector Shajapur_IDA,2023-08-29,Action Pending,163000,Unsanctioned
MPLADS-049142,Shri Rajmani Patel,Rajya Sabha,Madhya Pradesh,Sitting Rajya Sabha,,,KALAPIPAL,Alanya,Normal/Others,NA - Purchase of mobile water tankers,District Collector Shajapur_IDA,2023-08-29,Action Pending,163000,Unsanctioned
MPLADS-049143,Shri Rajmani Patel,Rajya Sabha,Madhya Pradesh,Sitting Rajya Sabha,,,JAWA,Ansara,Normal/Others,WS/MP105/2023-2024/14148 - Improvement of electricity distribution infrastructure,DISTRICT COLLECTOR REWA_IDA,2023-08-29,Approved by IDA,266000,Sanctioned
MPLADS-049145,Shri Rajmani Patel,Rajya Sabha,Madhya Pradesh,Sitting Rajya Sabha,,,JAWA,Babakibarauli,Normal/Others,WS/MP105/2023-2024/14151 - Improvement of electricity distribution infrastructure,DISTRICT COLLECTOR REWA_IDA,2023-08-29,Approved by IDA,183000,Sanctioned
MPLADS-049146,Shri Rajmani Patel,Rajya Sabha,Madhya Pradesh,Sitting Rajya Sabha,,,TEONTHAR,Uchiauni,Normal/Others,WS/MP105/2023-2024/14188 - Improvement of electricity distribution infrastructure,DISTRICT COLLECTOR REWA_IDA,2023-08-29,Approved by IDA,180000,Sanctioned
MPLADS-049147,Shri Rajmani Patel,Rajya Sabha,Madhya Pradesh,Sitting Rajya Sabha,,,SIRMOUR,Majhigawan,Normal/Others,WS/MP105/2023-2024/14189 - Improvement of electricity distribution infrastructure,DISTRICT COLLECTOR REWA_IDA,2023-08-29,Approved by IDA,225000,Sanctioned
MPLADS-049148,Shri Rajmani Patel,Rajya Sabha,Madhya Pradesh,Sitting Rajya Sabha,,,REWA,Lohi,Normal/Others,WS/MP105/2023-2024/14195 - Improvement of electricity distribution infrastructure,DISTRICT COLLECTOR REWA_IDA,2023-08-29,Approved by IDA,236000,Sanctioned
MPLADS-049149,Shri Rajmani Patel,Rajya Sabha,Madhya Pradesh,Sitting Rajya Sabha,,,JAWA,Kalyanpur(55),Normal/Others,WS/MP105/2023-2024/14207 - Improvement of electricity distribution infrastructure,DISTRICT COLLECTOR REWA_IDA,2023-08-29,Approved by IDA,227000,Sanctioned
MPLADS-049150,Shri Rajmani Patel,Rajya Sabha,Madhya Pradesh,Sitting Rajya Sabha,,,JAWA,Atraila,Normal/Others,WS/MP105/2023-2024/14250 - Improvement of electricity distribution infrastructure,DISTRICT COLLECTOR REWA_IDA,2023-08-29,Approved by IDA,235000,Sanctioned
MPLADS-049151,Shri Rajmani Patel,Rajya Sabha,Madhya Pradesh,Sitting Rajya Sabha,,,JAWA,Mahilo (443),Normal/Others,WS/MP105/2023-2024/14246 - Improvement of electricity distribution infrastructure,DISTRICT COLLECTOR REWA_IDA,2023-08-29,Approved by IDA,233000,Sanctioned
MPLADS-049152,Shri Rajmani Patel,Rajya Sabha,Madhya Pradesh,Sitting Rajya Sabha,,,JAWA,Deori,Normal/Others,WS/MP105/2023-2024/14243 - Improvement of electricity distribution infrastructure,DISTRICT COLLECTOR REWA_IDA,2023-08-29,Approved by IDA,381000,Sanctioned
MPLADS-049153,SHRI Digvijay Singh,Rajya Sabha,Madhya Pradesh,Sitting Rajya Sabha,,,ZIRAPUR,Khedi,Normal/Others,WS/MP232/2023-2024/14330 - Construction of buildings for community cultural activities,DISTRICT COLLECTOR RAJGARH_IDA,2023-08-29,Approved by IDA,500000,Sanctioned
MPLADS-049154,SHRI Digvijay Singh,Rajya Sabha,Madhya Pradesh,Sitting Rajya Sabha,,,ZIRAPUR,Gagorni,Normal/Others,WS/MP232/2023-2024/14331 - Construction of buildings for community cultural activities,DISTRICT COLLECTOR RAJGARH_IDA,2023-08-29,Approved by IDA,500000,Sanctioned
MPLADS-049155,SHRI Digvijay Singh,Rajya Sabha,Madhya Pradesh,Sitting Rajya Sabha,,,ZIRAPUR,Khata Khedi,Normal/Others,WS/MP232/2023-2024/14332 - Construction of buildings for community cultural activities,DISTRICT COLLECTOR RAJGARH_IDA,2023-08-29,Approved by IDA,500000,Sanctioned
MPLADS-049156,SHRI Digvijay Singh,Rajya Sabha,Madhya Pradesh,Sitting Rajya Sabha,,,ZIRAPUR,Govindpura,Normal/Others,"WS/MP232/2023-2024/14333 - Construction of roads, approach roads, link roads and pathways",DISTRICT COLLECTOR RAJGARH_IDA,2023-08-29,Approved by IDA,500000,Sanctioned
MPLADS-049175,Shri Rajmani Patel,Rajya Sabha,Madhya Pradesh,Sitting Rajya Sabha,,,SIRMOUR,Katki,Normal/Others,WS/MP105/2023-2024/14237 - Improvement of electricity distribution infrastructure,DISTRICT COLLECTOR REWA_IDA,2023-08-29,Approved by IDA,276000,Sanctioned
MPLADS-049236,Gyaneshwar Patil,Lok Sabha,Madhya Pradesh,KHANDWA,Punasa,Ward-06,,,Normal/Others,NA - Lighting of public spaces,DISTRICT COLLECTOR EAST NIMAR_IDA,2023-08-28,Action Pending,485000,Unsanctioned
MPLADS-049263,Gajendra Singh Patel,Lok Sabha,Madhya Pradesh,KHARGONE(ST),,,BARWANI,Bhawati,Normal/Others,WS/MP641/2023-2024/13680 - Construction of community centers and community halls,DISTRICT COLLECTOR BADWANI_IDA,2023-08-28,Approved by IDA,500000,Sanctioned
MPLADS-049316,Gyaneshwar Patil,Lok Sabha,Madhya Pradesh,KHANDWA,Punasa,Ward-09,,,Normal/Others,NA - Lighting of public spaces,DISTRICT COLLECTOR EAST NIMAR_IDA,2023-08-28,Action Pending,485000,Unsanctioned
MPLADS-049322,Shri Rajmani Patel,Rajya Sabha,Madhya Pradesh,Sitting Rajya Sabha,,,RAMNAGAR,Itma Khas(Bada Itma),Normal/Others,NA - Construction of community centers and community halls,DISTRICT COLLECTOR SATNA_IDA,2023-08-28,Action Pending,297000,Unsanctioned
MPLADS-049323,Shri Rajmani Patel,Rajya Sabha,Madhya Pradesh,Sitting Rajya Sabha,,,JAWA,Gauhana,Normal/Others,WS/MP105/2023-2024/13716 - Providing drains and gutters for public drainage,DISTRICT COLLECTOR REWA_IDA,2023-08-28,Approved by IDA,499000,Sanctioned
MPLADS-049324,Shri Rajmani Patel,Rajya Sabha,Madhya Pradesh,Sitting Rajya Sabha,,,JAWA,Kirhai,Normal/Others,WS/MP105/2023-2024/13735 - Construction of culverts and bridges,DISTRICT COLLECTOR REWA_IDA,2023-08-28,Approved by IDA,299000,Sanctioned
MPLADS-049325,Shri Rajmani Patel,Rajya Sabha,Madhya Pradesh,Sitting Rajya Sabha,,,JAWA,Gauhana,Normal/Others,WS/MP105/2023-2024/13737 - Installing hand pumps,DISTRICT COLLECTOR REWA_IDA,2023-08-28,Approved by IDA,97000,Sanctioned
MPLADS-049326,Shri Rajmani Patel,Rajya Sabha,Madhya Pradesh,Sitting Rajya Sabha,,,JAWA,Gauhana,Normal/Others,WS/MP105/2023-2024/13738 - Installing hand pumps,DISTRICT COLLECTOR REWA_IDA,2023-08-28,Approved by IDA,97000,Sanctioned
MPLADS-049327,Shri Rajmani Patel,Rajya Sabha,Madhya Pradesh,Sitting Rajya Sabha,,,JAWA,Kirhai,Normal/Others,WS/MP105/2023-2024/13744 - Installing hand pumps,DISTRICT COLLECTOR REWA_IDA,2023-08-28,Approved by IDA,97000,Sanctioned
MPLADS-049328,Shri Rajmani Patel,Rajya Sabha,Madhya Pradesh,Sitting Rajya Sabha,,,JAWA,Kirhai,Normal/Others,WS/MP105/2023-2024/13765 - Installing hand pumps,DISTRICT COLLECTOR REWA_IDA,2023-08-28,Approved by IDA,97000,Sanctioned
MPLADS-049329,Shri Rajmani Patel,Rajya Sabha,Madhya Pradesh,Sitting Rajya Sabha,,,JAWA,Dihiya,Normal/Others,WS/MP105/2023-2024/13773 - Installing hand pumps,DISTRICT COLLECTOR REWA_IDA,2023-08-28,Approved by IDA,111000,Sanctioned
MPLADS-049330,Shri Rajmani Patel,Rajya Sabha,Madhya Pradesh,Sitting Rajya Sabha,,,JAWA,Itauri,Normal/Others,WS/MP105/2023-2024/13775 - Installing hand pumps,DISTRICT COLLECTOR REWA_IDA,2023-08-28,Approved by IDA,111000,Sanctioned
MPLADS-049331,Shri Rajmani Patel,Rajya Sabha,Madhya Pradesh,Sitting Rajya Sabha,,,Jawa,Panwar Khurd,Normal/Others,"NA - Purchase of IT systems, including hardware and software for educational purposes",DISTRICT COLLECTOR REWA_IDA,2023-08-28,Action Pending,1999000,Unsanctioned
MPLADS-049332,Shri Rajmani Patel,Rajya Sabha,Madhya Pradesh,Sitting Rajya Sabha,,,SIRMOUR,Dihiya,Normal/Others,"WS/MP105/2023-2024/13815 - Construction of roads, approach roads, link roads and pathways",DISTRICT COLLECTOR REWA_IDA,2023-08-28,Approved by IDA,399000,Sanctioned
MPLADS-049333,Shri Rajmani Patel,Rajya Sabha,Madhya Pradesh,Sitting Rajya Sabha,,,GANGEV,Madari,Normal/Others,NA - Installing hand pumps,DISTRICT COLLECTOR REWA_IDA,2023-08-28,Action Pending,98000,Unsanctioned
MPLADS-049334,Shri Rajmani Patel,Rajya Sabha,Madhya Pradesh,Sitting Rajya Sabha,Sirmaur,ward number 6,,,Normal/Others,WS/MP105/2023-2024/13846 - Construction of public libraries and reading rooms,DISTRICT COLLECTOR REWA_IDA,2023-08-28,Approved by IDA,399000,Sanctioned
MPLADS-049335,Shri Rajmani Patel,Rajya Sabha,Madhya Pradesh,Sitting Rajya Sabha,,,JAWA,Barauli,Normal/Others,NA - Providing drains and gutters for public drainage,DISTRICT COLLECTOR REWA_IDA,2023-08-28,Action Pending,399000,Unsanctioned
MPLADS-049336,Shri Rajmani Patel,Rajya Sabha,Madhya Pradesh,Sitting Rajya Sabha,,,JAWA,Kasiyari,Normal/Others,NA - Providing drains and gutters for public drainage,DISTRICT COLLECTOR REWA_IDA,2023-08-28,Action Pending,199000,Unsanctioned
MPLADS-049337,Shri Rajmani Patel,Rajya Sabha,Madhya Pradesh,Sitting Rajya Sabha,,,JAWA,Kasiyari,Normal/Others,NA - Providing drains and gutters for public drainage,DISTRICT COLLECTOR REWA_IDA,2023-08-28,Action Pending,199000,Unsanctioned
MPLADS-049338,Shri Rajmani Patel,Rajya Sabha,Madhya Pradesh,Sitting Rajya Sabha,,,JAWA,Patehara,Normal/Others,NA - Construction of boundary walls of existing public and community buildings,DISTRICT COLLECTOR REWA_IDA,2023-08-28,Action Pending,299000,Unsanctioned
MPLADS-049341,Shri Rajmani Patel,Rajya Sabha,Madhya Pradesh,Sitting Rajya Sabha,,,PRABHAT PATTAN,Pabal,Normal/Others,WS/MP105/2023-2024/13874 - Construction of buildings for community cultural activities,DISTRICT COLLECTOR BETUL_IDA,2023-08-28,Approved by IDA,299000,Unsanctioned
MPLADS-049362,Shri Rajmani Patel,Rajya Sabha,Madhya Pradesh,Sitting Rajya Sabha,,,MULTAI,Deori,Normal/Others,WS/MP105/2023-2024/13867 - Construction of culverts and bridges,DISTRICT COLLECTOR BETUL_IDA,2023-08-28,Approved by IDA,399000,Unsanctioned
MPLADS-049363,Shri Rajmani Patel,Rajya Sabha,Madhya Pradesh,Sitting Rajya Sabha,,,JAWA,Gauhana,Normal/Others,WS/MP105/2023-2024/13730 - Installing hand pumps,DISTRICT COLLECTOR REWA_IDA,2023-08-28,Approved by IDA,111000,Sanctioned
MPLADS-049364,Shri Rajmani Patel,Rajya Sabha,Madhya Pradesh,Sitting Rajya Sabha,,,PRABHAT PATTAN,Amrawati,Normal/Others,WS/MP105/2023-2024/13876 - Construction of buildings for community cultural activities,DISTRICT COLLECTOR BETUL_IDA,2023-08-28,Approved by IDA,299000,Unsanctioned
MPLADS-049365,Gyaneshwar Patil,Lok Sabha,Madhya Pradesh,KHANDWA,Punasa,Ward-07,,,Normal/Others,NA - Lighting of public spaces,DISTRICT COLLECTOR EAST NIMAR_IDA,2023-08-28,Action Pending,485000,Unsanctioned
MPLADS-049367,Gajendra Singh Patel,Lok Sabha,Madhya Pradesh,KHARGONE(ST),Kasrawad,WARD 05,,,Normal/Others,NA - Construction of additional rooms and halls in the existing public and community building,DISTRICT COLLECTOR KHARGONE_IDA,2023-08-28,Action Pending,500000,Unsanctioned
MPLADS-049368,Vivek Narayan Shejwalkar,Lok Sabha,Madhya Pradesh,GWALIOR,Gwalior,50,,,Normal/Others,NA - Construction of community centers and community halls,DISTRICT COLLECTOR GWALIOR_IDA,2023-08-28,Action Pending,2000000,Unsanctioned
MPLADS-049369,Vivek Narayan Shejwalkar,Lok Sabha,Madhya Pradesh,GWALIOR,Gwalior,18,,,Normal/Others,"NA - Construction of roads, link roads, pathways or any other road with or without drainage system",DISTRICT COLLECTOR GWALIOR_IDA,2023-08-28,Action Pending,1161457,Unsanctioned
MPLADS-049370,Gyaneshwar Patil,Lok Sabha,Madhya Pradesh,KHANDWA,Punasa,Ward-14,,,Normal/Others,NA - Lighting of public spaces,DISTRICT COLLECTOR EAST NIMAR_IDA,2023-08-28,Action Pending,485000,Unsanctioned
MPLADS-049371,Gyaneshwar Patil,Lok Sabha,Madhya Pradesh,KHANDWA,Punasa,Ward-01,,,Normal/Others,NA - Lighting of public spaces,DISTRICT COLLECTOR EAST NIMAR_IDA,2023-08-28,Action Pending,485000,Unsanctioned
MPLADS-049372,Gyaneshwar Patil,Lok Sabha,Madhya Pradesh,KHANDWA,Burhanpur,Ward-,,,Normal/Others,NA - Lighting of public spaces,District Collector Burhanpur_IDA,2023-08-28,Action Pending,970000,Unsanctioned
MPLADS-049373,Gyaneshwar Patil,Lok Sabha,Madhya Pradesh,KHANDWA,Burhanpur,Ward-,,,Normal/Others,NA - Lighting of public spaces,District Collector Burhanpur_IDA,2023-08-28,Action Pending,1455000,Unsanctioned
MPLADS-049374,Gyaneshwar Patil,Lok Sabha,Madhya Pradesh,KHANDWA,Punasa,Ward-01,,,Normal/Others,NA - Lighting of public spaces,DISTRICT COLLECTOR EAST NIMAR_IDA,2023-08-28,Action Pending,485000,Unsanctioned
MPLADS-049375,Shri Rajmani Patel,Rajya Sabha,Madhya Pradesh,Sitting Rajya Sabha,Raisen,"ward number-2, badi",,,Normal/Others,NA - Construction of additional rooms and halls in the existing public and community building,DISTRICT COLLECTOR RAISEN_IDA,2023-08-28,Action Pending,299000,Unsanctioned
MPLADS-049377,Shri Rajmani Patel,Rajya Sabha,Madhya Pradesh,Sitting Rajya Sabha,,,JAWA,Jawa,Normal/Others,"NA - Purchase of IT systems, including hardware and software for educational purposes",DISTRICT COLLECTOR REWA_IDA,2023-08-28,Action Pending,199000,Unsanctioned
MPLADS-049378,Shri Vivek K Tankha,Rajya Sabha,Madhya Pradesh,Sitting Rajya Sabha,,,PATAN,Chhituraha,Normal/Others,"WS/MP106/2023-2024/13912 - Construction of roads, link roads, pathways or any other road with or without drainage system",DISTRICT COLLECTOR JABALPUR_IDA,2023-08-28,Approved by IDA,250000,Sanctioned
MPLADS-049379,Shri Rajmani Patel,Rajya Sabha,Madhya Pradesh,Sitting Rajya Sabha,,,CHHATARPUR,Malpura,Normal/Others,NA - Construction of community centers and community halls,District Collector Chhatarpur_IDA,2023-08-28,Rejected by IDA,499000,Unsanctioned
MPLADS-049380,Shri Rajmani Patel,Rajya Sabha,Madhya Pradesh,Sitting Rajya Sabha,,,GANGEV,Amaha,Normal/Others,"WS/MP105/2023-2024/13914 - Construction of roads, approach roads, link roads and pathways",DISTRICT COLLECTOR REWA_IDA,2023-08-28,Approved by IDA,499000,Sanctioned
MPLADS-049381,Shri Rajmani Patel,Rajya Sabha,Madhya Pradesh,Sitting Rajya Sabha,,,SIRMOUR,Jamu,Normal/Others,"WS/MP105/2023-2024/13921 - Construction of roads, approach roads, link roads and pathways",DISTRICT COLLECTOR REWA_IDA,2023-08-28,Approved by IDA,499000,Unsanctioned
MPLADS-049382,Shri Rajmani Patel,Rajya Sabha,Madhya Pradesh,Sitting Rajya Sabha,,,SIRMOUR,Badaraotiwariyan,Normal/Others,"NA - Construction of roads, approach roads, link roads and pathways",DISTRICT COLLECTOR REWA_IDA,2023-08-28,Action Pending,299000,Unsanctioned
MPLADS-049383,Shri Rajmani Patel,Rajya Sabha,Madhya Pradesh,Sitting Rajya Sabha,,,JAWA,Gauhana,Normal/Others,WS/MP105/2023-2024/13958 - Construction of culverts and bridges,DISTRICT COLLECTOR REWA_IDA,2023-08-28,Approved by IDA,300000,Sanctioned
MPLADS-049387,Gyaneshwar Patil,Lok Sabha,Madhya Pradesh,KHANDWA,Punasa,Ward-01,,,Normal/Others,NA - Lighting of public spaces,DISTRICT COLLECTOR EAST NIMAR_IDA,2023-08-28,Action Pending,485000,Unsanctioned
MPLADS-049424,Shri Sudheer Gupta ,Lok Sabha,Madhya Pradesh,MANDSOUR,Mandsaur,12,,,Normal/Others,NA - Construction of footpaths and pedestrian ways,DISTRICT COLLECTOR MANDSAUR_IDA,2023-08-27,Action Pending,100000,Unsanctioned
MPLADS-049455,Shri Rajmani Patel,Rajya Sabha,Madhya Pradesh,Sitting Rajya Sabha,,,JAWA,Panwar Khurd,Normal/Others,"NA - Purchase of smart boards, visual display units and projectors",DISTRICT COLLECTOR REWA_IDA,2023-08-27,Action Pending,1000000,Unsanctioned
MPLADS-049518,Shri Sudheer Gupta ,Lok Sabha,Madhya Pradesh,MANDSOUR,Neemuch,2,,,Normal/Others,NA - Purchase of books and periodicals for libraries,District Collector Neemuch_IDA,2023-08-26,Action Pending,50000,Unsanctioned
MPLADS-049519,Shri Sudheer Gupta ,Lok Sabha,Madhya Pradesh,MANDSOUR,Singoli,6,,,Normal/Others,NA - Purchase of books and periodicals for libraries,District Collector Neemuch_IDA,2023-08-26,Action Pending,100000,Unsanctioned
MPLADS-049520,Shri Sudheer Gupta ,Lok Sabha,Madhya Pradesh,MANDSOUR,Rampura,3,,,Normal/Others,NA - Purchase of books and periodicals for libraries,District Collector Neemuch_IDA,2023-08-26,Action Pending,100000,Unsanctioned
MPLADS-049521,Shri Sudheer Gupta ,Lok Sabha,Madhya Pradesh,MANDSOUR,Neemuch,5,,,Normal/Others,NA - Purchase of books and periodicals for libraries,District Collector Neemuch_IDA,2023-08-26,Action Pending,100000,Unsanctioned
MPLADS-049522,Shri Sudheer Gupta ,Lok Sabha,Madhya Pradesh,MANDSOUR,Neemuch,3,,,Normal/Others,NA - Purchase of books and periodicals for libraries,District Collector Neemuch_IDA,2023-08-26,Action Pending,100000,Unsanctioned
MPLADS-049523,Shri Sudheer Gupta ,Lok Sabha,Madhya Pradesh,MANDSOUR,Manasa,2,,,Normal/Others,NA - Purchase of books and periodicals for libraries,District Collector Neemuch_IDA,2023-08-26,Action Pending,100000,Unsanctioned
MPLADS-049524,Shri Sudheer Gupta ,Lok Sabha,Madhya Pradesh,MANDSOUR,Jawad,1,,,Normal/Others,NA - Purchase of books and periodicals for libraries,District Collector Neemuch_IDA,2023-08-26,Action Pending,100000,Unsanctioned
MPLADS-049525,Shri Sudheer Gupta ,Lok Sabha,Madhya Pradesh,MANDSOUR,Ratangarh,1,,,Normal/Others,NA - Purchase of books and periodicals for libraries,District Collector Neemuch_IDA,2023-08-26,Action Pending,50000,Unsanctioned
MPLADS-049526,Shri Sudheer Gupta ,Lok Sabha,Madhya Pradesh,MANDSOUR,Jiran,1,,,Normal/Others,NA - Purchase of books and periodicals for libraries,District Collector Neemuch_IDA,2023-08-26,Action Pending,25000,Unsanctioned
MPLADS-049527,Shri Sudheer Gupta ,Lok Sabha,Madhya Pradesh,MANDSOUR,Rampura,1,,,Normal/Others,NA - Purchase of books and periodicals for libraries,District Collector Neemuch_IDA,2023-08-26,Action Pending,25000,Unsanctioned
MPLADS-049528,Shri Sudheer Gupta ,Lok Sabha,Madhya Pradesh,MANDSOUR,Diken,6,,,Normal/Others,NA - Purchase of books and periodicals for libraries,District Collector Neemuch_IDA,2023-08-26,Action Pending,25000,Unsanctioned
MPLADS-049544,Shri Rajmani Patel,Rajya Sabha,Madhya Pradesh,Sitting Rajya Sabha,,,Birsa,Dadkasa,Normal/Others,NA - Construction of culverts and bridges,DISTRICT COLLECTOR BALAGHAT_IDA,2023-08-26,Action Pending,1000000,Unsanctioned
MPLADS-049546,Shri Rajmani Patel,Rajya Sabha,Madhya Pradesh,Sitting Rajya Sabha,Sirmaur,ward no. 7,,,Normal/Others,NA - Improvement of electricity distribution infrastructure,DISTRICT COLLECTOR REWA_IDA,2023-08-26,Action Pending,239000,Unsanctioned
MPLADS-049547,Shri Rajmani Patel,Rajya Sabha,Madhya Pradesh,Sitting Rajya Sabha,Rewa,ward no. 10,,,Normal/Others,NA - Improvement of electricity distribution infrastructure,DISTRICT COLLECTOR REWA_IDA,2023-08-26,Action Pending,125000,Unsanctioned
MPLADS-049548,Shri Rajmani Patel,Rajya Sabha,Madhya Pradesh,Sitting Rajya Sabha,,,Sirmour,Akauri (Kothari) 1,Normal/Others,NA - Setting up of electric vehicle charging stations,DISTRICT COLLECTOR REWA_IDA,2023-08-26,Action Pending,51000,Unsanctioned
MPLADS-049549,Shri Rajmani Patel,Rajya Sabha,Madhya Pradesh,Sitting Rajya Sabha,,,Sirmour,Purwa,Normal/Others,NA - Setting up of electric vehicle charging stations,DISTRICT COLLECTOR REWA_IDA,2023-08-26,Action Pending,29000,Unsanctioned
MPLADS-049550,Shri Rajmani Patel,Rajya Sabha,Madhya Pradesh,Sitting Rajya Sabha,,,JAWA,Jawa,Normal/Others,NA - Installing hand pumps,DISTRICT COLLECTOR REWA_IDA,2023-08-26,Action Pending,26000,Unsanctioned
MPLADS-049551,Shri Rajmani Patel,Rajya Sabha,Madhya Pradesh,Sitting Rajya Sabha,,,JAWA,Dodau,Normal/Others,NA - Common work sheds for artisans,DISTRICT COLLECTOR REWA_IDA,2023-08-26,Action Pending,250000,Unsanctioned
MPLADS-049552,Shri Rajmani Patel,Rajya Sabha,Madhya Pradesh,Sitting Rajya Sabha,,,RAIPUR KARCHULIYAN,Padariya,Normal/Others,"NA - Construction of roads, approach roads, link roads and pathways",DISTRICT COLLECTOR REWA_IDA,2023-08-26,Action Pending,745000,Unsanctioned
MPLADS-049554,Shri Rajmani Patel,Rajya Sabha,Madhya Pradesh,Sitting Rajya Sabha,,,JAWA,Jawa,Normal/Others,"NA - Construction of roads, approach roads, link roads and pathways",DISTRICT COLLECTOR REWA_IDA,2023-08-26,Action Pending,250000,Unsanctioned
MPLADS-049555,Shri Rajmani Patel,Rajya Sabha,Madhya Pradesh,Sitting Rajya Sabha,,,NAIGARHI,Tikat,Normal/Others,NA - Improvement of electricity distribution infrastructure,DISTRICT COLLECTOR REWA_IDA,2023-08-26,Action Pending,163000,Unsanctioned
MPLADS-049556,Shri Rajmani Patel,Rajya Sabha,Madhya Pradesh,Sitting Rajya Sabha,Rewa,ward number 08,,,Normal/Others,NA - Improvement of electricity distribution infrastructure,DISTRICT COLLECTOR REWA_IDA,2023-08-26,Action Pending,40000,Unsanctioned
MPLADS-049560,Shri Rajmani Patel,Rajya Sabha,Madhya Pradesh,Sitting Rajya Sabha,,,SIRMOUR,Dol,Normal/Others,"NA - Construction of roads, approach roads, link roads and pathways",DISTRICT COLLECTOR REWA_IDA,2023-08-26,Action Pending,150000,Unsanctioned
MPLADS-049561,Shri Rajmani Patel,Rajya Sabha,Madhya Pradesh,Sitting Rajya Sabha,,,SIRMOUR,Tilkhan,Normal/Others,"NA - Construction of roads, approach roads, link roads and pathways",DISTRICT COLLECTOR REWA_IDA,2023-08-26,Action Pending,200000,Unsanctioned
MPLADS-049562,Shri Rajmani Patel,Rajya Sabha,Madhya Pradesh,Sitting Rajya Sabha,,,JAWA,Itama,Normal/Others,"NA - Construction of roads, approach roads, link roads and pathways",DISTRICT COLLECTOR REWA_IDA,2023-08-26,Action Pending,350000,Unsanctioned
MPLADS-049563,Shri Rajmani Patel,Rajya Sabha,Madhya Pradesh,Sitting Rajya Sabha,Rewa,ward no 10,,,Normal/Others,NA - Improvement of electricity distribution infrastructure,DISTRICT COLLECTOR REWA_IDA,2023-08-26,Action Pending,76000,Unsanctioned
MPLADS-049564,Shri Rajmani Patel,Rajya Sabha,Madhya Pradesh,Sitting Rajya Sabha,Maihar,ward no. 5,,,Normal/Others,NA - Improvement of electricity distribution infrastructure,DISTRICT COLLECTOR SATNA_IDA,2023-08-26,Action Pending,177000,Unsanctioned
MPLADS-049565,Shri Rajmani Patel,Rajya Sabha,Madhya Pradesh,Sitting Rajya Sabha,,,GANGEV,Sirkhini,Normal/Others,NA - Improvement of electricity distribution infrastructure,DISTRICT COLLECTOR REWA_IDA,2023-08-26,Action Pending,194000,Unsanctioned
MPLADS-049568,Shri Rajmani Patel,Rajya Sabha,Madhya Pradesh,Sitting Rajya Sabha,,,GANGEV,Rampur,Normal/Others,"NA - Construction of roads, approach roads, link roads and pathways",DISTRICT COLLECTOR REWA_IDA,2023-08-26,Action Pending,250000,Unsanctioned
MPLADS-049569,Shri Rajmani Patel,Rajya Sabha,Madhya Pradesh,Sitting Rajya Sabha,,,JAWA,Bhitauha,Normal/Others,NA - Improvement of electricity distribution infrastructure,DISTRICT COLLECTOR REWA_IDA,2023-08-26,Action Pending,121000,Unsanctioned
MPLADS-049570,Shri Rajmani Patel,Rajya Sabha,Madhya Pradesh,Sitting Rajya Sabha,,,SIRMOUR,Surwar,Normal/Others,NA - Improvement of electricity distribution infrastructure,DISTRICT COLLECTOR REWA_IDA,2023-08-26,Action Pending,158000,Unsanctioned
MPLADS-049571,Shri Rajmani Patel,Rajya Sabha,Madhya Pradesh,Sitting Rajya Sabha,,,NAIGARHI,Deorihangaon,Normal/Others,NA - Improvement of electricity distribution infrastructure,DISTRICT COLLECTOR REWA_IDA,2023-08-26,Action Pending,136000,Unsanctioned
MPLADS-049573,Shri Rajmani Patel,Rajya Sabha,Madhya Pradesh,Sitting Rajya Sabha,,,JAWA,Puranikpurwa,Normal/Others,NA - Providing drains and gutters for public drainage,DISTRICT COLLECTOR REWA_IDA,2023-08-26,Action Pending,150000,Unsanctioned
MPLADS-049574,Shri Rajmani Patel,Rajya Sabha,Madhya Pradesh,Sitting Rajya Sabha,,,JAWA,Puranikpurwa,Normal/Others,NA - Providing drains and gutters for public drainage,DISTRICT COLLECTOR REWA_IDA,2023-08-26,Action Pending,150000,Unsanctioned
MPLADS-049575,Shri Rajmani Patel,Rajya Sabha,Madhya Pradesh,Sitting Rajya Sabha,,,JAWA,Nastgawan(280),Normal/Others,"WS/MP105/2023-2024/13330 - Construction of roads, approach roads, link roads and pathways",DISTRICT COLLECTOR REWA_IDA,2023-08-26,Approved by IDA,250000,Sanctioned
MPLADS-049576,Shri Rajmani Patel,Rajya Sabha,Madhya Pradesh,Sitting Rajya Sabha,,,JAWA,Champagarh,Normal/Others,"NA - Construction of roads, approach roads, link roads and pathways",DISTRICT COLLECTOR REWA_IDA,2023-08-26,Action Pending,300000,Unsanctioned
MPLADS-049578,Shri Rajmani Patel,Rajya Sabha,Madhya Pradesh,Sitting Rajya Sabha,,,JAWA,Silaha,Normal/Others,NA - Construction of boundary walls of existing public and community buildings,DISTRICT COLLECTOR REWA_IDA,2023-08-26,Action Pending,200000,Unsanctioned
MPLADS-049585,Shri Rajmani Patel,Rajya Sabha,Madhya Pradesh,Sitting Rajya Sabha,Mangawan,ward number 09,,,Normal/Others,NA - Common work sheds for artisans,DISTRICT COLLECTOR REWA_IDA,2023-08-26,Action Pending,250000,Unsanctioned
MPLADS-049686,Shri Sudheer Gupta ,Lok Sabha,Madhya Pradesh,MANDSOUR,Rampura,ward 12,,,Normal/Others,NA - Installation of multi-gym equipment,District Collector Neemuch_IDA,2023-08-25,Action Pending,100000,Unsanctioned
MPLADS-049789,SHRI Digvijay Singh,Rajya Sabha,Madhya Pradesh,Sitting Rajya Sabha,,,CHANDERI,Pranpur,Normal/Others,NA - Development of playground,DISTRICT COLLECTOR ASHOKNAGAR_IDA,2023-08-24,Action Pending,500000,Unsanctioned
MPLADS-049932,SHRI Digvijay Singh,Rajya Sabha,Madhya Pradesh,Sitting Rajya Sabha,Chanderi,Ward No.11,,,Normal/Others,NA - Construction of buildings for community cultural activities,DISTRICT COLLECTOR ASHOKNAGAR_IDA,2023-08-24,Action Pending,500000,Unsanctioned
MPLADS-050050,SHRI Digvijay Singh,Rajya Sabha,Madhya Pradesh,Sitting Rajya Sabha,Aron,Ward No. 4,,,Normal/Others,NA - Construction of buildings for community cultural activities,District Collector Guna_IDA,2023-08-23,Action Pending,800000,Unsanctioned
MPLADS-050051,SHRI Digvijay Singh,Rajya Sabha,Madhya Pradesh,Sitting Rajya Sabha,,,RAGHOGARH,Bhulay,Normal/Others,NA - Construction of public irrigation facilities,District Collector Guna_IDA,2023-08-23,Action Pending,1500000,Unsanctioned
MPLADS-050052,SHRI Digvijay Singh,Rajya Sabha,Madhya Pradesh,Sitting Rajya Sabha,,,RAGHOGARH,Gawari,Normal/Others,NA - Construction of culverts and bridges,District Collector Guna_IDA,2023-08-23,Action Pending,700000,Unsanctioned
MPLADS-050070,SHRI Digvijay Singh,Rajya Sabha,Madhya Pradesh,Sitting Rajya Sabha,,,ARON,Banskhedi,Normal/Others,"NA - Construction of roads, link roads, pathways or any other road with or without drainage system",District Collector Guna_IDA,2023-08-23,Action Pending,400000,Unsanctioned
MPLADS-050071,SHRI Digvijay Singh,Rajya Sabha,Madhya Pradesh,Sitting Rajya Sabha,,,ARON,Rijoda,Normal/Others,NA - Construction of public irrigation facilities,District Collector Guna_IDA,2023-08-23,Action Pending,600000,Unsanctioned
MPLADS-050072,Shri Vivek K Tankha,Rajya Sabha,Madhya Pradesh,Sitting Rajya Sabha,,,JOURA,Kakardha,Normal/Others,"NA - Construction of roads, link roads, pathways or any other road with or without drainage system",DISTRICT COLLECTOR MORENA_IDA,2023-08-23,Action Pending,500000,Unsanctioned
MPLADS-050073,SHRI Digvijay Singh,Rajya Sabha,Madhya Pradesh,Sitting Rajya Sabha,Aron,Ward No. 6,,,Normal/Others,NA - Construction of additional rooms and halls in the existing public and community building,District Collector Guna_IDA,2023-08-23,Action Pending,200000,Unsanctioned
MPLADS-050074,SHRI Digvijay Singh,Rajya Sabha,Madhya Pradesh,Sitting Rajya Sabha,Rajgarh,Ward No.5,,,Normal/Others,WS/MP232/2023-2024/12632 - Construction of boundary walls of existing public and community buildings,DISTRICT COLLECTOR RAJGARH_IDA,2023-08-23,Approved by IDA,500000,Sanctioned
MPLADS-050075,SHRI Digvijay Singh,Rajya Sabha,Madhya Pradesh,Sitting Rajya Sabha,NIWAS,Ward No.3,,,Normal/Others,NA - Construction of buildings for community cultural activities,DISTRICT COLLECTOR MANDLA_IDA,2023-08-23,Action Pending,800000,Unsanctioned
MPLADS-050076,SHRI Digvijay Singh,Rajya Sabha,Madhya Pradesh,Sitting Rajya Sabha,,,MORENA,Mehtoli,Normal/Others,NA - Construction of buildings for community cultural activities,DISTRICT COLLECTOR MORENA_IDA,2023-08-23,Action Pending,500000,Unsanctioned
MPLADS-050077,SHRI Digvijay Singh,Rajya Sabha,Madhya Pradesh,Sitting Rajya Sabha,,,NOWGONG,Bodi,Normal/Others,"NA - Construction of roads, approach roads, link roads and pathways",District Collector Chhatarpur_IDA,2023-08-23,Action Pending,250000,Unsanctioned
MPLADS-050078,SHRI Digvijay Singh,Rajya Sabha,Madhya Pradesh,Sitting Rajya Sabha,,,NOWGONG,Matodha Besan,Normal/Others,NA - Construction of buildings for community cultural activities,District Collector Chhatarpur_IDA,2023-08-23,Action Pending,250000,Unsanctioned
MPLADS-050079,SHRI Digvijay Singh,Rajya Sabha,Madhya Pradesh,Sitting Rajya Sabha,Ujjain,Ward No. 33,,,Normal/Others,NA - Construction of buildings for community cultural activities,DISTRICT COLLECTOR UJJAIN_IDA,2023-08-23,Action Pending,400000,Unsanctioned
MPLADS-050080,SHRI Digvijay Singh,Rajya Sabha,Madhya Pradesh,Sitting Rajya Sabha,Ujjain,Ward No. 12,,,Normal/Others,NA - Construction of buildings for community cultural activities,DISTRICT COLLECTOR UJJAIN_IDA,2023-08-23,Action Pending,400000,Unsanctioned
MPLADS-050081,SHRI Digvijay Singh,Rajya Sabha,Madhya Pradesh,Sitting Rajya Sabha,,,BARGHAT,Khunt,Normal/Others,NA - Construction of additional rooms and halls in the existing public and community building,District Collector Seoni_IDA,2023-08-23,Action Pending,800000,Unsanctioned
MPLADS-050082,SHRI Digvijay Singh,Rajya Sabha,Madhya Pradesh,Sitting Rajya Sabha,,,RAGHOGARH,Bairwas,Normal/Others,"NA - Construction of roads, approach roads, link roads and pathways",District Collector Guna_IDA,2023-08-23,Action Pending,300000,Unsanctioned
MPLADS-050083,SHRI Digvijay Singh,Rajya Sabha,Madhya Pradesh,Sitting Rajya Sabha,Aron,Ward No. 15,,,Normal/Others,NA - Construction of additional rooms and halls in the existing public and community building,District Collector Guna_IDA,2023-08-23,Action Pending,200000,Unsanctioned
MPLADS-050084,SHRI Digvijay Singh,Rajya Sabha,Madhya Pradesh,Sitting Rajya Sabha,Aron,Ward No. 1,,,Normal/Others,NA - Construction of additional rooms and halls in the existing public and community building,District Collector Guna_IDA,2023-08-23,Action Pending,200000,Unsanctioned
MPLADS-050085,SHRI Digvijay Singh,Rajya Sabha,Madhya Pradesh,Sitting Rajya Sabha,,,ARON,Shohrok,Normal/Others,NA - Installing tube-wells and borewells,District Collector Guna_IDA,2023-08-23,Action Pending,200000,Unsanctioned
MPLADS-050086,SHRI Digvijay Singh,Rajya Sabha,Madhya Pradesh,Sitting Rajya Sabha,,,ARON,Kakarua,Normal/Others,NA - Construction of culverts and bridges,District Collector Guna_IDA,2023-08-23,Action Pending,400000,Unsanctioned
MPLADS-050087,SHRI Digvijay Singh,Rajya Sabha,Madhya Pradesh,Sitting Rajya Sabha,,,ARON,Sungayai,Normal/Others,NA - Construction of culverts and bridges,District Collector Guna_IDA,2023-08-23,Action Pending,300000,Unsanctioned
MPLADS-050088,SHRI Digvijay Singh,Rajya Sabha,Madhya Pradesh,Sitting Rajya Sabha,,,ARON,Chopana,Normal/Others,NA - Construction of culverts and bridges,District Collector Guna_IDA,2023-08-23,Action Pending,400000,Unsanctioned
MPLADS-050089,SHRI Digvijay Singh,Rajya Sabha,Madhya Pradesh,Sitting Rajya Sabha,,,ARON,Barod,Normal/Others,"NA - Construction of roads, approach roads, link roads and pathways",District Collector Guna_IDA,2023-08-23,Action Pending,400000,Unsanctioned
MPLADS-050090,SHRI Digvijay Singh,Rajya Sabha,Madhya Pradesh,Sitting Rajya Sabha,,,RAGHOGARH,Motipur,Normal/Others,NA - Construction of rooms and halls in school and colleges,District Collector Guna_IDA,2023-08-23,Action Pending,400000,Unsanctioned
MPLADS-050091,SHRI Digvijay Singh,Rajya Sabha,Madhya Pradesh,Sitting Rajya Sabha,,,ARON,Tighhra Chanch,Normal/Others,NA - Construction of culverts and bridges,District Collector Guna_IDA,2023-08-23,Action Pending,500000,Unsanctioned
MPLADS-050092,SHRI Digvijay Singh,Rajya Sabha,Madhya Pradesh,Sitting Rajya Sabha,,,RAGHOGARH,Bhagwanpura,Normal/Others,"NA - Construction of roads, approach roads, link roads and pathways",District Collector Guna_IDA,2023-08-23,Action Pending,500000,Unsanctioned
MPLADS-050099,Vivek Narayan Shejwalkar,Lok Sabha,Madhya Pradesh,GWALIOR,Gwalior,56,,,Normal/Others,WS/MP652/2023-2024/12384 - Purchase of hospital equipment,DISTRICT COLLECTOR GWALIOR_IDA,2023-08-23,Approved by IDA,2500000,Unsanctioned
MPLADS-050100,Vivek Narayan Shejwalkar,Lok Sabha,Madhya Pradesh,GWALIOR,Gwalior,03,,,Normal/Others,"NA - Construction of rooms and facilities for hospitals, FWC , PHC Centers and ANM centers",DISTRICT COLLECTOR GWALIOR_IDA,2023-08-23,Rejected by IDA,427160,Unsanctioned
MPLADS-050101,Vivek Narayan Shejwalkar,Lok Sabha,Madhya Pradesh,GWALIOR,Gwalior,50,,,Normal/Others,WS/MP652/2023-2024/12509 - Construction of rooms and halls in school and colleges,DISTRICT COLLECTOR GWALIOR_IDA,2023-08-23,Approved by IDA,1600000,Unsanctioned
MPLADS-050742,SHRI Digvijay Singh,Rajya Sabha,Madhya Pradesh,Sitting Rajya Sabha,,,ARON,Kasba-Madhi,Normal/Others,NA - Providing drains and gutters for public drainage,District Collector Guna_IDA,2023-08-21,Action Pending,400000,Unsanctioned
MPLADS-050743,SHRI Digvijay Singh,Rajya Sabha,Madhya Pradesh,Sitting Rajya Sabha,,,ARON,Rusalli Kalan,Normal/Others,NA - Construction of culverts and bridges,District Collector Guna_IDA,2023-08-21,Action Pending,400000,Unsanctioned
MPLADS-050744,SHRI Digvijay Singh,Rajya Sabha,Madhya Pradesh,Sitting Rajya Sabha,,,GUNA,Jamra,Normal/Others,NA - Construction of culverts and bridges,District Collector Guna_IDA,2023-08-21,Action Pending,400000,Unsanctioned
MPLADS-050745,SHRI Digvijay Singh,Rajya Sabha,Madhya Pradesh,Sitting Rajya Sabha,,,RAGHOGARH,Budhauriya,Normal/Others,NA - Construction of culverts and bridges,District Collector Guna_IDA,2023-08-21,Action Pending,700000,Unsanctioned
MPLADS-050746,SHRI. Jyotiraditya M. Scindia,Rajya Sabha,Madhya Pradesh,Sitting Rajya Sabha,Gwalior,"57, 58",,,Normal/Others,NA - Development of public parks,DISTRICT COLLECTOR GWALIOR_IDA,2023-08-21,Action Pending,32877000,Unsanctioned
MPLADS-050760,SHRI Digvijay Singh,Rajya Sabha,Madhya Pradesh,Sitting Rajya Sabha,,,ARON,Devri,Normal/Others,"NA - Construction of roads, link roads, pathways or any other road with or without drainage system",District Collector Guna_IDA,2023-08-21,Action Pending,400000,Unsanctioned
MPLADS-051061,Vivek Narayan Shejwalkar,Lok Sabha,Madhya Pradesh,GWALIOR,Gwalior,59,,,Normal/Others,NA - Construction of rooms and halls in school and colleges,DISTRICT COLLECTOR GWALIOR_IDA,2023-08-19,Action Pending,2500000,Unsanctioned
MPLADS-051125,Vivek Narayan Shejwalkar,Lok Sabha,Madhya Pradesh,GWALIOR,Gwalior,60,,,Normal/Others,NA - Construction of buildings for community cultural activities,DISTRICT COLLECTOR GWALIOR_IDA,2023-08-19,Action Pending,1400000,Unsanctioned
MPLADS-051450,Shankar Lalwani,Lok Sabha,Madhya Pradesh,INDORE,,,DEPALPUR,Banedia,Normal/Others,WS/MP650/2023-2024/10563 - Providing garbage collection and disposal systems,DISTRICT COLLECTOR INDORE_IDA,2023-08-17,Approved by IDA,1095000,Sanctioned
MPLADS-051451,Shankar Lalwani,Lok Sabha,Madhya Pradesh,INDORE,,,INDORE,Khatipiplya,Normal/Others,WS/MP650/2023-2024/10564 - Providing garbage collection and disposal systems,DISTRICT COLLECTOR INDORE_IDA,2023-08-17,Approved by IDA,1095000,Sanctioned
MPLADS-051452,Shankar Lalwani,Lok Sabha,Madhya Pradesh,INDORE,,,INDORE,Kalod Hala,Normal/Others,"WS/MP650/2023-2024/10616 - Construction of roads, approach roads, link roads and pathways",DISTRICT COLLECTOR INDORE_IDA,2023-08-17,Approved by IDA,250000,Sanctioned
MPLADS-051519,SHRI Digvijay Singh,Rajya Sabha,Madhya Pradesh,Sitting Rajya Sabha,Rajgarh,Ward No. 14,,,Normal/Others,WS/MP232/2023-2024/10542 - Construction of buildings for community cultural activities,DISTRICT COLLECTOR RAJGARH_IDA,2023-08-17,Approved by IDA,500000,Sanctioned
MPLADS-051586,Shri Vivek K Tankha,Rajya Sabha,Madhya Pradesh,Sitting Rajya Sabha,Harda,Harda,,,Normal/Others,NA - Construction of toilet blocks,District Collector Harda_IDA,2023-08-17,Action Pending,100000,Unsanctioned
MPLADS-051596,Shri Vivek K Tankha,Rajya Sabha,Madhya Pradesh,Sitting Rajya Sabha,Harda,Harda,,,Normal/Others,NA - Construction of additional rooms and halls in the existing public and community building,District Collector Harda_IDA,2023-08-17,Action Pending,100000,Unsanctioned
MPLADS-051597,Shri Vivek K Tankha,Rajya Sabha,Madhya Pradesh,Sitting Rajya Sabha,Harda,Harda,,,Normal/Others,NA - Construction of additional rooms and halls in the existing public and community building,District Collector Harda_IDA,2023-08-17,Action Pending,100000,Unsanctioned
MPLADS-051598,Shri Vivek K Tankha,Rajya Sabha,Madhya Pradesh,Sitting Rajya Sabha,Harda,Harda,,,Normal/Others,NA - Common work sheds for artisans,District Collector Harda_IDA,2023-08-17,Action Pending,300000,Unsanctioned
MPLADS-051599,Shri Vivek K Tankha,Rajya Sabha,Madhya Pradesh,Sitting Rajya Sabha,Harda,Harda,,,Normal/Others,NA - Purchase of non-conventional energy system and devices for community use,District Collector Harda_IDA,2023-08-17,Action Pending,300000,Unsanctioned
MPLADS-051600,Shri Vivek K Tankha,Rajya Sabha,Madhya Pradesh,Sitting Rajya Sabha,Harda,Harda,,,Normal/Others,NA - Purchase of books for public libraries,District Collector Harda_IDA,2023-08-17,Action Pending,50000,Unsanctioned
MPLADS-051602,SHRI Digvijay Singh,Rajya Sabha,Madhya Pradesh,Sitting Rajya Sabha,,,PETLAWAD,Temaria,Normal/Others,"WS/MP232/2023-2024/10635 - Construction of roads, link roads, pathways or any other road with or without drainage system",DISTRICT COLLECTOR JHABUA_IDA,2023-08-17,Approved by IDA,500000,Unsanctioned
MPLADS-051603,SHRI Digvijay Singh,Rajya Sabha,Madhya Pradesh,Sitting Rajya Sabha,,,DEPALPUR,Lalendipura,Normal/Others,"WS/MP232/2023-2024/10575 - Construction of roads, approach roads, link roads and pathways",DISTRICT COLLECTOR INDORE_IDA,2023-08-17,Approved by IDA,500000,Unsanctioned
MPLADS-051604,SHRI Digvijay Singh,Rajya Sabha,Madhya Pradesh,Sitting Rajya Sabha,Rajgarh,Ward No. 8,,,Normal/Others,WS/MP232/2023-2024/10545 - Construction of buildings for community cultural activities,DISTRICT COLLECTOR RAJGARH_IDA,2023-08-17,Approved by IDA,500000,Sanctioned
MPLADS-051605,SHRI Digvijay Singh,Rajya Sabha,Madhya Pradesh,Sitting Rajya Sabha,,,SARANGPUR,Bignodipura,Normal/Others,"WS/MP232/2023-2024/10544 - Construction of roads, approach roads, link roads and pathways",DISTRICT COLLECTOR RAJGARH_IDA,2023-08-17,Approved by IDA,500000,Sanctioned
MPLADS-051606,SHRI Digvijay Singh,Rajya Sabha,Madhya Pradesh,Sitting Rajya Sabha,,,KHILCHIPUR,Sikandri,Normal/Others,WS/MP232/2023-2024/10543 - Construction of buildings for community cultural activities,DISTRICT COLLECTOR RAJGARH_IDA,2023-08-17,Approved by IDA,500000,Sanctioned
MPLADS-051608,SHRI Digvijay Singh,Rajya Sabha,Madhya Pradesh,Sitting Rajya Sabha,,,KHILCHIPUR,Pipalia Kalan,Normal/Others,WS/MP232/2023-2024/10541 - Construction of buildings for community cultural activities,DISTRICT COLLECTOR RAJGARH_IDA,2023-08-17,Approved by IDA,500000,Sanctioned
MPLADS-051609,SHRI Digvijay Singh,Rajya Sabha,Madhya Pradesh,Sitting Rajya Sabha,,,DABRA,chck brijpur,Normal/Others,NA - Construction of buildings for community cultural activities,DISTRICT COLLECTOR GWALIOR_IDA,2023-08-17,Action Pending,1000000,Unsanctioned
MPLADS-051846,Shri Vivek K Tankha,Rajya Sabha,Madhya Pradesh,Sitting Rajya Sabha,,,SHUJALPUR,Unchod,Normal/Others,NA - Purchase of mobile water tankers,District Collector Shajapur_IDA,2023-08-16,Action Pending,156733,Unsanctioned
MPLADS-051849,SHRI Digvijay Singh,Rajya Sabha,Madhya Pradesh,Sitting Rajya Sabha,,,MORENA,Jai Nagar,Normal/Others,"NA - Construction of roads, approach roads, link roads and pathways",DISTRICT COLLECTOR MORENA_IDA,2023-08-16,Action Pending,200000,Unsanctioned
MPLADS-051850,SHRI Digvijay Singh,Rajya Sabha,Madhya Pradesh,Sitting Rajya Sabha,,,MORENA,Jai Nagar,Normal/Others,"NA - Construction of roads, approach roads, link roads and pathways",DISTRICT COLLECTOR MORENA_IDA,2023-08-16,Action Pending,200000,Unsanctioned
MPLADS-051851,Shri Vivek K Tankha,Rajya Sabha,Madhya Pradesh,Sitting Rajya Sabha,,,PUSHPRAJGARH,Kirgi,Normal/Others,WS/MP106/2023-2024/10166 - Construction of community centers and community halls,DISTRICT COLLECTOR ANUPPUR_IDA,2023-08-16,Approved by IDA,1000000,Unsanctioned
MPLADS-051852,Shri Vivek K Tankha,Rajya Sabha,Madhya Pradesh,Sitting Rajya Sabha,,,KALAPIPAL,Ganeshpur,Normal/Others,NA - Purchase of mobile water tankers,District Collector Shajapur_IDA,2023-08-16,Action Pending,156733,Unsanctioned
MPLADS-051853,Shri Vivek K Tankha,Rajya Sabha,Madhya Pradesh,Sitting Rajya Sabha,,,KALAPIPAL,Kolwa,Normal/Others,NA - Purchase of mobile water tankers,District Collector Shajapur_IDA,2023-08-16,Action Pending,156733,Unsanctioned
MPLADS-051854,Shri Vivek K Tankha,Rajya Sabha,Madhya Pradesh,Sitting Rajya Sabha,,,KALAPIPAL,Lasudalya Patla,Normal/Others,NA - Purchase of mobile water tankers,District Collector Shajapur_IDA,2023-08-16,Action Pending,156733,Unsanctioned
MPLADS-051855,Shri Vivek K Tankha,Rajya Sabha,Madhya Pradesh,Sitting Rajya Sabha,,,KALAPIPAL,Gadra Khedi,Normal/Others,NA - Purchase of mobile water tankers,District Collector Shajapur_IDA,2023-08-16,Action Pending,156733,Unsanctioned
MPLADS-051857,Shri Vivek K Tankha,Rajya Sabha,Madhya Pradesh,Sitting Rajya Sabha,,,KALAPIPAL,Khardon Khurd,Normal/Others,NA - Purchase of mobile water tankers,District Collector Shajapur_IDA,2023-08-16,Action Pending,156733,Unsanctioned
MPLADS-051897,SHRI Digvijay Singh,Rajya Sabha,Madhya Pradesh,Sitting Rajya Sabha,,,MEHGAON,Dagar,Normal/Others,WS/MP232/2023-2024/10139 - Installing hand pumps,DISTRICT COLLECTOR BHIND_IDA,2023-08-16,Approved by IDA,125000,Sanctioned
MPLADS-051923,SHRI Digvijay Singh,Rajya Sabha,Madhya Pradesh,Sitting Rajya Sabha,,,MORENA,Jai Nagar,Normal/Others,"NA - Construction of roads, approach roads, link roads and pathways",DISTRICT COLLECTOR MORENA_IDA,2023-08-16,Action Pending,200000,Unsanctioned
MPLADS-051925,SHRI Digvijay Singh,Rajya Sabha,Madhya Pradesh,Sitting Rajya Sabha,,,MEHGAON,Dagar,Normal/Others,WS/MP232/2023-2024/10138 - Installing hand pumps,DISTRICT COLLECTOR BHIND_IDA,2023-08-16,Approved by IDA,125000,Sanctioned
MPLADS-052024,SHRI Digvijay Singh,Rajya Sabha,Madhya Pradesh,Sitting Rajya Sabha,,,AGAR,Nipaniya Baijnath,Normal/Others,WS/MP232/2023-2024/10137 - Construction of buildings for community cultural activities,District Collector Agar Malwa_IDA,2023-08-16,Approved by IDA,500000,Sanctioned
MPLADS-052025,SHRI Digvijay Singh,Rajya Sabha,Madhya Pradesh,Sitting Rajya Sabha,Bhopal,Ward No. 24,,,Normal/Others,"NA - Construction of roads, link roads, pathways or any other road with or without drainage system",DISTRICT COLLECTOR BHOPAL_IDA,2023-08-16,Action Pending,500000,Unsanctioned
MPLADS-052026,SHRI Digvijay Singh,Rajya Sabha,Madhya Pradesh,Sitting Rajya Sabha,Bhopal,Ward No. 30,,,Normal/Others,NA - Construction of additional rooms and halls in the existing public and community building,DISTRICT COLLECTOR BHOPAL_IDA,2023-08-16,Action Pending,500000,Unsanctioned
MPLADS-052027,SHRI Digvijay Singh,Rajya Sabha,Madhya Pradesh,Sitting Rajya Sabha,Bhopal,Ward No. 27,,,Normal/Others,NA - Construction of buildings for community cultural activities,DISTRICT COLLECTOR BHOPAL_IDA,2023-08-16,Action Pending,500000,Unsanctioned
MPLADS-052047,SHRI Digvijay Singh,Rajya Sabha,Madhya Pradesh,Sitting Rajya Sabha,Bhopal,Ward No. 32,,,Normal/Others,NA - Construction of community centers and community halls,DISTRICT COLLECTOR BHOPAL_IDA,2023-08-16,Action Pending,200000,Unsanctioned
MPLADS-052048,SHRI Digvijay Singh,Rajya Sabha,Madhya Pradesh,Sitting Rajya Sabha,Bhopal,Ward No. 46,,,Normal/Others,NA - Construction of community centers and community halls,DISTRICT COLLECTOR BHOPAL_IDA,2023-08-16,Action Pending,200000,Unsanctioned
MPLADS-052050,SHRI Digvijay Singh,Rajya Sabha,Madhya Pradesh,Sitting Rajya Sabha,Bhopal,Ward No. 29,,,Normal/Others,NA - Construction of community centers and community halls,DISTRICT COLLECTOR BHOPAL_IDA,2023-08-16,Action Pending,600000,Unsanctioned
MPLADS-052051,SHRI Digvijay Singh,Rajya Sabha,Madhya Pradesh,Sitting Rajya Sabha,,,AGAR,Mali Khedi,Normal/Others,"NA - Construction of roads, approach roads, link roads and pathways",District Collector Agar Malwa_IDA,2023-08-16,Rejected by IDA,500000,Unsanctioned
MPLADS-052052,SHRI Digvijay Singh,Rajya Sabha,Madhya Pradesh,Sitting Rajya Sabha,,,PRABHAT PATTAN,Sirsawadi,Normal/Others,WS/MP232/2023-2024/10078 - Construction of culverts and bridges,DISTRICT COLLECTOR BETUL_IDA,2023-08-16,Approved by IDA,800000,Unsanctioned
MPLADS-052053,SHRI Digvijay Singh,Rajya Sabha,Madhya Pradesh,Sitting Rajya Sabha,,,GOHAD,Chandokhar,Normal/Others,NA - Installing hand pumps,DISTRICT COLLECTOR BHIND_IDA,2023-08-16,Action Pending,160000,Unsanctioned
MPLADS-052054,SHRI Digvijay Singh,Rajya Sabha,Madhya Pradesh,Sitting Rajya Sabha,,,GOHAD,Chandokhar,Normal/Others,NA - Installing hand pumps,DISTRICT COLLECTOR BHIND_IDA,2023-08-16,Action Pending,160000,Unsanctioned
MPLADS-052055,SHRI Digvijay Singh,Rajya Sabha,Madhya Pradesh,Sitting Rajya Sabha,,,GOHAD,Neemdanda,Normal/Others,WS/MP232/2023-2024/10075 - Installing hand pumps,DISTRICT COLLECTOR BHIND_IDA,2023-08-16,Approved by IDA,160000,Unsanctioned
MPLADS-052056,SHRI Digvijay Singh,Rajya Sabha,Madhya Pradesh,Sitting Rajya Sabha,,,GOHAD,Barona,Normal/Others,WS/MP232/2023-2024/10074 - Installing hand pumps,DISTRICT COLLECTOR BHIND_IDA,2023-08-16,Approved by IDA,160000,Unsanctioned
MPLADS-052057,SHRI Digvijay Singh,Rajya Sabha,Madhya Pradesh,Sitting Rajya Sabha,,,GOHAD,Barona,Normal/Others,WS/MP232/2023-2024/10073 - Installing hand pumps,DISTRICT COLLECTOR BHIND_IDA,2023-08-16,Approved by IDA,160000,Unsanctioned
MPLADS-052058,SHRI Digvijay Singh,Rajya Sabha,Madhya Pradesh,Sitting Rajya Sabha,,,RAJNAGAR,Gadha,Normal/Others,NA - Purchase of mobile water tankers,District Collector Chhatarpur_IDA,2023-08-16,Action Pending,313466,Unsanctioned
MPLADS-052059,SHRI Digvijay Singh,Rajya Sabha,Madhya Pradesh,Sitting Rajya Sabha,,,JABALPUR,Chourai,Normal/Others,NA - Construction of boundary walls of existing public and community buildings,DISTRICT COLLECTOR JABALPUR_IDA,2023-08-16,Action Pending,100000,Unsanctioned
MPLADS-052060,SHRI Digvijay Singh,Rajya Sabha,Madhya Pradesh,Sitting Rajya Sabha,,,JABALPUR,Ghunsor,Normal/Others,NA - Construction of community centers and community halls,DISTRICT COLLECTOR JABALPUR_IDA,2023-08-16,Action Pending,500000,Unsanctioned
MPLADS-052061,SHRI Digvijay Singh,Rajya Sabha,Madhya Pradesh,Sitting Rajya Sabha,,,NISARPUR,Bheslai,Normal/Others,NA - Construction of buildings for community cultural activities,DISTRICT COLLECTOR DHAR_IDA,2023-08-16,Action Pending,1000000,Unsanctioned
MPLADS-052062,SHRI Digvijay Singh,Rajya Sabha,Madhya Pradesh,Sitting Rajya Sabha,,,UDAIPURA,Pachama,Normal/Others,WS/MP232/2023-2024/9952 - Construction of additional rooms and halls in the existing public and community building,DISTRICT COLLECTOR RAISEN_IDA,2023-08-16,Approved by IDA,500000,Sanctioned
MPLADS-052063,SHRI Digvijay Singh,Rajya Sabha,Madhya Pradesh,Sitting Rajya Sabha,,,UDAIPURA,Pachama,Normal/Others,NA - Construction of buildings for community cultural activities,DISTRICT COLLECTOR RAISEN_IDA,2023-08-16,Action Pending,800000,Unsanctioned
MPLADS-052064,SHRI Digvijay Singh,Rajya Sabha,Madhya Pradesh,Sitting Rajya Sabha,,,BARGHAT,Paunar Kalan,Normal/Others,NA - Construction of community centers and community halls,District Collector Seoni_IDA,2023-08-16,Action Pending,150000,Unsanctioned
MPLADS-052065,SHRI Digvijay Singh,Rajya Sabha,Madhya Pradesh,Sitting Rajya Sabha,,,BARGHAT,Indauri,Normal/Others,NA - Construction of community centers and community halls,District Collector Seoni_IDA,2023-08-16,Action Pending,150000,Unsanctioned
MPLADS-052066,SHRI Digvijay Singh,Rajya Sabha,Madhya Pradesh,Sitting Rajya Sabha,,,BARGHAT,Nandaura,Normal/Others,NA - Construction of community centers and community halls,District Collector Seoni_IDA,2023-08-16,Action Pending,150000,Unsanctioned
MPLADS-052067,SHRI Digvijay Singh,Rajya Sabha,Madhya Pradesh,Sitting Rajya Sabha,,,BARGHAT,Behrai,Normal/Others,NA - Construction of community centers and community halls,District Collector Seoni_IDA,2023-08-16,Action Pending,150000,Unsanctioned
MPLADS-052068,SHRI Digvijay Singh,Rajya Sabha,Madhya Pradesh,Sitting Rajya Sabha,,,SIHAWAL,Chandwahi,Normal/Others,NA - Installing hand pumps,DISTRICT COLLECTOR SIDHI_IDA,2023-08-16,Action Pending,125000,Unsanctioned
MPLADS-052069,SHRI Digvijay Singh,Rajya Sabha,Madhya Pradesh,Sitting Rajya Sabha,,,SIHAWAL,Chandwahi,Normal/Others,NA - Installing hand pumps,DISTRICT COLLECTOR SIDHI_IDA,2023-08-16,Action Pending,125000,Unsanctioned
MPLADS-052070,SHRI Digvijay Singh,Rajya Sabha,Madhya Pradesh,Sitting Rajya Sabha,,,SIHAWAL,Nakjhar Kalan,Normal/Others,NA - Installing hand pumps,DISTRICT COLLECTOR SIDHI_IDA,2023-08-16,Action Pending,125000,Unsanctioned
MPLADS-052071,SHRI Digvijay Singh,Rajya Sabha,Madhya Pradesh,Sitting Rajya Sabha,,,SIHAWAL,Tarka,Normal/Others,NA - Installing hand pumps,DISTRICT COLLECTOR SIDHI_IDA,2023-08-16,Action Pending,125000,Unsanctioned
MPLADS-052076,Smt Himadri Singh,Lok Sabha,Madhya Pradesh,SHAHDOL (ST),,,ANUPPUR,Payari,Normal/Others,WS/MP654/2023-2024/10213 - Street lights,DISTRICT COLLECTOR ANUPPUR_IDA,2023-08-16,Approved by IDA,279150,Sanctioned
MPLADS-052077,Smt Himadri Singh,Lok Sabha,Madhya Pradesh,SHAHDOL (ST),,,ANUPPUR,Khodari,Normal/Others,WS/MP654/2023-2024/10212 - Street lights,DISTRICT COLLECTOR ANUPPUR_IDA,2023-08-16,Approved by IDA,279150,Sanctioned
MPLADS-052078,Vivek Narayan Shejwalkar,Lok Sabha,Madhya Pradesh,GWALIOR,Bhitarwar,08,,,Normal/Others,"NA - Construction of rooms and facilities for hospitals, FWC , PHC Centers and ANM centers",DISTRICT COLLECTOR GWALIOR_IDA,2023-08-16,Action Pending,2370620,Unsanctioned
MPLADS-052079,Smt Himadri Singh,Lok Sabha,Madhya Pradesh,SHAHDOL (ST),,,ANUPPUR,Ura,Normal/Others,WS/MP654/2023-2024/10211 - Street lights,DISTRICT COLLECTOR ANUPPUR_IDA,2023-08-16,Approved by IDA,279150,Sanctioned
MPLADS-052080,Smt Himadri Singh,Lok Sabha,Madhya Pradesh,SHAHDOL (ST),,,ANUPPUR,Chukan,Normal/Others,WS/MP654/2023-2024/10210 - Street lights,DISTRICT COLLECTOR ANUPPUR_IDA,2023-08-16,Approved by IDA,244256,Sanctioned
MPLADS-052081,Smt Himadri Singh,Lok Sabha,Madhya Pradesh,SHAHDOL (ST),,,ANUPPUR,Bartarai,Normal/Others,WS/MP654/2023-2024/10209 - Street lights,DISTRICT COLLECTOR ANUPPUR_IDA,2023-08-16,Approved by IDA,279150,Sanctioned
MPLADS-052097,Smt Himadri Singh,Lok Sabha,Madhya Pradesh,SHAHDOL (ST),,,ANUPPUR,Chhilpa,Normal/Others,WS/MP654/2023-2024/10214 - Street lights,DISTRICT COLLECTOR ANUPPUR_IDA,2023-08-16,Approved by IDA,279150,Sanctioned
MPLADS-052098,Smt Himadri Singh,Lok Sabha,Madhya Pradesh,SHAHDOL (ST),,,ANUPPUR,Bamhni,Normal/Others,WS/MP654/2023-2024/10215 - Street lights,DISTRICT COLLECTOR ANUPPUR_IDA,2023-08-16,Approved by IDA,279150,Sanctioned
MPLADS-052099,Smt Himadri Singh,Lok Sabha,Madhya Pradesh,SHAHDOL (ST),,,ANUPPUR,Latar,Normal/Others,WS/MP654/2023-2024/10217 - Street lights,DISTRICT COLLECTOR ANUPPUR_IDA,2023-08-16,Approved by IDA,279150,Sanctioned
MPLADS-052100,Smt Himadri Singh,Lok Sabha,Madhya Pradesh,SHAHDOL (ST),,,PUSHPRAJGARH,Khamraudh,Normal/Others,WS/MP654/2023-2024/10230 - Street lights,DISTRICT COLLECTOR ANUPPUR_IDA,2023-08-16,Approved by IDA,244256,Sanctioned
MPLADS-052105,Smt Himadri Singh,Lok Sabha,Madhya Pradesh,SHAHDOL (ST),,,JAITHARI,Godhan,Normal/Others,WS/MP654/2023-2024/10252 - Street lights,DISTRICT COLLECTOR ANUPPUR_IDA,2023-08-16,Approved by IDA,348938,Sanctioned
MPLADS-052106,Smt Himadri Singh,Lok Sabha,Madhya Pradesh,SHAHDOL (ST),,,KOTMA,Silpur,Normal/Others,WS/MP654/2023-2024/10243 - Street lights,DISTRICT COLLECTOR ANUPPUR_IDA,2023-08-16,Approved by IDA,209363,Sanctioned
MPLADS-052107,Smt Himadri Singh,Lok Sabha,Madhya Pradesh,SHAHDOL (ST),,,PUSHPRAJGARH,Mohadi,Normal/Others,WS/MP654/2023-2024/10236 - Street lights,DISTRICT COLLECTOR ANUPPUR_IDA,2023-08-16,Approved by IDA,279150,Sanctioned
MPLADS-052108,Smt Himadri Singh,Lok Sabha,Madhya Pradesh,SHAHDOL (ST),,,PUSHPRAJGARH,Rausar Khar,Normal/Others,WS/MP654/2023-2024/10232 - Street lights,DISTRICT COLLECTOR ANUPPUR_IDA,2023-08-16,Approved by IDA,244256,Sanctioned
MPLADS-052109,Smt Himadri Singh,Lok Sabha,Madhya Pradesh,SHAHDOL (ST),,,PUSHPRAJGARH,Kohka,Normal/Others,WS/MP654/2023-2024/10231 - Street lights,DISTRICT COLLECTOR ANUPPUR_IDA,2023-08-16,Approved by IDA,348938,Sanctioned
MPLADS-052110,Smt Himadri Singh,Lok Sabha,Madhya Pradesh,SHAHDOL (ST),,,PUSHPRAJGARH,Karpa,Normal/Others,WS/MP654/2023-2024/10229 - Street lights,DISTRICT COLLECTOR ANUPPUR_IDA,2023-08-16,Approved by IDA,348938,Sanctioned
MPLADS-052111,Smt Himadri Singh,Lok Sabha,Madhya Pradesh,SHAHDOL (ST),,,ANUPPUR,Badra (CT),Normal/Others,WS/MP654/2023-2024/10218 - Street lights,DISTRICT COLLECTOR ANUPPUR_IDA,2023-08-16,Approved by IDA,279150,Sanctioned
MPLADS-052112,Smt Himadri Singh,Lok Sabha,Madhya Pradesh,SHAHDOL (ST),,,PUSHPRAJGARH,Nougawan,Normal/Others,WS/MP654/2023-2024/10228 - Street lights,DISTRICT COLLECTOR ANUPPUR_IDA,2023-08-16,Approved by IDA,244256,Sanctioned
MPLADS-052113,Smt Himadri Singh,Lok Sabha,Madhya Pradesh,SHAHDOL (ST),,,PUSHPRAJGARH,Bhamarha,Normal/Others,WS/MP654/2023-2024/10227 - Street lights,DISTRICT COLLECTOR ANUPPUR_IDA,2023-08-16,Approved by IDA,244256,Sanctioned
MPLADS-052114,Smt Himadri Singh,Lok Sabha,Madhya Pradesh,SHAHDOL (ST),,,PUSHPRAJGARH,Patna,Normal/Others,WS/MP654/2023-2024/10226 - Street lights,DISTRICT COLLECTOR ANUPPUR_IDA,2023-08-16,Approved by IDA,244256,Sanctioned
MPLADS-052115,Smt Himadri Singh,Lok Sabha,Madhya Pradesh,SHAHDOL (ST),,,PUSHPRAJGARH,Koylari,Normal/Others,WS/MP654/2023-2024/10225 - Street lights,DISTRICT COLLECTOR ANUPPUR_IDA,2023-08-16,Approved by IDA,279150,Sanctioned
MPLADS-052116,Smt Himadri Singh,Lok Sabha,Madhya Pradesh,SHAHDOL (ST),,,PUSHPRAJGARH,Damehari,Normal/Others,WS/MP654/2023-2024/10224 - Street lights,DISTRICT COLLECTOR ANUPPUR_IDA,2023-08-16,Approved by IDA,244256,Sanctioned
MPLADS-052117,Smt Himadri Singh,Lok Sabha,Madhya Pradesh,SHAHDOL (ST),,,PUSHPRAJGARH,Umaniya,Normal/Others,WS/MP654/2023-2024/10223 - Street lights,DISTRICT COLLECTOR ANUPPUR_IDA,2023-08-16,Approved by IDA,209363,Sanctioned
MPLADS-052118,Smt Himadri Singh,Lok Sabha,Madhya Pradesh,SHAHDOL (ST),,,PUSHPRAJGARH,Salharo,Normal/Others,WS/MP654/2023-2024/10222 - Street lights,DISTRICT COLLECTOR ANUPPUR_IDA,2023-08-16,Approved by IDA,209363,Sanctioned
MPLADS-052119,Smt Himadri Singh,Lok Sabha,Madhya Pradesh,SHAHDOL (ST),,,ANUPPUR,Pakariha Tola,Normal/Others,WS/MP654/2023-2024/10220 - Street lights,DISTRICT COLLECTOR ANUPPUR_IDA,2023-08-16,Approved by IDA,244256,Sanctioned
MPLADS-052120,Smt Himadri Singh,Lok Sabha,Madhya Pradesh,SHAHDOL (ST),,,ANUPPUR,Sakola,Normal/Others,WS/MP654/2023-2024/10219 - Street lights,DISTRICT COLLECTOR ANUPPUR_IDA,2023-08-16,Approved by IDA,244256,Sanctioned
MPLADS-052314,Gajendra Singh Patel,Lok Sabha,Madhya Pradesh,KHARGONE(ST),Khargone,ward no 08,,,Normal/Others,"NA - Purchase of IT systems, including hardware and software for educational purposes",DISTRICT COLLECTOR KHARGONE_IDA,2023-08-15,Action Pending,500000,Unsanctioned
MPLADS-052317,SHRI Digvijay Singh,Rajya Sabha,Madhya Pradesh,Sitting Rajya Sabha,,,MAHESHWAR,Kusumbhya,Normal/Others,NA - Purchase of mobile water tankers,DISTRICT COLLECTOR KHARGONE_IDA,2023-08-15,Action Pending,163176,Unsanctioned
MPLADS-052318,SHRI Digvijay Singh,Rajya Sabha,Madhya Pradesh,Sitting Rajya Sabha,,,MAHESHWAR,Bakaner,Normal/Others,NA - Purchase of mobile water tankers,DISTRICT COLLECTOR KHARGONE_IDA,2023-08-15,Action Pending,163176,Unsanctioned
MPLADS-052341,SHRI Digvijay Singh,Rajya Sabha,Madhya Pradesh,Sitting Rajya Sabha,,,MAHESHWAR,Kakadda,Normal/Others,NA - Purchase of mobile water tankers,DISTRICT COLLECTOR KHARGONE_IDA,2023-08-15,Action Pending,163176,Unsanctioned
MPLADS-052342,SHRI Digvijay Singh,Rajya Sabha,Madhya Pradesh,Sitting Rajya Sabha,,,MAHESHWAR,Melkhedi,Normal/Others,NA - Purchase of mobile water tankers,DISTRICT COLLECTOR KHARGONE_IDA,2023-08-15,Action Pending,163176,Unsanctioned
MPLADS-052343,SHRI Digvijay Singh,Rajya Sabha,Madhya Pradesh,Sitting Rajya Sabha,,,MAHESHWAR,Maksi,Normal/Others,NA - Purchase of mobile water tankers,DISTRICT COLLECTOR KHARGONE_IDA,2023-08-15,Action Pending,163176,Unsanctioned
MPLADS-052344,SHRI Digvijay Singh,Rajya Sabha,Madhya Pradesh,Sitting Rajya Sabha,,,MAHESHWAR,Sel,Normal/Others,NA - Purchase of mobile water tankers,DISTRICT COLLECTOR KHARGONE_IDA,2023-08-15,Action Pending,163176,Unsanctioned
MPLADS-052345,Shri Vivek K Tankha,Rajya Sabha,Madhya Pradesh,Sitting Rajya Sabha,,,NAGOD,Majhgawan,Normal/Others,WS/MP106/2023-2024/9777 - Construction of community centers and community halls,DISTRICT COLLECTOR SATNA_IDA,2023-08-15,Approved by IDA,500000,Unsanctioned
MPLADS-052346,Shri Vivek K Tankha,Rajya Sabha,Madhya Pradesh,Sitting Rajya Sabha,Datia,Datia,,,Normal/Others,NA - Construction of public toilets and bathrooms,District Collector Datia_IDA,2023-08-15,Action Pending,500000,Unsanctioned
MPLADS-052347,Shri Vivek K Tankha,Rajya Sabha,Madhya Pradesh,Sitting Rajya Sabha,Datia,Datia,,,Normal/Others,NA - Purchase of books for public libraries,District Collector Datia_IDA,2023-08-15,Action Pending,50000,Unsanctioned
MPLADS-052348,Shri Vivek K Tankha,Rajya Sabha,Madhya Pradesh,Sitting Rajya Sabha,,,PHANDA,Raipur,Normal/Others,WS/MP106/2023-2024/9774 - Construction of culverts and bridges,DISTRICT COLLECTOR BHOPAL_IDA,2023-08-15,Approved by IDA,500000,Completed
MPLADS-052349,Shri Vivek K Tankha,Rajya Sabha,Madhya Pradesh,Sitting Rajya Sabha,,,DEPALPUR,Chander,Normal/Others,WS/MP106/2023-2024/9773 - Construction of community centers and community halls,DISTRICT COLLECTOR INDORE_IDA,2023-08-15,Approved by IDA,500000,Sanctioned
MPLADS-052350,Shri Vivek K Tankha,Rajya Sabha,Madhya Pradesh,Sitting Rajya Sabha,,,KAILARAS,Dongarpur Mangarh,Normal/Others,"NA - Construction of roads, link roads, pathways or any other road with or without drainage system",DISTRICT COLLECTOR MORENA_IDA,2023-08-15,Action Pending,500000,Unsanctioned
MPLADS-052351,Shri Vivek K Tankha,Rajya Sabha,Madhya Pradesh,Sitting Rajya Sabha,Bhopal,Ward No. 32,,,Normal/Others,NA - Lighting of public spaces,DISTRICT COLLECTOR BHOPAL_IDA,2023-08-15,Action Pending,600000,Unsanctioned
MPLADS-052352,SHRI Digvijay Singh,Rajya Sabha,Madhya Pradesh,Sitting Rajya Sabha,,,ALIRAJPUR,Malwai,Normal/Others,NA - Purchase of mobile water tankers,District Collector Alirajpur_IDA,2023-08-15,Action Pending,156733,Unsanctioned
MPLADS-052353,SHRI Digvijay Singh,Rajya Sabha,Madhya Pradesh,Sitting Rajya Sabha,,,KATTHIWADA,Jhinjhana,Normal/Others,NA - Purchase of mobile water tankers,District Collector Alirajpur_IDA,2023-08-15,Action Pending,156733,Unsanctioned
MPLADS-052354,SHRI Digvijay Singh,Rajya Sabha,Madhya Pradesh,Sitting Rajya Sabha,,,SAINKHEDA,Jhikoli,Normal/Others,NA - Renovation of ponds and lakes,DISTRICT COLLECTOR NARSINGHPUR_IDA,2023-08-15,Action Pending,1000000,Unsanctioned
MPLADS-052355,SHRI Digvijay Singh,Rajya Sabha,Madhya Pradesh,Sitting Rajya Sabha,,,MORENA,Bani,Normal/Others,"WS/MP232/2023-2024/9588 - Construction of roads, link roads, pathways or any other road with or without drainage system",DISTRICT COLLECTOR MORENA_IDA,2023-08-15,Approved by IDA,500000,Sanctioned
MPLADS-052356,SHRI Digvijay Singh,Rajya Sabha,Madhya Pradesh,Sitting Rajya Sabha,,,MORENA,Nurabad,Normal/Others,NA - Construction of buildings for community cultural activities,DISTRICT COLLECTOR MORENA_IDA,2023-08-15,Action Pending,500000,Unsanctioned
MPLADS-052357,SHRI Digvijay Singh,Rajya Sabha,Madhya Pradesh,Sitting Rajya Sabha,,,TARANA,Kanasiya,Normal/Others,"NA - Construction of roads, approach roads, link roads and pathways",DISTRICT COLLECTOR UJJAIN_IDA,2023-08-15,Action Pending,500000,Unsanctioned
MPLADS-052358,SHRI Digvijay Singh,Rajya Sabha,Madhya Pradesh,Sitting Rajya Sabha,,,BIAORA,Chukalya,Normal/Others,WS/MP232/2023-2024/9585 - Construction of community centers and community halls,DISTRICT COLLECTOR RAJGARH_IDA,2023-08-15,Approved by IDA,500000,Sanctioned
MPLADS-052359,SHRI Digvijay Singh,Rajya Sabha,Madhya Pradesh,Sitting Rajya Sabha,,,BIAORA,Nethathari,Normal/Others,"WS/MP232/2023-2024/9584 - Construction of roads, approach roads, link roads and pathways",DISTRICT COLLECTOR RAJGARH_IDA,2023-08-15,Approved by IDA,500000,Sanctioned
MPLADS-052360,SHRI Digvijay Singh,Rajya Sabha,Madhya Pradesh,Sitting Rajya Sabha,,,SHUJALPUR,Mayapur,Normal/Others,WS/MP232/2023-2024/9536 - Construction of community centers and community halls,District Collector Shajapur_IDA,2023-08-15,Approved by IDA,500000,Sanctioned
MPLADS-052361,SHRI Digvijay Singh,Rajya Sabha,Madhya Pradesh,Sitting Rajya Sabha,,,TARANA,Karanj,Normal/Others,NA - Development of playfields and sports grounds,DISTRICT COLLECTOR UJJAIN_IDA,2023-08-15,Action Pending,400000,Unsanctioned
MPLADS-052362,SHRI Digvijay Singh,Rajya Sabha,Madhya Pradesh,Sitting Rajya Sabha,,,TARANA,Nenawad,Normal/Others,NA - Development of playfields and sports grounds,DISTRICT COLLECTOR UJJAIN_IDA,2023-08-15,Action Pending,300000,Unsanctioned
MPLADS-052363,SHRI Digvijay Singh,Rajya Sabha,Madhya Pradesh,Sitting Rajya Sabha,,,TARANA,Barkheda Tarana,Normal/Others,NA - Development of playfields and sports grounds,DISTRICT COLLECTOR UJJAIN_IDA,2023-08-15,Action Pending,300000,Unsanctioned
MPLADS-052364,SHRI Digvijay Singh,Rajya Sabha,Madhya Pradesh,Sitting Rajya Sabha,Sabalgarh,Ward No. 13,,,Normal/Others,"NA - Construction of roads, approach roads, link roads and pathways",DISTRICT COLLECTOR MORENA_IDA,2023-08-15,Action Pending,500000,Unsanctioned
MPLADS-052365,SHRI Digvijay Singh,Rajya Sabha,Madhya Pradesh,Sitting Rajya Sabha,,,BERASIA,Jangaliya Pura,Normal/Others,"WS/MP232/2023-2024/9518 - Construction of roads, approach roads, link roads and pathways",DISTRICT COLLECTOR BHOPAL_IDA,2023-08-15,Approved by IDA,500000,Sanctioned
MPLADS-052366,SHRI Digvijay Singh,Rajya Sabha,Madhya Pradesh,Sitting Rajya Sabha,,,BERASIA,Bamhora,Normal/Others,"WS/MP232/2023-2024/9517 - Construction of roads, approach roads, link roads and pathways",DISTRICT COLLECTOR BHOPAL_IDA,2023-08-15,Approved by IDA,500000,Sanctioned
MPLADS-052367,SHRI Digvijay Singh,Rajya Sabha,Madhya Pradesh,Sitting Rajya Sabha,,,UDAIPURA,Boras,Normal/Others,WS/MP232/2023-2024/9515 - Construction of buildings for community cultural activities,DISTRICT COLLECTOR RAISEN_IDA,2023-08-15,Approved by IDA,700000,Sanctioned
MPLADS-052456,Gajendra Singh Patel,Lok Sabha,Madhya Pradesh,KHARGONE(ST),Sendhwa,ward no 21,,,Normal/Others,NA - Construction of community centers and community halls,DISTRICT COLLECTOR BADWANI_IDA,2023-08-15,Action Pending,500000,Unsanctioned
MPLADS-052458,Gajendra Singh Patel,Lok Sabha,Madhya Pradesh,KHARGONE(ST),Khargone,ward no 12,,,Normal/Others,NA - Construction of community centers and community halls,DISTRICT COLLECTOR KHARGONE_IDA,2023-08-15,Action Pending,500000,Unsanctioned
MPLADS-052461,Gajendra Singh Patel,Lok Sabha,Madhya Pradesh,KHARGONE(ST),,,RAJPUR,Sangwi(Bhulgaon),Normal/Others,WS/MP641/2023-2024/9516 - Construction of buildings for community cultural activities,DISTRICT COLLECTOR BADWANI_IDA,2023-08-15,Approved by IDA,500000,Sanctioned
MPLADS-052462,Gajendra Singh Patel,Lok Sabha,Madhya Pradesh,KHARGONE(ST),,,THIKRI,Bilwadeb,Normal/Others,WS/MP641/2023-2024/9520 - Common work sheds for artisans,DISTRICT COLLECTOR BADWANI_IDA,2023-08-15,Approved by IDA,300000,Sanctioned
MPLADS-052463,Gajendra Singh Patel,Lok Sabha,Madhya Pradesh,KHARGONE(ST),,,THIKRI,Panya,Normal/Others,WS/MP641/2023-2024/9522 - Common work sheds for artisans,DISTRICT COLLECTOR BADWANI_IDA,2023-08-15,Approved by IDA,500000,Sanctioned
MPLADS-052464,Gajendra Singh Patel,Lok Sabha,Madhya Pradesh,KHARGONE(ST),,,THIKRI,Panya,Normal/Others,WS/MP641/2023-2024/9523 - Construction of water tanks,DISTRICT COLLECTOR BADWANI_IDA,2023-08-15,Approved by IDA,300000,Sanctioned
MPLADS-052465,Gajendra Singh Patel,Lok Sabha,Madhya Pradesh,KHARGONE(ST),,,RAJPUR,Khadki,Normal/Others,WS/MP641/2023-2024/9525 - Common work sheds for artisans,DISTRICT COLLECTOR BADWANI_IDA,2023-08-15,Approved by IDA,300000,Sanctioned
MPLADS-052466,Gajendra Singh Patel,Lok Sabha,Madhya Pradesh,KHARGONE(ST),,,RAJPUR,Khadki,Normal/Others,WS/MP641/2023-2024/9526 - Common work sheds for artisans,DISTRICT COLLECTOR BADWANI_IDA,2023-08-15,Approved by IDA,200000,Sanctioned
MPLADS-052467,Gajendra Singh Patel,Lok Sabha,Madhya Pradesh,KHARGONE(ST),Khargone,WARD NO 08,,,Normal/Others,NA - Construction of public libraries and reading rooms,DISTRICT COLLECTOR KHARGONE_IDA,2023-08-15,Action Pending,400000,Unsanctioned
MPLADS-052468,Gajendra Singh Patel,Lok Sabha,Madhya Pradesh,KHARGONE(ST),Rajpur,Ward no 03,,,Normal/Others,NA - Construction of community centers and community halls,DISTRICT COLLECTOR BADWANI_IDA,2023-08-15,Action Pending,500000,Unsanctioned
MPLADS-052653,Gajendra Singh Patel,Lok Sabha,Madhya Pradesh,KHARGONE(ST),,,MAHESHWAR,Malya Khedi,Normal/Others,WS/MP641/2023-2024/9337 - Construction of buildings for community cultural activities,DISTRICT COLLECTOR KHARGONE_IDA,2023-08-14,Approved by IDA,300000,Sanctioned
MPLADS-052654,Gajendra Singh Patel,Lok Sabha,Madhya Pradesh,KHARGONE(ST),,,MAHESHWAR,Mahmadpura,Normal/Others,WS/MP641/2023-2024/9321 - Construction of buildings for community cultural activities,DISTRICT COLLECTOR KHARGONE_IDA,2023-08-14,Approved by IDA,250000,Sanctioned
MPLADS-052740,Gajendra Singh Patel,Lok Sabha,Madhya Pradesh,KHARGONE(ST),Karahi,ward no 02,,,Normal/Others,NA - Construction of buildings for community cultural activities,DISTRICT COLLECTOR KHARGONE_IDA,2023-08-14,Action Pending,400000,Unsanctioned
MPLADS-052744,Gajendra Singh Patel,Lok Sabha,Madhya Pradesh,KHARGONE(ST),Bistan,13,,,Normal/Others,NA - Common work sheds for artisans,DISTRICT COLLECTOR KHARGONE_IDA,2023-08-14,Action Pending,300000,Unsanctioned
MPLADS-052745,Gajendra Singh Patel,Lok Sabha,Madhya Pradesh,KHARGONE(ST),Bistan,ward 13,,,Normal/Others,NA - Common work sheds for artisans,DISTRICT COLLECTOR KHARGONE_IDA,2023-08-14,Action Pending,300000,Unsanctioned
MPLADS-052746,Gajendra Singh Patel,Lok Sabha,Madhya Pradesh,KHARGONE(ST),Bistan,ward 14,,,Normal/Others,NA - Common work sheds for artisans,DISTRICT COLLECTOR KHARGONE_IDA,2023-08-14,Action Pending,300000,Unsanctioned
MPLADS-052747,Gajendra Singh Patel,Lok Sabha,Madhya Pradesh,KHARGONE(ST),Bistan,ward 15,,,Normal/Others,NA - Common work sheds for artisans,DISTRICT COLLECTOR KHARGONE_IDA,2023-08-14,Action Pending,300000,Unsanctioned
MPLADS-052886,SHRI Ajay Pratap Singh,Rajya Sabha,Madhya Pradesh,Sitting Rajya Sabha,,,KARKELI,Kanchanpur,Normal/Others,WS/MP230/2023-2024/9020 - Street lights,District Collector Umariya_IDA,2023-08-13,Approved by IDA,17442000,Unsanctioned
MPLADS-052889,SHRI Ajay Pratap Singh,Rajya Sabha,Madhya Pradesh,Sitting Rajya Sabha,,,MANPUR,Padwar,Normal/Others,WS/MP230/2023-2024/9018 - Street lights,District Collector Umariya_IDA,2023-08-13,Approved by IDA,17442000,Unsanctioned
MPLADS-053251,Shri Vivek K Tankha,Rajya Sabha,Madhya Pradesh,Sitting Rajya Sabha,Jabalpur,Subhadra Kumari Chouhan,,,Normal/Others,NA - Purchase of sports equipment,DISTRICT COLLECTOR JABALPUR_IDA,2023-08-09,Action Pending,3500,Unsanctioned
MPLADS-053271,Shri Vivek K Tankha,Rajya Sabha,Madhya Pradesh,Sitting Rajya Sabha,,,MORENA,Seva,Normal/Others,WS/MP106/2023-2024/8598 - Construction of community centers and community halls,DISTRICT COLLECTOR MORENA_IDA,2023-08-09,Approved by IDA,500000,Sanctioned
MPLADS-053272,Shri Vivek K Tankha,Rajya Sabha,Madhya Pradesh,Sitting Rajya Sabha,Jabalpur,Subhadra Kumari Chouhan,,,Normal/Others,"NA - Construction of roads, approach roads, link roads and pathways",DISTRICT COLLECTOR JABALPUR_IDA,2023-08-09,Action Pending,25000,Unsanctioned
MPLADS-053273,Shri Vivek K Tankha,Rajya Sabha,Madhya Pradesh,Sitting Rajya Sabha,Jabalpur,Subhadra Kumari Chouhan,,,Normal/Others,NA - Construction of rooms and halls in school and colleges,DISTRICT COLLECTOR JABALPUR_IDA,2023-08-09,Action Pending,5000,Unsanctioned
MPLADS-053275,Shri Vivek K Tankha,Rajya Sabha,Madhya Pradesh,Sitting Rajya Sabha,Jabalpur,Subhadra Kumari Chouhan,,,Normal/Others,NA - Purchase of sports equipment,DISTRICT COLLECTOR JABALPUR_IDA,2023-08-09,Action Pending,25000,Unsanctioned
MPLADS-053276,Shri Vivek K Tankha,Rajya Sabha,Madhya Pradesh,Sitting Rajya Sabha,Jabalpur,Subhadra Kumari Chouhan Ward,,,Normal/Others,NA - Purchase of sports equipment,DISTRICT COLLECTOR JABALPUR_IDA,2023-08-09,Action Pending,23500,Unsanctioned
MPLADS-053277,Shri Vivek K Tankha,Rajya Sabha,Madhya Pradesh,Sitting Rajya Sabha,,,MORENA,Padhawali,Normal/Others,WS/MP106/2023-2024/8599 - Construction of community centers and community halls,DISTRICT COLLECTOR MORENA_IDA,2023-08-09,Approved by IDA,500000,Sanctioned
MPLADS-053278,Shri Vivek K Tankha,Rajya Sabha,Madhya Pradesh,Sitting Rajya Sabha,,,INDORE,Bank (CT),Normal/Others,NA - Providing drains and gutters for public drainage,DISTRICT COLLECTOR INDORE_IDA,2023-08-09,Action Pending,1000000,Unsanctioned
MPLADS-053340,Gajendra Singh Patel,Lok Sabha,Madhya Pradesh,KHARGONE(ST),,,THIKRI,Hataula,Normal/Others,WS/MP641/2023-2024/8379 - Construction of community centers and community halls,DISTRICT COLLECTOR BADWANI_IDA,2023-08-08,Approved by IDA,500000,Sanctioned
MPLADS-053341,Gajendra Singh Patel,Lok Sabha,Madhya Pradesh,KHARGONE(ST),,,BARWANI,Borelaya,Normal/Others,WS/MP641/2023-2024/8375 - Construction of common work sheds/ common covered sitting area,DISTRICT COLLECTOR BADWANI_IDA,2023-08-08,Approved by IDA,500000,Sanctioned
MPLADS-053342,Gajendra Singh Patel,Lok Sabha,Madhya Pradesh,KHARGONE(ST),Sendhwa,ward no 08,,,Normal/Others,NA - Crematoriums or structures on burial/ cremation ground for public convenience,DISTRICT COLLECTOR BADWANI_IDA,2023-08-08,Action Pending,500000,Unsanctioned
MPLADS-053344,Gajendra Singh Patel,Lok Sabha,Madhya Pradesh,KHARGONE(ST),Barwani,ward no 04,,,Normal/Others,WS/MP641/2023-2024/8373 - Construction of common work sheds/ common covered sitting area,DISTRICT COLLECTOR BADWANI_IDA,2023-08-08,Approved by IDA,200000,Unsanctioned
MPLADS-053345,Gajendra Singh Patel,Lok Sabha,Madhya Pradesh,KHARGONE(ST),Barwani,ward no 08,,,Normal/Others,WS/MP641/2023-2024/8374 - Common work sheds for artisans,DISTRICT COLLECTOR BADWANI_IDA,2023-08-08,Approved by IDA,750000,Sanctioned
MPLADS-053346,Gajendra Singh Patel,Lok Sabha,Madhya Pradesh,KHARGONE(ST),Anjad,ward no 06,,,Normal/Others,NA - Construction of common work sheds/ common covered sitting area,DISTRICT COLLECTOR BADWANI_IDA,2023-08-08,Action Pending,200000,Unsanctioned
MPLADS-053347,Gajendra Singh Patel,Lok Sabha,Madhya Pradesh,KHARGONE(ST),Palsud,ward no 12,,,Normal/Others,NA - Construction of buildings for community cultural activities,DISTRICT COLLECTOR BADWANI_IDA,2023-08-08,Action Pending,500000,Unsanctioned
MPLADS-053348,Gajendra Singh Patel,Lok Sabha,Madhya Pradesh,KHARGONE(ST),Rajpur,ward no 06,,,Normal/Others,NA - Construction of community centers and community halls,DISTRICT COLLECTOR BADWANI_IDA,2023-08-08,Action Pending,500000,Unsanctioned
MPLADS-053349,Vivek Narayan Shejwalkar,Lok Sabha,Madhya Pradesh,GWALIOR,Gwalior,56,,,Normal/Others,"WS/MP652/2023-2024/8390 - Purchase of ambulances (Four, three and two wheelers)",DISTRICT COLLECTOR GWALIOR_IDA,2023-08-08,Approved by IDA,2500000,Sanctioned
MPLADS-053534,Gajendra Singh Patel,Lok Sabha,Madhya Pradesh,KHARGONE(ST),Sendhwa,वार्ड न 16,,,Normal/Others,WS/MP641/2023-2024/8160 - Installation of multi-gym equipment,DISTRICT COLLECTOR BADWANI_IDA,2023-08-06,Approved by IDA,250000,Sanctioned
MPLADS-053535,Gajendra Singh Patel,Lok Sabha,Madhya Pradesh,KHARGONE(ST),Sendhwa,वार्ड न 04,,,Normal/Others,NA - Construction of buildings for community cultural activities,DISTRICT COLLECTOR BADWANI_IDA,2023-08-06,Action Pending,500000,Unsanctioned
MPLADS-053554,Gajendra Singh Patel,Lok Sabha,Madhya Pradesh,KHARGONE(ST),Sendhwa,वार्ड न 08,,,Normal/Others,WS/MP641/2023-2024/8161 - Construction of additional rooms and halls in the existing public and community building,DISTRICT COLLECTOR BADWANI_IDA,2023-08-06,Approved by IDA,500000,Sanctioned
MPLADS-053555,Gajendra Singh Patel,Lok Sabha,Madhya Pradesh,KHARGONE(ST),Anjad,वार्ड न. 04,,,Normal/Others,WS/MP641/2023-2024/8190 - Construction of additional rooms and halls in the existing public and community building,DISTRICT COLLECTOR BADWANI_IDA,2023-08-06,Approved by IDA,500000,Unsanctioned
MPLADS-053556,Gajendra Singh Patel,Lok Sabha,Madhya Pradesh,KHARGONE(ST),Anjad,वार्ड न. 02,,,Normal/Others,NA - Development of public parks,DISTRICT COLLECTOR BADWANI_IDA,2023-08-06,Action Pending,570000,Unsanctioned
MPLADS-053558,Gajendra Singh Patel,Lok Sabha,Madhya Pradesh,KHARGONE(ST),,,BARWANI,Borelaya,Normal/Others,WS/MP641/2023-2024/8186 - Construction of additional rooms and halls in the existing public and community building,DISTRICT COLLECTOR BADWANI_IDA,2023-08-06,Approved by IDA,500000,Sanctioned
MPLADS-053559,Gajendra Singh Patel,Lok Sabha,Madhya Pradesh,KHARGONE(ST),,,PATI,Dogargaon,Normal/Others,WS/MP641/2023-2024/8185 - Construction of culverts and bridges,DISTRICT COLLECTOR BADWANI_IDA,2023-08-06,Approved by IDA,500000,Sanctioned
MPLADS-053560,Gajendra Singh Patel,Lok Sabha,Madhya Pradesh,KHARGONE(ST),,,THIKRI,Ghatti,Normal/Others,WS/MP641/2023-2024/8153 - Construction of community centers and community halls,DISTRICT COLLECTOR BADWANI_IDA,2023-08-06,Approved by IDA,500000,Sanctioned
MPLADS-053563,Gajendra Singh Patel,Lok Sabha,Madhya Pradesh,KHARGONE(ST),,,RAJPUR,Salkheda,Normal/Others,WS/MP641/2023-2024/8189 - Construction of community centers and community halls,DISTRICT COLLECTOR BADWANI_IDA,2023-08-06,Approved by IDA,300000,Sanctioned
MPLADS-053564,Gajendra Singh Patel,Lok Sabha,Madhya Pradesh,KHARGONE(ST),Barwani,"03 , श्रीराम नगर",,,Normal/Others,WS/MP641/2023-2024/8149 - Construction of buildings for community cultural activities,DISTRICT COLLECTOR BADWANI_IDA,2023-08-06,Approved by IDA,250000,Sanctioned
MPLADS-053577,Vivek Narayan Shejwalkar,Lok Sabha,Madhya Pradesh,GWALIOR,Antari,11,,,Normal/Others,NA - Construction of rooms and halls in school and colleges,DISTRICT COLLECTOR GWALIOR_IDA,2023-08-05,Action Pending,3109000,Unsanctioned
MPLADS-053640,Shankar Lalwani,Lok Sabha,Madhya Pradesh,INDORE,Rau,Ward-77,,,Normal/Others,WS/MP650/2023-2024/7949 - Installing tube-wells and borewells,DISTRICT COLLECTOR INDORE_IDA,2023-08-03,Approved by IDA,380200,Sanctioned
MPLADS-053703,Shankar Lalwani,Lok Sabha,Madhya Pradesh,INDORE,Rau,Ward-77,,,Normal/Others,WS/MP650/2023-2024/7950 - Installing tube-wells and borewells,DISTRICT COLLECTOR INDORE_IDA,2023-08-03,Approved by IDA,378200,Sanctioned
MPLADS-053704,Shankar Lalwani,Lok Sabha,Madhya Pradesh,INDORE,Indore,Ward-04,,,Normal/Others,WS/MP650/2023-2024/7866 - Installing tube-wells and borewells,DISTRICT COLLECTOR INDORE_IDA,2023-08-03,Approved by IDA,380200,Sanctioned
MPLADS-053705,Shankar Lalwani,Lok Sabha,Madhya Pradesh,INDORE,Indore,Ward-47,,,Normal/Others,WS/MP650/2023-2024/7867 - Installing tube-wells and borewells,DISTRICT COLLECTOR INDORE_IDA,2023-08-03,Approved by IDA,378200,Sanctioned
MPLADS-053706,Shankar Lalwani,Lok Sabha,Madhya Pradesh,INDORE,Rau,Ward-79,,,Normal/Others,WS/MP650/2023-2024/7897 - Installing tube-wells and borewells,DISTRICT COLLECTOR INDORE_IDA,2023-08-03,Approved by IDA,380200,Sanctioned
MPLADS-053707,Shankar Lalwani,Lok Sabha,Madhya Pradesh,INDORE,Rau,Ward-79,,,Normal/Others,WS/MP650/2023-2024/7898 - Installing tube-wells and borewells,DISTRICT COLLECTOR INDORE_IDA,2023-08-03,Approved by IDA,378200,Sanctioned
MPLADS-053708,Shankar Lalwani,Lok Sabha,Madhya Pradesh,INDORE,Indore,Ward-57,,,Normal/Others,NA - Installing tube-wells and borewells,DISTRICT COLLECTOR INDORE_IDA,2023-08-03,Action Pending,380200,Unsanctioned
MPLADS-053709,Shankar Lalwani,Lok Sabha,Madhya Pradesh,INDORE,Indore,Ward-58,,,Normal/Others,NA - Installing tube-wells and borewells,DISTRICT COLLECTOR INDORE_IDA,2023-08-03,Action Pending,378200,Unsanctioned
MPLADS-053711,Shankar Lalwani,Lok Sabha,Madhya Pradesh,INDORE,Rau,Ward-79,,,Normal/Others,WS/MP650/2023-2024/7928 - Installing tube-wells and borewells,DISTRICT COLLECTOR INDORE_IDA,2023-08-03,Approved by IDA,380200,Sanctioned
MPLADS-053712,Shankar Lalwani,Lok Sabha,Madhya Pradesh,INDORE,Rau,Ward-79,,,Normal/Others,WS/MP650/2023-2024/7929 - Installing tube-wells and borewells,DISTRICT COLLECTOR INDORE_IDA,2023-08-03,Approved by IDA,378200,Sanctioned
MPLADS-053713,Shankar Lalwani,Lok Sabha,Madhya Pradesh,INDORE,Indore,Ward-55,,,Normal/Others,WS/MP650/2023-2024/7930 - Installing tube-wells and borewells,DISTRICT COLLECTOR INDORE_IDA,2023-08-03,Approved by IDA,380200,Sanctioned
MPLADS-053744,Shankar Lalwani,Lok Sabha,Madhya Pradesh,INDORE,Indore,Ward-56,,,Normal/Others,WS/MP650/2023-2024/7931 - Installing tube-wells and borewells,DISTRICT COLLECTOR INDORE_IDA,2023-08-03,Approved by IDA,378200,Sanctioned
MPLADS-054934,SHRI Digvijay Singh,Rajya Sabha,Madhya Pradesh,Sitting Rajya Sabha,Rau,WARD NO. 6,,,Normal/Others,NA - Construction of buildings for community cultural activities,DISTRICT COLLECTOR INDORE_IDA,2023-07-25,Action Pending,800000,Unsanctioned
MPLADS-054950,SHRI Digvijay Singh,Rajya Sabha,Madhya Pradesh,Sitting Rajya Sabha,,,INDORE,Bank (CT),Normal/Others,NA - Providing drains and gutters for public drainage,DISTRICT COLLECTOR INDORE_IDA,2023-07-25,Action Pending,1200000,Unsanctioned
MPLADS-055113,Shri Vivek K Tankha,Rajya Sabha,Madhya Pradesh,Sitting Rajya Sabha,,,OBAIDALLAGANJ,Nanakhedi,Normal/Others,"WS/MP106/2023-2024/5972 - Construction of roads, approach roads, link roads and pathways",DISTRICT COLLECTOR RAISEN_IDA,2023-07-24,Approved by IDA,500000,Sanctioned
MPLADS-055549,Shri Vivek K Tankha,Rajya Sabha,Madhya Pradesh,Sitting Rajya Sabha,,,BERASIA,Tarawli Khurd,Normal/Others,"WS/MP106/2023-2024/5658 - Construction of roads, approach roads, link roads and pathways",DISTRICT COLLECTOR BHOPAL_IDA,2023-07-22,Approved by IDA,500000,Sanctioned
MPLADS-055555,Shri Vivek K Tankha,Rajya Sabha,Madhya Pradesh,Sitting Rajya Sabha,,,BERASIA,Kolu Khedi,Normal/Others,WS/MP106/2023-2024/5659 - Construction of common work sheds/ common covered sitting area,DISTRICT COLLECTOR BHOPAL_IDA,2023-07-22,Approved by IDA,250000,Sanctioned
MPLADS-055556,Shri Vivek K Tankha,Rajya Sabha,Madhya Pradesh,Sitting Rajya Sabha,Jabalpur,Jabalpur,,,Normal/Others,"NA - Purchase of prosthetics, wheel chairs, tricycles (manual or motorized), elect scooties, hearing aids",DISTRICT COLLECTOR JABALPUR_IDA,2023-07-22,Action Pending,42000,Unsanctioned
MPLADS-055557,Shri Vivek K Tankha,Rajya Sabha,Madhya Pradesh,Sitting Rajya Sabha,,,INDORE,Deoguradia,Normal/Others,"NA - Construction of roads, approach roads, link roads and pathways",DISTRICT COLLECTOR INDORE_IDA,2023-07-22,Action Pending,1500000,Unsanctioned
MPLADS-055772,Shankar Lalwani,Lok Sabha,Madhya Pradesh,INDORE,Indore,Ward-42,,,Normal/Others,WS/MP650/2023-2024/5177 - Installing tube-wells and borewells,DISTRICT COLLECTOR INDORE_IDA,2023-07-21,Approved by IDA,378200,Sanctioned
MPLADS-055773,Shankar Lalwani,Lok Sabha,Madhya Pradesh,INDORE,Indore,Ward-62,,,Normal/Others,WS/MP650/2023-2024/5179 - Installing tube-wells and borewells,DISTRICT COLLECTOR INDORE_IDA,2023-07-21,Approved by IDA,378200,Sanctioned
MPLADS-055774,Shankar Lalwani,Lok Sabha,Madhya Pradesh,INDORE,Rau,Ward-78,,,Normal/Others,WS/MP650/2023-2024/5223 - Installing tube-wells and borewells,DISTRICT COLLECTOR INDORE_IDA,2023-07-21,Approved by IDA,380200,Sanctioned
MPLADS-055775,Shankar Lalwani,Lok Sabha,Madhya Pradesh,INDORE,Rau,Ward-75,,,Normal/Others,WS/MP650/2023-2024/5224 - Installing tube-wells and borewells,DISTRICT COLLECTOR INDORE_IDA,2023-07-21,Approved by IDA,378200,Sanctioned
MPLADS-055776,Shankar Lalwani,Lok Sabha,Madhya Pradesh,INDORE,Indore,ward-59,,,Normal/Others,WS/MP650/2023-2024/5225 - Installing tube-wells and borewells,DISTRICT COLLECTOR INDORE_IDA,2023-07-21,Approved by IDA,380200,Sanctioned
MPLADS-055777,Shankar Lalwani,Lok Sabha,Madhya Pradesh,INDORE,Indore,Ward-61,,,Normal/Others,WS/MP650/2023-2024/5226 - Installing tube-wells and borewells,DISTRICT COLLECTOR INDORE_IDA,2023-07-21,Approved by IDA,378200,Sanctioned
MPLADS-055792,Shankar Lalwani,Lok Sabha,Madhya Pradesh,INDORE,Indore,Ward-62,,,Normal/Others,WS/MP650/2023-2024/5178 - Installing tube-wells and borewells,DISTRICT COLLECTOR INDORE_IDA,2023-07-21,Approved by IDA,380200,Sanctioned
MPLADS-055793,Shankar Lalwani,Lok Sabha,Madhya Pradesh,INDORE,Indore,Ward-54,,,Normal/Others,WS/MP650/2023-2024/5176 - Installing tube-wells and borewells,DISTRICT COLLECTOR INDORE_IDA,2023-07-21,Approved by IDA,380200,Sanctioned
MPLADS-056693,Shankar Lalwani,Lok Sabha,Madhya Pradesh,INDORE,,,DEPALPUR,Aurangpura,Normal/Others,"WS/MP650/2023-2024/4198 - Construction of roads, approach roads, link roads and pathways",DISTRICT COLLECTOR INDORE_IDA,2023-07-17,Approved by IDA,250000,Sanctioned
MPLADS-057304,Shri Vivek K Tankha,Rajya Sabha,Madhya Pradesh,Sitting Rajya Sabha,,,KURAI,Janawarkheda,Normal/Others,NA - Construction of buildings for community cultural activities,District Collector Seoni_IDA,2023-07-13,Action Pending,100000,Unsanctioned
MPLADS-057305,Shri Vivek K Tankha,Rajya Sabha,Madhya Pradesh,Sitting Rajya Sabha,,,KURAI,Vijaypani,Normal/Others,NA - Construction of buildings for community cultural activities,District Collector Seoni_IDA,2023-07-13,Action Pending,100000,Unsanctioned
MPLADS-057306,Shri Vivek K Tankha,Rajya Sabha,Madhya Pradesh,Sitting Rajya Sabha,,,KURAI,Londajhir,Normal/Others,NA - Construction of buildings for community cultural activities,District Collector Seoni_IDA,2023-07-13,Action Pending,100000,Unsanctioned
MPLADS-057307,Shri Vivek K Tankha,Rajya Sabha,Madhya Pradesh,Sitting Rajya Sabha,,,KURAI,Bakodi,Normal/Others,NA - Construction of buildings for community cultural activities,District Collector Seoni_IDA,2023-07-13,Action Pending,100000,Unsanctioned
MPLADS-057308,Shri Vivek K Tankha,Rajya Sabha,Madhya Pradesh,Sitting Rajya Sabha,,,KURAI,Suktara Ryt,Normal/Others,NA - Construction of buildings for community cultural activities,District Collector Seoni_IDA,2023-07-13,Action Pending,100000,Unsanctioned
MPLADS-057569,Shri Vivek K Tankha,Rajya Sabha,Madhya Pradesh,Sitting Rajya Sabha,,,KAHNAPAS(GHANSAUR),Beohari,Normal/Others,NA - Construction of community centers and community halls,District Collector Seoni_IDA,2023-07-12,Action Pending,300000,Unsanctioned
MPLADS-057570,Shri Vivek K Tankha,Rajya Sabha,Madhya Pradesh,Sitting Rajya Sabha,,,KAHNAPAS(GHANSAUR),Ghansaur,Normal/Others,NA - Crematoriums or structures on burial/ cremation ground for public convenience,District Collector Seoni_IDA,2023-07-12,Action Pending,200000,Unsanctioned
MPLADS-057571,Shri Vivek K Tankha,Rajya Sabha,Madhya Pradesh,Sitting Rajya Sabha,Dindori,Collector office,,,Normal/Others,NA - Purchase of vehicles for mobile libraries,District Collector Dindori_IDA,2023-07-12,Action Pending,1000000,Unsanctioned
MPLADS-057572,Shri Vivek K Tankha,Rajya Sabha,Madhya Pradesh,Sitting Rajya Sabha,Alot,Khedapati,,,Normal/Others,NA - Construction of common work sheds/ common covered sitting area,District Collector Ratlam_IDA,2023-07-12,Rejected by IDA,500000,Unsanctioned
MPLADS-057573,Shri Vivek K Tankha,Rajya Sabha,Madhya Pradesh,Sitting Rajya Sabha,,,KATNI,Punchhi,Normal/Others,"NA - Construction of roads, link roads, pathways or any other road with or without drainage system",District Collector Katni_IDA,2023-07-12,Action Pending,193092,Unsanctioned
MPLADS-057574,Shri Vivek K Tankha,Rajya Sabha,Madhya Pradesh,Sitting Rajya Sabha,Jaora,District Court,,,Normal/Others,NA - Purchase of books for public libraries,District Collector Ratlam_IDA,2023-07-12,Rejected by IDA,50000,Unsanctioned
MPLADS-057575,Shri Vivek K Tankha,Rajya Sabha,Madhya Pradesh,Sitting Rajya Sabha,,,BASODA,Bagroda,Normal/Others,NA - Construction of community centers and community halls,District Collector Vidisha_IDA,2023-07-12,Action Pending,300000,Unsanctioned
MPLADS-057617,Shri Vivek K Tankha,Rajya Sabha,Madhya Pradesh,Sitting Rajya Sabha,Jabalpur,Seth Govind Das,,,Normal/Others,NA - Construction of community centers and community halls,DISTRICT COLLECTOR JABALPUR_IDA,2023-07-11,Action Pending,1000000,Unsanctioned
MPLADS-058373,Shri Vivek K Tankha,Rajya Sabha,Madhya Pradesh,Sitting Rajya Sabha,,,GHATIGAON,Par,Normal/Others,"WS/MP106/2023-2024/2357 - Construction of roads, link roads, pathways or any other road with or without drainage system",DISTRICT COLLECTOR GWALIOR_IDA,2023-07-05,Approved by IDA,1000000,Unsanctioned
MPLADS-058410,Shri Vivek K Tankha,Rajya Sabha,Madhya Pradesh,Sitting Rajya Sabha,,,RAON,Niwsai,Normal/Others,WS/MP106/2023-2024/2363 - Installing hand pumps,DISTRICT COLLECTOR BHIND_IDA,2023-07-05,Approved by IDA,120000,Sanctioned
MPLADS-058411,Shri Vivek K Tankha,Rajya Sabha,Madhya Pradesh,Sitting Rajya Sabha,,,RAON,Niwsai,Normal/Others,WS/MP106/2023-2024/2362 - Installing hand pumps,DISTRICT COLLECTOR BHIND_IDA,2023-07-05,Approved by IDA,120000,Sanctioned
MPLADS-058412,Shri Vivek K Tankha,Rajya Sabha,Madhya Pradesh,Sitting Rajya Sabha,,,JABALPUR,Nanhakheda,Normal/Others,NA - Construction of buildings for community cultural activities,DISTRICT COLLECTOR JABALPUR_IDA,2023-07-05,Action Pending,300000,Unsanctioned
MPLADS-058413,Shri Vivek K Tankha,Rajya Sabha,Madhya Pradesh,Sitting Rajya Sabha,,,JABALPUR,Khapa Gwari,Normal/Others,NA - Construction of buildings for community cultural activities,DISTRICT COLLECTOR JABALPUR_IDA,2023-07-05,Action Pending,200000,Unsanctioned
MPLADS-058414,Shri Vivek K Tankha,Rajya Sabha,Madhya Pradesh,Sitting Rajya Sabha,,,JABALPUR,Khapa Gwari,Normal/Others,NA - Construction of buildings for community cultural activities,DISTRICT COLLECTOR JABALPUR_IDA,2023-07-05,Action Pending,300000,Unsanctioned
MPLADS-058449,Gajendra Singh Patel,Lok Sabha,Madhya Pradesh,KHARGONE(ST),Barwani,10,,,Normal/Others,NA - Construction of bus-sheds or bus-stops,DISTRICT COLLECTOR BADWANI_IDA,2023-07-04,Rejected by IDA,300000,Unsanctioned
MPLADS-058799,Shankar Lalwani,Lok Sabha,Madhya Pradesh,INDORE,Indore,Ward-64 Dev Nagar,,,Normal/Others,WS/MP650/2023-2024/1904 - Installing tube-wells and borewells,DISTRICT COLLECTOR INDORE_IDA,2023-06-30,Approved by IDA,378200,Sanctioned
MPLADS-058810,Shankar Lalwani,Lok Sabha,Madhya Pradesh,INDORE,Indore,Ward-64,,,Normal/Others,WS/MP650/2023-2024/1903 - Installing tube-wells and borewells,DISTRICT COLLECTOR INDORE_IDA,2023-06-30,Approved by IDA,380200,Sanctioned
MPLADS-058945,Shri Vivek K Tankha,Rajya Sabha,Madhya Pradesh,Sitting Rajya Sabha,,,SIHAWAL,Sonvarsha,Normal/Others,NA - Installing hand pumps,DISTRICT COLLECTOR SIDHI_IDA,2023-06-28,Action Pending,114000,Unsanctioned
MPLADS-058974,Shri Vivek K Tankha,Rajya Sabha,Madhya Pradesh,Sitting Rajya Sabha,,,SIHAWAL,Balhaya,Normal/Others,NA - Installing hand pumps,DISTRICT COLLECTOR SIDHI_IDA,2023-06-28,Action Pending,130000,Unsanctioned
MPLADS-058975,Shri Vivek K Tankha,Rajya Sabha,Madhya Pradesh,Sitting Rajya Sabha,,,SIHAWAL,Duara,Normal/Others,NA - Installing hand pumps,DISTRICT COLLECTOR SIDHI_IDA,2023-06-28,Action Pending,114000,Unsanctioned
MPLADS-058976,Shri Vivek K Tankha,Rajya Sabha,Madhya Pradesh,Sitting Rajya Sabha,,,SIHAWAL,Laua,Normal/Others,NA - Installing hand pumps,DISTRICT COLLECTOR SIDHI_IDA,2023-06-28,Action Pending,114000,Unsanctioned
MPLADS-058978,Shri Vivek K Tankha,Rajya Sabha,Madhya Pradesh,Sitting Rajya Sabha,,,SIHAWAL,Khorba Khas,Normal/Others,NA - Installing hand pumps,DISTRICT COLLECTOR SIDHI_IDA,2023-06-28,Action Pending,114000,Unsanctioned
MPLADS-058979,Shri Vivek K Tankha,Rajya Sabha,Madhya Pradesh,Sitting Rajya Sabha,,,SIHAWAL,Khorba Khas,Normal/Others,NA - Installing hand pumps,DISTRICT COLLECTOR SIDHI_IDA,2023-06-28,Action Pending,114000,Unsanctioned
MPLADS-059003,Shri Vivek K Tankha,Rajya Sabha,Madhya Pradesh,Sitting Rajya Sabha,MAJHAULI,Majhauli,,,Normal/Others,NA - Purchase of books for public libraries,DISTRICT COLLECTOR SIDHI_IDA,2023-06-26,Action Pending,50000,Unsanctioned
MPLADS-059004,Shri Vivek K Tankha,Rajya Sabha,Madhya Pradesh,Sitting Rajya Sabha,Jabalpur,Gulab Singh,,,Normal/Others,"WS/MP106/2023-2024/1639 - Construction of roads, approach roads, link roads and pathways",DISTRICT COLLECTOR JABALPUR_IDA,2023-06-26,Approved by IDA,53000,Unsanctioned
MPLADS-059006,Shri Vivek K Tankha,Rajya Sabha,Madhya Pradesh,Sitting Rajya Sabha,,,PRABHAT PATTAN,Eklahara (Eklara),Normal/Others,WS/MP106/2023-2024/1637 - Construction of community centers and community halls,DISTRICT COLLECTOR BETUL_IDA,2023-06-26,Approved by IDA,1000000,Unsanctioned
MPLADS-059007,Shri Vivek K Tankha,Rajya Sabha,Madhya Pradesh,Sitting Rajya Sabha,Jabalpur,Dada Babu Rao Paranjpe,,,Normal/Others,WS/MP106/2023-2024/1641 - Construction of buildings for community cultural activities,DISTRICT COLLECTOR JABALPUR_IDA,2023-06-26,Approved by IDA,172000,Unsanctioned
MPLADS-059008,Shri Vivek K Tankha,Rajya Sabha,Madhya Pradesh,Sitting Rajya Sabha,,,SIHAWAL,Rajgarh Kothar,Normal/Others,NA - Installing hand pumps,DISTRICT COLLECTOR SIDHI_IDA,2023-06-26,Action Pending,114000,Unsanctioned
MPLADS-059009,Shri Vivek K Tankha,Rajya Sabha,Madhya Pradesh,Sitting Rajya Sabha,Jabalpur,Dada Babu Rao Paranjpe,,,Normal/Others,WS/MP106/2023-2024/1640 - Construction of buildings for community cultural activities,DISTRICT COLLECTOR JABALPUR_IDA,2023-06-26,Approved by IDA,203000,Unsanctioned
MPLADS-059010,Shri Vivek K Tankha,Rajya Sabha,Madhya Pradesh,Sitting Rajya Sabha,Jabalpur,Gwarighat,,,Normal/Others,"WS/MP106/2023-2024/1643 - Construction of roads, approach roads, link roads and pathways",DISTRICT COLLECTOR JABALPUR_IDA,2023-06-26,Approved by IDA,140000,Unsanctioned
MPLADS-059011,Shri Vivek K Tankha,Rajya Sabha,Madhya Pradesh,Sitting Rajya Sabha,Jabalpur,Gwarighat,,,Normal/Others,"WS/MP106/2023-2024/1642 - Construction of roads, approach roads, link roads and pathways",DISTRICT COLLECTOR JABALPUR_IDA,2023-06-26,Approved by IDA,144000,Unsanctioned
MPLADS-059012,Shri Vivek K Tankha,Rajya Sabha,Madhya Pradesh,Sitting Rajya Sabha,Jabalpur,Maharana Pratap,,,Normal/Others,"WS/MP106/2023-2024/1648 - Construction of roads, approach roads, link roads and pathways",DISTRICT COLLECTOR JABALPUR_IDA,2023-06-26,Approved by IDA,135000,Unsanctioned
MPLADS-059013,Shri Vivek K Tankha,Rajya Sabha,Madhya Pradesh,Sitting Rajya Sabha,,,SIHAWAL,Gajraha,Normal/Others,NA - Installing hand pumps,DISTRICT COLLECTOR SIDHI_IDA,2023-06-26,Action Pending,114000,Unsanctioned
MPLADS-059014,Shri Vivek K Tankha,Rajya Sabha,Madhya Pradesh,Sitting Rajya Sabha,,,SIHAWAL,Kadiyar,Normal/Others,NA - Installing hand pumps,DISTRICT COLLECTOR SIDHI_IDA,2023-06-26,Action Pending,114000,Unsanctioned
MPLADS-059015,Shri Vivek K Tankha,Rajya Sabha,Madhya Pradesh,Sitting Rajya Sabha,Jabalpur,Indira Ghandhi,,,Normal/Others,"WS/MP106/2023-2024/1650 - Construction of roads, approach roads, link roads and pathways",DISTRICT COLLECTOR JABALPUR_IDA,2023-06-26,Approved by IDA,197000,Unsanctioned
MPLADS-059016,Shri Vivek K Tankha,Rajya Sabha,Madhya Pradesh,Sitting Rajya Sabha,Jabalpur,Maharana Pratap,,,Normal/Others,"WS/MP106/2023-2024/1649 - Construction of roads, approach roads, link roads and pathways",DISTRICT COLLECTOR JABALPUR_IDA,2023-06-26,Approved by IDA,133000,Unsanctioned
MPLADS-059017,Shri Vivek K Tankha,Rajya Sabha,Madhya Pradesh,Sitting Rajya Sabha,Jabalpur,Dada Babu Rao Paranjpe,,,Normal/Others,"WS/MP106/2023-2024/1646 - Construction of roads, approach roads, link roads and pathways",DISTRICT COLLECTOR JABALPUR_IDA,2023-06-26,Approved by IDA,236000,Unsanctioned
MPLADS-059018,Shri Vivek K Tankha,Rajya Sabha,Madhya Pradesh,Sitting Rajya Sabha,Jabalpur,Dada Babu Rao Paranjpe,,,Normal/Others,"WS/MP106/2023-2024/1645 - Construction of roads, approach roads, link roads and pathways",DISTRICT COLLECTOR JABALPUR_IDA,2023-06-26,Approved by IDA,235000,Unsanctioned
MPLADS-059019,Shri Vivek K Tankha,Rajya Sabha,Madhya Pradesh,Sitting Rajya Sabha,Jabalpur,Gwarighat,,,Normal/Others,"WS/MP106/2023-2024/1644 - Construction of roads, approach roads, link roads and pathways",DISTRICT COLLECTOR JABALPUR_IDA,2023-06-26,Approved by IDA,218000,Unsanctioned
MPLADS-059021,Shri Vivek K Tankha,Rajya Sabha,Madhya Pradesh,Sitting Rajya Sabha,Jabalpur,Dada Babu Rao Paranjpe,,,Normal/Others,WS/MP106/2023-2024/1647 - Construction of culverts and bridges,DISTRICT COLLECTOR JABALPUR_IDA,2023-06-26,Approved by IDA,129000,Unsanctioned
MPLADS-059022,Shri Vivek K Tankha,Rajya Sabha,Madhya Pradesh,Sitting Rajya Sabha,,,PATAN,Kakarhata,Normal/Others,WS/MP106/2023-2024/1636 - Installing tube-wells and borewells,DISTRICT COLLECTOR JABALPUR_IDA,2023-06-25,Approved by IDA,155000,Unsanctioned
MPLADS-059023,Shri Vivek K Tankha,Rajya Sabha,Madhya Pradesh,Sitting Rajya Sabha,Bhind,Gohad,,,Normal/Others,"NA - Construction of roads, approach roads, link roads and pathways",DISTRICT COLLECTOR BHIND_IDA,2023-06-25,Action Pending,250000,Unsanctioned
MPLADS-059024,Shri Vivek K Tankha,Rajya Sabha,Madhya Pradesh,Sitting Rajya Sabha,Bhind,Gohad,,,Normal/Others,"NA - Construction of roads, approach roads, link roads and pathways",DISTRICT COLLECTOR BHIND_IDA,2023-06-25,Action Pending,250000,Unsanctioned
MPLADS-059027,Shri Vivek K Tankha,Rajya Sabha,Madhya Pradesh,Sitting Rajya Sabha,Jabalpur,76 Naya ward pariyat,,,Normal/Others,NA - Installing tube-wells and borewells,DISTRICT COLLECTOR JABALPUR_IDA,2023-06-25,Action Pending,123000,Unsanctioned
MPLADS-059028,Shri Vivek K Tankha,Rajya Sabha,Madhya Pradesh,Sitting Rajya Sabha,,,GOTEGAON,Manegaon,Normal/Others,"WS/MP106/2023-2024/1631 - Construction of roads, link roads, pathways or any other road with or without drainage system",DISTRICT COLLECTOR NARSINGHPUR_IDA,2023-06-25,Approved by IDA,300000,Sanctioned
MPLADS-059032,Shri Vivek K Tankha,Rajya Sabha,Madhya Pradesh,Sitting Rajya Sabha,Jabalpur,Maharshi Arvind ward,,,Normal/Others,NA - Construction of community centers and community halls,DISTRICT COLLECTOR JABALPUR_IDA,2023-06-25,Action Pending,500000,Unsanctioned
MPLADS-059033,Shri Vivek K Tankha,Rajya Sabha,Madhya Pradesh,Sitting Rajya Sabha,Jabalpur,Radhakrishnan ward,,,Normal/Others,NA - Construction of community centers and community halls,DISTRICT COLLECTOR JABALPUR_IDA,2023-06-25,Action Pending,500000,Unsanctioned
MPLADS-059034,Shri Vivek K Tankha,Rajya Sabha,Madhya Pradesh,Sitting Rajya Sabha,Jabalpur,Pt Deendayal Upadhyay,,,Normal/Others,WS/MP106/2023-2024/1627 - Construction of boundary walls of existing public and community buildings,DISTRICT COLLECTOR JABALPUR_IDA,2023-06-25,Approved by IDA,1000000,Unsanctioned
MPLADS-059035,Shri Vivek K Tankha,Rajya Sabha,Madhya Pradesh,Sitting Rajya Sabha,,,PATAN,Gunj Khamariya,Normal/Others,"WS/MP106/2023-2024/1633 - Construction of roads, approach roads, link roads and pathways",DISTRICT COLLECTOR JABALPUR_IDA,2023-06-25,Approved by IDA,200000,Sanctioned
MPLADS-059038,Shri Vivek K Tankha,Rajya Sabha,Madhya Pradesh,Sitting Rajya Sabha,,,JABALPUR,Bargi,Normal/Others,NA - Construction of buildings for community cultural activities,DISTRICT COLLECTOR JABALPUR_IDA,2023-06-25,Action Pending,300000,Unsanctioned
MPLADS-059039,Shri Vivek K Tankha,Rajya Sabha,Madhya Pradesh,Sitting Rajya Sabha,,,JABALPUR,Saliwada,Normal/Others,NA - Construction of community centers and community halls,DISTRICT COLLECTOR JABALPUR_IDA,2023-06-25,Action Pending,400000,Unsanctioned
MPLADS-059040,Shri Vivek K Tankha,Rajya Sabha,Madhya Pradesh,Sitting Rajya Sabha,,,JABALPUR,Sagda Jhapani,Normal/Others,NA - Construction of buildings for community cultural activities,DISTRICT COLLECTOR JABALPUR_IDA,2023-06-25,Action Pending,300000,Unsanctioned
MPLADS-059041,Shri Vivek K Tankha,Rajya Sabha,Madhya Pradesh,Sitting Rajya Sabha,Kotma,Kotma,,,Normal/Others,NA - Installing community drinking water plants,DISTRICT COLLECTOR ANUPPUR_IDA,2023-06-24,Rejected by IDA,46588,Unsanctioned
MPLADS-059043,Shri Vivek K Tankha,Rajya Sabha,Madhya Pradesh,Sitting Rajya Sabha,,,NISARPUR,Bheslai,Normal/Others,NA - Providing drains and gutters for public drainage,DISTRICT COLLECTOR DHAR_IDA,2023-06-24,Action Pending,500000,Unsanctioned
MPLADS-059045,Shri Vivek K Tankha,Rajya Sabha,Madhya Pradesh,Sitting Rajya Sabha,Jabalpur,Shubhadra Kumari Chouhan,,,Normal/Others,NA - Installing tube-wells and borewells,DISTRICT COLLECTOR JABALPUR_IDA,2023-06-24,Action Pending,286823,Unsanctioned
MPLADS-059052,Shri Vivek K Tankha,Rajya Sabha,Madhya Pradesh,Sitting Rajya Sabha,,,GOTEGAON,Jhot,Normal/Others,NA - Construction of community centers and community halls,DISTRICT COLLECTOR NARSINGHPUR_IDA,2023-06-24,Action Pending,700000,Unsanctioned
MPLADS-059054,Shri Vivek K Tankha,Rajya Sabha,Madhya Pradesh,Sitting Rajya Sabha,,,GOTEGAON,Pipariya (Mushran),Normal/Others,NA - Construction of community centers and community halls,DISTRICT COLLECTOR NARSINGHPUR_IDA,2023-06-24,Action Pending,640000,Unsanctioned
MPLADS-059055,Shri Vivek K Tankha,Rajya Sabha,Madhya Pradesh,Sitting Rajya Sabha,,,GOTEGAON,Pipariya (Mushran),Normal/Others,NA - Construction of community centers and community halls,DISTRICT COLLECTOR NARSINGHPUR_IDA,2023-06-24,Action Pending,700000,Unsanctioned
MPLADS-059056,Shri Vivek K Tankha,Rajya Sabha,Madhya Pradesh,Sitting Rajya Sabha,Mauganj,Mauganj,,,Normal/Others,"NA - Construction of Government office buildings (Post office, Police station, Police chauki, etc.)",DISTRICT COLLECTOR REWA_IDA,2023-06-24,Action Pending,100000,Unsanctioned
MPLADS-059057,Shri Vivek K Tankha,Rajya Sabha,Madhya Pradesh,Sitting Rajya Sabha,Mauganj,Mauganj,,,Normal/Others,NA - Installing community drinking water plants,DISTRICT COLLECTOR REWA_IDA,2023-06-24,Action Pending,93176,Unsanctioned
MPLADS-059058,Shri Vivek K Tankha,Rajya Sabha,Madhya Pradesh,Sitting Rajya Sabha,Mauganj,Mauganj,,,Normal/Others,NA - Purchase of books for public libraries,DISTRICT COLLECTOR REWA_IDA,2023-06-24,Action Pending,50000,Unsanctioned
MPLADS-059059,Shri Vivek K Tankha,Rajya Sabha,Madhya Pradesh,Sitting Rajya Sabha,Jabalpur,PANAGAR,,,Normal/Others,NA - Installing community drinking water plants,DISTRICT COLLECTOR JABALPUR_IDA,2023-06-24,Action Pending,46588,Unsanctioned
MPLADS-059060,Shri Vivek K Tankha,Rajya Sabha,Madhya Pradesh,Sitting Rajya Sabha,,,MORENA,Husainpur,Normal/Others,WS/MP106/2023-2024/1593 - Construction of rooms and halls in school and colleges,DISTRICT COLLECTOR MORENA_IDA,2023-06-24,Approved by IDA,500000,Sanctioned
MPLADS-059062,Shri Vivek K Tankha,Rajya Sabha,Madhya Pradesh,Sitting Rajya Sabha,Jabalpur,38-PT MOTILAL NEHRU,,,Normal/Others,NA - Installing community drinking water plants,DISTRICT COLLECTOR JABALPUR_IDA,2023-06-24,Action Pending,46588,Unsanctioned
MPLADS-059063,Shri Vivek K Tankha,Rajya Sabha,Madhya Pradesh,Sitting Rajya Sabha,Jabalpur,38-PT MOTILAL NEHRU,,,Normal/Others,NA - Installing community drinking water plants,DISTRICT COLLECTOR JABALPUR_IDA,2023-06-24,Action Pending,46588,Unsanctioned
MPLADS-059098,Shri Vivek K Tankha,Rajya Sabha,Madhya Pradesh,Sitting Rajya Sabha,Gadarwara,Damru Ghati,,,Normal/Others,NA - Construction of shelters for animals,DISTRICT COLLECTOR NARSINGHPUR_IDA,2023-06-23,Action Pending,300000,Unsanctioned
MPLADS-059111,Shri Vivek K Tankha,Rajya Sabha,Madhya Pradesh,Sitting Rajya Sabha,,,JABALPUR,Purwa,Normal/Others,WS/MP106/2023-2024/1522 - Providing supply pipelines for drinking water,DISTRICT COLLECTOR JABALPUR_IDA,2023-06-23,Approved by IDA,300000,Unsanctioned
MPLADS-059126,Shri Vivek K Tankha,Rajya Sabha,Madhya Pradesh,Sitting Rajya Sabha,Jabalpur,Gwarighat,,,Normal/Others,NA - Construction of additional rooms and halls in the existing public and community building,DISTRICT COLLECTOR JABALPUR_IDA,2023-06-23,Action Pending,250000,Unsanctioned
MPLADS-059127,Shri Vivek K Tankha,Rajya Sabha,Madhya Pradesh,Sitting Rajya Sabha,Katangi,Katangi,,,Normal/Others,NA - Installing community drinking water plants,DISTRICT COLLECTOR JABALPUR_IDA,2023-06-23,Action Pending,46588,Unsanctioned
MPLADS-059128,Shri Vivek K Tankha,Rajya Sabha,Madhya Pradesh,Sitting Rajya Sabha,,,MAJHOULI,Majauli,Normal/Others,NA - Installing community drinking water plants,DISTRICT COLLECTOR JABALPUR_IDA,2023-06-23,Action Pending,46588,Unsanctioned
MPLADS-059129,Shri Vivek K Tankha,Rajya Sabha,Madhya Pradesh,Sitting Rajya Sabha,,,PANAGAR,Madna,Normal/Others,WS/MP106/2023-2024/1518 - Construction of community centers and community halls,DISTRICT COLLECTOR JABALPUR_IDA,2023-06-23,Approved by IDA,300000,Unsanctioned
MPLADS-059130,Shri Vivek K Tankha,Rajya Sabha,Madhya Pradesh,Sitting Rajya Sabha,,,KUNDAM,Tauri,Normal/Others,WS/MP106/2023-2024/1517 - Construction of buildings for community cultural activities,DISTRICT COLLECTOR JABALPUR_IDA,2023-06-23,Approved by IDA,300000,Unsanctioned
MPLADS-059131,Shri Vivek K Tankha,Rajya Sabha,Madhya Pradesh,Sitting Rajya Sabha,,,KUNDAM,Jhirna,Normal/Others,NA - Construction of buildings for community cultural activities,DISTRICT COLLECTOR JABALPUR_IDA,2023-06-23,Action Pending,250000,Unsanctioned
MPLADS-059156,Shri Vivek K Tankha,Rajya Sabha,Madhya Pradesh,Sitting Rajya Sabha,Narsimhapur,police line,,,Normal/Others,"WS/MP106/2023-2024/1439 - Construction of roads, approach roads, link roads and pathways",DISTRICT COLLECTOR NARSINGHPUR_IDA,2023-06-22,Approved by IDA,500000,Completed
MPLADS-059165,Shri Vivek K Tankha,Rajya Sabha,Madhya Pradesh,Sitting Rajya Sabha,Jabalpur,cantt board,,,Normal/Others,NA - Installing tube-wells and borewells,DISTRICT COLLECTOR JABALPUR_IDA,2023-06-22,Action Pending,123000,Unsanctioned
MPLADS-059166,Shri Vivek K Tankha,Rajya Sabha,Madhya Pradesh,Sitting Rajya Sabha,Jabalpur,23-Lokmanya Tilak Ward,,,Normal/Others,NA - Installing tube-wells and borewells,DISTRICT COLLECTOR JABALPUR_IDA,2023-06-22,Action Pending,286823,Unsanctioned
