WORK_ID,MP_NAME,HOUSE,STATE,CONSTITUENCY,CITY,WARD,BLOCK,VILLAGE,WORK_CATEGORY,WORK_DESCRIPTION,IMPLEMENTING_AUTHORITY,RECOMMENDED_DATE,IDA_APPROVAL,ALLOCATION_AMOUNT,STATUS
MPLADS-000681,SHRI Devender Paul Vats,Rajya Sabha,Haryana,Sitting Rajya Sabha,,,Narwana,Dablain (76),Normal/Others,NA - Purchase of mobile water tankers,Deputy Commissioner Jind_IDA,2024-02-25,Action Pending,155000,Unsanctioned
MPLADS-000682,Brijendra Singh,Lok Sabha,Haryana,HISAR,,,Adampur,Mothsara(221),Normal/Others,NA - Purchase of mobile water tankers,DEPUTY COMMISSIONER HISSAR_IDA,2024-02-25,Action Pending,155000,Unsanctioned
MPLADS-001210,Shri Dharambir Singh ,Lok Sabha,Haryana,BHIWANI MAHENDRAGARH,,,Dadri,Jhojhu Kalan(71),Normal/Others,NA - Purchase of mobile sanitation equipment,Deputy Commissioner Charkhi Dadri_IDA,2024-02-19,Action Pending,400000,Unsanctioned
MPLADS-001211,SHRI Devender Paul Vats,Rajya Sabha,Haryana,Sitting Rajya Sabha,,,Ambala,Laotan (291),Trust and Society,NA - Construction of boundary walls of existing public and community buildings,DEPUTY COMMISSIONER AMBALA_IDA,2024-02-19,Action Pending,250000,Unsanctioned
MPLADS-001212,SHRI Devender Paul Vats,Rajya Sabha,Haryana,Sitting Rajya Sabha,,,Hansi,Jamawari(122),Normal/Others,NA - Purchase of mobile water tankers,DEPUTY COMMISSIONER HISSAR_IDA,2024-02-19,Action Pending,155000,Unsanctioned
MPLADS-001213,SHRI Deepender Singh,Rajya Sabha,Haryana,Sitting Rajya Sabha,Faridabad,Faridabad (M Corp.) - Ward No.15,,,Normal/Others,NA - Development of public parks,DEPUTY COMMISSIONER FARIDABAD_IDA,2024-02-19,Action Pending,1500000,Unsanctioned
MPLADS-001412,SHRI Devender Paul Vats,Rajya Sabha,Haryana,Sitting Rajya Sabha,,,Hisar,Agroha(54),Normal/Others,NA - Construction of community centers and community halls,DEPUTY COMMISSIONER HISSAR_IDA,2024-02-18,Action Pending,4500000,Unsanctioned
MPLADS-001413,SHRI Devender Paul Vats,Rajya Sabha,Haryana,Sitting Rajya Sabha,,,Rohtak,Pahrawar(69),Normal/Others,NA - Installation of fixed garden gym equipment,DEPUTY COMMISSIONER ROHTAK_IDA,2024-02-18,Action Pending,200000,Unsanctioned
MPLADS-001414,SHRI Devender Paul Vats,Rajya Sabha,Haryana,Sitting Rajya Sabha,,,Rohtak,Pahrawar(69),Normal/Others,NA - Purchase of mobile water tankers,DEPUTY COMMISSIONER ROHTAK_IDA,2024-02-18,Action Pending,155000,Unsanctioned
MPLADS-001415,SHRI Devender Paul Vats,Rajya Sabha,Haryana,Sitting Rajya Sabha,,,Gohana,Chhichhrana (88),Normal/Others,NA - Purchase of mobile water tankers,DEPUTY COMMISSIONER SONEPAT_IDA,2024-02-18,Action Pending,155000,Unsanctioned
MPLADS-001416,SHRI Devender Paul Vats,Rajya Sabha,Haryana,Sitting Rajya Sabha,,,Bhiwani,Asalwas Dubia (54),Normal/Others,NA - Purchase of mobile water tankers,Deputy Commissioner Bhiwani_IDA,2024-02-18,Action Pending,155000,Unsanctioned
MPLADS-001696,Brijendra Singh,Lok Sabha,Haryana,HISAR,,,Barwala,Barwala (Rural)(128),Normal/Others,NA - Purchase of mobile water tankers,DEPUTY COMMISSIONER HISSAR_IDA,2024-02-15,Action Pending,158000,Unsanctioned
MPLADS-001701,Brijendra Singh,Lok Sabha,Haryana,HISAR,,,Bass,Sisar(100),Normal/Others,NA - Purchase of mobile water tankers,DEPUTY COMMISSIONER HISSAR_IDA,2024-02-15,Action Pending,155000,Unsanctioned
MPLADS-001702,Brijendra Singh,Lok Sabha,Haryana,HISAR,,,Adampur,Mahalsara(40),Normal/Others,NA - Purchase of mobile water tankers,DEPUTY COMMISSIONER HISSAR_IDA,2024-02-15,Action Pending,155000,Unsanctioned
MPLADS-001703,Brijendra Singh,Lok Sabha,Haryana,HISAR,,,Adampur,Khasa Mahajanan(96),Normal/Others,NA - Purchase of mobile water tankers,DEPUTY COMMISSIONER HISSAR_IDA,2024-02-15,Action Pending,155000,Unsanctioned
MPLADS-001704,Brijendra Singh,Lok Sabha,Haryana,HISAR,,,Balsamand St,Bhiwani Ruhelan(50),Normal/Others,NA - Purchase of mobile water tankers,DEPUTY COMMISSIONER HISSAR_IDA,2024-02-15,Action Pending,155000,Unsanctioned
MPLADS-001705,Brijendra Singh,Lok Sabha,Haryana,HISAR,,,Hisar,Hari Kot(220),Normal/Others,NA - Purchase of mobile water tankers,DEPUTY COMMISSIONER HISSAR_IDA,2024-02-15,Action Pending,158000,Unsanctioned
MPLADS-001706,Brijendra Singh,Lok Sabha,Haryana,HISAR,,,Kheri Jalab St,Sarsana(21),Normal/Others,NA - Purchase of mobile water tankers,DEPUTY COMMISSIONER HISSAR_IDA,2024-02-15,Action Pending,155000,Unsanctioned
MPLADS-001707,Brijendra Singh,Lok Sabha,Haryana,HISAR,,,Hansi,Kulana(114),Normal/Others,NA - Purchase of mobile water tankers,DEPUTY COMMISSIONER HISSAR_IDA,2024-02-15,Action Pending,155000,Unsanctioned
MPLADS-001708,Brijendra Singh,Lok Sabha,Haryana,HISAR,,,Kheri Jalab St,Nara (4),Normal/Others,NA - Purchase of mobile water tankers,DEPUTY COMMISSIONER HISSAR_IDA,2024-02-15,Action Pending,155000,Unsanctioned
MPLADS-001710,Brijendra Singh,Lok Sabha,Haryana,HISAR,,,Narnaund,Raj Thal (70),Normal/Others,NA - Purchase of mobile water tankers,DEPUTY COMMISSIONER HISSAR_IDA,2024-02-15,Action Pending,155000,Unsanctioned
MPLADS-001738,SHRI Devender Paul Vats,Rajya Sabha,Haryana,Sitting Rajya Sabha,,,Hisar,Dabra(164),Normal/Others,NA - Purchase of mobile water tankers,DEPUTY COMMISSIONER HISSAR_IDA,2024-02-14,Action Pending,155000,Unsanctioned
MPLADS-001744,Nayab Singh,Lok Sabha,Haryana,KURUKSHETRA,,,Thanesar,Morthala (107),Normal/Others,NA - Construction of additional rooms and halls in the existing public and community building,DEPUTY COMMISSIONER KURUKSHETRA_IDA,2024-02-14,Action Pending,500000,Unsanctioned
MPLADS-001746,Nayab Singh,Lok Sabha,Haryana,KURUKSHETRA,,,Thanesar,Raogarh (427),Normal/Others,NA - Construction of boundary walls of existing public and community buildings,DEPUTY COMMISSIONER KURUKSHETRA_IDA,2024-02-14,Action Pending,500000,Unsanctioned
MPLADS-001747,Nayab Singh,Lok Sabha,Haryana,KURUKSHETRA,,,Pehowa,Urnai (329),Normal/Others,"NA - Construction of roads, link roads, pathways or any other road with or without drainage system",DEPUTY COMMISSIONER KURUKSHETRA_IDA,2024-02-14,Action Pending,1100000,Unsanctioned
MPLADS-001764,Nayab Singh,Lok Sabha,Haryana,KURUKSHETRA,,,Pehowa,Arnaicha,Normal/Others,"NA - Construction of roads, link roads, pathways or any other road with or without drainage system",DEPUTY COMMISSIONER KURUKSHETRA_IDA,2024-02-14,Action Pending,500000,Unsanctioned
MPLADS-001826,Arvind Kumar Sharma,Lok Sabha,Haryana,ROHTAK,,,Palhawas St,Jatusana (106),Normal/Others,NA - Construction of common work sheds/ common covered sitting area,DEPUTY COMMISSIONER REWARI_IDA,2024-02-13,Action Pending,500000,Unsanctioned
MPLADS-001834,Rao Inderjit Singh,Lok Sabha,Haryana,GURGAON,,,Farrukhnagar,Jamalpur(28),Normal/Others,NA - Development of public parks,Deputy Commissioner Gurugram_IDA,2024-02-12,Action Pending,1000000,Unsanctioned
MPLADS-001835,SHRI Devender Paul Vats,Rajya Sabha,Haryana,Sitting Rajya Sabha,,,Hisar,Mangali Akalan(161),Normal/Others,NA - Purchase of mobile water tankers,DEPUTY COMMISSIONER HISSAR_IDA,2024-02-12,Action Pending,155000,Unsanctioned
MPLADS-001853,SHRI Devender Paul Vats,Rajya Sabha,Haryana,Sitting Rajya Sabha,,,Tosham,Tosham (Ct),Normal/Others,NA - Purchase of mobile water tankers,Deputy Commissioner Bhiwani_IDA,2024-02-12,Action Pending,155000,Unsanctioned
MPLADS-002046,SHRI Devender Paul Vats,Rajya Sabha,Haryana,Sitting Rajya Sabha,,,Kalanaur,Kalanaur Khurd (Part)(127),Normal/Others,NA - Construction of community centers and community halls,DEPUTY COMMISSIONER ROHTAK_IDA,2024-02-11,Action Pending,200000,Unsanctioned
MPLADS-002251,SHRI Devender Paul Vats,Rajya Sabha,Haryana,Sitting Rajya Sabha,,,Julana,Brahmanwas (25),Normal/Others,NA - Purchase of mobile water tankers,Deputy Commissioner Jind_IDA,2024-02-10,Action Pending,155000,Unsanctioned
MPLADS-002433,SHRI Devender Paul Vats,Rajya Sabha,Haryana,Sitting Rajya Sabha,Jind,Jind (M Cl ) - Ward No.18,,,Trust and Society,NA - Construction of public libraries and reading rooms,Deputy Commissioner Jind_IDA,2024-02-09,Action Pending,300000,Unsanctioned
MPLADS-002434,SHRI Devender Paul Vats,Rajya Sabha,Haryana,Sitting Rajya Sabha,,,Bahadurgarh,Mandothi(53),Normal/Others,NA - Construction of community centers and community halls,Deputy Commissioner Jhajjar_IDA,2024-02-09,Action Pending,500000,Unsanctioned
MPLADS-002676,Rao Inderjit Singh,Lok Sabha,Haryana,GURGAON,,,Pataudi,Ghudana(9),Normal/Others,"NA - Construction of roads, link roads, pathways or any other road with or without drainage system",Deputy Commissioner Gurugram_IDA,2024-02-08,Action Pending,800000,Unsanctioned
MPLADS-002689,Rao Inderjit Singh,Lok Sabha,Haryana,GURGAON,,,Sohna,Sancholi (205),Normal/Others,"NA - Construction of roads, link roads, pathways or any other road with or without drainage system",Deputy Commissioner Gurugram_IDA,2024-02-08,Action Pending,58000,Unsanctioned
MPLADS-002757,Rao Inderjit Singh,Lok Sabha,Haryana,GURGAON,,,Farrukhnagar,Janaula(25),Normal/Others,"NA - Construction of roads, link roads, pathways or any other road with or without drainage system",Deputy Commissioner Gurugram_IDA,2024-02-07,Action Pending,1000000,Unsanctioned
MPLADS-002759,Rao Inderjit Singh,Lok Sabha,Haryana,GURGAON,,,Farrukhnagar,Dhanawas(119),Normal/Others,"NA - Construction of roads, link roads, pathways or any other road with or without drainage system",Deputy Commissioner Gurugram_IDA,2024-02-07,Action Pending,500000,Unsanctioned
MPLADS-002764,Rao Inderjit Singh,Lok Sabha,Haryana,GURGAON,,,Pataudi,Inchhapuri(264),Normal/Others,"NA - Construction of roads, link roads, pathways or any other road with or without drainage system",Deputy Commissioner Gurugram_IDA,2024-02-07,Action Pending,300000,Unsanctioned
MPLADS-002768,Rao Inderjit Singh,Lok Sabha,Haryana,GURGAON,,,Pataudi,Rajpura(8),Normal/Others,"NA - Construction of roads, link roads, pathways or any other road with or without drainage system",Deputy Commissioner Gurugram_IDA,2024-02-07,Action Pending,500000,Unsanctioned
MPLADS-002772,Rao Inderjit Singh,Lok Sabha,Haryana,GURGAON,,,Pataudi,Husainka(15),Repair and Renovation,NA - Construction of boundary walls of existing public and community buildings,Deputy Commissioner Gurugram_IDA,2024-02-07,Action Pending,700000,Unsanctioned
MPLADS-003003,Sunita Duggal,Lok Sabha,Haryana,SIRSA(SC),,,Bhuna St,Nehla(59),Normal/Others,NA - Construction of rooms and halls in school and colleges,Deputy Commissioner Fatehabd_IDA,2024-02-04,Action Pending,285000,Unsanctioned
MPLADS-003004,Sunita Duggal,Lok Sabha,Haryana,SIRSA(SC),Fatehabad,Fatehabad,,,Normal/Others,NA - Construction of community centers and community halls,Deputy Commissioner Fatehabd_IDA,2024-02-04,Action Pending,500000,Unsanctioned
MPLADS-003009,SHRI Ram Chander Jangra,Rajya Sabha,Haryana,Sitting Rajya Sabha,,,Kalanaur,Bhali Anandpur (98),Normal/Others,NA - Construction of community centers and community halls,DEPUTY COMMISSIONER ROHTAK_IDA,2024-02-04,Action Pending,1100000,Unsanctioned
MPLADS-003011,Sunita Duggal,Lok Sabha,Haryana,SIRSA(SC),,,Bhuna St,Nehla(59),Normal/Others,NA - Construction of toilet blocks,Deputy Commissioner Fatehabd_IDA,2024-02-04,Action Pending,255000,Unsanctioned
MPLADS-003012,Sunita Duggal,Lok Sabha,Haryana,SIRSA(SC),,,Bhuna St,Nehla(59),Normal/Others,NA - Construction of community centers and community halls,Deputy Commissioner Fatehabd_IDA,2024-02-04,Action Pending,306000,Unsanctioned
MPLADS-003360,SHRI Devender Paul Vats,Rajya Sabha,Haryana,Sitting Rajya Sabha,Hisar,Saini Sabha trust Hisar,,,Trust and Society,NA - Construction of community centers and community halls,DEPUTY COMMISSIONER HISSAR_IDA,2024-02-02,Action Pending,500000,Unsanctioned
MPLADS-003407,Sunita Duggal,Lok Sabha,Haryana,SIRSA(SC),Narwana,"ward no. 3, Narwana",,,Normal/Others,NA - Construction of community centers and community halls,Deputy Commissioner Jind_IDA,2024-01-31,Action Pending,500000,Unsanctioned
MPLADS-003414,Rao Inderjit Singh,Lok Sabha,Haryana,GURGAON,,,Nuh,Salamba (154) (Ct),Normal/Others,"WS/MP516/2023-2024/91570 - Construction of roads, link roads, pathways or any other road with or without drainage system",Deputy Commissioner Nuh_IDA,2024-01-30,Approved by IDA,500000,Unsanctioned
MPLADS-003434,Rao Inderjit Singh,Lok Sabha,Haryana,GURGAON,,,Farrukhnagar,Alimudinpur(11),Trust and Society,NA - Construction of public libraries and reading rooms,Deputy Commissioner Gurugram_IDA,2024-01-30,Action Pending,1100000,Unsanctioned
MPLADS-003435,SHRI Ram Chander Jangra,Rajya Sabha,Haryana,Sitting Rajya Sabha,Meham,MC Meham,,,Normal/Others,NA - Construction of rooms and halls in school and colleges,DEPUTY COMMISSIONER ROHTAK_IDA,2024-01-30,Action Pending,100000,Unsanctioned
MPLADS-003458,SHRI Deepender Singh,Rajya Sabha,Haryana,Sitting Rajya Sabha,,,Kharkhoda,Bidhlan ( 6r),Repair and Renovation,NA - Construction of buildings for community cultural activities,DEPUTY COMMISSIONER SONEPAT_IDA,2024-01-29,Action Pending,500000,Unsanctioned
MPLADS-003459,SHRI Devender Paul Vats,Rajya Sabha,Haryana,Sitting Rajya Sabha,Ladwa,Indira Gandhi National College Ladwa,,,Normal/Others,NA - Construction of public toilets and bathrooms,DEPUTY COMMISSIONER KURUKSHETRA_IDA,2024-01-29,Action Pending,500000,Unsanctioned
MPLADS-003460,SHRI Ram Chander Jangra,Rajya Sabha,Haryana,Sitting Rajya Sabha,Jind,ward 3,,,Normal/Others,NA - Construction of rooms and halls in school and colleges,Deputy Commissioner Jind_IDA,2024-01-29,Action Pending,1100000,Unsanctioned
MPLADS-003463,SHRI Ram Chander Jangra,Rajya Sabha,Haryana,Sitting Rajya Sabha,Jind,ward 9,,,Normal/Others,NA - Construction of community centers and community halls,Deputy Commissioner Jind_IDA,2024-01-29,Action Pending,1100000,Unsanctioned
MPLADS-003464,Rao Inderjit Singh,Lok Sabha,Haryana,GURGAON,,,Farrukhnagar,Bohara Kalan(134),Normal/Others,"NA - Construction of roads, link roads, pathways or any other road with or without drainage system",Deputy Commissioner Gurugram_IDA,2024-01-29,Action Pending,300000,Unsanctioned
MPLADS-003475,Rao Inderjit Singh,Lok Sabha,Haryana,GURGAON,,,Bawal,Kamalpur (48),Normal/Others,"NA - Construction of roads, link roads, pathways or any other road with or without drainage system",DEPUTY COMMISSIONER REWARI_IDA,2024-01-29,Action Pending,1000000,Unsanctioned
MPLADS-003608,SHRI Devender Paul Vats,Rajya Sabha,Haryana,Sitting Rajya Sabha,,,Barwala,Bichpari(131),Normal/Others,NA - Purchase of mobile water tankers,DEPUTY COMMISSIONER HISSAR_IDA,2024-01-28,Action Pending,155000,Unsanctioned
MPLADS-003663,Ramesh Chander Kaushik,Lok Sabha,Haryana,SONEPAT,,,Ganaur,Shamashpur (135),Normal/Others,NA - Installation of multi-gym equipment,DEPUTY COMMISSIONER SONEPAT_IDA,2024-01-27,Action Pending,350000,Unsanctioned
MPLADS-003708,Ramesh Chander Kaushik,Lok Sabha,Haryana,SONEPAT,,,Ganaur,Ghasauli (2),Normal/Others,NA - Installation of multi-gym equipment,DEPUTY COMMISSIONER SONEPAT_IDA,2024-01-27,Action Pending,350000,Unsanctioned
MPLADS-003721,Ramesh Chander Kaushik,Lok Sabha,Haryana,SONEPAT,,,Ganaur,Datauli (110),Normal/Others,NA - Installation of multi-gym equipment,DEPUTY COMMISSIONER SONEPAT_IDA,2024-01-27,Action Pending,350000,Unsanctioned
MPLADS-003722,Ramesh Chander Kaushik,Lok Sabha,Haryana,SONEPAT,Safidon,MC Safidon,,,Normal/Others,"NA - Purchase of ambulances (Four, three and two wheelers)",Deputy Commissioner Jind_IDA,2024-01-27,Action Pending,1996000,Unsanctioned
MPLADS-003723,Ramesh Chander Kaushik,Lok Sabha,Haryana,SONEPAT,Jind,MC Jind,,,Normal/Others,"NA - Purchase of ambulances (Four, three and two wheelers)",Deputy Commissioner Jind_IDA,2024-01-27,Action Pending,1996000,Unsanctioned
MPLADS-003724,Ramesh Chander Kaushik,Lok Sabha,Haryana,SONEPAT,Gohana,MC Sonipat,,,Normal/Others,"NA - Purchase of ambulances (Four, three and two wheelers)",DEPUTY COMMISSIONER SONEPAT_IDA,2024-01-27,Action Pending,1996000,Unsanctioned
MPLADS-003725,Ramesh Chander Kaushik,Lok Sabha,Haryana,SONEPAT,Sonipat,MC Sonipat,,,Normal/Others,"NA - Purchase of ambulances (Four, three and two wheelers)",DEPUTY COMMISSIONER SONEPAT_IDA,2024-01-27,Action Pending,1996000,Unsanctioned
MPLADS-003950,Sunita Duggal,Lok Sabha,Haryana,SIRSA(SC),,,Fatehabad,Dhani Dhaka,Normal/Others,NA - Setting up of laboratories,Deputy Commissioner Fatehabd_IDA,2024-01-26,Action Pending,200000,Unsanctioned
MPLADS-003951,Sunita Duggal,Lok Sabha,Haryana,SIRSA(SC),,,Fatehabad,Bighar(44),Normal/Others,NA - Construction of community centers and community halls,Deputy Commissioner Fatehabd_IDA,2024-01-26,Action Pending,499000,Unsanctioned
MPLADS-003952,Nayab Singh,Lok Sabha,Haryana,KURUKSHETRA,,,Ladwa,Nakhrojpur (164),Normal/Others,NA - Construction of public toilets and bathrooms,DEPUTY COMMISSIONER KURUKSHETRA_IDA,2024-01-26,Action Pending,500000,Unsanctioned
MPLADS-003953,Nayab Singh,Lok Sabha,Haryana,KURUKSHETRA,,,Thanesar,Kaulapur (349),Normal/Others,NA - Construction of community centers and community halls,DEPUTY COMMISSIONER KURUKSHETRA_IDA,2024-01-26,Action Pending,700000,Unsanctioned
MPLADS-003954,Nayab Singh,Lok Sabha,Haryana,KURUKSHETRA,,,Thanesar,Umri (Part)(370),Normal/Others,NA - Construction of community centers and community halls,DEPUTY COMMISSIONER KURUKSHETRA_IDA,2024-01-26,Action Pending,1000000,Unsanctioned
MPLADS-003963,Nayab Singh,Lok Sabha,Haryana,KURUKSHETRA,,,Pehowa,Ramgarh Rod(60),Normal/Others,WS/MP594/2023-2024/89603 - Construction of rooms and halls in school and colleges,DEPUTY COMMISSIONER KURUKSHETRA_IDA,2024-01-26,Approved by IDA,499536,Unsanctioned
MPLADS-003964,Sunita Duggal,Lok Sabha,Haryana,SIRSA(SC),,,Tohana,Bosti(69),Normal/Others,NA - Purchase of mobile water tankers,Deputy Commissioner Fatehabd_IDA,2024-01-26,Action Pending,155000,Unsanctioned
MPLADS-003965,Sunita Duggal,Lok Sabha,Haryana,SIRSA(SC),,,Fatehabad,Chankothi(115),Normal/Others,NA - Construction of community centers and community halls,Deputy Commissioner Fatehabd_IDA,2024-01-26,Action Pending,600000,Unsanctioned
MPLADS-003966,Sunita Duggal,Lok Sabha,Haryana,SIRSA(SC),,,Bhuna St,Gorakhpur(52),Normal/Others,NA - Construction of community centers and community halls,Deputy Commissioner Fatehabd_IDA,2024-01-26,Action Pending,500000,Unsanctioned
MPLADS-003967,Sunita Duggal,Lok Sabha,Haryana,SIRSA(SC),,,Fatehabad,Bhirdana(139),Normal/Others,NA - Construction of community centers and community halls,Deputy Commissioner Fatehabd_IDA,2024-01-26,Action Pending,500000,Unsanctioned
MPLADS-003971,SHRI Devender Paul Vats,Rajya Sabha,Haryana,Sitting Rajya Sabha,Charkhi Dadri,Shahid samark Dadri,,,Normal/Others,NA - Construction of community centers and community halls,Deputy Commissioner Charkhi Dadri_IDA,2024-01-26,Action Pending,500000,Unsanctioned
MPLADS-003972,Sunita Duggal,Lok Sabha,Haryana,SIRSA(SC),,,Ratia,Khundan(114),Normal/Others,NA - Construction of rooms and halls in school and colleges,Deputy Commissioner Fatehabd_IDA,2024-01-26,Action Pending,500000,Unsanctioned
MPLADS-003973,Nayab Singh,Lok Sabha,Haryana,KURUKSHETRA,,,Shahbad,Madanpur (250),Repair and Renovation,NA - Construction of community centers and community halls,DEPUTY COMMISSIONER KURUKSHETRA_IDA,2024-01-26,Action Pending,500000,Unsanctioned
MPLADS-004343,Sanjay Bhatia,Lok Sabha,Haryana,KARNAL,,,Karnal,Nalwi Kalan (82),Normal/Others,NA - Construction of common work sheds/ common covered sitting area,DEPUTY COMMISSIONER KARNAL_IDA,2024-01-25,Action Pending,423794,Unsanctioned
MPLADS-004349,Sanjay Bhatia,Lok Sabha,Haryana,KARNAL,,,Indri,Rai Tikhana (13),Normal/Others,"NA - Construction of roads, link roads, pathways or any other road with or without drainage system",DEPUTY COMMISSIONER KARNAL_IDA,2024-01-25,Action Pending,800000,Unsanctioned
MPLADS-004351,SHRI Devender Paul Vats,Rajya Sabha,Haryana,Sitting Rajya Sabha,Charkhi Dadri,Brahman Bhawan dadri,,,Normal/Others,NA - Purchase of mobile water tankers,Deputy Commissioner Charkhi Dadri_IDA,2024-01-25,Action Pending,155000,Unsanctioned
MPLADS-004352,SHRI Devender Paul Vats,Rajya Sabha,Haryana,Sitting Rajya Sabha,,,Dadri,Narsingwas (2),Normal/Others,NA - Purchase of mobile water tankers,Deputy Commissioner Charkhi Dadri_IDA,2024-01-25,Action Pending,155000,Unsanctioned
MPLADS-004353,SHRI Devender Paul Vats,Rajya Sabha,Haryana,Sitting Rajya Sabha,,,Dadri,Dohka Moji(8),Normal/Others,NA - Purchase of mobile water tankers,Deputy Commissioner Charkhi Dadri_IDA,2024-01-25,Action Pending,155000,Unsanctioned
MPLADS-004354,SHRI Devender Paul Vats,Rajya Sabha,Haryana,Sitting Rajya Sabha,,,Dadri,Rampura(4),Normal/Others,NA - Purchase of mobile water tankers,Deputy Commissioner Charkhi Dadri_IDA,2024-01-25,Action Pending,155000,Unsanctioned
MPLADS-004355,SHRI Devender Paul Vats,Rajya Sabha,Haryana,Sitting Rajya Sabha,,,Dadri,Dudiwala Nandkaran(6),Normal/Others,NA - Purchase of mobile water tankers,Deputy Commissioner Charkhi Dadri_IDA,2024-01-25,Action Pending,155000,Unsanctioned
MPLADS-004356,SHRI Devender Paul Vats,Rajya Sabha,Haryana,Sitting Rajya Sabha,,,Dadri,Dudiwala Kishanpura(5),Normal/Others,NA - Purchase of mobile water tankers,Deputy Commissioner Charkhi Dadri_IDA,2024-01-25,Action Pending,155000,Unsanctioned
MPLADS-004357,SHRI Devender Paul Vats,Rajya Sabha,Haryana,Sitting Rajya Sabha,Charkhi Dadri,Haryana state council for child welfare,,,Normal/Others,"NA - Purchase of IT systems, including hardware and software for educational purposes",Deputy Commissioner Charkhi Dadri_IDA,2024-01-25,Action Pending,500000,Unsanctioned
MPLADS-004524,Sanjay Bhatia,Lok Sabha,Haryana,KARNAL,Panipat,0,,,Normal/Others,NA - Purchase of hospital equipment,Deputy Commissioner Panipat_IDA,2024-01-24,Action Pending,2500000,Unsanctioned
MPLADS-004547,Sanjay Bhatia,Lok Sabha,Haryana,KARNAL,,,Karnal,Kachhwa (11),Normal/Others,NA - Construction of New Building,DEPUTY COMMISSIONER KARNAL_IDA,2024-01-24,Action Pending,400000,Unsanctioned
MPLADS-004550,Rao Inderjit Singh,Lok Sabha,Haryana,GURGAON,,,Rewari,Meerpur (274),Normal/Others,"NA - Construction of Government office buildings (Post office, Police station, Police chauki, etc.)",DEPUTY COMMISSIONER REWARI_IDA,2024-01-24,Action Pending,2100000,Unsanctioned
MPLADS-004563,Nayab Singh,Lok Sabha,Haryana,KURUKSHETRA,,,Radaur,Sandhali (25),Normal/Others,NA - Construction of community centers and community halls,Deputy Commissioner YamunaNagar_IDA,2024-01-24,Action Pending,700000,Unsanctioned
MPLADS-004592,Shri Dharambir Singh ,Lok Sabha,Haryana,BHIWANI MAHENDRAGARH,,,Tosham,Kirawar (38),Normal/Others,NA - Purchase of mobile sanitation equipment,Deputy Commissioner Bhiwani_IDA,2024-01-24,Action Pending,400000,Unsanctioned
MPLADS-004593,Shri Dharambir Singh ,Lok Sabha,Haryana,BHIWANI MAHENDRAGARH,,,Tosham,Dariyapur (87),Normal/Others,NA - Purchase of mobile sanitation equipment,Deputy Commissioner Bhiwani_IDA,2024-01-24,Action Pending,400000,Unsanctioned
MPLADS-004594,Shri Dharambir Singh ,Lok Sabha,Haryana,BHIWANI MAHENDRAGARH,,,Bhiwani,Dinod (26),Normal/Others,NA - Purchase of mobile sanitation equipment,Deputy Commissioner Bhiwani_IDA,2024-01-24,Action Pending,400000,Unsanctioned
MPLADS-004595,Shri Dharambir Singh ,Lok Sabha,Haryana,BHIWANI MAHENDRAGARH,,,Tosham,Riwasa (30),Normal/Others,NA - Purchase of mobile sanitation equipment,Deputy Commissioner Bhiwani_IDA,2024-01-24,Action Pending,400000,Unsanctioned
MPLADS-004596,Shri Dharambir Singh ,Lok Sabha,Haryana,BHIWANI MAHENDRAGARH,,,Tosham,Isharwal (100),Normal/Others,NA - Purchase of mobile sanitation equipment,Deputy Commissioner Bhiwani_IDA,2024-01-24,Action Pending,400000,Unsanctioned
MPLADS-004597,Shri Dharambir Singh ,Lok Sabha,Haryana,BHIWANI MAHENDRAGARH,,,Tosham,Tosham (Ct),Normal/Others,NA - Purchase of mobile sanitation equipment,Deputy Commissioner Bhiwani_IDA,2024-01-24,Action Pending,400000,Unsanctioned
MPLADS-004598,Shri Dharambir Singh ,Lok Sabha,Haryana,BHIWANI MAHENDRAGARH,,,Tosham,Chhapar Rangran(84),Normal/Others,NA - Purchase of mobile sanitation equipment,Deputy Commissioner Bhiwani_IDA,2024-01-24,Action Pending,400000,Unsanctioned
MPLADS-004599,Shri Dharambir Singh ,Lok Sabha,Haryana,BHIWANI MAHENDRAGARH,,,Tosham,Baganwala(37),Normal/Others,NA - Purchase of mobile sanitation equipment,Deputy Commissioner Bhiwani_IDA,2024-01-24,Action Pending,400000,Unsanctioned
MPLADS-004600,Shri Dharambir Singh ,Lok Sabha,Haryana,BHIWANI MAHENDRAGARH,,,Tosham,Bhurtana (39),Normal/Others,NA - Purchase of mobile sanitation equipment,Deputy Commissioner Bhiwani_IDA,2024-01-24,Action Pending,400000,Unsanctioned
MPLADS-004602,Shri Dharambir Singh ,Lok Sabha,Haryana,BHIWANI MAHENDRAGARH,,,Tosham,Saral(82),Normal/Others,NA - Purchase of mobile sanitation equipment,Deputy Commissioner Bhiwani_IDA,2024-01-24,Action Pending,400000,Unsanctioned
MPLADS-004603,Shri Dharambir Singh ,Lok Sabha,Haryana,BHIWANI MAHENDRAGARH,,,Tosham,Kairu (72),Normal/Others,NA - Purchase of mobile sanitation equipment,Deputy Commissioner Bhiwani_IDA,2024-01-24,Action Pending,400000,Unsanctioned
MPLADS-004604,Shri Dharambir Singh ,Lok Sabha,Haryana,BHIWANI MAHENDRAGARH,,,Tosham,Kairu (72),Normal/Others,NA - Purchase of mobile sanitation equipment,Deputy Commissioner Bhiwani_IDA,2024-01-24,Action Pending,400000,Unsanctioned
MPLADS-004605,Shri Dharambir Singh ,Lok Sabha,Haryana,BHIWANI MAHENDRAGARH,,,Tosham,Devrala (73),Normal/Others,NA - Purchase of mobile sanitation equipment,Deputy Commissioner Bhiwani_IDA,2024-01-24,Action Pending,400000,Unsanctioned
MPLADS-004606,Shri Dharambir Singh ,Lok Sabha,Haryana,BHIWANI MAHENDRAGARH,,,Tosham,Dhani Mahu (46),Normal/Others,NA - Purchase of mobile sanitation equipment,Deputy Commissioner Bhiwani_IDA,2024-01-24,Action Pending,400000,Unsanctioned
MPLADS-004607,Shri Dharambir Singh ,Lok Sabha,Haryana,BHIWANI MAHENDRAGARH,,,Tosham,Miran (89),Normal/Others,NA - Purchase of mobile sanitation equipment,Deputy Commissioner Bhiwani_IDA,2024-01-24,Action Pending,400000,Unsanctioned
MPLADS-004608,Shri Dharambir Singh ,Lok Sabha,Haryana,BHIWANI MAHENDRAGARH,,,Badhra,Bhandwa(41),Normal/Others,NA - Purchase of mobile sanitation equipment,Deputy Commissioner Charkhi Dadri_IDA,2024-01-24,Action Pending,400000,Unsanctioned
MPLADS-004609,Shri Dharambir Singh ,Lok Sabha,Haryana,BHIWANI MAHENDRAGARH,,,Tosham,Chanana(88),Normal/Others,NA - Purchase of mobile sanitation equipment,Deputy Commissioner Bhiwani_IDA,2024-01-24,Action Pending,400000,Unsanctioned
MPLADS-004610,Shri Dharambir Singh ,Lok Sabha,Haryana,BHIWANI MAHENDRAGARH,,,Bhiwani,Kohar (48),Normal/Others,NA - Purchase of mobile sanitation equipment,Deputy Commissioner Bhiwani_IDA,2024-01-24,Action Pending,400000,Unsanctioned
MPLADS-004611,Shri Dharambir Singh ,Lok Sabha,Haryana,BHIWANI MAHENDRAGARH,,,Bhiwani,Bamla (15),Normal/Others,NA - Purchase of mobile sanitation equipment,Deputy Commissioner Bhiwani_IDA,2024-01-24,Action Pending,400000,Unsanctioned
MPLADS-004612,Shri Dharambir Singh ,Lok Sabha,Haryana,BHIWANI MAHENDRAGARH,,,Bhiwani,Bamla (15),Normal/Others,NA - Purchase of mobile sanitation equipment,Deputy Commissioner Bhiwani_IDA,2024-01-24,Action Pending,400000,Unsanctioned
MPLADS-004623,Nayab Singh,Lok Sabha,Haryana,KURUKSHETRA,,,Radaur,Sadgoli (182),Normal/Others,NA - Construction of community centers and community halls,Deputy Commissioner YamunaNagar_IDA,2024-01-24,Action Pending,1000000,Unsanctioned
MPLADS-004624,Nayab Singh,Lok Sabha,Haryana,KURUKSHETRA,,,Radaur,Doulatpur,Normal/Others,NA - Construction of community centers and community halls,Deputy Commissioner YamunaNagar_IDA,2024-01-24,Action Pending,500000,Unsanctioned
MPLADS-004625,Shri Dharambir Singh ,Lok Sabha,Haryana,BHIWANI MAHENDRAGARH,,,Bhiwani,Golpura (55),Normal/Others,NA - Purchase of mobile water tankers,Deputy Commissioner Bhiwani_IDA,2024-01-24,Action Pending,160000,Unsanctioned
MPLADS-004626,Shri Dharambir Singh ,Lok Sabha,Haryana,BHIWANI MAHENDRAGARH,,,Tosham,Badalwala(80),Normal/Others,NA - Purchase of mobile water tankers,Deputy Commissioner Bhiwani_IDA,2024-01-24,Action Pending,160000,Unsanctioned
MPLADS-004627,Shri Dharambir Singh ,Lok Sabha,Haryana,BHIWANI MAHENDRAGARH,,,Badhra,Shyam Kalan(32),Normal/Others,NA - Purchase of mobile sanitation equipment,Deputy Commissioner Charkhi Dadri_IDA,2024-01-24,Action Pending,400000,Unsanctioned
MPLADS-004630,Shri Krishan Lal Panwar,Rajya Sabha,Haryana,Sitting Rajya Sabha,,,Israna,Mandi (82),Normal/Others,NA - Construction of additional rooms and halls in the existing public and community building,Deputy Commissioner Panipat_IDA,2024-01-24,Action Pending,500000,Unsanctioned
MPLADS-004634,Shri Dharambir Singh ,Lok Sabha,Haryana,BHIWANI MAHENDRAGARH,,,Mahendragarh,Duloth Ahir(30),Normal/Others,NA - Purchase of mobile sanitation equipment,DEPUTY COMMISSIONER MAHENDRAGARH_IDA,2024-01-24,Action Pending,400000,Unsanctioned
MPLADS-004635,Shri Dharambir Singh ,Lok Sabha,Haryana,BHIWANI MAHENDRAGARH,,,Satnali St,Surehti Modian(20),Normal/Others,NA - Purchase of mobile sanitation equipment,DEPUTY COMMISSIONER MAHENDRAGARH_IDA,2024-01-24,Action Pending,400000,Unsanctioned
MPLADS-004639,Shri Dharambir Singh ,Lok Sabha,Haryana,BHIWANI MAHENDRAGARH,,,Bhiwani,Jui Khurd (65),Normal/Others,NA - Purchase of mobile sanitation equipment,Deputy Commissioner Bhiwani_IDA,2024-01-24,Action Pending,400000,Unsanctioned
MPLADS-004652,Shri Krishan Lal Panwar,Rajya Sabha,Haryana,Sitting Rajya Sabha,,,Israna,Shahpur (89),Normal/Others,NA - Construction of community centers and community halls,Deputy Commissioner Panipat_IDA,2024-01-24,Action Pending,1100000,Unsanctioned
MPLADS-004653,Shri Krishan Lal Panwar,Rajya Sabha,Haryana,Sitting Rajya Sabha,,,Israna,Kaith (91),Normal/Others,NA - Construction of additional rooms and halls in the existing public and community building,Deputy Commissioner Panipat_IDA,2024-01-24,Action Pending,500000,Unsanctioned
MPLADS-004654,Shri Krishan Lal Panwar,Rajya Sabha,Haryana,Sitting Rajya Sabha,,,Israna,Kaith (91),Normal/Others,NA - Construction of community centers and community halls,Deputy Commissioner Panipat_IDA,2024-01-24,Action Pending,300000,Unsanctioned
MPLADS-004659,Shri Krishan Lal Panwar,Rajya Sabha,Haryana,Sitting Rajya Sabha,,,Israna,Kurana (54),Normal/Others,NA - Construction of boundary walls of existing public and community buildings,Deputy Commissioner Panipat_IDA,2024-01-24,Action Pending,500000,Unsanctioned
MPLADS-004660,Shri Krishan Lal Panwar,Rajya Sabha,Haryana,Sitting Rajya Sabha,,,Panipat,Qawi (3),Normal/Others,NA - Construction of community centers and community halls,Deputy Commissioner Panipat_IDA,2024-01-24,Action Pending,1100000,Unsanctioned
MPLADS-004661,Shri Krishan Lal Panwar,Rajya Sabha,Haryana,Sitting Rajya Sabha,,,Panipat,Qawi (3),Normal/Others,NA - Construction of community centers and community halls,Deputy Commissioner Panipat_IDA,2024-01-24,Action Pending,1100000,Unsanctioned
MPLADS-004679,Shri Dharambir Singh ,Lok Sabha,Haryana,BHIWANI MAHENDRAGARH,,,Bhiwani,Jui Kalan (67),Normal/Others,NA - Purchase of mobile sanitation equipment,Deputy Commissioner Bhiwani_IDA,2024-01-24,Action Pending,400000,Unsanctioned
MPLADS-004688,Shri Dharambir Singh ,Lok Sabha,Haryana,BHIWANI MAHENDRAGARH,,,Dadri,Jhojhu Kalan(71),Normal/Others,NA - Purchase of mobile sanitation equipment,Deputy Commissioner Charkhi Dadri_IDA,2024-01-24,Action Pending,400000,Unsanctioned
MPLADS-004689,Shri Dharambir Singh ,Lok Sabha,Haryana,BHIWANI MAHENDRAGARH,,,Tosham,Kharkari Makhwan (40),Normal/Others,NA - Purchase of mobile sanitation equipment,Deputy Commissioner Bhiwani_IDA,2024-01-24,Action Pending,400000,Unsanctioned
MPLADS-004691,Shri Dharambir Singh ,Lok Sabha,Haryana,BHIWANI MAHENDRAGARH,,,Bhiwani,Nimriwali (104),Normal/Others,NA - Purchase of mobile sanitation equipment,Deputy Commissioner Bhiwani_IDA,2024-01-24,Action Pending,400000,Unsanctioned
MPLADS-004692,Shri Dharambir Singh ,Lok Sabha,Haryana,BHIWANI MAHENDRAGARH,,,Bhiwani,Kitlana (106),Normal/Others,NA - Purchase of mobile sanitation equipment,Deputy Commissioner Bhiwani_IDA,2024-01-24,Action Pending,400000,Unsanctioned
MPLADS-004697,Shri Dharambir Singh ,Lok Sabha,Haryana,BHIWANI MAHENDRAGARH,,,Bhiwani,Pehladgarh (103),Normal/Others,NA - Purchase of mobile sanitation equipment,Deputy Commissioner Bhiwani_IDA,2024-01-24,Action Pending,400000,Unsanctioned
MPLADS-004698,Shri Dharambir Singh ,Lok Sabha,Haryana,BHIWANI MAHENDRAGARH,,,Bhiwani,Goripur (111),Normal/Others,NA - Purchase of mobile sanitation equipment,Deputy Commissioner Bhiwani_IDA,2024-01-24,Action Pending,400000,Unsanctioned
MPLADS-004699,Shri Dharambir Singh ,Lok Sabha,Haryana,BHIWANI MAHENDRAGARH,,,Tosham,Alakhpura (32),Normal/Others,NA - Purchase of mobile sanitation equipment,Deputy Commissioner Bhiwani_IDA,2024-01-24,Action Pending,400000,Unsanctioned
MPLADS-004700,Shri Dharambir Singh ,Lok Sabha,Haryana,BHIWANI MAHENDRAGARH,,,Tosham,Mandhan (98),Normal/Others,NA - Purchase of mobile sanitation equipment,Deputy Commissioner Bhiwani_IDA,2024-01-24,Action Pending,400000,Unsanctioned
MPLADS-005090,Nayab Singh,Lok Sabha,Haryana,KURUKSHETRA,,,Radaur,Rajheri (15),Normal/Others,NA - Construction of additional rooms and halls in the existing public and community building,Deputy Commissioner YamunaNagar_IDA,2024-01-24,Action Pending,600000,Unsanctioned
MPLADS-005091,Nayab Singh,Lok Sabha,Haryana,KURUKSHETRA,,,Jagadhri,Hargarh (478),Normal/Others,NA - Construction of community centers and community halls,Deputy Commissioner YamunaNagar_IDA,2024-01-24,Action Pending,500000,Unsanctioned
MPLADS-005092,Nayab Singh,Lok Sabha,Haryana,KURUKSHETRA,,,Jagadhri,Dudhla (477),Normal/Others,NA - Providing drains and gutters for public drainage,Deputy Commissioner YamunaNagar_IDA,2024-01-24,Action Pending,500000,Unsanctioned
MPLADS-005093,Rao Inderjit Singh,Lok Sabha,Haryana,GURGAON,,,Nagina St,Bhadas(49),Trust and Society,NA - Construction of shelters for animals,Deputy Commissioner Nuh_IDA,2024-01-24,Action Pending,1100000,Unsanctioned
MPLADS-005094,Nayab Singh,Lok Sabha,Haryana,KURUKSHETRA,Thanesar,Thanesar (M Cl ) - Ward No.17,,,Trust and Society,NA - Construction of boundary walls of existing public and community buildings,DEPUTY COMMISSIONER KURUKSHETRA_IDA,2024-01-24,Action Pending,500000,Unsanctioned
MPLADS-005326,SHRI Deepender Singh,Rajya Sabha,Haryana,Sitting Rajya Sabha,,,Bahadurgarh,Asouda Siwan (29),Normal/Others,NA - Construction of buildings for community cultural activities,Deputy Commissioner Jhajjar_IDA,2024-01-23,Action Pending,500000,Unsanctioned
MPLADS-005333,SHRI Deepender Singh,Rajya Sabha,Haryana,Sitting Rajya Sabha,Jhajjar,Silani Gate,,,Normal/Others,NA - Construction of buildings for community cultural activities,Deputy Commissioner Jhajjar_IDA,2024-01-23,Action Pending,1100000,Unsanctioned
MPLADS-005340,SHRI Deepender Singh,Rajya Sabha,Haryana,Sitting Rajya Sabha,,,Rohtak,Chamaria(79),Normal/Others,NA - Construction of buildings for community cultural activities,DEPUTY COMMISSIONER ROHTAK_IDA,2024-01-23,Action Pending,700000,Unsanctioned
MPLADS-005341,SHRI Deepender Singh,Rajya Sabha,Haryana,Sitting Rajya Sabha,,,Mulana St,Sirsgarh (140),Normal/Others,NA - Construction of buildings for community cultural activities,DEPUTY COMMISSIONER AMBALA_IDA,2024-01-23,Action Pending,1100000,Unsanctioned
MPLADS-005351,SHRI Devender Paul Vats,Rajya Sabha,Haryana,Sitting Rajya Sabha,,,Jind,Ramrai (11),Normal/Others,NA - Construction of boundary walls of existing public and community buildings,Deputy Commissioner Jind_IDA,2024-01-23,Action Pending,500000,Unsanctioned
MPLADS-005356,Rao Inderjit Singh,Lok Sabha,Haryana,GURGAON,,,Palhawas St,Jaitpur Shekhpur (260),Normal/Others,NA - Installing community drinking water plants,DEPUTY COMMISSIONER REWARI_IDA,2024-01-23,Action Pending,150000,Unsanctioned
MPLADS-005357,Rao Inderjit Singh,Lok Sabha,Haryana,GURGAON,,,Palhawas St,Jaitpur Shekhpur (260),Normal/Others,NA - Installing community drinking water plants,DEPUTY COMMISSIONER REWARI_IDA,2024-01-23,Action Pending,150000,Unsanctioned
MPLADS-005479,Brijendra Singh,Lok Sabha,Haryana,HISAR,,,Bhiwani,Kaluwas (13),Normal/Others,NA - Purchase of mobile water tankers,Deputy Commissioner Bhiwani_IDA,2024-01-22,Action Pending,157000,Unsanctioned
MPLADS-005480,Nayab Singh,Lok Sabha,Haryana,KURUKSHETRA,,,Guhla,Majri (106),Normal/Others,NA - Construction of common work sheds/ common covered sitting area,Deputy Commissioner Kaithal_IDA,2024-01-22,Action Pending,500000,Unsanctioned
MPLADS-005481,Nayab Singh,Lok Sabha,Haryana,KURUKSHETRA,,,Dhand St,Kaul (16/1),Repair and Renovation,NA - Construction of community centers and community halls,Deputy Commissioner Kaithal_IDA,2024-01-22,Action Pending,500000,Unsanctioned
MPLADS-005482,Nayab Singh,Lok Sabha,Haryana,KURUKSHETRA,,,Fatehpur Pundri,Bakal(74),Repair and Renovation,NA - Construction of community centers and community halls,Deputy Commissioner Kaithal_IDA,2024-01-22,Action Pending,500000,Unsanctioned
MPLADS-005483,Nayab Singh,Lok Sabha,Haryana,KURUKSHETRA,,,Siwan St,Khanpur (25),Normal/Others,NA - Construction of public libraries and reading rooms,Deputy Commissioner Kaithal_IDA,2024-01-22,Action Pending,500000,Unsanctioned
MPLADS-005484,Nayab Singh,Lok Sabha,Haryana,KURUKSHETRA,,,Fatehpur Pundri,Pai (48),Normal/Others,NA - Community Toilets,Deputy Commissioner Kaithal_IDA,2024-01-22,Action Pending,600000,Unsanctioned
MPLADS-005485,Nayab Singh,Lok Sabha,Haryana,KURUKSHETRA,Kaithal,ward no-30,,,Normal/Others,"NA - Construction of roads, link roads, pathways or any other road with or without drainage system",Deputy Commissioner Kaithal_IDA,2024-01-22,Action Pending,500000,Unsanctioned
MPLADS-005486,Rao Inderjit Singh,Lok Sabha,Haryana,GURGAON,Nuh,District Sessional Court,,,Normal/Others,NA - Construction of New Building,Deputy Commissioner Nuh_IDA,2024-01-22,Action Pending,1000000,Unsanctioned
MPLADS-005487,Rao Inderjit Singh,Lok Sabha,Haryana,GURGAON,Nuh,"Distt. Sessional Court, Nuh",,,Bar and Associations,NA - Purchase Books for Library,Deputy Commissioner Nuh_IDA,2024-01-22,Action Pending,100000,Unsanctioned
MPLADS-005714,SHRI Ram Chander Jangra,Rajya Sabha,Haryana,Sitting Rajya Sabha,,,Lakhan Majra St,Kherainti(96),Normal/Others,"NA - Purchase of vehicle for mobile dispensaries (Four, three and two wheelers)",DEPUTY COMMISSIONER ROHTAK_IDA,2024-01-21,Action Pending,470000,Unsanctioned
MPLADS-005715,SHRI Ram Chander Jangra,Rajya Sabha,Haryana,Sitting Rajya Sabha,,,Lakhan Majra St,Kherainti(96),Normal/Others,"NA - Purchase of vehicle for mobile dispensaries (Four, three and two wheelers)",DEPUTY COMMISSIONER ROHTAK_IDA,2024-01-21,Action Pending,950000,Unsanctioned
MPLADS-005716,Nayab Singh,Lok Sabha,Haryana,KURUKSHETRA,Pundri,M.C . PUNDRI,,,Normal/Others,"NA - Construction of roads, link roads, pathways or any other road with or without drainage system",Deputy Commissioner Kaithal_IDA,2024-01-21,Action Pending,1600000,Unsanctioned
MPLADS-005717,Nayab Singh,Lok Sabha,Haryana,KURUKSHETRA,,,Thanesar,Gogpur (275),Normal/Others,"NA - Construction of roads, link roads, pathways or any other road with or without drainage system",DEPUTY COMMISSIONER KURUKSHETRA_IDA,2024-01-21,Action Pending,500000,Unsanctioned
MPLADS-005718,Nayab Singh,Lok Sabha,Haryana,KURUKSHETRA,,,Pehowa,Bibipur Kalan (50),Normal/Others,NA - Construction of community centers and community halls,DEPUTY COMMISSIONER KURUKSHETRA_IDA,2024-01-21,Action Pending,500000,Unsanctioned
MPLADS-005719,Nayab Singh,Lok Sabha,Haryana,KURUKSHETRA,,,Thanesar,Dhurala (404),Normal/Others,NA - Construction of community centers and community halls,DEPUTY COMMISSIONER KURUKSHETRA_IDA,2024-01-21,Action Pending,800000,Unsanctioned
MPLADS-005727,SHRI Ram Chander Jangra,Rajya Sabha,Haryana,Sitting Rajya Sabha,,,Maham,Ajaib(108),Normal/Others,"NA - Purchase of vehicle for mobile dispensaries (Four, three and two wheelers)",DEPUTY COMMISSIONER ROHTAK_IDA,2024-01-21,Action Pending,95000,Unsanctioned
MPLADS-005740,SHRI Ram Chander Jangra,Rajya Sabha,Haryana,Sitting Rajya Sabha,,,Maham,Ajaib(108),Normal/Others,"NA - Purchase of vehicle for mobile dispensaries (Four, three and two wheelers)",DEPUTY COMMISSIONER ROHTAK_IDA,2024-01-21,Action Pending,470000,Unsanctioned
MPLADS-005741,Nayab Singh,Lok Sabha,Haryana,KURUKSHETRA,,,Babain St,Bir Sujra (139),Normal/Others,"NA - Construction of roads, link roads, pathways or any other road with or without drainage system",DEPUTY COMMISSIONER KURUKSHETRA_IDA,2024-01-21,Action Pending,500000,Unsanctioned
MPLADS-005969,SHRI Ram Chander Jangra,Rajya Sabha,Haryana,Sitting Rajya Sabha,Bhiwani,ward no 5,,,Normal/Others,NA - Construction of common work sheds/ common covered sitting area,Deputy Commissioner Bhiwani_IDA,2024-01-20,Action Pending,600000,Unsanctioned
MPLADS-005970,SHRI Ram Chander Jangra,Rajya Sabha,Haryana,Sitting Rajya Sabha,,,Rohtak,Samar Gopalpur(90),Normal/Others,NA - Construction of shelters for animals,DEPUTY COMMISSIONER ROHTAK_IDA,2024-01-20,Action Pending,500000,Unsanctioned
MPLADS-006136,SHRI Devender Paul Vats,Rajya Sabha,Haryana,Sitting Rajya Sabha,,,Bhiwani,Devsar (25),Normal/Others,NA - Purchase of mobile water tankers,Deputy Commissioner Bhiwani_IDA,2024-01-19,Action Pending,310000,Unsanctioned
MPLADS-006588,SHRI Devender Paul Vats,Rajya Sabha,Haryana,Sitting Rajya Sabha,,,Bhiwani,Bamla (15),Normal/Others,NA - Installation of multi-gym equipment,Deputy Commissioner Bhiwani_IDA,2024-01-18,Action Pending,200000,Unsanctioned
MPLADS-006589,SHRI Devender Paul Vats,Rajya Sabha,Haryana,Sitting Rajya Sabha,,,Bawani Khera,Rohnat (35),Normal/Others,NA - Installing community drinking water plants,Deputy Commissioner Bhiwani_IDA,2024-01-18,Action Pending,122500,Unsanctioned
MPLADS-006602,Nayab Singh,Lok Sabha,Haryana,KURUKSHETRA,,,Ladwa,Barach Pur (77),Normal/Others,NA - Construction of community centers and community halls,DEPUTY COMMISSIONER KURUKSHETRA_IDA,2024-01-18,Action Pending,500000,Unsanctioned
MPLADS-006603,Nayab Singh,Lok Sabha,Haryana,KURUKSHETRA,,,Dhand St,Meoli (9),Normal/Others,"NA - Construction of roads, link roads, pathways or any other road with or without drainage system",Deputy Commissioner Kaithal_IDA,2024-01-18,Action Pending,1000000,Unsanctioned
MPLADS-006604,SHRI Devender Paul Vats,Rajya Sabha,Haryana,Sitting Rajya Sabha,,,Bhiwani,Ninan (17),Normal/Others,NA - Purchase of mobile water tankers,Deputy Commissioner Bhiwani_IDA,2024-01-18,Action Pending,155000,Unsanctioned
MPLADS-006605,Shri Krishan Lal Panwar,Rajya Sabha,Haryana,Sitting Rajya Sabha,,,Karnal,Jundla (44),Normal/Others,NA - Construction of common work sheds/ common covered sitting area,DEPUTY COMMISSIONER KARNAL_IDA,2024-01-18,Action Pending,1100000,Unsanctioned
MPLADS-006623,Nayab Singh,Lok Sabha,Haryana,KURUKSHETRA,,,Pehowa,Bodhni (16),Normal/Others,NA - Construction of boundary walls of existing public and community buildings,DEPUTY COMMISSIONER KURUKSHETRA_IDA,2024-01-18,Action Pending,500000,Unsanctioned
MPLADS-006660,Brijendra Singh,Lok Sabha,Haryana,HISAR,,,Narnaund,Bheni Amirpur (71),Normal/Others,NA - Purchase of sports equipment,DEPUTY COMMISSIONER HISSAR_IDA,2024-01-17,Action Pending,225000,Unsanctioned
MPLADS-006737,Sanjay Bhatia,Lok Sabha,Haryana,KARNAL,,,Samalkha,Machhroli (68),Normal/Others,NA - Installation of multi-gym equipment,Deputy Commissioner Panipat_IDA,2024-01-17,Action Pending,250000,Unsanctioned
MPLADS-006738,Sanjay Bhatia,Lok Sabha,Haryana,KARNAL,,,Karnal,Fatehgarh (62),Normal/Others,WS/MP596/2023-2024/83172 - Construction of New Building,DEPUTY COMMISSIONER KARNAL_IDA,2024-01-17,Approved by IDA,250000,Unsanctioned
MPLADS-006739,Arvind Kumar Sharma,Lok Sabha,Haryana,ROHTAK,Beri,Beri,,,Normal/Others,NA - Development of playground,Deputy Commissioner Jhajjar_IDA,2024-01-17,Action Pending,300000,Unsanctioned
MPLADS-006744,Brijendra Singh,Lok Sabha,Haryana,HISAR,Bawani Khera,1,,,Normal/Others,NA - Purchase of sports equipment,Deputy Commissioner Bhiwani_IDA,2024-01-17,Action Pending,225000,Unsanctioned
MPLADS-006755,Sanjay Bhatia,Lok Sabha,Haryana,KARNAL,,,Samalkha,Naryana (74),Normal/Others,NA - Construction of New Building,Deputy Commissioner Panipat_IDA,2024-01-17,Action Pending,500000,Unsanctioned
MPLADS-006756,Sanjay Bhatia,Lok Sabha,Haryana,KARNAL,,,Gharaunda,Gagsina (16),Normal/Others,NA - Construction of New Building,DEPUTY COMMISSIONER KARNAL_IDA,2024-01-17,Action Pending,1100000,Unsanctioned
MPLADS-006757,Sanjay Bhatia,Lok Sabha,Haryana,KARNAL,Karnal,0,,,Normal/Others,NA - Construction of New Building,DEPUTY COMMISSIONER KARNAL_IDA,2024-01-17,Action Pending,1100000,Unsanctioned
MPLADS-006758,Sanjay Bhatia,Lok Sabha,Haryana,KARNAL,,,Gharaunda,Phurlak (21),Normal/Others,NA - Construction of New Building,DEPUTY COMMISSIONER KARNAL_IDA,2024-01-17,Action Pending,1000000,Unsanctioned
MPLADS-006759,Sanjay Bhatia,Lok Sabha,Haryana,KARNAL,,,Nilokheri,Bairsal (27),Normal/Others,"NA - Construction of roads, link roads, pathways or any other road with or without drainage system",DEPUTY COMMISSIONER KARNAL_IDA,2024-01-17,Action Pending,300000,Unsanctioned
MPLADS-006760,Sanjay Bhatia,Lok Sabha,Haryana,KARNAL,,,Gharaunda,Kohand (30),Normal/Others,WS/MP596/2023-2024/83078 - Construction of New Building,DEPUTY COMMISSIONER KARNAL_IDA,2024-01-17,Approved by IDA,1000000,Unsanctioned
MPLADS-006761,Brijendra Singh,Lok Sabha,Haryana,HISAR,,,Hansi,Hansi (Rural)(119),Normal/Others,NA - Purchase of mobile water tankers,DEPUTY COMMISSIONER HISSAR_IDA,2024-01-17,Action Pending,160000,Unsanctioned
MPLADS-006771,Sanjay Bhatia,Lok Sabha,Haryana,KARNAL,,,Karnal,Niawal (73),Normal/Others,WS/MP596/2023-2024/83086 - Construction of New Building,DEPUTY COMMISSIONER KARNAL_IDA,2024-01-17,Approved by IDA,1100000,Unsanctioned
MPLADS-006772,Sanjay Bhatia,Lok Sabha,Haryana,KARNAL,Karnal,0,,,Normal/Others,NA - Construction of public toilets and bathrooms,DEPUTY COMMISSIONER KARNAL_IDA,2024-01-17,Action Pending,1500000,Unsanctioned
MPLADS-006777,Brijendra Singh,Lok Sabha,Haryana,HISAR,,,Hisar,Hisar (Rural)(146),Normal/Others,NA - Purchase of mobile water tankers,DEPUTY COMMISSIONER HISSAR_IDA,2024-01-17,Action Pending,160000,Unsanctioned
MPLADS-006789,Brijendra Singh,Lok Sabha,Haryana,HISAR,,,Hansi,Hansi (Rural)(119),Normal/Others,NA - Purchase of mobile water tankers,DEPUTY COMMISSIONER HISSAR_IDA,2024-01-17,Action Pending,160000,Unsanctioned
MPLADS-006790,Brijendra Singh,Lok Sabha,Haryana,HISAR,,,Hansi,Hansi (Rural)(119),Normal/Others,NA - Construction of additional rooms and halls in the existing public and community building,DEPUTY COMMISSIONER HISSAR_IDA,2024-01-17,Action Pending,500000,Unsanctioned
MPLADS-006802,Brijendra Singh,Lok Sabha,Haryana,HISAR,,,Kheri Jalab St,Kheri Jalib (78),Normal/Others,NA - Purchase of mobile water tankers,DEPUTY COMMISSIONER HISSAR_IDA,2024-01-17,Action Pending,160000,Unsanctioned
MPLADS-006803,Brijendra Singh,Lok Sabha,Haryana,HISAR,,,Uklana St,Uklana (Rural)(113),Normal/Others,NA - Purchase of mobile water tankers,DEPUTY COMMISSIONER HISSAR_IDA,2024-01-17,Action Pending,160000,Unsanctioned
MPLADS-006806,Brijendra Singh,Lok Sabha,Haryana,HISAR,,,Barwala,Barwala (Rural)(128),Normal/Others,NA - Purchase of mobile water tankers,DEPUTY COMMISSIONER HISSAR_IDA,2024-01-17,Action Pending,160000,Unsanctioned
MPLADS-007006,Sanjay Bhatia,Lok Sabha,Haryana,KARNAL,,,Karnal,Karnal (Rural)(Part)(1),Normal/Others,WS/MP596/2023-2024/82713 - Purchase of mobile sanitation equipment,DEPUTY COMMISSIONER KARNAL_IDA,2024-01-16,Approved by IDA,2320890,Unsanctioned
MPLADS-007007,Brijendra Singh,Lok Sabha,Haryana,HISAR,,,Uchana,Baroda (113),Normal/Others,NA - Purchase of sports equipment,Deputy Commissioner Jind_IDA,2024-01-16,Action Pending,400000,Unsanctioned
MPLADS-007008,Brijendra Singh,Lok Sabha,Haryana,HISAR,,,Uchana,Sudkain Khurd (123),Normal/Others,WS/MP593/2023-2024/82482 - Purchase of mobile water tankers,Deputy Commissioner Jind_IDA,2024-01-16,Approved by IDA,160000,Unsanctioned
MPLADS-007009,Brijendra Singh,Lok Sabha,Haryana,HISAR,Hisar,9,,,Normal/Others,NA - Construction of additional rooms and halls in the existing public and community building,DEPUTY COMMISSIONER HISSAR_IDA,2024-01-16,Action Pending,1100000,Unsanctioned
MPLADS-007010,Sanjay Bhatia,Lok Sabha,Haryana,KARNAL,,,Assandh,Assandh (Rural)(Part)(84),Normal/Others,WS/MP596/2023-2024/82619 - Purchase of mobile sanitation equipment,DEPUTY COMMISSIONER KARNAL_IDA,2024-01-16,Approved by IDA,2117610,Unsanctioned
MPLADS-007011,Sanjay Bhatia,Lok Sabha,Haryana,KARNAL,,,Gharaunda,Gharaunda (Rural)(Part) (27),Normal/Others,WS/MP596/2023-2024/82624 - Purchase of mobile sanitation equipment,DEPUTY COMMISSIONER KARNAL_IDA,2024-01-16,Approved by IDA,1273536,Unsanctioned
MPLADS-007012,Sanjay Bhatia,Lok Sabha,Haryana,KARNAL,,,Indri,Indri (Rural)(Part)(46),Normal/Others,WS/MP596/2023-2024/82626 - Purchase of mobile sanitation equipment,DEPUTY COMMISSIONER KARNAL_IDA,2024-01-16,Approved by IDA,3312804,Unsanctioned
MPLADS-007013,Sanjay Bhatia,Lok Sabha,Haryana,KARNAL,,,Nilokheri,Nilokheri (Rural)(Part)(45),Normal/Others,WS/MP596/2023-2024/82718 - Purchase of mobile sanitation equipment,DEPUTY COMMISSIONER KARNAL_IDA,2024-01-16,Approved by IDA,4198260,Unsanctioned
MPLADS-007015,Sanjay Bhatia,Lok Sabha,Haryana,KARNAL,,,Nising St,Nissing (Rural) (34),Normal/Others,WS/MP596/2023-2024/82719 - Purchase of mobile sanitation equipment,DEPUTY COMMISSIONER KARNAL_IDA,2024-01-16,Approved by IDA,2269872,Unsanctioned
MPLADS-007016,Sanjay Bhatia,Lok Sabha,Haryana,KARNAL,,,Karnal,Kunjpura (75),Normal/Others,WS/MP596/2023-2024/82720 - Purchase of mobile sanitation equipment,DEPUTY COMMISSIONER KARNAL_IDA,2024-01-16,Approved by IDA,1596540,Unsanctioned
MPLADS-007017,Sanjay Bhatia,Lok Sabha,Haryana,KARNAL,,,Ballah St,Munak (28),Normal/Others,WS/MP596/2023-2024/82721 - Purchase of mobile sanitation equipment,DEPUTY COMMISSIONER KARNAL_IDA,2024-01-16,Approved by IDA,1711842,Unsanctioned
MPLADS-007018,Sanjay Bhatia,Lok Sabha,Haryana,KARNAL,,,Karnal,Chirao (49),Normal/Others,WS/MP596/2023-2024/82722 - Purchase of mobile sanitation equipment,DEPUTY COMMISSIONER KARNAL_IDA,2024-01-16,Approved by IDA,1600962,Unsanctioned
MPLADS-007021,Brijendra Singh,Lok Sabha,Haryana,HISAR,,,Narnaund,Majra (104),Normal/Others,NA - Construction of additional rooms and halls in the existing public and community building,DEPUTY COMMISSIONER HISSAR_IDA,2024-01-16,Action Pending,1100000,Unsanctioned
MPLADS-007058,SHRI Devender Paul Vats,Rajya Sabha,Haryana,Sitting Rajya Sabha,,,Maham,Madina Gindhran(99),Normal/Others,NA - Purchase of mobile water tankers,DEPUTY COMMISSIONER ROHTAK_IDA,2024-01-16,Action Pending,155000,Unsanctioned
MPLADS-007148,Rao Inderjit Singh,Lok Sabha,Haryana,GURGAON,,,Nagina St,Kansali(1),Normal/Others,WS/MP516/2023-2024/82302 - Construction of community centers and community halls,Deputy Commissioner Nuh_IDA,2024-01-15,Approved by IDA,1000000,Unsanctioned
MPLADS-007171,Rao Inderjit Singh,Lok Sabha,Haryana,GURGAON,,,Ferozepur Jhirka,Ghata Shamasabad(106),Normal/Others,NA - Construction of culverts and bridges,Deputy Commissioner Nuh_IDA,2024-01-15,Action Pending,485000,Unsanctioned
MPLADS-007173,Rao Inderjit Singh,Lok Sabha,Haryana,GURGAON,,,Dharuhera St,Aakera (292) (Ct),Normal/Others,"NA - Construction of roads, link roads, pathways or any other road with or without drainage system",DEPUTY COMMISSIONER REWARI_IDA,2024-01-15,Action Pending,500000,Unsanctioned
MPLADS-007174,Rao Inderjit Singh,Lok Sabha,Haryana,GURGAON,,,Bawal,Kishanpur (63),Normal/Others,NA - Construction of boundary walls of existing public and community buildings,DEPUTY COMMISSIONER REWARI_IDA,2024-01-15,Action Pending,800000,Unsanctioned
MPLADS-007175,Rao Inderjit Singh,Lok Sabha,Haryana,GURGAON,,,Bawal,Saidpur Urf Jaitpur (59),Normal/Others,NA - Providing drains and gutters for public drainage,DEPUTY COMMISSIONER REWARI_IDA,2024-01-15,Action Pending,800000,Unsanctioned
MPLADS-007281,SHRI Ram Chander Jangra,Rajya Sabha,Haryana,Sitting Rajya Sabha,,,Khanpur St,Kasanda (58),Normal/Others,NA - Construction of common work sheds/ common covered sitting area,DEPUTY COMMISSIONER SONEPAT_IDA,2024-01-14,Action Pending,1100000,Unsanctioned
MPLADS-007282,SHRI Ram Chander Jangra,Rajya Sabha,Haryana,Sitting Rajya Sabha,,,Gohana,Bali (80),Normal/Others,NA - Construction of common work sheds/ common covered sitting area,DEPUTY COMMISSIONER SONEPAT_IDA,2024-01-14,Action Pending,600000,Unsanctioned
MPLADS-007283,SHRI Ram Chander Jangra,Rajya Sabha,Haryana,Sitting Rajya Sabha,,,Bawani Khera,Kheri Daulatpur (132),Normal/Others,NA - Construction of community centers and community halls,Deputy Commissioner Bhiwani_IDA,2024-01-14,Action Pending,1100000,Unsanctioned
MPLADS-007765,Arvind Kumar Sharma,Lok Sabha,Haryana,ROHTAK,Rohtak,Gandhi Nagar,,,Normal/Others,NA - Retrofitting in essential lifeline buildings,DEPUTY COMMISSIONER ROHTAK_IDA,2024-01-13,Action Pending,200000,Unsanctioned
MPLADS-007775,Arvind Kumar Sharma,Lok Sabha,Haryana,ROHTAK,Kalanaur,kalanaur,,,Normal/Others,NA - Construction of common work sheds/ common covered sitting area,DEPUTY COMMISSIONER ROHTAK_IDA,2024-01-13,Action Pending,300000,Unsanctioned
MPLADS-007790,Arvind Kumar Sharma,Lok Sabha,Haryana,ROHTAK,Rohtak,Pratap chowk,,,Normal/Others,NA - Development of public parks,DEPUTY COMMISSIONER ROHTAK_IDA,2024-01-13,Action Pending,500000,Unsanctioned
MPLADS-007807,Arvind Kumar Sharma,Lok Sabha,Haryana,ROHTAK,Rohtak,Rohtak-Jind Road,,,Normal/Others,NA - Construction of rooms and halls in school and colleges,DEPUTY COMMISSIONER ROHTAK_IDA,2024-01-13,Action Pending,500000,Unsanctioned
MPLADS-007820,Arvind Kumar Sharma,Lok Sabha,Haryana,ROHTAK,Kalanaur,"Near Power House, Kalanour",,,Normal/Others,NA - Construction of community centers and community halls,DEPUTY COMMISSIONER ROHTAK_IDA,2024-01-13,Action Pending,500000,Unsanctioned
MPLADS-007856,SHRI Ram Chander Jangra,Rajya Sabha,Haryana,Sitting Rajya Sabha,Hisar,ward no. 5,,,Normal/Others,NA - Construction of community centers and community halls,DEPUTY COMMISSIONER HISSAR_IDA,2024-01-13,Action Pending,1100000,Unsanctioned
MPLADS-007857,SHRI Ram Chander Jangra,Rajya Sabha,Haryana,Sitting Rajya Sabha,,,Kalanaur,Basana(129),Normal/Others,"NA - Construction of roads, link roads, pathways or any other road with or without drainage system",DEPUTY COMMISSIONER ROHTAK_IDA,2024-01-13,Action Pending,1100000,Unsanctioned
MPLADS-007859,SHRI Ram Chander Jangra,Rajya Sabha,Haryana,Sitting Rajya Sabha,Meham,ward no. 3,,,Normal/Others,NA - Construction of community centers and community halls,DEPUTY COMMISSIONER ROHTAK_IDA,2024-01-13,Action Pending,1500000,Unsanctioned
MPLADS-008096,Nayab Singh,Lok Sabha,Haryana,KURUKSHETRA,,,Dhand St,Ahun (19),Normal/Others,NA - Construction of common work sheds/ common covered sitting area,Deputy Commissioner Kaithal_IDA,2024-01-12,Action Pending,700000,Unsanctioned
MPLADS-008099,Nayab Singh,Lok Sabha,Haryana,KURUKSHETRA,,,Thanesar,Shamsipur (2),Repair and Renovation,NA - Construction of community centers and community halls,DEPUTY COMMISSIONER KURUKSHETRA_IDA,2024-01-12,Action Pending,500000,Unsanctioned
MPLADS-008127,Nayab Singh,Lok Sabha,Haryana,KURUKSHETRA,,,Dhand St,Ahun (19),Normal/Others,"NA - Construction of roads, link roads, pathways or any other road with or without drainage system",Deputy Commissioner Kaithal_IDA,2024-01-12,Action Pending,270000,Unsanctioned
MPLADS-008128,Rao Inderjit Singh,Lok Sabha,Haryana,GURGAON,,,Farrukhnagar,Jatola(22),Normal/Others,NA - Construction of community centers and community halls,Deputy Commissioner Gurugram_IDA,2024-01-12,Action Pending,254000,Unsanctioned
MPLADS-008129,Nayab Singh,Lok Sabha,Haryana,KURUKSHETRA,,,Babain St,Ramnagar (112),Normal/Others,"NA - Construction of roads, link roads, pathways or any other road with or without drainage system",DEPUTY COMMISSIONER KURUKSHETRA_IDA,2024-01-12,Action Pending,500000,Unsanctioned
MPLADS-008132,Nayab Singh,Lok Sabha,Haryana,KURUKSHETRA,,,Fatehpur Pundri,Bhana (49),Normal/Others,NA - Construction of community centers and community halls,Deputy Commissioner Kaithal_IDA,2024-01-12,Action Pending,1100000,Unsanctioned
MPLADS-008161,Nayab Singh,Lok Sabha,Haryana,KURUKSHETRA,,,Fatehpur Pundri,Karora (46),Normal/Others,"NA - Construction of roads, link roads, pathways or any other road with or without drainage system",Deputy Commissioner Kaithal_IDA,2024-01-12,Action Pending,1000000,Unsanctioned
MPLADS-008162,Rao Inderjit Singh,Lok Sabha,Haryana,GURGAON,Gurugram,Sec. 68 Village Noorpur,,,Normal/Others,NA - Purchase of furniture and fixtures for educational purposes,Deputy Commissioner Gurugram_IDA,2024-01-12,Action Pending,200000,Unsanctioned
MPLADS-008163,Arvind Kumar Sharma,Lok Sabha,Haryana,ROHTAK,,,Badli,Badli(72),Normal/Others,NA - Construction of community centers and community halls,Deputy Commissioner Jhajjar_IDA,2024-01-12,Action Pending,500000,Unsanctioned
MPLADS-008164,SHRI Ram Chander Jangra,Rajya Sabha,Haryana,Sitting Rajya Sabha,,,Gohana,Ranakheri (18),Normal/Others,NA - Construction of community centers and community halls,DEPUTY COMMISSIONER SONEPAT_IDA,2024-01-12,Action Pending,1100000,Unsanctioned
MPLADS-008165,SHRI Ram Chander Jangra,Rajya Sabha,Haryana,Sitting Rajya Sabha,Rohtak,Ward no 10 MC Rohtak,,,Normal/Others,NA - Construction of community centers and community halls,DEPUTY COMMISSIONER ROHTAK_IDA,2024-01-12,Action Pending,1100000,Unsanctioned
MPLADS-008362,SHRI Ram Chander Jangra,Rajya Sabha,Haryana,Sitting Rajya Sabha,,,Rohtak,Maina(72),Normal/Others,NA - Construction of public libraries and reading rooms,DEPUTY COMMISSIONER ROHTAK_IDA,2024-01-11,Action Pending,1100000,Unsanctioned
MPLADS-008363,SHRI Ram Chander Jangra,Rajya Sabha,Haryana,Sitting Rajya Sabha,,,Bhiwani,Mundhal Khurd (57),Normal/Others,NA - Construction of community centers and community halls,Deputy Commissioner Bhiwani_IDA,2024-01-11,Action Pending,1100000,Unsanctioned
MPLADS-008365,Ramesh Chander Kaushik,Lok Sabha,Haryana,SONEPAT,Gohana,MC Gohana,,,Trust and Society,"NA - Construction of roads, link roads, pathways or any other road with or without drainage system",DEPUTY COMMISSIONER SONEPAT_IDA,2024-01-11,Action Pending,400000,Unsanctioned
MPLADS-008366,Rao Inderjit Singh,Lok Sabha,Haryana,GURGAON,,,Farrukhnagar,Garhi Nathekhan(9),Normal/Others,"NA - Construction of roads, link roads, pathways or any other road with or without drainage system",Deputy Commissioner Gurugram_IDA,2024-01-11,Action Pending,549000,Unsanctioned
MPLADS-008367,Shri Dharambir Singh ,Lok Sabha,Haryana,BHIWANI MAHENDRAGARH,Narnaul,Ward No. 13,,,Normal/Others,"NA - Construction of roads, link roads, pathways or any other road with or without drainage system",DEPUTY COMMISSIONER MAHENDRAGARH_IDA,2024-01-11,Action Pending,500000,Unsanctioned
MPLADS-008368,Shri Dharambir Singh ,Lok Sabha,Haryana,BHIWANI MAHENDRAGARH,,,Loharu,Kharkhari(37),Normal/Others,NA - Purchase of books and periodicals for libraries,Deputy Commissioner Bhiwani_IDA,2024-01-11,Action Pending,200000,Unsanctioned
MPLADS-008501,Rao Inderjit Singh,Lok Sabha,Haryana,GURGAON,,,Pataudi,Ghudana(9),Normal/Others,"NA - Construction of roads, link roads, pathways or any other road with or without drainage system",Deputy Commissioner Gurugram_IDA,2024-01-10,Rejected by IDA,800000,Unsanctioned
MPLADS-008502,Rao Inderjit Singh,Lok Sabha,Haryana,GURGAON,Gurugram,sector 50,,,Normal/Others,NA - Purchase of school vans and buses (Four and three wheelers),Deputy Commissioner Gurugram_IDA,2024-01-10,Rejected by IDA,731000,Unsanctioned
MPLADS-008503,Rao Inderjit Singh,Lok Sabha,Haryana,GURGAON,Gurugram,Ward No. 10,,,Normal/Others,NA - Purchase of sports equipment,Deputy Commissioner Gurugram_IDA,2024-01-10,Rejected by IDA,1100000,Unsanctioned
MPLADS-008617,SHRI Ram Chander Jangra,Rajya Sabha,Haryana,Sitting Rajya Sabha,,,Kharkhoda,Farmana (2r),Normal/Others,NA - Construction of community centers and community halls,DEPUTY COMMISSIONER SONEPAT_IDA,2024-01-09,Action Pending,1100000,Unsanctioned
MPLADS-008781,Sanjay Bhatia,Lok Sabha,Haryana,KARNAL,,,Gharaunda,Kohand (30),Normal/Others,"WS/MP596/2023-2024/77839 - Construction of roads, approach roads, link roads and pathways",DEPUTY COMMISSIONER KARNAL_IDA,2024-01-08,Approved by IDA,600000,Unsanctioned
MPLADS-008782,Sanjay Bhatia,Lok Sabha,Haryana,KARNAL,,,Gharaunda,Kutail Gamri,Normal/Others,WS/MP596/2023-2024/77841 - Construction of New Building,DEPUTY COMMISSIONER KARNAL_IDA,2024-01-08,Approved by IDA,250000,Unsanctioned
MPLADS-008783,Sanjay Bhatia,Lok Sabha,Haryana,KARNAL,,,Ballah St,Munak (28),Normal/Others,WS/MP596/2023-2024/77843 - Construction of New Building,DEPUTY COMMISSIONER KARNAL_IDA,2024-01-08,Approved by IDA,500000,Unsanctioned
MPLADS-008784,Sanjay Bhatia,Lok Sabha,Haryana,KARNAL,,,Nilokheri,Butana (Part)(34),Normal/Others,"WS/MP596/2023-2024/77846 - Construction of roads, approach roads, link roads and pathways",DEPUTY COMMISSIONER KARNAL_IDA,2024-01-08,Approved by IDA,300000,Unsanctioned
MPLADS-008786,Sanjay Bhatia,Lok Sabha,Haryana,KARNAL,,,Karnal,Uncha Siwana,Normal/Others,WS/MP596/2023-2024/77855 - Construction of New Building,DEPUTY COMMISSIONER KARNAL_IDA,2024-01-08,Approved by IDA,1100000,Unsanctioned
MPLADS-008787,Sanjay Bhatia,Lok Sabha,Haryana,KARNAL,,,Samalkha,Naryana (74),Normal/Others,NA - Installation of multi-gym equipment,Deputy Commissioner Panipat_IDA,2024-01-08,Action Pending,250000,Unsanctioned
MPLADS-008788,Sanjay Bhatia,Lok Sabha,Haryana,KARNAL,,,Samalkha,Dehra (85),Normal/Others,"NA - Construction of roads, link roads, pathways or any other road with or without drainage system",Deputy Commissioner Panipat_IDA,2024-01-08,Action Pending,500000,Unsanctioned
MPLADS-008789,Sanjay Bhatia,Lok Sabha,Haryana,KARNAL,,,Israna,"Israna (66, 67)",Normal/Others,"NA - Purchase of IT systems, including hardware and software for educational purposes",Deputy Commissioner Panipat_IDA,2024-01-08,Action Pending,1000000,Unsanctioned
MPLADS-008807,SHRI Devender Paul Vats,Rajya Sabha,Haryana,Sitting Rajya Sabha,,,Hisar,Rawalwas Khurd(52),Normal/Others,NA - Purchase of mobile water tankers,DEPUTY COMMISSIONER HISSAR_IDA,2024-01-08,Action Pending,155000,Unsanctioned
MPLADS-008809,Sanjay Bhatia,Lok Sabha,Haryana,KARNAL,,,Gharaunda,Kohand (30),Normal/Others,WS/MP596/2023-2024/77838 - Construction of New Building,DEPUTY COMMISSIONER KARNAL_IDA,2024-01-08,Approved by IDA,1000000,Unsanctioned
MPLADS-009069,Brijendra Singh,Lok Sabha,Haryana,HISAR,,,Uklana St,Uklana (Rural)(113),Normal/Others,NA - Purchase of mobile water tankers,DEPUTY COMMISSIONER HISSAR_IDA,2024-01-07,Action Pending,158000,Unsanctioned
MPLADS-009080,Brijendra Singh,Lok Sabha,Haryana,HISAR,,,Uklana St,Uklana (Rural)(113),Normal/Others,NA - Purchase of mobile water tankers,DEPUTY COMMISSIONER HISSAR_IDA,2024-01-07,Action Pending,158000,Unsanctioned
MPLADS-009082,Brijendra Singh,Lok Sabha,Haryana,HISAR,,,Uklana St,Bhaini Badshahpur(125),Normal/Others,NA - Purchase of mobile water tankers,DEPUTY COMMISSIONER HISSAR_IDA,2024-01-07,Action Pending,160000,Unsanctioned
MPLADS-009083,Brijendra Singh,Lok Sabha,Haryana,HISAR,,,Uklana St,Uklana (Rural)(113),Normal/Others,NA - Purchase of mobile water tankers,DEPUTY COMMISSIONER HISSAR_IDA,2024-01-07,Action Pending,160000,Unsanctioned
MPLADS-009084,Brijendra Singh,Lok Sabha,Haryana,HISAR,,,Hansi,Data(83),Normal/Others,NA - Purchase of mobile water tankers,DEPUTY COMMISSIONER HISSAR_IDA,2024-01-07,Action Pending,160000,Unsanctioned
MPLADS-009085,Brijendra Singh,Lok Sabha,Haryana,HISAR,,,Uchana,Uchana Khurd (106),Normal/Others,WS/MP593/2023-2024/76871 - Purchase of mobile water tankers,Deputy Commissioner Jind_IDA,2024-01-07,Approved by IDA,160000,Unsanctioned
MPLADS-009086,Brijendra Singh,Lok Sabha,Haryana,HISAR,,,Uchana,Nachar Khera (103),Normal/Others,WS/MP593/2023-2024/76872 - Purchase of mobile water tankers,Deputy Commissioner Jind_IDA,2024-01-07,Approved by IDA,160000,Unsanctioned
MPLADS-009087,Brijendra Singh,Lok Sabha,Haryana,HISAR,,,Uchana,Makhand (105),Normal/Others,WS/MP593/2023-2024/76873 - Purchase of mobile water tankers,Deputy Commissioner Jind_IDA,2024-01-07,Approved by IDA,160000,Unsanctioned
MPLADS-009088,Brijendra Singh,Lok Sabha,Haryana,HISAR,,,Hansi,Ghirai(24),Normal/Others,NA - Purchase of mobile water tankers,DEPUTY COMMISSIONER HISSAR_IDA,2024-01-07,Action Pending,160000,Unsanctioned
MPLADS-009089,Brijendra Singh,Lok Sabha,Haryana,HISAR,,,Hisar,Guzar(61),Normal/Others,NA - Purchase of mobile water tankers,DEPUTY COMMISSIONER HISSAR_IDA,2024-01-07,Action Pending,160000,Unsanctioned
MPLADS-009090,Brijendra Singh,Lok Sabha,Haryana,HISAR,,,Hisar,Neoli Kalan(169),Normal/Others,NA - Purchase of mobile water tankers,DEPUTY COMMISSIONER HISSAR_IDA,2024-01-07,Action Pending,160000,Unsanctioned
MPLADS-009091,Brijendra Singh,Lok Sabha,Haryana,HISAR,,,Hisar,Patan(54),Normal/Others,NA - Purchase of mobile water tankers,DEPUTY COMMISSIONER HISSAR_IDA,2024-01-07,Action Pending,160000,Unsanctioned
MPLADS-009228,Brijendra Singh,Lok Sabha,Haryana,HISAR,,,Hisar,Badon Brahmanan(6),Normal/Others,NA - Purchase of mobile water tankers,DEPUTY COMMISSIONER HISSAR_IDA,2024-01-07,Action Pending,160000,Unsanctioned
MPLADS-009248,Brijendra Singh,Lok Sabha,Haryana,HISAR,,,Balsamand St,Gorchhi(20),Normal/Others,NA - Purchase of mobile water tankers,DEPUTY COMMISSIONER HISSAR_IDA,2024-01-07,Action Pending,160000,Unsanctioned
MPLADS-009250,Brijendra Singh,Lok Sabha,Haryana,HISAR,,,Hisar,Nalwa(33),Normal/Others,NA - Purchase of mobile water tankers,DEPUTY COMMISSIONER HISSAR_IDA,2024-01-07,Action Pending,160000,Unsanctioned
MPLADS-009252,SHRI Devender Paul Vats,Rajya Sabha,Haryana,Sitting Rajya Sabha,,,Hisar,Juglan(66),Normal/Others,NA - Purchase of mobile water tankers,DEPUTY COMMISSIONER HISSAR_IDA,2024-01-07,Action Pending,155000,Unsanctioned
MPLADS-009253,SHRI Devender Paul Vats,Rajya Sabha,Haryana,Sitting Rajya Sabha,,,Bass,Badala(102),Normal/Others,NA - Purchase of mobile water tankers,DEPUTY COMMISSIONER HISSAR_IDA,2024-01-07,Action Pending,310000,Unsanctioned
MPLADS-009254,Brijendra Singh,Lok Sabha,Haryana,HISAR,,,Hisar,Panihar Chak(17),Normal/Others,NA - Purchase of mobile water tankers,DEPUTY COMMISSIONER HISSAR_IDA,2024-01-07,Action Pending,160000,Unsanctioned
MPLADS-009265,Brijendra Singh,Lok Sabha,Haryana,HISAR,,,Hisar,Bhagana(152),Normal/Others,NA - Construction of additional rooms and halls in the existing public and community building,DEPUTY COMMISSIONER HISSAR_IDA,2024-01-07,Action Pending,500000,Unsanctioned
MPLADS-009269,Brijendra Singh,Lok Sabha,Haryana,HISAR,Barwala,1,,,Normal/Others,NA - Purchase of mobile water tankers,DEPUTY COMMISSIONER HISSAR_IDA,2024-01-07,Action Pending,160000,Unsanctioned
MPLADS-009270,Brijendra Singh,Lok Sabha,Haryana,HISAR,Barwala,17,,,Normal/Others,NA - Purchase of mobile water tankers,DEPUTY COMMISSIONER HISSAR_IDA,2024-01-07,Action Pending,160000,Unsanctioned
MPLADS-009272,Brijendra Singh,Lok Sabha,Haryana,HISAR,,,Bass,Ugalan (93),Normal/Others,NA - Construction of public irrigation facilities,DEPUTY COMMISSIONER HISSAR_IDA,2024-01-07,Action Pending,300000,Unsanctioned
MPLADS-009622,Nayab Singh,Lok Sabha,Haryana,KURUKSHETRA,,,Guhla,Pabsar (70),Normal/Others,NA - Construction of common work sheds/ common covered sitting area,Deputy Commissioner Kaithal_IDA,2024-01-06,Action Pending,500000,Unsanctioned
MPLADS-009668,Rao Inderjit Singh,Lok Sabha,Haryana,GURGAON,,,Rewari,Chhuriawas (157),Normal/Others,"NA - Construction of roads, link roads, pathways or any other road with or without drainage system",DEPUTY COMMISSIONER REWARI_IDA,2024-01-05,Action Pending,300000,Unsanctioned
MPLADS-009671,Nayab Singh,Lok Sabha,Haryana,KURUKSHETRA,,,Kaithal,Balwanti (32),Normal/Others,"NA - Construction of roads, link roads, pathways or any other road with or without drainage system",Deputy Commissioner Kaithal_IDA,2024-01-05,Action Pending,500000,Unsanctioned
MPLADS-010015,SHRI Devender Paul Vats,Rajya Sabha,Haryana,Sitting Rajya Sabha,,,Bhiwani,Dhana Narsan (20),Normal/Others,NA - Purchase of mobile water tankers,Deputy Commissioner Bhiwani_IDA,2024-01-04,Action Pending,155000,Unsanctioned
MPLADS-010204,Nayab Singh,Lok Sabha,Haryana,KURUKSHETRA,,,Thanesar,Dayal Pur (Part)(383),Normal/Others,"NA - Construction of roads, link roads, pathways or any other road with or without drainage system",DEPUTY COMMISSIONER KURUKSHETRA_IDA,2024-01-04,Action Pending,500000,Unsanctioned
MPLADS-010401,Shri Dharambir Singh ,Lok Sabha,Haryana,BHIWANI MAHENDRAGARH,,,Satnali St,Digrota(13),Normal/Others,NA - Purchase of mobile sanitation equipment,DEPUTY COMMISSIONER MAHENDRAGARH_IDA,2024-01-03,Action Pending,400000,Unsanctioned
MPLADS-010461,Shri Dharambir Singh ,Lok Sabha,Haryana,BHIWANI MAHENDRAGARH,Mahendragarh,Ward No. 3,,,Normal/Others,NA - Construction of public libraries and reading rooms,DEPUTY COMMISSIONER MAHENDRAGARH_IDA,2024-01-03,Action Pending,1100000,Unsanctioned
MPLADS-010573,Brijendra Singh,Lok Sabha,Haryana,HISAR,,,Hansi,Channot(112),Normal/Others,NA - Construction of public libraries and reading rooms,DEPUTY COMMISSIONER HISSAR_IDA,2024-01-02,Action Pending,500000,Unsanctioned
MPLADS-010575,Brijendra Singh,Lok Sabha,Haryana,HISAR,,,Kheri Jalab St,Koth Khurd (3),Normal/Others,"NA - Construction of roads, approach roads, link roads and pathways",DEPUTY COMMISSIONER HISSAR_IDA,2024-01-02,Action Pending,300000,Unsanctioned
MPLADS-010576,Brijendra Singh,Lok Sabha,Haryana,HISAR,,,Bawani Khera,Milakpur (133),Normal/Others,"NA - Construction of roads, link roads, pathways or any other road with or without drainage system",Deputy Commissioner Bhiwani_IDA,2024-01-02,Action Pending,250000,Unsanctioned
MPLADS-010636,Brijendra Singh,Lok Sabha,Haryana,HISAR,,,Hisar,Bahbalpur(67),Normal/Others,NA - Construction of additional rooms and halls in the existing public and community building,DEPUTY COMMISSIONER HISSAR_IDA,2024-01-02,Action Pending,500000,Unsanctioned
MPLADS-010637,Brijendra Singh,Lok Sabha,Haryana,HISAR,,,Bass,Kharbla(99),Normal/Others,NA - Construction of rooms and halls in school and colleges,DEPUTY COMMISSIONER HISSAR_IDA,2024-01-02,Action Pending,500000,Unsanctioned
MPLADS-010660,Brijendra Singh,Lok Sabha,Haryana,HISAR,,,Barwala,Badon Pati Awal(69),Normal/Others,NA - Construction of additional rooms and halls in the existing public and community building,DEPUTY COMMISSIONER HISSAR_IDA,2024-01-02,Action Pending,500000,Unsanctioned
MPLADS-010683,Nayab Singh,Lok Sabha,Haryana,KURUKSHETRA,,,Dhand St,Meoli (9),Normal/Others,NA - Providing drains and gutters for public drainage,Deputy Commissioner Kaithal_IDA,2024-01-02,Action Pending,1000000,Unsanctioned
MPLADS-010691,Nayab Singh,Lok Sabha,Haryana,KURUKSHETRA,,,Jagadhri,Farakhpur (Ct),Normal/Others,NA - Construction of additional rooms and halls in the existing public and community building,Deputy Commissioner YamunaNagar_IDA,2024-01-02,Action Pending,500000,Unsanctioned
MPLADS-010692,Nayab Singh,Lok Sabha,Haryana,KURUKSHETRA,,,Kalayat,Julani Khera (23),Normal/Others,NA - Installation of fixed garden gym equipment,Deputy Commissioner Kaithal_IDA,2024-01-02,Action Pending,500000,Unsanctioned
MPLADS-010694,Nayab Singh,Lok Sabha,Haryana,KURUKSHETRA,,,Fatehpur Pundri,Hajwana(45),Repair and Renovation,NA - Construction of community centers and community halls,Deputy Commissioner Kaithal_IDA,2024-01-02,Action Pending,200000,Unsanctioned
MPLADS-010695,Nayab Singh,Lok Sabha,Haryana,KURUKSHETRA,,,Babain St,Babain (145),Normal/Others,NA - Construction of boundary walls of existing public and community buildings,DEPUTY COMMISSIONER KURUKSHETRA_IDA,2024-01-02,Rejected by IDA,500000,Unsanctioned
MPLADS-010696,Brijendra Singh,Lok Sabha,Haryana,HISAR,,,Hisar,Kharar(149),Normal/Others,NA - Construction of public irrigation facilities,DEPUTY COMMISSIONER HISSAR_IDA,2024-01-02,Action Pending,400000,Unsanctioned
MPLADS-010697,Brijendra Singh,Lok Sabha,Haryana,HISAR,,,Bawani Khera,Kheri Daulatpur (132),Normal/Others,NA - Construction of additional rooms and halls in the existing public and community building,Deputy Commissioner Bhiwani_IDA,2024-01-02,Action Pending,500000,Unsanctioned
MPLADS-010698,Brijendra Singh,Lok Sabha,Haryana,HISAR,,,Alewa,Thuha (69),Normal/Others,NA - Installing community drinking water plants,Deputy Commissioner Jind_IDA,2024-01-02,Action Pending,150000,Unsanctioned
MPLADS-010699,Brijendra Singh,Lok Sabha,Haryana,HISAR,Barwala,2,,,Normal/Others,NA - Construction of additional rooms and halls in the existing public and community building,DEPUTY COMMISSIONER HISSAR_IDA,2024-01-02,Action Pending,500000,Unsanctioned
MPLADS-010700,Brijendra Singh,Lok Sabha,Haryana,HISAR,,,Hisar,Khokha(28),Normal/Others,NA - Construction of additional rooms and halls in the existing public and community building,DEPUTY COMMISSIONER HISSAR_IDA,2024-01-02,Action Pending,500000,Unsanctioned
MPLADS-010701,Brijendra Singh,Lok Sabha,Haryana,HISAR,,,Hisar,Dhingtana(70),Normal/Others,NA - Construction of additional rooms and halls in the existing public and community building,DEPUTY COMMISSIONER HISSAR_IDA,2024-01-02,Action Pending,500000,Unsanctioned
MPLADS-010725,SHRI Deepender Singh,Rajya Sabha,Haryana,Sitting Rajya Sabha,,,Jhajjar,Subana(226),Normal/Others,NA - Construction of common work sheds/ common covered sitting area,Deputy Commissioner Jhajjar_IDA,2024-01-02,Action Pending,700000,Unsanctioned
MPLADS-010727,SHRI Deepender Singh,Rajya Sabha,Haryana,Sitting Rajya Sabha,,,Sampla,Ismaila 9-B(38),Normal/Others,NA - Construction of community centers and community halls,DEPUTY COMMISSIONER ROHTAK_IDA,2024-01-02,Action Pending,500000,Unsanctioned
MPLADS-010728,SHRI Deepender Singh,Rajya Sabha,Haryana,Sitting Rajya Sabha,,,Sampla,Kharawar(40),Normal/Others,"NA - Construction of roads, approach roads, link roads and pathways",DEPUTY COMMISSIONER ROHTAK_IDA,2024-01-02,Action Pending,400000,Unsanctioned
MPLADS-010729,SHRI Deepender Singh,Rajya Sabha,Haryana,Sitting Rajya Sabha,,,Indri,Kheri Man Singh(63),Normal/Others,NA - Construction of community centers and community halls,DEPUTY COMMISSIONER KARNAL_IDA,2024-01-02,Action Pending,700000,Unsanctioned
MPLADS-010730,SHRI Deepender Singh,Rajya Sabha,Haryana,Sitting Rajya Sabha,,,Matenhail,Akehri Madanpur(200),Normal/Others,NA - Construction of additional rooms and halls in the existing public and community building,Deputy Commissioner Jhajjar_IDA,2024-01-02,Action Pending,500000,Unsanctioned
MPLADS-010732,SHRI Deepender Singh,Rajya Sabha,Haryana,Sitting Rajya Sabha,,,Badli,Sondhi(83),Normal/Others,NA - Construction of buildings for community cultural activities,Deputy Commissioner Jhajjar_IDA,2024-01-02,Action Pending,500000,Unsanctioned
MPLADS-010783,Nayab Singh,Lok Sabha,Haryana,KURUKSHETRA,,,Ladwa,Mathana (364),Normal/Others,NA - Construction of community centers and community halls,DEPUTY COMMISSIONER KURUKSHETRA_IDA,2024-01-01,Action Pending,500000,Unsanctioned
MPLADS-010801,Brijendra Singh,Lok Sabha,Haryana,HISAR,,,Adampur,Chuli Khurd(6),Normal/Others,"NA - Construction of roads, approach roads, link roads and pathways",DEPUTY COMMISSIONER HISSAR_IDA,2024-01-01,Action Pending,200000,Unsanctioned
MPLADS-010808,Brijendra Singh,Lok Sabha,Haryana,HISAR,Barwala,12,,,Normal/Others,NA - Purchase of mobile water tankers,DEPUTY COMMISSIONER HISSAR_IDA,2024-01-01,Action Pending,160000,Unsanctioned
MPLADS-010809,Brijendra Singh,Lok Sabha,Haryana,HISAR,,,Barwala,Sarsod(129),Normal/Others,NA - Purchase of mobile water tankers,DEPUTY COMMISSIONER HISSAR_IDA,2024-01-01,Action Pending,160000,Unsanctioned
MPLADS-010810,Brijendra Singh,Lok Sabha,Haryana,HISAR,,,Hisar,Nalwa(33),Normal/Others,NA - Construction of public irrigation facilities,DEPUTY COMMISSIONER HISSAR_IDA,2024-01-01,Action Pending,500000,Unsanctioned
MPLADS-010811,Brijendra Singh,Lok Sabha,Haryana,HISAR,,,Hisar,Hari Kot(220),Normal/Others,NA - Construction of public irrigation facilities,DEPUTY COMMISSIONER HISSAR_IDA,2024-01-01,Action Pending,500000,Unsanctioned
MPLADS-010812,Brijendra Singh,Lok Sabha,Haryana,HISAR,,,Kheri Jalab St,Kapro (7),Normal/Others,NA - Construction of public irrigation facilities,DEPUTY COMMISSIONER HISSAR_IDA,2024-01-01,Action Pending,500000,Unsanctioned
MPLADS-010813,Brijendra Singh,Lok Sabha,Haryana,HISAR,,,Hisar,Meengni Khera(171),Repair and Renovation,NA - Construction of public irrigation facilities,DEPUTY COMMISSIONER HISSAR_IDA,2024-01-01,Action Pending,500000,Unsanctioned
MPLADS-010814,Brijendra Singh,Lok Sabha,Haryana,HISAR,,,Bhiwani,Prem Nagar (9),Normal/Others,"NA - Construction of roads, link roads, pathways or any other road with or without drainage system",Deputy Commissioner Bhiwani_IDA,2024-01-01,Action Pending,200000,Unsanctioned
MPLADS-010816,SHRI Devender Paul Vats,Rajya Sabha,Haryana,Sitting Rajya Sabha,,,Kalanaur,Masudpur(110),Normal/Others,NA - Installation of multi-gym equipment,DEPUTY COMMISSIONER ROHTAK_IDA,2024-01-01,Action Pending,200000,Unsanctioned
MPLADS-010817,SHRI Devender Paul Vats,Rajya Sabha,Haryana,Sitting Rajya Sabha,,,Kalanaur,Masudpur(110),Normal/Others,NA - Purchase of mobile water tankers,DEPUTY COMMISSIONER ROHTAK_IDA,2024-01-01,Action Pending,155000,Unsanctioned
MPLADS-010818,SHRI Deepender Singh,Rajya Sabha,Haryana,Sitting Rajya Sabha,,,Lakhan Majra St,Kharak Jatan(110),Normal/Others,NA - Construction of community centers and community halls,DEPUTY COMMISSIONER ROHTAK_IDA,2024-01-01,Action Pending,300000,Unsanctioned
MPLADS-010819,SHRI Ram Chander Jangra,Rajya Sabha,Haryana,Sitting Rajya Sabha,,,Maham,Mokhra Khas(101),Normal/Others,NA - Construction of community centers and community halls,DEPUTY COMMISSIONER ROHTAK_IDA,2024-01-01,Action Pending,1100000,Unsanctioned
MPLADS-010897,Nayab Singh,Lok Sabha,Haryana,KURUKSHETRA,,,Babain St,Mangoli Jattan (131),Normal/Others,NA - Construction of community centers and community halls,DEPUTY COMMISSIONER KURUKSHETRA_IDA,2024-01-01,Action Pending,500000,Unsanctioned
MPLADS-010898,Nayab Singh,Lok Sabha,Haryana,KURUKSHETRA,,,Babain St,Mangaoli Rangran (130),Normal/Others,NA - Construction of common work sheds/ common covered sitting area,DEPUTY COMMISSIONER KURUKSHETRA_IDA,2024-01-01,Action Pending,500000,Unsanctioned
MPLADS-010899,Nayab Singh,Lok Sabha,Haryana,KURUKSHETRA,Cheeka,M.C. Cheeka.,,,Normal/Others,NA - Construction of additional rooms and halls in the existing public and community building,Deputy Commissioner Kaithal_IDA,2024-01-01,Action Pending,251000,Unsanctioned
MPLADS-010906,Brijendra Singh,Lok Sabha,Haryana,HISAR,,,Hansi,Sheikhpura(121),Normal/Others,NA - Purchase of mobile water tankers,DEPUTY COMMISSIONER HISSAR_IDA,2024-01-01,Action Pending,160000,Unsanctioned
MPLADS-010907,Brijendra Singh,Lok Sabha,Haryana,HISAR,Barwala,14,,,Normal/Others,NA - Purchase of mobile water tankers,DEPUTY COMMISSIONER HISSAR_IDA,2024-01-01,Action Pending,160000,Unsanctioned
MPLADS-010937,Nayab Singh,Lok Sabha,Haryana,KURUKSHETRA,Cheeka,WARD-4,,,Normal/Others,NA - Construction of community centers and community halls,Deputy Commissioner Kaithal_IDA,2024-01-01,Action Pending,500000,Unsanctioned
MPLADS-010940,Brijendra Singh,Lok Sabha,Haryana,HISAR,Barwala,18,,,Normal/Others,NA - Purchase of mobile water tankers,DEPUTY COMMISSIONER HISSAR_IDA,2024-01-01,Action Pending,160000,Unsanctioned
MPLADS-010948,Brijendra Singh,Lok Sabha,Haryana,HISAR,Barwala,1,,,Normal/Others,NA - Purchase of mobile water tankers,DEPUTY COMMISSIONER HISSAR_IDA,2024-01-01,Action Pending,160000,Unsanctioned
MPLADS-010961,Brijendra Singh,Lok Sabha,Haryana,HISAR,Barwala,16,,,Normal/Others,NA - Purchase of mobile water tankers,DEPUTY COMMISSIONER HISSAR_IDA,2024-01-01,Action Pending,160000,Unsanctioned
MPLADS-010972,SHRI Devender Paul Vats,Rajya Sabha,Haryana,Sitting Rajya Sabha,,,Hisar,Chaudhriwas(18),Normal/Others,NA - Purchase of mobile water tankers,DEPUTY COMMISSIONER HISSAR_IDA,2023-12-31,Action Pending,310000,Unsanctioned
MPLADS-010983,SHRI Devender Paul Vats,Rajya Sabha,Haryana,Sitting Rajya Sabha,,,Hisar,Mirpur(55),Normal/Others,NA - Purchase of mobile water tankers,DEPUTY COMMISSIONER HISSAR_IDA,2023-12-31,Action Pending,155000,Unsanctioned
MPLADS-011156,Nayab Singh,Lok Sabha,Haryana,KURUKSHETRA,,,Babain St,Mangaoli Rangran (130),Normal/Others,NA - Construction of common work sheds/ common covered sitting area,DEPUTY COMMISSIONER KURUKSHETRA_IDA,2023-12-31,Action Pending,500000,Unsanctioned
MPLADS-011157,Nayab Singh,Lok Sabha,Haryana,KURUKSHETRA,,,Kalayat,Mator(26),Normal/Others,NA - Construction of boundary walls of existing public and community buildings,Deputy Commissioner Kaithal_IDA,2023-12-31,Action Pending,500000,Unsanctioned
MPLADS-011158,Nayab Singh,Lok Sabha,Haryana,KURUKSHETRA,,,Kalayat,Badsikri Kalan(24),Normal/Others,"NA - Construction of roads, approach roads, link roads and pathways",Deputy Commissioner Kaithal_IDA,2023-12-31,Action Pending,300000,Unsanctioned
MPLADS-011159,Nayab Singh,Lok Sabha,Haryana,KURUKSHETRA,,,Kalayat,Chusala (28),Normal/Others,NA - Construction of water tanks,Deputy Commissioner Kaithal_IDA,2023-12-31,Action Pending,500000,Unsanctioned
MPLADS-011160,Nayab Singh,Lok Sabha,Haryana,KURUKSHETRA,,,Dhand St,Dhand (9),Normal/Others,NA - Construction of community centers and community halls,Deputy Commissioner Kaithal_IDA,2023-12-31,Action Pending,500000,Unsanctioned
MPLADS-011161,Nayab Singh,Lok Sabha,Haryana,KURUKSHETRA,,,Dhand St,Dhand (9),Normal/Others,"NA - Construction of roads, link roads, pathways or any other road with or without drainage system",Deputy Commissioner Kaithal_IDA,2023-12-31,Action Pending,500000,Unsanctioned
MPLADS-011162,Nayab Singh,Lok Sabha,Haryana,KURUKSHETRA,,,Dhand St,Sangroli (15),Normal/Others,NA - Construction of rooms and halls in school and colleges,Deputy Commissioner Kaithal_IDA,2023-12-31,Action Pending,1000000,Unsanctioned
MPLADS-011163,Nayab Singh,Lok Sabha,Haryana,KURUKSHETRA,,,Radaur,Unheri (38),Normal/Others,NA - Construction of community centers and community halls,Deputy Commissioner YamunaNagar_IDA,2023-12-31,Action Pending,500000,Unsanctioned
MPLADS-011164,Nayab Singh,Lok Sabha,Haryana,KURUKSHETRA,,,Radaur,Lakhi Bans (2),Normal/Others,NA - Construction of community centers and community halls,Deputy Commissioner YamunaNagar_IDA,2023-12-31,Action Pending,500000,Unsanctioned
MPLADS-011165,Nayab Singh,Lok Sabha,Haryana,KURUKSHETRA,,,Jagadhri,Khajuri (197),Normal/Others,NA - Construction of boundary walls of existing public and community buildings,Deputy Commissioner YamunaNagar_IDA,2023-12-31,Action Pending,500000,Unsanctioned
MPLADS-011382,SHRI Devender Paul Vats,Rajya Sabha,Haryana,Sitting Rajya Sabha,,,Badhra,Kari Dharni(42),Normal/Others,"NA - Purchase of IT systems, including hardware and software for educational purposes",Deputy Commissioner Charkhi Dadri_IDA,2023-12-30,Action Pending,250000,Unsanctioned
MPLADS-011383,SHRI Devender Paul Vats,Rajya Sabha,Haryana,Sitting Rajya Sabha,,,Barwala,Balak(130),Normal/Others,NA - Installation of multi-gym equipment,DEPUTY COMMISSIONER HISSAR_IDA,2023-12-30,Action Pending,500000,Unsanctioned
MPLADS-011412,Nayab Singh,Lok Sabha,Haryana,KURUKSHETRA,Kalayat,M.C. KALAYAT,,,Normal/Others,NA - Construction of community centers and community halls,Deputy Commissioner Kaithal_IDA,2023-12-30,Action Pending,500000,Unsanctioned
MPLADS-011636,Brijendra Singh,Lok Sabha,Haryana,HISAR,,,Hisar,Chaudhriwas(18),Normal/Others,NA - Purchase of mobile water tankers,DEPUTY COMMISSIONER HISSAR_IDA,2023-12-28,Action Pending,160000,Unsanctioned
MPLADS-011644,Brijendra Singh,Lok Sabha,Haryana,HISAR,,,Hisar,Payal(12),Normal/Others,NA - Purchase of mobile water tankers,DEPUTY COMMISSIONER HISSAR_IDA,2023-12-28,Action Pending,160000,Unsanctioned
MPLADS-011645,Brijendra Singh,Lok Sabha,Haryana,HISAR,,,Narnaund,Bheni Amirpur (71),Normal/Others,NA - Purchase of mobile water tankers,DEPUTY COMMISSIONER HISSAR_IDA,2023-12-28,Action Pending,160000,Unsanctioned
MPLADS-011646,Brijendra Singh,Lok Sabha,Haryana,HISAR,,,Bass,Badala(102),Normal/Others,NA - Purchase of mobile water tankers,DEPUTY COMMISSIONER HISSAR_IDA,2023-12-28,Action Pending,160000,Unsanctioned
MPLADS-011647,Brijendra Singh,Lok Sabha,Haryana,HISAR,,,Kheri Jalab St,Kheri Lochap (77),Normal/Others,NA - Purchase of mobile water tankers,DEPUTY COMMISSIONER HISSAR_IDA,2023-12-28,Action Pending,160000,Unsanctioned
MPLADS-011648,Brijendra Singh,Lok Sabha,Haryana,HISAR,,,Bhiwani,Dhanana (52),Normal/Others,NA - Purchase of mobile water tankers,Deputy Commissioner Bhiwani_IDA,2023-12-28,Action Pending,157000,Unsanctioned
MPLADS-011649,Brijendra Singh,Lok Sabha,Haryana,HISAR,,,Bawani Khera,Sippar (36),Normal/Others,NA - Purchase of mobile water tankers,Deputy Commissioner Bhiwani_IDA,2023-12-28,Action Pending,157000,Unsanctioned
MPLADS-011650,Brijendra Singh,Lok Sabha,Haryana,HISAR,,,Hansi,Channot(112),Normal/Others,NA - Purchase of mobile water tankers,DEPUTY COMMISSIONER HISSAR_IDA,2023-12-28,Action Pending,160000,Unsanctioned
MPLADS-011651,Brijendra Singh,Lok Sabha,Haryana,HISAR,,,Barwala,Rajli(25),Normal/Others,NA - Purchase of mobile water tankers,DEPUTY COMMISSIONER HISSAR_IDA,2023-12-28,Action Pending,160000,Unsanctioned
MPLADS-011652,Brijendra Singh,Lok Sabha,Haryana,HISAR,,,Uchana,Mangalpur (98),Normal/Others,WS/MP593/2023-2024/70454 - Purchase of mobile water tankers,Deputy Commissioner Jind_IDA,2023-12-28,Approved by IDA,157000,Unsanctioned
MPLADS-011672,Brijendra Singh,Lok Sabha,Haryana,HISAR,,,Uchana,Dumarkha Khurd (120),Normal/Others,WS/MP593/2023-2024/70455 - Purchase of mobile water tankers,Deputy Commissioner Jind_IDA,2023-12-28,Approved by IDA,157000,Unsanctioned
MPLADS-011673,Brijendra Singh,Lok Sabha,Haryana,HISAR,,,Uklana St,Uklana (Rural)(113),Normal/Others,NA - Purchase of mobile water tankers,DEPUTY COMMISSIONER HISSAR_IDA,2023-12-28,Action Pending,160000,Unsanctioned
MPLADS-011675,Shri Dharambir Singh ,Lok Sabha,Haryana,BHIWANI MAHENDRAGARH,,,Satnali St,Dalanwas(23),Normal/Others,NA - Purchase of mobile sanitation equipment,DEPUTY COMMISSIONER MAHENDRAGARH_IDA,2023-12-28,Action Pending,400000,Unsanctioned
MPLADS-011676,Nayab Singh,Lok Sabha,Haryana,KURUKSHETRA,,,Fatehpur Pundri,Hajwana(45),Normal/Others,NA - Construction of community centers and community halls,Deputy Commissioner Kaithal_IDA,2023-12-28,Action Pending,700000,Unsanctioned
MPLADS-011677,Nayab Singh,Lok Sabha,Haryana,KURUKSHETRA,,,Fatehpur Pundri,Hajwana(45),Normal/Others,NA - Construction of community centers and community halls,Deputy Commissioner Kaithal_IDA,2023-12-28,Action Pending,500000,Unsanctioned
MPLADS-011678,Nayab Singh,Lok Sabha,Haryana,KURUKSHETRA,,,Fatehpur Pundri,Bandrana (4),Normal/Others,NA - Construction of community centers and community halls,Deputy Commissioner Kaithal_IDA,2023-12-28,Action Pending,500000,Unsanctioned
MPLADS-011679,Nayab Singh,Lok Sabha,Haryana,KURUKSHETRA,,,Fatehpur Pundri,Teontha (21),Normal/Others,NA - Construction of community centers and community halls,Deputy Commissioner Kaithal_IDA,2023-12-28,Action Pending,1000000,Unsanctioned
MPLADS-011680,Nayab Singh,Lok Sabha,Haryana,KURUKSHETRA,,,Fatehpur Pundri,Bakal(74),Normal/Others,NA - Construction of community centers and community halls,Deputy Commissioner Kaithal_IDA,2023-12-28,Action Pending,500000,Unsanctioned
MPLADS-011681,Shri Dharambir Singh ,Lok Sabha,Haryana,BHIWANI MAHENDRAGARH,,,Badhra,Badhra(40),Normal/Others,NA - Development of playground,Deputy Commissioner Charkhi Dadri_IDA,2023-12-28,Action Pending,100000,Unsanctioned
MPLADS-011682,Shri Dharambir Singh ,Lok Sabha,Haryana,BHIWANI MAHENDRAGARH,,,Kanina,Mundia Khera(35),Normal/Others,NA - Purchase of mobile sanitation equipment,DEPUTY COMMISSIONER MAHENDRAGARH_IDA,2023-12-28,Action Pending,400000,Unsanctioned
MPLADS-011683,Shri Dharambir Singh ,Lok Sabha,Haryana,BHIWANI MAHENDRAGARH,,,Badhra,Kari Dharni(42),Normal/Others,"NA - Purchase of IT systems, including hardware and software for educational purposes",Deputy Commissioner Charkhi Dadri_IDA,2023-12-28,Action Pending,500000,Unsanctioned
MPLADS-011684,Brijendra Singh,Lok Sabha,Haryana,HISAR,,,Uklana St,Sahu (66),Normal/Others,NA - Purchase of mobile water tankers,DEPUTY COMMISSIONER HISSAR_IDA,2023-12-28,Action Pending,160000,Unsanctioned
MPLADS-011685,Shri Dharambir Singh ,Lok Sabha,Haryana,BHIWANI MAHENDRAGARH,,,Dadri,Charkhi(143),Normal/Others,NA - Purchase of sports equipment,Deputy Commissioner Charkhi Dadri_IDA,2023-12-28,Action Pending,250000,Unsanctioned
MPLADS-011686,Shri Dharambir Singh ,Lok Sabha,Haryana,BHIWANI MAHENDRAGARH,,,Ateli,Shyampura(12),Normal/Others,NA - Construction of common work sheds/ common covered sitting area,DEPUTY COMMISSIONER MAHENDRAGARH_IDA,2023-12-28,Action Pending,100000,Unsanctioned
MPLADS-011687,Nayab Singh,Lok Sabha,Haryana,KURUKSHETRA,,,Siwan St,Kawartan (64),Normal/Others,NA - Construction of community centers and community halls,Deputy Commissioner Kaithal_IDA,2023-12-28,Action Pending,500000,Unsanctioned
MPLADS-011688,Nayab Singh,Lok Sabha,Haryana,KURUKSHETRA,,,Siwan St,Sotha (78),Normal/Others,"NA - Construction of roads, approach roads, link roads and pathways",Deputy Commissioner Kaithal_IDA,2023-12-28,Action Pending,500000,Unsanctioned
MPLADS-011689,Nayab Singh,Lok Sabha,Haryana,KURUKSHETRA,,,Guhla,Cheeka,Normal/Others,NA - Construction of community centers and community halls,Deputy Commissioner Kaithal_IDA,2023-12-28,Action Pending,251000,Unsanctioned
MPLADS-011690,Nayab Singh,Lok Sabha,Haryana,KURUKSHETRA,,,Guhla,Kharkara (104),Normal/Others,NA - Construction of community centers and community halls,Deputy Commissioner Kaithal_IDA,2023-12-28,Action Pending,500000,Unsanctioned
MPLADS-011691,Nayab Singh,Lok Sabha,Haryana,KURUKSHETRA,,,Guhla,Harigarh Kingan (7),Normal/Others,"NA - Construction of roads, approach roads, link roads and pathways",Deputy Commissioner Kaithal_IDA,2023-12-28,Action Pending,500000,Unsanctioned
MPLADS-011692,Nayab Singh,Lok Sabha,Haryana,KURUKSHETRA,Pundri,M.C. Pundri,,,Normal/Others,NA - Construction of public libraries and reading rooms,Deputy Commissioner Kaithal_IDA,2023-12-28,Action Pending,1100000,Unsanctioned
MPLADS-011693,Nayab Singh,Lok Sabha,Haryana,KURUKSHETRA,,,Fatehpur Pundri,Deeg (43),Normal/Others,NA - Construction of community centers and community halls,Deputy Commissioner Kaithal_IDA,2023-12-28,Action Pending,500000,Unsanctioned
MPLADS-011694,Nayab Singh,Lok Sabha,Haryana,KURUKSHETRA,,,Fatehpur Pundri,Fatehpur (Og),Normal/Others,NA - Community Toilets,Deputy Commissioner Kaithal_IDA,2023-12-28,Action Pending,500000,Unsanctioned
MPLADS-011695,Brijendra Singh,Lok Sabha,Haryana,HISAR,,,Hansi,Hansi (Rural)(119),Normal/Others,NA - Purchase of mobile water tankers,DEPUTY COMMISSIONER HISSAR_IDA,2023-12-28,Action Pending,160000,Unsanctioned
MPLADS-011696,Brijendra Singh,Lok Sabha,Haryana,HISAR,Uklanamandi,ward No 6,,,Normal/Others,NA - Purchase of mobile water tankers,DEPUTY COMMISSIONER HISSAR_IDA,2023-12-28,Action Pending,160000,Unsanctioned
MPLADS-011697,Brijendra Singh,Lok Sabha,Haryana,HISAR,,,Hisar,Harita (9),Normal/Others,NA - Purchase of mobile water tankers,DEPUTY COMMISSIONER HISSAR_IDA,2023-12-28,Action Pending,160000,Unsanctioned
MPLADS-011698,Brijendra Singh,Lok Sabha,Haryana,HISAR,,,Hisar,Chandnaud(11),Normal/Others,NA - Purchase of mobile water tankers,DEPUTY COMMISSIONER HISSAR_IDA,2023-12-28,Action Pending,160000,Unsanctioned
MPLADS-011699,Brijendra Singh,Lok Sabha,Haryana,HISAR,,,Bawani Khera,Ratera (34),Normal/Others,NA - Purchase of mobile water tankers,Deputy Commissioner Bhiwani_IDA,2023-12-28,Action Pending,157000,Unsanctioned
MPLADS-011700,Brijendra Singh,Lok Sabha,Haryana,HISAR,,,Bawani Khera,Milakpur (133),Normal/Others,NA - Purchase of mobile water tankers,Deputy Commissioner Bhiwani_IDA,2023-12-28,Action Pending,157000,Unsanctioned
MPLADS-011701,Brijendra Singh,Lok Sabha,Haryana,HISAR,,,Bhiwani,Badesra (53),Normal/Others,NA - Purchase of mobile water tankers,Deputy Commissioner Bhiwani_IDA,2023-12-28,Action Pending,157000,Unsanctioned
MPLADS-011702,Nayab Singh,Lok Sabha,Haryana,KURUKSHETRA,,,Thanesar,Dhurala (404),Repair and Renovation,WS/MP594/2023-2024/70469 - Construction of community centers and community halls,DEPUTY COMMISSIONER KURUKSHETRA_IDA,2023-12-28,Approved by IDA,199861,Unsanctioned
MPLADS-011703,Nayab Singh,Lok Sabha,Haryana,KURUKSHETRA,,,Shahbad,Chhapri (Part)(242),Normal/Others,"NA - Construction of roads, approach roads, link roads and pathways",DEPUTY COMMISSIONER KURUKSHETRA_IDA,2023-12-28,Action Pending,250000,Unsanctioned
MPLADS-011704,Nayab Singh,Lok Sabha,Haryana,KURUKSHETRA,,,Shahbad,Chhapri (Part)(242),Normal/Others,"NA - Construction of roads, approach roads, link roads and pathways",DEPUTY COMMISSIONER KURUKSHETRA_IDA,2023-12-28,Action Pending,199000,Unsanctioned
MPLADS-011705,Nayab Singh,Lok Sabha,Haryana,KURUKSHETRA,,,Shahbad,Chhapri (Part)(242),Normal/Others,"NA - Construction of roads, link roads, pathways or any other road with or without drainage system",DEPUTY COMMISSIONER KURUKSHETRA_IDA,2023-12-28,Action Pending,300000,Unsanctioned
MPLADS-011706,Brijendra Singh,Lok Sabha,Haryana,HISAR,,,Bawani Khera,Baliyali (44),Normal/Others,NA - Purchase of mobile water tankers,Deputy Commissioner Bhiwani_IDA,2023-12-28,Action Pending,157000,Unsanctioned
MPLADS-011707,Brijendra Singh,Lok Sabha,Haryana,HISAR,Hansi,Ward No 10,,,Normal/Others,NA - Purchase of mobile water tankers,DEPUTY COMMISSIONER HISSAR_IDA,2023-12-28,Action Pending,160000,Unsanctioned
MPLADS-011708,Brijendra Singh,Lok Sabha,Haryana,HISAR,Hansi,Ward No 20,,,Normal/Others,NA - Purchase of mobile water tankers,DEPUTY COMMISSIONER HISSAR_IDA,2023-12-28,Action Pending,160000,Unsanctioned
MPLADS-011709,Nayab Singh,Lok Sabha,Haryana,KURUKSHETRA,,,Kaithal,Nawach (63),Normal/Others,NA - Construction of community centers and community halls,Deputy Commissioner Kaithal_IDA,2023-12-28,Action Pending,500000,Unsanctioned
MPLADS-011710,Nayab Singh,Lok Sabha,Haryana,KURUKSHETRA,,,Kaithal,Ladana Baba (8),Normal/Others,NA - Construction of community centers and community halls,Deputy Commissioner Kaithal_IDA,2023-12-28,Action Pending,500000,Unsanctioned
MPLADS-011819,SHRI Ram Chander Jangra,Rajya Sabha,Haryana,Sitting Rajya Sabha,,,Barwala,Kumbha Khera(75),Normal/Others,NA - Construction of community centers and community halls,DEPUTY COMMISSIONER HISSAR_IDA,2023-12-28,Action Pending,1100000,Unsanctioned
MPLADS-011825,SHRI Deepender Singh,Rajya Sabha,Haryana,Sitting Rajya Sabha,,,Badli,Badli(72),Normal/Others,NA - Construction of buildings for community cultural activities,Deputy Commissioner Jhajjar_IDA,2023-12-28,Action Pending,500000,Unsanctioned
MPLADS-011973,SHRI Devender Paul Vats,Rajya Sabha,Haryana,Sitting Rajya Sabha,,,Bhiwani,Tigrana (10),Normal/Others,WS/MP076/2023-2024/70000 - Providing garbage collection and disposal systems,Deputy Commissioner Bhiwani_IDA,2023-12-27,Approved by IDA,413000,Unsanctioned
MPLADS-012002,SHRI Deepender Singh,Rajya Sabha,Haryana,Sitting Rajya Sabha,Rohtak,14,,,Normal/Others,NA - Construction of buildings for community cultural activities,DEPUTY COMMISSIONER ROHTAK_IDA,2023-12-27,Action Pending,700000,Unsanctioned
MPLADS-012003,SHRI Deepender Singh,Rajya Sabha,Haryana,Sitting Rajya Sabha,Rohtak,Para Mohalla,,,Normal/Others,NA - Construction of buildings for community cultural activities,DEPUTY COMMISSIONER ROHTAK_IDA,2023-12-27,Action Pending,1100000,Unsanctioned
MPLADS-012004,SHRI Deepender Singh,Rajya Sabha,Haryana,Sitting Rajya Sabha,Rohtak,Ram Nagar,,,Normal/Others,NA - Construction of buildings for community cultural activities,DEPUTY COMMISSIONER ROHTAK_IDA,2023-12-27,Action Pending,300000,Unsanctioned
MPLADS-012028,SHRI Devender Paul Vats,Rajya Sabha,Haryana,Sitting Rajya Sabha,,,Dadri,Birhi Kalan(93),Normal/Others,NA - Purchase of mobile water tankers,Deputy Commissioner Charkhi Dadri_IDA,2023-12-27,Action Pending,155000,Unsanctioned
MPLADS-012059,SHRI Deepender Singh,Rajya Sabha,Haryana,Sitting Rajya Sabha,Rohtak,20,,,Normal/Others,NA - Construction of community centers and community halls,DEPUTY COMMISSIONER ROHTAK_IDA,2023-12-27,Action Pending,500000,Unsanctioned
MPLADS-012064,Arvind Kumar Sharma,Lok Sabha,Haryana,ROHTAK,,,Sampla,Kultana(16),Normal/Others,NA - Construction of public toilets and bathrooms,DEPUTY COMMISSIONER ROHTAK_IDA,2023-12-27,Action Pending,200000,Unsanctioned
MPLADS-012073,Arvind Kumar Sharma,Lok Sabha,Haryana,ROHTAK,,,Bahadurgarh,Bhaproda(22),Normal/Others,"NA - Construction of roads, approach roads, link roads and pathways",Deputy Commissioner Jhajjar_IDA,2023-12-27,Action Pending,500000,Unsanctioned
MPLADS-012074,Arvind Kumar Sharma,Lok Sabha,Haryana,ROHTAK,,,Bahadurgarh,Chhara(17),Normal/Others,NA - Development of public parks,Deputy Commissioner Jhajjar_IDA,2023-12-27,Action Pending,500000,Unsanctioned
MPLADS-012075,Nayab Singh,Lok Sabha,Haryana,KURUKSHETRA,,,Guhla,Cheeka,Trust and Society,NA - Construction of additional rooms and halls in the existing public and community building,Deputy Commissioner Kaithal_IDA,2023-12-27,Action Pending,500000,Unsanctioned
MPLADS-012076,Arvind Kumar Sharma,Lok Sabha,Haryana,ROHTAK,,,Rohtak,Bahu Jamalpur(93),Normal/Others,NA - Construction of boundary walls of existing public and community buildings,DEPUTY COMMISSIONER ROHTAK_IDA,2023-12-27,Action Pending,100000,Unsanctioned
MPLADS-012078,Arvind Kumar Sharma,Lok Sabha,Haryana,ROHTAK,,,Rohtak,Bahu Akberpur(94),Normal/Others,NA - Community Toilets,DEPUTY COMMISSIONER ROHTAK_IDA,2023-12-27,Action Pending,200000,Unsanctioned
MPLADS-012079,Arvind Kumar Sharma,Lok Sabha,Haryana,ROHTAK,,,Bahadurgarh,Khairpur(32),Normal/Others,NA - Purchase of mobile sanitation equipment,Deputy Commissioner Jhajjar_IDA,2023-12-27,Action Pending,100000,Unsanctioned
MPLADS-012080,Nayab Singh,Lok Sabha,Haryana,KURUKSHETRA,,,Shahbad,New Basti Nalvi,Normal/Others,NA - Construction of additional rooms and halls in the existing public and community building,DEPUTY COMMISSIONER KURUKSHETRA_IDA,2023-12-27,Action Pending,500000,Unsanctioned
MPLADS-012081,Nayab Singh,Lok Sabha,Haryana,KURUKSHETRA,,,Babain St,Sanghor (163),Normal/Others,"NA - Construction of roads, approach roads, link roads and pathways",DEPUTY COMMISSIONER KURUKSHETRA_IDA,2023-12-27,Action Pending,190000,Unsanctioned
MPLADS-012082,Nayab Singh,Lok Sabha,Haryana,KURUKSHETRA,,,Pehowa,Sainsa (49),Normal/Others,WS/MP594/2023-2024/70097 - Construction of additional rooms and halls in the existing public and community building,DEPUTY COMMISSIONER KURUKSHETRA_IDA,2023-12-27,Approved by IDA,499800,Unsanctioned
MPLADS-012083,Nayab Singh,Lok Sabha,Haryana,KURUKSHETRA,,,Pehowa,Murtzapur (48),Normal/Others,WS/MP594/2023-2024/70096 - Construction of buildings for multi-gym,DEPUTY COMMISSIONER KURUKSHETRA_IDA,2023-12-27,Approved by IDA,499600,Unsanctioned
MPLADS-012084,Nayab Singh,Lok Sabha,Haryana,KURUKSHETRA,Thanesar,MC Thanesar,,,Repair and Renovation,NA - Construction of public libraries and reading rooms,DEPUTY COMMISSIONER KURUKSHETRA_IDA,2023-12-27,Action Pending,1000000,Unsanctioned
MPLADS-012145,SHRI Deepender Singh,Rajya Sabha,Haryana,Sitting Rajya Sabha,Rohtak,Ram Nagar,,,Normal/Others,NA - Setting up public non-conventional energy plants,DEPUTY COMMISSIONER ROHTAK_IDA,2023-12-27,Action Pending,800000,Unsanctioned
MPLADS-012147,SHRI Deepender Singh,Rajya Sabha,Haryana,Sitting Rajya Sabha,,,Rania,Dhottar(211),Normal/Others,NA - Construction of common work sheds/ common covered sitting area,DEPUTY COMMISSIONER SIRSA_IDA,2023-12-27,Action Pending,500000,Unsanctioned
MPLADS-012151,SHRI Deepender Singh,Rajya Sabha,Haryana,Sitting Rajya Sabha,,,Sirsa,Moriwala(72),Normal/Others,NA - Construction of common work sheds/ common covered sitting area,DEPUTY COMMISSIONER SIRSA_IDA,2023-12-27,Action Pending,1100000,Unsanctioned
MPLADS-012409,Shri Krishan Lal Panwar,Rajya Sabha,Haryana,Sitting Rajya Sabha,,,Matlauda,Kalkha (41),Normal/Others,NA - Construction of community centers and community halls,Deputy Commissioner Panipat_IDA,2023-12-26,Action Pending,1100000,Unsanctioned
MPLADS-012535,SHRI Deepender Singh,Rajya Sabha,Haryana,Sitting Rajya Sabha,Palwal,Panchwati Chowk,,,Normal/Others,NA - Construction of buildings for community cultural activities,Deputy Commissioner Palwal_IDA,2023-12-26,Action Pending,1100000,Unsanctioned
MPLADS-012544,SHRI Deepender Singh,Rajya Sabha,Haryana,Sitting Rajya Sabha,Rohtak,Rohtak,,,Normal/Others,NA - Construction of community centers and community halls,DEPUTY COMMISSIONER ROHTAK_IDA,2023-12-26,Action Pending,500000,Unsanctioned
MPLADS-012604,SHRI Ram Chander Jangra,Rajya Sabha,Haryana,Sitting Rajya Sabha,Meham,ward no. 4,,,Normal/Others,NA - Construction of community centers and community halls,DEPUTY COMMISSIONER ROHTAK_IDA,2023-12-25,Action Pending,1100000,Unsanctioned
MPLADS-012605,SHRI Ram Chander Jangra,Rajya Sabha,Haryana,Sitting Rajya Sabha,Ganaur,ward no. 17,,,Normal/Others,NA - Construction of community centers and community halls,DEPUTY COMMISSIONER SONEPAT_IDA,2023-12-25,Action Pending,1100000,Unsanctioned
MPLADS-012844,SHRI Ram Chander Jangra,Rajya Sabha,Haryana,Sitting Rajya Sabha,Jind,ward no. 24,,,Normal/Others,NA - Construction of community centers and community halls,Deputy Commissioner Jind_IDA,2023-12-23,Action Pending,1100000,Unsanctioned
MPLADS-012845,SHRI Devender Paul Vats,Rajya Sabha,Haryana,Sitting Rajya Sabha,,,Hansi,Sorkhi(130),Normal/Others,NA - Construction of common work sheds/ common covered sitting area,DEPUTY COMMISSIONER HISSAR_IDA,2023-12-23,Action Pending,500000,Unsanctioned
MPLADS-012846,SHRI Devender Paul Vats,Rajya Sabha,Haryana,Sitting Rajya Sabha,,,Hansi,Sorkhi(130),Normal/Others,NA - Construction of boundary walls of existing public and community buildings,DEPUTY COMMISSIONER HISSAR_IDA,2023-12-23,Action Pending,700000,Unsanctioned
MPLADS-013093,Rao Inderjit Singh,Lok Sabha,Haryana,GURGAON,,,Pataudi,Ghudana(9),Normal/Others,NA - Providing drains and gutters for public drainage,Deputy Commissioner Gurugram_IDA,2023-12-23,Action Pending,500000,Unsanctioned
MPLADS-013094,Nayab Singh,Lok Sabha,Haryana,KURUKSHETRA,,,Thanesar,Morthala (107),Normal/Others,NA - Construction of additional rooms and halls in the existing public and community building,DEPUTY COMMISSIONER KURUKSHETRA_IDA,2023-12-23,Rejected by IDA,500000,Unsanctioned
MPLADS-013095,Nayab Singh,Lok Sabha,Haryana,KURUKSHETRA,,,Fatehpur Pundri,Pai (48),Normal/Others,NA - Construction of public toilets and bathrooms,Deputy Commissioner Kaithal_IDA,2023-12-23,Action Pending,180000,Unsanctioned
MPLADS-013096,Nayab Singh,Lok Sabha,Haryana,KURUKSHETRA,Thanesar,M.C. Thanesar,,,Trust and Society,NA - Construction of rooms and halls in school and colleges,DEPUTY COMMISSIONER KURUKSHETRA_IDA,2023-12-23,Action Pending,500000,Unsanctioned
MPLADS-013097,Nayab Singh,Lok Sabha,Haryana,KURUKSHETRA,Thanesar,ward no-27,,,Trust and Society,NA - Construction of additional rooms and halls in the existing public and community building,DEPUTY COMMISSIONER KURUKSHETRA_IDA,2023-12-23,Action Pending,1100000,Unsanctioned
MPLADS-013420,SHRI Devender Paul Vats,Rajya Sabha,Haryana,Sitting Rajya Sabha,,,BAUND,Ranila (130),Normal/Others,NA - Purchase of mobile water tankers,Deputy Commissioner Charkhi Dadri_IDA,2023-12-22,Action Pending,155000,Unsanctioned
MPLADS-013433,SHRI Devender Paul Vats,Rajya Sabha,Haryana,Sitting Rajya Sabha,,,BHIWANI,Kalinga Pana Amru (130),Normal/Others,WS/MP076/2023-2024/67974 - Providing garbage collection and disposal systems,Deputy Commissioner Bhiwani_IDA,2023-12-22,Approved by IDA,600000,Unsanctioned
MPLADS-013438,SHRI Devender Paul Vats,Rajya Sabha,Haryana,Sitting Rajya Sabha,,,FATEHABAD,Khara Kheri(94),Normal/Others,NA - Purchase of mobile water tankers,Deputy Commissioner Fatehabd_IDA,2023-12-22,Action Pending,157000,Unsanctioned
MPLADS-013439,SHRI Devender Paul Vats,Rajya Sabha,Haryana,Sitting Rajya Sabha,,,BARWALA,Balak(130),Normal/Others,NA - Providing drains and gutters for public drainage,DEPUTY COMMISSIONER HISSAR_IDA,2023-12-22,Action Pending,788865,Unsanctioned
MPLADS-013440,SHRI Devender Paul Vats,Rajya Sabha,Haryana,Sitting Rajya Sabha,,,NANGAL CHAUDHRY,Mohabatpur Bhungarka(226),Normal/Others,NA - Purchase of mobile water tankers,DEPUTY COMMISSIONER MAHENDRAGARH_IDA,2023-12-22,Action Pending,155000,Unsanctioned
MPLADS-013441,SHRI Devender Paul Vats,Rajya Sabha,Haryana,Sitting Rajya Sabha,,,MACHHRAULI,Chandpur(239),Normal/Others,NA - Purchase of mobile water tankers,Deputy Commissioner Jhajjar_IDA,2023-12-22,Action Pending,155000,Unsanctioned
MPLADS-013442,SHRI Devender Paul Vats,Rajya Sabha,Haryana,Sitting Rajya Sabha,,,NARNAUND,Koth Kalan (2),Normal/Others,NA - Purchase of mobile water tankers,DEPUTY COMMISSIONER HISSAR_IDA,2023-12-22,Action Pending,155000,Unsanctioned
MPLADS-013554,Ramesh Chander Kaushik,Lok Sabha,Haryana,SONEPAT,,,Ganaur,Shamashpur (135),Normal/Others,"NA - Construction of roads, link roads, pathways or any other road with or without drainage system",DEPUTY COMMISSIONER SONEPAT_IDA,2023-12-22,Action Pending,1094000,Unsanctioned
MPLADS-013602,Ramesh Chander Kaushik,Lok Sabha,Haryana,SONEPAT,,,Rai St,Aterna (44),Normal/Others,NA - Construction of boundary walls of existing public and community buildings,DEPUTY COMMISSIONER SONEPAT_IDA,2023-12-22,Action Pending,1500000,Unsanctioned
MPLADS-013603,Arvind Kumar Sharma,Lok Sabha,Haryana,ROHTAK,,,SALHAWAS,Bithla(195),Normal/Others,WS/MP501/2023-2024/68032 - Development of public parks,Deputy Commissioner Jhajjar_IDA,2023-12-22,Approved by IDA,700000,Unsanctioned
MPLADS-013648,Arvind Kumar Sharma,Lok Sabha,Haryana,ROHTAK,,,NAHAR,Nehru Garh (6-N),Normal/Others,NA - Construction of community centers and community halls,DEPUTY COMMISSIONER REWARI_IDA,2023-12-22,Action Pending,500000,Unsanctioned
MPLADS-013649,Arvind Kumar Sharma,Lok Sabha,Haryana,ROHTAK,,,BERI,Seria(9),Normal/Others,NA - Construction of public toilets and bathrooms,Deputy Commissioner Jhajjar_IDA,2023-12-22,Action Pending,400000,Unsanctioned
MPLADS-013650,Arvind Kumar Sharma,Lok Sabha,Haryana,ROHTAK,Bahadurgarh,Line Par,,,Normal/Others,NA - Construction of community centers and community halls,Deputy Commissioner Jhajjar_IDA,2023-12-22,Action Pending,100000,Unsanctioned
MPLADS-013651,Arvind Kumar Sharma,Lok Sabha,Haryana,ROHTAK,,,ROHTAK,Makrouli Khurd(75),Normal/Others,NA - Construction of footpaths and pedestrian ways,DEPUTY COMMISSIONER ROHTAK_IDA,2023-12-22,Action Pending,500000,Unsanctioned
MPLADS-013652,Arvind Kumar Sharma,Lok Sabha,Haryana,ROHTAK,,,ROHTAK,Dhamar(62),Normal/Others,NA - Construction of community centers and community halls,DEPUTY COMMISSIONER ROHTAK_IDA,2023-12-22,Action Pending,500000,Unsanctioned
MPLADS-013653,Arvind Kumar Sharma,Lok Sabha,Haryana,ROHTAK,,,ROHTAK,Rithal Phogat(76),Normal/Others,NA - Construction of rooms and halls in school and colleges,DEPUTY COMMISSIONER ROHTAK_IDA,2023-12-22,Action Pending,1100000,Unsanctioned
MPLADS-013654,Arvind Kumar Sharma,Lok Sabha,Haryana,ROHTAK,Kalanaur,Kanheli,,,Normal/Others,NA - Development of public parks,DEPUTY COMMISSIONER ROHTAK_IDA,2023-12-22,Action Pending,100000,Unsanctioned
MPLADS-013655,Arvind Kumar Sharma,Lok Sabha,Haryana,ROHTAK,,,ROHTAK,Jassia(82),Normal/Others,NA - Construction of rooms and halls in school and colleges,DEPUTY COMMISSIONER ROHTAK_IDA,2023-12-22,Action Pending,500000,Unsanctioned
MPLADS-013656,Arvind Kumar Sharma,Lok Sabha,Haryana,ROHTAK,,,MATANNAIL,Redhuwas(219),Normal/Others,NA - Purchase of furniture and fixtures for educational purposes,Deputy Commissioner Jhajjar_IDA,2023-12-22,Action Pending,400000,Unsanctioned
MPLADS-013657,Arvind Kumar Sharma,Lok Sabha,Haryana,ROHTAK,,,SALHAWAS,Kohandrawali(221),Normal/Others,NA - Installation of multi-gym equipment,Deputy Commissioner Jhajjar_IDA,2023-12-22,Action Pending,300000,Unsanctioned
MPLADS-013658,Arvind Kumar Sharma,Lok Sabha,Haryana,ROHTAK,,,KALANAUR,Sundana(111),Normal/Others,NA - Construction of community centers and community halls,DEPUTY COMMISSIONER ROHTAK_IDA,2023-12-22,Action Pending,600000,Unsanctioned
MPLADS-013692,Arvind Kumar Sharma,Lok Sabha,Haryana,ROHTAK,Rohtak,Ward No.9,,,Normal/Others,NA - Development of public parks,DEPUTY COMMISSIONER ROHTAK_IDA,2023-12-22,Action Pending,600000,Unsanctioned
MPLADS-013693,Arvind Kumar Sharma,Lok Sabha,Haryana,ROHTAK,Rohtak,Jind- Rohtak Road,,,Normal/Others,NA - Purchase of furniture and fixtures for educational purposes,DEPUTY COMMISSIONER ROHTAK_IDA,2023-12-22,Action Pending,180000,Unsanctioned
MPLADS-013694,Sunita Duggal,Lok Sabha,Haryana,SIRSA(SC),,,BARAGUDHA,Ranga(164),Normal/Others,NA - Purchase of mobile water tankers,DEPUTY COMMISSIONER SIRSA_IDA,2023-12-22,Action Pending,155000,Unsanctioned
MPLADS-013699,Sunita Duggal,Lok Sabha,Haryana,SIRSA(SC),,,BARAGUDHA,Ranga(164),Normal/Others,NA - Crematoriums or structures on burial/ cremation ground for public convenience,DEPUTY COMMISSIONER SIRSA_IDA,2023-12-22,Action Pending,360000,Unsanctioned
MPLADS-013725,Sunita Duggal,Lok Sabha,Haryana,SIRSA(SC),,,DABWALI,Chautala(267),Normal/Others,NA - Construction of public libraries and reading rooms,DEPUTY COMMISSIONER SIRSA_IDA,2023-12-22,Action Pending,500000,Unsanctioned
MPLADS-013726,Sunita Duggal,Lok Sabha,Haryana,SIRSA(SC),,,Rania,"Jiwan Nagar(124,126,127)",Normal/Others,NA - Construction of community centers and community halls,DEPUTY COMMISSIONER SIRSA_IDA,2023-12-22,Action Pending,52000,Unsanctioned
MPLADS-013727,Sunita Duggal,Lok Sabha,Haryana,SIRSA(SC),,,ELLENABAD,Balasar(228),Normal/Others,NA - Purchase of mobile water tankers,DEPUTY COMMISSIONER SIRSA_IDA,2023-12-22,Action Pending,155000,Unsanctioned
MPLADS-013728,Sunita Duggal,Lok Sabha,Haryana,SIRSA(SC),,,SIRSA,Bhamboor(90),Normal/Others,NA - Construction of community centers and community halls,DEPUTY COMMISSIONER SIRSA_IDA,2023-12-22,Action Pending,52000,Unsanctioned
MPLADS-013729,Sunita Duggal,Lok Sabha,Haryana,SIRSA(SC),,,SIRSA,Bhamboor(90),Normal/Others,NA - Purchase of mobile water tankers,DEPUTY COMMISSIONER SIRSA_IDA,2023-12-22,Action Pending,155000,Unsanctioned
MPLADS-013730,Sunita Duggal,Lok Sabha,Haryana,SIRSA(SC),,,SIRSA,Jhorar Nali(145),Normal/Others,NA - Purchase of mobile water tankers,DEPUTY COMMISSIONER SIRSA_IDA,2023-12-22,Action Pending,155000,Unsanctioned
MPLADS-013732,Sunita Duggal,Lok Sabha,Haryana,SIRSA(SC),,,SIRSA,Mohamadpur Salarpur(89),Normal/Others,NA - Purchase of mobile water tankers,DEPUTY COMMISSIONER SIRSA_IDA,2023-12-22,Rejected by IDA,155000,Unsanctioned
MPLADS-013733,Sunita Duggal,Lok Sabha,Haryana,SIRSA(SC),Ellenabad,Bar Association,,,Normal/Others,NA - Construction of common work sheds/ common covered sitting area,DEPUTY COMMISSIONER SIRSA_IDA,2023-12-22,Action Pending,499000,Unsanctioned
MPLADS-013736,Sunita Duggal,Lok Sabha,Haryana,SIRSA(SC),,,SIRSA,Patli Dabar(59),Normal/Others,NA - Purchase of mobile water tankers,DEPUTY COMMISSIONER SIRSA_IDA,2023-12-22,Action Pending,155000,Unsanctioned
MPLADS-014044,SHRI Ram Chander Jangra,Rajya Sabha,Haryana,Sitting Rajya Sabha,Gohana,ward no. 12,,,Normal/Others,NA - Purchase of hospital equipment,DEPUTY COMMISSIONER SONEPAT_IDA,2023-12-21,Action Pending,790000,Unsanctioned
MPLADS-014073,Sunita Duggal,Lok Sabha,Haryana,SIRSA(SC),,,FATEHABAD,Dariyapur(39),Normal/Others,NA - Installation of fixed garden gym equipment,Deputy Commissioner Fatehabd_IDA,2023-12-21,Action Pending,199000,Unsanctioned
MPLADS-014074,Sunita Duggal,Lok Sabha,Haryana,SIRSA(SC),,,FATEHABAD,Dariyapur(39),Normal/Others,NA - Construction of common work sheds/ common covered sitting area,Deputy Commissioner Fatehabd_IDA,2023-12-21,Action Pending,498000,Unsanctioned
MPLADS-014075,Sunita Duggal,Lok Sabha,Haryana,SIRSA(SC),,,FATEHABAD,Daulatpur,Normal/Others,NA - Construction of common work sheds/ common covered sitting area,Deputy Commissioner Fatehabd_IDA,2023-12-21,Action Pending,498000,Unsanctioned
MPLADS-014076,Sunita Duggal,Lok Sabha,Haryana,SIRSA(SC),,,FATEHABAD,Dhani Binja Lamba(185),Normal/Others,NA - Construction of community centers and community halls,Deputy Commissioner Fatehabd_IDA,2023-12-21,Action Pending,498000,Unsanctioned
MPLADS-014077,Sunita Duggal,Lok Sabha,Haryana,SIRSA(SC),,,FATEHABAD,Matana(192),Normal/Others,NA - Construction of community centers and community halls,Deputy Commissioner Fatehabd_IDA,2023-12-21,Action Pending,500000,Unsanctioned
MPLADS-014078,Sunita Duggal,Lok Sabha,Haryana,SIRSA(SC),,,FATEHABAD,Chapla Mori,Normal/Others,NA - Crematoriums or structures on burial/ cremation ground for public convenience,Deputy Commissioner Fatehabd_IDA,2023-12-21,Action Pending,500000,Unsanctioned
MPLADS-014079,Sunita Duggal,Lok Sabha,Haryana,SIRSA(SC),,,FATEHABAD,Chinder(23),Normal/Others,WS/MP502/2023-2024/67715 - Construction of community centers and community halls,Deputy Commissioner Fatehabd_IDA,2023-12-21,Approved by IDA,600000,Unsanctioned
MPLADS-014080,Sunita Duggal,Lok Sabha,Haryana,SIRSA(SC),,,JAKHAL,Mussa Khera(218),Normal/Others,WS/MP502/2023-2024/67716 - Construction of community centers and community halls,Deputy Commissioner Fatehabd_IDA,2023-12-21,Approved by IDA,600000,Unsanctioned
MPLADS-014081,Sunita Duggal,Lok Sabha,Haryana,SIRSA(SC),,,JAKHAL,Sidhani(215),Normal/Others,NA - Construction of community centers and community halls,Deputy Commissioner Fatehabd_IDA,2023-12-21,Action Pending,600000,Unsanctioned
MPLADS-014082,Sunita Duggal,Lok Sabha,Haryana,SIRSA(SC),,,JAKHAL,Ratta Theh(178),Normal/Others,NA - Construction of rooms and halls in school and colleges,Deputy Commissioner Fatehabd_IDA,2023-12-21,Action Pending,400000,Unsanctioned
MPLADS-014083,Sunita Duggal,Lok Sabha,Haryana,SIRSA(SC),,,NAGPUR,Malhar(130),Normal/Others,NA - Installation of fixed garden gym equipment,Deputy Commissioner Fatehabd_IDA,2023-12-21,Action Pending,199000,Unsanctioned
MPLADS-014084,Sunita Duggal,Lok Sabha,Haryana,SIRSA(SC),,,NAGPUR,Alikan(173),Normal/Others,NA - Construction of public libraries and reading rooms,Deputy Commissioner Fatehabd_IDA,2023-12-21,Action Pending,500000,Unsanctioned
MPLADS-014085,Sunita Duggal,Lok Sabha,Haryana,SIRSA(SC),,,NAGPUR,Manakpur(116),Normal/Others,"WS/MP502/2023-2024/67722 - Construction of roads, link roads, pathways or any other road with or without drainage system",Deputy Commissioner Fatehabd_IDA,2023-12-21,Approved by IDA,600000,Unsanctioned
MPLADS-014086,Sunita Duggal,Lok Sabha,Haryana,SIRSA(SC),,,RATIA,Kawal Garh(157),Normal/Others,NA - Construction of community centers and community halls,Deputy Commissioner Fatehabd_IDA,2023-12-21,Action Pending,500000,Unsanctioned
MPLADS-014087,Sunita Duggal,Lok Sabha,Haryana,SIRSA(SC),,,RATIA,Babanpur(151),Normal/Others,NA - Crematoriums or structures on burial/ cremation ground for public convenience,Deputy Commissioner Fatehabd_IDA,2023-12-21,Action Pending,500000,Unsanctioned
MPLADS-014088,Sunita Duggal,Lok Sabha,Haryana,SIRSA(SC),,,BHUNA,Dhani Gopal,Normal/Others,NA - Construction of common work sheds/ common covered sitting area,Deputy Commissioner Fatehabd_IDA,2023-12-21,Action Pending,500000,Unsanctioned
MPLADS-014089,Sunita Duggal,Lok Sabha,Haryana,SIRSA(SC),,,BHUNA,Nadhori(88),Normal/Others,NA - Installation of fixed garden gym equipment,Deputy Commissioner Fatehabd_IDA,2023-12-21,Action Pending,508000,Unsanctioned
MPLADS-014090,Sunita Duggal,Lok Sabha,Haryana,SIRSA(SC),,,BHUNA,Bhuna(63),Normal/Others,NA - Construction of common work sheds/ common covered sitting area,Deputy Commissioner Fatehabd_IDA,2023-12-21,Action Pending,500000,Unsanctioned
MPLADS-014099,Sunita Duggal,Lok Sabha,Haryana,SIRSA(SC),,,BHATTU KALAN,Bodiwali(36),Normal/Others,"NA - Construction of roads, approach roads, link roads and pathways",Deputy Commissioner Fatehabd_IDA,2023-12-21,Action Pending,500000,Unsanctioned
MPLADS-014105,Sunita Duggal,Lok Sabha,Haryana,SIRSA(SC),,,BHATTU KALAN,Sekhupur Daroli(18),Normal/Others,NA - Installation of fixed garden gym equipment,Deputy Commissioner Fatehabd_IDA,2023-12-21,Action Pending,199000,Unsanctioned
MPLADS-014106,Sunita Duggal,Lok Sabha,Haryana,SIRSA(SC),,,TOHANA,Nangla(81),Normal/Others,NA - Construction of community centers and community halls,Deputy Commissioner Fatehabd_IDA,2023-12-21,Action Pending,500000,Unsanctioned
MPLADS-014107,Sunita Duggal,Lok Sabha,Haryana,SIRSA(SC),,,TOHANA,Loha Khera(90),Normal/Others,NA - Construction of community centers and community halls,Deputy Commissioner Fatehabd_IDA,2023-12-21,Action Pending,500000,Unsanctioned
MPLADS-014108,Sunita Duggal,Lok Sabha,Haryana,SIRSA(SC),,,TOHANA,Dangra(89),Normal/Others,WS/MP502/2023-2024/67727 - Construction of community centers and community halls,Deputy Commissioner Fatehabd_IDA,2023-12-21,Approved by IDA,247000,Unsanctioned
MPLADS-014126,Sunita Duggal,Lok Sabha,Haryana,SIRSA(SC),,,TOHANA,Dangra(89),Normal/Others,WS/MP502/2023-2024/67728 - Construction of common work sheds/ common covered sitting area,Deputy Commissioner Fatehabd_IDA,2023-12-21,Approved by IDA,477000,Unsanctioned
MPLADS-014128,Sunita Duggal,Lok Sabha,Haryana,SIRSA(SC),,,TOHANA,Kullan(197),Normal/Others,WS/MP502/2023-2024/67729 - Construction of community centers and community halls,Deputy Commissioner Fatehabd_IDA,2023-12-21,Approved by IDA,500000,Unsanctioned
MPLADS-014129,Sunita Duggal,Lok Sabha,Haryana,SIRSA(SC),,,TOHANA,Kanheri(93),Normal/Others,WS/MP502/2023-2024/67730 - Construction of community centers and community halls,Deputy Commissioner Fatehabd_IDA,2023-12-21,Approved by IDA,477000,Unsanctioned
MPLADS-014130,Sunita Duggal,Lok Sabha,Haryana,SIRSA(SC),,,FATEHABAD,Bighar(44),Normal/Others,WS/MP502/2023-2024/67731 - Crematoriums or structures on burial/ cremation ground for public convenience,Deputy Commissioner Fatehabd_IDA,2023-12-21,Approved by IDA,355255,Unsanctioned
MPLADS-014131,Sunita Duggal,Lok Sabha,Haryana,SIRSA(SC),,,FATEHABAD,Bighar II,Normal/Others,WS/MP502/2023-2024/67732 - Crematoriums or structures on burial/ cremation ground for public convenience,Deputy Commissioner Fatehabd_IDA,2023-12-21,Approved by IDA,355255,Unsanctioned
MPLADS-014132,Sunita Duggal,Lok Sabha,Haryana,SIRSA(SC),,,FATEHABAD,Bighar I,Normal/Others,WS/MP502/2023-2024/67733 - Crematoriums or structures on burial/ cremation ground for public convenience,Deputy Commissioner Fatehabd_IDA,2023-12-21,Approved by IDA,355255,Unsanctioned
MPLADS-014803,Nayab Singh,Lok Sabha,Haryana,KURUKSHETRA,,,PUNDRI,Barsana (30),Normal/Others,NA - Construction of boundary walls of existing public and community buildings,Deputy Commissioner Kaithal_IDA,2023-12-20,Action Pending,1000000,Unsanctioned
MPLADS-014827,Nayab Singh,Lok Sabha,Haryana,KURUKSHETRA,,,SIWAN,Dohar (30),Normal/Others,"NA - Construction of roads, approach roads, link roads and pathways",Deputy Commissioner Kaithal_IDA,2023-12-20,Action Pending,200000,Unsanctioned
MPLADS-014830,Sanjay Bhatia,Lok Sabha,Haryana,KARNAL,,,ASSANDH,Khanda Kheri (83),Normal/Others,NA - Providing drains and gutters for public drainage,DEPUTY COMMISSIONER KARNAL_IDA,2023-12-19,Action Pending,300000,Unsanctioned
MPLADS-014839,Sanjay Bhatia,Lok Sabha,Haryana,KARNAL,,,NISSING,Guniana (33),Normal/Others,NA - Construction of New Building,DEPUTY COMMISSIONER KARNAL_IDA,2023-12-19,Action Pending,1000000,Unsanctioned
MPLADS-014840,Sanjay Bhatia,Lok Sabha,Haryana,KARNAL,,,SANAULI KHURD,Nanhera (57),Normal/Others,NA - Construction of New Building,Deputy Commissioner Panipat_IDA,2023-12-19,Action Pending,1000000,Unsanctioned
MPLADS-014842,Sanjay Bhatia,Lok Sabha,Haryana,KARNAL,,,NISSING,Fatehgarh (62),Normal/Others,"NA - Construction of roads, approach roads, link roads and pathways",DEPUTY COMMISSIONER KARNAL_IDA,2023-12-19,Action Pending,400000,Unsanctioned
MPLADS-014928,Sanjay Bhatia,Lok Sabha,Haryana,KARNAL,Gharaunda,1,,,Normal/Others,NA - Construction of shelters for animals,DEPUTY COMMISSIONER KARNAL_IDA,2023-12-19,Action Pending,1100000,Unsanctioned
MPLADS-014978,Sanjay Bhatia,Lok Sabha,Haryana,KARNAL,,,MUNAK,Padha (68),Normal/Others,NA - Construction of New Building,DEPUTY COMMISSIONER KARNAL_IDA,2023-12-19,Action Pending,2100000,Unsanctioned
MPLADS-014980,Brijendra Singh,Lok Sabha,Haryana,HISAR,Bawani Khera,5,,,Normal/Others,NA - Construction of community centers and community halls,Deputy Commissioner Bhiwani_IDA,2023-12-19,Action Pending,1000000,Unsanctioned
MPLADS-015143,Brijendra Singh,Lok Sabha,Haryana,HISAR,,,BAWANI KHERA,Alakhpura (132),Normal/Others,NA - Fitting of Sitting RCC Benches in Public Places,Deputy Commissioner Bhiwani_IDA,2023-12-19,Action Pending,16000,Unsanctioned
MPLADS-015200,Brijendra Singh,Lok Sabha,Haryana,HISAR,,,UKLANA,Pabra(65),Normal/Others,NA - Purchase of mobile sanitation equipment,DEPUTY COMMISSIONER HISSAR_IDA,2023-12-19,Action Pending,325000,Unsanctioned
MPLADS-015201,Brijendra Singh,Lok Sabha,Haryana,HISAR,,,ADAMPUR,Adampur (CT),Normal/Others,NA - Providing garbage collection and disposal systems,DEPUTY COMMISSIONER HISSAR_IDA,2023-12-19,Action Pending,20000,Unsanctioned
MPLADS-015202,Brijendra Singh,Lok Sabha,Haryana,HISAR,,,BHIWANI,Mandhana (48),Normal/Others,NA - Providing garbage collection and disposal systems,Deputy Commissioner Bhiwani_IDA,2023-12-19,Action Pending,40000,Unsanctioned
MPLADS-015593,Shri Dharambir Singh ,Lok Sabha,Haryana,BHIWANI MAHENDRAGARH,,,NARNAUL,Gehli(137),Normal/Others,NA - Purchase of mobile sanitation equipment,DEPUTY COMMISSIONER MAHENDRAGARH_IDA,2023-12-18,Action Pending,400000,Unsanctioned
MPLADS-015597,Shri Dharambir Singh ,Lok Sabha,Haryana,BHIWANI MAHENDRAGARH,,,CHARKHI DADRI,Imlota (159),Trust and Society,NA - Construction of rooms and halls in school and colleges,Deputy Commissioner Charkhi Dadri_IDA,2023-12-18,Action Pending,500000,Unsanctioned
MPLADS-015598,Shri Dharambir Singh ,Lok Sabha,Haryana,BHIWANI MAHENDRAGARH,,,SATNALI,Surehti Jakhal(19),Normal/Others,NA - Purchase of mobile sanitation equipment,DEPUTY COMMISSIONER MAHENDRAGARH_IDA,2023-12-18,Action Pending,400000,Unsanctioned
MPLADS-015599,Shri Dharambir Singh ,Lok Sabha,Haryana,BHIWANI MAHENDRAGARH,,,KANINA,Pathera(55),Normal/Others,NA - Purchase of mobile sanitation equipment,DEPUTY COMMISSIONER MAHENDRAGARH_IDA,2023-12-18,Action Pending,400000,Unsanctioned
MPLADS-015600,Shri Dharambir Singh ,Lok Sabha,Haryana,BHIWANI MAHENDRAGARH,,,MAHENDRAGARH,Nangal Sirohi(104),Normal/Others,NA - Purchase of mobile sanitation equipment,DEPUTY COMMISSIONER MAHENDRAGARH_IDA,2023-12-18,Action Pending,400000,Unsanctioned
MPLADS-015602,Shri Dharambir Singh ,Lok Sabha,Haryana,BHIWANI MAHENDRAGARH,,,MAHENDRAGARH,Nimbi(107),Normal/Others,NA - Purchase of mobile sanitation equipment,DEPUTY COMMISSIONER MAHENDRAGARH_IDA,2023-12-18,Action Pending,400000,Unsanctioned
MPLADS-015603,Shri Dharambir Singh ,Lok Sabha,Haryana,BHIWANI MAHENDRAGARH,,,MAHENDRAGARH,Duloth Ahir(30),Normal/Others,NA - Purchase of mobile sanitation equipment,DEPUTY COMMISSIONER MAHENDRAGARH_IDA,2023-12-18,Action Pending,400000,Unsanctioned
MPLADS-015604,Shri Dharambir Singh ,Lok Sabha,Haryana,BHIWANI MAHENDRAGARH,,,NIZAMPUR,Dancholi(276),Normal/Others,NA - Purchase of sports equipment,DEPUTY COMMISSIONER MAHENDRAGARH_IDA,2023-12-18,Action Pending,500000,Unsanctioned
MPLADS-015605,Shri Dharambir Singh ,Lok Sabha,Haryana,BHIWANI MAHENDRAGARH,,,BAUND,Bond Khurd (128),Normal/Others,NA - Construction of community centers and community halls,Deputy Commissioner Charkhi Dadri_IDA,2023-12-18,Action Pending,500000,Unsanctioned
MPLADS-015606,Shri Dharambir Singh ,Lok Sabha,Haryana,BHIWANI MAHENDRAGARH,,,ATELI NANGAL,Kheri(18),Normal/Others,NA - Purchase of mobile sanitation equipment,DEPUTY COMMISSIONER MAHENDRAGARH_IDA,2023-12-18,Action Pending,400000,Unsanctioned
MPLADS-015607,Shri Dharambir Singh ,Lok Sabha,Haryana,BHIWANI MAHENDRAGARH,,,KANINA,Pota(8),Normal/Others,NA - Purchase of mobile sanitation equipment,DEPUTY COMMISSIONER MAHENDRAGARH_IDA,2023-12-18,Action Pending,400000,Unsanctioned
MPLADS-015626,Shri Dharambir Singh ,Lok Sabha,Haryana,BHIWANI MAHENDRAGARH,,,KANINA,Bhojawas(42),Normal/Others,NA - Purchase of mobile sanitation equipment,DEPUTY COMMISSIONER MAHENDRAGARH_IDA,2023-12-18,Action Pending,400000,Unsanctioned
MPLADS-015627,Shri Dharambir Singh ,Lok Sabha,Haryana,BHIWANI MAHENDRAGARH,,,SATNALI,Satnali(7),Normal/Others,NA - Purchase of mobile sanitation equipment,DEPUTY COMMISSIONER MAHENDRAGARH_IDA,2023-12-18,Action Pending,400000,Unsanctioned
MPLADS-015628,Shri Dharambir Singh ,Lok Sabha,Haryana,BHIWANI MAHENDRAGARH,,,SATNALI,Barda(18),Normal/Others,NA - Purchase of mobile sanitation equipment,DEPUTY COMMISSIONER MAHENDRAGARH_IDA,2023-12-18,Action Pending,400000,Unsanctioned
MPLADS-015630,SHRI Devender Paul Vats,Rajya Sabha,Haryana,Sitting Rajya Sabha,,,HISAR-I,Bhojraj(62),Normal/Others,NA - Purchase of mobile sanitation equipment,DEPUTY COMMISSIONER HISSAR_IDA,2023-12-18,Action Pending,580000,Unsanctioned
MPLADS-015631,SHRI Deepender Singh,Rajya Sabha,Haryana,Sitting Rajya Sabha,ADAMPUR,4,,,Normal/Others,NA - Construction of common work sheds/ common covered sitting area,DEPUTY COMMISSIONER HISSAR_IDA,2023-12-18,Action Pending,700000,Unsanctioned
MPLADS-015637,Shri Dharambir Singh ,Lok Sabha,Haryana,BHIWANI MAHENDRAGARH,,,ATELI NANGAL,Kanti(17),Normal/Others,NA - Purchase of mobile sanitation equipment,DEPUTY COMMISSIONER MAHENDRAGARH_IDA,2023-12-18,Action Pending,400000,Unsanctioned
MPLADS-015644,SHRI Deepender Singh,Rajya Sabha,Haryana,Sitting Rajya Sabha,Sampla,BERI Road,,,Normal/Others,NA - Construction of community centers and community halls,DEPUTY COMMISSIONER ROHTAK_IDA,2023-12-18,Action Pending,500000,Unsanctioned
MPLADS-015655,SHRI Deepender Singh,Rajya Sabha,Haryana,Sitting Rajya Sabha,Beri,Beri,,,Normal/Others,NA - Construction of community centers and community halls,Deputy Commissioner Jhajjar_IDA,2023-12-18,Action Pending,500000,Unsanctioned
MPLADS-015656,SHRI Deepender Singh,Rajya Sabha,Haryana,Sitting Rajya Sabha,,,BAWANI KHERA,Sippar (36),Normal/Others,NA - Construction of community centers and community halls,Deputy Commissioner Bhiwani_IDA,2023-12-18,Action Pending,500000,Unsanctioned
MPLADS-015657,SHRI Deepender Singh,Rajya Sabha,Haryana,Sitting Rajya Sabha,,,DAHINA,Mundi(80),Normal/Others,NA - Construction of boundary walls of existing public and community buildings,DEPUTY COMMISSIONER REWARI_IDA,2023-12-18,Action Pending,500000,Unsanctioned
MPLADS-015658,SHRI Deepender Singh,Rajya Sabha,Haryana,Sitting Rajya Sabha,,,HISAR-II,Balsmand(22),Normal/Others,NA - Construction of common work sheds/ common covered sitting area,DEPUTY COMMISSIONER HISSAR_IDA,2023-12-18,Action Pending,500000,Unsanctioned
MPLADS-015659,Nayab Singh,Lok Sabha,Haryana,KURUKSHETRA,Thanesar,MC Thanesar,,,Trust and Society,NA - Construction of rooms and halls in school and colleges,DEPUTY COMMISSIONER KURUKSHETRA_IDA,2023-12-18,Rejected by IDA,500000,Unsanctioned
MPLADS-015660,Shri Dharambir Singh ,Lok Sabha,Haryana,BHIWANI MAHENDRAGARH,,,SATNALI,Nanwan(12),Normal/Others,NA - Purchase of mobile sanitation equipment,DEPUTY COMMISSIONER MAHENDRAGARH_IDA,2023-12-18,Action Pending,400000,Unsanctioned
MPLADS-016550,Ramesh Chander Kaushik,Lok Sabha,Haryana,SONEPAT,Sonipat,MC Sonipat,,,Normal/Others,NA - Setting up public non-conventional energy plants,DEPUTY COMMISSIONER SONEPAT_IDA,2023-12-15,Action Pending,392564,Unsanctioned
MPLADS-016600,Sunita Duggal,Lok Sabha,Haryana,SIRSA(SC),Fatehabad,Fatehabad,,,Normal/Others,NA - Construction of additional rooms and halls in the existing public and community building,Deputy Commissioner Fatehabd_IDA,2023-12-15,Action Pending,200000,Unsanctioned
MPLADS-016601,Sunita Duggal,Lok Sabha,Haryana,SIRSA(SC),,,RATIA,Ladhuwas(178),Normal/Others,NA - Construction of common work sheds/ common covered sitting area,Deputy Commissioner Fatehabd_IDA,2023-12-15,Action Pending,600000,Unsanctioned
MPLADS-016602,Sunita Duggal,Lok Sabha,Haryana,SIRSA(SC),Fatehabad,Basti Bhima,,,Normal/Others,NA - Crematoriums or structures on burial/ cremation ground for public convenience,Deputy Commissioner Fatehabd_IDA,2023-12-15,Action Pending,500000,Unsanctioned
MPLADS-016617,Sunita Duggal,Lok Sabha,Haryana,SIRSA(SC),,,JAKHAL,Rupanwali(177),Normal/Others,WS/MP502/2023-2024/62480 - Crematoriums or structures on burial/ cremation ground for public convenience,Deputy Commissioner Fatehabd_IDA,2023-12-15,Approved by IDA,500000,Unsanctioned
MPLADS-016623,Ramesh Chander Kaushik,Lok Sabha,Haryana,SONEPAT,Sonipat,MC Sonipat,,,Normal/Others,NA - Setting up public non-conventional energy plants,DEPUTY COMMISSIONER SONEPAT_IDA,2023-12-15,Action Pending,392564,Unsanctioned
MPLADS-016624,Ramesh Chander Kaushik,Lok Sabha,Haryana,SONEPAT,Sonipat,MC Sonipat,,,Trust and Society,NA - Construction of rooms and halls in school and colleges,DEPUTY COMMISSIONER SONEPAT_IDA,2023-12-15,Action Pending,500000,Unsanctioned
MPLADS-016625,Rao Inderjit Singh,Lok Sabha,Haryana,GURGAON,,,REWARI,Meerpur (274),Normal/Others,"NA - Construction of Government office buildings (Post office, Police station, Police chauki, etc.)",DEPUTY COMMISSIONER REWARI_IDA,2023-12-15,Rejected by IDA,2100000,Unsanctioned
MPLADS-016626,Sunita Duggal,Lok Sabha,Haryana,SIRSA(SC),,,BHUNA,Dholu (78),Normal/Others,WS/MP502/2023-2024/62484 - Crematoriums or structures on burial/ cremation ground for public convenience,Deputy Commissioner Fatehabd_IDA,2023-12-15,Approved by IDA,597000,Unsanctioned
MPLADS-016627,Sunita Duggal,Lok Sabha,Haryana,SIRSA(SC),,,NAGPUR,Jandwala Sotter(181),Normal/Others,NA - Crematoriums or structures on burial/ cremation ground for public convenience,Deputy Commissioner Fatehabd_IDA,2023-12-15,Action Pending,495000,Unsanctioned
MPLADS-016628,Sunita Duggal,Lok Sabha,Haryana,SIRSA(SC),,,BHATTU KALAN,Sirdhan(29),Normal/Others,NA - Crematoriums or structures on burial/ cremation ground for public convenience,Deputy Commissioner Fatehabd_IDA,2023-12-15,Action Pending,500000,Unsanctioned
MPLADS-016629,Sunita Duggal,Lok Sabha,Haryana,SIRSA(SC),,,NAGPUR,Malhar(130),Normal/Others,NA - Crematoriums or structures on burial/ cremation ground for public convenience,Deputy Commissioner Fatehabd_IDA,2023-12-15,Action Pending,558000,Unsanctioned
MPLADS-016785,Ramesh Chander Kaushik,Lok Sabha,Haryana,SONEPAT,,,Rai St,Nangal Kalan (43),Trust and Society,NA - Construction of rooms and halls in school and colleges,DEPUTY COMMISSIONER SONEPAT_IDA,2023-12-15,Action Pending,1000000,Unsanctioned
MPLADS-016836,Nayab Singh,Lok Sabha,Haryana,KURUKSHETRA,Thanesar,M.C. Thanesar,,,Trust and Society,NA - Construction of community centers and community halls,DEPUTY COMMISSIONER KURUKSHETRA_IDA,2023-12-14,Action Pending,500000,Unsanctioned
MPLADS-017283,SHRI Deepender Singh,Rajya Sabha,Haryana,Sitting Rajya Sabha,,,MAHAM,Mokhra Khas(101),Normal/Others,NA - Construction of boundary walls of existing public and community buildings,DEPUTY COMMISSIONER ROHTAK_IDA,2023-12-13,Action Pending,550000,Unsanctioned
MPLADS-017285,SHRI Devender Paul Vats,Rajya Sabha,Haryana,Sitting Rajya Sabha,,,BHIWANI,Kharakkalan Khadyan Pana (131),Normal/Others,NA - Purchase of mobile water tankers,Deputy Commissioner Bhiwani_IDA,2023-12-13,Action Pending,155000,Unsanctioned
MPLADS-017300,SHRI Devender Paul Vats,Rajya Sabha,Haryana,Sitting Rajya Sabha,,,BHIWANI,Kharakkalan Rajyan Pana (131),Normal/Others,NA - Purchase of mobile water tankers,Deputy Commissioner Bhiwani_IDA,2023-12-13,Action Pending,155000,Unsanctioned
MPLADS-017498,Arvind Kumar Sharma,Lok Sabha,Haryana,ROHTAK,,,KALANAUR,Basana(129),Normal/Others,"NA - Construction of roads, link roads, pathways or any other road with or without drainage system",DEPUTY COMMISSIONER ROHTAK_IDA,2023-12-13,Action Pending,198000,Unsanctioned
MPLADS-017549,Nayab Singh,Lok Sabha,Haryana,KURUKSHETRA,Shahbad,M.C. Shahabad,,,Trust and Society,NA - Construction of boundary walls of existing public and community buildings,DEPUTY COMMISSIONER KURUKSHETRA_IDA,2023-12-12,Action Pending,250000,Unsanctioned
MPLADS-017559,Arvind Kumar Sharma,Lok Sabha,Haryana,ROHTAK,Bahadurgarh,Main Delhi-Rohtak Road,,,Normal/Others,NA - Development of public parks,Deputy Commissioner Jhajjar_IDA,2023-12-12,Action Pending,500000,Unsanctioned
MPLADS-017560,Arvind Kumar Sharma,Lok Sabha,Haryana,ROHTAK,Bahadurgarh,Om Garden,,,Normal/Others,NA - Purchase of furniture and fixtures for educational purposes,Deputy Commissioner Jhajjar_IDA,2023-12-12,Action Pending,500000,Unsanctioned
MPLADS-017561,Arvind Kumar Sharma,Lok Sabha,Haryana,ROHTAK,,,BERI,Majra(135),Normal/Others,NA - Construction of community centers and community halls,Deputy Commissioner Jhajjar_IDA,2023-12-12,Action Pending,500000,Unsanctioned
MPLADS-017562,Nayab Singh,Lok Sabha,Haryana,KURUKSHETRA,Shahbad,M.C. Shahabad,,,Trust and Society,WS/MP594/2023-2024/60780 - Construction of rooms and halls in school and colleges,DEPUTY COMMISSIONER KURUKSHETRA_IDA,2023-12-12,Approved by IDA,496400,Unsanctioned
MPLADS-017613,Arvind Kumar Sharma,Lok Sabha,Haryana,ROHTAK,Rohtak,Rohtak-Jind Road,,,Normal/Others,NA - Construction of common work sheds/ common covered sitting area,DEPUTY COMMISSIONER ROHTAK_IDA,2023-12-12,Action Pending,600000,Unsanctioned
MPLADS-017641,Shri Krishan Lal Panwar,Rajya Sabha,Haryana,Sitting Rajya Sabha,,,MADLAUDA,Kalkha (41),Normal/Others,NA - Lighting of public spaces,Deputy Commissioner Panipat_IDA,2023-12-12,Action Pending,500000,Unsanctioned
MPLADS-017650,Shri Krishan Lal Panwar,Rajya Sabha,Haryana,Sitting Rajya Sabha,Charkhi Dadri,6,,,Normal/Others,NA - Construction of boundary walls of existing public and community buildings,Deputy Commissioner Charkhi Dadri_IDA,2023-12-12,Action Pending,500000,Unsanctioned
MPLADS-017651,Shri Krishan Lal Panwar,Rajya Sabha,Haryana,Sitting Rajya Sabha,,,CHIRAO,Jundla (44),Normal/Others,NA - Construction of common work sheds/ common covered sitting area,DEPUTY COMMISSIONER KARNAL_IDA,2023-12-12,Action Pending,1100000,Unsanctioned
MPLADS-017678,Sunita Duggal,Lok Sabha,Haryana,SIRSA(SC),,,BHUNA,Jandli Kalan(91),Normal/Others,NA - Construction of additional rooms and halls in the existing public and community building,Deputy Commissioner Fatehabd_IDA,2023-12-12,Action Pending,500000,Unsanctioned
MPLADS-017680,Sunita Duggal,Lok Sabha,Haryana,SIRSA(SC),Fatehabad,Mohalla Ramniwas welfare trust,,,Normal/Others,NA - Construction of additional rooms and halls in the existing public and community building,Deputy Commissioner Fatehabd_IDA,2023-12-12,Action Pending,250000,Unsanctioned
MPLADS-017681,Arvind Kumar Sharma,Lok Sabha,Haryana,ROHTAK,,,LAKHAN MAJRA,Kherainti(96),Normal/Others,NA - Providing supply pipelines for drinking water,DEPUTY COMMISSIONER ROHTAK_IDA,2023-12-12,Action Pending,100000,Unsanctioned
MPLADS-017682,Arvind Kumar Sharma,Lok Sabha,Haryana,ROHTAK,,,LAKHAN MAJRA,Chandi(93),Normal/Others,NA - Providing supply pipelines for drinking water,DEPUTY COMMISSIONER ROHTAK_IDA,2023-12-12,Action Pending,150000,Unsanctioned
MPLADS-017683,Arvind Kumar Sharma,Lok Sabha,Haryana,ROHTAK,,,BADLI,Bupania(59),Normal/Others,NA - Construction of community centers and community halls,Deputy Commissioner Jhajjar_IDA,2023-12-12,Action Pending,500000,Unsanctioned
MPLADS-017684,Arvind Kumar Sharma,Lok Sabha,Haryana,ROHTAK,,,BAHADURGARH,Bir Barkatbad,Normal/Others,NA - Construction of community centers and community halls,Deputy Commissioner Jhajjar_IDA,2023-12-12,Action Pending,500000,Unsanctioned
MPLADS-017685,Arvind Kumar Sharma,Lok Sabha,Haryana,ROHTAK,,,BAHADURGARH,Bir Barkatbad,Normal/Others,NA - Construction of community centers and community halls,Deputy Commissioner Jhajjar_IDA,2023-12-12,Action Pending,500000,Unsanctioned
MPLADS-017686,Arvind Kumar Sharma,Lok Sabha,Haryana,ROHTAK,,,BERI,Dewana(3),Normal/Others,WS/MP501/2023-2024/60464 - Construction of community centers and community halls,Deputy Commissioner Jhajjar_IDA,2023-12-12,Approved by IDA,800000,Unsanctioned
MPLADS-017687,Arvind Kumar Sharma,Lok Sabha,Haryana,ROHTAK,,,BADLI,Jahangirpur(265),Normal/Others,NA - Construction of common work sheds/ common covered sitting area,Deputy Commissioner Jhajjar_IDA,2023-12-12,Action Pending,500000,Unsanctioned
MPLADS-017688,Arvind Kumar Sharma,Lok Sabha,Haryana,ROHTAK,,,BERI,Majra(135),Normal/Others,NA - Construction of community centers and community halls,Deputy Commissioner Jhajjar_IDA,2023-12-12,Action Pending,500000,Unsanctioned
MPLADS-017736,Sunita Duggal,Lok Sabha,Haryana,SIRSA(SC),Fatehabad,Distt. Court Fatehabad,,,Normal/Others,NA - Construction of additional rooms and halls in the existing public and community building,Deputy Commissioner Fatehabd_IDA,2023-12-12,Action Pending,500000,Unsanctioned
MPLADS-017739,Sunita Duggal,Lok Sabha,Haryana,SIRSA(SC),Tohana,Tohana,,,Normal/Others,WS/MP502/2023-2024/60417 - Construction of additional rooms and halls in the existing public and community building,Deputy Commissioner Fatehabd_IDA,2023-12-12,Approved by IDA,499000,Unsanctioned
MPLADS-017795,Sunita Duggal,Lok Sabha,Haryana,SIRSA(SC),Tohana,Tohana,,,Normal/Others,WS/MP502/2023-2024/60411 - Construction of community centers and community halls,Deputy Commissioner Fatehabd_IDA,2023-12-12,Approved by IDA,499000,Unsanctioned
MPLADS-017796,Sunita Duggal,Lok Sabha,Haryana,SIRSA(SC),Tohana,Tohana,,,Normal/Others,WS/MP502/2023-2024/60412 - Construction of community centers and community halls,Deputy Commissioner Fatehabd_IDA,2023-12-12,Approved by IDA,499000,Unsanctioned
MPLADS-017797,Sunita Duggal,Lok Sabha,Haryana,SIRSA(SC),Tohana,Tohana,,,Normal/Others,WS/MP502/2023-2024/60413 - Construction of community centers and community halls,Deputy Commissioner Fatehabd_IDA,2023-12-12,Approved by IDA,499000,Unsanctioned
MPLADS-017798,Sunita Duggal,Lok Sabha,Haryana,SIRSA(SC),Tohana,Tohana,,,Normal/Others,WS/MP502/2023-2024/60414 - Construction of additional rooms and halls in the existing public and community building,Deputy Commissioner Fatehabd_IDA,2023-12-12,Approved by IDA,499000,Unsanctioned
MPLADS-017799,Sunita Duggal,Lok Sabha,Haryana,SIRSA(SC),Tohana,Tohana,,,Normal/Others,WS/MP502/2023-2024/60415 - Construction of additional rooms and halls in the existing public and community building,Deputy Commissioner Fatehabd_IDA,2023-12-12,Approved by IDA,499000,Unsanctioned
MPLADS-017835,Sunita Duggal,Lok Sabha,Haryana,SIRSA(SC),Tohana,Tohana,,,Normal/Others,WS/MP502/2023-2024/60416 - Construction of additional rooms and halls in the existing public and community building,Deputy Commissioner Fatehabd_IDA,2023-12-12,Approved by IDA,499000,Unsanctioned
MPLADS-017956,Nayab Singh,Lok Sabha,Haryana,KURUKSHETRA,,,LADWA,Chhapra (158),Repair and Renovation,WS/MP594/2023-2024/60179 - Construction of community centers and community halls,DEPUTY COMMISSIONER KURUKSHETRA_IDA,2023-12-11,Approved by IDA,295296,Unsanctioned
MPLADS-017957,Nayab Singh,Lok Sabha,Haryana,KURUKSHETRA,,,PEHOWA,ARNAICHA,Normal/Others,WS/MP594/2023-2024/60180 - Community Toilets,DEPUTY COMMISSIONER KURUKSHETRA_IDA,2023-12-11,Approved by IDA,500000,Unsanctioned
MPLADS-019115,Shri Dharambir Singh ,Lok Sabha,Haryana,BHIWANI MAHENDRAGARH,,,TOSHAM,Devawas (99),Normal/Others,NA - Improvement of electricity distribution infrastructure,Deputy Commissioner Bhiwani_IDA,2023-12-08,Action Pending,84000,Unsanctioned
MPLADS-019116,Shri Dharambir Singh ,Lok Sabha,Haryana,BHIWANI MAHENDRAGARH,,,TOSHAM,Tosham (Rural) (33),Normal/Others,NA - Improvement of electricity distribution infrastructure,Deputy Commissioner Bhiwani_IDA,2023-12-08,Action Pending,130000,Unsanctioned
MPLADS-019117,Shri Dharambir Singh ,Lok Sabha,Haryana,BHIWANI MAHENDRAGARH,Bhiwani,Ward No. 4,,,Trust and Society,NA - Construction of community centers and community halls,Deputy Commissioner Bhiwani_IDA,2023-12-08,Action Pending,600000,Unsanctioned
MPLADS-019118,Rao Inderjit Singh,Lok Sabha,Haryana,GURGAON,,,FARRUKH NAGAR,Patli (34),Normal/Others,NA - Construction of community centers and community halls,Deputy Commissioner Gurugram_IDA,2023-12-08,Action Pending,800000,Unsanctioned
MPLADS-019119,SHRI Ram Chander Jangra,Rajya Sabha,Haryana,Sitting Rajya Sabha,Gohana,ward no. 11,,,Normal/Others,NA - Construction of community centers and community halls,DEPUTY COMMISSIONER SONEPAT_IDA,2023-12-08,Action Pending,1100000,Unsanctioned
MPLADS-019120,SHRI Ram Chander Jangra,Rajya Sabha,Haryana,Sitting Rajya Sabha,Gohana,ward no 9,,,Normal/Others,NA - Construction of community centers and community halls,DEPUTY COMMISSIONER SONEPAT_IDA,2023-12-08,Action Pending,1100000,Unsanctioned
MPLADS-019121,SHRI Deepender Singh,Rajya Sabha,Haryana,Sitting Rajya Sabha,,,MAHAM,Seman(115),Normal/Others,NA - Construction of boundary walls of existing public and community buildings,DEPUTY COMMISSIONER ROHTAK_IDA,2023-12-08,Action Pending,500000,Unsanctioned
MPLADS-019122,SHRI Deepender Singh,Rajya Sabha,Haryana,Sitting Rajya Sabha,,,LAKHAN MAJRA,Chiri(91),Normal/Others,NA - Construction of community centers and community halls,DEPUTY COMMISSIONER ROHTAK_IDA,2023-12-08,Action Pending,500000,Unsanctioned
MPLADS-019136,Shri Dharambir Singh ,Lok Sabha,Haryana,BHIWANI MAHENDRAGARH,,,TOSHAM,Riwasa (30),Normal/Others,NA - Improvement of electricity distribution infrastructure,Deputy Commissioner Bhiwani_IDA,2023-12-08,Action Pending,315000,Unsanctioned
MPLADS-019137,Shri Dharambir Singh ,Lok Sabha,Haryana,BHIWANI MAHENDRAGARH,,,JHOJHU,Jawa(183),Normal/Others,NA - Purchase of furniture and fixtures for educational purposes,Deputy Commissioner Charkhi Dadri_IDA,2023-12-08,Action Pending,200000,Unsanctioned
MPLADS-019138,Shri Dharambir Singh ,Lok Sabha,Haryana,BHIWANI MAHENDRAGARH,,,SIHMA,Khaspur(171),Normal/Others,NA - Development of playfields and sports grounds,DEPUTY COMMISSIONER MAHENDRAGARH_IDA,2023-12-08,Action Pending,500000,Unsanctioned
MPLADS-019150,Shri Dharambir Singh ,Lok Sabha,Haryana,BHIWANI MAHENDRAGARH,,,BAWANI KHERA,Bhurtana (39),Normal/Others,NA - Purchase of furniture and fixtures for educational purposes,Deputy Commissioner Bhiwani_IDA,2023-12-08,Action Pending,100000,Unsanctioned
MPLADS-019151,Sunita Duggal,Lok Sabha,Haryana,SIRSA(SC),,,UCHANA,Badanpur (93),Normal/Others,NA - Construction of community centers and community halls,Deputy Commissioner Jind_IDA,2023-12-08,Action Pending,495000,Unsanctioned
MPLADS-019152,Sunita Duggal,Lok Sabha,Haryana,SIRSA(SC),,,NARWANA,Frain Kalan (78),Normal/Others,NA - Construction of community centers and community halls,Deputy Commissioner Jind_IDA,2023-12-08,Action Pending,495000,Unsanctioned
MPLADS-019153,Sunita Duggal,Lok Sabha,Haryana,SIRSA(SC),,,UJHANA,Hans Dahar (4),Normal/Others,NA - Purchase of mobile water tankers,Deputy Commissioner Jind_IDA,2023-12-08,Action Pending,157000,Unsanctioned
MPLADS-019154,Sunita Duggal,Lok Sabha,Haryana,SIRSA(SC),,,NARWANA,Dharodi (72),Normal/Others,NA - Purchase of mobile water tankers,Deputy Commissioner Jind_IDA,2023-12-08,Action Pending,157000,Unsanctioned
MPLADS-019155,Sunita Duggal,Lok Sabha,Haryana,SIRSA(SC),,,UJHANA,Data Singhwala (3),Normal/Others,NA - Construction of community centers and community halls,Deputy Commissioner Jind_IDA,2023-12-08,Action Pending,500000,Unsanctioned
MPLADS-019156,Sunita Duggal,Lok Sabha,Haryana,SIRSA(SC),,,NARWANA,Karamgarh (70),Normal/Others,NA - Installation of fixed garden gym equipment,Deputy Commissioner Jind_IDA,2023-12-08,Action Pending,195000,Unsanctioned
MPLADS-019157,Sunita Duggal,Lok Sabha,Haryana,SIRSA(SC),,,NARWANA,Gorusar (42),Normal/Others,NA - Construction of stadiums,Deputy Commissioner Jind_IDA,2023-12-08,Action Pending,495000,Unsanctioned
MPLADS-019158,Sunita Duggal,Lok Sabha,Haryana,SIRSA(SC),,,NARWANA,Danoda Kalan (89),Normal/Others,NA - Construction of community centers and community halls,Deputy Commissioner Jind_IDA,2023-12-08,Action Pending,350000,Unsanctioned
MPLADS-019159,Shri Dharambir Singh ,Lok Sabha,Haryana,BHIWANI MAHENDRAGARH,,,SATNALI,Basri(5),Normal/Others,NA - Development of playfields and sports grounds,DEPUTY COMMISSIONER MAHENDRAGARH_IDA,2023-12-08,Action Pending,200000,Unsanctioned
MPLADS-019474,Sanjay Bhatia,Lok Sabha,Haryana,KARNAL,,,MUNAK,Bansa (57),Normal/Others,WS/MP596/2023-2024/57934 - Construction of New Building,DEPUTY COMMISSIONER KARNAL_IDA,2023-12-07,Approved by IDA,500000,Unsanctioned
MPLADS-019479,Sanjay Bhatia,Lok Sabha,Haryana,KARNAL,,,MUNAK,Bansa (57),Normal/Others,WS/MP596/2023-2024/57903 - Construction of New Building,DEPUTY COMMISSIONER KARNAL_IDA,2023-12-07,Approved by IDA,250000,Unsanctioned
MPLADS-019480,Sanjay Bhatia,Lok Sabha,Haryana,KARNAL,,,ASSANDH,Jai Singhpura (82),Normal/Others,WS/MP596/2023-2024/57927 - Construction of New Building,DEPUTY COMMISSIONER KARNAL_IDA,2023-12-07,Approved by IDA,250000,Unsanctioned
MPLADS-019481,Sanjay Bhatia,Lok Sabha,Haryana,KARNAL,,,ASSANDH,Rangrooti Khera,Normal/Others,WS/MP596/2023-2024/57940 - Renovation of ponds and lakes,DEPUTY COMMISSIONER KARNAL_IDA,2023-12-07,Approved by IDA,500000,Unsanctioned
MPLADS-019483,Sanjay Bhatia,Lok Sabha,Haryana,KARNAL,,,ASSANDH,Kaboolpur (80),Normal/Others,WS/MP596/2023-2024/57975 - Providing drains and gutters for public drainage,DEPUTY COMMISSIONER KARNAL_IDA,2023-12-07,Approved by IDA,450000,Unsanctioned
MPLADS-019484,Sanjay Bhatia,Lok Sabha,Haryana,KARNAL,,,ASSANDH,Danauli (92),Normal/Others,"WS/MP596/2023-2024/57978 - Construction of roads, approach roads, link roads and pathways",DEPUTY COMMISSIONER KARNAL_IDA,2023-12-07,Approved by IDA,500000,Unsanctioned
MPLADS-019485,Sanjay Bhatia,Lok Sabha,Haryana,KARNAL,,,KUNJPURA,Baragaon (69),Normal/Others,WS/MP596/2023-2024/57980 - Construction of New Building,DEPUTY COMMISSIONER KARNAL_IDA,2023-12-07,Approved by IDA,700000,Unsanctioned
MPLADS-019486,Sanjay Bhatia,Lok Sabha,Haryana,KARNAL,,,KARNAL,Darar (58),Normal/Others,"WS/MP596/2023-2024/57984 - Construction of roads, approach roads, link roads and pathways",DEPUTY COMMISSIONER KARNAL_IDA,2023-12-07,Approved by IDA,450000,Unsanctioned
MPLADS-019487,Sanjay Bhatia,Lok Sabha,Haryana,KARNAL,,,Indri,Gumton (48),Normal/Others,WS/MP596/2023-2024/57989 - Construction of New Building,DEPUTY COMMISSIONER KARNAL_IDA,2023-12-07,Approved by IDA,1100000,Unsanctioned
MPLADS-019488,Ramesh Chander Kaushik,Lok Sabha,Haryana,SONEPAT,,,GANAUR,Purkhas Rathi (158),Normal/Others,WS/MP592/2023-2024/60093 - Setting up public non-conventional energy plants,DEPUTY COMMISSIONER SONEPAT_IDA,2023-12-07,Approved by IDA,297770,Unsanctioned
MPLADS-019495,Sanjay Bhatia,Lok Sabha,Haryana,KARNAL,,,PANIPAT,Kabri (18) (CT),Normal/Others,"NA - Construction of roads, approach roads, link roads and pathways",Deputy Commissioner Panipat_IDA,2023-12-07,Action Pending,382000,Unsanctioned
MPLADS-019496,Sanjay Bhatia,Lok Sabha,Haryana,KARNAL,,,SAMALKHA,Machhroli (68),Normal/Others,WS/MP596/2023-2024/57902 - Installation of multi-gym equipment,Deputy Commissioner Panipat_IDA,2023-12-07,Approved by IDA,250000,Unsanctioned
MPLADS-019811,Ramesh Chander Kaushik,Lok Sabha,Haryana,SONEPAT,Sonipat,MC Sonipat,,,Normal/Others,NA - Purchase of non-conventional energy system and devices for community use,DEPUTY COMMISSIONER SONEPAT_IDA,2023-12-06,Action Pending,2190000,Unsanctioned
MPLADS-019890,Rao Inderjit Singh,Lok Sabha,Haryana,GURGAON,Gurugram,"SEC 10-A,Gurugram",,,Trust and Society,NA - Setting up public non-conventional energy plants,Deputy Commissioner Gurugram_IDA,2023-12-06,Action Pending,2100000,Unsanctioned
MPLADS-019891,Rao Inderjit Singh,Lok Sabha,Haryana,GURGAON,,,SOHNA,Ghamroj(179),Normal/Others,NA - Lighting of public spaces,Deputy Commissioner Gurugram_IDA,2023-12-06,Action Pending,300000,Unsanctioned
MPLADS-019929,Ramesh Chander Kaushik,Lok Sabha,Haryana,SONEPAT,Jind,MC Jind,,,Normal/Others,NA - Purchase of non-conventional energy system and devices for community use,Deputy Commissioner Jind_IDA,2023-12-06,Action Pending,2190000,Unsanctioned
MPLADS-019930,Ramesh Chander Kaushik,Lok Sabha,Haryana,SONEPAT,Safidon,MC Safidon,,,Normal/Others,NA - Purchase of non-conventional energy system and devices for community use,Deputy Commissioner Jind_IDA,2023-12-06,Action Pending,2190000,Unsanctioned
MPLADS-020027,Ramesh Chander Kaushik,Lok Sabha,Haryana,SONEPAT,Gohana,MC Gohana,,,Normal/Others,NA - Purchase of non-conventional energy system and devices for community use,DEPUTY COMMISSIONER SONEPAT_IDA,2023-12-06,Action Pending,2190000,Unsanctioned
MPLADS-020108,Shri Krishan Lal Panwar,Rajya Sabha,Haryana,Sitting Rajya Sabha,,,NILOKHERI,Pakhana (Part)(48),Normal/Others,"WS/MP298/2023-2024/56559 - Construction of roads, link roads, pathways or any other road with or without drainage system",DEPUTY COMMISSIONER KARNAL_IDA,2023-12-05,Approved by IDA,500000,Unsanctioned
MPLADS-020109,Shri Krishan Lal Panwar,Rajya Sabha,Haryana,Sitting Rajya Sabha,,,BADLI,Bupania(59),Normal/Others,NA - Construction of community centers and community halls,Deputy Commissioner Jhajjar_IDA,2023-12-05,Action Pending,1100000,Unsanctioned
MPLADS-020110,Shri Krishan Lal Panwar,Rajya Sabha,Haryana,Sitting Rajya Sabha,,,MADLAUDA,Madlauda (7),Normal/Others,NA - Construction of community centers and community halls,Deputy Commissioner Panipat_IDA,2023-12-05,Action Pending,1100000,Unsanctioned
MPLADS-020111,Shri Krishan Lal Panwar,Rajya Sabha,Haryana,Sitting Rajya Sabha,,,MUNAK,Munak (28),Normal/Others,NA - Construction of shelters for animals,DEPUTY COMMISSIONER KARNAL_IDA,2023-12-05,Action Pending,1100000,Unsanctioned
MPLADS-020112,Shri Krishan Lal Panwar,Rajya Sabha,Haryana,Sitting Rajya Sabha,,,ISRANA,Ahar (58),Normal/Others,NA - Construction of public libraries and reading rooms,Deputy Commissioner Panipat_IDA,2023-12-05,Action Pending,1000000,Unsanctioned
MPLADS-020113,Shri Krishan Lal Panwar,Rajya Sabha,Haryana,Sitting Rajya Sabha,Mahendragarh,14,,,Normal/Others,NA - Construction of community centers and community halls,DEPUTY COMMISSIONER MAHENDRAGARH_IDA,2023-12-05,Rejected by IDA,400000,Unsanctioned
MPLADS-020114,Shri Krishan Lal Panwar,Rajya Sabha,Haryana,Sitting Rajya Sabha,,,ISRANA,Bijawah (88),Normal/Others,NA - Construction of community centers and community halls,Deputy Commissioner Panipat_IDA,2023-12-05,Action Pending,500000,Unsanctioned
MPLADS-020115,Shri Krishan Lal Panwar,Rajya Sabha,Haryana,Sitting Rajya Sabha,,,MADLAUDA,Mahayudinpur Thirana (9),Normal/Others,NA - Lighting of public spaces,Deputy Commissioner Panipat_IDA,2023-12-05,Action Pending,1100000,Unsanctioned
MPLADS-020116,Shri Krishan Lal Panwar,Rajya Sabha,Haryana,Sitting Rajya Sabha,,,ISRANA,Bijawah (88),Normal/Others,NA - Construction of boundary walls of existing public and community buildings,Deputy Commissioner Panipat_IDA,2023-12-05,Action Pending,500000,Unsanctioned
MPLADS-020117,Shri Krishan Lal Panwar,Rajya Sabha,Haryana,Sitting Rajya Sabha,,,ISRANA,Jondhan Kalan (68),Normal/Others,NA - Construction of community centers and community halls,Deputy Commissioner Panipat_IDA,2023-12-05,Action Pending,500000,Unsanctioned
MPLADS-020118,Shri Krishan Lal Panwar,Rajya Sabha,Haryana,Sitting Rajya Sabha,,,ISRANA,Jondhan Kalan (68),Normal/Others,NA - Construction of community centers and community halls,Deputy Commissioner Panipat_IDA,2023-12-05,Rejected by IDA,1000000,Unsanctioned
MPLADS-020119,Shri Krishan Lal Panwar,Rajya Sabha,Haryana,Sitting Rajya Sabha,Farrukhnagar,6,,,Normal/Others,NA - Construction of shelters for animals,Deputy Commissioner Gurugram_IDA,2023-12-05,Action Pending,1100000,Unsanctioned
MPLADS-020120,Shri Krishan Lal Panwar,Rajya Sabha,Haryana,Sitting Rajya Sabha,,,ISRANA,Bandh (87),Normal/Others,NA - Construction of community centers and community halls,Deputy Commissioner Panipat_IDA,2023-12-05,Action Pending,1000000,Unsanctioned
MPLADS-020121,Shri Krishan Lal Panwar,Rajya Sabha,Haryana,Sitting Rajya Sabha,,,MADLAUDA,Khandra (10),Normal/Others,NA - Construction of community centers and community halls,Deputy Commissioner Panipat_IDA,2023-12-05,Action Pending,1100000,Unsanctioned
MPLADS-020122,Shri Krishan Lal Panwar,Rajya Sabha,Haryana,Sitting Rajya Sabha,,,MADLAUDA,Madlauda (7),Normal/Others,NA - Construction of common work sheds/ common covered sitting area,Deputy Commissioner Panipat_IDA,2023-12-05,Action Pending,500000,Unsanctioned
MPLADS-020123,Shri Krishan Lal Panwar,Rajya Sabha,Haryana,Sitting Rajya Sabha,,,REWARI,Rampura (132) (CT),Repair and Renovation,WS/MP298/2023-2024/56761 - Construction of public libraries and reading rooms,DEPUTY COMMISSIONER REWARI_IDA,2023-12-05,Approved by IDA,1100000,Completed
MPLADS-020124,Shri Krishan Lal Panwar,Rajya Sabha,Haryana,Sitting Rajya Sabha,,,MADLAUDA,Dumyana (56),Normal/Others,NA - Construction of community centers and community halls,Deputy Commissioner Panipat_IDA,2023-12-05,Action Pending,500000,Unsanctioned
MPLADS-020125,Shri Krishan Lal Panwar,Rajya Sabha,Haryana,Sitting Rajya Sabha,,,ISRANA,Mandi (82),Normal/Others,NA - Construction of New Building,Deputy Commissioner Panipat_IDA,2023-12-05,Action Pending,800000,Unsanctioned
MPLADS-020126,Shri Krishan Lal Panwar,Rajya Sabha,Haryana,Sitting Rajya Sabha,,,MADLAUDA,Bhalsi (45),Normal/Others,NA - Construction of public toilets and bathrooms,Deputy Commissioner Panipat_IDA,2023-12-05,Action Pending,250000,Unsanctioned
MPLADS-020127,Shri Krishan Lal Panwar,Rajya Sabha,Haryana,Sitting Rajya Sabha,,,MADLAUDA,Qawi (3),Normal/Others,NA - Construction of stadiums,Deputy Commissioner Panipat_IDA,2023-12-05,Action Pending,1000000,Unsanctioned
MPLADS-020128,Shri Krishan Lal Panwar,Rajya Sabha,Haryana,Sitting Rajya Sabha,,,MADLAUDA,Qawi (3),Normal/Others,NA - Construction of buildings for crèches and anganwadies,Deputy Commissioner Panipat_IDA,2023-12-05,Action Pending,500000,Unsanctioned
MPLADS-020129,Shri Krishan Lal Panwar,Rajya Sabha,Haryana,Sitting Rajya Sabha,,,MADLAUDA,Daryapur (49),Normal/Others,NA - Construction of community centers and community halls,Deputy Commissioner Panipat_IDA,2023-12-05,Action Pending,1100000,Unsanctioned
MPLADS-020130,Shri Krishan Lal Panwar,Rajya Sabha,Haryana,Sitting Rajya Sabha,,,MADLAUDA,Daryapur (49),Normal/Others,NA - Development of public parks,Deputy Commissioner Panipat_IDA,2023-12-05,Action Pending,1100000,Unsanctioned
MPLADS-020131,Shri Krishan Lal Panwar,Rajya Sabha,Haryana,Sitting Rajya Sabha,,,MADLAUDA,Adiyana (48),Normal/Others,NA - Construction of community centers and community halls,Deputy Commissioner Panipat_IDA,2023-12-05,Action Pending,1100000,Unsanctioned
MPLADS-020132,Shri Krishan Lal Panwar,Rajya Sabha,Haryana,Sitting Rajya Sabha,,,MADLAUDA,Adiyana (48),Normal/Others,NA - Construction of boundary walls of existing public and community buildings,Deputy Commissioner Panipat_IDA,2023-12-05,Action Pending,1100000,Unsanctioned
MPLADS-020135,Shri Krishan Lal Panwar,Rajya Sabha,Haryana,Sitting Rajya Sabha,Narnaul,14,,,Normal/Others,NA - Construction of community centers and community halls,DEPUTY COMMISSIONER MAHENDRAGARH_IDA,2023-12-05,Action Pending,500000,Unsanctioned
MPLADS-020137,Shri Krishan Lal Panwar,Rajya Sabha,Haryana,Sitting Rajya Sabha,Mahendragarh,5,,,Normal/Others,NA - Construction of additional rooms and halls in the existing public and community building,DEPUTY COMMISSIONER MAHENDRAGARH_IDA,2023-12-05,Action Pending,1100000,Unsanctioned
MPLADS-020146,Shri Krishan Lal Panwar,Rajya Sabha,Haryana,Sitting Rajya Sabha,,,MADLAUDA,Madlauda (7),Normal/Others,"NA - Purchase of smart boards, visual display units and projectors",Deputy Commissioner Panipat_IDA,2023-12-05,Action Pending,500000,Unsanctioned
MPLADS-020183,Arvind Kumar Sharma,Lok Sabha,Haryana,ROHTAK,,,MACHHRAULI,Samaspur Majra(227),Normal/Others,NA - Installation of multi-gym equipment,Deputy Commissioner Jhajjar_IDA,2023-12-05,Action Pending,300000,Unsanctioned
MPLADS-020184,Arvind Kumar Sharma,Lok Sabha,Haryana,ROHTAK,Kalanaur,Vill. Kalanaur,,,Normal/Others,NA - Construction of common work sheds/ common covered sitting area,DEPUTY COMMISSIONER ROHTAK_IDA,2023-12-05,Action Pending,400000,Unsanctioned
MPLADS-020185,Arvind Kumar Sharma,Lok Sabha,Haryana,ROHTAK,Kalanaur,Kalanaur,,,Normal/Others,NA - Construction of boundary walls of existing public and community buildings,DEPUTY COMMISSIONER ROHTAK_IDA,2023-12-05,Action Pending,300000,Unsanctioned
MPLADS-020186,Arvind Kumar Sharma,Lok Sabha,Haryana,ROHTAK,Kalanaur,Kalanaur,,,Normal/Others,NA - Construction of boundary walls of existing public and community buildings,DEPUTY COMMISSIONER ROHTAK_IDA,2023-12-05,Action Pending,300000,Unsanctioned
MPLADS-020187,Arvind Kumar Sharma,Lok Sabha,Haryana,ROHTAK,,,KALANAUR,Kakrana(104),Normal/Others,WS/MP501/2023-2024/56680 - Development of public parks,DEPUTY COMMISSIONER ROHTAK_IDA,2023-12-05,Approved by IDA,500000,Unsanctioned
MPLADS-020188,Arvind Kumar Sharma,Lok Sabha,Haryana,ROHTAK,Rohtak,Arya Nagar,,,Normal/Others,NA - Construction of rooms and halls in school and colleges,DEPUTY COMMISSIONER ROHTAK_IDA,2023-12-05,Action Pending,1100000,Unsanctioned
MPLADS-020189,Arvind Kumar Sharma,Lok Sabha,Haryana,ROHTAK,,,BAHADURGARH,Mattan(20),Normal/Others,NA - Construction of community centers and community halls,Deputy Commissioner Jhajjar_IDA,2023-12-05,Action Pending,500000,Unsanctioned
MPLADS-020209,Arvind Kumar Sharma,Lok Sabha,Haryana,ROHTAK,,,BAHADURGARH,Mattan(20),Normal/Others,NA - Construction of common work sheds/ common covered sitting area,Deputy Commissioner Jhajjar_IDA,2023-12-05,Action Pending,600000,Unsanctioned
MPLADS-020210,Arvind Kumar Sharma,Lok Sabha,Haryana,ROHTAK,,,BAHADURGARH,Chhara(17),Normal/Others,NA - Construction of community centers and community halls,Deputy Commissioner Jhajjar_IDA,2023-12-05,Action Pending,800000,Unsanctioned
MPLADS-020211,Nayab Singh,Lok Sabha,Haryana,KURUKSHETRA,Thanesar,0,,,Trust and Society,NA - Construction of additional rooms and halls in the existing public and community building,DEPUTY COMMISSIONER KURUKSHETRA_IDA,2023-12-05,Action Pending,1100000,Unsanctioned
MPLADS-020665,Ramesh Chander Kaushik,Lok Sabha,Haryana,SONEPAT,,,GANAUR,Ghasauli (2),Normal/Others,"NA - Purchase of prosthetics, wheel chairs, tricycles (manual or motorized), elect scooties, hearing aids",DEPUTY COMMISSIONER SONEPAT_IDA,2023-12-04,Action Pending,50000,Unsanctioned
MPLADS-020666,Ramesh Chander Kaushik,Lok Sabha,Haryana,SONEPAT,,,MURTHAL,Gyaspur (10),Normal/Others,"NA - Purchase of prosthetics, wheel chairs, tricycles (manual or motorized), elect scooties, hearing aids",DEPUTY COMMISSIONER SONEPAT_IDA,2023-12-04,Action Pending,24000,Unsanctioned
MPLADS-020734,Shri Krishan Lal Panwar,Rajya Sabha,Haryana,Sitting Rajya Sabha,,,MADLAUDA,Adiyana (48),Normal/Others,NA - Construction of boundary walls of existing public and community buildings,Deputy Commissioner Panipat_IDA,2023-12-04,Action Pending,1100000,Unsanctioned
MPLADS-020735,Shri Krishan Lal Panwar,Rajya Sabha,Haryana,Sitting Rajya Sabha,,,ISRANA,Jondhan Kalan (68),Normal/Others,NA - Construction of community centers and community halls,Deputy Commissioner Panipat_IDA,2023-12-04,Rejected by IDA,500000,Unsanctioned
MPLADS-021197,Shri Krishan Lal Panwar,Rajya Sabha,Haryana,Sitting Rajya Sabha,,,ISRANA,Jondhan Kalan (68),Normal/Others,NA - Completion of Ambedkar Bhawan,Deputy Commissioner Panipat_IDA,2023-12-02,Action Pending,500000,Unsanctioned
MPLADS-021199,Shri Krishan Lal Panwar,Rajya Sabha,Haryana,Sitting Rajya Sabha,,,ISRANA,Jondhan Kalan (68),Normal/Others,NA - Construction of community centers and community halls,Deputy Commissioner Panipat_IDA,2023-12-02,Action Pending,1000000,Unsanctioned
MPLADS-021684,Brijendra Singh,Lok Sabha,Haryana,HISAR,,,NARNAUND,Rakhi Khas (76),Normal/Others,NA - Purchase of mobile water tankers,DEPUTY COMMISSIONER HISSAR_IDA,2023-11-30,Action Pending,158000,Unsanctioned
MPLADS-021685,Brijendra Singh,Lok Sabha,Haryana,HISAR,Hisar,9,,,Normal/Others,WS/MP593/2023-2024/54826 - Purchase of mobile water tankers,DEPUTY COMMISSIONER HISSAR_IDA,2023-11-30,Approved by IDA,158000,Unsanctioned
MPLADS-021686,Nayab Singh,Lok Sabha,Haryana,KURUKSHETRA,,,KAITHAL,Nandsinghwala (8),Normal/Others,"NA - Construction of roads, approach roads, link roads and pathways",Deputy Commissioner Kaithal_IDA,2023-11-30,Action Pending,199000,Unsanctioned
MPLADS-021705,Nayab Singh,Lok Sabha,Haryana,KURUKSHETRA,,,KAITHAL,Nandsinghwala (8),Normal/Others,"NA - Construction of roads, approach roads, link roads and pathways",Deputy Commissioner Kaithal_IDA,2023-11-30,Action Pending,199000,Unsanctioned
MPLADS-021706,Nayab Singh,Lok Sabha,Haryana,KURUKSHETRA,Ladwa,8,,,Trust and Society,WS/MP594/2023-2024/54703 - Construction of community centers and community halls,DEPUTY COMMISSIONER KURUKSHETRA_IDA,2023-11-30,Approved by IDA,500000,Unsanctioned
MPLADS-021707,Sanjay Bhatia,Lok Sabha,Haryana,KARNAL,,,NILOKHERI,Dadupur (83),Normal/Others,WS/MP596/2023-2024/54639 - Construction of New Building,DEPUTY COMMISSIONER KARNAL_IDA,2023-11-30,Approved by IDA,250000,Unsanctioned
MPLADS-021708,Sanjay Bhatia,Lok Sabha,Haryana,KARNAL,,,NILOKHERI,Kamalpur (37),Normal/Others,"WS/MP596/2023-2024/54637 - Construction of roads, approach roads, link roads and pathways",DEPUTY COMMISSIONER KARNAL_IDA,2023-11-30,Approved by IDA,1000000,Unsanctioned
MPLADS-021713,Brijendra Singh,Lok Sabha,Haryana,HISAR,,,NARNAUND,Rajpura (107),Normal/Others,NA - Purchase of mobile water tankers,DEPUTY COMMISSIONER HISSAR_IDA,2023-11-30,Action Pending,158000,Unsanctioned
MPLADS-021714,Brijendra Singh,Lok Sabha,Haryana,HISAR,,,UKLANA,Bithmara(85),Normal/Others,WS/MP593/2023-2024/54847 - Purchase of mobile water tankers,DEPUTY COMMISSIONER HISSAR_IDA,2023-11-30,Approved by IDA,158000,Unsanctioned
MPLADS-021715,Brijendra Singh,Lok Sabha,Haryana,HISAR,,,BEHAL,Bidhnoi (8),Normal/Others,WS/MP593/2023-2024/54848 - Purchase of mobile water tankers,Deputy Commissioner Bhiwani_IDA,2023-11-30,Approved by IDA,157000,Sanctioned
MPLADS-022030,Brijendra Singh,Lok Sabha,Haryana,HISAR,,,Uchana,Chhattar (76),Normal/Others,WS/MP593/2023-2024/54360 - Purchase of mobile water tankers,Deputy Commissioner Jind_IDA,2023-11-29,Approved by IDA,157000,Unsanctioned
MPLADS-022038,Brijendra Singh,Lok Sabha,Haryana,HISAR,,,BHIWANI,Tigrana (10),Normal/Others,WS/MP593/2023-2024/54363 - Purchase of mobile water tankers,Deputy Commissioner Bhiwani_IDA,2023-11-29,Approved by IDA,157000,Sanctioned
MPLADS-022040,Brijendra Singh,Lok Sabha,Haryana,HISAR,,,BHIWANI,Mundhal Khurd (57),Normal/Others,WS/MP593/2023-2024/54364 - Purchase of mobile water tankers,Deputy Commissioner Bhiwani_IDA,2023-11-29,Approved by IDA,157000,Sanctioned
MPLADS-022069,SHRI Devender Paul Vats,Rajya Sabha,Haryana,Sitting Rajya Sabha,,,LOHARU,Fartia Tal(64),Normal/Others,NA - Purchase of mobile water tankers,Deputy Commissioner Bhiwani_IDA,2023-11-29,Action Pending,155000,Unsanctioned
MPLADS-022070,SHRI Devender Paul Vats,Rajya Sabha,Haryana,Sitting Rajya Sabha,,,LOHARU,Kurdal(70),Normal/Others,WS/MP076/2023-2024/54468 - Installation of multi-gym equipment,Deputy Commissioner Bhiwani_IDA,2023-11-29,Approved by IDA,200000,Sanctioned
MPLADS-022071,SHRI Devender Paul Vats,Rajya Sabha,Haryana,Sitting Rajya Sabha,,,LOHARU,Kurdal(70),Normal/Others,NA - Purchase of mobile water tankers,Deputy Commissioner Bhiwani_IDA,2023-11-29,Action Pending,155000,Unsanctioned
MPLADS-022072,SHRI Devender Paul Vats,Rajya Sabha,Haryana,Sitting Rajya Sabha,,,LOHARU,Dhani Shyama(68),Normal/Others,NA - Purchase of mobile water tankers,Deputy Commissioner Bhiwani_IDA,2023-11-29,Action Pending,155000,Unsanctioned
MPLADS-022073,SHRI Devender Paul Vats,Rajya Sabha,Haryana,Sitting Rajya Sabha,,,BEHAL,Chehar Khurd(28),Normal/Others,NA - Purchase of mobile water tankers,Deputy Commissioner Bhiwani_IDA,2023-11-29,Action Pending,155000,Unsanctioned
MPLADS-022074,SHRI Devender Paul Vats,Rajya Sabha,Haryana,Sitting Rajya Sabha,,,BEHAL,Sirsi(29),Normal/Others,NA - Purchase of mobile water tankers,Deputy Commissioner Bhiwani_IDA,2023-11-29,Action Pending,155000,Unsanctioned
MPLADS-022085,SHRI Devender Paul Vats,Rajya Sabha,Haryana,Sitting Rajya Sabha,,,LOHARU,Dhigawa Jatan(38),Normal/Others,NA - Purchase of mobile water tankers,Deputy Commissioner Bhiwani_IDA,2023-11-29,Action Pending,155000,Unsanctioned
MPLADS-022086,SHRI Devender Paul Vats,Rajya Sabha,Haryana,Sitting Rajya Sabha,,,LOHARU,Jhanjhra Sheoran(46),Normal/Others,NA - Purchase of mobile water tankers,Deputy Commissioner Bhiwani_IDA,2023-11-29,Action Pending,155000,Unsanctioned
MPLADS-022088,SHRI Devender Paul Vats,Rajya Sabha,Haryana,Sitting Rajya Sabha,,,LOHARU,Dhani Laxman(25),Normal/Others,NA - Purchase of mobile water tankers,Deputy Commissioner Bhiwani_IDA,2023-11-29,Action Pending,155000,Unsanctioned
MPLADS-022098,SHRI Devender Paul Vats,Rajya Sabha,Haryana,Sitting Rajya Sabha,,,HISAR-II,Gawar(19),Normal/Others,NA - Purchase of mobile water tankers,DEPUTY COMMISSIONER HISSAR_IDA,2023-11-29,Action Pending,155000,Unsanctioned
MPLADS-022099,SHRI Devender Paul Vats,Rajya Sabha,Haryana,Sitting Rajya Sabha,,,LOHARU,Dhani Shyama(68),Normal/Others,NA - Providing garbage collection and disposal systems,Deputy Commissioner Bhiwani_IDA,2023-11-29,Action Pending,150000,Unsanctioned
MPLADS-022100,SHRI Devender Paul Vats,Rajya Sabha,Haryana,Sitting Rajya Sabha,Loharu,Nagar Palika Loharu,,,Normal/Others,WS/MP076/2023-2024/54519 - Construction of community centers and community halls,Deputy Commissioner Bhiwani_IDA,2023-11-29,Approved by IDA,500000,Unsanctioned
MPLADS-022101,SHRI Devender Paul Vats,Rajya Sabha,Haryana,Sitting Rajya Sabha,,,HISAR-I,Talwandi Rana (65),Normal/Others,WS/MP076/2023-2024/54518 - Purchase of mobile water tankers,DEPUTY COMMISSIONER HISSAR_IDA,2023-11-29,Approved by IDA,155000,Unsanctioned
MPLADS-022102,SHRI Devender Paul Vats,Rajya Sabha,Haryana,Sitting Rajya Sabha,,,KAIRU,Golagarh (64),Normal/Others,NA - Purchase of mobile water tankers,Deputy Commissioner Bhiwani_IDA,2023-11-29,Action Pending,155000,Unsanctioned
MPLADS-022103,SHRI Devender Paul Vats,Rajya Sabha,Haryana,Sitting Rajya Sabha,,,KAIRU,Chandawas (144),Normal/Others,NA - Purchase of mobile water tankers,Deputy Commissioner Bhiwani_IDA,2023-11-29,Action Pending,155000,Unsanctioned
MPLADS-022228,Sanjay Bhatia,Lok Sabha,Haryana,KARNAL,,,PANIPAT,Raja Kheri (25),Normal/Others,NA - Construction of New Building,Deputy Commissioner Panipat_IDA,2023-11-28,Action Pending,500000,Unsanctioned
MPLADS-022229,Sanjay Bhatia,Lok Sabha,Haryana,KARNAL,,,BAPOLI,Tajpur (65),Normal/Others,"NA - Construction of roads, link roads, pathways or any other road with or without drainage system",Deputy Commissioner Panipat_IDA,2023-11-28,Action Pending,1270000,Unsanctioned
MPLADS-022230,Sanjay Bhatia,Lok Sabha,Haryana,KARNAL,,,MADLAUDA,Luhari (42),Normal/Others,WS/MP596/2023-2024/53986 - Construction of New Building,Deputy Commissioner Panipat_IDA,2023-11-28,Approved by IDA,493000,Unsanctioned
MPLADS-022231,Sanjay Bhatia,Lok Sabha,Haryana,KARNAL,,,MADLAUDA,Bhadaur (39),Normal/Others,WS/MP596/2023-2024/53980 - Construction of New Building,Deputy Commissioner Panipat_IDA,2023-11-28,Approved by IDA,500000,Unsanctioned
MPLADS-022232,Rao Inderjit Singh,Lok Sabha,Haryana,GURGAON,,,SOHNA,Kherla(177),Normal/Others,"NA - Construction of roads, approach roads, link roads and pathways",Deputy Commissioner Gurugram_IDA,2023-11-28,Action Pending,750000,Unsanctioned
MPLADS-022233,Sanjay Bhatia,Lok Sabha,Haryana,KARNAL,,,MADLAUDA,Urlana Khurd (50),Normal/Others,WS/MP596/2023-2024/53970 - Construction of New Building,Deputy Commissioner Panipat_IDA,2023-11-28,Approved by IDA,500000,Unsanctioned
MPLADS-022234,Rao Inderjit Singh,Lok Sabha,Haryana,GURGAON,,,SOHNA,Rethoj(169),Normal/Others,"NA - Construction of roads, link roads, pathways or any other road with or without drainage system",Deputy Commissioner Gurugram_IDA,2023-11-28,Action Pending,750000,Unsanctioned
MPLADS-022235,Sanjay Bhatia,Lok Sabha,Haryana,KARNAL,,,SANAULI KHURD,GARHI BESAK,Normal/Others,WS/MP596/2023-2024/53957 - Construction of New Building,Deputy Commissioner Panipat_IDA,2023-11-28,Approved by IDA,500000,Unsanctioned
MPLADS-022236,Sanjay Bhatia,Lok Sabha,Haryana,KARNAL,,,ISRANA,Balana (71),Normal/Others,"WS/MP596/2023-2024/53955 - Construction of roads, link roads, pathways or any other road with or without drainage system",Deputy Commissioner Panipat_IDA,2023-11-28,Approved by IDA,500000,Unsanctioned
MPLADS-022237,Sanjay Bhatia,Lok Sabha,Haryana,KARNAL,,,MADLAUDA,Nara (6),Normal/Others,"NA - Construction of roads, approach roads, link roads and pathways",Deputy Commissioner Panipat_IDA,2023-11-28,Action Pending,150000,Unsanctioned
MPLADS-022238,Sanjay Bhatia,Lok Sabha,Haryana,KARNAL,,,SANAULI KHURD,Sanoli Kalan (30),Normal/Others,"WS/MP596/2023-2024/53921 - Construction of roads, approach roads, link roads and pathways",Deputy Commissioner Panipat_IDA,2023-11-28,Approved by IDA,562000,Unsanctioned
MPLADS-022239,Sanjay Bhatia,Lok Sabha,Haryana,KARNAL,,,MADLAUDA,Luhari (42),Normal/Others,WS/MP596/2023-2024/53902 - Construction of New Building,Deputy Commissioner Panipat_IDA,2023-11-28,Approved by IDA,500000,Unsanctioned
MPLADS-022240,Sanjay Bhatia,Lok Sabha,Haryana,KARNAL,,,ISRANA,Boana Lakhu (86),Normal/Others,WS/MP596/2023-2024/53896 - Construction of New Building,Deputy Commissioner Panipat_IDA,2023-11-28,Approved by IDA,500000,Unsanctioned
MPLADS-022241,Sanjay Bhatia,Lok Sabha,Haryana,KARNAL,,,SAMALKHA,Manana (76),Normal/Others,WS/MP596/2023-2024/53892 - Construction of New Building,Deputy Commissioner Panipat_IDA,2023-11-28,Approved by IDA,1100000,Unsanctioned
MPLADS-022242,Sanjay Bhatia,Lok Sabha,Haryana,KARNAL,,,ISRANA,Chhichhrana (55),Normal/Others,WS/MP596/2023-2024/53717 - Construction of New Building,Deputy Commissioner Panipat_IDA,2023-11-28,Approved by IDA,500000,Unsanctioned
MPLADS-022243,Sanjay Bhatia,Lok Sabha,Haryana,KARNAL,,,ISRANA,Seenk (52),Normal/Others,WS/MP596/2023-2024/53697 - Construction of New Building,Deputy Commissioner Panipat_IDA,2023-11-28,Approved by IDA,500000,Unsanctioned
MPLADS-022244,Sanjay Bhatia,Lok Sabha,Haryana,KARNAL,,,MADLAUDA,Nara (6),Normal/Others,WS/MP596/2023-2024/53688 - Construction of New Building,Deputy Commissioner Panipat_IDA,2023-11-28,Approved by IDA,1100000,Unsanctioned
MPLADS-022245,Sanjay Bhatia,Lok Sabha,Haryana,KARNAL,,,BAPOLI,Goela Kalan (60),Normal/Others,NA - Construction of New Building,Deputy Commissioner Panipat_IDA,2023-11-28,Action Pending,1000000,Unsanctioned
MPLADS-022246,Sanjay Bhatia,Lok Sabha,Haryana,KARNAL,,,MADLAUDA,Sutana (23),Normal/Others,NA - Construction of New Building,Deputy Commissioner Panipat_IDA,2023-11-28,Action Pending,500000,Unsanctioned
MPLADS-022247,Sanjay Bhatia,Lok Sabha,Haryana,KARNAL,,,MADLAUDA,Alupur (60),Normal/Others,NA - Construction of New Building,Deputy Commissioner Panipat_IDA,2023-11-28,Action Pending,250000,Unsanctioned
MPLADS-022248,Sanjay Bhatia,Lok Sabha,Haryana,KARNAL,,,ISRANA,Ahar (58),Normal/Others,NA - Construction of New Building,Deputy Commissioner Panipat_IDA,2023-11-28,Action Pending,500000,Unsanctioned
MPLADS-022249,Sanjay Bhatia,Lok Sabha,Haryana,KARNAL,,,ISRANA,Balana (71),Normal/Others,WS/MP596/2023-2024/53666 - Construction of New Building,Deputy Commissioner Panipat_IDA,2023-11-28,Approved by IDA,500000,Unsanctioned
MPLADS-022250,Sanjay Bhatia,Lok Sabha,Haryana,KARNAL,,,ISRANA,Chamarara (83),Normal/Others,NA - Construction of community centers and community halls,Deputy Commissioner Panipat_IDA,2023-11-28,Action Pending,300000,Unsanctioned
MPLADS-022251,Sanjay Bhatia,Lok Sabha,Haryana,KARNAL,,,ISRANA,Boana Lakhu (86),Normal/Others,NA - Construction of New Building,Deputy Commissioner Panipat_IDA,2023-11-28,Action Pending,250000,Unsanctioned
MPLADS-022252,Rao Inderjit Singh,Lok Sabha,Haryana,GURGAON,,,GURGAON,Aklimpur(166),Normal/Others,"NA - Construction of roads, link roads, pathways or any other road with or without drainage system",Deputy Commissioner Gurugram_IDA,2023-11-28,Action Pending,500000,Unsanctioned
MPLADS-022253,Rao Inderjit Singh,Lok Sabha,Haryana,GURGAON,,,GURGAON,Aklimpur(166),Normal/Others,NA - Construction of boundary walls of existing public and community buildings,Deputy Commissioner Gurugram_IDA,2023-11-28,Action Pending,500000,Unsanctioned
MPLADS-022254,Sanjay Bhatia,Lok Sabha,Haryana,KARNAL,,,SAMALKHA,Naryana (74),Normal/Others,NA - Construction of New Building,Deputy Commissioner Panipat_IDA,2023-11-28,Action Pending,500000,Unsanctioned
MPLADS-022255,Sanjay Bhatia,Lok Sabha,Haryana,KARNAL,,,ISRANA,Kurana (54),Normal/Others,NA - Construction of New Building,Deputy Commissioner Panipat_IDA,2023-11-28,Action Pending,1400000,Unsanctioned
MPLADS-022256,Sanjay Bhatia,Lok Sabha,Haryana,KARNAL,,,SAMALKHA,Machhroli (68),Normal/Others,WS/MP596/2023-2024/53628 - Construction of New Building,Deputy Commissioner Panipat_IDA,2023-11-28,Approved by IDA,1100000,Unsanctioned
MPLADS-022257,Sanjay Bhatia,Lok Sabha,Haryana,KARNAL,,,MADLAUDA,Khandra (10),Normal/Others,NA - Installation of multi-gym equipment,Deputy Commissioner Panipat_IDA,2023-11-28,Action Pending,300000,Unsanctioned
MPLADS-022386,Sanjay Bhatia,Lok Sabha,Haryana,KARNAL,,,ISRANA,Bandh (87),Normal/Others,NA - Construction of New Building,Deputy Commissioner Panipat_IDA,2023-11-28,Action Pending,500000,Unsanctioned
MPLADS-022420,SHRI Deepender Singh,Rajya Sabha,Haryana,Sitting Rajya Sabha,,,ROHTAK,Khidwali(85),Normal/Others,NA - Construction of boundary walls of existing public and community buildings,DEPUTY COMMISSIONER ROHTAK_IDA,2023-11-28,Action Pending,550000,Unsanctioned
MPLADS-022439,Sanjay Bhatia,Lok Sabha,Haryana,KARNAL,,,ISRANA,Naultha (38),Normal/Others,WS/MP596/2023-2024/53627 - Construction of New Building,Deputy Commissioner Panipat_IDA,2023-11-28,Approved by IDA,1100000,Unsanctioned
MPLADS-022666,SHRI Devender Paul Vats,Rajya Sabha,Haryana,Sitting Rajya Sabha,Siwani,Nagar Palika Siwani,,,Normal/Others,WS/MP076/2023-2024/53316 - Purchase of mobile water tankers,Deputy Commissioner Bhiwani_IDA,2023-11-27,Approved by IDA,314000,Sanctioned
MPLADS-022667,SHRI Devender Paul Vats,Rajya Sabha,Haryana,Sitting Rajya Sabha,,,BEHAL,Surpura Kalan (105),Normal/Others,WS/MP076/2023-2024/53501 - Purchase of mobile water tankers,Deputy Commissioner Bhiwani_IDA,2023-11-27,Approved by IDA,157000,Sanctioned
MPLADS-022668,SHRI Devender Paul Vats,Rajya Sabha,Haryana,Sitting Rajya Sabha,,,KAIRU,Hetampura (59),Normal/Others,WS/MP076/2023-2024/53514 - Purchase of mobile water tankers,Deputy Commissioner Bhiwani_IDA,2023-11-27,Approved by IDA,157000,Sanctioned
MPLADS-022851,Ramesh Chander Kaushik,Lok Sabha,Haryana,SONEPAT,,,PILLUKHERA,Bham Bhewa (9),Normal/Others,WS/MP592/2023-2024/53094 - Construction of community centers and community halls,Deputy Commissioner Jind_IDA,2023-11-25,Approved by IDA,400000,Unsanctioned
MPLADS-022889,Ramesh Chander Kaushik,Lok Sabha,Haryana,SONEPAT,,,MURTHAL,Qumaspur (88),Normal/Others,"WS/MP592/2023-2024/53095 - Construction of roads, approach roads, link roads and pathways",DEPUTY COMMISSIONER SONEPAT_IDA,2023-11-25,Approved by IDA,1000000,Unsanctioned
MPLADS-022992,Nayab Singh,Lok Sabha,Haryana,KURUKSHETRA,Cheeka,kaithal road pin no. 136034,,,Trust and Society,NA - Construction of boundary walls of existing public and community buildings,Deputy Commissioner Kaithal_IDA,2023-11-25,Action Pending,500000,Unsanctioned
MPLADS-023002,Nayab Singh,Lok Sabha,Haryana,KURUKSHETRA,,,BABAIN,Sujra (141),Trust and Society,NA - Construction of rooms and halls in school and colleges,DEPUTY COMMISSIONER KURUKSHETRA_IDA,2023-11-25,Action Pending,500000,Unsanctioned
MPLADS-023007,Ramesh Chander Kaushik,Lok Sabha,Haryana,SONEPAT,,,PILLUKHERA,Bham Bhewa (9),Normal/Others,NA - Construction of community centers and community halls,Deputy Commissioner Jind_IDA,2023-11-25,Action Pending,500000,Unsanctioned
MPLADS-023008,Nayab Singh,Lok Sabha,Haryana,KURUKSHETRA,,,KAITHAL,Dawal (15),Normal/Others,NA - Construction of additional rooms and halls in the existing public and community building,Deputy Commissioner Kaithal_IDA,2023-11-25,Action Pending,450000,Unsanctioned
MPLADS-023071,Sunita Duggal,Lok Sabha,Haryana,SIRSA(SC),Bhuna,MC Bhuna,,,Normal/Others,NA - Construction of buildings for community cultural activities,Deputy Commissioner Fatehabd_IDA,2023-11-24,Action Pending,500000,Unsanctioned
MPLADS-023075,Sunita Duggal,Lok Sabha,Haryana,SIRSA(SC),,,FATEHABAD,Daulatpur,Normal/Others,WS/MP502/2023-2024/52516 - Construction of buildings for community cultural activities,Deputy Commissioner Fatehabd_IDA,2023-11-24,Approved by IDA,498000,Unsanctioned
MPLADS-023079,Sunita Duggal,Lok Sabha,Haryana,SIRSA(SC),Bhuna,MC Bhuna,,,Normal/Others,NA - Construction of buildings for community cultural activities,Deputy Commissioner Fatehabd_IDA,2023-11-24,Action Pending,500000,Unsanctioned
MPLADS-023081,Sunita Duggal,Lok Sabha,Haryana,SIRSA(SC),Fatehabad,Ward No. 21,,,Normal/Others,NA - Construction of buildings for community cultural activities,Deputy Commissioner Fatehabd_IDA,2023-11-24,Action Pending,250000,Unsanctioned
MPLADS-023082,Sunita Duggal,Lok Sabha,Haryana,SIRSA(SC),Fatehabad,MC Fatehabad,,,Normal/Others,NA - Construction of buildings for community cultural activities,Deputy Commissioner Fatehabd_IDA,2023-11-24,Action Pending,500000,Unsanctioned
MPLADS-023083,Sunita Duggal,Lok Sabha,Haryana,SIRSA(SC),Fatehabad,MC Fatehabad,,,Normal/Others,NA - Construction of buildings for community cultural activities,Deputy Commissioner Fatehabd_IDA,2023-11-24,Action Pending,500000,Unsanctioned
MPLADS-023084,Sunita Duggal,Lok Sabha,Haryana,SIRSA(SC),Fatehabad,MC Fatehabad,,,Normal/Others,NA - Construction of buildings for community cultural activities,Deputy Commissioner Fatehabd_IDA,2023-11-24,Action Pending,500000,Unsanctioned
MPLADS-023085,Nayab Singh,Lok Sabha,Haryana,KURUKSHETRA,,,GUHLA,Tatiana (129),Trust and Society,NA - Construction of rooms and halls in school and colleges,Deputy Commissioner Kaithal_IDA,2023-11-24,Action Pending,500000,Unsanctioned
MPLADS-023086,Nayab Singh,Lok Sabha,Haryana,KURUKSHETRA,Thanesar,24,,,Trust and Society,WS/MP594/2023-2024/52394 - Construction of community centers and community halls,DEPUTY COMMISSIONER KURUKSHETRA_IDA,2023-11-24,Approved by IDA,500000,Unsanctioned
MPLADS-023114,Nayab Singh,Lok Sabha,Haryana,KURUKSHETRA,Thanesar,18,,,Trust and Society,NA - Construction of community centers and community halls,DEPUTY COMMISSIONER KURUKSHETRA_IDA,2023-11-24,Action Pending,500000,Unsanctioned
MPLADS-023505,Nayab Singh,Lok Sabha,Haryana,KURUKSHETRA,SIWAN,MC Siwan,,,Normal/Others,NA - Construction of community centers and community halls,Deputy Commissioner Kaithal_IDA,2023-11-23,Action Pending,500000,Unsanctioned
MPLADS-023577,Sanjay Bhatia,Lok Sabha,Haryana,KARNAL,Panipat,1,,,Normal/Others,WS/MP596/2023-2024/52012 - Construction of New Building,Deputy Commissioner Panipat_IDA,2023-11-23,Approved by IDA,2500000,Unsanctioned
MPLADS-023578,Sanjay Bhatia,Lok Sabha,Haryana,KARNAL,,,MADLAUDA,Adiyana (48),Normal/Others,WS/MP596/2023-2024/52016 - Renovation of ponds and lakes,Deputy Commissioner Panipat_IDA,2023-11-23,Approved by IDA,1100000,Unsanctioned
MPLADS-023579,Sanjay Bhatia,Lok Sabha,Haryana,KARNAL,,,MADLAUDA,Nara (6),Normal/Others,WS/MP596/2023-2024/52022 - Construction of New Building,Deputy Commissioner Panipat_IDA,2023-11-23,Approved by IDA,1100000,Unsanctioned
MPLADS-023580,Arvind Kumar Sharma,Lok Sabha,Haryana,ROHTAK,Jhajjar,Jhajjar,,,Normal/Others,NA - Development of playground,Deputy Commissioner Jhajjar_IDA,2023-11-23,Action Pending,500000,Unsanctioned
MPLADS-023581,Nayab Singh,Lok Sabha,Haryana,KURUKSHETRA,Kaithal,Ajit Nagar (Siwan),,,Normal/Others,NA - Street lights,Deputy Commissioner Kaithal_IDA,2023-11-23,Action Pending,197000,Unsanctioned
MPLADS-023582,Nayab Singh,Lok Sabha,Haryana,KURUKSHETRA,,,RADAUR,Ismailpur (194),Normal/Others,NA - Construction of toilet blocks,Deputy Commissioner YamunaNagar_IDA,2023-11-23,Action Pending,251000,Unsanctioned
MPLADS-023583,Nayab Singh,Lok Sabha,Haryana,KURUKSHETRA,,,DHAND,Kaul (16/1),Normal/Others,NA - Construction of toilet blocks,Deputy Commissioner Kaithal_IDA,2023-11-23,Action Pending,500000,Unsanctioned
MPLADS-023584,Nayab Singh,Lok Sabha,Haryana,KURUKSHETRA,,,KAITHAL,Kathwar (3),Repair and Renovation,NA - Construction of community centers and community halls,Deputy Commissioner Kaithal_IDA,2023-11-23,Action Pending,300000,Unsanctioned
MPLADS-023585,Nayab Singh,Lok Sabha,Haryana,KURUKSHETRA,,,KAITHAL,Kathwar (3),Repair and Renovation,NA - Construction of community centers and community halls,Deputy Commissioner Kaithal_IDA,2023-11-23,Action Pending,200000,Unsanctioned
MPLADS-023586,Nayab Singh,Lok Sabha,Haryana,KURUKSHETRA,,,RADAUR,Ghalaur (159),Normal/Others,NA - Construction of boundary walls of existing public and community buildings,Deputy Commissioner YamunaNagar_IDA,2023-11-23,Action Pending,1000000,Unsanctioned
MPLADS-023587,Nayab Singh,Lok Sabha,Haryana,KURUKSHETRA,,,JAGADHRI,Damla (484),Normal/Others,NA - Setting up of kitchen and pantries,Deputy Commissioner YamunaNagar_IDA,2023-11-23,Action Pending,500000,Unsanctioned
MPLADS-023588,Nayab Singh,Lok Sabha,Haryana,KURUKSHETRA,,,JAGADHRI,Isharpur (137),Normal/Others,NA - Community Toilets,Deputy Commissioner YamunaNagar_IDA,2023-11-23,Action Pending,500000,Unsanctioned
MPLADS-023589,Nayab Singh,Lok Sabha,Haryana,KURUKSHETRA,,,RADAUR,Chamrori (54),Normal/Others,NA - Construction of common work sheds/ common covered sitting area,Deputy Commissioner YamunaNagar_IDA,2023-11-23,Action Pending,500000,Unsanctioned
MPLADS-023590,Nayab Singh,Lok Sabha,Haryana,KURUKSHETRA,,,RADAUR,Kheri Lakha Singh (190),Normal/Others,"NA - Construction of roads, approach roads, link roads and pathways",Deputy Commissioner YamunaNagar_IDA,2023-11-23,Action Pending,360000,Unsanctioned
MPLADS-023591,Nayab Singh,Lok Sabha,Haryana,KURUKSHETRA,,,RADAUR,Kanjnon (42),Normal/Others,NA - Construction of buildings for community cultural activities,Deputy Commissioner YamunaNagar_IDA,2023-11-23,Action Pending,1000000,Unsanctioned
MPLADS-023592,Nayab Singh,Lok Sabha,Haryana,KURUKSHETRA,,,RADAUR,Rapri (13),Normal/Others,NA - Community Toilets,Deputy Commissioner YamunaNagar_IDA,2023-11-23,Action Pending,150000,Unsanctioned
MPLADS-023593,Rao Inderjit Singh,Lok Sabha,Haryana,GURGAON,,,FARRUKH NAGAR,Bir Hera(5),Normal/Others,"NA - Construction of roads, link roads, pathways or any other road with or without drainage system",Deputy Commissioner Gurugram_IDA,2023-11-23,Rejected by IDA,300000,Unsanctioned
MPLADS-023594,Rao Inderjit Singh,Lok Sabha,Haryana,GURGAON,,,BAWAL,Mangleshwar (51),Normal/Others,WS/MP516/2023-2024/52278 - Development of playground,DEPUTY COMMISSIONER REWARI_IDA,2023-11-23,Approved by IDA,1100000,Unsanctioned
MPLADS-023595,Rao Inderjit Singh,Lok Sabha,Haryana,GURGAON,,,SOHNA,Ghamroj(179),Normal/Others,NA - Providing drains and gutters for public drainage,Deputy Commissioner Gurugram_IDA,2023-11-23,Action Pending,1730000,Unsanctioned
MPLADS-023596,Rao Inderjit Singh,Lok Sabha,Haryana,GURGAON,,,REWARI,Akbarpur (146),Normal/Others,"WS/MP516/2023-2024/52233 - Construction of roads, approach roads, link roads and pathways",DEPUTY COMMISSIONER REWARI_IDA,2023-11-23,Approved by IDA,800000,Unsanctioned
MPLADS-023662,Arvind Kumar Sharma,Lok Sabha,Haryana,ROHTAK,,,NAHAR,Sudhrana (12-N),Normal/Others,"WS/MP501/2023-2024/52081 - Construction of roads, approach roads, link roads and pathways",DEPUTY COMMISSIONER REWARI_IDA,2023-11-23,Approved by IDA,497000,Unsanctioned
MPLADS-023735,Nayab Singh,Lok Sabha,Haryana,KURUKSHETRA,,,PEHOWA,ARNAICHA,Normal/Others,NA - Construction of public toilets and bathrooms,DEPUTY COMMISSIONER KURUKSHETRA_IDA,2023-11-22,Rejected by IDA,500000,Unsanctioned
MPLADS-023740,Nayab Singh,Lok Sabha,Haryana,KURUKSHETRA,,,PUNDRI,Pai (48),Normal/Others,"NA - Construction of roads, link roads, pathways or any other road with or without drainage system",Deputy Commissioner Kaithal_IDA,2023-11-22,Action Pending,145000,Unsanctioned
MPLADS-023741,Nayab Singh,Lok Sabha,Haryana,KURUKSHETRA,,,SHAHBAD,Fatehgarh Jharauli (262),Normal/Others,WS/MP594/2023-2024/51722 - Community Toilets,DEPUTY COMMISSIONER KURUKSHETRA_IDA,2023-11-22,Approved by IDA,500000,Unsanctioned
MPLADS-023742,Nayab Singh,Lok Sabha,Haryana,KURUKSHETRA,Pehowa,mc pehowa,,,Normal/Others,WS/MP594/2023-2024/51721 - Providing CCTV camera system for security of public areas,DEPUTY COMMISSIONER KURUKSHETRA_IDA,2023-11-22,Approved by IDA,2100000,Unsanctioned
MPLADS-023743,Nayab Singh,Lok Sabha,Haryana,KURUKSHETRA,,,SHAHBAD,Mohidinpur (224),Normal/Others,WS/MP594/2023-2024/51720 - Construction of rooms and halls in school and colleges,DEPUTY COMMISSIONER KURUKSHETRA_IDA,2023-11-22,Approved by IDA,500000,Unsanctioned
MPLADS-023744,Nayab Singh,Lok Sabha,Haryana,KURUKSHETRA,,,PEHOWA,Jurasi Kalan (32),Normal/Others,"WS/MP594/2023-2024/51719 - Construction of roads, approach roads, link roads and pathways",DEPUTY COMMISSIONER KURUKSHETRA_IDA,2023-11-22,Approved by IDA,500000,Unsanctioned
MPLADS-023757,Nayab Singh,Lok Sabha,Haryana,KURUKSHETRA,,,PIPLI,Morthala (107),Normal/Others,NA - Construction of community centers and community halls,DEPUTY COMMISSIONER KURUKSHETRA_IDA,2023-11-22,Rejected by IDA,500000,Unsanctioned
MPLADS-023759,Nayab Singh,Lok Sabha,Haryana,KURUKSHETRA,Thanesar,near sec- 30,,,Repair and Renovation,WS/MP594/2023-2024/51726 - Construction of community centers and community halls,DEPUTY COMMISSIONER KURUKSHETRA_IDA,2023-11-22,Approved by IDA,498000,Unsanctioned
MPLADS-023760,Nayab Singh,Lok Sabha,Haryana,KURUKSHETRA,,,KAITHAL,Khanoda (11),Normal/Others,NA - Construction of additional rooms and halls in the existing public and community building,Deputy Commissioner Kaithal_IDA,2023-11-22,Action Pending,400000,Unsanctioned
MPLADS-023761,Nayab Singh,Lok Sabha,Haryana,KURUKSHETRA,,,PIPLI,Ishargarh (356),Normal/Others,WS/MP594/2023-2024/51728 - Construction of community centers and community halls,DEPUTY COMMISSIONER KURUKSHETRA_IDA,2023-11-22,Approved by IDA,499000,Unsanctioned
MPLADS-024264,Sanjay Bhatia,Lok Sabha,Haryana,KARNAL,Taraori,5,,,Normal/Others,WS/MP596/2023-2024/51218 - Crematoriums or structures on burial/ cremation ground for public convenience,DEPUTY COMMISSIONER KARNAL_IDA,2023-11-21,Approved by IDA,1100000,Unsanctioned
MPLADS-024265,Sanjay Bhatia,Lok Sabha,Haryana,KARNAL,,,NISSING,Sambhli (24),Normal/Others,WS/MP596/2023-2024/51217 - Construction of New Building,DEPUTY COMMISSIONER KARNAL_IDA,2023-11-21,Approved by IDA,250000,Unsanctioned
MPLADS-024266,Brijendra Singh,Lok Sabha,Haryana,HISAR,,,UKLANA,Pabra(65),Normal/Others,WS/MP593/2023-2024/51053 - Purchase of mobile water tankers,DEPUTY COMMISSIONER HISSAR_IDA,2023-11-21,Approved by IDA,158000,Sanctioned
MPLADS-024401,SHRI Ram Chander Jangra,Rajya Sabha,Haryana,Sitting Rajya Sabha,Ganaur,ward no. 15,,,Normal/Others,NA - Construction of community centers and community halls,DEPUTY COMMISSIONER SONEPAT_IDA,2023-11-21,Action Pending,1100000,Unsanctioned
MPLADS-024402,SHRI Devender Paul Vats,Rajya Sabha,Haryana,Sitting Rajya Sabha,,,JIND,Ramrai (11),Normal/Others,WS/MP076/2023-2024/51499 - Construction of community centers and community halls,Deputy Commissioner Jind_IDA,2023-11-21,Approved by IDA,1281000,Unsanctioned
MPLADS-024476,Sanjay Bhatia,Lok Sabha,Haryana,KARNAL,,,Ballah St,Mor Majra (31),Normal/Others,WS/MP596/2023-2024/50703 - Construction of New Building,DEPUTY COMMISSIONER KARNAL_IDA,2023-11-20,Approved by IDA,2100000,Unsanctioned
MPLADS-024477,Sanjay Bhatia,Lok Sabha,Haryana,KARNAL,,,ASSANDH,Uplana (78),Normal/Others,WS/MP596/2023-2024/50702 - Construction of New Building,DEPUTY COMMISSIONER KARNAL_IDA,2023-11-20,Approved by IDA,250000,Unsanctioned
MPLADS-024487,Nayab Singh,Lok Sabha,Haryana,KURUKSHETRA,,,PEHOWA,Gumthala Garhu (139),Normal/Others,NA - Street lights,DEPUTY COMMISSIONER KURUKSHETRA_IDA,2023-11-20,Rejected by IDA,1000000,Unsanctioned
MPLADS-024499,SHRI Deepender Singh,Rajya Sabha,Haryana,Sitting Rajya Sabha,,,SALHAWAS,Bithla(195),Normal/Others,NA - Construction of community centers and community halls,Deputy Commissioner Jhajjar_IDA,2023-11-20,Action Pending,1000000,Unsanctioned
MPLADS-024504,SHRI Deepender Singh,Rajya Sabha,Haryana,Sitting Rajya Sabha,Rohtak,1,,,Normal/Others,NA - Construction of water tanks,DEPUTY COMMISSIONER ROHTAK_IDA,2023-11-20,Action Pending,190000,Unsanctioned
MPLADS-024505,SHRI Deepender Singh,Rajya Sabha,Haryana,Sitting Rajya Sabha,,,MAHAM,Mokhra Kheri Rojh(124),Normal/Others,WS/MP075/2023-2024/50774 - Construction of community centers and community halls,DEPUTY COMMISSIONER ROHTAK_IDA,2023-11-20,Approved by IDA,1256000,Unsanctioned
MPLADS-024506,SHRI Deepender Singh,Rajya Sabha,Haryana,Sitting Rajya Sabha,Rohtak,5,,,Normal/Others,NA - Construction of community centers and community halls,DEPUTY COMMISSIONER ROHTAK_IDA,2023-11-20,Action Pending,700000,Unsanctioned
MPLADS-024508,SHRI Deepender Singh,Rajya Sabha,Haryana,Sitting Rajya Sabha,,,NAHAR,Kosli (172),Normal/Others,WS/MP075/2023-2024/50771 - Construction of common work sheds/ common covered sitting area,DEPUTY COMMISSIONER REWARI_IDA,2023-11-20,Approved by IDA,1100000,Unsanctioned
MPLADS-024509,SHRI Deepender Singh,Rajya Sabha,Haryana,Sitting Rajya Sabha,Hisar,5,,,Normal/Others,NA - Construction of common work sheds/ common covered sitting area,DEPUTY COMMISSIONER HISSAR_IDA,2023-11-20,Action Pending,550000,Unsanctioned
MPLADS-024510,SHRI Deepender Singh,Rajya Sabha,Haryana,Sitting Rajya Sabha,,,Beri,Dubaldhan Kirmian(136),Normal/Others,WS/MP075/2023-2024/50769 - Construction of boundary walls of existing public and community buildings,Deputy Commissioner Jhajjar_IDA,2023-11-20,Approved by IDA,1500000,Unsanctioned
MPLADS-024511,SHRI Deepender Singh,Rajya Sabha,Haryana,Sitting Rajya Sabha,Jhajjar,8,,,Normal/Others,NA - Construction of community centers and community halls,Deputy Commissioner Jhajjar_IDA,2023-11-20,Action Pending,500000,Unsanctioned
MPLADS-024512,SHRI Deepender Singh,Rajya Sabha,Haryana,Sitting Rajya Sabha,Jhajjar,15,,,Normal/Others,NA - Construction of boundary walls of existing public and community buildings,Deputy Commissioner Jhajjar_IDA,2023-11-20,Action Pending,550000,Unsanctioned
MPLADS-024513,SHRI Deepender Singh,Rajya Sabha,Haryana,Sitting Rajya Sabha,,,BAHADURGARH,Chhara(17),Normal/Others,WS/MP075/2023-2024/50766 - Construction of community centers and community halls,Deputy Commissioner Jhajjar_IDA,2023-11-20,Approved by IDA,1500000,Unsanctioned
MPLADS-024515,Sanjay Bhatia,Lok Sabha,Haryana,KARNAL,,,INDRI,Santheri (3),Normal/Others,WS/MP596/2023-2024/50673 - Construction of New Building,DEPUTY COMMISSIONER KARNAL_IDA,2023-11-20,Approved by IDA,1000000,Unsanctioned
MPLADS-024532,Sanjay Bhatia,Lok Sabha,Haryana,KARNAL,,,NILOKHERI,Gitalpur (23),Normal/Others,WS/MP596/2023-2024/50700 - Construction of New Building,DEPUTY COMMISSIONER KARNAL_IDA,2023-11-20,Approved by IDA,500000,Unsanctioned
MPLADS-024533,Sanjay Bhatia,Lok Sabha,Haryana,KARNAL,,,NILOKHERI,Dadupur (83),Normal/Others,"WS/MP596/2023-2024/50659 - Construction of roads, approach roads, link roads and pathways",DEPUTY COMMISSIONER KARNAL_IDA,2023-11-20,Approved by IDA,1100000,Unsanctioned
MPLADS-024534,Sanjay Bhatia,Lok Sabha,Haryana,KARNAL,,,INDRI,Bhadson (21),Normal/Others,WS/MP596/2023-2024/50672 - Construction of New Building,DEPUTY COMMISSIONER KARNAL_IDA,2023-11-20,Approved by IDA,500000,Unsanctioned
MPLADS-024586,Sanjay Bhatia,Lok Sabha,Haryana,KARNAL,,,MUNAK,Padha (68),Normal/Others,WS/MP596/2023-2024/50670 - Construction of New Building,DEPUTY COMMISSIONER KARNAL_IDA,2023-11-20,Approved by IDA,500000,Unsanctioned
MPLADS-024587,Sanjay Bhatia,Lok Sabha,Haryana,KARNAL,,,NILOKHERI,Butana (Part)(34),Normal/Others,WS/MP596/2023-2024/50627 - Construction of New Building,DEPUTY COMMISSIONER KARNAL_IDA,2023-11-20,Approved by IDA,500000,Unsanctioned
MPLADS-024596,Sanjay Bhatia,Lok Sabha,Haryana,KARNAL,,,NILOKHERI,Moheri (25),Normal/Others,WS/MP596/2023-2024/50625 - Construction of New Building,DEPUTY COMMISSIONER KARNAL_IDA,2023-11-20,Approved by IDA,200000,Unsanctioned
MPLADS-024597,Sanjay Bhatia,Lok Sabha,Haryana,KARNAL,,,NILOKHERI,Butana (Part)(34),Normal/Others,WS/MP596/2023-2024/50626 - Construction of New Building,DEPUTY COMMISSIONER KARNAL_IDA,2023-11-20,Approved by IDA,500000,Unsanctioned
MPLADS-024598,Sanjay Bhatia,Lok Sabha,Haryana,KARNAL,,,NILOKHERI,Parwala (54),Normal/Others,WS/MP596/2023-2024/50628 - Providing drains and gutters for public drainage,DEPUTY COMMISSIONER KARNAL_IDA,2023-11-20,Approved by IDA,500000,Unsanctioned
MPLADS-024600,Sanjay Bhatia,Lok Sabha,Haryana,KARNAL,,,NILOKHERI,Naraina (60),Normal/Others,WS/MP596/2023-2024/50630 - Construction of New Building,DEPUTY COMMISSIONER KARNAL_IDA,2023-11-20,Approved by IDA,500000,Unsanctioned
MPLADS-024601,Sanjay Bhatia,Lok Sabha,Haryana,KARNAL,Karnal,5,,,Normal/Others,"WS/MP596/2023-2024/50631 - Purchase of ambulances (Four, three and two wheelers)",DEPUTY COMMISSIONER KARNAL_IDA,2023-11-20,Approved by IDA,2200000,Sanctioned
MPLADS-024602,Sanjay Bhatia,Lok Sabha,Haryana,KARNAL,Nissing,11,,,Normal/Others,WS/MP596/2023-2024/50635 - Construction of New Building,DEPUTY COMMISSIONER KARNAL_IDA,2023-11-20,Approved by IDA,1200000,Unsanctioned
MPLADS-024603,Sanjay Bhatia,Lok Sabha,Haryana,KARNAL,,,NILOKHERI,Son Kera (51),Normal/Others,WS/MP596/2023-2024/50658 - Construction of New Building,DEPUTY COMMISSIONER KARNAL_IDA,2023-11-20,Approved by IDA,1100000,Unsanctioned
MPLADS-024605,Sanjay Bhatia,Lok Sabha,Haryana,KARNAL,,,KUNJPURA,Baragaon (69),Normal/Others,WS/MP596/2023-2024/50660 - Construction of New Building,DEPUTY COMMISSIONER KARNAL_IDA,2023-11-20,Approved by IDA,1100000,Unsanctioned
MPLADS-024606,Sanjay Bhatia,Lok Sabha,Haryana,KARNAL,Panipat,12,,,Normal/Others,NA - Installing tube-wells and borewells,Deputy Commissioner Panipat_IDA,2023-11-20,Action Pending,700000,Unsanctioned
MPLADS-024607,Sanjay Bhatia,Lok Sabha,Haryana,KARNAL,,,ISRANA,Chamarara (83),Normal/Others,NA - Construction of New Building,Deputy Commissioner Panipat_IDA,2023-11-20,Action Pending,100000,Unsanctioned
MPLADS-024608,Sanjay Bhatia,Lok Sabha,Haryana,KARNAL,,,MADLAUDA,Kalkha (41),Normal/Others,WS/MP596/2023-2024/50663 - Construction of New Building,Deputy Commissioner Panipat_IDA,2023-11-20,Approved by IDA,500000,Unsanctioned
MPLADS-024609,Sanjay Bhatia,Lok Sabha,Haryana,KARNAL,Karnal,1,,,Normal/Others,"WS/MP596/2023-2024/50666 - Construction of roads, approach roads, link roads and pathways",DEPUTY COMMISSIONER KARNAL_IDA,2023-11-20,Approved by IDA,300000,Unsanctioned
MPLADS-024630,SHRI Deepender Singh,Rajya Sabha,Haryana,Sitting Rajya Sabha,,,KATHURA,Kehlpa (7),Trust and Society,NA - Construction of water tanks,DEPUTY COMMISSIONER SONEPAT_IDA,2023-11-20,Action Pending,1500000,Unsanctioned
MPLADS-024636,SHRI Deepender Singh,Rajya Sabha,Haryana,Sitting Rajya Sabha,,,BAHADURGARH,Chhara(17),Normal/Others,NA - Construction of community centers and community halls,Deputy Commissioner Jhajjar_IDA,2023-11-20,Action Pending,2200000,Unsanctioned
MPLADS-024637,Sanjay Bhatia,Lok Sabha,Haryana,KARNAL,,,NILOKHERI,Raipur Roran (44),Normal/Others,"WS/MP596/2023-2024/50629 - Construction of roads, approach roads, link roads and pathways",DEPUTY COMMISSIONER KARNAL_IDA,2023-11-20,Approved by IDA,500000,Unsanctioned
MPLADS-024818,SHRI Devender Paul Vats,Rajya Sabha,Haryana,Sitting Rajya Sabha,,,MORNI,Bhoj Jabyal (324),Normal/Others,NA - Purchase of mobile water tankers,DEPUTY COMMISSIONER PANCHKULA_IDA,2023-11-18,Action Pending,290000,Unsanctioned
MPLADS-024819,SHRI Devender Paul Vats,Rajya Sabha,Haryana,Sitting Rajya Sabha,,,MORNI,Bhoj Jabyal (324),Normal/Others,NA - Installing community drinking water plants,DEPUTY COMMISSIONER PANCHKULA_IDA,2023-11-18,Action Pending,120000,Unsanctioned
MPLADS-024991,Sanjay Bhatia,Lok Sabha,Haryana,KARNAL,,,ASSANDH,Jhabala (81),Normal/Others,WS/MP596/2023-2024/50144 - Construction of New Building,DEPUTY COMMISSIONER KARNAL_IDA,2023-11-17,Approved by IDA,500000,Unsanctioned
MPLADS-025011,Sanjay Bhatia,Lok Sabha,Haryana,KARNAL,,,CHIRAO,Kheri Naru (46),Normal/Others,WS/MP596/2023-2024/50145 - Construction of New Building,DEPUTY COMMISSIONER KARNAL_IDA,2023-11-17,Approved by IDA,250000,Unsanctioned
MPLADS-025012,Sanjay Bhatia,Lok Sabha,Haryana,KARNAL,,,GHARAUNDA (PART),Bastara (7),Normal/Others,WS/MP596/2023-2024/50146 - Construction of New Building,DEPUTY COMMISSIONER KARNAL_IDA,2023-11-17,Approved by IDA,500000,Unsanctioned
MPLADS-025013,Sanjay Bhatia,Lok Sabha,Haryana,KARNAL,,,ISRANA,Didwari (72),Normal/Others,WS/MP596/2023-2024/50136 - Construction of rooms and halls in school and colleges,Deputy Commissioner Panipat_IDA,2023-11-17,Approved by IDA,500000,Unsanctioned
MPLADS-025015,Sanjay Bhatia,Lok Sabha,Haryana,KARNAL,,,GHARAUNDA (PART),Dingar Majra (24),Normal/Others,WS/MP596/2023-2024/50148 - Construction of New Building,DEPUTY COMMISSIONER KARNAL_IDA,2023-11-17,Approved by IDA,1000000,Unsanctioned
MPLADS-025016,Sanjay Bhatia,Lok Sabha,Haryana,KARNAL,,,INDRI,Garhi Birbal (32),Normal/Others,WS/MP596/2023-2024/50149 - Construction of New Building,DEPUTY COMMISSIONER KARNAL_IDA,2023-11-17,Approved by IDA,250000,Unsanctioned
MPLADS-025017,Sanjay Bhatia,Lok Sabha,Haryana,KARNAL,,,KUNJPURA,Kalwa Heri (90),Normal/Others,WS/MP596/2023-2024/50150 - Construction of New Building,DEPUTY COMMISSIONER KARNAL_IDA,2023-11-17,Approved by IDA,250000,Unsanctioned
MPLADS-025018,Sanjay Bhatia,Lok Sabha,Haryana,KARNAL,,,NILOKHERI,Moheri (25),Normal/Others,WS/MP596/2023-2024/50158 - Construction of public toilets and bathrooms,DEPUTY COMMISSIONER KARNAL_IDA,2023-11-17,Approved by IDA,200000,Unsanctioned
MPLADS-025063,Sanjay Bhatia,Lok Sabha,Haryana,KARNAL,,,MADLAUDA,Kalkha (41),Normal/Others,WS/MP596/2023-2024/50140 - Construction of New Building,Deputy Commissioner Panipat_IDA,2023-11-17,Approved by IDA,500000,Unsanctioned
MPLADS-025296,Rao Inderjit Singh,Lok Sabha,Haryana,GURGAON,,,PATAUDI,Balewa(271),Normal/Others,"NA - Construction of roads, approach roads, link roads and pathways",Deputy Commissioner Gurugram_IDA,2023-11-16,Action Pending,900000,Unsanctioned
MPLADS-025297,Rao Inderjit Singh,Lok Sabha,Haryana,GURGAON,,,FARRUKH NAGAR,Daboda(10),Normal/Others,"NA - Construction of roads, approach roads, link roads and pathways",Deputy Commissioner Gurugram_IDA,2023-11-16,Action Pending,150000,Unsanctioned
MPLADS-025301,Rao Inderjit Singh,Lok Sabha,Haryana,GURGAON,,,KHOL AT REWARI,Nandha (34),Normal/Others,"WS/MP516/2023-2024/49849 - Construction of roads, approach roads, link roads and pathways",DEPUTY COMMISSIONER REWARI_IDA,2023-11-16,Approved by IDA,800000,Unsanctioned
MPLADS-025321,Rao Inderjit Singh,Lok Sabha,Haryana,GURGAON,,,PUNAHANA,Pemakhera(233),Normal/Others,WS/MP516/2023-2024/49846 - Construction of community centers and community halls,Deputy Commissioner Nuh_IDA,2023-11-16,Approved by IDA,1321000,Unsanctioned
MPLADS-025322,Sanjay Bhatia,Lok Sabha,Haryana,KARNAL,,,SAMALKHA,Jurasi Saraf Khas (72),Normal/Others,WS/MP596/2023-2024/49717 - Construction of New Building,Deputy Commissioner Panipat_IDA,2023-11-16,Approved by IDA,1100000,Unsanctioned
MPLADS-025323,Sanjay Bhatia,Lok Sabha,Haryana,KARNAL,,,SAMALKHA,Naryana (74),Normal/Others,WS/MP596/2023-2024/49713 - Construction of additional rooms and halls in the existing public and community building,Deputy Commissioner Panipat_IDA,2023-11-16,Approved by IDA,500000,Unsanctioned
MPLADS-025324,Sanjay Bhatia,Lok Sabha,Haryana,KARNAL,,,SAMALKHA,Naryana (74),Normal/Others,WS/MP596/2023-2024/49709 - Construction of boundary walls of existing public and community buildings,Deputy Commissioner Panipat_IDA,2023-11-16,Approved by IDA,500000,Unsanctioned
MPLADS-025344,Sanjay Bhatia,Lok Sabha,Haryana,KARNAL,,,SAMALKHA,Hathwala (82),Normal/Others,WS/MP596/2023-2024/49691 - Construction of additional rooms and halls in the existing public and community building,Deputy Commissioner Panipat_IDA,2023-11-16,Approved by IDA,1100000,Unsanctioned
MPLADS-025345,Sanjay Bhatia,Lok Sabha,Haryana,KARNAL,,,SAMALKHA,Pawati (71),Normal/Others,WS/MP596/2023-2024/49680 - Construction of additional rooms and halls in the existing public and community building,Deputy Commissioner Panipat_IDA,2023-11-16,Approved by IDA,1100000,Unsanctioned
MPLADS-025346,Arvind Kumar Sharma,Lok Sabha,Haryana,ROHTAK,Jhajjar,16,,,Normal/Others,WS/MP501/2023-2024/49675 - Construction of community centers and community halls,Deputy Commissioner Jhajjar_IDA,2023-11-16,Approved by IDA,705000,Unsanctioned
MPLADS-025530,Ramesh Chander Kaushik,Lok Sabha,Haryana,SONEPAT,,,JULANA,Sirsa Kheri (43),Normal/Others,WS/MP592/2023-2024/49544 - Construction of community centers and community halls,Deputy Commissioner Jind_IDA,2023-11-15,Approved by IDA,2000000,Unsanctioned
MPLADS-025573,SHRI Ram Chander Jangra,Rajya Sabha,Haryana,Sitting Rajya Sabha,Kharkhoda,ward,,,Normal/Others,WS/MP077/2023-2024/49505 - Construction of community centers and community halls,DEPUTY COMMISSIONER SONEPAT_IDA,2023-11-15,Approved by IDA,500000,Unsanctioned
MPLADS-025574,SHRI Ram Chander Jangra,Rajya Sabha,Haryana,Sitting Rajya Sabha,,,LAKHAN MAJRA,Titoli(88),Normal/Others,NA - Construction of buildings for community cultural activities,DEPUTY COMMISSIONER ROHTAK_IDA,2023-11-15,Action Pending,500000,Unsanctioned
MPLADS-025604,Arvind Kumar Sharma,Lok Sabha,Haryana,ROHTAK,,,NAHAR,Kosli (172),Normal/Others,WS/MP501/2023-2024/49372 - Construction of community centers and community halls,DEPUTY COMMISSIONER REWARI_IDA,2023-11-14,Approved by IDA,500000,Unsanctioned
MPLADS-025605,Arvind Kumar Sharma,Lok Sabha,Haryana,ROHTAK,,,KALANAUR,Masudpur(110),Normal/Others,NA - Development of public parks,DEPUTY COMMISSIONER ROHTAK_IDA,2023-11-14,Action Pending,500000,Unsanctioned
MPLADS-025606,Arvind Kumar Sharma,Lok Sabha,Haryana,ROHTAK,,,KALANAUR,Katesra(118),Normal/Others,NA - Purchase of mobile water tankers,DEPUTY COMMISSIONER ROHTAK_IDA,2023-11-14,Action Pending,500000,Unsanctioned
MPLADS-025696,SHRI Deepender Singh,Rajya Sabha,Haryana,Sitting Rajya Sabha,,,LAKHAN MAJRA,Nandal(94),Normal/Others,NA - Construction of common work sheds/ common covered sitting area,DEPUTY COMMISSIONER ROHTAK_IDA,2023-11-14,Action Pending,500000,Unsanctioned
MPLADS-025710,SHRI Deepender Singh,Rajya Sabha,Haryana,Sitting Rajya Sabha,Jhajjar,5,,,Normal/Others,NA - Construction of community centers and community halls,Deputy Commissioner Jhajjar_IDA,2023-11-14,Action Pending,550000,Unsanctioned
MPLADS-025714,SHRI Deepender Singh,Rajya Sabha,Haryana,Sitting Rajya Sabha,Rohtak,20,,,Normal/Others,NA - Construction of community centers and community halls,DEPUTY COMMISSIONER ROHTAK_IDA,2023-11-14,Action Pending,500000,Unsanctioned
MPLADS-025715,Arvind Kumar Sharma,Lok Sabha,Haryana,ROHTAK,Bahadurgarh,sec.2,,,Normal/Others,WS/MP501/2023-2024/49371 - Development of public parks,Deputy Commissioner Jhajjar_IDA,2023-11-14,Approved by IDA,700000,Unsanctioned
MPLADS-025716,Arvind Kumar Sharma,Lok Sabha,Haryana,ROHTAK,,,KALANAUR,Anwal(125),Normal/Others,NA - Construction of community centers and community halls,DEPUTY COMMISSIONER ROHTAK_IDA,2023-11-14,Action Pending,166000,Unsanctioned
MPLADS-025717,SHRI Deepender Singh,Rajya Sabha,Haryana,Sitting Rajya Sabha,,,JHAJJAR,Surakhpur Tappa Haveli(104),Repair and Renovation,NA - Construction of community centers and community halls,Deputy Commissioner Jhajjar_IDA,2023-11-14,Action Pending,550000,Unsanctioned
MPLADS-025718,SHRI Deepender Singh,Rajya Sabha,Haryana,Sitting Rajya Sabha,,,ROHTAK,Bhaiyan Pur(66),Normal/Others,NA - Construction of community centers and community halls,DEPUTY COMMISSIONER ROHTAK_IDA,2023-11-14,Action Pending,550000,Unsanctioned
MPLADS-025883,SHRI Devender Paul Vats,Rajya Sabha,Haryana,Sitting Rajya Sabha,Barwala,Municipal committe Barwala,,,Normal/Others,NA - Construction of community centers and community halls,DEPUTY COMMISSIONER HISSAR_IDA,2023-11-12,Action Pending,500000,Unsanctioned
MPLADS-025886,SHRI Devender Paul Vats,Rajya Sabha,Haryana,Sitting Rajya Sabha,,,TOSHAM,Dulheri (42),Normal/Others,WS/MP076/2023-2024/48967 - Purchase of mobile water tankers,Deputy Commissioner Bhiwani_IDA,2023-11-12,Approved by IDA,157000,Unsanctioned
MPLADS-025887,SHRI Devender Paul Vats,Rajya Sabha,Haryana,Sitting Rajya Sabha,Barwala,Municipal committe Barwala,,,Normal/Others,NA - Providing garbage collection and disposal systems,DEPUTY COMMISSIONER HISSAR_IDA,2023-11-12,Action Pending,518000,Unsanctioned
MPLADS-025888,SHRI Devender Paul Vats,Rajya Sabha,Haryana,Sitting Rajya Sabha,,,BHIWANI,Bapora (24),Normal/Others,WS/MP076/2023-2024/48966 - Purchase of mobile water tankers,Deputy Commissioner Bhiwani_IDA,2023-11-12,Approved by IDA,157000,Unsanctioned
MPLADS-025913,SHRI Ram Chander Jangra,Rajya Sabha,Haryana,Sitting Rajya Sabha,Gohana,ward 23,,,Normal/Others,NA - Construction of community centers and community halls,DEPUTY COMMISSIONER SONEPAT_IDA,2023-11-11,Action Pending,1100000,Unsanctioned
MPLADS-025941,SHRI Ram Chander Jangra,Rajya Sabha,Haryana,Sitting Rajya Sabha,,,Pillukhera St,Pillu Khera (17),Normal/Others,NA - Setting up public non-conventional energy plants,Deputy Commissioner Jind_IDA,2023-11-11,Action Pending,1100000,Unsanctioned
MPLADS-025942,SHRI Ram Chander Jangra,Rajya Sabha,Haryana,Sitting Rajya Sabha,,,SATNALI,Nanwan(12),Normal/Others,WS/MP077/2023-2024/48792 - Construction of community centers and community halls,DEPUTY COMMISSIONER MAHENDRAGARH_IDA,2023-11-11,Approved by IDA,1100000,Unsanctioned
MPLADS-026150,Rao Inderjit Singh,Lok Sabha,Haryana,GURGAON,,,REWARI,Rampura (132) (CT),Normal/Others,WS/MP516/2023-2024/48497 - Renovation of ponds and lakes,DEPUTY COMMISSIONER REWARI_IDA,2023-11-10,Approved by IDA,500000,Unsanctioned
MPLADS-026250,Brijendra Singh,Lok Sabha,Haryana,HISAR,,,UCHANA,Sudkain Kalan (122),Normal/Others,"NA - Providing sports equipment, except consumable items",Deputy Commissioner Jind_IDA,2023-11-09,Action Pending,250000,Unsanctioned
MPLADS-026253,SHRI Devender Paul Vats,Rajya Sabha,Haryana,Sitting Rajya Sabha,,,HISAR-II,Balsmand(22),Normal/Others,WS/MP076/2023-2024/48067 - Purchase of non-conventional energy system and devices for community use,DEPUTY COMMISSIONER HISSAR_IDA,2023-11-09,Approved by IDA,426300,Unsanctioned
MPLADS-026292,Brijendra Singh,Lok Sabha,Haryana,HISAR,,,BHIWANI,Rewari Khera (4),Normal/Others,NA - Providing garbage collection and disposal systems,Deputy Commissioner Bhiwani_IDA,2023-11-09,Action Pending,325000,Unsanctioned
MPLADS-026307,Brijendra Singh,Lok Sabha,Haryana,HISAR,,,HANSI-II,Puthi Saman (60),Normal/Others,"NA - Providing sports equipment, except consumable items",DEPUTY COMMISSIONER HISSAR_IDA,2023-11-09,Action Pending,350000,Unsanctioned
MPLADS-026308,Brijendra Singh,Lok Sabha,Haryana,HISAR,,,BAWANI KHERA,Milakpur (133),Normal/Others,"NA - Providing sports equipment, except consumable items",Deputy Commissioner Bhiwani_IDA,2023-11-09,Action Pending,250000,Unsanctioned
MPLADS-026309,Brijendra Singh,Lok Sabha,Haryana,HISAR,,,BHIWANI,Kalinga Pana Amru (130),Normal/Others,"NA - Providing sports equipment, except consumable items",Deputy Commissioner Bhiwani_IDA,2023-11-09,Action Pending,225000,Unsanctioned
MPLADS-026310,Brijendra Singh,Lok Sabha,Haryana,HISAR,,,BHIWANI,Badesra (53),Normal/Others,"NA - Providing sports equipment, except consumable items",Deputy Commissioner Bhiwani_IDA,2023-11-09,Action Pending,150000,Unsanctioned
MPLADS-026311,Brijendra Singh,Lok Sabha,Haryana,HISAR,,,BHIWANI,Gujrani (11),Normal/Others,"WS/MP593/2023-2024/47898 - Providing sports equipment, except consumable items",Deputy Commissioner Bhiwani_IDA,2023-11-09,Approved by IDA,250000,Sanctioned
MPLADS-026319,Brijendra Singh,Lok Sabha,Haryana,HISAR,,,UCHANA,Baroda (113),Normal/Others,"NA - Providing sports equipment, except consumable items",Deputy Commissioner Jind_IDA,2023-11-09,Action Pending,225000,Unsanctioned
MPLADS-026583,Brijendra Singh,Lok Sabha,Haryana,HISAR,,,HANSI-II,Bhatol Jatan (10),Normal/Others,NA - Construction of public irrigation facilities,DEPUTY COMMISSIONER HISSAR_IDA,2023-11-09,Action Pending,400000,Unsanctioned
MPLADS-026584,Brijendra Singh,Lok Sabha,Haryana,HISAR,,,NARNAUND,Petwar (92),Normal/Others,NA - Construction of public irrigation facilities,DEPUTY COMMISSIONER HISSAR_IDA,2023-11-09,Action Pending,500000,Unsanctioned
MPLADS-026590,Arvind Kumar Sharma,Lok Sabha,Haryana,ROHTAK,,,ROHTAK,Kahni 7 1/2 Biswa ( 77),Normal/Others,WS/MP501/2023-2024/47973 - Construction of community centers and community halls,DEPUTY COMMISSIONER ROHTAK_IDA,2023-11-09,Approved by IDA,500000,Unsanctioned
MPLADS-026591,Arvind Kumar Sharma,Lok Sabha,Haryana,ROHTAK,,,BERI,Gochhi(8),Normal/Others,NA - Construction of community centers and community halls,Deputy Commissioner Jhajjar_IDA,2023-11-09,Action Pending,500000,Unsanctioned
MPLADS-026592,Brijendra Singh,Lok Sabha,Haryana,HISAR,,,ALEWA,Alewa (86),Normal/Others,NA - Construction of additional rooms and halls in the existing public and community building,Deputy Commissioner Jind_IDA,2023-11-09,Action Pending,500000,Unsanctioned
MPLADS-026593,Brijendra Singh,Lok Sabha,Haryana,HISAR,,,UKLANA,Uklana (Rural)(113),Normal/Others,NA - Construction of additional rooms and halls in the existing public and community building,DEPUTY COMMISSIONER HISSAR_IDA,2023-11-09,Action Pending,1000000,Unsanctioned
MPLADS-026596,Brijendra Singh,Lok Sabha,Haryana,HISAR,,,BHIWANI,Mandhana (48),Normal/Others,NA - Providing garbage collection and disposal systems,Deputy Commissioner Bhiwani_IDA,2023-11-09,Action Pending,325000,Unsanctioned
MPLADS-026597,Brijendra Singh,Lok Sabha,Haryana,HISAR,,,HANSI-II,Bhatol Jatan (10),Normal/Others,NA - Providing garbage collection and disposal systems,DEPUTY COMMISSIONER HISSAR_IDA,2023-11-09,Action Pending,325000,Unsanctioned
MPLADS-026598,Brijendra Singh,Lok Sabha,Haryana,HISAR,,,BARWALA,Gaibipur(122),Normal/Others,NA - Providing garbage collection and disposal systems,DEPUTY COMMISSIONER HISSAR_IDA,2023-11-09,Action Pending,325000,Unsanctioned
MPLADS-026599,Brijendra Singh,Lok Sabha,Haryana,HISAR,,,HANSI-I,Sorkhi(130),Normal/Others,NA - Providing garbage collection and disposal systems,DEPUTY COMMISSIONER HISSAR_IDA,2023-11-09,Action Pending,325000,Unsanctioned
MPLADS-026600,Brijendra Singh,Lok Sabha,Haryana,HISAR,,,HISAR-I,Satrod Kalan(153) (CT),Normal/Others,NA - Providing garbage collection and disposal systems,DEPUTY COMMISSIONER HISSAR_IDA,2023-11-09,Action Pending,325000,Unsanctioned
MPLADS-026601,Brijendra Singh,Lok Sabha,Haryana,HISAR,,,HANSI-I,Khar Khara(127),Normal/Others,NA - Construction of boundary walls of existing public and community buildings,DEPUTY COMMISSIONER HISSAR_IDA,2023-11-09,Action Pending,497623,Unsanctioned
MPLADS-026602,Brijendra Singh,Lok Sabha,Haryana,HISAR,,,UCHANA,Mohangarh (136),Normal/Others,NA - Construction of additional rooms and halls in the existing public and community building,Deputy Commissioner Jind_IDA,2023-11-09,Action Pending,500000,Unsanctioned
MPLADS-026603,Brijendra Singh,Lok Sabha,Haryana,HISAR,,,UCHANA,Khatkar (135),Normal/Others,WS/MP593/2023-2024/47910 - Crematoriums or structures on burial/ cremation ground for public convenience,Deputy Commissioner Jind_IDA,2023-11-09,Approved by IDA,200000,Unsanctioned
MPLADS-026604,Brijendra Singh,Lok Sabha,Haryana,HISAR,,,UCHANA,Khatkar (135),Normal/Others,WS/MP593/2023-2024/47911 - Construction of additional rooms and halls in the existing public and community building,Deputy Commissioner Jind_IDA,2023-11-09,Approved by IDA,500000,Unsanctioned
MPLADS-026605,Brijendra Singh,Lok Sabha,Haryana,HISAR,Hisar,Ward no 16,,,Normal/Others,NA - Construction of additional rooms and halls in the existing public and community building,DEPUTY COMMISSIONER HISSAR_IDA,2023-11-09,Action Pending,500000,Unsanctioned
MPLADS-026606,Brijendra Singh,Lok Sabha,Haryana,HISAR,,,UKLANA,Parbhuwala(116),Normal/Others,NA - Construction of additional rooms and halls in the existing public and community building,DEPUTY COMMISSIONER HISSAR_IDA,2023-11-09,Action Pending,500000,Unsanctioned
MPLADS-026607,Brijendra Singh,Lok Sabha,Haryana,HISAR,,,BAWANI KHERA,Bhaini Jattan (131),Normal/Others,WS/MP593/2023-2024/47914 - Construction of community centers and community halls,Deputy Commissioner Bhiwani_IDA,2023-11-09,Approved by IDA,1000000,Unsanctioned
MPLADS-026608,Brijendra Singh,Lok Sabha,Haryana,HISAR,,,UKLANA,Pabra(65),Normal/Others,NA - Construction of additional rooms and halls in the existing public and community building,DEPUTY COMMISSIONER HISSAR_IDA,2023-11-09,Action Pending,1000000,Unsanctioned
MPLADS-026609,Brijendra Singh,Lok Sabha,Haryana,HISAR,,,HANSI-I,Sisai Kali Rawan(109),Normal/Others,NA - Construction of additional rooms and halls in the existing public and community building,DEPUTY COMMISSIONER HISSAR_IDA,2023-11-09,Action Pending,1000000,Unsanctioned
MPLADS-026610,Brijendra Singh,Lok Sabha,Haryana,HISAR,,,HANSI-I,Sorkhi(130),Normal/Others,"WS/MP593/2023-2024/47919 - Construction of roads, approach roads, link roads and pathways",DEPUTY COMMISSIONER HISSAR_IDA,2023-11-09,Approved by IDA,249100,Unsanctioned
MPLADS-026611,Brijendra Singh,Lok Sabha,Haryana,HISAR,,,HISAR-I,Balawas(32),Normal/Others,"NA - Construction of roads, approach roads, link roads and pathways",DEPUTY COMMISSIONER HISSAR_IDA,2023-11-09,Action Pending,350000,Unsanctioned
MPLADS-026612,Brijendra Singh,Lok Sabha,Haryana,HISAR,,,HANSI-II,Madan Heri (58),Normal/Others,"NA - Construction of roads, approach roads, link roads and pathways",DEPUTY COMMISSIONER HISSAR_IDA,2023-11-09,Action Pending,150000,Unsanctioned
MPLADS-026613,Brijendra Singh,Lok Sabha,Haryana,HISAR,,,HANSI-I,Sultanpur(138),Normal/Others,"NA - Construction of roads, approach roads, link roads and pathways",DEPUTY COMMISSIONER HISSAR_IDA,2023-11-09,Action Pending,200000,Unsanctioned
MPLADS-026614,Brijendra Singh,Lok Sabha,Haryana,HISAR,Narnaund,ward no,,,Normal/Others,NA - Construction of additional rooms and halls in the existing public and community building,DEPUTY COMMISSIONER HISSAR_IDA,2023-11-09,Action Pending,1000000,Unsanctioned
MPLADS-026754,Sanjay Bhatia,Lok Sabha,Haryana,KARNAL,,,ASSANDH,Mardan Heri (87),Normal/Others,"WS/MP596/2023-2024/47507 - Construction of roads, approach roads, link roads and pathways",DEPUTY COMMISSIONER KARNAL_IDA,2023-11-08,Approved by IDA,495000,Unsanctioned
MPLADS-026759,Sanjay Bhatia,Lok Sabha,Haryana,KARNAL,,,NILOKHERI,Naraina (60),Normal/Others,WS/MP596/2023-2024/47548 - Construction of New Building,DEPUTY COMMISSIONER KARNAL_IDA,2023-11-08,Approved by IDA,300000,Unsanctioned
MPLADS-026760,Sanjay Bhatia,Lok Sabha,Haryana,KARNAL,,,MUNAK,Pacca Khera (75),Normal/Others,WS/MP596/2023-2024/47547 - Construction of New Building,DEPUTY COMMISSIONER KARNAL_IDA,2023-11-08,Approved by IDA,500000,Unsanctioned
MPLADS-026761,Sanjay Bhatia,Lok Sabha,Haryana,KARNAL,,,MUNAK,Pacca Khera (75),Normal/Others,WS/MP596/2023-2024/47546 - Construction of New Building,DEPUTY COMMISSIONER KARNAL_IDA,2023-11-08,Approved by IDA,500000,Unsanctioned
MPLADS-026762,Sanjay Bhatia,Lok Sabha,Haryana,KARNAL,,,MUNAK,Balla (30),Normal/Others,WS/MP596/2023-2024/47537 - Construction of New Building,DEPUTY COMMISSIONER KARNAL_IDA,2023-11-08,Approved by IDA,250000,Unsanctioned
MPLADS-026764,Sanjay Bhatia,Lok Sabha,Haryana,KARNAL,,,CHIRAO,Dadoopur Roran (43),Normal/Others,WS/MP596/2023-2024/47535 - Construction of New Building,DEPUTY COMMISSIONER KARNAL_IDA,2023-11-08,Approved by IDA,1000000,Unsanctioned
MPLADS-026765,Sanjay Bhatia,Lok Sabha,Haryana,KARNAL,,,ASSANDH,Bahri (65),Normal/Others,WS/MP596/2023-2024/47529 - Construction of New Building,DEPUTY COMMISSIONER KARNAL_IDA,2023-11-08,Approved by IDA,500000,Unsanctioned
MPLADS-026766,Sanjay Bhatia,Lok Sabha,Haryana,KARNAL,,,ASSANDH,Ardana (64),Repair and Renovation,WS/MP596/2023-2024/47523 - Construction of New Building,DEPUTY COMMISSIONER KARNAL_IDA,2023-11-08,Approved by IDA,1000000,Unsanctioned
MPLADS-026767,Sanjay Bhatia,Lok Sabha,Haryana,KARNAL,,,ASSANDH,Jalmana (64),Normal/Others,WS/MP596/2023-2024/47522 - Construction of boundary walls of existing public and community buildings,DEPUTY COMMISSIONER KARNAL_IDA,2023-11-08,Approved by IDA,500000,Unsanctioned
MPLADS-026768,Sanjay Bhatia,Lok Sabha,Haryana,KARNAL,,,ASSANDH,Bassi (70),Normal/Others,WS/MP596/2023-2024/47508 - Construction of additional rooms and halls in the existing public and community building,DEPUTY COMMISSIONER KARNAL_IDA,2023-11-08,Approved by IDA,500000,Unsanctioned
MPLADS-026769,Sanjay Bhatia,Lok Sabha,Haryana,KARNAL,,,ASSANDH,Phaphrana (94),Normal/Others,WS/MP596/2023-2024/47506 - Creation of new ponds,DEPUTY COMMISSIONER KARNAL_IDA,2023-11-08,Approved by IDA,500000,Unsanctioned
MPLADS-026771,Sanjay Bhatia,Lok Sabha,Haryana,KARNAL,,,ASSANDH,Thari (79),Normal/Others,"WS/MP596/2023-2024/47503 - Construction of roads, approach roads, link roads and pathways",DEPUTY COMMISSIONER KARNAL_IDA,2023-11-08,Approved by IDA,500000,Unsanctioned
MPLADS-026772,Sanjay Bhatia,Lok Sabha,Haryana,KARNAL,,,ASSANDH,Dera Gujrakhia,Repair and Renovation,WS/MP596/2023-2024/47498 - Construction of buildings for crèches and anganwadies,DEPUTY COMMISSIONER KARNAL_IDA,2023-11-08,Approved by IDA,500000,Unsanctioned
MPLADS-026773,Sanjay Bhatia,Lok Sabha,Haryana,KARNAL,,,ASSANDH,Dera Pandoria,Normal/Others,WS/MP596/2023-2024/47495 - Construction of New Building,DEPUTY COMMISSIONER KARNAL_IDA,2023-11-08,Approved by IDA,500000,Unsanctioned
MPLADS-026774,Sanjay Bhatia,Lok Sabha,Haryana,KARNAL,,,ASSANDH,Bahri (65),Normal/Others,WS/MP596/2023-2024/47490 - Construction of New Building,DEPUTY COMMISSIONER KARNAL_IDA,2023-11-08,Approved by IDA,200000,Unsanctioned
MPLADS-026775,Sanjay Bhatia,Lok Sabha,Haryana,KARNAL,,,ASSANDH,Khizarabad (85),Normal/Others,WS/MP596/2023-2024/47447 - Providing drains and gutters for public drainage,DEPUTY COMMISSIONER KARNAL_IDA,2023-11-08,Approved by IDA,500000,Unsanctioned
MPLADS-026776,Sanjay Bhatia,Lok Sabha,Haryana,KARNAL,,,ISRANA,Didwari (72),Normal/Others,NA - Construction of Building,Deputy Commissioner Panipat_IDA,2023-11-08,Action Pending,500000,Unsanctioned
MPLADS-026777,Sanjay Bhatia,Lok Sabha,Haryana,KARNAL,,,ISRANA,Chamarara (83),Normal/Others,NA - chaupal,Deputy Commissioner Panipat_IDA,2023-11-08,Action Pending,100000,Unsanctioned
MPLADS-026778,Sanjay Bhatia,Lok Sabha,Haryana,KARNAL,,,KUNJPURA,Baragaon (69),Normal/Others,NA - Construction of Multipurpose Hall,DEPUTY COMMISSIONER KARNAL_IDA,2023-11-08,Action Pending,1100000,Unsanctioned
MPLADS-026779,Sanjay Bhatia,Lok Sabha,Haryana,KARNAL,,,NILOKHERI,Dadupur (83),Normal/Others,NA - constreet of street,DEPUTY COMMISSIONER KARNAL_IDA,2023-11-08,Action Pending,1100000,Unsanctioned
MPLADS-026780,Sanjay Bhatia,Lok Sabha,Haryana,KARNAL,,,NILOKHERI,Son Kera (51),Normal/Others,NA - chaupal,DEPUTY COMMISSIONER KARNAL_IDA,2023-11-08,Action Pending,1100000,Unsanctioned
MPLADS-026781,Sanjay Bhatia,Lok Sabha,Haryana,KARNAL,Nissing,11,,,Normal/Others,NA - chaupal,DEPUTY COMMISSIONER KARNAL_IDA,2023-11-08,Action Pending,1200000,Unsanctioned
MPLADS-026782,Sanjay Bhatia,Lok Sabha,Haryana,KARNAL,Karnal,2,,,Normal/Others,NA - Ambulance,DEPUTY COMMISSIONER KARNAL_IDA,2023-11-08,Action Pending,2200000,Unsanctioned
MPLADS-026783,Sanjay Bhatia,Lok Sabha,Haryana,KARNAL,,,NILOKHERI,Naraina (60),Normal/Others,NA - Construction of Hall,DEPUTY COMMISSIONER KARNAL_IDA,2023-11-08,Action Pending,500000,Unsanctioned
MPLADS-026784,Sanjay Bhatia,Lok Sabha,Haryana,KARNAL,,,NILOKHERI,Raipur Roran (44),Normal/Others,NA - construction of street,DEPUTY COMMISSIONER KARNAL_IDA,2023-11-08,Action Pending,500000,Unsanctioned
MPLADS-027087,Ramesh Chander Kaushik,Lok Sabha,Haryana,SONEPAT,,,RAI,Khatkar(46),Normal/Others,NA - Construction of additional rooms and halls in the existing public and community building,DEPUTY COMMISSIONER SONEPAT_IDA,2023-11-07,Action Pending,1000000,Unsanctioned
MPLADS-027088,Ramesh Chander Kaushik,Lok Sabha,Haryana,SONEPAT,,,JIND,Radhana (70),Normal/Others,"WS/MP592/2023-2024/47278 - Construction of roads, link roads, pathways or any other road with or without drainage system",Deputy Commissioner Jind_IDA,2023-11-07,Approved by IDA,500000,Unsanctioned
MPLADS-027089,Sanjay Bhatia,Lok Sabha,Haryana,KARNAL,,,NILOKHERI,Parwala (54),Normal/Others,NA - Construction of Nala,DEPUTY COMMISSIONER KARNAL_IDA,2023-11-07,Action Pending,500000,Unsanctioned
MPLADS-027090,Sanjay Bhatia,Lok Sabha,Haryana,KARNAL,,,NILOKHERI,Butana (Part)(34),Normal/Others,NA - Chaupal,DEPUTY COMMISSIONER KARNAL_IDA,2023-11-07,Action Pending,500000,Unsanctioned
MPLADS-027109,Sanjay Bhatia,Lok Sabha,Haryana,KARNAL,,,NILOKHERI,Butana (Part)(34),Normal/Others,NA - Chaupal,DEPUTY COMMISSIONER KARNAL_IDA,2023-11-07,Action Pending,500000,Unsanctioned
MPLADS-027110,Sanjay Bhatia,Lok Sabha,Haryana,KARNAL,,,NILOKHERI,Moheri (25),Normal/Others,NA - Chaupal,DEPUTY COMMISSIONER KARNAL_IDA,2023-11-07,Action Pending,200000,Unsanctioned
MPLADS-027111,Sanjay Bhatia,Lok Sabha,Haryana,KARNAL,,,NILOKHERI,Moheri (25),Normal/Others,NA - Toilets and Bathroom,DEPUTY COMMISSIONER KARNAL_IDA,2023-11-07,Action Pending,200000,Unsanctioned
MPLADS-027120,Sanjay Bhatia,Lok Sabha,Haryana,KARNAL,,,KUNJPURA,Kalwa Heri (90),Normal/Others,NA - Chaupal,DEPUTY COMMISSIONER KARNAL_IDA,2023-11-07,Action Pending,250000,Unsanctioned
MPLADS-027138,Sanjay Bhatia,Lok Sabha,Haryana,KARNAL,,,ASSANDH,Jhabala (81),Normal/Others,NA - chaupal,DEPUTY COMMISSIONER KARNAL_IDA,2023-11-07,Action Pending,500000,Unsanctioned
MPLADS-027139,Arvind Kumar Sharma,Lok Sabha,Haryana,ROHTAK,,,JATUSANA,Baldhan Khurd (97),Normal/Others,WS/MP501/2023-2024/46843 - Development of public parks,DEPUTY COMMISSIONER REWARI_IDA,2023-11-07,Approved by IDA,300000,Unsanctioned
MPLADS-027140,Sanjay Bhatia,Lok Sabha,Haryana,KARNAL,,,CHIRAO,Kheri Naru (46),Normal/Others,NA - Chaupal,DEPUTY COMMISSIONER KARNAL_IDA,2023-11-07,Action Pending,250000,Unsanctioned
MPLADS-027141,Sanjay Bhatia,Lok Sabha,Haryana,KARNAL,,,GHARAUNDA (PART),Bastara (7),Normal/Others,NA - chaupal,DEPUTY COMMISSIONER KARNAL_IDA,2023-11-07,Action Pending,500000,Unsanctioned
MPLADS-027142,Sanjay Bhatia,Lok Sabha,Haryana,KARNAL,,,GHARAUNDA (PART),Dingar Majra (24),Normal/Others,NA - Community Hall,DEPUTY COMMISSIONER KARNAL_IDA,2023-11-07,Action Pending,1000000,Unsanctioned
MPLADS-027143,Sanjay Bhatia,Lok Sabha,Haryana,KARNAL,,,INDRI,Garhi Birbal (32),Normal/Others,NA - Chaupal,DEPUTY COMMISSIONER KARNAL_IDA,2023-11-07,Action Pending,250000,Unsanctioned
MPLADS-027189,SHRI Devender Paul Vats,Rajya Sabha,Haryana,Sitting Rajya Sabha,,,HANSI-I,Sisai Bola(108),Normal/Others,NA - Purchase of immovable sports equipment,DEPUTY COMMISSIONER HISSAR_IDA,2023-11-07,Action Pending,627200,Unsanctioned
MPLADS-027190,SHRI Devender Paul Vats,Rajya Sabha,Haryana,Sitting Rajya Sabha,,,HANSI-I,Sorkhi(130),Normal/Others,WS/MP076/2023-2024/46745 - Purchase of mobile water tankers,DEPUTY COMMISSIONER HISSAR_IDA,2023-11-07,Approved by IDA,310000,Unsanctioned
MPLADS-027232,SHRI Ram Chander Jangra,Rajya Sabha,Haryana,Sitting Rajya Sabha,Gohana,Sonipat Road,,,Bar and Associations,NA - Purchase Books for Library,DEPUTY COMMISSIONER SONEPAT_IDA,2023-11-06,Action Pending,50000,Unsanctioned
MPLADS-027233,SHRI Ram Chander Jangra,Rajya Sabha,Haryana,Sitting Rajya Sabha,Gohana,Panipat road Gohana,,,Normal/Others,NA - Construction of public libraries and reading rooms,DEPUTY COMMISSIONER SONEPAT_IDA,2023-11-06,Action Pending,2100000,Unsanctioned
MPLADS-027234,SHRI Ram Chander Jangra,Rajya Sabha,Haryana,Sitting Rajya Sabha,,,MAHAM,Kheri Maham(118),Normal/Others,NA - Construction of additional rooms and halls in the existing public and community building,DEPUTY COMMISSIONER ROHTAK_IDA,2023-11-06,Action Pending,1170000,Unsanctioned
MPLADS-027242,Arvind Kumar Sharma,Lok Sabha,Haryana,ROHTAK,,,ROHTAK,Samar Gopalpur(90),Normal/Others,NA - Construction of common work sheds/ common covered sitting area,DEPUTY COMMISSIONER ROHTAK_IDA,2023-11-06,Action Pending,500000,Unsanctioned
MPLADS-027243,Arvind Kumar Sharma,Lok Sabha,Haryana,ROHTAK,Jhajjar,Beri gate,,,Normal/Others,WS/MP501/2023-2024/46297 - Construction of community centers and community halls,Deputy Commissioner Jhajjar_IDA,2023-11-06,Approved by IDA,500000,Unsanctioned
MPLADS-027244,Arvind Kumar Sharma,Lok Sabha,Haryana,ROHTAK,Jhajjar,Talao Road,,,Normal/Others,WS/MP501/2023-2024/46296 - Construction of community centers and community halls,Deputy Commissioner Jhajjar_IDA,2023-11-06,Approved by IDA,500000,Unsanctioned
MPLADS-027245,Arvind Kumar Sharma,Lok Sabha,Haryana,ROHTAK,,,NAHAR,Malesiyawas (189),Normal/Others,NA - Construction of rooms and halls in school and colleges,DEPUTY COMMISSIONER REWARI_IDA,2023-11-06,Action Pending,300000,Unsanctioned
MPLADS-027340,Arvind Kumar Sharma,Lok Sabha,Haryana,ROHTAK,,,NAHAR,Rattanthal (180),Normal/Others,NA - Construction of rooms and halls in school and colleges,DEPUTY COMMISSIONER REWARI_IDA,2023-11-06,Action Pending,300000,Unsanctioned
MPLADS-027390,Arvind Kumar Sharma,Lok Sabha,Haryana,ROHTAK,,,NAHAR,Gudiani (175),Normal/Others,NA - Construction of rooms and halls in school and colleges,DEPUTY COMMISSIONER REWARI_IDA,2023-11-06,Action Pending,300000,Unsanctioned
MPLADS-027413,Sunita Duggal,Lok Sabha,Haryana,SIRSA(SC),Sirsa,Sirsa Urban,,,Normal/Others,"WS/MP502/2023-2024/45773 - Construction of roads, approach roads, link roads and pathways",DEPUTY COMMISSIONER SIRSA_IDA,2023-11-05,Approved by IDA,644000,Unsanctioned
MPLADS-027414,Sunita Duggal,Lok Sabha,Haryana,SIRSA(SC),,,SIRSA,Bhamboor(90),Normal/Others,WS/MP502/2023-2024/45772 - Development of playground,DEPUTY COMMISSIONER SIRSA_IDA,2023-11-05,Approved by IDA,199000,Sanctioned
MPLADS-027415,Sunita Duggal,Lok Sabha,Haryana,SIRSA(SC),,,SIRSA,Mohamadpur Salarpur(89),Normal/Others,WS/MP502/2023-2024/45776 - Development of playground,DEPUTY COMMISSIONER SIRSA_IDA,2023-11-05,Approved by IDA,199000,Sanctioned
MPLADS-027421,Sunita Duggal,Lok Sabha,Haryana,SIRSA(SC),Ellenabad,Ellenabad Urban,,,Normal/Others,"WS/MP502/2023-2024/45775 - Construction of Government office buildings (Post office, Police station, Police chauki, etc.)",DEPUTY COMMISSIONER SIRSA_IDA,2023-11-05,Approved by IDA,500000,Unsanctioned
MPLADS-027425,Sunita Duggal,Lok Sabha,Haryana,SIRSA(SC),,,SIRSA,Jhorar Nali(145),Normal/Others,WS/MP502/2023-2024/45778 - Development of playground,DEPUTY COMMISSIONER SIRSA_IDA,2023-11-05,Approved by IDA,199000,Unsanctioned
MPLADS-027426,Sunita Duggal,Lok Sabha,Haryana,SIRSA(SC),,,DABWALI,Mangiana(282),Normal/Others,"WS/MP502/2023-2024/45777 - Construction of Government office buildings (Post office, Police station, Police chauki, etc.)",DEPUTY COMMISSIONER SIRSA_IDA,2023-11-05,Approved by IDA,499000,Unsanctioned
MPLADS-027427,Sunita Duggal,Lok Sabha,Haryana,SIRSA(SC),,,SIRSA,Kotli(64),Normal/Others,WS/MP502/2023-2024/45767 - Construction of toilet blocks,DEPUTY COMMISSIONER SIRSA_IDA,2023-11-05,Approved by IDA,232000,Unsanctioned
MPLADS-027428,Sunita Duggal,Lok Sabha,Haryana,SIRSA(SC),,,NATHUSARI CHOPTA,Jodhkan(62),Normal/Others,WS/MP502/2023-2024/45768 - Construction of toilet blocks,DEPUTY COMMISSIONER SIRSA_IDA,2023-11-05,Approved by IDA,300000,Unsanctioned
MPLADS-027429,Sunita Duggal,Lok Sabha,Haryana,SIRSA(SC),,,BARAGUDHA,Karamgarh(195),Normal/Others,WS/MP502/2023-2024/45769 - Construction of community centers and community halls,DEPUTY COMMISSIONER SIRSA_IDA,2023-11-05,Approved by IDA,186000,Unsanctioned
MPLADS-027430,Sunita Duggal,Lok Sabha,Haryana,SIRSA(SC),,,BARAGUDHA,Mallewala(156),Normal/Others,NA - Construction of community centers and community halls,DEPUTY COMMISSIONER SIRSA_IDA,2023-11-05,Action Pending,464000,Unsanctioned
MPLADS-027431,Sunita Duggal,Lok Sabha,Haryana,SIRSA(SC),,,BARAGUDHA,Dhaban(182),Normal/Others,WS/MP502/2023-2024/45771 - Development of playground,DEPUTY COMMISSIONER SIRSA_IDA,2023-11-05,Approved by IDA,200000,Unsanctioned
MPLADS-027432,Sunita Duggal,Lok Sabha,Haryana,SIRSA(SC),Sirsa,Sirsa Urban,,,Normal/Others,WS/MP502/2023-2024/45774 - Development of public parks,DEPUTY COMMISSIONER SIRSA_IDA,2023-11-05,Approved by IDA,650000,Unsanctioned
MPLADS-027639,SHRI Ram Chander Jangra,Rajya Sabha,Haryana,Sitting Rajya Sabha,Hansi,26,,,Normal/Others,NA - Construction of community centers and community halls,DEPUTY COMMISSIONER HISSAR_IDA,2023-11-04,Action Pending,1100000,Unsanctioned
MPLADS-027640,SHRI Ram Chander Jangra,Rajya Sabha,Haryana,Sitting Rajya Sabha,,,TOSHAM,Tosham (Rural) (33),Normal/Others,NA - Construction of community centers and community halls,Deputy Commissioner Bhiwani_IDA,2023-11-04,Action Pending,1100000,Unsanctioned
MPLADS-027969,Arvind Kumar Sharma,Lok Sabha,Haryana,ROHTAK,Rohtak,Chinyot Colony,,,Normal/Others,WS/MP501/2023-2024/45429 - Construction of community centers and community halls,DEPUTY COMMISSIONER ROHTAK_IDA,2023-11-04,Approved by IDA,500000,Unsanctioned
MPLADS-027989,Arvind Kumar Sharma,Lok Sabha,Haryana,ROHTAK,Rohtak,1,,,Normal/Others,WS/MP501/2023-2024/45428 - Construction of community centers and community halls,DEPUTY COMMISSIONER ROHTAK_IDA,2023-11-04,Approved by IDA,600000,Unsanctioned
MPLADS-027990,Arvind Kumar Sharma,Lok Sabha,Haryana,ROHTAK,Rohtak,14,,,Normal/Others,WS/MP501/2023-2024/45427 - Construction of community centers and community halls,DEPUTY COMMISSIONER ROHTAK_IDA,2023-11-04,Approved by IDA,500000,Unsanctioned
MPLADS-027991,Arvind Kumar Sharma,Lok Sabha,Haryana,ROHTAK,,,NAHAR,Kosli (172),Normal/Others,WS/MP501/2023-2024/45229 - Construction of community centers and community halls,DEPUTY COMMISSIONER REWARI_IDA,2023-11-04,Approved by IDA,500000,Unsanctioned
MPLADS-028153,Arvind Kumar Sharma,Lok Sabha,Haryana,ROHTAK,,,SAMPLA,Dataur(45),Normal/Others,NA - Construction of additional rooms and halls in the existing public and community building,DEPUTY COMMISSIONER ROHTAK_IDA,2023-11-03,Action Pending,600000,Unsanctioned
MPLADS-028625,Brijendra Singh,Lok Sabha,Haryana,HISAR,,,HISAR-II,Hindwan (56),Normal/Others,WS/MP593/2023-2024/43666 - Purchase of mobile water tankers,DEPUTY COMMISSIONER HISSAR_IDA,2023-11-02,Approved by IDA,155000,Unsanctioned
MPLADS-028626,Brijendra Singh,Lok Sabha,Haryana,HISAR,,,HANSI-I,Sorkhi(130),Normal/Others,NA - Purchase of mobile water tankers,DEPUTY COMMISSIONER HISSAR_IDA,2023-11-02,Action Pending,155000,Unsanctioned
MPLADS-028628,Brijendra Singh,Lok Sabha,Haryana,HISAR,,,HANSI-I,Hansi (Rural)(119),Normal/Others,NA - Purchase of mobile water tankers,DEPUTY COMMISSIONER HISSAR_IDA,2023-11-02,Action Pending,155000,Unsanctioned
MPLADS-028629,Brijendra Singh,Lok Sabha,Haryana,HISAR,,,HANSI-I,Kheri Gangan(123),Normal/Others,NA - Purchase of mobile water tankers,DEPUTY COMMISSIONER HISSAR_IDA,2023-11-02,Action Pending,150000,Unsanctioned
MPLADS-028638,Brijendra Singh,Lok Sabha,Haryana,HISAR,,,HANSI-I,Umra(137),Normal/Others,NA - Purchase of mobile water tankers,DEPUTY COMMISSIONER HISSAR_IDA,2023-11-02,Action Pending,155000,Unsanctioned
MPLADS-028642,Brijendra Singh,Lok Sabha,Haryana,HISAR,,,ALEWA,Naguran (81),Normal/Others,WS/MP593/2023-2024/43713 - Purchase of mobile water tankers,Deputy Commissioner Jind_IDA,2023-11-02,Approved by IDA,158000,Unsanctioned
MPLADS-028643,Brijendra Singh,Lok Sabha,Haryana,HISAR,,,UCHANA,Dumarkha Khurd (120),Normal/Others,NA - Construction of additional rooms and halls in the existing public and community building,Deputy Commissioner Jind_IDA,2023-11-02,Action Pending,200000,Unsanctioned
MPLADS-028668,Brijendra Singh,Lok Sabha,Haryana,HISAR,,,AGROHA,Sandol(137),Normal/Others,WS/MP593/2023-2024/43641 - Purchase of mobile water tankers,DEPUTY COMMISSIONER HISSAR_IDA,2023-11-02,Approved by IDA,155000,Unsanctioned
MPLADS-028673,Brijendra Singh,Lok Sabha,Haryana,HISAR,,,BARWALA,Kharak(17),Normal/Others,WS/MP593/2023-2024/43639 - Purchase of mobile water tankers,DEPUTY COMMISSIONER HISSAR_IDA,2023-11-02,Approved by IDA,158000,Unsanctioned
MPLADS-028686,Brijendra Singh,Lok Sabha,Haryana,HISAR,,,NARWANA,Kaloda Kalan (84),Normal/Others,WS/MP593/2023-2024/43718 - Purchase of mobile water tankers,Deputy Commissioner Jind_IDA,2023-11-02,Approved by IDA,155000,Unsanctioned
MPLADS-028687,Brijendra Singh,Lok Sabha,Haryana,HISAR,,,NARWANA,Amargarh (80),Normal/Others,WS/MP593/2023-2024/43719 - Purchase of mobile water tankers,Deputy Commissioner Jind_IDA,2023-11-02,Approved by IDA,155000,Unsanctioned
MPLADS-028688,Brijendra Singh,Lok Sabha,Haryana,HISAR,,,HISAR-I,Dabra(164),Normal/Others,WS/MP593/2023-2024/43720 - Purchase of mobile water tankers,DEPUTY COMMISSIONER HISSAR_IDA,2023-11-02,Approved by IDA,158000,Unsanctioned
MPLADS-028689,Brijendra Singh,Lok Sabha,Haryana,HISAR,,,AGROHA,Thaska(139),Normal/Others,WS/MP593/2023-2024/43722 - Purchase of mobile water tankers,DEPUTY COMMISSIONER HISSAR_IDA,2023-11-02,Approved by IDA,155000,Unsanctioned
MPLADS-028690,Brijendra Singh,Lok Sabha,Haryana,HISAR,,,ADAMPUR,Chuli Kalan(7),Normal/Others,WS/MP593/2023-2024/43733 - Purchase of mobile water tankers,DEPUTY COMMISSIONER HISSAR_IDA,2023-11-02,Approved by IDA,155000,Unsanctioned
MPLADS-028691,Brijendra Singh,Lok Sabha,Haryana,HISAR,,,HISAR-I,Mangali Akalan(161),Normal/Others,WS/MP593/2023-2024/43734 - Purchase of mobile water tankers,DEPUTY COMMISSIONER HISSAR_IDA,2023-11-02,Approved by IDA,158000,Unsanctioned
MPLADS-028692,Brijendra Singh,Lok Sabha,Haryana,HISAR,,,HISAR-I,Nalwa(33),Normal/Others,WS/MP593/2023-2024/43736 - Purchase of mobile water tankers,DEPUTY COMMISSIONER HISSAR_IDA,2023-11-02,Approved by IDA,158000,Unsanctioned
MPLADS-028709,Shri Dharambir Singh ,Lok Sabha,Haryana,BHIWANI MAHENDRAGARH,Mahendragarh,Ward No. 14,,,Trust and Society,NA - Construction of public libraries and reading rooms,DEPUTY COMMISSIONER MAHENDRAGARH_IDA,2023-11-02,Action Pending,1100000,Unsanctioned
MPLADS-028710,Shri Dharambir Singh ,Lok Sabha,Haryana,BHIWANI MAHENDRAGARH,,,KAIRU,Jui Kalan (67),Trust and Society,WS/MP329/2023-2024/43523 - Construction of shelters for animals,Deputy Commissioner Bhiwani_IDA,2023-11-02,Approved by IDA,1100000,Unsanctioned
MPLADS-028726,Shri Krishan Lal Panwar,Rajya Sabha,Haryana,Sitting Rajya Sabha,,,MADLAUDA,Qawi (3),Normal/Others,NA - Completion of Bagad Pana Stadium,Deputy Commissioner Panipat_IDA,2023-11-02,Action Pending,1000000,Unsanctioned
MPLADS-028727,Shri Krishan Lal Panwar,Rajya Sabha,Haryana,Sitting Rajya Sabha,,,MADLAUDA,Bhalsi (45),Normal/Others,NA - Construction of public toilets and bathrooms,Deputy Commissioner Panipat_IDA,2023-11-02,Action Pending,250000,Unsanctioned
MPLADS-028728,Shri Krishan Lal Panwar,Rajya Sabha,Haryana,Sitting Rajya Sabha,,,MADLAUDA,Qawi (3),Normal/Others,NA - Completion of Anganwari Center,Deputy Commissioner Panipat_IDA,2023-11-02,Action Pending,500000,Unsanctioned
MPLADS-028729,Shri Krishan Lal Panwar,Rajya Sabha,Haryana,Sitting Rajya Sabha,,,ISRANA,Mandi (82),Normal/Others,NA - Completion of Dholi Choupal,Deputy Commissioner Panipat_IDA,2023-11-02,Action Pending,800000,Unsanctioned
MPLADS-028731,Brijendra Singh,Lok Sabha,Haryana,HISAR,,,AGROHA,Agroha(54),Normal/Others,NA - Construction of water tanks,DEPUTY COMMISSIONER HISSAR_IDA,2023-11-02,Action Pending,120000,Unsanctioned
MPLADS-028732,Brijendra Singh,Lok Sabha,Haryana,HISAR,,,UCHANA,Dumarkha Kalan (119),Normal/Others,WS/MP593/2023-2024/43716 - Purchase of mobile water tankers,Deputy Commissioner Jind_IDA,2023-11-02,Approved by IDA,155000,Unsanctioned
MPLADS-028734,Brijendra Singh,Lok Sabha,Haryana,HISAR,,,AGROHA,Sabarwas(92),Normal/Others,WS/MP593/2023-2024/43632 - Purchase of mobile water tankers,DEPUTY COMMISSIONER HISSAR_IDA,2023-11-02,Approved by IDA,155000,Unsanctioned
MPLADS-028735,Brijendra Singh,Lok Sabha,Haryana,HISAR,,,HANSI-I,Garhi(139),Normal/Others,"NA - Construction of roads, approach roads, link roads and pathways",DEPUTY COMMISSIONER HISSAR_IDA,2023-11-02,Action Pending,250000,Unsanctioned
MPLADS-028736,Brijendra Singh,Lok Sabha,Haryana,HISAR,,,HANSI-I,Sorkhi(130),Normal/Others,"NA - Construction of roads, approach roads, link roads and pathways",DEPUTY COMMISSIONER HISSAR_IDA,2023-11-02,Action Pending,250000,Unsanctioned
MPLADS-028738,Brijendra Singh,Lok Sabha,Haryana,HISAR,,,UCHANA,Karsindhu (128),Normal/Others,WS/MP593/2023-2024/43717 - Purchase of mobile water tankers,Deputy Commissioner Jind_IDA,2023-11-02,Approved by IDA,155000,Completed
MPLADS-028740,Brijendra Singh,Lok Sabha,Haryana,HISAR,,,BARWALA,Badhawar(19),Normal/Others,WS/MP593/2023-2024/43634 - Purchase of mobile water tankers,DEPUTY COMMISSIONER HISSAR_IDA,2023-11-02,Approved by IDA,158000,Unsanctioned
MPLADS-028741,Brijendra Singh,Lok Sabha,Haryana,HISAR,,,UCHANA,Dumarkha Khurd (120),Normal/Others,"NA - Construction of roads, approach roads, link roads and pathways",Deputy Commissioner Jind_IDA,2023-11-02,Action Pending,200000,Unsanctioned
MPLADS-028742,Brijendra Singh,Lok Sabha,Haryana,HISAR,,,ALEWA,Sandil (70),Normal/Others,WS/MP593/2023-2024/43714 - Purchase of mobile water tankers,Deputy Commissioner Jind_IDA,2023-11-02,Approved by IDA,155000,Unsanctioned
MPLADS-029011,Brijendra Singh,Lok Sabha,Haryana,HISAR,,,HANSI-I,Ghirai(24),Normal/Others,"NA - Construction of roads, approach roads, link roads and pathways",DEPUTY COMMISSIONER HISSAR_IDA,2023-11-01,Action Pending,500000,Unsanctioned
MPLADS-029012,Brijendra Singh,Lok Sabha,Haryana,HISAR,,,BARWALA,Madloda(74),Normal/Others,NA - Construction of public irrigation facilities,DEPUTY COMMISSIONER HISSAR_IDA,2023-11-01,Action Pending,500000,Unsanctioned
MPLADS-029072,Shri Krishan Lal Panwar,Rajya Sabha,Haryana,Sitting Rajya Sabha,,,MADLAUDA,Daryapur (49),Normal/Others,NA - Construction of Community Center,Deputy Commissioner Panipat_IDA,2023-10-31,Action Pending,1100000,Unsanctioned
MPLADS-029073,Shri Krishan Lal Panwar,Rajya Sabha,Haryana,Sitting Rajya Sabha,,,MADLAUDA,Bhadaur (39),Normal/Others,NA - Construction of public libraries and reading rooms,Deputy Commissioner Panipat_IDA,2023-10-31,Action Pending,1000000,Unsanctioned
MPLADS-029074,Shri Krishan Lal Panwar,Rajya Sabha,Haryana,Sitting Rajya Sabha,,,MADLAUDA,Adiyana (48),Normal/Others,NA - Construction of Retaining Wall,Deputy Commissioner Panipat_IDA,2023-10-31,Action Pending,1100000,Unsanctioned
MPLADS-029102,Shri Krishan Lal Panwar,Rajya Sabha,Haryana,Sitting Rajya Sabha,,,MADLAUDA,Adiyana (48),Normal/Others,NA - Completion of Dr. B R Ambedkar Bhawan,Deputy Commissioner Panipat_IDA,2023-10-31,Action Pending,1100000,Unsanctioned
MPLADS-029437,Ramesh Chander Kaushik,Lok Sabha,Haryana,SONEPAT,Sonipat,Sant Kabir Nagar,,,Trust and Society,WS/MP592/2023-2024/42705 - Construction of community centers and community halls,DEPUTY COMMISSIONER SONEPAT_IDA,2023-10-31,Approved by IDA,1000000,Unsanctioned
MPLADS-029438,Ramesh Chander Kaushik,Lok Sabha,Haryana,SONEPAT,,,PILLUKHERA,Beri Khera (21),Normal/Others,WS/MP592/2023-2024/42704 - Construction of buildings for multi-gym,Deputy Commissioner Jind_IDA,2023-10-31,Approved by IDA,800000,Unsanctioned
MPLADS-029439,Arvind Kumar Sharma,Lok Sabha,Haryana,ROHTAK,,,JHAJJAR,Bhindawas(214),Normal/Others,NA - Development of public parks,Deputy Commissioner Jhajjar_IDA,2023-10-31,Action Pending,500000,Unsanctioned
MPLADS-029440,Arvind Kumar Sharma,Lok Sabha,Haryana,ROHTAK,,,BAHADURGARH,Chhara(17),Normal/Others,NA - Construction of community centers and community halls,Deputy Commissioner Jhajjar_IDA,2023-10-31,Action Pending,500000,Unsanctioned
MPLADS-029441,Arvind Kumar Sharma,Lok Sabha,Haryana,ROHTAK,,,MATANNAIL,Birohar(145),Normal/Others,NA - Construction of community centers and community halls,Deputy Commissioner Jhajjar_IDA,2023-10-31,Action Pending,500000,Unsanctioned
MPLADS-029575,SHRI Deepender Singh,Rajya Sabha,Haryana,Sitting Rajya Sabha,,,ROHTAK,Bakheta(51),Normal/Others,WS/MP075/2023-2024/41994 - Construction of common work sheds/ common covered sitting area,DEPUTY COMMISSIONER ROHTAK_IDA,2023-10-30,Approved by IDA,550000,Unsanctioned
MPLADS-029576,SHRI Deepender Singh,Rajya Sabha,Haryana,Sitting Rajya Sabha,,,ROHTAK,Gaddi Kheri(97),Normal/Others,NA - Construction of boundary walls of existing public and community buildings,DEPUTY COMMISSIONER ROHTAK_IDA,2023-10-30,Action Pending,550000,Unsanctioned
MPLADS-029577,SHRI Deepender Singh,Rajya Sabha,Haryana,Sitting Rajya Sabha,,,ROHTAK,Gaddi Kheri(97),Normal/Others,NA - Construction of boundary walls of existing public and community buildings,DEPUTY COMMISSIONER ROHTAK_IDA,2023-10-30,Action Pending,500000,Unsanctioned
MPLADS-029604,SHRI Deepender Singh,Rajya Sabha,Haryana,Sitting Rajya Sabha,,,ADAMPUR,Mohabatpur(175),Normal/Others,NA - Construction of public libraries and reading rooms,DEPUTY COMMISSIONER HISSAR_IDA,2023-10-30,Rejected by IDA,251000,Unsanctioned
MPLADS-029616,SHRI Deepender Singh,Rajya Sabha,Haryana,Sitting Rajya Sabha,,,ROHTAK,Rithal Phogat(76),Normal/Others,NA - Construction of boundary walls of existing public and community buildings,DEPUTY COMMISSIONER ROHTAK_IDA,2023-10-30,Action Pending,588000,Unsanctioned
MPLADS-029617,SHRI Deepender Singh,Rajya Sabha,Haryana,Sitting Rajya Sabha,,,JHAJJAR,Dojhana(3-N),Normal/Others,NA - Construction of buildings for community cultural activities,Deputy Commissioner Jhajjar_IDA,2023-10-30,Action Pending,500000,Unsanctioned
MPLADS-029618,SHRI Deepender Singh,Rajya Sabha,Haryana,Sitting Rajya Sabha,,,MAHAM,Kheri Maham(118),Normal/Others,NA - Construction of New Building,DEPUTY COMMISSIONER ROHTAK_IDA,2023-10-30,Action Pending,500000,Unsanctioned
MPLADS-029619,SHRI Deepender Singh,Rajya Sabha,Haryana,Sitting Rajya Sabha,,,ROHTAK,Maina(72),Normal/Others,NA - Construction of community centers and community halls,DEPUTY COMMISSIONER ROHTAK_IDA,2023-10-30,Action Pending,436000,Unsanctioned
MPLADS-029620,SHRI Deepender Singh,Rajya Sabha,Haryana,Sitting Rajya Sabha,,,REWARI,Dohki (120),Normal/Others,WS/MP075/2023-2024/42001 - Construction of community centers and community halls,DEPUTY COMMISSIONER REWARI_IDA,2023-10-30,Approved by IDA,1100000,Unsanctioned
MPLADS-029621,SHRI Deepender Singh,Rajya Sabha,Haryana,Sitting Rajya Sabha,,,JHAJJAR,Saloda(234),Normal/Others,NA - Construction of buildings for community cultural activities,Deputy Commissioner Jhajjar_IDA,2023-10-30,Action Pending,500000,Unsanctioned
MPLADS-029622,SHRI Deepender Singh,Rajya Sabha,Haryana,Sitting Rajya Sabha,,,ROHTAK,Kiloi Khas(60),Normal/Others,WS/MP075/2023-2024/42003 - Construction of buildings for community cultural activities,DEPUTY COMMISSIONER ROHTAK_IDA,2023-10-30,Approved by IDA,550000,Unsanctioned
MPLADS-029623,SHRI Deepender Singh,Rajya Sabha,Haryana,Sitting Rajya Sabha,,,Rohtak,Humayunpur(50),Normal/Others,NA - Construction of common work sheds/ common covered sitting area,DEPUTY COMMISSIONER ROHTAK_IDA,2023-10-30,Action Pending,551000,Unsanctioned
MPLADS-029624,SHRI Deepender Singh,Rajya Sabha,Haryana,Sitting Rajya Sabha,Bahadurgarh,5,,,Normal/Others,NA - Construction of community centers and community halls,Deputy Commissioner Jhajjar_IDA,2023-10-30,Action Pending,1100000,Unsanctioned
MPLADS-029625,SHRI Deepender Singh,Rajya Sabha,Haryana,Sitting Rajya Sabha,,,MAHAM,Bhaini Surjan(116),Normal/Others,NA - Construction of boundary walls of existing public and community buildings,DEPUTY COMMISSIONER ROHTAK_IDA,2023-10-30,Action Pending,1100000,Unsanctioned
MPLADS-029626,SHRI Deepender Singh,Rajya Sabha,Haryana,Sitting Rajya Sabha,,,SAMPLA,Samchana(28),Normal/Others,NA - Construction of community centers and community halls,DEPUTY COMMISSIONER ROHTAK_IDA,2023-10-30,Action Pending,200000,Unsanctioned
MPLADS-029748,SHRI Deepender Singh,Rajya Sabha,Haryana,Sitting Rajya Sabha,,,Gohana,Barota (37),Normal/Others,NA - Construction of boundary walls of existing public and community buildings,DEPUTY COMMISSIONER SONEPAT_IDA,2023-10-30,Action Pending,400000,Unsanctioned
MPLADS-029750,SHRI Deepender Singh,Rajya Sabha,Haryana,Sitting Rajya Sabha,Narnaund,2,,,Normal/Others,NA - Construction of common work sheds/ common covered sitting area,DEPUTY COMMISSIONER HISSAR_IDA,2023-10-30,Action Pending,500000,Unsanctioned
MPLADS-029768,SHRI Deepender Singh,Rajya Sabha,Haryana,Sitting Rajya Sabha,Bahadurgarh,14,,,Normal/Others,NA - Construction of rooms and halls in school and colleges,Deputy Commissioner Jhajjar_IDA,2023-10-30,Action Pending,700000,Unsanctioned
MPLADS-029773,SHRI Deepender Singh,Rajya Sabha,Haryana,Sitting Rajya Sabha,,,BILASPUR,Bilaspur (CT),Normal/Others,NA - Construction of common work sheds/ common covered sitting area,Deputy Commissioner YamunaNagar_IDA,2023-10-30,Action Pending,200000,Unsanctioned
MPLADS-030280,Sunita Duggal,Lok Sabha,Haryana,SIRSA(SC),,,FATEHABAD,Bhuthan Kalan(180),Normal/Others,WS/MP502/2023-2024/41086 - Purchase of mobile water tankers,Deputy Commissioner Fatehabd_IDA,2023-10-27,Approved by IDA,155000,Unsanctioned
MPLADS-030307,Sunita Duggal,Lok Sabha,Haryana,SIRSA(SC),,,BHUNA,Nadhori(88),Normal/Others,WS/MP502/2023-2024/41085 - Purchase of mobile water tankers,Deputy Commissioner Fatehabd_IDA,2023-10-27,Approved by IDA,155000,Unsanctioned
MPLADS-030308,Sunita Duggal,Lok Sabha,Haryana,SIRSA(SC),,,RATIA,Ratta Khera(101),Normal/Others,WS/MP502/2023-2024/41087 - Purchase of mobile water tankers,Deputy Commissioner Fatehabd_IDA,2023-10-27,Approved by IDA,155000,Unsanctioned
MPLADS-030319,Sunita Duggal,Lok Sabha,Haryana,SIRSA(SC),,,BHATTU KALAN,Banawali(27),Normal/Others,WS/MP502/2023-2024/41088 - Purchase of mobile water tankers,Deputy Commissioner Fatehabd_IDA,2023-10-27,Approved by IDA,155000,Unsanctioned
MPLADS-030331,Sunita Duggal,Lok Sabha,Haryana,SIRSA(SC),,,FATEHABAD,Daulatpur,Normal/Others,WS/MP502/2023-2024/41089 - Purchase of mobile water tankers,Deputy Commissioner Fatehabd_IDA,2023-10-27,Approved by IDA,155000,Unsanctioned
MPLADS-030332,Sunita Duggal,Lok Sabha,Haryana,SIRSA(SC),,,BHUNA,Baijalpur(186),Normal/Others,WS/MP502/2023-2024/41090 - Purchase of mobile water tankers,Deputy Commissioner Fatehabd_IDA,2023-10-27,Approved by IDA,155000,Unsanctioned
MPLADS-030333,Arvind Kumar Sharma,Lok Sabha,Haryana,ROHTAK,,,BADLI,Luksar(68),Normal/Others,NA - Street lights,Deputy Commissioner Jhajjar_IDA,2023-10-27,Action Pending,53500,Unsanctioned
MPLADS-030334,Arvind Kumar Sharma,Lok Sabha,Haryana,ROHTAK,,,BADLI,Zardakpur(61),Normal/Others,NA - Street lights,Deputy Commissioner Jhajjar_IDA,2023-10-27,Action Pending,53500,Unsanctioned
MPLADS-030335,Arvind Kumar Sharma,Lok Sabha,Haryana,ROHTAK,,,BADLI,Gangarwa(69),Normal/Others,NA - Street lights,Deputy Commissioner Jhajjar_IDA,2023-10-27,Action Pending,53500,Unsanctioned
MPLADS-030336,Rao Inderjit Singh,Lok Sabha,Haryana,GURGAON,,,REWARI,Rajpura Khalsa (111),Normal/Others,"WS/MP516/2023-2024/41156 - Construction of roads, approach roads, link roads and pathways",DEPUTY COMMISSIONER REWARI_IDA,2023-10-27,Approved by IDA,800000,Unsanctioned
MPLADS-030337,Rao Inderjit Singh,Lok Sabha,Haryana,GURGAON,,,FARRUKH NAGAR,Gugana(4),Normal/Others,"WS/MP516/2023-2024/41161 - Construction of roads, approach roads, link roads and pathways",Deputy Commissioner Gurugram_IDA,2023-10-27,Approved by IDA,900000,Unsanctioned
MPLADS-030338,Rao Inderjit Singh,Lok Sabha,Haryana,GURGAON,,,FARRUKH NAGAR,Fazalpur Badli(31),Normal/Others,NA - Providing drains and gutters for public drainage,Deputy Commissioner Gurugram_IDA,2023-10-27,Action Pending,500000,Unsanctioned
MPLADS-030466,Shri Dharambir Singh ,Lok Sabha,Haryana,BHIWANI MAHENDRAGARH,,,BAUND,Bond Khurd (128),Normal/Others,"NA - Purchase of IT systems, including hardware and software for educational purposes",Deputy Commissioner Charkhi Dadri_IDA,2023-10-26,Action Pending,200000,Unsanctioned
MPLADS-030474,Shri Dharambir Singh ,Lok Sabha,Haryana,BHIWANI MAHENDRAGARH,,,BADHRA,Mandi Hariya(21),Normal/Others,NA - Construction of community centers and community halls,Deputy Commissioner Charkhi Dadri_IDA,2023-10-26,Action Pending,700000,Unsanctioned
MPLADS-030496,Shri Dharambir Singh ,Lok Sabha,Haryana,BHIWANI MAHENDRAGARH,,,CHARKHI DADRI,Mori (173),Normal/Others,NA - Construction of culverts and bridges,Deputy Commissioner Charkhi Dadri_IDA,2023-10-26,Action Pending,150000,Unsanctioned
MPLADS-030497,Shri Dharambir Singh ,Lok Sabha,Haryana,BHIWANI MAHENDRAGARH,,,BADHRA,Kakroli Sardara(26),Normal/Others,"NA - Purchase of IT systems, including hardware and software for educational purposes",Deputy Commissioner Charkhi Dadri_IDA,2023-10-26,Action Pending,200000,Unsanctioned
MPLADS-030498,Shri Krishan Lal Panwar,Rajya Sabha,Haryana,Sitting Rajya Sabha,,,ISRANA,Balana (71),Normal/Others,NA - Construction of Boundary wall & Momty,Deputy Commissioner Panipat_IDA,2023-10-26,Action Pending,700000,Unsanctioned
MPLADS-030509,Shri Dharambir Singh ,Lok Sabha,Haryana,BHIWANI MAHENDRAGARH,,,CHARKHI DADRI,Mehrana (168),Normal/Others,NA - Development of public parks,Deputy Commissioner Charkhi Dadri_IDA,2023-10-26,Action Pending,700000,Unsanctioned
MPLADS-030522,Shri Dharambir Singh ,Lok Sabha,Haryana,BHIWANI MAHENDRAGARH,,,BADHRA,Rehrodi(11),Normal/Others,NA - Improvement of electricity distribution infrastructure,Deputy Commissioner Charkhi Dadri_IDA,2023-10-26,Action Pending,200000,Unsanctioned
MPLADS-030523,Arvind Kumar Sharma,Lok Sabha,Haryana,ROHTAK,,,BAHADURGARH,Daboda Khurd(49),Normal/Others,NA - Construction of buildings for multi-gym,Deputy Commissioner Jhajjar_IDA,2023-10-26,Action Pending,1132136,Unsanctioned
MPLADS-030524,Arvind Kumar Sharma,Lok Sabha,Haryana,ROHTAK,Jhajjar,Jatav Moholla,,,Normal/Others,NA - Construction of community centers and community halls,Deputy Commissioner Jhajjar_IDA,2023-10-26,Action Pending,1100000,Unsanctioned
MPLADS-030525,Arvind Kumar Sharma,Lok Sabha,Haryana,ROHTAK,,,MATANNAIL,Bahu(18-N),Normal/Others,NA - Construction of buildings for community cultural activities,Deputy Commissioner Jhajjar_IDA,2023-10-26,Action Pending,1100000,Unsanctioned
MPLADS-030526,Shri Dharambir Singh ,Lok Sabha,Haryana,BHIWANI MAHENDRAGARH,,,BHIWANI,Roopgarh (99),Normal/Others,NA - Development of playground,Deputy Commissioner Bhiwani_IDA,2023-10-26,Action Pending,270000,Unsanctioned
MPLADS-030527,Shri Dharambir Singh ,Lok Sabha,Haryana,BHIWANI MAHENDRAGARH,,,KAIRU,Hetampura (59),Normal/Others,WS/MP329/2023-2024/40581 - Common work sheds for artisans,Deputy Commissioner Bhiwani_IDA,2023-10-26,Approved by IDA,495000,Unsanctioned
MPLADS-030528,Shri Dharambir Singh ,Lok Sabha,Haryana,BHIWANI MAHENDRAGARH,,,BHIWANI,Haluwas (102),Normal/Others,NA - Providing supply pipelines for drinking water,Deputy Commissioner Bhiwani_IDA,2023-10-26,Action Pending,525000,Unsanctioned
MPLADS-030529,Shri Dharambir Singh ,Lok Sabha,Haryana,BHIWANI MAHENDRAGARH,,,BHIWANI,Kayla (117),Normal/Others,WS/MP329/2023-2024/40583 - Common work sheds for artisans,Deputy Commissioner Bhiwani_IDA,2023-10-26,Approved by IDA,550000,Unsanctioned
MPLADS-030530,Shri Dharambir Singh ,Lok Sabha,Haryana,BHIWANI MAHENDRAGARH,,,KAIRU,Chandawas (144),Normal/Others,NA - Creation of new ponds,Deputy Commissioner Bhiwani_IDA,2023-10-26,Action Pending,50000,Unsanctioned
MPLADS-030531,Shri Dharambir Singh ,Lok Sabha,Haryana,BHIWANI MAHENDRAGARH,,,NIZAMPUR,Pawera(286),Normal/Others,NA - Purchase of sports equipment,DEPUTY COMMISSIONER MAHENDRAGARH_IDA,2023-10-26,Action Pending,500000,Unsanctioned
MPLADS-030532,Shri Dharambir Singh ,Lok Sabha,Haryana,BHIWANI MAHENDRAGARH,,,SIHMA,Dongra Ahir(32),Normal/Others,NA - Development of public parks,DEPUTY COMMISSIONER MAHENDRAGARH_IDA,2023-10-26,Action Pending,500000,Unsanctioned
MPLADS-030533,Shri Dharambir Singh ,Lok Sabha,Haryana,BHIWANI MAHENDRAGARH,,,ATELI NANGAL,Neerpur(6),Normal/Others,WS/MP329/2023-2024/40614 - Development of playground,DEPUTY COMMISSIONER MAHENDRAGARH_IDA,2023-10-26,Approved by IDA,500000,Unsanctioned
MPLADS-030534,Shri Dharambir Singh ,Lok Sabha,Haryana,BHIWANI MAHENDRAGARH,,,SIHMA,Mundia Khera(35),Normal/Others,WS/MP329/2023-2024/40615 - Development of public parks,DEPUTY COMMISSIONER MAHENDRAGARH_IDA,2023-10-26,Approved by IDA,250000,Unsanctioned
MPLADS-030535,Arvind Kumar Sharma,Lok Sabha,Haryana,ROHTAK,,,KALANAUR,Kahnaur(114),Normal/Others,NA - Construction of community centers and community halls,DEPUTY COMMISSIONER ROHTAK_IDA,2023-10-26,Action Pending,1082936,Unsanctioned
MPLADS-030731,Ramesh Chander Kaushik,Lok Sabha,Haryana,SONEPAT,KUNDLI,MC rai,,,Normal/Others,WS/MP592/2023-2024/40498 - Setting up public non-conventional energy plants,DEPUTY COMMISSIONER SONEPAT_IDA,2023-10-25,Approved by IDA,297770,Unsanctioned
MPLADS-030733,Ramesh Chander Kaushik,Lok Sabha,Haryana,SONEPAT,,,SONIPAT,Jatmalpur Lohari Tibba(180),Normal/Others,NA - Setting up public non-conventional energy plants,DEPUTY COMMISSIONER SONEPAT_IDA,2023-10-25,Action Pending,297770,Unsanctioned
MPLADS-030734,Ramesh Chander Kaushik,Lok Sabha,Haryana,SONEPAT,,,JULANA,Kamach Khera (23),Normal/Others,NA - Providing supply pipelines for drinking water,Deputy Commissioner Jind_IDA,2023-10-25,Action Pending,150000,Unsanctioned
MPLADS-030735,Ramesh Chander Kaushik,Lok Sabha,Haryana,SONEPAT,,,SAFIDON,Paju Kalan (46),Normal/Others,NA - Construction of shelters for animals,Deputy Commissioner Jind_IDA,2023-10-25,Action Pending,1000000,Unsanctioned
MPLADS-030750,Ramesh Chander Kaushik,Lok Sabha,Haryana,SONEPAT,Kharkhoda,MC Kharkhoda,,,Normal/Others,WS/MP592/2023-2024/40496 - Setting up public non-conventional energy plants,DEPUTY COMMISSIONER SONEPAT_IDA,2023-10-25,Approved by IDA,297770,Unsanctioned
MPLADS-030752,Ramesh Chander Kaushik,Lok Sabha,Haryana,SONEPAT,Ganaur,MC Ganaur,,,Normal/Others,WS/MP592/2023-2024/40495 - Setting up public non-conventional energy plants,DEPUTY COMMISSIONER SONEPAT_IDA,2023-10-25,Approved by IDA,297770,Unsanctioned
MPLADS-030763,Sunita Duggal,Lok Sabha,Haryana,SIRSA(SC),,,BHATTU KALAN,Daiyar(1),Normal/Others,WS/MP502/2023-2024/40191 - Purchase of mobile water tankers,Deputy Commissioner Fatehabd_IDA,2023-10-25,Approved by IDA,155000,Unsanctioned
MPLADS-030764,Sunita Duggal,Lok Sabha,Haryana,SIRSA(SC),,,FATEHABAD,Mohammadpur Rohi II (48),Normal/Others,WS/MP502/2023-2024/40192 - Purchase of mobile water tankers,Deputy Commissioner Fatehabd_IDA,2023-10-25,Approved by IDA,155000,Unsanctioned
MPLADS-030765,Sunita Duggal,Lok Sabha,Haryana,SIRSA(SC),,,FATEHABAD,Khara Kheri(94),Normal/Others,WS/MP502/2023-2024/40193 - Purchase of mobile water tankers,Deputy Commissioner Fatehabd_IDA,2023-10-25,Approved by IDA,155000,Unsanctioned
MPLADS-030766,Ramesh Chander Kaushik,Lok Sabha,Haryana,SONEPAT,Ganaur,MC Ganaur,,,Normal/Others,WS/MP592/2023-2024/40493 - Setting up public non-conventional energy plants,DEPUTY COMMISSIONER SONEPAT_IDA,2023-10-25,Approved by IDA,297770,Unsanctioned
MPLADS-030767,Ramesh Chander Kaushik,Lok Sabha,Haryana,SONEPAT,Ganaur,MC Ganaur,,,Normal/Others,WS/MP592/2023-2024/40494 - Setting up public non-conventional energy plants,DEPUTY COMMISSIONER SONEPAT_IDA,2023-10-25,Approved by IDA,297770,Unsanctioned
MPLADS-030943,Arvind Kumar Sharma,Lok Sabha,Haryana,ROHTAK,,,BAHADURGARH,Kanonda(33),Normal/Others,NA - Construction of community centers and community halls,Deputy Commissioner Jhajjar_IDA,2023-10-24,Action Pending,1100000,Unsanctioned
MPLADS-030949,Arvind Kumar Sharma,Lok Sabha,Haryana,ROHTAK,Bahadurgarh,Shankar Garden,,,Normal/Others,WS/MP501/2023-2024/40021 - Construction of community centers and community halls,Deputy Commissioner Jhajjar_IDA,2023-10-24,Approved by IDA,500000,Unsanctioned
MPLADS-030956,SHRI Devender Paul Vats,Rajya Sabha,Haryana,Sitting Rajya Sabha,,,BHUNA,Nehla(59),Normal/Others,NA - Purchase of mobile water tankers,Deputy Commissioner Fatehabd_IDA,2023-10-24,Action Pending,157000,Unsanctioned
MPLADS-030957,SHRI Devender Paul Vats,Rajya Sabha,Haryana,Sitting Rajya Sabha,,,BHUNA,Nehla(59),Normal/Others,NA - Purchase of mobile water tankers,Deputy Commissioner Fatehabd_IDA,2023-10-24,Action Pending,157000,Unsanctioned
MPLADS-030964,Arvind Kumar Sharma,Lok Sabha,Haryana,ROHTAK,,,BAHADURGARH,Mandothi(53),Normal/Others,WS/MP501/2023-2024/40010 - Development of playfields and sports grounds,Deputy Commissioner Jhajjar_IDA,2023-10-24,Approved by IDA,300000,Unsanctioned
MPLADS-031002,SHRI Devender Paul Vats,Rajya Sabha,Haryana,Sitting Rajya Sabha,,,HANSI-I,Masoodpur(85),Normal/Others,WS/MP076/2023-2024/40049 - Purchase of mobile water tankers,DEPUTY COMMISSIONER HISSAR_IDA,2023-10-24,Approved by IDA,157000,Unsanctioned
MPLADS-031167,Arvind Kumar Sharma,Lok Sabha,Haryana,ROHTAK,,,BERI,Baghpur(129),Normal/Others,WS/MP501/2023-2024/39935 - Common work sheds for artisans,Deputy Commissioner Jhajjar_IDA,2023-10-23,Approved by IDA,600000,Unsanctioned
MPLADS-031168,Arvind Kumar Sharma,Lok Sabha,Haryana,ROHTAK,,,BADLI,Bupania(59),Normal/Others,WS/MP501/2023-2024/39948 - Construction of community centers and community halls,Deputy Commissioner Jhajjar_IDA,2023-10-23,Approved by IDA,500000,Unsanctioned
MPLADS-031169,Arvind Kumar Sharma,Lok Sabha,Haryana,ROHTAK,,,BADLI,Bupania(59),Normal/Others,NA - Construction of boundary walls of existing public and community buildings,Deputy Commissioner Jhajjar_IDA,2023-10-23,Action Pending,500000,Unsanctioned
MPLADS-031170,Arvind Kumar Sharma,Lok Sabha,Haryana,ROHTAK,,,BADLI,Bupania(59),Normal/Others,NA - Construction of community centers and community halls,Deputy Commissioner Jhajjar_IDA,2023-10-23,Action Pending,510000,Unsanctioned
MPLADS-031452,SHRI Devender Paul Vats,Rajya Sabha,Haryana,Sitting Rajya Sabha,Hisar,Panjabi bhawan sector 14 Hisar,,,Normal/Others,NA - Construction of community centers and community halls,DEPUTY COMMISSIONER HISSAR_IDA,2023-10-21,Action Pending,500000,Unsanctioned
MPLADS-031453,SHRI Devender Paul Vats,Rajya Sabha,Haryana,Sitting Rajya Sabha,,,AGROHA,Agroha(54),Normal/Others,WS/MP076/2023-2024/39402 - Purchase of school vans and buses (Four and three wheelers),DEPUTY COMMISSIONER HISSAR_IDA,2023-10-21,Approved by IDA,3356231,Unsanctioned
MPLADS-031454,SHRI Devender Paul Vats,Rajya Sabha,Haryana,Sitting Rajya Sabha,,,BARWALA,Gurana(20),Normal/Others,NA - Providing garbage collection and disposal systems,DEPUTY COMMISSIONER HISSAR_IDA,2023-10-21,Action Pending,600000,Unsanctioned
MPLADS-031464,SHRI Devender Paul Vats,Rajya Sabha,Haryana,Sitting Rajya Sabha,,,HANSI-II,Thurana(103),Normal/Others,NA - Providing garbage collection and disposal systems,DEPUTY COMMISSIONER HISSAR_IDA,2023-10-21,Action Pending,600000,Unsanctioned
MPLADS-031476,SHRI Devender Paul Vats,Rajya Sabha,Haryana,Sitting Rajya Sabha,Bhiwani,Thakur bir singh Park Bhiwani,,,Normal/Others,WS/MP076/2023-2024/39469 - Development of public parks,Deputy Commissioner Bhiwani_IDA,2023-10-21,Approved by IDA,1500000,Unsanctioned
MPLADS-031477,SHRI Devender Paul Vats,Rajya Sabha,Haryana,Sitting Rajya Sabha,,,BHIWANI,Madhmadhvi (112),Normal/Others,NA - Purchase of mobile water tankers,Deputy Commissioner Bhiwani_IDA,2023-10-21,Action Pending,158000,Unsanctioned
MPLADS-031746,SHRI Ram Chander Jangra,Rajya Sabha,Haryana,Sitting Rajya Sabha,Meham,farmana road,,,Normal/Others,WS/MP077/2023-2024/39188 - Construction of shelters for animals,DEPUTY COMMISSIONER ROHTAK_IDA,2023-10-20,Approved by IDA,195000,Unsanctioned
MPLADS-031784,SHRI Ram Chander Jangra,Rajya Sabha,Haryana,Sitting Rajya Sabha,Meham,Farmana Road,,,Normal/Others,WS/MP077/2023-2024/39187 - Construction of shelters for animals,DEPUTY COMMISSIONER ROHTAK_IDA,2023-10-20,Approved by IDA,180000,Unsanctioned
MPLADS-031785,SHRI Ram Chander Jangra,Rajya Sabha,Haryana,Sitting Rajya Sabha,Meham,Farmana road,,,Normal/Others,WS/MP077/2023-2024/39196 - Construction of shelters for animals,DEPUTY COMMISSIONER ROHTAK_IDA,2023-10-20,Approved by IDA,190000,Unsanctioned
MPLADS-032050,SHRI Devender Paul Vats,Rajya Sabha,Haryana,Sitting Rajya Sabha,Rohtak,Ward 17,,,Normal/Others,NA - Construction of community centers and community halls,DEPUTY COMMISSIONER ROHTAK_IDA,2023-10-19,Action Pending,1100000,Unsanctioned
MPLADS-032051,SHRI Devender Paul Vats,Rajya Sabha,Haryana,Sitting Rajya Sabha,,,BHIWANI,Dhanana (52),Normal/Others,WS/MP076/2023-2024/38671 - Construction of community centers and community halls,Deputy Commissioner Bhiwani_IDA,2023-10-19,Approved by IDA,500000,Unsanctioned
MPLADS-032076,Rao Inderjit Singh,Lok Sabha,Haryana,GURGAON,,,REWARI,Bikaner (221),Normal/Others,WS/MP516/2023-2024/38468 - Construction of buildings for community cultural activities,DEPUTY COMMISSIONER REWARI_IDA,2023-10-19,Approved by IDA,900000,Unsanctioned
MPLADS-032077,Rao Inderjit Singh,Lok Sabha,Haryana,GURGAON,Rewari,Ward No. 12,,,Normal/Others,WS/MP516/2023-2024/38548 - Construction of community centers and community halls,DEPUTY COMMISSIONER REWARI_IDA,2023-10-19,Approved by IDA,1000000,Unsanctioned
MPLADS-032078,Sunita Duggal,Lok Sabha,Haryana,SIRSA(SC),,,SIRSA,Alanoor(144),Normal/Others,NA - Purchase of mobile water tankers,DEPUTY COMMISSIONER SIRSA_IDA,2023-10-19,Action Pending,155000,Unsanctioned
MPLADS-032170,SHRI Devender Paul Vats,Rajya Sabha,Haryana,Sitting Rajya Sabha,,,AGROHA,Agroha(54),Normal/Others,NA - Installation of multi-gym equipment,DEPUTY COMMISSIONER HISSAR_IDA,2023-10-18,Action Pending,5000000,Unsanctioned
MPLADS-032174,Rao Inderjit Singh,Lok Sabha,Haryana,GURGAON,,,REWARI,Ghurkawas (217),Normal/Others,"WS/MP516/2023-2024/38281 - Construction of roads, approach roads, link roads and pathways",DEPUTY COMMISSIONER REWARI_IDA,2023-10-18,Approved by IDA,900000,Unsanctioned
MPLADS-032223,Rao Inderjit Singh,Lok Sabha,Haryana,GURGAON,,,REWARI,Gangaycha Jat (223),Normal/Others,WS/MP516/2023-2024/38276 - Lighting of public spaces,DEPUTY COMMISSIONER REWARI_IDA,2023-10-18,Approved by IDA,200000,Unsanctioned
MPLADS-032240,Shri Dharambir Singh ,Lok Sabha,Haryana,BHIWANI MAHENDRAGARH,Bhiwani,Ward No. 4,,,Trust and Society,NA - Construction of community centers and community halls,Deputy Commissioner Bhiwani_IDA,2023-10-18,Action Pending,500000,Unsanctioned
MPLADS-032242,Sunita Duggal,Lok Sabha,Haryana,SIRSA(SC),,,BARAGUDHA,Dhaban(182),Normal/Others,NA - Purchase of mobile water tankers,DEPUTY COMMISSIONER SIRSA_IDA,2023-10-18,Action Pending,155000,Unsanctioned
MPLADS-032243,Sunita Duggal,Lok Sabha,Haryana,SIRSA(SC),,,SIRSA,Patli Dabar(59),Normal/Others,NA - Crematoriums or structures on burial/ cremation ground for public convenience,DEPUTY COMMISSIONER SIRSA_IDA,2023-10-18,Action Pending,497000,Unsanctioned
MPLADS-032244,Sunita Duggal,Lok Sabha,Haryana,SIRSA(SC),,,ODHAN,Dharampura(323),Normal/Others,NA - Purchase of mobile water tankers,DEPUTY COMMISSIONER SIRSA_IDA,2023-10-18,Action Pending,155000,Unsanctioned
MPLADS-032245,Sunita Duggal,Lok Sabha,Haryana,SIRSA(SC),,,ODHAN,Dadu(321),Normal/Others,NA - Purchase of mobile water tankers,DEPUTY COMMISSIONER SIRSA_IDA,2023-10-18,Action Pending,155000,Unsanctioned
MPLADS-032246,Sunita Duggal,Lok Sabha,Haryana,SIRSA(SC),,,BARAGUDHA,Thiraj(174),Normal/Others,NA - Purchase of mobile water tankers,DEPUTY COMMISSIONER SIRSA_IDA,2023-10-18,Action Pending,155000,Unsanctioned
MPLADS-032248,Sunita Duggal,Lok Sabha,Haryana,SIRSA(SC),,,BARAGUDHA,Jhorar Rohi(184),Normal/Others,NA - Common work sheds for artisans,DEPUTY COMMISSIONER SIRSA_IDA,2023-10-18,Action Pending,650000,Unsanctioned
MPLADS-032249,Sunita Duggal,Lok Sabha,Haryana,SIRSA(SC),,,BARAGUDHA,Bupp(178),Normal/Others,NA - Purchase of mobile water tankers,DEPUTY COMMISSIONER SIRSA_IDA,2023-10-18,Action Pending,310000,Unsanctioned
MPLADS-032250,Sunita Duggal,Lok Sabha,Haryana,SIRSA(SC),,,SIRSA,Bajekan(77),Normal/Others,NA - Crematoriums or structures on burial/ cremation ground for public convenience,DEPUTY COMMISSIONER SIRSA_IDA,2023-10-18,Action Pending,485000,Unsanctioned
MPLADS-032251,Sunita Duggal,Lok Sabha,Haryana,SIRSA(SC),,,BARAGUDHA,Bhangu(191),Normal/Others,NA - Purchase of mobile water tankers,DEPUTY COMMISSIONER SIRSA_IDA,2023-10-18,Action Pending,155000,Unsanctioned
MPLADS-032252,Rao Inderjit Singh,Lok Sabha,Haryana,GURGAON,,,SOHNA,Saramathla(225),Normal/Others,"WS/MP516/2023-2024/38139 - Construction of roads, approach roads, link roads and pathways",Deputy Commissioner Gurugram_IDA,2023-10-18,Approved by IDA,700000,Unsanctioned
MPLADS-032253,Sunita Duggal,Lok Sabha,Haryana,SIRSA(SC),Sirsa,"Bar Association, Sirsa",,,Normal/Others,NA - Construction of additional rooms and halls in the existing public and community building,DEPUTY COMMISSIONER SIRSA_IDA,2023-10-18,Action Pending,487000,Unsanctioned
MPLADS-032254,Sunita Duggal,Lok Sabha,Haryana,SIRSA(SC),,,SIRSA,Bhavdeen(65),Normal/Others,NA - Construction of community centers and community halls,DEPUTY COMMISSIONER SIRSA_IDA,2023-10-18,Action Pending,100000,Unsanctioned
MPLADS-032255,Sunita Duggal,Lok Sabha,Haryana,SIRSA(SC),,,SIRSA,Kanwarpura(49),Normal/Others,NA - Construction of community centers and community halls,DEPUTY COMMISSIONER SIRSA_IDA,2023-10-18,Action Pending,200000,Unsanctioned
MPLADS-032256,Sunita Duggal,Lok Sabha,Haryana,SIRSA(SC),,,ODHAN,Taruana(315),Normal/Others,NA - Construction of community centers and community halls,DEPUTY COMMISSIONER SIRSA_IDA,2023-10-18,Action Pending,499000,Unsanctioned
MPLADS-032293,Sunita Duggal,Lok Sabha,Haryana,SIRSA(SC),,,SIRSA,Patli Dabar(59),Normal/Others,NA - Crematoriums or structures on burial/ cremation ground for public convenience,DEPUTY COMMISSIONER SIRSA_IDA,2023-10-18,Action Pending,492000,Unsanctioned
MPLADS-032294,Sunita Duggal,Lok Sabha,Haryana,SIRSA(SC),,,BHATTU KALAN,Jandwala Bagar(2),Normal/Others,NA - Installation of fixed garden gym equipment,Deputy Commissioner Fatehabd_IDA,2023-10-18,Action Pending,200000,Unsanctioned
MPLADS-032312,Sunita Duggal,Lok Sabha,Haryana,SIRSA(SC),,,SIRSA,Rasulpur(70) Split Vill.,Normal/Others,"WS/MP502/2023-2024/38181 - Construction of roads, approach roads, link roads and pathways",DEPUTY COMMISSIONER SIRSA_IDA,2023-10-18,Approved by IDA,274000,Unsanctioned
MPLADS-032314,Sunita Duggal,Lok Sabha,Haryana,SIRSA(SC),,,RATIA,Ratia (Rural)(162),Normal/Others,NA - Construction of community centers and community halls,Deputy Commissioner Fatehabd_IDA,2023-10-18,Action Pending,500000,Unsanctioned
MPLADS-032315,Sunita Duggal,Lok Sabha,Haryana,SIRSA(SC),,,RATIA,Ratia (Rural)(162),Normal/Others,NA - Construction of toilet blocks,Deputy Commissioner Fatehabd_IDA,2023-10-18,Rejected by IDA,500000,Unsanctioned
MPLADS-032316,Sunita Duggal,Lok Sabha,Haryana,SIRSA(SC),,,RATIA,Hamjapur(99),Normal/Others,NA - Construction of rooms and halls in school and colleges,Deputy Commissioner Fatehabd_IDA,2023-10-18,Rejected by IDA,300000,Unsanctioned
MPLADS-032317,Sunita Duggal,Lok Sabha,Haryana,SIRSA(SC),,,FATEHABAD,Bhuthan Kalan(180),Normal/Others,WS/MP502/2023-2024/38266 - Crematoriums or structures on burial/ cremation ground for public convenience,Deputy Commissioner Fatehabd_IDA,2023-10-18,Approved by IDA,251000,Unsanctioned
MPLADS-032318,Sunita Duggal,Lok Sabha,Haryana,SIRSA(SC),,,FATEHABAD,Mohammadpur Rohi I(48),Normal/Others,WS/MP502/2023-2024/38265 - Crematoriums or structures on burial/ cremation ground for public convenience,Deputy Commissioner Fatehabd_IDA,2023-10-18,Approved by IDA,502000,Unsanctioned
MPLADS-032319,Sunita Duggal,Lok Sabha,Haryana,SIRSA(SC),,,TOHANA,Dharsul Kalan(192),Normal/Others,WS/MP502/2023-2024/38264 - Construction of stadiums,Deputy Commissioner Fatehabd_IDA,2023-10-18,Approved by IDA,558000,Unsanctioned
MPLADS-032338,Sunita Duggal,Lok Sabha,Haryana,SIRSA(SC),,,BHATTU KALAN,Dhabi Kalan(11),Normal/Others,WS/MP502/2023-2024/38263 - Construction of buildings for multi-gym,Deputy Commissioner Fatehabd_IDA,2023-10-18,Approved by IDA,300000,Unsanctioned
MPLADS-032340,Sunita Duggal,Lok Sabha,Haryana,SIRSA(SC),,,BHATTU KALAN,Thuiyan (12),Normal/Others,WS/MP502/2023-2024/38262 - Installation of fixed garden gym equipment,Deputy Commissioner Fatehabd_IDA,2023-10-18,Approved by IDA,200000,Unsanctioned
MPLADS-032341,Sunita Duggal,Lok Sabha,Haryana,SIRSA(SC),,,BHATTU KALAN,Thuiyan (12),Normal/Others,WS/MP502/2023-2024/38261 - Construction of stadiums,Deputy Commissioner Fatehabd_IDA,2023-10-18,Approved by IDA,299000,Unsanctioned
MPLADS-032342,Sunita Duggal,Lok Sabha,Haryana,SIRSA(SC),,,BHATTU KALAN,Khabra Kalan(9),Normal/Others,WS/MP502/2023-2024/38260 - Installation of fixed garden gym equipment,Deputy Commissioner Fatehabd_IDA,2023-10-18,Approved by IDA,200000,Unsanctioned
MPLADS-032343,Sunita Duggal,Lok Sabha,Haryana,SIRSA(SC),,,BHATTU KALAN,Daiyar(1),Normal/Others,WS/MP502/2023-2024/38259 - Installation of fixed garden gym equipment,Deputy Commissioner Fatehabd_IDA,2023-10-18,Approved by IDA,198000,Unsanctioned
MPLADS-032344,Sunita Duggal,Lok Sabha,Haryana,SIRSA(SC),,,BHATTU KALAN,Pili Mandori(14),Normal/Others,WS/MP502/2023-2024/38258 - Installation of fixed garden gym equipment,Deputy Commissioner Fatehabd_IDA,2023-10-18,Approved by IDA,200000,Unsanctioned
MPLADS-032345,Sunita Duggal,Lok Sabha,Haryana,SIRSA(SC),Ellenabad,"Municipal Committee, Ellenabad",,,Normal/Others,NA - Purchase of mobile water tankers,DEPUTY COMMISSIONER SIRSA_IDA,2023-10-18,Action Pending,310000,Unsanctioned
MPLADS-032474,Sunita Duggal,Lok Sabha,Haryana,SIRSA(SC),,,NARWANA,Julehra (62),Normal/Others,WS/MP502/2023-2024/37686 - Purchase of mobile water tankers,Deputy Commissioner Jind_IDA,2023-10-17,Approved by IDA,157000,Unsanctioned
MPLADS-032478,Sunita Duggal,Lok Sabha,Haryana,SIRSA(SC),,,NARWANA,Jajanwala (87),Normal/Others,"NA - Construction of roads, approach roads, link roads and pathways",Deputy Commissioner Jind_IDA,2023-10-17,Action Pending,800000,Unsanctioned
MPLADS-032484,Sunita Duggal,Lok Sabha,Haryana,SIRSA(SC),,,NARWANA,Danoda Khurd (90),Normal/Others,WS/MP502/2023-2024/37680 - Purchase of mobile water tankers,Deputy Commissioner Jind_IDA,2023-10-17,Approved by IDA,157000,Unsanctioned
MPLADS-032485,Sunita Duggal,Lok Sabha,Haryana,SIRSA(SC),,,NARWANA,Dablain (76),Normal/Others,NA - Construction of community centers and community halls,Deputy Commissioner Jind_IDA,2023-10-17,Action Pending,495000,Unsanctioned
MPLADS-032486,Sunita Duggal,Lok Sabha,Haryana,SIRSA(SC),,,NARWANA,Kaloda Khurd (83),Normal/Others,NA - Construction of community centers and community halls,Deputy Commissioner Jind_IDA,2023-10-17,Action Pending,495000,Unsanctioned
MPLADS-032487,Sunita Duggal,Lok Sabha,Haryana,SIRSA(SC),,,NARWANA,Gurthali (37),Normal/Others,NA - Crematoriums or structures on burial/ cremation ground for public convenience,Deputy Commissioner Jind_IDA,2023-10-17,Action Pending,495000,Unsanctioned
MPLADS-032489,Sunita Duggal,Lok Sabha,Haryana,SIRSA(SC),,,NARWANA,Danoda Khurd (90),Normal/Others,NA - Construction of community centers and community halls,Deputy Commissioner Jind_IDA,2023-10-17,Action Pending,600000,Unsanctioned
MPLADS-032491,Sunita Duggal,Lok Sabha,Haryana,SIRSA(SC),,,NARWANA,Bhana Barahmnan (41),Normal/Others,WS/MP502/2023-2024/37681 - Purchase of mobile water tankers,Deputy Commissioner Jind_IDA,2023-10-17,Approved by IDA,157000,Unsanctioned
MPLADS-032492,Sunita Duggal,Lok Sabha,Haryana,SIRSA(SC),,,NARWANA,Bidrana (35),Normal/Others,NA - Construction of community centers and community halls,Deputy Commissioner Jind_IDA,2023-10-17,Action Pending,400000,Unsanctioned
MPLADS-032493,Sunita Duggal,Lok Sabha,Haryana,SIRSA(SC),,,NARWANA,Sinsar (34),Normal/Others,NA - Construction of community centers and community halls,Deputy Commissioner Jind_IDA,2023-10-17,Action Pending,495000,Unsanctioned
MPLADS-032494,Sunita Duggal,Lok Sabha,Haryana,SIRSA(SC),,,NARWANA,Hatho (36),Normal/Others,NA - Construction of community centers and community halls,Deputy Commissioner Jind_IDA,2023-10-17,Action Pending,495000,Unsanctioned
MPLADS-032604,Sunita Duggal,Lok Sabha,Haryana,SIRSA(SC),,,UJHANA,Garhi (52),Normal/Others,WS/MP502/2023-2024/37688 - Purchase of mobile water tankers,Deputy Commissioner Jind_IDA,2023-10-17,Approved by IDA,157000,Unsanctioned
MPLADS-032644,Sunita Duggal,Lok Sabha,Haryana,SIRSA(SC),,,UJHANA,Data Singhwala (3),Normal/Others,WS/MP502/2023-2024/37687 - Purchase of mobile water tankers,Deputy Commissioner Jind_IDA,2023-10-17,Approved by IDA,157000,Unsanctioned
MPLADS-032646,Sunita Duggal,Lok Sabha,Haryana,SIRSA(SC),,,NARWANA,Nehra (81),Normal/Others,NA - Crematoriums or structures on burial/ cremation ground for public convenience,Deputy Commissioner Jind_IDA,2023-10-17,Action Pending,500000,Unsanctioned
MPLADS-032665,Sunita Duggal,Lok Sabha,Haryana,SIRSA(SC),,,NARWANA,Bidrana (35),Normal/Others,WS/MP502/2023-2024/37692 - Purchase of mobile water tankers,Deputy Commissioner Jind_IDA,2023-10-17,Approved by IDA,157000,Unsanctioned
MPLADS-032752,Sunita Duggal,Lok Sabha,Haryana,SIRSA(SC),,,SIRSA,Bhavdeen(65),Normal/Others,WS/MP502/2023-2024/37807 - Construction of toilet blocks,DEPUTY COMMISSIONER SIRSA_IDA,2023-10-17,Approved by IDA,232000,Unsanctioned
MPLADS-032758,Sunita Duggal,Lok Sabha,Haryana,SIRSA(SC),,,NARWANA,Sinsar (34),Normal/Others,NA - Construction of community centers and community halls,Deputy Commissioner Jind_IDA,2023-10-17,Action Pending,350000,Unsanctioned
MPLADS-032759,Sunita Duggal,Lok Sabha,Haryana,SIRSA(SC),Narwana,Bar Association,,,Normal/Others,NA - Construction of common work sheds/ common covered sitting area,Deputy Commissioner Jind_IDA,2023-10-17,Action Pending,500000,Unsanctioned
MPLADS-032760,Sunita Duggal,Lok Sabha,Haryana,SIRSA(SC),,,RANIA,Dhanoor(143),Normal/Others,NA - Construction of community centers and community halls,DEPUTY COMMISSIONER SIRSA_IDA,2023-10-17,Action Pending,500000,Unsanctioned
MPLADS-032761,Sunita Duggal,Lok Sabha,Haryana,SIRSA(SC),Sirsa,Sirsa,,,Normal/Others,NA - Construction of community centers and community halls,DEPUTY COMMISSIONER SIRSA_IDA,2023-10-17,Action Pending,500000,Unsanctioned
MPLADS-032762,Sunita Duggal,Lok Sabha,Haryana,SIRSA(SC),,,NATHUSARI CHOPTA,Ganja Rupana(14),Normal/Others,"NA - Construction of roads, approach roads, link roads and pathways",DEPUTY COMMISSIONER SIRSA_IDA,2023-10-17,Action Pending,250000,Unsanctioned
MPLADS-032763,Sunita Duggal,Lok Sabha,Haryana,SIRSA(SC),Sirsa,"Aggarwal Sewa Sadan, Sirsa",,,Normal/Others,NA - Construction of community centers and community halls,DEPUTY COMMISSIONER SIRSA_IDA,2023-10-17,Action Pending,500000,Unsanctioned
MPLADS-032764,Sunita Duggal,Lok Sabha,Haryana,SIRSA(SC),,,ODHAN,Dadu(321),Normal/Others,WS/MP502/2023-2024/37808 - Installation of fixed garden gym equipment,DEPUTY COMMISSIONER SIRSA_IDA,2023-10-17,Approved by IDA,200000,Unsanctioned
MPLADS-032766,Sunita Duggal,Lok Sabha,Haryana,SIRSA(SC),,,BARAGUDHA,Bhangu(191),Normal/Others,WS/MP502/2023-2024/37809 - Installation of fixed garden gym equipment,DEPUTY COMMISSIONER SIRSA_IDA,2023-10-17,Approved by IDA,200000,Unsanctioned
MPLADS-032767,Sunita Duggal,Lok Sabha,Haryana,SIRSA(SC),,,ODHAN,Dharampura(323),Normal/Others,WS/MP502/2023-2024/37810 - Installation of fixed garden gym equipment,DEPUTY COMMISSIONER SIRSA_IDA,2023-10-17,Approved by IDA,200000,Unsanctioned
MPLADS-032768,Sunita Duggal,Lok Sabha,Haryana,SIRSA(SC),,,BARAGUDHA,Bupp(178),Normal/Others,WS/MP502/2023-2024/37811 - Installation of fixed garden gym equipment,DEPUTY COMMISSIONER SIRSA_IDA,2023-10-17,Approved by IDA,200000,Unsanctioned
MPLADS-032769,Rao Inderjit Singh,Lok Sabha,Haryana,GURGAON,,,REWARI,Shekhpur Shikarpur (224),Normal/Others,"WS/MP516/2023-2024/37948 - Construction of roads, approach roads, link roads and pathways",DEPUTY COMMISSIONER REWARI_IDA,2023-10-17,Approved by IDA,300000,Unsanctioned
MPLADS-032770,Rao Inderjit Singh,Lok Sabha,Haryana,GURGAON,,,SOHNA,Sehjawas(170),Normal/Others,"NA - Construction of roads, approach roads, link roads and pathways",Deputy Commissioner Gurugram_IDA,2023-10-17,Action Pending,900000,Unsanctioned
MPLADS-032771,Rao Inderjit Singh,Lok Sabha,Haryana,GURGAON,,,DHARUHERA,Ghatal Mahaniawas (291) (CT),Normal/Others,"WS/MP516/2023-2024/37969 - Construction of roads, approach roads, link roads and pathways",DEPUTY COMMISSIONER REWARI_IDA,2023-10-17,Approved by IDA,1000000,Unsanctioned
MPLADS-032778,Sunita Duggal,Lok Sabha,Haryana,SIRSA(SC),Narwana,Narwana,,,Normal/Others,WS/MP502/2023-2024/37697 - Purchase of mobile water tankers,Deputy Commissioner Jind_IDA,2023-10-17,Approved by IDA,157000,Unsanctioned
MPLADS-032838,Rao Inderjit Singh,Lok Sabha,Haryana,GURGAON,,,DHARUHERA,Bhatsana (301),Normal/Others,"WS/MP516/2023-2024/37450 - Construction of roads, approach roads, link roads and pathways",DEPUTY COMMISSIONER REWARI_IDA,2023-10-16,Approved by IDA,1000000,Unsanctioned
MPLADS-033238,SHRI Devender Paul Vats,Rajya Sabha,Haryana,Sitting Rajya Sabha,,,Hisar,Agroha(54),Normal/Others,NA - Purchase of hospital equipment,DEPUTY COMMISSIONER HISSAR_IDA,2023-10-14,Action Pending,3665200,Unsanctioned
MPLADS-033242,SHRI Devender Paul Vats,Rajya Sabha,Haryana,Sitting Rajya Sabha,,,BAHADURGARH,Bamnoli(35),Normal/Others,NA - Purchase of mobile water tankers,Deputy Commissioner Jhajjar_IDA,2023-10-14,Action Pending,158000,Unsanctioned
MPLADS-033245,SHRI Devender Paul Vats,Rajya Sabha,Haryana,Sitting Rajya Sabha,,,BAHADURGARH,Bamnoli(35),Normal/Others,NA - Purchase of mobile water tankers,Deputy Commissioner Jhajjar_IDA,2023-10-14,Action Pending,200000,Unsanctioned
MPLADS-033297,Ramesh Chander Kaushik,Lok Sabha,Haryana,SONEPAT,Gohana,DCP Gohana,,,Normal/Others,"WS/MP592/2023-2024/36826 - Purchase of ambulances (Four, three and two wheelers)",DEPUTY COMMISSIONER SONEPAT_IDA,2023-10-14,Approved by IDA,1060000,Unsanctioned
MPLADS-033320,Ramesh Chander Kaushik,Lok Sabha,Haryana,SONEPAT,Gohana,DCP Gohana,,,Normal/Others,"WS/MP592/2023-2024/36827 - Purchase of ambulances (Four, three and two wheelers)",DEPUTY COMMISSIONER SONEPAT_IDA,2023-10-14,Approved by IDA,969000,Unsanctioned
MPLADS-033321,Ramesh Chander Kaushik,Lok Sabha,Haryana,SONEPAT,,,RAI,Halalpur(235),Normal/Others,"WS/MP592/2023-2024/36828 - Construction of rooms and facilities for hospitals, FWC , PHC Centers and ANM centers",DEPUTY COMMISSIONER SONEPAT_IDA,2023-10-14,Approved by IDA,1500000,Unsanctioned
MPLADS-033322,Ramesh Chander Kaushik,Lok Sabha,Haryana,SONEPAT,Julana,MC Julana,,,Normal/Others,NA - Construction of community centers and community halls,Deputy Commissioner Jind_IDA,2023-10-14,Action Pending,1000000,Unsanctioned
MPLADS-033335,Ramesh Chander Kaushik,Lok Sabha,Haryana,SONEPAT,Sonipat,MC Sonipat,,,Trust and Society,WS/MP592/2023-2024/36830 - Construction of rooms and halls in school and colleges,DEPUTY COMMISSIONER SONEPAT_IDA,2023-10-14,Approved by IDA,500000,Unsanctioned
MPLADS-033345,Arvind Kumar Sharma,Lok Sabha,Haryana,ROHTAK,,,JHAJJAR,Ukhal Chana(264),Normal/Others,NA - Construction of community centers and community halls,Deputy Commissioner Jhajjar_IDA,2023-10-14,Action Pending,600000,Unsanctioned
MPLADS-033459,Shri Dharambir Singh ,Lok Sabha,Haryana,BHIWANI MAHENDRAGARH,,,MAHENDRAGARH,Mandola(15),Normal/Others,WS/MP329/2023-2024/36662 - Construction of common work sheds/ common covered sitting area,DEPUTY COMMISSIONER MAHENDRAGARH_IDA,2023-10-13,Approved by IDA,1100000,Unsanctioned
MPLADS-033464,Shri Dharambir Singh ,Lok Sabha,Haryana,BHIWANI MAHENDRAGARH,,,SIHMA,Sihma(101),Trust and Society,WS/MP329/2023-2024/36663 - Construction of rooms and halls in school and colleges,DEPUTY COMMISSIONER MAHENDRAGARH_IDA,2023-10-13,Approved by IDA,495000,Unsanctioned
MPLADS-033465,Arvind Kumar Sharma,Lok Sabha,Haryana,ROHTAK,,,SALHAWAS,Bithla(195),Normal/Others,NA - Development of public parks,Deputy Commissioner Jhajjar_IDA,2023-10-13,Action Pending,500000,Unsanctioned
MPLADS-033466,Shri Dharambir Singh ,Lok Sabha,Haryana,BHIWANI MAHENDRAGARH,,,ATELI NANGAL,Kheri(18),Normal/Others,WS/MP329/2023-2024/36664 - Development of public parks,DEPUTY COMMISSIONER MAHENDRAGARH_IDA,2023-10-13,Approved by IDA,200000,Unsanctioned
MPLADS-033468,Arvind Kumar Sharma,Lok Sabha,Haryana,ROHTAK,Beri,Beri,,,Normal/Others,WS/MP501/2023-2024/36682 - Development of playground,Deputy Commissioner Jhajjar_IDA,2023-10-13,Approved by IDA,300000,Unsanctioned
MPLADS-033469,Arvind Kumar Sharma,Lok Sabha,Haryana,ROHTAK,,,BERI,Lakaria(6),Normal/Others,NA - Construction of community centers and community halls,Deputy Commissioner Jhajjar_IDA,2023-10-13,Action Pending,500000,Unsanctioned
MPLADS-033470,Arvind Kumar Sharma,Lok Sabha,Haryana,ROHTAK,,,MAHAM,Farmana Khas(113),Normal/Others,WS/MP501/2023-2024/36689 - Construction of community centers and community halls,DEPUTY COMMISSIONER ROHTAK_IDA,2023-10-13,Approved by IDA,1155000,Unsanctioned
MPLADS-033471,Arvind Kumar Sharma,Lok Sabha,Haryana,ROHTAK,,,KALANAUR,Katesra(118),Normal/Others,NA - Construction of community centers and community halls,DEPUTY COMMISSIONER ROHTAK_IDA,2023-10-13,Action Pending,500000,Unsanctioned
MPLADS-033472,Arvind Kumar Sharma,Lok Sabha,Haryana,ROHTAK,,,ROHTAK,Jassia(82),Normal/Others,NA - Construction of community centers and community halls,DEPUTY COMMISSIONER ROHTAK_IDA,2023-10-13,Action Pending,500000,Unsanctioned
MPLADS-033473,Arvind Kumar Sharma,Lok Sabha,Haryana,ROHTAK,,,ROHTAK,Rurki(54),Repair and Renovation,WS/MP501/2023-2024/36706 - Construction of community centers and community halls,DEPUTY COMMISSIONER ROHTAK_IDA,2023-10-13,Approved by IDA,500000,Unsanctioned
MPLADS-033474,Arvind Kumar Sharma,Lok Sabha,Haryana,ROHTAK,Rohtak,Rohtak,,,Normal/Others,WS/MP501/2023-2024/36707 - Construction of additional rooms and halls in the existing public and community building,DEPUTY COMMISSIONER ROHTAK_IDA,2023-10-13,Approved by IDA,1100000,Unsanctioned
MPLADS-033475,Arvind Kumar Sharma,Lok Sabha,Haryana,ROHTAK,Rohtak,No.21,,,Normal/Others,NA - Construction of additional rooms and halls in the existing public and community building,DEPUTY COMMISSIONER ROHTAK_IDA,2023-10-13,Action Pending,600000,Unsanctioned
MPLADS-033501,Arvind Kumar Sharma,Lok Sabha,Haryana,ROHTAK,Rohtak,No.19,,,Normal/Others,NA - Construction of additional rooms and halls in the existing public and community building,DEPUTY COMMISSIONER ROHTAK_IDA,2023-10-13,Action Pending,800000,Unsanctioned
MPLADS-033567,SHRI Deepender Singh,Rajya Sabha,Haryana,Sitting Rajya Sabha,,,ROHTAK,Rithal Phogat(76),Normal/Others,NA - Purchase of sports equipment,DEPUTY COMMISSIONER ROHTAK_IDA,2023-10-13,Action Pending,200000,Unsanctioned
MPLADS-033577,SHRI Deepender Singh,Rajya Sabha,Haryana,Sitting Rajya Sabha,,,MAHAM,Gorawar(97),Normal/Others,WS/MP075/2023-2024/36556 - Construction of common work sheds/ common covered sitting area,DEPUTY COMMISSIONER ROHTAK_IDA,2023-10-13,Approved by IDA,610409,Unsanctioned
MPLADS-033578,SHRI Deepender Singh,Rajya Sabha,Haryana,Sitting Rajya Sabha,Rohtak,9,,,Normal/Others,WS/MP075/2023-2024/36557 - Construction of additional rooms and halls in the existing public and community building,DEPUTY COMMISSIONER ROHTAK_IDA,2023-10-13,Approved by IDA,1100000,Unsanctioned
MPLADS-033579,SHRI Deepender Singh,Rajya Sabha,Haryana,Sitting Rajya Sabha,Bahadurgarh,8,,,Normal/Others,NA - Construction of buildings for community cultural activities,Deputy Commissioner Jhajjar_IDA,2023-10-13,Action Pending,1100000,Unsanctioned
MPLADS-033598,SHRI Deepender Singh,Rajya Sabha,Haryana,Sitting Rajya Sabha,,,MAHAM,Bhaini Surjan(116),Normal/Others,NA - Construction of additional rooms and halls in the existing public and community building,DEPUTY COMMISSIONER ROHTAK_IDA,2023-10-13,Action Pending,500000,Unsanctioned
MPLADS-033599,SHRI Deepender Singh,Rajya Sabha,Haryana,Sitting Rajya Sabha,Sampla,10,,,Normal/Others,NA - Construction of common work sheds/ common covered sitting area,DEPUTY COMMISSIONER ROHTAK_IDA,2023-10-13,Action Pending,500000,Unsanctioned
MPLADS-033600,SHRI Deepender Singh,Rajya Sabha,Haryana,Sitting Rajya Sabha,,,Kalayat,Ramgarh Pandwan(27),Normal/Others,NA - Construction of buildings for community cultural activities,Deputy Commissioner Kaithal_IDA,2023-10-13,Action Pending,1000000,Unsanctioned
MPLADS-033609,SHRI Deepender Singh,Rajya Sabha,Haryana,Sitting Rajya Sabha,Beri,5,,,Normal/Others,NA - Development of public parks,Deputy Commissioner Jhajjar_IDA,2023-10-13,Action Pending,800000,Unsanctioned
MPLADS-033610,SHRI Deepender Singh,Rajya Sabha,Haryana,Sitting Rajya Sabha,,,MAHAM,Madina Gindhran(99),Normal/Others,NA - Purchase of sports equipment,DEPUTY COMMISSIONER ROHTAK_IDA,2023-10-13,Action Pending,200000,Unsanctioned
MPLADS-033626,SHRI Deepender Singh,Rajya Sabha,Haryana,Sitting Rajya Sabha,,,KALANAUR,Pilana(116),Normal/Others,NA - Purchase of sports equipment,DEPUTY COMMISSIONER ROHTAK_IDA,2023-10-13,Action Pending,200000,Unsanctioned
MPLADS-033643,SHRI Deepender Singh,Rajya Sabha,Haryana,Sitting Rajya Sabha,,,Khanpur St,Kasanda (58),Normal/Others,NA - Construction of common work sheds/ common covered sitting area,DEPUTY COMMISSIONER SONEPAT_IDA,2023-10-13,Action Pending,500000,Unsanctioned
MPLADS-033644,SHRI Ram Chander Jangra,Rajya Sabha,Haryana,Sitting Rajya Sabha,Meham,Badesara Road,,,Normal/Others,NA - Construction of shelters for animals,DEPUTY COMMISSIONER ROHTAK_IDA,2023-10-13,Action Pending,1021000,Unsanctioned
MPLADS-033668,Arvind Kumar Sharma,Lok Sabha,Haryana,ROHTAK,,,BERI,Dighal(2),Normal/Others,NA - Construction of community centers and community halls,Deputy Commissioner Jhajjar_IDA,2023-10-13,Action Pending,300000,Unsanctioned
MPLADS-033884,SHRI Deepender Singh,Rajya Sabha,Haryana,Sitting Rajya Sabha,,,ROHTAK,Samar Gopalpur(90),Normal/Others,WS/MP075/2023-2024/36053 - Construction of common work sheds/ common covered sitting area,DEPUTY COMMISSIONER ROHTAK_IDA,2023-10-12,Approved by IDA,500000,Unsanctioned
MPLADS-033885,SHRI Deepender Singh,Rajya Sabha,Haryana,Sitting Rajya Sabha,Rohtak,7,,,Normal/Others,WS/MP075/2023-2024/36052 - Construction of rooms and halls in school and colleges,DEPUTY COMMISSIONER ROHTAK_IDA,2023-10-12,Approved by IDA,500000,Unsanctioned
MPLADS-033886,SHRI Deepender Singh,Rajya Sabha,Haryana,Sitting Rajya Sabha,Meham,1,,,Normal/Others,WS/MP075/2023-2024/36051 - Construction of common work sheds/ common covered sitting area,DEPUTY COMMISSIONER ROHTAK_IDA,2023-10-12,Approved by IDA,550000,Unsanctioned
MPLADS-033900,SHRI Ram Chander Jangra,Rajya Sabha,Haryana,Sitting Rajya Sabha,,,LAKHAN MAJRA,Garauthi(92),Normal/Others,NA - Construction of community centers and community halls,DEPUTY COMMISSIONER ROHTAK_IDA,2023-10-12,Action Pending,1100000,Unsanctioned
MPLADS-033901,SHRI Deepender Singh,Rajya Sabha,Haryana,Sitting Rajya Sabha,,,,,Normal/Others,WS/MP075/2023-2024/36045 - Common work sheds for artisans,DEPUTY COMMISSIONER ROHTAK_IDA,2023-10-12,Approved by IDA,573000,Unsanctioned
MPLADS-033902,SHRI Deepender Singh,Rajya Sabha,Haryana,Sitting Rajya Sabha,,,MAHAM,Mokhra Khas(101),Normal/Others,WS/MP075/2023-2024/36046 - Construction of boundary walls of existing public and community buildings,DEPUTY COMMISSIONER ROHTAK_IDA,2023-10-12,Approved by IDA,550000,Unsanctioned
MPLADS-033903,SHRI Deepender Singh,Rajya Sabha,Haryana,Sitting Rajya Sabha,Rohtak,1,,,Normal/Others,WS/MP075/2023-2024/36047 - Construction of Railway Halt Station,DEPUTY COMMISSIONER ROHTAK_IDA,2023-10-12,Approved by IDA,1100000,Unsanctioned
MPLADS-033904,SHRI Deepender Singh,Rajya Sabha,Haryana,Sitting Rajya Sabha,,,SAMPLA,Kharawar(40),Normal/Others,NA - Common work sheds for artisans,DEPUTY COMMISSIONER ROHTAK_IDA,2023-10-12,Action Pending,550000,Unsanctioned
MPLADS-033905,SHRI Deepender Singh,Rajya Sabha,Haryana,Sitting Rajya Sabha,,,ROHTAK,Ghilor Kalan(85),Normal/Others,NA - Construction of community centers and community halls,DEPUTY COMMISSIONER ROHTAK_IDA,2023-10-12,Action Pending,540446,Unsanctioned
MPLADS-033906,SHRI Deepender Singh,Rajya Sabha,Haryana,Sitting Rajya Sabha,,,MAHAM,Gorawar(97),Normal/Others,WS/MP075/2023-2024/36050 - Construction of boundary walls of existing public and community buildings,DEPUTY COMMISSIONER ROHTAK_IDA,2023-10-12,Approved by IDA,500000,Unsanctioned
MPLADS-034042,Brijendra Singh,Lok Sabha,Haryana,HISAR,,,UCHANA,Dohana Khera (94),Normal/Others,NA - Construction of public irrigation facilities,Deputy Commissioner Jind_IDA,2023-10-12,Action Pending,1000000,Unsanctioned
MPLADS-034257,SHRI Deepender Singh,Rajya Sabha,Haryana,Sitting Rajya Sabha,,,UCHANA,Chhattar (76),Normal/Others,NA - Construction of common work sheds/ common covered sitting area,Deputy Commissioner Jind_IDA,2023-10-11,Action Pending,550000,Unsanctioned
MPLADS-034258,SHRI Deepender Singh,Rajya Sabha,Haryana,Sitting Rajya Sabha,Jind,24,,,Normal/Others,NA - Construction of boundary walls of existing public and community buildings,Deputy Commissioner Jind_IDA,2023-10-11,Action Pending,1100000,Unsanctioned
MPLADS-034259,SHRI Deepender Singh,Rajya Sabha,Haryana,Sitting Rajya Sabha,,,MUNAK,Gagsina (16),Normal/Others,WS/MP075/2023-2024/35792 - Construction of buildings for sports facilities,DEPUTY COMMISSIONER KARNAL_IDA,2023-10-11,Approved by IDA,550000,Unsanctioned
MPLADS-034260,SHRI Deepender Singh,Rajya Sabha,Haryana,Sitting Rajya Sabha,Hodal,20,,,Normal/Others,NA - Construction of community centers and community halls,Deputy Commissioner Palwal_IDA,2023-10-11,Action Pending,2100000,Unsanctioned
MPLADS-034274,SHRI Ram Chander Jangra,Rajya Sabha,Haryana,Sitting Rajya Sabha,Faridabad,ward no. 7,,,Normal/Others,NA - Construction of public libraries and reading rooms,DEPUTY COMMISSIONER FARIDABAD_IDA,2023-10-11,Action Pending,1100000,Unsanctioned
MPLADS-034275,SHRI Ram Chander Jangra,Rajya Sabha,Haryana,Sitting Rajya Sabha,,,DABWALI,Risalia Khera(246),Normal/Others,NA - Purchase of ambulance to transport sick and injured animals,DEPUTY COMMISSIONER SIRSA_IDA,2023-10-11,Action Pending,1100000,Unsanctioned
MPLADS-034276,SHRI Deepender Singh,Rajya Sabha,Haryana,Sitting Rajya Sabha,,,BAWAL,Balawas (10),Normal/Others,WS/MP075/2023-2024/35797 - Construction of buildings for sports facilities,DEPUTY COMMISSIONER REWARI_IDA,2023-10-11,Approved by IDA,500000,Unsanctioned
MPLADS-034277,SHRI Deepender Singh,Rajya Sabha,Haryana,Sitting Rajya Sabha,,,MADLAUDA,Dharamgarh (1),Normal/Others,NA - Construction of common work sheds/ common covered sitting area,Deputy Commissioner Panipat_IDA,2023-10-11,Action Pending,600000,Unsanctioned
MPLADS-034278,SHRI Deepender Singh,Rajya Sabha,Haryana,Sitting Rajya Sabha,,,ISRANA,Shahpur (89),Normal/Others,NA - Construction of common work sheds/ common covered sitting area,Deputy Commissioner Panipat_IDA,2023-10-11,Action Pending,500000,Unsanctioned
MPLADS-034279,SHRI Deepender Singh,Rajya Sabha,Haryana,Sitting Rajya Sabha,Panchkula,5,,,Normal/Others,NA - Construction of community centers and community halls,DEPUTY COMMISSIONER PANCHKULA_IDA,2023-10-11,Action Pending,1100000,Unsanctioned
MPLADS-034356,Rao Inderjit Singh,Lok Sabha,Haryana,GURGAON,,,PATAUDI,Tatarpur(27),Normal/Others,"WS/MP516/2023-2024/35709 - Construction of roads, approach roads, link roads and pathways",Deputy Commissioner Gurugram_IDA,2023-10-11,Approved by IDA,799000,Unsanctioned
MPLADS-034357,Rao Inderjit Singh,Lok Sabha,Haryana,GURGAON,,,PATAUDI,Khalilpur(272),Normal/Others,"WS/MP516/2023-2024/35715 - Construction of roads, approach roads, link roads and pathways",Deputy Commissioner Gurugram_IDA,2023-10-11,Approved by IDA,1262000,Unsanctioned
MPLADS-034603,SHRI Deepender Singh,Rajya Sabha,Haryana,Sitting Rajya Sabha,Sohna,4,,,Normal/Others,NA - Construction of community centers and community halls,Deputy Commissioner Gurugram_IDA,2023-10-10,Action Pending,500000,Unsanctioned
MPLADS-034604,SHRI Deepender Singh,Rajya Sabha,Haryana,Sitting Rajya Sabha,,,ADAMPUR,Kherampur(21),Normal/Others,NA - Construction of community centers and community halls,DEPUTY COMMISSIONER HISSAR_IDA,2023-10-10,Action Pending,550000,Unsanctioned
MPLADS-034605,SHRI Deepender Singh,Rajya Sabha,Haryana,Sitting Rajya Sabha,,,JHAJJAR,Kablana(92),Normal/Others,NA - Construction of additional rooms and halls in the existing public and community building,Deputy Commissioner Jhajjar_IDA,2023-10-10,Action Pending,700000,Unsanctioned
MPLADS-034606,SHRI Deepender Singh,Rajya Sabha,Haryana,Sitting Rajya Sabha,,,BAHADURGARH,Kanonda(33),Normal/Others,NA - Construction of community centers and community halls,Deputy Commissioner Jhajjar_IDA,2023-10-10,Action Pending,500000,Unsanctioned
MPLADS-034607,SHRI Deepender Singh,Rajya Sabha,Haryana,Sitting Rajya Sabha,Jhajjar,1,,,Normal/Others,NA - Construction of community centers and community halls,Deputy Commissioner Jhajjar_IDA,2023-10-10,Action Pending,700000,Unsanctioned
MPLADS-034608,SHRI Deepender Singh,Rajya Sabha,Haryana,Sitting Rajya Sabha,Jhajjar,5,,,Normal/Others,WS/MP075/2023-2024/35213 - Common work sheds for artisans,Deputy Commissioner Jhajjar_IDA,2023-10-10,Approved by IDA,1100000,Unsanctioned
MPLADS-034609,SHRI Deepender Singh,Rajya Sabha,Haryana,Sitting Rajya Sabha,,,JHAJJAR,Bir Dhana(108),Normal/Others,WS/MP075/2023-2024/35214 - Construction of community centers and community halls,Deputy Commissioner Jhajjar_IDA,2023-10-10,Approved by IDA,550000,Unsanctioned
MPLADS-034610,SHRI Deepender Singh,Rajya Sabha,Haryana,Sitting Rajya Sabha,,,BAHADURGARH,Mandothi(53),Normal/Others,WS/MP075/2023-2024/35215 - Common work sheds for artisans,Deputy Commissioner Jhajjar_IDA,2023-10-10,Approved by IDA,700000,Unsanctioned
MPLADS-034611,SHRI Deepender Singh,Rajya Sabha,Haryana,Sitting Rajya Sabha,,,BADLI,Ladpur(86),Normal/Others,NA - Construction of public libraries and reading rooms,Deputy Commissioner Jhajjar_IDA,2023-10-10,Rejected by IDA,500000,Unsanctioned
MPLADS-034612,SHRI Deepender Singh,Rajya Sabha,Haryana,Sitting Rajya Sabha,Jhajjar,3,,,Normal/Others,WS/MP075/2023-2024/35217 - Construction of community centers and community halls,Deputy Commissioner Jhajjar_IDA,2023-10-10,Approved by IDA,700000,Unsanctioned
MPLADS-034613,SHRI Deepender Singh,Rajya Sabha,Haryana,Sitting Rajya Sabha,,,BAHADURGARH,Asouda Todran(28),Normal/Others,NA - Construction of community centers and community halls,Deputy Commissioner Jhajjar_IDA,2023-10-10,Action Pending,550000,Unsanctioned
MPLADS-034614,SHRI Deepender Singh,Rajya Sabha,Haryana,Sitting Rajya Sabha,,,MATANNAIL,Redhuwas(219),Normal/Others,NA - Construction of community centers and community halls,Deputy Commissioner Jhajjar_IDA,2023-10-10,Action Pending,500000,Unsanctioned
MPLADS-034615,SHRI Deepender Singh,Rajya Sabha,Haryana,Sitting Rajya Sabha,,,JHAJJAR,Kheri Khumar(111),Normal/Others,WS/MP075/2023-2024/35220 - Creation of new ponds,Deputy Commissioner Jhajjar_IDA,2023-10-10,Approved by IDA,550000,Unsanctioned
MPLADS-034956,Arvind Kumar Sharma,Lok Sabha,Haryana,ROHTAK,,,MACHHRAULI,Machhrauli(240),Normal/Others,NA - Construction of community centers and community halls,Deputy Commissioner Jhajjar_IDA,2023-10-09,Action Pending,1110299,Unsanctioned
MPLADS-034957,Arvind Kumar Sharma,Lok Sabha,Haryana,ROHTAK,Beri,Beri City,,,Normal/Others,NA - Construction of community centers and community halls,Deputy Commissioner Jhajjar_IDA,2023-10-09,Action Pending,1100000,Unsanctioned
MPLADS-034958,Arvind Kumar Sharma,Lok Sabha,Haryana,ROHTAK,,,LAKHAN MAJRA,Sunderpur(91),Normal/Others,WS/MP501/2023-2024/34970 - Construction of boundary walls of existing public and community buildings,DEPUTY COMMISSIONER ROHTAK_IDA,2023-10-09,Approved by IDA,1100000,Unsanctioned
MPLADS-034982,Arvind Kumar Sharma,Lok Sabha,Haryana,ROHTAK,Kalanaur,Kalanour,,,Normal/Others,"NA - Purchase of IT systems, including hardware and software for educational purposes",DEPUTY COMMISSIONER ROHTAK_IDA,2023-10-09,Action Pending,500000,Unsanctioned
MPLADS-034983,Arvind Kumar Sharma,Lok Sabha,Haryana,ROHTAK,,,SALHAWAS,Kasni(228),Normal/Others,NA - Construction of buildings for sports facilities,Deputy Commissioner Jhajjar_IDA,2023-10-09,Action Pending,1100000,Unsanctioned
MPLADS-034991,Arvind Kumar Sharma,Lok Sabha,Haryana,ROHTAK,Jhajjar,Jhajjar City,,,Normal/Others,NA - Improvement of electricity distribution infrastructure,Deputy Commissioner Jhajjar_IDA,2023-10-09,Action Pending,132700,Unsanctioned
MPLADS-034992,Arvind Kumar Sharma,Lok Sabha,Haryana,ROHTAK,Jhajjar,Jhajjar City,,,Normal/Others,NA - Purchase of sports equipment,Deputy Commissioner Jhajjar_IDA,2023-10-09,Action Pending,500000,Unsanctioned
MPLADS-034993,Arvind Kumar Sharma,Lok Sabha,Haryana,ROHTAK,Jhajjar,Ward 10,,,Normal/Others,NA - Common work sheds for artisans,Deputy Commissioner Jhajjar_IDA,2023-10-09,Action Pending,1100000,Unsanctioned
MPLADS-034995,Arvind Kumar Sharma,Lok Sabha,Haryana,ROHTAK,Jhajjar,Jhajjar city,,,Normal/Others,NA - Construction of community centers and community halls,Deputy Commissioner Jhajjar_IDA,2023-10-09,Action Pending,1100000,Unsanctioned
MPLADS-034996,Arvind Kumar Sharma,Lok Sabha,Haryana,ROHTAK,,,BAHADURGARH,Chhudani(93),Normal/Others,NA - Construction of community centers and community halls,Deputy Commissioner Jhajjar_IDA,2023-10-09,Action Pending,600000,Unsanctioned
MPLADS-034997,Arvind Kumar Sharma,Lok Sabha,Haryana,ROHTAK,,,MACHHRAULI,Batehra(254),Normal/Others,NA - Construction of buildings for community cultural activities,Deputy Commissioner Jhajjar_IDA,2023-10-09,Action Pending,500000,Unsanctioned
MPLADS-034998,Arvind Kumar Sharma,Lok Sabha,Haryana,ROHTAK,,,MACHHRAULI,Batehra(254),Normal/Others,WS/MP501/2023-2024/34894 - Common work sheds for artisans,Deputy Commissioner Jhajjar_IDA,2023-10-09,Approved by IDA,350000,Unsanctioned
MPLADS-034999,Arvind Kumar Sharma,Lok Sabha,Haryana,ROHTAK,,,MACHHRAULI,Kulana(248),Normal/Others,NA - Construction of community centers and community halls,Deputy Commissioner Jhajjar_IDA,2023-10-09,Action Pending,1100000,Unsanctioned
MPLADS-035170,SHRI Devender Paul Vats,Rajya Sabha,Haryana,Sitting Rajya Sabha,,,HANSI-II,Thurana(103),Normal/Others,NA - Construction of community centers and community halls,DEPUTY COMMISSIONER HISSAR_IDA,2023-10-09,Action Pending,2500000,Unsanctioned
MPLADS-035171,SHRI Devender Paul Vats,Rajya Sabha,Haryana,Sitting Rajya Sabha,,,HANSI-I,Umra(137),Normal/Others,NA - Laying of synthetic turfs for hockey and football,DEPUTY COMMISSIONER HISSAR_IDA,2023-10-09,Action Pending,1000000,Unsanctioned
MPLADS-035269,SHRI Ram Chander Jangra,Rajya Sabha,Haryana,Sitting Rajya Sabha,,,GOHANA,Mahra (35),Normal/Others,NA - Construction of public libraries and reading rooms,DEPUTY COMMISSIONER SONEPAT_IDA,2023-10-08,Action Pending,1100000,Unsanctioned
MPLADS-035270,SHRI Devender Paul Vats,Rajya Sabha,Haryana,Sitting Rajya Sabha,,,BHIWANI,Mitathal (6),Normal/Others,NA - Purchase of non-conventional energy system and devices for community use,Deputy Commissioner Bhiwani_IDA,2023-10-08,Action Pending,500000,Unsanctioned
MPLADS-035620,SHRI Devender Paul Vats,Rajya Sabha,Haryana,Sitting Rajya Sabha,,,HISAR-I,Balawas(32),Normal/Others,NA - Purchase of mobile water tankers,DEPUTY COMMISSIONER HISSAR_IDA,2023-10-07,Action Pending,158000,Unsanctioned
MPLADS-035621,SHRI Devender Paul Vats,Rajya Sabha,Haryana,Sitting Rajya Sabha,,,ADAMPUR,Kohli(35),Normal/Others,NA - Purchase of mobile water tankers,DEPUTY COMMISSIONER HISSAR_IDA,2023-10-07,Action Pending,158000,Unsanctioned
MPLADS-035622,SHRI Devender Paul Vats,Rajya Sabha,Haryana,Sitting Rajya Sabha,,,HISAR-I,Nalwa(33),Normal/Others,NA - Purchase of mobile water tankers,DEPUTY COMMISSIONER HISSAR_IDA,2023-10-07,Action Pending,158000,Unsanctioned
MPLADS-035623,SHRI Devender Paul Vats,Rajya Sabha,Haryana,Sitting Rajya Sabha,Hisar,Sector 33 Hissar,,,Normal/Others,WS/MP076/2023-2024/34185 - Purchase of mobile water tankers,DEPUTY COMMISSIONER HISSAR_IDA,2023-10-07,Approved by IDA,155000,Unsanctioned
MPLADS-035624,SHRI Devender Paul Vats,Rajya Sabha,Haryana,Sitting Rajya Sabha,,,HANSI-II,Bhatol Rangran(126),Normal/Others,WS/MP076/2023-2024/34193 - Purchase of non-conventional energy system and devices for community use,DEPUTY COMMISSIONER HISSAR_IDA,2023-10-07,Approved by IDA,793800,Unsanctioned
MPLADS-035648,SHRI Ram Chander Jangra,Rajya Sabha,Haryana,Sitting Rajya Sabha,Rewari,Near Jila Jail,,,Normal/Others,WS/MP077/2023-2024/33433 - Construction of community centers and community halls,DEPUTY COMMISSIONER REWARI_IDA,2023-10-07,Approved by IDA,1100000,Unsanctioned
MPLADS-036162,SHRI Devender Paul Vats,Rajya Sabha,Haryana,Sitting Rajya Sabha,,,HANSI-II,Ugalan (93),Normal/Others,NA - Installation of multi-gym equipment,DEPUTY COMMISSIONER HISSAR_IDA,2023-10-06,Action Pending,500000,Unsanctioned
MPLADS-036321,Ramesh Chander Kaushik,Lok Sabha,Haryana,SONEPAT,,,KATHURA,Bhawar (2),Normal/Others,NA - Construction of community centers and community halls,DEPUTY COMMISSIONER SONEPAT_IDA,2023-10-06,Action Pending,500000,Unsanctioned
MPLADS-036326,Brijendra Singh,Lok Sabha,Haryana,HISAR,,,HANSI-I,Dhamian(29),Normal/Others,NA - water tanker,DEPUTY COMMISSIONER HISSAR_IDA,2023-10-06,Action Pending,158000,Unsanctioned
MPLADS-036327,Brijendra Singh,Lok Sabha,Haryana,HISAR,,,BARWALA,Balak(130),Normal/Others,WS/MP593/2023-2024/32608 - Purchase of mobile water tankers,DEPUTY COMMISSIONER HISSAR_IDA,2023-10-06,Approved by IDA,158000,Unsanctioned
MPLADS-036328,Brijendra Singh,Lok Sabha,Haryana,HISAR,,,BARWALA,Bhaini Badshahpur(125),Normal/Others,WS/MP593/2023-2024/32611 - Purchase of mobile water tankers,DEPUTY COMMISSIONER HISSAR_IDA,2023-10-06,Approved by IDA,158000,Unsanctioned
MPLADS-036329,Arvind Kumar Sharma,Lok Sabha,Haryana,ROHTAK,,,BAHADURGARH,Daboda Khurd(49),Normal/Others,NA - Construction of buildings for sports facilities,Deputy Commissioner Jhajjar_IDA,2023-10-06,Action Pending,1100000,Unsanctioned
MPLADS-036330,Ramesh Chander Kaushik,Lok Sabha,Haryana,SONEPAT,,,SAFIDON,Karkhana (39),Normal/Others,NA - Construction of community centers and community halls,Deputy Commissioner Jind_IDA,2023-10-06,Action Pending,1000000,Unsanctioned
MPLADS-036332,Ramesh Chander Kaushik,Lok Sabha,Haryana,SONEPAT,,,PILLUKHERA,Bham Bhewa (9),Normal/Others,NA - Construction of boundary walls of existing public and community buildings,Deputy Commissioner Jind_IDA,2023-10-06,Action Pending,300000,Unsanctioned
MPLADS-036333,Ramesh Chander Kaushik,Lok Sabha,Haryana,SONEPAT,Safidon,Laiya chaupal,,,Normal/Others,WS/MP592/2023-2024/33387 - Construction of community centers and community halls,Deputy Commissioner Jind_IDA,2023-10-06,Approved by IDA,500000,Unsanctioned
MPLADS-036334,Ramesh Chander Kaushik,Lok Sabha,Haryana,SONEPAT,Safidon,MC Safidon,,,Normal/Others,NA - Construction of community centers and community halls,Deputy Commissioner Jind_IDA,2023-10-06,Action Pending,200000,Unsanctioned
MPLADS-036488,Rao Inderjit Singh,Lok Sabha,Haryana,GURGAON,,,BAWAL,Deodhai (160),Normal/Others,WS/MP516/2023-2024/31694 - Providing drains and gutters for public drainage,DEPUTY COMMISSIONER REWARI_IDA,2023-10-05,Approved by IDA,587000,Unsanctioned
MPLADS-036489,Ramesh Chander Kaushik,Lok Sabha,Haryana,SONEPAT,Sonipat,Rathdhana,,,Normal/Others,NA - Construction of additional rooms and halls in the existing public and community building,DEPUTY COMMISSIONER SONEPAT_IDA,2023-10-05,Action Pending,500000,Unsanctioned
MPLADS-036490,Ramesh Chander Kaushik,Lok Sabha,Haryana,SONEPAT,,,RAI,Akbarpur Barota (62),Normal/Others,"NA - Construction of roads, approach roads, link roads and pathways",DEPUTY COMMISSIONER SONEPAT_IDA,2023-10-05,Action Pending,500000,Unsanctioned
MPLADS-036491,Ramesh Chander Kaushik,Lok Sabha,Haryana,SONEPAT,,,KHARKHODA,Garhi Sisana (27R),Normal/Others,WS/MP592/2023-2024/31708 - Construction of community centers and community halls,DEPUTY COMMISSIONER SONEPAT_IDA,2023-10-05,Approved by IDA,800000,Unsanctioned
MPLADS-036517,Ramesh Chander Kaushik,Lok Sabha,Haryana,SONEPAT,Gohana,MC Gohana,,,Trust and Society,NA - Construction of rooms and halls in school and colleges,DEPUTY COMMISSIONER SONEPAT_IDA,2023-10-05,Action Pending,1000000,Unsanctioned
MPLADS-036518,Ramesh Chander Kaushik,Lok Sabha,Haryana,SONEPAT,,,SONIPAT,Mohana (181),Trust and Society,NA - Construction of public libraries and reading rooms,DEPUTY COMMISSIONER SONEPAT_IDA,2023-10-05,Action Pending,500000,Unsanctioned
MPLADS-036519,Ramesh Chander Kaushik,Lok Sabha,Haryana,SONEPAT,,,SAFIDON,Butani (28),Normal/Others,NA - Construction of public libraries and reading rooms,Deputy Commissioner Jind_IDA,2023-10-05,Action Pending,500000,Unsanctioned
MPLADS-036520,Arvind Kumar Sharma,Lok Sabha,Haryana,ROHTAK,,,SAMPLA,Kharawar(40),Normal/Others,NA - Construction of common work sheds/ common covered sitting area,DEPUTY COMMISSIONER ROHTAK_IDA,2023-10-05,Action Pending,1100000,Unsanctioned
MPLADS-036543,Arvind Kumar Sharma,Lok Sabha,Haryana,ROHTAK,,,BAHADURGARH,Mandothi(53),Normal/Others,WS/MP501/2023-2024/32179 - Construction of buildings for multi-gym,Deputy Commissioner Jhajjar_IDA,2023-10-05,Approved by IDA,1100000,Unsanctioned
MPLADS-036544,Arvind Kumar Sharma,Lok Sabha,Haryana,ROHTAK,,,SAMPLA,Kharawar(40),Normal/Others,NA - Construction of community centers and community halls,DEPUTY COMMISSIONER ROHTAK_IDA,2023-10-05,Action Pending,500000,Unsanctioned
MPLADS-036545,Arvind Kumar Sharma,Lok Sabha,Haryana,ROHTAK,,,BAHADURGARH,Lawa Khurd(47),Normal/Others,WS/MP501/2023-2024/32091 - Construction of buildings for sports facilities,Deputy Commissioner Jhajjar_IDA,2023-10-05,Approved by IDA,1100000,Unsanctioned
MPLADS-036546,Arvind Kumar Sharma,Lok Sabha,Haryana,ROHTAK,,,NAHAR,Nahar (10-N),Normal/Others,WS/MP501/2023-2024/31996 - Construction of community centers and community halls,DEPUTY COMMISSIONER REWARI_IDA,2023-10-05,Approved by IDA,600000,Unsanctioned
MPLADS-036547,Arvind Kumar Sharma,Lok Sabha,Haryana,ROHTAK,,,NAHAR,Kosli (172),Normal/Others,WS/MP501/2023-2024/31997 - Construction of community centers and community halls,DEPUTY COMMISSIONER REWARI_IDA,2023-10-05,Approved by IDA,500000,Unsanctioned
MPLADS-036548,Arvind Kumar Sharma,Lok Sabha,Haryana,ROHTAK,,,NAHAR,Bhakali II (165),Normal/Others,"WS/MP501/2023-2024/31998 - Construction of roads, approach roads, link roads and pathways",DEPUTY COMMISSIONER REWARI_IDA,2023-10-05,Approved by IDA,500000,Unsanctioned
MPLADS-036549,Arvind Kumar Sharma,Lok Sabha,Haryana,ROHTAK,,,DAHINA,Daroli (3),Normal/Others,WS/MP501/2023-2024/31999 - Construction of rooms and halls in school and colleges,DEPUTY COMMISSIONER REWARI_IDA,2023-10-05,Approved by IDA,1000000,Unsanctioned
MPLADS-036550,Arvind Kumar Sharma,Lok Sabha,Haryana,ROHTAK,,,JHAJJAR,Dojhana(3-N),Normal/Others,NA - Construction of community centers and community halls,Deputy Commissioner Jhajjar_IDA,2023-10-05,Action Pending,500000,Unsanctioned
MPLADS-036551,Arvind Kumar Sharma,Lok Sabha,Haryana,ROHTAK,,,JHAJJAR,Dojhana(3-N),Normal/Others,WS/MP501/2023-2024/32010 - Construction of community centers and community halls,Deputy Commissioner Jhajjar_IDA,2023-10-05,Approved by IDA,500000,Unsanctioned
MPLADS-036552,Arvind Kumar Sharma,Lok Sabha,Haryana,ROHTAK,Sampla,Sampla,,,Normal/Others,WS/MP501/2023-2024/32018 - Construction of community centers and community halls,DEPUTY COMMISSIONER ROHTAK_IDA,2023-10-05,Approved by IDA,195000,Unsanctioned
MPLADS-036553,Arvind Kumar Sharma,Lok Sabha,Haryana,ROHTAK,,,KALANAUR,Katesra(118),Normal/Others,WS/MP501/2023-2024/32089 - Construction of community centers and community halls,DEPUTY COMMISSIONER ROHTAK_IDA,2023-10-05,Approved by IDA,1083000,Unsanctioned
MPLADS-036554,Arvind Kumar Sharma,Lok Sabha,Haryana,ROHTAK,,,ROHTAK,Simli(71),Normal/Others,WS/MP501/2023-2024/32090 - Renovation of ponds and lakes,DEPUTY COMMISSIONER ROHTAK_IDA,2023-10-05,Approved by IDA,500000,Unsanctioned
MPLADS-036555,Arvind Kumar Sharma,Lok Sabha,Haryana,ROHTAK,Rohtak,Rohtak,,,Normal/Others,WS/MP501/2023-2024/32092 - Construction of rooms and halls in school and colleges,DEPUTY COMMISSIONER ROHTAK_IDA,2023-10-05,Approved by IDA,1100000,Unsanctioned
MPLADS-036556,Arvind Kumar Sharma,Lok Sabha,Haryana,ROHTAK,,,SAMPLA,Kharawar(40),Normal/Others,"NA - Construction of rooms and facilities for hospitals, FWC , PHC Centers and ANM centers",DEPUTY COMMISSIONER ROHTAK_IDA,2023-10-05,Action Pending,500000,Unsanctioned
MPLADS-036557,Arvind Kumar Sharma,Lok Sabha,Haryana,ROHTAK,Jhajjar,jhajjar city,,,Normal/Others,WS/MP501/2023-2024/32117 - Common work sheds for artisans,Deputy Commissioner Jhajjar_IDA,2023-10-05,Approved by IDA,1100000,Unsanctioned
MPLADS-036558,Arvind Kumar Sharma,Lok Sabha,Haryana,ROHTAK,Bahadurgarh,Sec.9,,,Normal/Others,WS/MP501/2023-2024/32118 - Construction of community centers and community halls,Deputy Commissioner Jhajjar_IDA,2023-10-05,Approved by IDA,500000,Unsanctioned
MPLADS-036559,Arvind Kumar Sharma,Lok Sabha,Haryana,ROHTAK,Jhajjar,no.4,,,Normal/Others,NA - Construction of additional rooms and halls in the existing public and community building,Deputy Commissioner Jhajjar_IDA,2023-10-05,Action Pending,1100000,Unsanctioned
MPLADS-036560,Arvind Kumar Sharma,Lok Sabha,Haryana,ROHTAK,Beri,Beri Road,,,Normal/Others,NA - Construction of rooms and halls in school and colleges,Deputy Commissioner Jhajjar_IDA,2023-10-05,Action Pending,500000,Unsanctioned
MPLADS-036561,Arvind Kumar Sharma,Lok Sabha,Haryana,ROHTAK,Beri,Beri,,,Normal/Others,WS/MP501/2023-2024/32121 - Common work sheds for artisans,Deputy Commissioner Jhajjar_IDA,2023-10-05,Approved by IDA,600000,Unsanctioned
MPLADS-036562,Arvind Kumar Sharma,Lok Sabha,Haryana,ROHTAK,Beri,"Main Bazar, Beri",,,Normal/Others,WS/MP501/2023-2024/32122 - Common work sheds for artisans,Deputy Commissioner Jhajjar_IDA,2023-10-05,Approved by IDA,500000,Unsanctioned
MPLADS-036563,Arvind Kumar Sharma,Lok Sabha,Haryana,ROHTAK,,,MATANNAIL,Matanhail(141),Normal/Others,WS/MP501/2023-2024/32128 - Common work sheds for artisans,Deputy Commissioner Jhajjar_IDA,2023-10-05,Approved by IDA,300000,Unsanctioned
MPLADS-036564,Arvind Kumar Sharma,Lok Sabha,Haryana,ROHTAK,,,BAHADURGARH,Jakhauda(41),Normal/Others,NA - Common work sheds for artisans,Deputy Commissioner Jhajjar_IDA,2023-10-05,Action Pending,500000,Unsanctioned
MPLADS-036565,Arvind Kumar Sharma,Lok Sabha,Haryana,ROHTAK,Bahadurgarh,Badli Road,,,Normal/Others,"NA - Purchase of IT systems, including hardware and software for educational purposes",Deputy Commissioner Jhajjar_IDA,2023-10-05,Action Pending,200000,Unsanctioned
MPLADS-036587,SHRI Ram Chander Jangra,Rajya Sabha,Haryana,Sitting Rajya Sabha,Rewari,Rewari,,,Normal/Others,NA - Development of playfields and sports grounds,DEPUTY COMMISSIONER REWARI_IDA,2023-10-05,Action Pending,1750000,Unsanctioned
MPLADS-036979,Rao Inderjit Singh,Lok Sabha,Haryana,GURGAON,,,FARRUKH NAGAR,Khera Khurampur(8),Normal/Others,"NA - Construction of roads, approach roads, link roads and pathways",Deputy Commissioner Gurugram_IDA,2023-10-04,Action Pending,150000,Unsanctioned
MPLADS-036980,Rao Inderjit Singh,Lok Sabha,Haryana,GURGAON,,,REWARI,Kaunsiwas (175),Normal/Others,WS/MP516/2023-2024/31205 - Renovation of ponds and lakes,DEPUTY COMMISSIONER REWARI_IDA,2023-10-04,Approved by IDA,337000,Unsanctioned
MPLADS-036981,Arvind Kumar Sharma,Lok Sabha,Haryana,ROHTAK,Rohtak,Baliyana,,,Normal/Others,WS/MP501/2023-2024/31255 - Construction of community centers and community halls,DEPUTY COMMISSIONER ROHTAK_IDA,2023-10-04,Approved by IDA,1000000,Unsanctioned
MPLADS-036982,Rao Inderjit Singh,Lok Sabha,Haryana,GURGAON,,,,,Normal/Others,NA - Lighting of public spaces,Deputy Commissioner Nuh_IDA,2023-10-04,Action Pending,110000,Unsanctioned
MPLADS-036990,Arvind Kumar Sharma,Lok Sabha,Haryana,ROHTAK,,,BERI,Dighal(2),Normal/Others,WS/MP501/2023-2024/31257 - Construction of common work sheds/ common covered sitting area,Deputy Commissioner Jhajjar_IDA,2023-10-04,Approved by IDA,1100000,Unsanctioned
MPLADS-037007,Arvind Kumar Sharma,Lok Sabha,Haryana,ROHTAK,Rohtak,Pahrawar,,,Normal/Others,WS/MP501/2023-2024/31256 - Construction of community centers and community halls,DEPUTY COMMISSIONER ROHTAK_IDA,2023-10-04,Approved by IDA,500000,Unsanctioned
MPLADS-037009,Arvind Kumar Sharma,Lok Sabha,Haryana,ROHTAK,,,MATANNAIL,Khorda(17-N),Normal/Others,WS/MP501/2023-2024/31258 - Common work sheds for artisans,Deputy Commissioner Jhajjar_IDA,2023-10-04,Approved by IDA,500000,Unsanctioned
MPLADS-037032,Arvind Kumar Sharma,Lok Sabha,Haryana,ROHTAK,,,,,Normal/Others,WS/MP501/2023-2024/31264 - Construction of boundary walls of existing public and community buildings,DEPUTY COMMISSIONER ROHTAK_IDA,2023-10-04,Approved by IDA,1374000,Unsanctioned
MPLADS-037034,Rao Inderjit Singh,Lok Sabha,Haryana,GURGAON,,,BAWAL,Naichana (1),Normal/Others,"WS/MP516/2023-2024/31268 - Construction of roads, approach roads, link roads and pathways",DEPUTY COMMISSIONER REWARI_IDA,2023-10-04,Approved by IDA,1000000,Unsanctioned
MPLADS-037035,Arvind Kumar Sharma,Lok Sabha,Haryana,ROHTAK,,,BAHADURGARH,Kanonda(33),Normal/Others,WS/MP501/2023-2024/31380 - Construction of community centers and community halls,Deputy Commissioner Jhajjar_IDA,2023-10-04,Approved by IDA,1100000,Unsanctioned
MPLADS-037386,SHRI Deepender Singh,Rajya Sabha,Haryana,Sitting Rajya Sabha,Cheeka,10,,,Normal/Others,NA - Setting up public non-conventional energy plants,Deputy Commissioner Kaithal_IDA,2023-10-04,Action Pending,500000,Unsanctioned
MPLADS-037387,SHRI Devender Paul Vats,Rajya Sabha,Haryana,Sitting Rajya Sabha,Kaithal,Maharishi valmiki Sanskrit University Kaithal,,,Normal/Others,NA - Purchase of school vans and buses (Four and three wheelers),Deputy Commissioner Kaithal_IDA,2023-10-04,Action Pending,300000,Unsanctioned
MPLADS-037388,SHRI Devender Paul Vats,Rajya Sabha,Haryana,Sitting Rajya Sabha,,,NARWANA,Amargarh (80),Normal/Others,NA - Purchase of mobile water tankers,Deputy Commissioner Jind_IDA,2023-10-04,Action Pending,158000,Unsanctioned
MPLADS-037389,SHRI Ram Chander Jangra,Rajya Sabha,Haryana,Sitting Rajya Sabha,Bhiwani,ward no. 7,,,Normal/Others,WS/MP077/2023-2024/31509 - Construction of community centers and community halls,Deputy Commissioner Bhiwani_IDA,2023-10-04,Approved by IDA,1100000,Unsanctioned
MPLADS-037390,SHRI Ram Chander Jangra,Rajya Sabha,Haryana,Sitting Rajya Sabha,Bhiwani,Buani Khera Road,,,Normal/Others,"WS/MP077/2023-2024/31513 - Purchase of vehicle for mobile dispensaries (Four, three and two wheelers)",Deputy Commissioner Bhiwani_IDA,2023-10-04,Approved by IDA,1100000,Unsanctioned
MPLADS-037391,SHRI Ram Chander Jangra,Rajya Sabha,Haryana,Sitting Rajya Sabha,,,MAHENDRAGARH,Sisoth(61),Normal/Others,WS/MP077/2023-2024/31516 - Construction of additional rooms and halls in the existing public and community building,DEPUTY COMMISSIONER MAHENDRAGARH_IDA,2023-10-04,Approved by IDA,1100000,Unsanctioned
MPLADS-037543,SHRI Devender Paul Vats,Rajya Sabha,Haryana,Sitting Rajya Sabha,,,HISAR-II,Dewe(60),Normal/Others,WS/MP076/2023-2024/30561 - Development of public parks,DEPUTY COMMISSIONER HISSAR_IDA,2023-10-03,Approved by IDA,299395,Unsanctioned
MPLADS-037544,SHRI Deepender Singh,Rajya Sabha,Haryana,Sitting Rajya Sabha,Rohtak,19,,,Normal/Others,NA - Construction of rooms and halls in school and colleges,DEPUTY COMMISSIONER ROHTAK_IDA,2023-10-03,Action Pending,550000,Unsanctioned
MPLADS-037578,SHRI Deepender Singh,Rajya Sabha,Haryana,Sitting Rajya Sabha,Jhajjar,16,,,Normal/Others,NA - Construction of community centers and community halls,Deputy Commissioner Jhajjar_IDA,2023-10-03,Action Pending,900000,Unsanctioned
MPLADS-037613,SHRI Deepender Singh,Rajya Sabha,Haryana,Sitting Rajya Sabha,,,ROHTAK,Kiloi Khas(60),Normal/Others,WS/MP075/2023-2024/30478 - Construction of boundary walls of existing public and community buildings,DEPUTY COMMISSIONER ROHTAK_IDA,2023-10-03,Approved by IDA,1100000,Unsanctioned
MPLADS-037626,SHRI Deepender Singh,Rajya Sabha,Haryana,Sitting Rajya Sabha,,,BAHADURGARH,Rohad(25),Normal/Others,NA - Construction of boundary walls of existing public and community buildings,Deputy Commissioner Jhajjar_IDA,2023-10-03,Action Pending,500000,Unsanctioned
MPLADS-037627,SHRI Deepender Singh,Rajya Sabha,Haryana,Sitting Rajya Sabha,,,MAHAM,Seman(115),Normal/Others,NA - Construction of community centers and community halls,DEPUTY COMMISSIONER ROHTAK_IDA,2023-10-03,Action Pending,500000,Unsanctioned
MPLADS-037628,SHRI Deepender Singh,Rajya Sabha,Haryana,Sitting Rajya Sabha,,,BAHADURGARH,Nuna Majra(46),Normal/Others,NA - Common work sheds for artisans,Deputy Commissioner Jhajjar_IDA,2023-10-03,Action Pending,500000,Unsanctioned
MPLADS-037630,SHRI Deepender Singh,Rajya Sabha,Haryana,Sitting Rajya Sabha,,,HISAR-II,Arya Nagar(57),Normal/Others,NA - Construction of rooms and halls in school and colleges,DEPUTY COMMISSIONER HISSAR_IDA,2023-10-03,Action Pending,550000,Unsanctioned
MPLADS-037631,SHRI Deepender Singh,Rajya Sabha,Haryana,Sitting Rajya Sabha,,,HANSI-I,Data(83),Normal/Others,NA - Common work sheds for artisans,DEPUTY COMMISSIONER HISSAR_IDA,2023-10-03,Action Pending,550000,Unsanctioned
MPLADS-037632,SHRI Deepender Singh,Rajya Sabha,Haryana,Sitting Rajya Sabha,Karnal,8,,,Normal/Others,NA - Construction of public libraries and reading rooms,DEPUTY COMMISSIONER KARNAL_IDA,2023-10-03,Action Pending,1100000,Unsanctioned
MPLADS-037633,SHRI Deepender Singh,Rajya Sabha,Haryana,Sitting Rajya Sabha,,,LOHARU,Singhani(40),Normal/Others,WS/MP075/2023-2024/30520 - Construction of boundary walls of existing public and community buildings,Deputy Commissioner Bhiwani_IDA,2023-10-03,Approved by IDA,500000,Unsanctioned
MPLADS-037634,SHRI Deepender Singh,Rajya Sabha,Haryana,Sitting Rajya Sabha,,,,,Repair and Renovation,WS/MP075/2023-2024/30521 - Construction of community centers and community halls,DEPUTY COMMISSIONER ROHTAK_IDA,2023-10-03,Approved by IDA,523809,Unsanctioned
MPLADS-037635,SHRI Deepender Singh,Rajya Sabha,Haryana,Sitting Rajya Sabha,,,RAI,Halalpur(235),Normal/Others,NA - Construction of common work sheds/ common covered sitting area,DEPUTY COMMISSIONER SONEPAT_IDA,2023-10-03,Action Pending,550000,Unsanctioned
MPLADS-037636,SHRI Deepender Singh,Rajya Sabha,Haryana,Sitting Rajya Sabha,,,AMBALA-I,Nanyola (292),Normal/Others,NA - Construction of community centers and community halls,DEPUTY COMMISSIONER AMBALA_IDA,2023-10-03,Action Pending,500000,Unsanctioned
MPLADS-037637,SHRI Deepender Singh,Rajya Sabha,Haryana,Sitting Rajya Sabha,,,MAHAM,Mokhra Khas(101),Normal/Others,NA - Construction of additional rooms and halls in the existing public and community building,DEPUTY COMMISSIONER ROHTAK_IDA,2023-10-03,Action Pending,500000,Unsanctioned
MPLADS-037638,SHRI Deepender Singh,Rajya Sabha,Haryana,Sitting Rajya Sabha,Jhajjar,8,,,Normal/Others,NA - Construction of public libraries and reading rooms,Deputy Commissioner Jhajjar_IDA,2023-10-03,Action Pending,1000000,Unsanctioned
MPLADS-037639,SHRI Deepender Singh,Rajya Sabha,Haryana,Sitting Rajya Sabha,Hisar,6,,,Trust and Society,NA - Construction of community centers and community halls,DEPUTY COMMISSIONER HISSAR_IDA,2023-10-03,Action Pending,550000,Unsanctioned
MPLADS-037640,SHRI Deepender Singh,Rajya Sabha,Haryana,Sitting Rajya Sabha,Rohtak,16,,,Normal/Others,NA - Construction of community centers and community halls,DEPUTY COMMISSIONER ROHTAK_IDA,2023-10-03,Action Pending,550000,Unsanctioned
MPLADS-037641,SHRI Deepender Singh,Rajya Sabha,Haryana,Sitting Rajya Sabha,Ambala,5,,,Normal/Others,NA - Construction of additional rooms and halls in the existing public and community building,DEPUTY COMMISSIONER AMBALA_IDA,2023-10-03,Action Pending,500000,Unsanctioned
MPLADS-037642,SHRI Deepender Singh,Rajya Sabha,Haryana,Sitting Rajya Sabha,Rohtak,1,,,Normal/Others,NA - Construction of community centers and community halls,DEPUTY COMMISSIONER ROHTAK_IDA,2023-10-03,Action Pending,550000,Unsanctioned
MPLADS-037643,SHRI Deepender Singh,Rajya Sabha,Haryana,Sitting Rajya Sabha,Farrukhnagar,1,,,Normal/Others,NA - Construction of common work sheds/ common covered sitting area,Deputy Commissioner Gurugram_IDA,2023-10-03,Action Pending,550000,Unsanctioned
MPLADS-037703,Rao Inderjit Singh,Lok Sabha,Haryana,GURGAON,,,FARRUKH NAGAR,Shekhupur Majri(3),Normal/Others,WS/MP516/2023-2024/30827 - Development of public parks,Deputy Commissioner Gurugram_IDA,2023-10-03,Approved by IDA,961000,Unsanctioned
MPLADS-038062,Arvind Kumar Sharma,Lok Sabha,Haryana,ROHTAK,Bahadurgarh,Rohtak Road,,,Normal/Others,"NA - Purchase of IT systems, including hardware and software for educational purposes",Deputy Commissioner Jhajjar_IDA,2023-10-02,Action Pending,500000,Unsanctioned
MPLADS-038063,Arvind Kumar Sharma,Lok Sabha,Haryana,ROHTAK,,,MATANNAIL,Khachroli(147),Normal/Others,WS/MP501/2023-2024/29847 - Construction of additional rooms and halls in the existing public and community building,Deputy Commissioner Jhajjar_IDA,2023-10-02,Approved by IDA,600000,Unsanctioned
MPLADS-038064,Arvind Kumar Sharma,Lok Sabha,Haryana,ROHTAK,,,BAHADURGARH,Shidipur(67),Normal/Others,WS/MP501/2023-2024/29846 - Construction of common work sheds/ common covered sitting area,Deputy Commissioner Jhajjar_IDA,2023-10-02,Approved by IDA,495000,Unsanctioned
MPLADS-038065,Arvind Kumar Sharma,Lok Sabha,Haryana,ROHTAK,Jhajjar,No.3,,,Normal/Others,NA - Construction of community centers and community halls,Deputy Commissioner Jhajjar_IDA,2023-10-02,Action Pending,900000,Unsanctioned
MPLADS-038066,Arvind Kumar Sharma,Lok Sabha,Haryana,ROHTAK,,,MATANNAIL,Kaliawas(146),Normal/Others,NA - Construction of boundary walls of existing public and community buildings,Deputy Commissioner Jhajjar_IDA,2023-10-02,Action Pending,365000,Unsanctioned
MPLADS-038067,Arvind Kumar Sharma,Lok Sabha,Haryana,ROHTAK,Bahadurgarh,No.16,,,Normal/Others,NA - Development of public parks,Deputy Commissioner Jhajjar_IDA,2023-10-02,Action Pending,700000,Unsanctioned
MPLADS-038068,Arvind Kumar Sharma,Lok Sabha,Haryana,ROHTAK,Bahadurgarh,Delhi Road,,,Normal/Others,NA - Construction of additional rooms and halls in the existing public and community building,Deputy Commissioner Jhajjar_IDA,2023-10-02,Action Pending,551000,Unsanctioned
MPLADS-038069,Arvind Kumar Sharma,Lok Sabha,Haryana,ROHTAK,,,BAHADURGARH,Bhaproda(22),Normal/Others,WS/MP501/2023-2024/29833 - Installation of fixed garden gym equipment,Deputy Commissioner Jhajjar_IDA,2023-10-02,Approved by IDA,500000,Unsanctioned
MPLADS-038077,Arvind Kumar Sharma,Lok Sabha,Haryana,ROHTAK,,,NAHAR,Bishoa (24-N),Normal/Others,WS/MP501/2023-2024/29848 - Construction of boundary walls of existing public and community buildings,DEPUTY COMMISSIONER REWARI_IDA,2023-10-02,Approved by IDA,500000,Unsanctioned
MPLADS-038078,Arvind Kumar Sharma,Lok Sabha,Haryana,ROHTAK,,,DAHINA,Rampuri (7),Normal/Others,WS/MP501/2023-2024/29849 - Construction of community centers and community halls,DEPUTY COMMISSIONER REWARI_IDA,2023-10-02,Approved by IDA,700000,Unsanctioned
MPLADS-038079,Arvind Kumar Sharma,Lok Sabha,Haryana,ROHTAK,,,JATUSANA,Palhawas (236),Normal/Others,WS/MP501/2023-2024/29946 - Construction of rooms and halls in school and colleges,DEPUTY COMMISSIONER REWARI_IDA,2023-10-02,Approved by IDA,500000,Unsanctioned
MPLADS-038080,Arvind Kumar Sharma,Lok Sabha,Haryana,ROHTAK,Rohtak,Sector-2,,,Normal/Others,WS/MP501/2023-2024/29947 - Construction of community centers and community halls,DEPUTY COMMISSIONER ROHTAK_IDA,2023-10-02,Approved by IDA,1000000,Unsanctioned
MPLADS-038081,Arvind Kumar Sharma,Lok Sabha,Haryana,ROHTAK,,,JHAJJAR,Dawala(209),Normal/Others,NA - Construction of community centers and community halls,Deputy Commissioner Jhajjar_IDA,2023-10-02,Action Pending,300000,Unsanctioned
MPLADS-038411,SHRI Devender Paul Vats,Rajya Sabha,Haryana,Sitting Rajya Sabha,Hansi,KC Farm on Hissar road Hansi,,,Normal/Others,NA - Improvement of electricity distribution infrastructure,DEPUTY COMMISSIONER HISSAR_IDA,2023-10-01,Action Pending,163140,Unsanctioned
MPLADS-038580,SHRI Ram Chander Jangra,Rajya Sabha,Haryana,Sitting Rajya Sabha,,,LAKHAN MAJRA,Kherainti(96),Normal/Others,NA - Construction of community centers and community halls,DEPUTY COMMISSIONER ROHTAK_IDA,2023-09-30,Action Pending,1100000,Unsanctioned
MPLADS-038587,SHRI Ram Chander Jangra,Rajya Sabha,Haryana,Sitting Rajya Sabha,,,HISAR-I,Mangali Mohbat(158),Normal/Others,WS/MP077/2023-2024/29507 - Construction of community centers and community halls,DEPUTY COMMISSIONER HISSAR_IDA,2023-09-30,Approved by IDA,502000,Unsanctioned
MPLADS-038588,SHRI Ram Chander Jangra,Rajya Sabha,Haryana,Sitting Rajya Sabha,,,GANAUR,Pirgarhi (1),Normal/Others,WS/MP077/2023-2024/29506 - Construction of community centers and community halls,DEPUTY COMMISSIONER SONEPAT_IDA,2023-09-30,Approved by IDA,1100000,Unsanctioned
MPLADS-038589,SHRI Ram Chander Jangra,Rajya Sabha,Haryana,Sitting Rajya Sabha,,,JIND,Assan (4),Normal/Others,NA - Construction of community centers and community halls,Deputy Commissioner Jind_IDA,2023-09-30,Action Pending,1100000,Unsanctioned
MPLADS-038590,SHRI Ram Chander Jangra,Rajya Sabha,Haryana,Sitting Rajya Sabha,,,LAKHAN MAJRA,Kherainti(96),Normal/Others,WS/MP077/2023-2024/29495 - Providing CCTV camera system for security of public areas,DEPUTY COMMISSIONER ROHTAK_IDA,2023-09-30,Approved by IDA,190000,Unsanctioned
MPLADS-038591,SHRI Ram Chander Jangra,Rajya Sabha,Haryana,Sitting Rajya Sabha,,,MAHAM,Ajaib(108),Normal/Others,NA - Providing CCTV camera system for security of public areas,DEPUTY COMMISSIONER ROHTAK_IDA,2023-09-30,Rejected by IDA,195000,Unsanctioned
MPLADS-038592,SHRI Ram Chander Jangra,Rajya Sabha,Haryana,Sitting Rajya Sabha,,,,,Repair and Renovation,WS/MP077/2023-2024/29458 - Construction of community centers and community halls,DEPUTY COMMISSIONER ROHTAK_IDA,2023-09-30,Approved by IDA,1307000,Unsanctioned
MPLADS-038594,SHRI Ram Chander Jangra,Rajya Sabha,Haryana,Sitting Rajya Sabha,,,MAHAM,Bhaini Bharon(122),Repair and Renovation,NA - Construction of community centers and community halls,DEPUTY COMMISSIONER ROHTAK_IDA,2023-09-30,Action Pending,1100000,Unsanctioned
MPLADS-038595,SHRI Ram Chander Jangra,Rajya Sabha,Haryana,Sitting Rajya Sabha,,,SAFIDON,Harigarh (36),Normal/Others,WS/MP077/2023-2024/29440 - Construction of public libraries and reading rooms,Deputy Commissioner Jind_IDA,2023-09-30,Approved by IDA,1100000,Unsanctioned
MPLADS-038596,SHRI Ram Chander Jangra,Rajya Sabha,Haryana,Sitting Rajya Sabha,,,MAHAM,Farmana Khas(113),Normal/Others,NA - Construction of community centers and community halls,DEPUTY COMMISSIONER ROHTAK_IDA,2023-09-30,Action Pending,1100000,Unsanctioned
MPLADS-038597,SHRI Ram Chander Jangra,Rajya Sabha,Haryana,Sitting Rajya Sabha,,,BHIWANI,Chang (5),Normal/Others,WS/MP077/2023-2024/29370 - Construction of community centers and community halls,Deputy Commissioner Bhiwani_IDA,2023-09-30,Approved by IDA,1100000,Unsanctioned
MPLADS-038598,SHRI Ram Chander Jangra,Rajya Sabha,Haryana,Sitting Rajya Sabha,,,GOHANA,Garhi Ujale Khan (39),Normal/Others,NA - Construction of community centers and community halls,DEPUTY COMMISSIONER SONEPAT_IDA,2023-09-30,Action Pending,1100000,Unsanctioned
MPLADS-038704,Arvind Kumar Sharma,Lok Sabha,Haryana,ROHTAK,,,ROHTAK,Kabulpur(108),Normal/Others,WS/MP501/2023-2024/29081 - Development of public parks,DEPUTY COMMISSIONER ROHTAK_IDA,2023-09-30,Approved by IDA,500000,Unsanctioned
MPLADS-038706,Arvind Kumar Sharma,Lok Sabha,Haryana,ROHTAK,,,SAMPLA,Gandhra(44),Normal/Others,NA - Construction of community centers and community halls,DEPUTY COMMISSIONER ROHTAK_IDA,2023-09-30,Action Pending,500000,Unsanctioned
MPLADS-038707,Arvind Kumar Sharma,Lok Sabha,Haryana,ROHTAK,,,ROHTAK,Kabulpur(108),Normal/Others,NA - Construction of community centers and community halls,DEPUTY COMMISSIONER ROHTAK_IDA,2023-09-30,Action Pending,1155000,Unsanctioned
MPLADS-038708,Arvind Kumar Sharma,Lok Sabha,Haryana,ROHTAK,,,,,Normal/Others,NA - Construction of community centers and community halls,DEPUTY COMMISSIONER ROHTAK_IDA,2023-09-30,Rejected by IDA,2073000,Unsanctioned
MPLADS-038709,Arvind Kumar Sharma,Lok Sabha,Haryana,ROHTAK,,,ROHTAK,Bhaiyan Pur(66),Normal/Others,WS/MP501/2023-2024/28946 - Construction of community centers and community halls,DEPUTY COMMISSIONER ROHTAK_IDA,2023-09-30,Approved by IDA,1100000,Unsanctioned
MPLADS-038710,Arvind Kumar Sharma,Lok Sabha,Haryana,ROHTAK,,,,,Normal/Others,NA - Construction of community centers and community halls,DEPUTY COMMISSIONER ROHTAK_IDA,2023-09-30,Rejected by IDA,1536000,Unsanctioned
MPLADS-038711,Arvind Kumar Sharma,Lok Sabha,Haryana,ROHTAK,,,MAHAM,Mokhra Khas(101),Normal/Others,NA - Construction of community centers and community halls,DEPUTY COMMISSIONER ROHTAK_IDA,2023-09-30,Action Pending,600000,Unsanctioned
MPLADS-038712,Arvind Kumar Sharma,Lok Sabha,Haryana,ROHTAK,,,MAHAM,Mokhra Khas(101),Normal/Others,NA - Construction of community centers and community halls,DEPUTY COMMISSIONER ROHTAK_IDA,2023-09-30,Action Pending,1100000,Unsanctioned
MPLADS-038713,Arvind Kumar Sharma,Lok Sabha,Haryana,ROHTAK,,,BERI,Dubaldhan Kirmian(136),Normal/Others,NA - Construction of common work sheds/ common covered sitting area,Deputy Commissioner Jhajjar_IDA,2023-09-30,Action Pending,1100000,Unsanctioned
MPLADS-038714,Arvind Kumar Sharma,Lok Sabha,Haryana,ROHTAK,,,JHAJJAR,Girawar(106),Normal/Others,NA - Construction of common work sheds/ common covered sitting area,Deputy Commissioner Jhajjar_IDA,2023-09-30,Action Pending,200000,Unsanctioned
MPLADS-038715,Arvind Kumar Sharma,Lok Sabha,Haryana,ROHTAK,Bahadurgarh,Friends Colony,,,Normal/Others,NA - Construction of additional rooms and halls in the existing public and community building,Deputy Commissioner Jhajjar_IDA,2023-09-30,Action Pending,600000,Unsanctioned
MPLADS-038743,Arvind Kumar Sharma,Lok Sabha,Haryana,ROHTAK,Kalanaur,kalanaur,,,Normal/Others,NA - Development of public parks,DEPUTY COMMISSIONER ROHTAK_IDA,2023-09-30,Action Pending,1100000,Unsanctioned
MPLADS-038856,Arvind Kumar Sharma,Lok Sabha,Haryana,ROHTAK,Bahadurgarh,Line Par,,,Normal/Others,WS/MP501/2023-2024/28353 - Construction of community centers and community halls,Deputy Commissioner Jhajjar_IDA,2023-09-29,Approved by IDA,600000,Unsanctioned
MPLADS-038857,Arvind Kumar Sharma,Lok Sabha,Haryana,ROHTAK,Rohtak,Rohtak City,,,Normal/Others,NA - Construction of buildings for community cultural activities,DEPUTY COMMISSIONER ROHTAK_IDA,2023-09-29,Action Pending,1100000,Unsanctioned
MPLADS-038858,Arvind Kumar Sharma,Lok Sabha,Haryana,ROHTAK,,,SALHAWAS,Salhawas (163),Normal/Others,NA - Construction of common work sheds/ common covered sitting area,Deputy Commissioner Jhajjar_IDA,2023-09-29,Action Pending,300000,Unsanctioned
MPLADS-038859,Arvind Kumar Sharma,Lok Sabha,Haryana,ROHTAK,,,BAHADURGARH,Bhaproda(22),Normal/Others,WS/MP501/2023-2024/28466 - Construction of community centers and community halls,Deputy Commissioner Jhajjar_IDA,2023-09-29,Approved by IDA,500000,Unsanctioned
MPLADS-038860,Arvind Kumar Sharma,Lok Sabha,Haryana,ROHTAK,,,JHAJJAR,Khatiwas(113),Normal/Others,WS/MP501/2023-2024/28467 - Construction of community centers and community halls,Deputy Commissioner Jhajjar_IDA,2023-09-29,Approved by IDA,1100000,Unsanctioned
MPLADS-038861,Arvind Kumar Sharma,Lok Sabha,Haryana,ROHTAK,,,,,Normal/Others,WS/MP501/2023-2024/28661 - Construction of community centers and community halls,DEPUTY COMMISSIONER ROHTAK_IDA,2023-09-29,Approved by IDA,1001000,Unsanctioned
MPLADS-038862,Arvind Kumar Sharma,Lok Sabha,Haryana,ROHTAK,Meham,Meham,,,Normal/Others,NA - Development of public parks,DEPUTY COMMISSIONER ROHTAK_IDA,2023-09-29,Action Pending,1100000,Unsanctioned
MPLADS-038863,Arvind Kumar Sharma,Lok Sabha,Haryana,ROHTAK,,,MAHAM,Maham (Rural)(Part)(120),Normal/Others,NA - Construction of community centers and community halls,DEPUTY COMMISSIONER ROHTAK_IDA,2023-09-29,Action Pending,1100000,Unsanctioned
MPLADS-038864,Arvind Kumar Sharma,Lok Sabha,Haryana,ROHTAK,,,LAKHAN MAJRA,Kherainti(96),Normal/Others,WS/MP501/2023-2024/28664 - Construction of community centers and community halls,DEPUTY COMMISSIONER ROHTAK_IDA,2023-09-29,Approved by IDA,698000,Unsanctioned
MPLADS-038865,Arvind Kumar Sharma,Lok Sabha,Haryana,ROHTAK,,,LAKHAN MAJRA,Gugaheri(111),Normal/Others,WS/MP501/2023-2024/28665 - Construction of community centers and community halls,DEPUTY COMMISSIONER ROHTAK_IDA,2023-09-29,Approved by IDA,1300000,Completed
MPLADS-038866,Arvind Kumar Sharma,Lok Sabha,Haryana,ROHTAK,Meham,No.-8,,,Normal/Others,NA - Development of public parks,DEPUTY COMMISSIONER ROHTAK_IDA,2023-09-29,Action Pending,1100000,Unsanctioned
MPLADS-038867,Arvind Kumar Sharma,Lok Sabha,Haryana,ROHTAK,,,,,Normal/Others,WS/MP501/2023-2024/28667 - Development of public parks,Deputy Commissioner Jhajjar_IDA,2023-09-29,Approved by IDA,310000,Unsanctioned
MPLADS-038868,Arvind Kumar Sharma,Lok Sabha,Haryana,ROHTAK,Sampla,No.-10,,,Normal/Others,WS/MP501/2023-2024/28705 - Construction of community centers and community halls,DEPUTY COMMISSIONER ROHTAK_IDA,2023-09-29,Approved by IDA,195000,Unsanctioned
MPLADS-038869,Arvind Kumar Sharma,Lok Sabha,Haryana,ROHTAK,Sampla,Sampla,,,Normal/Others,WS/MP501/2023-2024/28706 - Construction of community centers and community halls,DEPUTY COMMISSIONER ROHTAK_IDA,2023-09-29,Approved by IDA,198000,Unsanctioned
MPLADS-038870,Arvind Kumar Sharma,Lok Sabha,Haryana,ROHTAK,,,MAHAM,Nindana(107),Normal/Others,NA - Construction of boundary walls of existing public and community buildings,DEPUTY COMMISSIONER ROHTAK_IDA,2023-09-29,Action Pending,900000,Unsanctioned
MPLADS-038871,Arvind Kumar Sharma,Lok Sabha,Haryana,ROHTAK,Jhajjar,Near Kabir Chowk,,,Normal/Others,WS/MP501/2023-2024/28327 - Construction of community centers and community halls,Deputy Commissioner Jhajjar_IDA,2023-09-29,Approved by IDA,500000,Unsanctioned
MPLADS-038944,Arvind Kumar Sharma,Lok Sabha,Haryana,ROHTAK,,,BADLI,Sondhi(83),Normal/Others,WS/MP501/2023-2024/28709 - Construction of public libraries and reading rooms,Deputy Commissioner Jhajjar_IDA,2023-09-29,Approved by IDA,2100000,Unsanctioned
MPLADS-038967,Arvind Kumar Sharma,Lok Sabha,Haryana,ROHTAK,,,BERI,Dubaldhan Kirmian(136),Normal/Others,WS/MP501/2023-2024/28708 - Development of public parks,Deputy Commissioner Jhajjar_IDA,2023-09-29,Approved by IDA,1100000,Unsanctioned
MPLADS-038969,Arvind Kumar Sharma,Lok Sabha,Haryana,ROHTAK,,,BAHADURGARH,Barahi(40),Normal/Others,NA - Construction of community centers and community halls,Deputy Commissioner Jhajjar_IDA,2023-09-29,Action Pending,900000,Unsanctioned
MPLADS-038979,Arvind Kumar Sharma,Lok Sabha,Haryana,ROHTAK,,,JHAJJAR,Dawala(209),Normal/Others,WS/MP501/2023-2024/28765 - Construction of community centers and community halls,Deputy Commissioner Jhajjar_IDA,2023-09-29,Approved by IDA,1100000,Unsanctioned
MPLADS-039067,Arvind Kumar Sharma,Lok Sabha,Haryana,ROHTAK,,,JHAJJAR,Dawala(209),Normal/Others,WS/MP501/2023-2024/28766 - Construction of community centers and community halls,Deputy Commissioner Jhajjar_IDA,2023-09-29,Approved by IDA,500000,Unsanctioned
MPLADS-039068,Arvind Kumar Sharma,Lok Sabha,Haryana,ROHTAK,,,DAHINA,Daroli (3),Normal/Others,WS/MP501/2023-2024/28767 - Construction of common work sheds/ common covered sitting area,DEPUTY COMMISSIONER REWARI_IDA,2023-09-29,Approved by IDA,300000,Unsanctioned
MPLADS-039069,Arvind Kumar Sharma,Lok Sabha,Haryana,ROHTAK,,,DAHINA,Daroli (3),Normal/Others,WS/MP501/2023-2024/28768 - Development of public parks,DEPUTY COMMISSIONER REWARI_IDA,2023-09-29,Approved by IDA,500000,Unsanctioned
MPLADS-039620,SHRI Deepender Singh,Rajya Sabha,Haryana,Sitting Rajya Sabha,,,MADLAUDA,Adiyana (48),Normal/Others,NA - Construction of boundary walls of existing public and community buildings,Deputy Commissioner Panipat_IDA,2023-09-27,Action Pending,550000,Unsanctioned
MPLADS-039621,SHRI Deepender Singh,Rajya Sabha,Haryana,Sitting Rajya Sabha,,,JHAJJAR,Silani Pana Keso (263),Normal/Others,NA - Crematoriums or structures on burial/ cremation ground for public convenience,Deputy Commissioner Jhajjar_IDA,2023-09-27,Action Pending,700000,Unsanctioned
MPLADS-039622,SHRI Deepender Singh,Rajya Sabha,Haryana,Sitting Rajya Sabha,,,KALANAUR,Lahli(124),Normal/Others,WS/MP075/2023-2024/27342 - Construction of community centers and community halls,DEPUTY COMMISSIONER ROHTAK_IDA,2023-09-27,Approved by IDA,1100381,Unsanctioned
MPLADS-039623,SHRI Deepender Singh,Rajya Sabha,Haryana,Sitting Rajya Sabha,,,,,Normal/Others,WS/MP075/2023-2024/27343 - Construction of buildings for sports facilities,DEPUTY COMMISSIONER ROHTAK_IDA,2023-09-27,Approved by IDA,1230000,Unsanctioned
MPLADS-039624,SHRI Deepender Singh,Rajya Sabha,Haryana,Sitting Rajya Sabha,,,KHARKHODA,Sisana ( 26R),Normal/Others,WS/MP075/2023-2024/27344 - Construction of common work sheds/ common covered sitting area,DEPUTY COMMISSIONER SONEPAT_IDA,2023-09-27,Approved by IDA,550000,Unsanctioned
MPLADS-039625,SHRI Deepender Singh,Rajya Sabha,Haryana,Sitting Rajya Sabha,Kalanaur,6,,,Normal/Others,NA - Construction of additional rooms and halls in the existing public and community building,DEPUTY COMMISSIONER ROHTAK_IDA,2023-09-27,Action Pending,550000,Unsanctioned
MPLADS-039627,SHRI Deepender Singh,Rajya Sabha,Haryana,Sitting Rajya Sabha,Jhajjar,1,,,Normal/Others,NA - Construction of rooms and halls in school and colleges,Deputy Commissioner Jhajjar_IDA,2023-09-27,Action Pending,550000,Unsanctioned
MPLADS-039628,SHRI Deepender Singh,Rajya Sabha,Haryana,Sitting Rajya Sabha,Bahadurgarh,8,,,Normal/Others,NA - Construction of rooms and halls in school and colleges,Deputy Commissioner Jhajjar_IDA,2023-09-27,Action Pending,700000,Unsanctioned
MPLADS-039773,Ramesh Chander Kaushik,Lok Sabha,Haryana,SONEPAT,,,MURTHAL,Kurar Ibrahimpur (92),Trust and Society,NA - Construction of community centers and community halls,DEPUTY COMMISSIONER SONEPAT_IDA,2023-09-27,Action Pending,500000,Unsanctioned
MPLADS-039774,Ramesh Chander Kaushik,Lok Sabha,Haryana,SONEPAT,,,GANAUR,Khizarpur Ahir (138),Normal/Others,WS/MP592/2023-2024/27600 - Construction of community centers and community halls,DEPUTY COMMISSIONER SONEPAT_IDA,2023-09-27,Approved by IDA,1000000,Unsanctioned
MPLADS-039794,Shri Dharambir Singh ,Lok Sabha,Haryana,BHIWANI MAHENDRAGARH,Nangal Chaudhary,Ward No. 10,,,Trust and Society,WS/MP329/2023-2024/27288 - Construction of stadiums,DEPUTY COMMISSIONER MAHENDRAGARH_IDA,2023-09-27,Approved by IDA,500000,Unsanctioned
MPLADS-040447,SHRI Deepender Singh,Rajya Sabha,Haryana,Sitting Rajya Sabha,Jhajjar,2,,,Normal/Others,NA - Construction of additional rooms and halls in the existing public and community building,Deputy Commissioner Jhajjar_IDA,2023-09-26,Action Pending,500000,Unsanctioned
MPLADS-040448,SHRI Deepender Singh,Rajya Sabha,Haryana,Sitting Rajya Sabha,,,BERI,Bhagal Puri,Normal/Others,WS/MP075/2023-2024/26502 - Construction of community centers and community halls,Deputy Commissioner Jhajjar_IDA,2023-09-26,Approved by IDA,500000,Unsanctioned
MPLADS-040449,SHRI Deepender Singh,Rajya Sabha,Haryana,Sitting Rajya Sabha,,,SALHAWAS,Bithla(195),Normal/Others,WS/MP075/2023-2024/26503 - Construction of rooms and halls in school and colleges,Deputy Commissioner Jhajjar_IDA,2023-09-26,Approved by IDA,500000,Unsanctioned
MPLADS-040453,SHRI Deepender Singh,Rajya Sabha,Haryana,Sitting Rajya Sabha,,,KALANAUR,Sundana(111),Normal/Others,"WS/MP075/2023-2024/26541 - Construction of rooms and facilities for hospitals, FWC , PHC Centers and ANM centers",DEPUTY COMMISSIONER ROHTAK_IDA,2023-09-26,Approved by IDA,500000,Unsanctioned
MPLADS-040454,SHRI Deepender Singh,Rajya Sabha,Haryana,Sitting Rajya Sabha,,,MATANNAIL,Matanhail(141),Normal/Others,WS/MP075/2023-2024/26542 - Common work sheds for artisans,Deputy Commissioner Jhajjar_IDA,2023-09-26,Approved by IDA,550000,Unsanctioned
MPLADS-040455,SHRI Deepender Singh,Rajya Sabha,Haryana,Sitting Rajya Sabha,,,BADLI,Dever Khana(75),Normal/Others,WS/MP075/2023-2024/26543 - Construction of boundary walls of existing public and community buildings,Deputy Commissioner Jhajjar_IDA,2023-09-26,Approved by IDA,200000,Unsanctioned
MPLADS-040474,SHRI Deepender Singh,Rajya Sabha,Haryana,Sitting Rajya Sabha,,,BAHADURGARH,Chhara(17),Normal/Others,NA - Construction of rooms and halls in school and colleges,Deputy Commissioner Jhajjar_IDA,2023-09-26,Action Pending,550000,Unsanctioned
MPLADS-040477,SHRI Deepender Singh,Rajya Sabha,Haryana,Sitting Rajya Sabha,Sampla,11,,,Normal/Others,WS/MP075/2023-2024/26499 - Construction of public toilets and bathrooms,DEPUTY COMMISSIONER ROHTAK_IDA,2023-09-26,Approved by IDA,500000,Unsanctioned
MPLADS-040506,Arvind Kumar Sharma,Lok Sabha,Haryana,ROHTAK,,,ROHTAK,Kabulpur(108),Normal/Others,WS/MP501/2023-2024/26485 - Construction of community centers and community halls,DEPUTY COMMISSIONER ROHTAK_IDA,2023-09-26,Approved by IDA,1155000,Unsanctioned
MPLADS-041413,SHRI Devender Paul Vats,Rajya Sabha,Haryana,Sitting Rajya Sabha,,,HISAR-I,Ladwa (156),Normal/Others,NA - Development of playfields and sports grounds,DEPUTY COMMISSIONER HISSAR_IDA,2023-09-23,Action Pending,1186883,Unsanctioned
MPLADS-041751,SHRI Devender Paul Vats,Rajya Sabha,Haryana,Sitting Rajya Sabha,,,SAMPLA,Kultana(16),Normal/Others,"NA - Construction of roads, link roads, pathways or any other road with or without drainage system",DEPUTY COMMISSIONER ROHTAK_IDA,2023-09-22,Action Pending,1100000,Unsanctioned
MPLADS-042040,SHRI Deepender Singh,Rajya Sabha,Haryana,Sitting Rajya Sabha,Faridabad,20,,,Normal/Others,NA - Construction of rooms and halls in school and colleges,DEPUTY COMMISSIONER FARIDABAD_IDA,2023-09-21,Action Pending,1100000,Unsanctioned
MPLADS-042041,SHRI Ram Chander Jangra,Rajya Sabha,Haryana,Sitting Rajya Sabha,,,HISAR-II,Arya Nagar(57),Normal/Others,NA - Construction of community centers and community halls,DEPUTY COMMISSIONER HISSAR_IDA,2023-09-21,Action Pending,1100000,Unsanctioned
MPLADS-042062,SHRI Ram Chander Jangra,Rajya Sabha,Haryana,Sitting Rajya Sabha,,,UJHANA,Hans Dahar (4),Normal/Others,NA - Construction of community centers and community halls,Deputy Commissioner Jind_IDA,2023-09-21,Action Pending,1100000,Unsanctioned
MPLADS-042063,SHRI Deepender Singh,Rajya Sabha,Haryana,Sitting Rajya Sabha,,,MAHAM,Mokhra Khas(101),Normal/Others,WS/MP075/2023-2024/24229 - Construction of boundary walls of existing public and community buildings,DEPUTY COMMISSIONER ROHTAK_IDA,2023-09-21,Approved by IDA,250000,Unsanctioned
MPLADS-042957,Rao Inderjit Singh,Lok Sabha,Haryana,GURGAON,,,BAWAL,Kharkhari (11),Normal/Others,"WS/MP516/2023-2024/22889 - Construction of roads, approach roads, link roads and pathways",DEPUTY COMMISSIONER REWARI_IDA,2023-09-19,Approved by IDA,945000,Unsanctioned
MPLADS-042958,Rao Inderjit Singh,Lok Sabha,Haryana,GURGAON,,,REWARI,Padhiawas (172),Normal/Others,WS/MP516/2023-2024/22876 - Providing drains and gutters for public drainage,DEPUTY COMMISSIONER REWARI_IDA,2023-09-19,Approved by IDA,700000,Unsanctioned
MPLADS-042959,Rao Inderjit Singh,Lok Sabha,Haryana,GURGAON,,,REWARI,Husainpur (134),Normal/Others,"WS/MP516/2023-2024/22874 - Construction of roads, approach roads, link roads and pathways",DEPUTY COMMISSIONER REWARI_IDA,2023-09-19,Approved by IDA,690000,Unsanctioned
MPLADS-043005,SHRI Ram Chander Jangra,Rajya Sabha,Haryana,Sitting Rajya Sabha,,,,,Normal/Others,NA - Providing CCTV camera system for security of public areas,DEPUTY COMMISSIONER SONEPAT_IDA,2023-09-19,Action Pending,6104022,Unsanctioned
MPLADS-043007,SHRI Ram Chander Jangra,Rajya Sabha,Haryana,Sitting Rajya Sabha,,,UKLANA,Pabra(65),Normal/Others,WS/MP077/2023-2024/22937 - Construction of community centers and community halls,DEPUTY COMMISSIONER HISSAR_IDA,2023-09-19,Approved by IDA,1116718,Unsanctioned
MPLADS-043009,SHRI Ram Chander Jangra,Rajya Sabha,Haryana,Sitting Rajya Sabha,,,UKLANA,Pabra(65),Normal/Others,WS/MP077/2023-2024/22942 - Construction of community centers and community halls,DEPUTY COMMISSIONER HISSAR_IDA,2023-09-19,Approved by IDA,709459,Unsanctioned
MPLADS-043010,SHRI Ram Chander Jangra,Rajya Sabha,Haryana,Sitting Rajya Sabha,,,UKLANA,Pabra(65),Normal/Others,WS/MP077/2023-2024/22940 - Construction of community centers and community halls,DEPUTY COMMISSIONER HISSAR_IDA,2023-09-19,Approved by IDA,625605,Unsanctioned
MPLADS-043011,SHRI Ram Chander Jangra,Rajya Sabha,Haryana,Sitting Rajya Sabha,Karnal,ward no. 14,,,Normal/Others,WS/MP077/2023-2024/22957 - Construction of community centers and community halls,DEPUTY COMMISSIONER KARNAL_IDA,2023-09-19,Approved by IDA,1100000,Unsanctioned
MPLADS-043012,SHRI Ram Chander Jangra,Rajya Sabha,Haryana,Sitting Rajya Sabha,,,RAI,Shafiabad Pana Paposhian(58),Normal/Others,WS/MP077/2023-2024/22922 - Construction of community centers and community halls,DEPUTY COMMISSIONER SONEPAT_IDA,2023-09-19,Approved by IDA,1100000,Unsanctioned
MPLADS-043013,SHRI Ram Chander Jangra,Rajya Sabha,Haryana,Sitting Rajya Sabha,,,,,Normal/Others,WS/MP077/2023-2024/23037 - Construction of community centers and community halls,DEPUTY COMMISSIONER ROHTAK_IDA,2023-09-19,Approved by IDA,1161000,Unsanctioned
MPLADS-043014,SHRI Ram Chander Jangra,Rajya Sabha,Haryana,Sitting Rajya Sabha,,,LAKHAN MAJRA,Chandi(93),Normal/Others,NA - Construction of community centers and community halls,DEPUTY COMMISSIONER ROHTAK_IDA,2023-09-19,Action Pending,600000,Unsanctioned
MPLADS-043015,SHRI Ram Chander Jangra,Rajya Sabha,Haryana,Sitting Rajya Sabha,Pataudi Mandi,Amarpuri,,,Normal/Others,NA - Construction of community centers and community halls,Deputy Commissioner Gurugram_IDA,2023-09-19,Action Pending,1100000,Unsanctioned
MPLADS-043016,SHRI Ram Chander Jangra,Rajya Sabha,Haryana,Sitting Rajya Sabha,Gohana,sonipat road Gohana,,,Normal/Others,NA - Construction of boundary walls of existing public and community buildings,DEPUTY COMMISSIONER SONEPAT_IDA,2023-09-19,Action Pending,1100000,Unsanctioned
MPLADS-043309,Rao Inderjit Singh,Lok Sabha,Haryana,GURGAON,,,FARRUKH NAGAR,Bir Hera(5),Normal/Others,NA - Purchase of books and periodicals for libraries,Deputy Commissioner Gurugram_IDA,2023-09-18,Action Pending,1100000,Unsanctioned
MPLADS-043310,Ramesh Chander Kaushik,Lok Sabha,Haryana,SONEPAT,Gohana,DCP Gohana,,,Normal/Others,"NA - Purchase of ambulances (Four, three and two wheelers)",DEPUTY COMMISSIONER SONEPAT_IDA,2023-09-18,Action Pending,1060000,Unsanctioned
MPLADS-043311,Ramesh Chander Kaushik,Lok Sabha,Haryana,SONEPAT,Gohana,DCP Gohana,,,Normal/Others,"NA - Purchase of ambulances (Four, three and two wheelers)",DEPUTY COMMISSIONER SONEPAT_IDA,2023-09-18,Action Pending,969000,Unsanctioned
MPLADS-043312,Ramesh Chander Kaushik,Lok Sabha,Haryana,SONEPAT,Sonipat,Sant Kabir Nagar,,,Trust and Society,NA - Construction of community centers and community halls,DEPUTY COMMISSIONER SONEPAT_IDA,2023-09-18,Action Pending,1000000,Unsanctioned
MPLADS-043313,Ramesh Chander Kaushik,Lok Sabha,Haryana,SONEPAT,,,RAI,Nangal Kalan (43),Normal/Others,NA - Construction of community centers and community halls,DEPUTY COMMISSIONER SONEPAT_IDA,2023-09-18,Action Pending,1000000,Unsanctioned
MPLADS-043314,Ramesh Chander Kaushik,Lok Sabha,Haryana,SONEPAT,,,RAI,Nangal Kalan (43),Normal/Others,NA - Construction of community centers and community halls,DEPUTY COMMISSIONER SONEPAT_IDA,2023-09-18,Action Pending,1000000,Unsanctioned
MPLADS-043315,Ramesh Chander Kaushik,Lok Sabha,Haryana,SONEPAT,,,JULANA,Lajwana Kalan (30),Normal/Others,NA - Construction of community centers and community halls,Deputy Commissioner Jind_IDA,2023-09-18,Action Pending,1000000,Unsanctioned
MPLADS-043316,Ramesh Chander Kaushik,Lok Sabha,Haryana,SONEPAT,,,PILLUKHERA,Beri Khera (21),Normal/Others,NA - Construction of community centers and community halls,Deputy Commissioner Jind_IDA,2023-09-18,Action Pending,1000000,Unsanctioned
MPLADS-043317,Ramesh Chander Kaushik,Lok Sabha,Haryana,SONEPAT,,,GANAUR,Patti Barahmnan (111),Normal/Others,WS/MP592/2023-2024/22783 - Crematoriums or structures on burial/ cremation ground for public convenience,DEPUTY COMMISSIONER SONEPAT_IDA,2023-09-18,Approved by IDA,500000,Unsanctioned
MPLADS-043318,Ramesh Chander Kaushik,Lok Sabha,Haryana,SONEPAT,,,GANAUR,Patti Barahmnan (111),Normal/Others,WS/MP592/2023-2024/22784 - Construction of community centers and community halls,DEPUTY COMMISSIONER SONEPAT_IDA,2023-09-18,Approved by IDA,1000000,Unsanctioned
MPLADS-043319,Ramesh Chander Kaushik,Lok Sabha,Haryana,SONEPAT,,,GOHANA,Kheri Damkan (63),Normal/Others,WS/MP592/2023-2024/22785 - Construction of community centers and community halls,DEPUTY COMMISSIONER SONEPAT_IDA,2023-09-18,Approved by IDA,500000,Unsanctioned
MPLADS-043320,Ramesh Chander Kaushik,Lok Sabha,Haryana,SONEPAT,,,KHARKHODA,Barona (22R),Normal/Others,NA - Construction of community centers and community halls,DEPUTY COMMISSIONER SONEPAT_IDA,2023-09-18,Action Pending,1000000,Unsanctioned
MPLADS-043321,Ramesh Chander Kaushik,Lok Sabha,Haryana,SONEPAT,,,GANAUR,Nayabans (131),Normal/Others,NA - Setting up public non-conventional energy plants,DEPUTY COMMISSIONER SONEPAT_IDA,2023-09-18,Action Pending,380000,Unsanctioned
MPLADS-043322,Ramesh Chander Kaushik,Lok Sabha,Haryana,SONEPAT,,,KATHURA,Kathura (89),Normal/Others,NA - Construction of community centers and community halls,DEPUTY COMMISSIONER SONEPAT_IDA,2023-09-18,Action Pending,500000,Unsanctioned
MPLADS-043324,Rao Inderjit Singh,Lok Sabha,Haryana,GURGAON,,,KHOL AT REWARI,Pali (38),Normal/Others,WS/MP516/2023-2024/22572 - Installation of fixed garden gym equipment,DEPUTY COMMISSIONER REWARI_IDA,2023-09-18,Approved by IDA,800000,Unsanctioned
MPLADS-043325,Rao Inderjit Singh,Lok Sabha,Haryana,GURGAON,Manesar,Shikohpur,,,Normal/Others,NA - Construction of shelters for animals,Deputy Commissioner Gurugram_IDA,2023-09-18,Action Pending,1100000,Unsanctioned
MPLADS-043326,Shri Dharambir Singh ,Lok Sabha,Haryana,BHIWANI MAHENDRAGARH,,,TOSHAM,Saral(82),Normal/Others,NA - Improvement of electricity distribution infrastructure,Deputy Commissioner Bhiwani_IDA,2023-09-18,Action Pending,43000,Unsanctioned
MPLADS-043335,Shri Dharambir Singh ,Lok Sabha,Haryana,BHIWANI MAHENDRAGARH,,,TOSHAM,Devawas (99),Normal/Others,NA - Improvement of electricity distribution infrastructure,Deputy Commissioner Bhiwani_IDA,2023-09-18,Action Pending,90000,Unsanctioned
MPLADS-043338,Shri Dharambir Singh ,Lok Sabha,Haryana,BHIWANI MAHENDRAGARH,Narnaul,Ward No. 13,,,Normal/Others,"NA - Construction of roads, link roads, pathways or any other road with or without drainage system",DEPUTY COMMISSIONER MAHENDRAGARH_IDA,2023-09-18,Rejected by IDA,500000,Unsanctioned
MPLADS-043339,Shri Dharambir Singh ,Lok Sabha,Haryana,BHIWANI MAHENDRAGARH,,,MAHENDRAGARH,Pali(39),Normal/Others,WS/MP329/2023-2024/22339 - Construction of common work sheds/ common covered sitting area,DEPUTY COMMISSIONER MAHENDRAGARH_IDA,2023-09-18,Approved by IDA,500000,Unsanctioned
MPLADS-043340,Shri Dharambir Singh ,Lok Sabha,Haryana,BHIWANI MAHENDRAGARH,,,TOSHAM,Chanana(88),Normal/Others,NA - Improvement of electricity distribution infrastructure,Deputy Commissioner Bhiwani_IDA,2023-09-18,Action Pending,147000,Unsanctioned
MPLADS-043341,Shri Dharambir Singh ,Lok Sabha,Haryana,BHIWANI MAHENDRAGARH,,,TOSHAM,Thilod(81),Normal/Others,NA - Improvement of electricity distribution infrastructure,Deputy Commissioner Bhiwani_IDA,2023-09-18,Action Pending,344000,Unsanctioned
MPLADS-044318,Ramesh Chander Kaushik,Lok Sabha,Haryana,SONEPAT,,,GANAUR,Panchi Gujran (114),Trust and Society,WS/MP592/2023-2024/20764 - Construction of community centers and community halls,DEPUTY COMMISSIONER SONEPAT_IDA,2023-09-15,Approved by IDA,500000,Unsanctioned
MPLADS-044406,Ramesh Chander Kaushik,Lok Sabha,Haryana,SONEPAT,,,PILLUKHERA,Bham Bhewa (9),Normal/Others,NA - Construction of community centers and community halls,Deputy Commissioner Jind_IDA,2023-09-15,Action Pending,500000,Unsanctioned
MPLADS-044407,Ramesh Chander Kaushik,Lok Sabha,Haryana,SONEPAT,,,JULANA,Khraintee (20),Normal/Others,WS/MP592/2023-2024/20658 - Construction of community centers and community halls,Deputy Commissioner Jind_IDA,2023-09-15,Approved by IDA,500000,Unsanctioned
MPLADS-044408,Ramesh Chander Kaushik,Lok Sabha,Haryana,SONEPAT,,,SAFIDON,Anchra Kalan (35),Normal/Others,WS/MP592/2023-2024/20657 - Construction of community centers and community halls,Deputy Commissioner Jind_IDA,2023-09-15,Approved by IDA,1000000,Unsanctioned
MPLADS-044409,Ramesh Chander Kaushik,Lok Sabha,Haryana,SONEPAT,,,PILLUKHERA,Pillu Khera (17),Trust and Society,NA - Construction of community centers and community halls,Deputy Commissioner Jind_IDA,2023-09-15,Action Pending,500000,Unsanctioned
MPLADS-044410,Ramesh Chander Kaushik,Lok Sabha,Haryana,SONEPAT,,,PILLUKHERA,Pillu Khera (17),Normal/Others,NA - Construction of community centers and community halls,Deputy Commissioner Jind_IDA,2023-09-15,Action Pending,500000,Unsanctioned
MPLADS-044411,Ramesh Chander Kaushik,Lok Sabha,Haryana,SONEPAT,Jind,"Ram Nagar, Rohtak Road",,,Normal/Others,WS/MP592/2023-2024/20654 - Construction of community centers and community halls,Deputy Commissioner Jind_IDA,2023-09-15,Approved by IDA,500000,Unsanctioned
MPLADS-044412,Ramesh Chander Kaushik,Lok Sabha,Haryana,SONEPAT,Jind,"Raj Nagar, Kaithal road",,,Normal/Others,NA - Construction of community centers and community halls,Deputy Commissioner Jind_IDA,2023-09-15,Action Pending,500000,Unsanctioned
MPLADS-044413,Ramesh Chander Kaushik,Lok Sabha,Haryana,SONEPAT,,,JIND,Ashrafgarh (71),Normal/Others,WS/MP592/2023-2024/20652 - Construction of community centers and community halls,Deputy Commissioner Jind_IDA,2023-09-15,Approved by IDA,1100000,Unsanctioned
MPLADS-044414,Ramesh Chander Kaushik,Lok Sabha,Haryana,SONEPAT,Jind,Urban Estate,,,Normal/Others,WS/MP592/2023-2024/20651 - Construction of rooms and halls in school and colleges,Deputy Commissioner Jind_IDA,2023-09-15,Approved by IDA,500000,Unsanctioned
MPLADS-044415,Ramesh Chander Kaushik,Lok Sabha,Haryana,SONEPAT,Jind,Patiala chowk,,,Normal/Others,"WS/MP592/2023-2024/20649 - Construction of roads, link roads, pathways or any other road with or without drainage system",Deputy Commissioner Jind_IDA,2023-09-15,Approved by IDA,500000,Unsanctioned
MPLADS-044417,Ramesh Chander Kaushik,Lok Sabha,Haryana,SONEPAT,,,SAFIDON,Bagru Kalan (31),Normal/Others,WS/MP592/2023-2024/20648 - Construction of community centers and community halls,Deputy Commissioner Jind_IDA,2023-09-15,Approved by IDA,500000,Unsanctioned
MPLADS-044418,Ramesh Chander Kaushik,Lok Sabha,Haryana,SONEPAT,,,SAFIDON,Bahadargarh (42),Normal/Others,WS/MP592/2023-2024/20647 - Construction of community centers and community halls,Deputy Commissioner Jind_IDA,2023-09-15,Approved by IDA,800000,Unsanctioned
MPLADS-044425,Ramesh Chander Kaushik,Lok Sabha,Haryana,SONEPAT,,,SAFIDON,Ratta Khera (50),Normal/Others,NA - Construction of community centers and community halls,Deputy Commissioner Jind_IDA,2023-09-15,Rejected by IDA,1100000,Unsanctioned
MPLADS-044426,Ramesh Chander Kaushik,Lok Sabha,Haryana,SONEPAT,,,SAFIDON,Paju Kalan (46),Normal/Others,NA - Construction of shelters for animals,Deputy Commissioner Jind_IDA,2023-09-15,Action Pending,1000000,Unsanctioned
MPLADS-044427,Ramesh Chander Kaushik,Lok Sabha,Haryana,SONEPAT,Gohana,Baroda Road,,,Normal/Others,NA - Construction of community centers and community halls,DEPUTY COMMISSIONER SONEPAT_IDA,2023-09-15,Action Pending,500000,Unsanctioned
MPLADS-044428,Ramesh Chander Kaushik,Lok Sabha,Haryana,SONEPAT,Gohana,Devi Nagar,,,Normal/Others,NA - Construction of community centers and community halls,DEPUTY COMMISSIONER SONEPAT_IDA,2023-09-15,Action Pending,500000,Unsanctioned
MPLADS-044434,Ramesh Chander Kaushik,Lok Sabha,Haryana,SONEPAT,Sonipat,Model town,,,Normal/Others,NA - Construction of additional rooms and halls in the existing public and community building,DEPUTY COMMISSIONER SONEPAT_IDA,2023-09-15,Action Pending,500000,Unsanctioned
MPLADS-044435,Ramesh Chander Kaushik,Lok Sabha,Haryana,SONEPAT,Sonipat,Kakroi Road,,,Trust and Society,NA - Construction of rooms and halls in school and colleges,DEPUTY COMMISSIONER SONEPAT_IDA,2023-09-15,Action Pending,500000,Unsanctioned
MPLADS-044436,Ramesh Chander Kaushik,Lok Sabha,Haryana,SONEPAT,,,SONIPAT,Salarpur Majra (182),Normal/Others,NA - Construction of community centers and community halls,DEPUTY COMMISSIONER SONEPAT_IDA,2023-09-15,Action Pending,1000000,Unsanctioned
MPLADS-044437,Ramesh Chander Kaushik,Lok Sabha,Haryana,SONEPAT,Sonipat,Murthal Road,,,Trust and Society,WS/MP592/2023-2024/20757 - Construction of rooms and halls in school and colleges,DEPUTY COMMISSIONER SONEPAT_IDA,2023-09-15,Approved by IDA,1100000,Unsanctioned
MPLADS-044438,Ramesh Chander Kaushik,Lok Sabha,Haryana,SONEPAT,,,GOHANA,Kasanda (58),Normal/Others,NA - Construction of shelters for animals,DEPUTY COMMISSIONER SONEPAT_IDA,2023-09-15,Action Pending,500000,Unsanctioned
MPLADS-044439,Ramesh Chander Kaushik,Lok Sabha,Haryana,SONEPAT,,,GOHANA,Katwal (69),Trust and Society,NA - Construction of community centers and community halls,DEPUTY COMMISSIONER SONEPAT_IDA,2023-09-15,Action Pending,500000,Unsanctioned
MPLADS-044440,Ramesh Chander Kaushik,Lok Sabha,Haryana,SONEPAT,,,GANAUR,Purkhas Dhiran (159),Normal/Others,NA - Construction of community centers and community halls,DEPUTY COMMISSIONER SONEPAT_IDA,2023-09-15,Action Pending,500000,Unsanctioned
MPLADS-044441,Ramesh Chander Kaushik,Lok Sabha,Haryana,SONEPAT,,,GANAUR,Gumar (139),Trust and Society,NA - Construction of community centers and community halls,DEPUTY COMMISSIONER SONEPAT_IDA,2023-09-15,Action Pending,500000,Unsanctioned
MPLADS-044442,Ramesh Chander Kaushik,Lok Sabha,Haryana,SONEPAT,,,GANAUR,Purkhas Dhiran (159),Trust and Society,WS/MP592/2023-2024/20751 - Construction of rooms and halls in school and colleges,DEPUTY COMMISSIONER SONEPAT_IDA,2023-09-15,Approved by IDA,500000,Unsanctioned
MPLADS-044443,Ramesh Chander Kaushik,Lok Sabha,Haryana,SONEPAT,Sonipat,Fazilpur,,,Normal/Others,NA - Construction of community centers and community halls,DEPUTY COMMISSIONER SONEPAT_IDA,2023-09-15,Action Pending,1000000,Unsanctioned
MPLADS-044444,Ramesh Chander Kaushik,Lok Sabha,Haryana,SONEPAT,Sonipat,Kakroi Road,,,Normal/Others,NA - Construction of boundary walls of existing public and community buildings,DEPUTY COMMISSIONER SONEPAT_IDA,2023-09-15,Action Pending,250000,Unsanctioned
MPLADS-044445,Ramesh Chander Kaushik,Lok Sabha,Haryana,SONEPAT,Sonipat,Kath Mandi,,,Normal/Others,NA - Construction of rooms and halls in school and colleges,DEPUTY COMMISSIONER SONEPAT_IDA,2023-09-15,Action Pending,250000,Unsanctioned
MPLADS-044917,SHRI Ram Chander Jangra,Rajya Sabha,Haryana,Sitting Rajya Sabha,Jhajjar,18,,,Normal/Others,WS/MP077/2023-2024/20130 - Construction of community centers and community halls,Deputy Commissioner Jhajjar_IDA,2023-09-14,Approved by IDA,1100000,Unsanctioned
MPLADS-044918,SHRI Ram Chander Jangra,Rajya Sabha,Haryana,Sitting Rajya Sabha,Jhajjar,12,,,Normal/Others,WS/MP077/2023-2024/20127 - Construction of community centers and community halls,Deputy Commissioner Jhajjar_IDA,2023-09-14,Approved by IDA,1100000,Unsanctioned
MPLADS-044919,SHRI Ram Chander Jangra,Rajya Sabha,Haryana,Sitting Rajya Sabha,,,MAHAM,Farmana Khas(113),Normal/Others,NA - Providing CCTV camera system for security of public areas,DEPUTY COMMISSIONER ROHTAK_IDA,2023-09-14,Rejected by IDA,190000,Unsanctioned
MPLADS-045344,SHRI Devender Paul Vats,Rajya Sabha,Haryana,Sitting Rajya Sabha,Tohana,Sangam charitable Hospital Tohana,,,Trust and Society,"WS/MP076/2023-2024/19472 - Construction of rooms and facilities for hospitals, FWC , PHC Centers and ANM centers",Deputy Commissioner Fatehabd_IDA,2023-09-13,Approved by IDA,2175000,Unsanctioned
MPLADS-045345,SHRI Devender Paul Vats,Rajya Sabha,Haryana,Sitting Rajya Sabha,Uchana,Neki Ram Vichar Manch and Brahman Dharmshala Uchana,,,Trust and Society,WS/MP076/2023-2024/19417 - Construction of community centers and community halls,Deputy Commissioner Jind_IDA,2023-09-13,Approved by IDA,1100000,Unsanctioned
MPLADS-045657,SHRI Devender Paul Vats,Rajya Sabha,Haryana,Sitting Rajya Sabha,Fatehabad,Brahman Dharmshala Fatehabad,,,Trust and Society,WS/MP076/2023-2024/18888 - Construction of community centers and community halls,Deputy Commissioner Fatehabd_IDA,2023-09-12,Approved by IDA,1100000,Unsanctioned
MPLADS-045837,Arvind Kumar Sharma,Lok Sabha,Haryana,ROHTAK,,,DAHINA,Bithori (75),Repair and Renovation,WS/MP501/2023-2024/18972 - Construction of boundary walls of existing public and community buildings,DEPUTY COMMISSIONER REWARI_IDA,2023-09-12,Approved by IDA,700000,Unsanctioned
MPLADS-046349,SHRI Devender Paul Vats,Rajya Sabha,Haryana,Sitting Rajya Sabha,,,HANSI-I,Kutabpur(115),Normal/Others,WS/MP076/2023-2024/18267 - Purchase of mobile water tankers,DEPUTY COMMISSIONER HISSAR_IDA,2023-09-09,Approved by IDA,158000,Unsanctioned
MPLADS-046619,Brijendra Singh,Lok Sabha,Haryana,HISAR,,,JIND,Shahpur (92),Normal/Others,WS/MP593/2023-2024/17855 - Purchase of mobile water tankers,Deputy Commissioner Jind_IDA,2023-09-08,Approved by IDA,157000,Unsanctioned
MPLADS-046965,Sunita Duggal,Lok Sabha,Haryana,SIRSA(SC),,,BHUNA,Jandli Kalan(91),Normal/Others,NA - Construction of toilet blocks,Deputy Commissioner Fatehabd_IDA,2023-09-06,Rejected by IDA,400000,Unsanctioned
MPLADS-046968,Sunita Duggal,Lok Sabha,Haryana,SIRSA(SC),,,BHUNA,Dehman(60),Normal/Others,NA - Construction of community centers and community halls,Deputy Commissioner Fatehabd_IDA,2023-09-06,Rejected by IDA,400000,Unsanctioned
MPLADS-046969,Sunita Duggal,Lok Sabha,Haryana,SIRSA(SC),Fatehabad,Old Anaj Mandi,,,Normal/Others,NA - Purchase of mobile water tankers,Deputy Commissioner Fatehabd_IDA,2023-09-06,Action Pending,304000,Unsanctioned
MPLADS-046970,Sunita Duggal,Lok Sabha,Haryana,SIRSA(SC),,,NATHUSARI CHOPTA,Jodhkan(62),Normal/Others,WS/MP502/2023-2024/16974 - Construction of community centers and community halls,DEPUTY COMMISSIONER SIRSA_IDA,2023-09-06,Approved by IDA,1131000,Unsanctioned
MPLADS-046971,Sunita Duggal,Lok Sabha,Haryana,SIRSA(SC),,,BHUNA,Dehman(60),Normal/Others,WS/MP502/2023-2024/17072 - Construction of community centers and community halls,Deputy Commissioner Fatehabd_IDA,2023-09-06,Approved by IDA,500000,Unsanctioned
MPLADS-046972,Rao Inderjit Singh,Lok Sabha,Haryana,GURGAON,,,REWARI,Rampura (132) (CT),Normal/Others,WS/MP516/2023-2024/17318 - Renovation of ponds and lakes,DEPUTY COMMISSIONER REWARI_IDA,2023-09-06,Approved by IDA,200000,Unsanctioned
MPLADS-046975,Sunita Duggal,Lok Sabha,Haryana,SIRSA(SC),,,NAGPUR,Bhattu Khurd(120),Normal/Others,NA - Construction of toilet blocks,Deputy Commissioner Fatehabd_IDA,2023-09-06,Rejected by IDA,499000,Unsanctioned
MPLADS-046979,Sunita Duggal,Lok Sabha,Haryana,SIRSA(SC),,,NAGPUR,Khundan(114),Normal/Others,NA - Construction of community centers and community halls,Deputy Commissioner Fatehabd_IDA,2023-09-06,Rejected by IDA,500000,Unsanctioned
MPLADS-046992,Sunita Duggal,Lok Sabha,Haryana,SIRSA(SC),,,FATEHABAD,Daulatpur,Normal/Others,NA - Purchase of mobile water tankers,Deputy Commissioner Fatehabd_IDA,2023-09-06,Rejected by IDA,152000,Unsanctioned
MPLADS-047020,Sunita Duggal,Lok Sabha,Haryana,SIRSA(SC),,,BHUNA,Baijalpur(186),Normal/Others,NA - Purchase of mobile water tankers,Deputy Commissioner Fatehabd_IDA,2023-09-06,Rejected by IDA,152000,Unsanctioned
MPLADS-047022,Sunita Duggal,Lok Sabha,Haryana,SIRSA(SC),,,NAGPUR,Hizrawan Khurd (40),Normal/Others,NA - Crematoriums or structures on burial/ cremation ground for public convenience,Deputy Commissioner Fatehabd_IDA,2023-09-06,Action Pending,500000,Unsanctioned
MPLADS-047061,Sunita Duggal,Lok Sabha,Haryana,SIRSA(SC),,,NAGPUR,Ratta Tibba,Normal/Others,NA - Installation of fixed garden gym equipment,Deputy Commissioner Fatehabd_IDA,2023-09-06,Action Pending,495000,Unsanctioned
MPLADS-047062,Sunita Duggal,Lok Sabha,Haryana,SIRSA(SC),,,RATIA,Ratta Khera(101),Normal/Others,NA - Purchase of mobile water tankers,Deputy Commissioner Fatehabd_IDA,2023-09-06,Rejected by IDA,152000,Unsanctioned
MPLADS-047063,Sunita Duggal,Lok Sabha,Haryana,SIRSA(SC),,,TOHANA,Baliawala(95),Normal/Others,NA - Installation of fixed garden gym equipment,Deputy Commissioner Fatehabd_IDA,2023-09-06,Action Pending,200000,Unsanctioned
MPLADS-047064,Sunita Duggal,Lok Sabha,Haryana,SIRSA(SC),,,RANIA,Rania(137),Normal/Others,WS/MP502/2023-2024/16882 - Construction of toilet blocks,DEPUTY COMMISSIONER SIRSA_IDA,2023-09-06,Approved by IDA,300000,Unsanctioned
MPLADS-047065,Sunita Duggal,Lok Sabha,Haryana,SIRSA(SC),,,NAGPUR,Dhani Dhaka,Normal/Others,NA - Setting up of laboratories,Deputy Commissioner Fatehabd_IDA,2023-09-06,Rejected by IDA,200000,Unsanctioned
MPLADS-047066,Sunita Duggal,Lok Sabha,Haryana,SIRSA(SC),,,BHATTU KALAN,Banawali(27),Normal/Others,NA - Purchase of mobile water tankers,Deputy Commissioner Fatehabd_IDA,2023-09-06,Rejected by IDA,152000,Unsanctioned
MPLADS-047067,Sunita Duggal,Lok Sabha,Haryana,SIRSA(SC),Ratia,Bar Association Ratia,,,Normal/Others,NA - Construction of common work sheds/ common covered sitting area,Deputy Commissioner Fatehabd_IDA,2023-09-06,Action Pending,500000,Unsanctioned
MPLADS-047068,Sunita Duggal,Lok Sabha,Haryana,SIRSA(SC),,,FATEHABAD,Kumharia (93),Normal/Others,NA - Construction of community centers and community halls,Deputy Commissioner Fatehabd_IDA,2023-09-06,Action Pending,198000,Unsanctioned
MPLADS-047069,Sunita Duggal,Lok Sabha,Haryana,SIRSA(SC),,,FATEHABAD,Kumharia (93),Normal/Others,NA - Construction of community centers and community halls,Deputy Commissioner Fatehabd_IDA,2023-09-06,Action Pending,199000,Unsanctioned
MPLADS-047070,Sunita Duggal,Lok Sabha,Haryana,SIRSA(SC),,,FATEHABAD,Rajabad(128),Normal/Others,WS/MP502/2023-2024/16889 - Crematoriums or structures on burial/ cremation ground for public convenience,Deputy Commissioner Fatehabd_IDA,2023-09-06,Approved by IDA,500000,Unsanctioned
MPLADS-047072,Sunita Duggal,Lok Sabha,Haryana,SIRSA(SC),,,RATIA,Sukhmanpur(142),Normal/Others,NA - Installation of fixed garden gym equipment,Deputy Commissioner Fatehabd_IDA,2023-09-06,Action Pending,198600,Unsanctioned
MPLADS-047073,Sunita Duggal,Lok Sabha,Haryana,SIRSA(SC),,,FATEHABAD,Bhuthan Kalan(180),Normal/Others,NA - Purchase of mobile water tankers,Deputy Commissioner Fatehabd_IDA,2023-09-06,Rejected by IDA,152000,Unsanctioned
MPLADS-047074,Sunita Duggal,Lok Sabha,Haryana,SIRSA(SC),,,BHUNA,Nadhori(88),Normal/Others,NA - Purchase of mobile water tankers,Deputy Commissioner Fatehabd_IDA,2023-09-06,Rejected by IDA,152000,Unsanctioned
MPLADS-047075,Sunita Duggal,Lok Sabha,Haryana,SIRSA(SC),,,FATEHABAD,Kajal Heri(51),Normal/Others,NA - Installation of fixed garden gym equipment,Deputy Commissioner Fatehabd_IDA,2023-09-06,Action Pending,199000,Unsanctioned
MPLADS-047076,Sunita Duggal,Lok Sabha,Haryana,SIRSA(SC),,,RATIA,Ratta Khera(101),Normal/Others,NA - Installation of fixed garden gym equipment,Deputy Commissioner Fatehabd_IDA,2023-09-06,Action Pending,198600,Unsanctioned
MPLADS-047077,Sunita Duggal,Lok Sabha,Haryana,SIRSA(SC),,,SIRSA,Kotli(64),Normal/Others,WS/MP502/2023-2024/16963 - Crematoriums or structures on burial/ cremation ground for public convenience,DEPUTY COMMISSIONER SIRSA_IDA,2023-09-06,Approved by IDA,200000,Unsanctioned
MPLADS-047078,Sunita Duggal,Lok Sabha,Haryana,SIRSA(SC),,,RATIA,Kalotha(172),Normal/Others,NA - Installation of fixed garden gym equipment,Deputy Commissioner Fatehabd_IDA,2023-09-06,Action Pending,198600,Unsanctioned
MPLADS-047079,Sunita Duggal,Lok Sabha,Haryana,SIRSA(SC),,,UJHANA,Pipaltha (53),Normal/Others,WS/MP502/2023-2024/16847 - Purchase of mobile water tankers,Deputy Commissioner Jind_IDA,2023-09-06,Approved by IDA,175000,Unsanctioned
MPLADS-047088,Sunita Duggal,Lok Sabha,Haryana,SIRSA(SC),,,NARWANA,Kaloda Kalan (84),Normal/Others,NA - Construction of toilet blocks,Deputy Commissioner Jind_IDA,2023-09-06,Action Pending,495000,Unsanctioned
MPLADS-047089,Sunita Duggal,Lok Sabha,Haryana,SIRSA(SC),,,UJHANA,Nepewala (49),Normal/Others,NA - Installation of fixed garden gym equipment,Deputy Commissioner Jind_IDA,2023-09-06,Action Pending,200000,Unsanctioned
MPLADS-047090,Sunita Duggal,Lok Sabha,Haryana,SIRSA(SC),,,UJHANA,Ambarsar (43),Normal/Others,WS/MP502/2023-2024/16840 - Purchase of mobile water tankers,Deputy Commissioner Jind_IDA,2023-09-06,Approved by IDA,175000,Unsanctioned
MPLADS-047091,Sunita Duggal,Lok Sabha,Haryana,SIRSA(SC),,,UJHANA,Hans Dahar (4),Normal/Others,WS/MP502/2023-2024/16841 - Purchase of mobile water tankers,Deputy Commissioner Jind_IDA,2023-09-06,Approved by IDA,175000,Unsanctioned
MPLADS-047092,Sunita Duggal,Lok Sabha,Haryana,SIRSA(SC),,,UJHANA,Nepewala (49),Normal/Others,WS/MP502/2023-2024/16842 - Purchase of mobile water tankers,Deputy Commissioner Jind_IDA,2023-09-06,Approved by IDA,175000,Unsanctioned
MPLADS-047093,Sunita Duggal,Lok Sabha,Haryana,SIRSA(SC),,,UJHANA,Ujhana (50),Normal/Others,NA - Construction of community centers and community halls,Deputy Commissioner Jind_IDA,2023-09-06,Action Pending,495000,Unsanctioned
MPLADS-047094,Sunita Duggal,Lok Sabha,Haryana,SIRSA(SC),,,UJHANA,Rewar (2),Normal/Others,WS/MP502/2023-2024/16844 - Construction of community centers and community halls,Deputy Commissioner Jind_IDA,2023-09-06,Approved by IDA,495000,Unsanctioned
MPLADS-047095,Sunita Duggal,Lok Sabha,Haryana,SIRSA(SC),,,UJHANA,Padarath Khera (1),Normal/Others,WS/MP502/2023-2024/16845 - Construction of community centers and community halls,Deputy Commissioner Jind_IDA,2023-09-06,Approved by IDA,499000,Unsanctioned
MPLADS-047096,Sunita Duggal,Lok Sabha,Haryana,SIRSA(SC),,,NARWANA,Naraingarh (54),Normal/Others,WS/MP502/2023-2024/16846 - Construction of community centers and community halls,Deputy Commissioner Jind_IDA,2023-09-06,Approved by IDA,400000,Unsanctioned
MPLADS-047169,SHRI Devender Paul Vats,Rajya Sabha,Haryana,Sitting Rajya Sabha,Uklanamandi,Govt.College Uklanamandi,,,Normal/Others,NA - Installing community drinking water plants,DEPUTY COMMISSIONER HISSAR_IDA,2023-09-06,Action Pending,500000,Unsanctioned
MPLADS-047334,Rao Inderjit Singh,Lok Sabha,Haryana,GURGAON,,,TAORU,Bissar Akbarpur(2),Normal/Others,WS/MP516/2023-2024/16707 - Construction of shelters for animals,Deputy Commissioner Nuh_IDA,2023-09-05,Approved by IDA,1100000,Unsanctioned
MPLADS-047407,Rao Inderjit Singh,Lok Sabha,Haryana,GURGAON,Gurugram,sector 15 (part 1),,,Normal/Others,NA - Purchase of books and periodicals for libraries,Deputy Commissioner Gurugram_IDA,2023-09-05,Rejected by IDA,500000,Unsanctioned
MPLADS-047408,Shri Dharambir Singh ,Lok Sabha,Haryana,BHIWANI MAHENDRAGARH,Bhiwani,Ward No. 4,,,Normal/Others,WS/MP329/2023-2024/16470 - Construction of additional rooms and halls in the existing public and community building,Deputy Commissioner Bhiwani_IDA,2023-09-05,Approved by IDA,2100000,Unsanctioned
MPLADS-047409,Shri Dharambir Singh ,Lok Sabha,Haryana,BHIWANI MAHENDRAGARH,,,,,Normal/Others,WS/MP329/2023-2024/16469 - Purchase of school vans and buses (Four and three wheelers),Deputy Commissioner Bhiwani_IDA,2023-09-05,Approved by IDA,670000,
MPLADS-047410,Shri Dharambir Singh ,Lok Sabha,Haryana,BHIWANI MAHENDRAGARH,Bhiwani,Ward No. 3,,,Normal/Others,WS/MP329/2023-2024/16468 - Construction of buildings for sports facilities,Deputy Commissioner Bhiwani_IDA,2023-09-05,Approved by IDA,1100000,Unsanctioned
MPLADS-047411,Shri Dharambir Singh ,Lok Sabha,Haryana,BHIWANI MAHENDRAGARH,Bhiwani,Ward No. 26,,,Normal/Others,WS/MP329/2023-2024/16467 - Construction of additional rooms and halls in the existing public and community building,Deputy Commissioner Bhiwani_IDA,2023-09-05,Approved by IDA,500000,Unsanctioned
MPLADS-047412,Brijendra Singh,Lok Sabha,Haryana,HISAR,,,HISAR-I,Raipur(147),Normal/Others,NA - Construction of additional rooms and halls in the existing public and community building,DEPUTY COMMISSIONER HISSAR_IDA,2023-09-05,Action Pending,1017000,Unsanctioned
MPLADS-047413,Brijendra Singh,Lok Sabha,Haryana,HISAR,,,NARNAUND,Petwar (92),Normal/Others,WS/MP593/2023-2024/16426 - Purchase of non-conventional energy system and devices for community use,DEPUTY COMMISSIONER HISSAR_IDA,2023-09-05,Approved by IDA,540000,Unsanctioned
MPLADS-047629,SHRI Devender Paul Vats,Rajya Sabha,Haryana,Sitting Rajya Sabha,Meham,Municipal Parishad Maham,,,Normal/Others,WS/MP076/2023-2024/16074 - Purchase of mobile water tankers,DEPUTY COMMISSIONER ROHTAK_IDA,2023-09-04,Approved by IDA,316000,Unsanctioned
MPLADS-047630,SHRI Devender Paul Vats,Rajya Sabha,Haryana,Sitting Rajya Sabha,,,JIND,Jajwan (1),Normal/Others,WS/MP076/2023-2024/16019 - Construction of rooms and halls in school and colleges,Deputy Commissioner Jind_IDA,2023-09-04,Approved by IDA,500000,Unsanctioned
MPLADS-048094,Ramesh Chander Kaushik,Lok Sabha,Haryana,SONEPAT,,,JIND,Barsana (96),Normal/Others,NA - Construction of community centers and community halls,Deputy Commissioner Jind_IDA,2023-09-02,Action Pending,500000,Unsanctioned
MPLADS-048102,Ramesh Chander Kaushik,Lok Sabha,Haryana,SONEPAT,,,JIND,Dhani(16),Normal/Others,WS/MP592/2023-2024/15524 - Crematoriums or structures on burial/ cremation ground for public convenience,Deputy Commissioner Jind_IDA,2023-09-02,Approved by IDA,500000,Unsanctioned
MPLADS-048138,Ramesh Chander Kaushik,Lok Sabha,Haryana,SONEPAT,,,GANAUR,Sheikhupura (141),Normal/Others,WS/MP592/2023-2024/15324 - Setting up public non-conventional energy plants,DEPUTY COMMISSIONER SONEPAT_IDA,2023-09-02,Approved by IDA,297770,Unsanctioned
MPLADS-048139,Ramesh Chander Kaushik,Lok Sabha,Haryana,SONEPAT,,,SAFIDON,Siwana Mal (17),Normal/Others,NA - Setting up public non-conventional energy plants,Deputy Commissioner Jind_IDA,2023-09-02,Action Pending,392564,Unsanctioned
MPLADS-048140,Ramesh Chander Kaushik,Lok Sabha,Haryana,SONEPAT,,,SAFIDON,Ratta Khera (50),Normal/Others,NA - Setting up public non-conventional energy plants,Deputy Commissioner Jind_IDA,2023-09-02,Action Pending,392564,Unsanctioned
MPLADS-048141,Ramesh Chander Kaushik,Lok Sabha,Haryana,SONEPAT,,,SAFIDON,Singhana (43),Normal/Others,NA - Setting up public non-conventional energy plants,Deputy Commissioner Jind_IDA,2023-09-02,Action Pending,392564,Unsanctioned
MPLADS-048142,Ramesh Chander Kaushik,Lok Sabha,Haryana,SONEPAT,,,SAFIDON,Todi Kheri (58),Normal/Others,NA - Setting up public non-conventional energy plants,Deputy Commissioner Jind_IDA,2023-09-02,Action Pending,297770,Unsanctioned
MPLADS-048143,Ramesh Chander Kaushik,Lok Sabha,Haryana,SONEPAT,,,JULANA,Sirsa Kheri (43),Normal/Others,WS/MP592/2023-2024/15312 - Setting up public non-conventional energy plants,Deputy Commissioner Jind_IDA,2023-09-02,Approved by IDA,216197,Unsanctioned
MPLADS-048144,Ramesh Chander Kaushik,Lok Sabha,Haryana,SONEPAT,,,GANAUR,Shahpur Taga (108),Normal/Others,WS/MP592/2023-2024/15319 - Setting up public non-conventional energy plants,DEPUTY COMMISSIONER SONEPAT_IDA,2023-09-02,Approved by IDA,297770,Unsanctioned
MPLADS-048145,Ramesh Chander Kaushik,Lok Sabha,Haryana,SONEPAT,,,GANAUR,Bega (1),Normal/Others,WS/MP592/2023-2024/15320 - Setting up public non-conventional energy plants,DEPUTY COMMISSIONER SONEPAT_IDA,2023-09-02,Approved by IDA,392564,Unsanctioned
MPLADS-048146,Ramesh Chander Kaushik,Lok Sabha,Haryana,SONEPAT,,,MURTHAL,Dhaturi (100),Normal/Others,WS/MP592/2023-2024/15321 - Setting up public non-conventional energy plants,DEPUTY COMMISSIONER SONEPAT_IDA,2023-09-02,Approved by IDA,297770,Unsanctioned
MPLADS-048147,Ramesh Chander Kaushik,Lok Sabha,Haryana,SONEPAT,,,MURTHAL,Hassanpur (99),Normal/Others,WS/MP592/2023-2024/15322 - Setting up public non-conventional energy plants,DEPUTY COMMISSIONER SONEPAT_IDA,2023-09-02,Approved by IDA,297770,Unsanctioned
MPLADS-048148,Ramesh Chander Kaushik,Lok Sabha,Haryana,SONEPAT,,,GANAUR,Chirsami (112),Normal/Others,WS/MP592/2023-2024/15323 - Setting up public non-conventional energy plants,DEPUTY COMMISSIONER SONEPAT_IDA,2023-09-02,Approved by IDA,297770,Unsanctioned
MPLADS-048149,Ramesh Chander Kaushik,Lok Sabha,Haryana,SONEPAT,,,KATHURA,Thaska (34),Normal/Others,WS/MP592/2023-2024/15325 - Setting up public non-conventional energy plants,DEPUTY COMMISSIONER SONEPAT_IDA,2023-09-02,Approved by IDA,297770,Unsanctioned
MPLADS-048151,Ramesh Chander Kaushik,Lok Sabha,Haryana,SONEPAT,,,KATHURA,Bhanderi (8),Normal/Others,WS/MP592/2023-2024/15326 - Setting up public non-conventional energy plants,DEPUTY COMMISSIONER SONEPAT_IDA,2023-09-02,Approved by IDA,297770,Unsanctioned
MPLADS-048152,Ramesh Chander Kaushik,Lok Sabha,Haryana,SONEPAT,,,KHARKHODA,Pai (20R),Normal/Others,WS/MP592/2023-2024/15327 - Setting up public non-conventional energy plants,DEPUTY COMMISSIONER SONEPAT_IDA,2023-09-02,Approved by IDA,297770,Unsanctioned
MPLADS-048153,Ramesh Chander Kaushik,Lok Sabha,Haryana,SONEPAT,,,KHARKHODA,Khanda (9R),Normal/Others,WS/MP592/2023-2024/15328 - Setting up public non-conventional energy plants,DEPUTY COMMISSIONER SONEPAT_IDA,2023-09-02,Approved by IDA,297770,Unsanctioned
MPLADS-048154,Ramesh Chander Kaushik,Lok Sabha,Haryana,SONEPAT,,,MUNDLANA,Dhurana (51),Normal/Others,WS/MP592/2023-2024/15415 - Setting up public non-conventional energy plants,DEPUTY COMMISSIONER SONEPAT_IDA,2023-09-02,Approved by IDA,297770,Unsanctioned
MPLADS-048155,Ramesh Chander Kaushik,Lok Sabha,Haryana,SONEPAT,,,MUNDLANA,Mundlana (45),Normal/Others,WS/MP592/2023-2024/15416 - Setting up public non-conventional energy plants,DEPUTY COMMISSIONER SONEPAT_IDA,2023-09-02,Approved by IDA,297770,Unsanctioned
MPLADS-048156,Ramesh Chander Kaushik,Lok Sabha,Haryana,SONEPAT,,,MUNDLANA,Jawahra (50),Normal/Others,WS/MP592/2023-2024/15417 - Setting up public non-conventional energy plants,DEPUTY COMMISSIONER SONEPAT_IDA,2023-09-02,Approved by IDA,297770,Unsanctioned
MPLADS-048157,Ramesh Chander Kaushik,Lok Sabha,Haryana,SONEPAT,,,RAI,Chhatehara Bahadurpur (229),Normal/Others,WS/MP592/2023-2024/15418 - Setting up public non-conventional energy plants,DEPUTY COMMISSIONER SONEPAT_IDA,2023-09-02,Approved by IDA,297770,Unsanctioned
MPLADS-048158,Ramesh Chander Kaushik,Lok Sabha,Haryana,SONEPAT,,,RAI,Shafiabad Pana Paposhian(58),Normal/Others,WS/MP592/2023-2024/15419 - Setting up public non-conventional energy plants,DEPUTY COMMISSIONER SONEPAT_IDA,2023-09-02,Approved by IDA,297770,Unsanctioned
MPLADS-048159,Ramesh Chander Kaushik,Lok Sabha,Haryana,SONEPAT,,,RAI,Shafiabad Kheri Manajat (60),Normal/Others,WS/MP592/2023-2024/15420 - Setting up public non-conventional energy plants,DEPUTY COMMISSIONER SONEPAT_IDA,2023-09-02,Approved by IDA,297770,Unsanctioned
MPLADS-048160,Ramesh Chander Kaushik,Lok Sabha,Haryana,SONEPAT,,,RAI,Rasoi(42),Normal/Others,WS/MP592/2023-2024/15421 - Setting up public non-conventional energy plants,DEPUTY COMMISSIONER SONEPAT_IDA,2023-09-02,Approved by IDA,297770,Unsanctioned
MPLADS-048163,Ramesh Chander Kaushik,Lok Sabha,Haryana,SONEPAT,,,MURTHAL,Baroli (24),Normal/Others,WS/MP592/2023-2024/15423 - Setting up public non-conventional energy plants,DEPUTY COMMISSIONER SONEPAT_IDA,2023-09-02,Approved by IDA,392564,Unsanctioned
MPLADS-048165,Ramesh Chander Kaushik,Lok Sabha,Haryana,SONEPAT,,,PILLUKHERA,Morkhi (11),Normal/Others,WS/MP592/2023-2024/15267 - Setting up public non-conventional energy plants,Deputy Commissioner Jind_IDA,2023-09-02,Approved by IDA,392564,Unsanctioned
MPLADS-048166,Ramesh Chander Kaushik,Lok Sabha,Haryana,SONEPAT,,,SAFIDON,Nimnabad (63),Normal/Others,WS/MP592/2023-2024/15268 - Setting up public non-conventional energy plants,Deputy Commissioner Jind_IDA,2023-09-02,Approved by IDA,392564,Unsanctioned
MPLADS-048167,Ramesh Chander Kaushik,Lok Sabha,Haryana,SONEPAT,Jind,MC,,,Normal/Others,NA - Setting up public non-conventional energy plants,Deputy Commissioner Jind_IDA,2023-09-02,Action Pending,392564,Unsanctioned
MPLADS-048169,Ramesh Chander Kaushik,Lok Sabha,Haryana,SONEPAT,Jind,MC w. no. 4,,,Normal/Others,WS/MP592/2023-2024/15271 - Setting up public non-conventional energy plants,Deputy Commissioner Jind_IDA,2023-09-02,Approved by IDA,216197,Unsanctioned
MPLADS-048170,Ramesh Chander Kaushik,Lok Sabha,Haryana,SONEPAT,Jind,DAV Police school,,,Normal/Others,NA - Setting up public non-conventional energy plants,Deputy Commissioner Jind_IDA,2023-09-02,Action Pending,903344,Unsanctioned
MPLADS-048171,Ramesh Chander Kaushik,Lok Sabha,Haryana,SONEPAT,,,SAFIDON,Paju Kalan (46),Normal/Others,NA - Setting up public non-conventional energy plants,Deputy Commissioner Jind_IDA,2023-09-02,Action Pending,392564,Unsanctioned
MPLADS-048172,Ramesh Chander Kaushik,Lok Sabha,Haryana,SONEPAT,,,SAFIDON,Muana (63),Normal/Others,NA - Setting up public non-conventional energy plants,Deputy Commissioner Jind_IDA,2023-09-02,Action Pending,392564,Unsanctioned
MPLADS-048173,Ramesh Chander Kaushik,Lok Sabha,Haryana,SONEPAT,,,SAFIDON,Muana (63),Normal/Others,NA - Setting up public non-conventional energy plants,Deputy Commissioner Jind_IDA,2023-09-02,Action Pending,392564,Unsanctioned
MPLADS-048184,Ramesh Chander Kaushik,Lok Sabha,Haryana,SONEPAT,,,SAFIDON,Kharkara (51),Normal/Others,WS/MP592/2023-2024/15306 - Setting up public non-conventional energy plants,Deputy Commissioner Jind_IDA,2023-09-02,Approved by IDA,216197,Unsanctioned
MPLADS-048185,Ramesh Chander Kaushik,Lok Sabha,Haryana,SONEPAT,,,SAFIDON,Rorh (89),Normal/Others,NA - Setting up public non-conventional energy plants,Deputy Commissioner Jind_IDA,2023-09-02,Action Pending,392564,Unsanctioned
MPLADS-048187,Ramesh Chander Kaushik,Lok Sabha,Haryana,SONEPAT,,,RAI,Dahisara (51),Normal/Others,WS/MP592/2023-2024/15422 - Setting up public non-conventional energy plants,DEPUTY COMMISSIONER SONEPAT_IDA,2023-09-02,Approved by IDA,297770,Unsanctioned
MPLADS-048188,Ramesh Chander Kaushik,Lok Sabha,Haryana,SONEPAT,,,MURTHAL,Zainpur (17),Normal/Others,WS/MP592/2023-2024/15424 - Setting up public non-conventional energy plants,DEPUTY COMMISSIONER SONEPAT_IDA,2023-09-02,Approved by IDA,297770,Unsanctioned
MPLADS-048189,Ramesh Chander Kaushik,Lok Sabha,Haryana,SONEPAT,,,JIND,Nirjan (75),Normal/Others,WS/MP592/2023-2024/15265 - Setting up public non-conventional energy plants,Deputy Commissioner Jind_IDA,2023-09-02,Approved by IDA,392564,Unsanctioned
MPLADS-048207,Ramesh Chander Kaushik,Lok Sabha,Haryana,SONEPAT,,,RAI,Badkhalsa (41),Normal/Others,WS/MP592/2023-2024/15521 - Setting up public non-conventional energy plants,DEPUTY COMMISSIONER SONEPAT_IDA,2023-09-02,Approved by IDA,297770,Unsanctioned
MPLADS-048208,Ramesh Chander Kaushik,Lok Sabha,Haryana,SONEPAT,,,GOHANA,Sikanderpur Majra (64),Normal/Others,WS/MP592/2023-2024/15522 - Setting up public non-conventional energy plants,DEPUTY COMMISSIONER SONEPAT_IDA,2023-09-02,Approved by IDA,297770,Unsanctioned
MPLADS-048209,Ramesh Chander Kaushik,Lok Sabha,Haryana,SONEPAT,,,MUNDLANA,Gangana (19),Normal/Others,WS/MP592/2023-2024/15523 - Setting up public non-conventional energy plants,DEPUTY COMMISSIONER SONEPAT_IDA,2023-09-02,Approved by IDA,297770,Unsanctioned
MPLADS-048215,Ramesh Chander Kaushik,Lok Sabha,Haryana,SONEPAT,,,MURTHAL,Tajpur (14),Normal/Others,WS/MP592/2023-2024/15425 - Setting up public non-conventional energy plants,DEPUTY COMMISSIONER SONEPAT_IDA,2023-09-02,Approved by IDA,392564,Unsanctioned
MPLADS-048216,Ramesh Chander Kaushik,Lok Sabha,Haryana,SONEPAT,Gohana,old bus stand,,,Normal/Others,NA - Setting up public non-conventional energy plants,DEPUTY COMMISSIONER SONEPAT_IDA,2023-09-02,Action Pending,380000,Unsanctioned
MPLADS-048217,Ramesh Chander Kaushik,Lok Sabha,Haryana,SONEPAT,,,KATHURA,Madina (9),Normal/Others,WS/MP592/2023-2024/15426 - Setting up public non-conventional energy plants,DEPUTY COMMISSIONER SONEPAT_IDA,2023-09-02,Approved by IDA,392564,Unsanctioned
MPLADS-048218,Ramesh Chander Kaushik,Lok Sabha,Haryana,SONEPAT,,,GANAUR,Ghasauli (2),Normal/Others,WS/MP592/2023-2024/15439 - Setting up public non-conventional energy plants,DEPUTY COMMISSIONER SONEPAT_IDA,2023-09-02,Approved by IDA,297770,Unsanctioned
MPLADS-048219,Ramesh Chander Kaushik,Lok Sabha,Haryana,SONEPAT,,,GANAUR,Purkhas Dhiran (159),Normal/Others,NA - Setting up public non-conventional energy plants,DEPUTY COMMISSIONER SONEPAT_IDA,2023-09-02,Action Pending,380000,Unsanctioned
MPLADS-048220,Ramesh Chander Kaushik,Lok Sabha,Haryana,SONEPAT,,,GANAUR,Purkhas Dhiran (159),Normal/Others,WS/MP592/2023-2024/15441 - Setting up public non-conventional energy plants,DEPUTY COMMISSIONER SONEPAT_IDA,2023-09-02,Approved by IDA,297770,Unsanctioned
MPLADS-048221,Ramesh Chander Kaushik,Lok Sabha,Haryana,SONEPAT,,,GANAUR,Khizarpur Ahir (138),Normal/Others,WS/MP592/2023-2024/15442 - Setting up public non-conventional energy plants,DEPUTY COMMISSIONER SONEPAT_IDA,2023-09-02,Approved by IDA,297770,Unsanctioned
MPLADS-048222,Ramesh Chander Kaushik,Lok Sabha,Haryana,SONEPAT,,,GANAUR,Kheri Gujjar (133),Normal/Others,WS/MP592/2023-2024/15443 - Setting up public non-conventional energy plants,DEPUTY COMMISSIONER SONEPAT_IDA,2023-09-02,Approved by IDA,297770,Unsanctioned
MPLADS-048223,Ramesh Chander Kaushik,Lok Sabha,Haryana,SONEPAT,,,GANAUR,Shamashpur (135),Normal/Others,NA - Setting up public non-conventional energy plants,DEPUTY COMMISSIONER SONEPAT_IDA,2023-09-02,Action Pending,297770,Unsanctioned
MPLADS-048224,Ramesh Chander Kaushik,Lok Sabha,Haryana,SONEPAT,,,GANAUR,Khubru (130),Normal/Others,WS/MP592/2023-2024/15445 - Setting up public non-conventional energy plants,DEPUTY COMMISSIONER SONEPAT_IDA,2023-09-02,Approved by IDA,297770,Unsanctioned
MPLADS-048225,Ramesh Chander Kaushik,Lok Sabha,Haryana,SONEPAT,,,GANAUR,Bulandpur (132),Normal/Others,WS/MP592/2023-2024/15446 - Setting up public non-conventional energy plants,DEPUTY COMMISSIONER SONEPAT_IDA,2023-09-02,Approved by IDA,297770,Unsanctioned
MPLADS-048226,Ramesh Chander Kaushik,Lok Sabha,Haryana,SONEPAT,,,GANAUR,Datauli (110),Normal/Others,WS/MP592/2023-2024/15447 - Setting up public non-conventional energy plants,DEPUTY COMMISSIONER SONEPAT_IDA,2023-09-02,Approved by IDA,297770,Unsanctioned
MPLADS-048227,Ramesh Chander Kaushik,Lok Sabha,Haryana,SONEPAT,Gohana,sector - 7,,,Normal/Others,NA - Setting up public non-conventional energy plants,DEPUTY COMMISSIONER SONEPAT_IDA,2023-09-02,Action Pending,380000,Unsanctioned
MPLADS-048229,Ramesh Chander Kaushik,Lok Sabha,Haryana,SONEPAT,,,GOHANA,Lath (65),Normal/Others,WS/MP592/2023-2024/15516 - Setting up public non-conventional energy plants,DEPUTY COMMISSIONER SONEPAT_IDA,2023-09-02,Approved by IDA,297770,Unsanctioned
MPLADS-048230,Ramesh Chander Kaushik,Lok Sabha,Haryana,SONEPAT,,,GOHANA,Bali (80),Normal/Others,WS/MP592/2023-2024/15517 - Setting up public non-conventional energy plants,DEPUTY COMMISSIONER SONEPAT_IDA,2023-09-02,Approved by IDA,297770,Unsanctioned
MPLADS-048231,Ramesh Chander Kaushik,Lok Sabha,Haryana,SONEPAT,,,SONIPAT,Salarpur Majra (182),Normal/Others,WS/MP592/2023-2024/15518 - Setting up public non-conventional energy plants,DEPUTY COMMISSIONER SONEPAT_IDA,2023-09-02,Approved by IDA,297770,Unsanctioned
MPLADS-048232,Ramesh Chander Kaushik,Lok Sabha,Haryana,SONEPAT,,,MUNDLANA,Bichpari (22),Normal/Others,WS/MP592/2023-2024/15519 - Setting up public non-conventional energy plants,DEPUTY COMMISSIONER SONEPAT_IDA,2023-09-02,Approved by IDA,297770,Unsanctioned
MPLADS-048233,Ramesh Chander Kaushik,Lok Sabha,Haryana,SONEPAT,,,KATHURA,Chhapra (6),Normal/Others,WS/MP592/2023-2024/15520 - Setting up public non-conventional energy plants,DEPUTY COMMISSIONER SONEPAT_IDA,2023-09-02,Approved by IDA,297770,Unsanctioned
MPLADS-048239,Ramesh Chander Kaushik,Lok Sabha,Haryana,SONEPAT,,,SAFIDON,Badodh (60),Normal/Others,WS/MP592/2023-2024/15266 - Setting up public non-conventional energy plants,Deputy Commissioner Jind_IDA,2023-09-02,Approved by IDA,216197,Unsanctioned
MPLADS-048240,Ramesh Chander Kaushik,Lok Sabha,Haryana,SONEPAT,Jind,MC,,,Normal/Others,WS/MP592/2023-2024/15270 - Setting up public non-conventional energy plants,Deputy Commissioner Jind_IDA,2023-09-02,Approved by IDA,216197,Unsanctioned
MPLADS-048241,Ramesh Chander Kaushik,Lok Sabha,Haryana,SONEPAT,,,JIND,Ahirka (83),Normal/Others,WS/MP592/2023-2024/15264 - Setting up public non-conventional energy plants,Deputy Commissioner Jind_IDA,2023-09-02,Approved by IDA,392564,Unsanctioned
MPLADS-048254,Ramesh Chander Kaushik,Lok Sabha,Haryana,SONEPAT,,,JIND,Baroli (57),Normal/Others,WS/MP592/2023-2024/15263 - Setting up public non-conventional energy plants,Deputy Commissioner Jind_IDA,2023-09-02,Approved by IDA,392564,Unsanctioned
MPLADS-048289,Ramesh Chander Kaushik,Lok Sabha,Haryana,SONEPAT,,,PILLUKHERA,Rajana (20),Normal/Others,WS/MP592/2023-2024/15260 - Setting up public non-conventional energy plants,Deputy Commissioner Jind_IDA,2023-09-02,Approved by IDA,392564,Unsanctioned
MPLADS-048290,Ramesh Chander Kaushik,Lok Sabha,Haryana,SONEPAT,,,PILLUKHERA,Gangoli (13),Normal/Others,WS/MP592/2023-2024/15259 - Setting up public non-conventional energy plants,Deputy Commissioner Jind_IDA,2023-09-02,Approved by IDA,392564,Unsanctioned
MPLADS-048291,Ramesh Chander Kaushik,Lok Sabha,Haryana,SONEPAT,Julana,Brahman dharamshala,,,Normal/Others,NA - Setting up public non-conventional energy plants,Deputy Commissioner Jind_IDA,2023-09-02,Action Pending,392564,Unsanctioned
MPLADS-048292,Ramesh Chander Kaushik,Lok Sabha,Haryana,SONEPAT,,,JULANA,Pauli (27),Normal/Others,WS/MP592/2023-2024/15257 - Setting up public non-conventional energy plants,Deputy Commissioner Jind_IDA,2023-09-02,Approved by IDA,392564,Unsanctioned
MPLADS-048293,Ramesh Chander Kaushik,Lok Sabha,Haryana,SONEPAT,,,JULANA,Budha Khera Lather (31),Normal/Others,WS/MP592/2023-2024/15256 - Setting up public non-conventional energy plants,Deputy Commissioner Jind_IDA,2023-09-02,Approved by IDA,392564,Unsanctioned
MPLADS-048294,Ramesh Chander Kaushik,Lok Sabha,Haryana,SONEPAT,,,JULANA,Kamach Khera (23),Normal/Others,WS/MP592/2023-2024/15255 - Setting up public non-conventional energy plants,Deputy Commissioner Jind_IDA,2023-09-02,Approved by IDA,297770,Unsanctioned
MPLADS-048295,Ramesh Chander Kaushik,Lok Sabha,Haryana,SONEPAT,,,JULANA,Malvi (22),Normal/Others,WS/MP592/2023-2024/15254 - Setting up public non-conventional energy plants,Deputy Commissioner Jind_IDA,2023-09-02,Approved by IDA,216197,Unsanctioned
MPLADS-048296,Ramesh Chander Kaushik,Lok Sabha,Haryana,SONEPAT,,,JIND,Assan (4),Normal/Others,WS/MP592/2023-2024/15253 - Setting up public non-conventional energy plants,Deputy Commissioner Jind_IDA,2023-09-02,Approved by IDA,297770,Unsanctioned
MPLADS-048297,Ramesh Chander Kaushik,Lok Sabha,Haryana,SONEPAT,,,JULANA,Lajwana Kalan (30),Normal/Others,WS/MP592/2023-2024/15252 - Setting up public non-conventional energy plants,Deputy Commissioner Jind_IDA,2023-09-02,Approved by IDA,392564,Unsanctioned
MPLADS-048298,Ramesh Chander Kaushik,Lok Sabha,Haryana,SONEPAT,,,JULANA,Brahmanwas (25),Normal/Others,WS/MP592/2023-2024/15251 - Setting up public non-conventional energy plants,Deputy Commissioner Jind_IDA,2023-09-02,Approved by IDA,216197,Unsanctioned
MPLADS-048496,Ramesh Chander Kaushik,Lok Sabha,Haryana,SONEPAT,,,RAI,Bazidpur Saboli(57),Normal/Others,NA - Construction of community centers and community halls,DEPUTY COMMISSIONER SONEPAT_IDA,2023-09-01,Action Pending,1000000,Unsanctioned
MPLADS-048497,Ramesh Chander Kaushik,Lok Sabha,Haryana,SONEPAT,,,RAI,Aterna (44),Normal/Others,NA - Construction of boundary walls of existing public and community buildings,DEPUTY COMMISSIONER SONEPAT_IDA,2023-09-01,Action Pending,1500000,Unsanctioned
MPLADS-048498,Brijendra Singh,Lok Sabha,Haryana,HISAR,,,HISAR-I,Talwandi Rana (65),Normal/Others,NA - Construction of public libraries and reading rooms,DEPUTY COMMISSIONER HISSAR_IDA,2023-09-01,Action Pending,425000,Unsanctioned
MPLADS-048499,Brijendra Singh,Lok Sabha,Haryana,HISAR,Hisar,16,,,Trust and Society,WS/MP593/2023-2024/14816 - Construction of community centers and community halls,DEPUTY COMMISSIONER HISSAR_IDA,2023-09-01,Approved by IDA,2000000,Unsanctioned
MPLADS-048500,Brijendra Singh,Lok Sabha,Haryana,HISAR,,,UCHANA,Kakrod (104),Normal/Others,WS/MP593/2023-2024/14806 - Construction of buildings for sports facilities,Deputy Commissioner Jind_IDA,2023-09-01,Approved by IDA,1000000,Unsanctioned
MPLADS-048501,Brijendra Singh,Lok Sabha,Haryana,HISAR,,,NARNAUND,Mirchpur (75),Trust and Society,WS/MP593/2023-2024/14805 - Construction of community centers and community halls,DEPUTY COMMISSIONER HISSAR_IDA,2023-09-01,Approved by IDA,1101000,Unsanctioned
MPLADS-048502,Brijendra Singh,Lok Sabha,Haryana,HISAR,,,NARNAUND,Petwar (92),Normal/Others,WS/MP593/2023-2024/14804 - Installing community drinking water plants,DEPUTY COMMISSIONER HISSAR_IDA,2023-09-01,Approved by IDA,74000,Unsanctioned
MPLADS-048503,Brijendra Singh,Lok Sabha,Haryana,HISAR,Hisar,7,,,Normal/Others,NA - Construction of additional rooms and halls in the existing public and community building,DEPUTY COMMISSIONER HISSAR_IDA,2023-09-01,Action Pending,1100000,Unsanctioned
MPLADS-048506,Brijendra Singh,Lok Sabha,Haryana,HISAR,Hisar,1,,,Normal/Others,NA - Construction of additional rooms and halls in the existing public and community building,DEPUTY COMMISSIONER HISSAR_IDA,2023-09-01,Action Pending,1100000,Unsanctioned
MPLADS-048507,Brijendra Singh,Lok Sabha,Haryana,HISAR,,,AGROHA,Kanoh(58),Normal/Others,WS/MP593/2023-2024/14709 - Development of public parks,DEPUTY COMMISSIONER HISSAR_IDA,2023-09-01,Approved by IDA,1000000,Unsanctioned
MPLADS-048511,Brijendra Singh,Lok Sabha,Haryana,HISAR,,,UJHANA,Ujhana (50),Normal/Others,WS/MP593/2023-2024/14704 - Purchase of mobile water tankers,Deputy Commissioner Jind_IDA,2023-09-01,Approved by IDA,157000,Ongoing
MPLADS-048512,Brijendra Singh,Lok Sabha,Haryana,HISAR,,,BHIWANI,Prem Nagar (9),Normal/Others,WS/MP593/2023-2024/14705 - Purchase of mobile sanitation equipment,Deputy Commissioner Bhiwani_IDA,2023-09-01,Approved by IDA,600000,Unsanctioned
MPLADS-048513,Brijendra Singh,Lok Sabha,Haryana,HISAR,Bawani Khera,11,,,Normal/Others,WS/MP593/2023-2024/14719 - Construction of additional rooms and halls in the existing public and community building,Deputy Commissioner Bhiwani_IDA,2023-09-01,Approved by IDA,600000,Sanctioned
MPLADS-048514,Brijendra Singh,Lok Sabha,Haryana,HISAR,Bhiwani,Ward No 1,,,Normal/Others,WS/MP593/2023-2024/14707 - Purchase of books for public libraries,Deputy Commissioner Bhiwani_IDA,2023-09-01,Approved by IDA,1100000,Unsanctioned
MPLADS-048515,Brijendra Singh,Lok Sabha,Haryana,HISAR,,,ADAMPUR,Adampur (CT),Repair and Renovation,NA - Construction of community centers and community halls,DEPUTY COMMISSIONER HISSAR_IDA,2023-09-01,Action Pending,1100000,Unsanctioned
MPLADS-048516,Brijendra Singh,Lok Sabha,Haryana,HISAR,Hisar,18,,,Repair and Renovation,NA - Construction of community centers and community halls,DEPUTY COMMISSIONER HISSAR_IDA,2023-09-01,Action Pending,1100000,Unsanctioned
MPLADS-048518,Brijendra Singh,Lok Sabha,Haryana,HISAR,,,HANSI-I,Sisai Kali Rawan(109),Repair and Renovation,NA - Construction of additional rooms and halls in the existing public and community building,DEPUTY COMMISSIONER HISSAR_IDA,2023-09-01,Action Pending,1100000,Unsanctioned
MPLADS-048519,Brijendra Singh,Lok Sabha,Haryana,HISAR,,,HANSI-I,Ghirai(24),Repair and Renovation,NA - Construction of additional rooms and halls in the existing public and community building,DEPUTY COMMISSIONER HISSAR_IDA,2023-09-01,Action Pending,1124735,Unsanctioned
MPLADS-048520,Brijendra Singh,Lok Sabha,Haryana,HISAR,,,UCHANA,Uchana Khurd (106),Normal/Others,WS/MP593/2023-2024/14713 - Construction of additional rooms and halls in the existing public and community building,Deputy Commissioner Jind_IDA,2023-09-01,Approved by IDA,2100000,Unsanctioned
MPLADS-048521,Brijendra Singh,Lok Sabha,Haryana,HISAR,,,UCHANA,Mohangarh (136),Normal/Others,NA - Construction of additional rooms and halls in the existing public and community building,Deputy Commissioner Jind_IDA,2023-09-01,Action Pending,500000,Unsanctioned
MPLADS-048522,Brijendra Singh,Lok Sabha,Haryana,HISAR,,,ALEWA,Thuha (69),Repair and Renovation,NA - Construction of additional rooms and halls in the existing public and community building,Deputy Commissioner Jind_IDA,2023-09-01,Action Pending,200000,Unsanctioned
MPLADS-048523,Brijendra Singh,Lok Sabha,Haryana,HISAR,,,ALEWA,Thuha (69),Normal/Others,WS/MP593/2023-2024/14716 - Construction of additional rooms and halls in the existing public and community building,Deputy Commissioner Jind_IDA,2023-09-01,Approved by IDA,500000,Unsanctioned
MPLADS-048524,Brijendra Singh,Lok Sabha,Haryana,HISAR,,,ALEWA,Thuha (69),Normal/Others,NA - Construction of additional rooms and halls in the existing public and community building,Deputy Commissioner Jind_IDA,2023-09-01,Action Pending,300000,Unsanctioned
MPLADS-048525,Brijendra Singh,Lok Sabha,Haryana,HISAR,,,ADAMPUR,Khara Barwala(33),Normal/Others,WS/MP593/2023-2024/14718 - Construction of public irrigation facilities,DEPUTY COMMISSIONER HISSAR_IDA,2023-09-01,Approved by IDA,299819,Unsanctioned
MPLADS-048527,Brijendra Singh,Lok Sabha,Haryana,HISAR,Barwala,5,,,Normal/Others,NA - Construction of additional rooms and halls in the existing public and community building,DEPUTY COMMISSIONER HISSAR_IDA,2023-09-01,Action Pending,1100000,Unsanctioned
MPLADS-048529,Brijendra Singh,Lok Sabha,Haryana,HISAR,,,HANSI-I,Ramayan (116),Normal/Others,NA - Construction of additional rooms and halls in the existing public and community building,DEPUTY COMMISSIONER HISSAR_IDA,2023-09-01,Action Pending,1100000,Unsanctioned
MPLADS-048537,Brijendra Singh,Lok Sabha,Haryana,HISAR,,,HISAR-II,Arya Nagar(57),Trust and Society,WS/MP593/2023-2024/14743 - Construction of community centers and community halls,DEPUTY COMMISSIONER HISSAR_IDA,2023-09-01,Approved by IDA,1100000,Unsanctioned
MPLADS-048538,Brijendra Singh,Lok Sabha,Haryana,HISAR,,,HANSI-I,Sultanpur(138),Normal/Others,NA - Construction of additional rooms and halls in the existing public and community building,DEPUTY COMMISSIONER HISSAR_IDA,2023-09-01,Action Pending,1000000,Unsanctioned
MPLADS-048540,Brijendra Singh,Lok Sabha,Haryana,HISAR,,,HANSI-I,Kulana(114),Normal/Others,NA - Crematoriums or structures on burial/ cremation ground for public convenience,DEPUTY COMMISSIONER HISSAR_IDA,2023-09-01,Action Pending,1099521,Unsanctioned
MPLADS-048541,Brijendra Singh,Lok Sabha,Haryana,HISAR,,,UCHANA,Mohangarh (136),Normal/Others,NA - Construction of additional rooms and halls in the existing public and community building,Deputy Commissioner Jind_IDA,2023-09-01,Action Pending,200000,Unsanctioned
MPLADS-048542,Brijendra Singh,Lok Sabha,Haryana,HISAR,,,UCHANA,Mandi Kalan (71),Normal/Others,NA - Construction of additional rooms and halls in the existing public and community building,Deputy Commissioner Jind_IDA,2023-09-01,Action Pending,200000,Unsanctioned
MPLADS-048543,Brijendra Singh,Lok Sabha,Haryana,HISAR,,,UCHANA,Baroda (113),Normal/Others,"NA - Construction of roads, approach roads, link roads and pathways",Deputy Commissioner Jind_IDA,2023-09-01,Action Pending,400000,Unsanctioned
MPLADS-048544,Brijendra Singh,Lok Sabha,Haryana,HISAR,,,UCHANA,Makhand (105),Normal/Others,NA - Construction of community centers and community halls,Deputy Commissioner Jind_IDA,2023-09-01,Action Pending,1000000,Unsanctioned
MPLADS-048545,Brijendra Singh,Lok Sabha,Haryana,HISAR,,,UCHANA,Udepur (102),Normal/Others,NA - Construction of additional rooms and halls in the existing public and community building,Deputy Commissioner Jind_IDA,2023-09-01,Action Pending,500000,Unsanctioned
MPLADS-048549,Brijendra Singh,Lok Sabha,Haryana,HISAR,Bawani Khera,1,,,Normal/Others,NA - Construction of additional rooms and halls in the existing public and community building,Deputy Commissioner Bhiwani_IDA,2023-09-01,Action Pending,1100000,Unsanctioned
MPLADS-048561,Brijendra Singh,Lok Sabha,Haryana,HISAR,Narnaund,6,,,Normal/Others,NA - Construction of additional rooms and halls in the existing public and community building,DEPUTY COMMISSIONER HISSAR_IDA,2023-09-01,Action Pending,1100000,Unsanctioned
MPLADS-048571,Brijendra Singh,Lok Sabha,Haryana,HISAR,Jind,17,,,Repair and Renovation,WS/MP593/2023-2024/14706 - Construction of additional rooms and halls in the existing public and community building,Deputy Commissioner Jind_IDA,2023-09-01,Approved by IDA,1100000,Unsanctioned
MPLADS-048574,Brijendra Singh,Lok Sabha,Haryana,HISAR,,,UCHANA,Ghogharian (130),Normal/Others,WS/MP593/2023-2024/14696 - Purchase of mobile water tankers,Deputy Commissioner Jind_IDA,2023-09-01,Approved by IDA,157000,Sanctioned
MPLADS-048575,Brijendra Singh,Lok Sabha,Haryana,HISAR,,,UCHANA,Chhattar (76),Normal/Others,WS/MP593/2023-2024/14695 - Purchase of mobile water tankers,Deputy Commissioner Jind_IDA,2023-09-01,Approved by IDA,157000,Sanctioned
MPLADS-048585,Brijendra Singh,Lok Sabha,Haryana,HISAR,,,UCHANA,Khatkar (135),Normal/Others,WS/MP593/2023-2024/14698 - Purchase of mobile water tankers,Deputy Commissioner Jind_IDA,2023-09-01,Approved by IDA,157000,Sanctioned
MPLADS-048596,Brijendra Singh,Lok Sabha,Haryana,HISAR,,,UCHANA,Dhankhari (133),Normal/Others,WS/MP593/2023-2024/14697 - Purchase of mobile water tankers,Deputy Commissioner Jind_IDA,2023-09-01,Approved by IDA,157000,Sanctioned
MPLADS-048611,Brijendra Singh,Lok Sabha,Haryana,HISAR,,,UCHANA,Kakrod (104),Normal/Others,WS/MP593/2023-2024/14699 - Purchase of mobile water tankers,Deputy Commissioner Jind_IDA,2023-09-01,Approved by IDA,157000,Sanctioned
MPLADS-048618,Brijendra Singh,Lok Sabha,Haryana,HISAR,,,UJHANA,Dhamtan Sahib (60),Normal/Others,WS/MP593/2023-2024/14703 - Purchase of mobile water tankers,Deputy Commissioner Jind_IDA,2023-09-01,Approved by IDA,157000,Ongoing
MPLADS-048619,Brijendra Singh,Lok Sabha,Haryana,HISAR,,,NARWANA,Danoda Khurd (90),Normal/Others,WS/MP593/2023-2024/14702 - Purchase of mobile water tankers,Deputy Commissioner Jind_IDA,2023-09-01,Approved by IDA,157000,Ongoing
MPLADS-048620,Brijendra Singh,Lok Sabha,Haryana,HISAR,,,UCHANA,Kachrana Kalan (78),Normal/Others,WS/MP593/2023-2024/14701 - Purchase of mobile water tankers,Deputy Commissioner Jind_IDA,2023-09-01,Approved by IDA,157000,Ongoing
MPLADS-048621,Brijendra Singh,Lok Sabha,Haryana,HISAR,,,UCHANA,Bhonsla (132),Normal/Others,WS/MP593/2023-2024/14700 - Purchase of mobile water tankers,Deputy Commissioner Jind_IDA,2023-09-01,Approved by IDA,157000,Sanctioned
MPLADS-048624,Brijendra Singh,Lok Sabha,Haryana,HISAR,,,ALEWA,Dauhla (80),Normal/Others,NA - Construction of community centers and community halls,Deputy Commissioner Jind_IDA,2023-09-01,Action Pending,500000,Unsanctioned
MPLADS-048625,Brijendra Singh,Lok Sabha,Haryana,HISAR,,,UCHANA,Mandi Kalan (71),Normal/Others,WS/MP593/2023-2024/14690 - Purchase of mobile water tankers,Deputy Commissioner Jind_IDA,2023-09-01,Approved by IDA,157000,Sanctioned
MPLADS-048629,Brijendra Singh,Lok Sabha,Haryana,HISAR,,,UCHANA,Udepur (102),Normal/Others,WS/MP593/2023-2024/14682 - Purchase of mobile water tankers,Deputy Commissioner Jind_IDA,2023-09-01,Approved by IDA,157000,Sanctioned
MPLADS-048630,Brijendra Singh,Lok Sabha,Haryana,HISAR,Uchana,Ward No 17,,,Normal/Others,WS/MP593/2023-2024/14683 - Purchase of mobile water tankers,Deputy Commissioner Jind_IDA,2023-09-01,Approved by IDA,157000,Ongoing
MPLADS-048631,Brijendra Singh,Lok Sabha,Haryana,HISAR,,,UCHANA,Kasoon (134),Normal/Others,WS/MP593/2023-2024/14684 - Purchase of mobile water tankers,Deputy Commissioner Jind_IDA,2023-09-01,Approved by IDA,157000,Sanctioned
MPLADS-048632,Brijendra Singh,Lok Sabha,Haryana,HISAR,,,ALEWA,Badhana (55),Normal/Others,WS/MP593/2023-2024/14686 - Purchase of mobile water tankers,Deputy Commissioner Jind_IDA,2023-09-01,Approved by IDA,157000,Unsanctioned
MPLADS-048633,Brijendra Singh,Lok Sabha,Haryana,HISAR,,,UCHANA,Ghaso Kalan (117),Normal/Others,WS/MP593/2023-2024/14687 - Purchase of mobile water tankers,Deputy Commissioner Jind_IDA,2023-09-01,Approved by IDA,157000,Ongoing
MPLADS-048634,Brijendra Singh,Lok Sabha,Haryana,HISAR,,,UCHANA,Dohana Khera (94),Normal/Others,WS/MP593/2023-2024/14688 - Purchase of mobile water tankers,Deputy Commissioner Jind_IDA,2023-09-01,Approved by IDA,157000,Sanctioned
MPLADS-048635,Brijendra Singh,Lok Sabha,Haryana,HISAR,,,UCHANA,Mohangarh (136),Normal/Others,WS/MP593/2023-2024/14689 - Purchase of mobile water tankers,Deputy Commissioner Jind_IDA,2023-09-01,Approved by IDA,157000,Sanctioned
MPLADS-048636,Brijendra Singh,Lok Sabha,Haryana,HISAR,,,UCHANA,Kharak Bhura (115),Normal/Others,WS/MP593/2023-2024/14685 - Purchase of mobile water tankers,Deputy Commissioner Jind_IDA,2023-09-01,Approved by IDA,157000,Sanctioned
MPLADS-048637,Brijendra Singh,Lok Sabha,Haryana,HISAR,,,UCHANA,Sedha Majra (107),Normal/Others,WS/MP593/2023-2024/14691 - Purchase of mobile water tankers,Deputy Commissioner Jind_IDA,2023-09-01,Approved by IDA,157000,Sanctioned
MPLADS-048642,Brijendra Singh,Lok Sabha,Haryana,HISAR,,,UCHANA,Jheel (95),Normal/Others,WS/MP593/2023-2024/14692 - Purchase of mobile water tankers,Deputy Commissioner Jind_IDA,2023-09-01,Approved by IDA,157000,Ongoing
MPLADS-048646,Brijendra Singh,Lok Sabha,Haryana,HISAR,,,ALEWA,Shamdo (68),Normal/Others,WS/MP593/2023-2024/14694 - Purchase of mobile water tankers,Deputy Commissioner Jind_IDA,2023-09-01,Approved by IDA,157000,Unsanctioned
MPLADS-048647,Brijendra Singh,Lok Sabha,Haryana,HISAR,,,ALEWA,Thuha (69),Normal/Others,WS/MP593/2023-2024/14693 - Purchase of mobile water tankers,Deputy Commissioner Jind_IDA,2023-09-01,Approved by IDA,157000,Sanctioned
MPLADS-048756,Rao Inderjit Singh,Lok Sabha,Haryana,GURGAON,Gurugram,ward no. 21,,,Normal/Others,NA - Construction of rooms and halls in school and colleges,Deputy Commissioner Gurugram_IDA,2023-08-31,Action Pending,2100000,Unsanctioned
MPLADS-048757,SHRI Devender Paul Vats,Rajya Sabha,Haryana,Sitting Rajya Sabha,,,AGROHA,Agroha(54),Normal/Others,NA - Construction of buildings for sports facilities,DEPUTY COMMISSIONER HISSAR_IDA,2023-08-31,Action Pending,10000000,Unsanctioned
MPLADS-048796,Brijendra Singh,Lok Sabha,Haryana,HISAR,,,HANSI-I,Sultanpur(138),Normal/Others,WS/MP593/2023-2024/14351 - Purchase of mobile water tankers,DEPUTY COMMISSIONER HISSAR_IDA,2023-08-30,Approved by IDA,155000,Unsanctioned
MPLADS-048801,Brijendra Singh,Lok Sabha,Haryana,HISAR,,,NARNAUND,Sulchani (69),Normal/Others,WS/MP593/2023-2024/14386 - Purchase of mobile water tankers,DEPUTY COMMISSIONER HISSAR_IDA,2023-08-30,Approved by IDA,155000,Unsanctioned
MPLADS-048802,Rao Inderjit Singh,Lok Sabha,Haryana,GURGAON,,,REWARI,Thothwal (139),Normal/Others,WS/MP516/2023-2024/14388 - Construction of community centers and community halls,DEPUTY COMMISSIONER REWARI_IDA,2023-08-30,Approved by IDA,700000,Unsanctioned
MPLADS-048803,Rao Inderjit Singh,Lok Sabha,Haryana,GURGAON,,,REWARI,Jaitpur Shekhpur (260),Normal/Others,"WS/MP516/2023-2024/14389 - Construction of roads, approach roads, link roads and pathways",DEPUTY COMMISSIONER REWARI_IDA,2023-08-30,Approved by IDA,800000,Unsanctioned
MPLADS-048804,Brijendra Singh,Lok Sabha,Haryana,HISAR,Narnaund,3,,,Normal/Others,WS/MP593/2023-2024/14402 - Purchase of mobile water tankers,DEPUTY COMMISSIONER HISSAR_IDA,2023-08-30,Approved by IDA,155000,Unsanctioned
MPLADS-048805,Brijendra Singh,Lok Sabha,Haryana,HISAR,,,HANSI-II,Khanda Kheri(67),Normal/Others,NA - Purchase of mobile water tankers,DEPUTY COMMISSIONER HISSAR_IDA,2023-08-30,Rejected by IDA,157000,Unsanctioned
MPLADS-048806,Brijendra Singh,Lok Sabha,Haryana,HISAR,,,BARWALA,Dhadh(18),Normal/Others,WS/MP593/2023-2024/14404 - Purchase of mobile water tankers,DEPUTY COMMISSIONER HISSAR_IDA,2023-08-30,Approved by IDA,158000,Unsanctioned
MPLADS-048807,Brijendra Singh,Lok Sabha,Haryana,HISAR,,,UKLANA,Surewala(86),Normal/Others,WS/MP593/2023-2024/14446 - Purchase of mobile water tankers,DEPUTY COMMISSIONER HISSAR_IDA,2023-08-30,Approved by IDA,158000,Sanctioned
MPLADS-048808,Brijendra Singh,Lok Sabha,Haryana,HISAR,,,BARWALA,Gaibipur(122),Normal/Others,WS/MP593/2023-2024/14405 - Purchase of mobile water tankers,DEPUTY COMMISSIONER HISSAR_IDA,2023-08-30,Approved by IDA,158000,Sanctioned
MPLADS-048812,Brijendra Singh,Lok Sabha,Haryana,HISAR,,,BARWALA,Sarera(73),Normal/Others,WS/MP593/2023-2024/14411 - Purchase of mobile water tankers,DEPUTY COMMISSIONER HISSAR_IDA,2023-08-30,Approved by IDA,158000,Sanctioned
MPLADS-048813,Brijendra Singh,Lok Sabha,Haryana,HISAR,Uklanamandi,Ward No 9,,,Normal/Others,WS/MP593/2023-2024/14412 - Purchase of mobile water tankers,DEPUTY COMMISSIONER HISSAR_IDA,2023-08-30,Approved by IDA,158000,Sanctioned
MPLADS-048814,Brijendra Singh,Lok Sabha,Haryana,HISAR,,,AGROHA,Nang Thala(138),Normal/Others,WS/MP593/2023-2024/14413 - Purchase of mobile water tankers,DEPUTY COMMISSIONER HISSAR_IDA,2023-08-30,Approved by IDA,155000,Unsanctioned
MPLADS-048815,Brijendra Singh,Lok Sabha,Haryana,HISAR,,,BARWALA,Chhan(9),Normal/Others,WS/MP593/2023-2024/14414 - Purchase of mobile water tankers,DEPUTY COMMISSIONER HISSAR_IDA,2023-08-30,Approved by IDA,158000,Sanctioned
MPLADS-048822,Brijendra Singh,Lok Sabha,Haryana,HISAR,,,NARNAUND,Gamra (80),Normal/Others,WS/MP593/2023-2024/14362 - Purchase of mobile water tankers,DEPUTY COMMISSIONER HISSAR_IDA,2023-08-30,Approved by IDA,155000,Unsanctioned
MPLADS-048823,Brijendra Singh,Lok Sabha,Haryana,HISAR,,,HANSI-I,Sisai Kali Rawan(109),Normal/Others,WS/MP593/2023-2024/14363 - Purchase of mobile water tankers,DEPUTY COMMISSIONER HISSAR_IDA,2023-08-30,Approved by IDA,155000,Unsanctioned
MPLADS-048824,Brijendra Singh,Lok Sabha,Haryana,HISAR,,,NARNAUND,Kapro (7),Normal/Others,WS/MP593/2023-2024/14364 - Purchase of mobile water tankers,DEPUTY COMMISSIONER HISSAR_IDA,2023-08-30,Approved by IDA,155000,Unsanctioned
MPLADS-048825,Brijendra Singh,Lok Sabha,Haryana,HISAR,,,NARNAUND,Mirchpur (75),Normal/Others,WS/MP593/2023-2024/14365 - Purchase of mobile water tankers,DEPUTY COMMISSIONER HISSAR_IDA,2023-08-30,Approved by IDA,155000,Unsanctioned
MPLADS-048826,Brijendra Singh,Lok Sabha,Haryana,HISAR,,,NARNAUND,Koth Khurd (3),Normal/Others,WS/MP593/2023-2024/14366 - Purchase of mobile water tankers,DEPUTY COMMISSIONER HISSAR_IDA,2023-08-30,Approved by IDA,155000,Unsanctioned
MPLADS-048827,Brijendra Singh,Lok Sabha,Haryana,HISAR,,,ADAMPUR,Adampur (CT),Normal/Others,WS/MP593/2023-2024/14371 - Purchase of mobile water tankers,DEPUTY COMMISSIONER HISSAR_IDA,2023-08-30,Approved by IDA,155000,Unsanctioned
MPLADS-048828,Brijendra Singh,Lok Sabha,Haryana,HISAR,Narnaund,MC Narnaund,,,Normal/Others,WS/MP593/2023-2024/14372 - Purchase of mobile water tankers,DEPUTY COMMISSIONER HISSAR_IDA,2023-08-30,Approved by IDA,155000,Unsanctioned
MPLADS-048829,Brijendra Singh,Lok Sabha,Haryana,HISAR,,,NARNAUND,Kinnar(5),Normal/Others,WS/MP593/2023-2024/14375 - Purchase of mobile water tankers,DEPUTY COMMISSIONER HISSAR_IDA,2023-08-30,Approved by IDA,155000,Unsanctioned
MPLADS-048830,Brijendra Singh,Lok Sabha,Haryana,HISAR,,,NARNAUND,Kheri Lochap (77),Normal/Others,NA - Purchase of mobile water tankers,DEPUTY COMMISSIONER HISSAR_IDA,2023-08-30,Rejected by IDA,157000,Unsanctioned
MPLADS-048831,Brijendra Singh,Lok Sabha,Haryana,HISAR,,,NARNAUND,Moth Rangran (88),Normal/Others,WS/MP593/2023-2024/14383 - Purchase of mobile water tankers,DEPUTY COMMISSIONER HISSAR_IDA,2023-08-30,Approved by IDA,155000,Unsanctioned
MPLADS-048858,Brijendra Singh,Lok Sabha,Haryana,HISAR,,,AGROHA,Kirmara(57),Normal/Others,WS/MP593/2023-2024/14445 - Purchase of mobile water tankers,DEPUTY COMMISSIONER HISSAR_IDA,2023-08-30,Approved by IDA,155000,Unsanctioned
MPLADS-048859,Brijendra Singh,Lok Sabha,Haryana,HISAR,,,UKLANA,Bithmara(85),Normal/Others,WS/MP593/2023-2024/14444 - Purchase of mobile water tankers,DEPUTY COMMISSIONER HISSAR_IDA,2023-08-30,Approved by IDA,158000,Sanctioned
MPLADS-048860,Brijendra Singh,Lok Sabha,Haryana,HISAR,,,BARWALA,Panhari(13),Normal/Others,WS/MP593/2023-2024/14443 - Purchase of mobile water tankers,DEPUTY COMMISSIONER HISSAR_IDA,2023-08-30,Approved by IDA,158000,Sanctioned
MPLADS-048861,Brijendra Singh,Lok Sabha,Haryana,HISAR,,,BARWALA,Madloda(74),Normal/Others,WS/MP593/2023-2024/14442 - Purchase of mobile water tankers,DEPUTY COMMISSIONER HISSAR_IDA,2023-08-30,Approved by IDA,158000,Sanctioned
MPLADS-048862,Brijendra Singh,Lok Sabha,Haryana,HISAR,,,BARWALA,Sandlana(8),Normal/Others,WS/MP593/2023-2024/14419 - Purchase of mobile water tankers,DEPUTY COMMISSIONER HISSAR_IDA,2023-08-30,Approved by IDA,158000,Sanctioned
MPLADS-048873,Brijendra Singh,Lok Sabha,Haryana,HISAR,,,HANSI-I,Dhana(128),Normal/Others,WS/MP593/2023-2024/14350 - Purchase of mobile water tankers,DEPUTY COMMISSIONER HISSAR_IDA,2023-08-30,Approved by IDA,155000,Unsanctioned
MPLADS-048888,Brijendra Singh,Lok Sabha,Haryana,HISAR,,,AGROHA,Kuleri(56),Normal/Others,WS/MP593/2023-2024/14415 - Purchase of mobile water tankers,DEPUTY COMMISSIONER HISSAR_IDA,2023-08-30,Approved by IDA,155000,Unsanctioned
MPLADS-048889,Brijendra Singh,Lok Sabha,Haryana,HISAR,,,ADAMPUR,Chuli Bagarian(8),Normal/Others,WS/MP593/2023-2024/14356 - Purchase of mobile water tankers,DEPUTY COMMISSIONER HISSAR_IDA,2023-08-30,Approved by IDA,155000,Unsanctioned
MPLADS-048890,Brijendra Singh,Lok Sabha,Haryana,HISAR,,,HANSI-I,Dhamian(29),Normal/Others,WS/MP593/2023-2024/14339 - Purchase of mobile water tankers,DEPUTY COMMISSIONER HISSAR_IDA,2023-08-30,Approved by IDA,158000,Unsanctioned
MPLADS-048891,Brijendra Singh,Lok Sabha,Haryana,HISAR,,,HANSI-I,Kanwari(30),Normal/Others,WS/MP593/2023-2024/14338 - Purchase of mobile water tankers,DEPUTY COMMISSIONER HISSAR_IDA,2023-08-30,Approved by IDA,158000,Unsanctioned
MPLADS-048892,Brijendra Singh,Lok Sabha,Haryana,HISAR,,,HANSI-I,Mehanda(129),Normal/Others,WS/MP593/2023-2024/14337 - Purchase of mobile water tankers,DEPUTY COMMISSIONER HISSAR_IDA,2023-08-30,Approved by IDA,155000,Unsanctioned
MPLADS-048896,Brijendra Singh,Lok Sabha,Haryana,HISAR,,,ADAMPUR,Daroli(32),Normal/Others,WS/MP593/2023-2024/14359 - Purchase of mobile water tankers,DEPUTY COMMISSIONER HISSAR_IDA,2023-08-30,Approved by IDA,155000,Unsanctioned
MPLADS-048897,Brijendra Singh,Lok Sabha,Haryana,HISAR,,,HISAR-II,Bir Hisar(145),Normal/Others,WS/MP593/2023-2024/14358 - Purchase of mobile water tankers,DEPUTY COMMISSIONER HISSAR_IDA,2023-08-30,Approved by IDA,155000,Unsanctioned
MPLADS-048898,Brijendra Singh,Lok Sabha,Haryana,HISAR,,,ADAMPUR,Mohabatpur(175),Normal/Others,WS/MP593/2023-2024/14357 - Purchase of mobile water tankers,DEPUTY COMMISSIONER HISSAR_IDA,2023-08-30,Approved by IDA,155000,Unsanctioned
MPLADS-048900,Brijendra Singh,Lok Sabha,Haryana,HISAR,,,HISAR-I,Kharkhari(27),Normal/Others,NA - Purchase of mobile water tankers,DEPUTY COMMISSIONER HISSAR_IDA,2023-08-30,Rejected by IDA,157000,Unsanctioned
MPLADS-048904,Brijendra Singh,Lok Sabha,Haryana,HISAR,,,HISAR-II,Balsmand(22),Normal/Others,WS/MP593/2023-2024/14355 - Purchase of mobile water tankers,DEPUTY COMMISSIONER HISSAR_IDA,2023-08-30,Approved by IDA,155000,Unsanctioned
MPLADS-048907,Brijendra Singh,Lok Sabha,Haryana,HISAR,Hansi,22,,,Normal/Others,WS/MP593/2023-2024/14352 - Purchase of mobile water tankers,DEPUTY COMMISSIONER HISSAR_IDA,2023-08-30,Approved by IDA,155000,Unsanctioned
MPLADS-048908,Brijendra Singh,Lok Sabha,Haryana,HISAR,,,ADAMPUR,Siswal(174),Normal/Others,NA - Purchase of mobile water tankers,DEPUTY COMMISSIONER HISSAR_IDA,2023-08-30,Action Pending,155000,Unsanctioned
MPLADS-048909,Brijendra Singh,Lok Sabha,Haryana,HISAR,,,HISAR-II,Bir Hisar(145),Normal/Others,WS/MP593/2023-2024/14354 - Purchase of mobile water tankers,DEPUTY COMMISSIONER HISSAR_IDA,2023-08-30,Approved by IDA,158000,Sanctioned
MPLADS-048910,Brijendra Singh,Lok Sabha,Haryana,HISAR,,,HANSI-I,Ghirai(24),Normal/Others,WS/MP593/2023-2024/14340 - Purchase of mobile water tankers,DEPUTY COMMISSIONER HISSAR_IDA,2023-08-30,Approved by IDA,155000,Unsanctioned
MPLADS-048912,Brijendra Singh,Lok Sabha,Haryana,HISAR,,,HANSI-I,Mazadpur(31),Normal/Others,WS/MP593/2023-2024/14348 - Purchase of mobile water tankers,DEPUTY COMMISSIONER HISSAR_IDA,2023-08-30,Approved by IDA,155000,Unsanctioned
MPLADS-048914,Brijendra Singh,Lok Sabha,Haryana,HISAR,,,NARNAUND,Kheri Lochap (77),Normal/Others,NA - Purchase of mobile water tankers,DEPUTY COMMISSIONER HISSAR_IDA,2023-08-30,Action Pending,157000,Unsanctioned
MPLADS-048917,Brijendra Singh,Lok Sabha,Haryana,HISAR,,,HANSI-I,Singhwa Ragho(23),Normal/Others,WS/MP593/2023-2024/14349 - Purchase of mobile water tankers,DEPUTY COMMISSIONER HISSAR_IDA,2023-08-30,Approved by IDA,155000,Unsanctioned
MPLADS-048930,Brijendra Singh,Lok Sabha,Haryana,HISAR,,,AGROHA,Fransi(37),Normal/Others,WS/MP593/2023-2024/14360 - Purchase of mobile water tankers,DEPUTY COMMISSIONER HISSAR_IDA,2023-08-30,Approved by IDA,155000,Unsanctioned
MPLADS-048938,Brijendra Singh,Lok Sabha,Haryana,HISAR,Bawani Khera,ward no 1,,,Normal/Others,WS/MP593/2023-2024/14061 - Purchase of mobile water tankers,Deputy Commissioner Bhiwani_IDA,2023-08-29,Approved by IDA,157000,Sanctioned
MPLADS-048942,Brijendra Singh,Lok Sabha,Haryana,HISAR,,,HISAR-I,Alipur(150),Normal/Others,WS/MP593/2023-2024/14067 - Purchase of mobile water tankers,DEPUTY COMMISSIONER HISSAR_IDA,2023-08-29,Approved by IDA,158000,Sanctioned
MPLADS-048943,Brijendra Singh,Lok Sabha,Haryana,HISAR,,,HISAR-I,Mayyer (151) (CT),Normal/Others,WS/MP593/2023-2024/14066 - Purchase of mobile water tankers,DEPUTY COMMISSIONER HISSAR_IDA,2023-08-29,Approved by IDA,158000,Sanctioned
MPLADS-048944,Brijendra Singh,Lok Sabha,Haryana,HISAR,,,HISAR-I,Satrod Kalan(153) (CT),Normal/Others,WS/MP593/2023-2024/14065 - Purchase of mobile water tankers,DEPUTY COMMISSIONER HISSAR_IDA,2023-08-29,Approved by IDA,158000,Sanctioned
MPLADS-048945,Brijendra Singh,Lok Sabha,Haryana,HISAR,,,HISAR-I,Dhansu(64),Normal/Others,NA - Purchase of mobile water tankers,DEPUTY COMMISSIONER HISSAR_IDA,2023-08-29,Rejected by IDA,157000,Unsanctioned
MPLADS-048983,Brijendra Singh,Lok Sabha,Haryana,HISAR,,,,,Normal/Others,WS/MP593/2023-2024/14039 - Purchase of mobile water tankers,Deputy Commissioner Bhiwani_IDA,2023-08-29,Approved by IDA,157000,
MPLADS-048984,Rao Inderjit Singh,Lok Sabha,Haryana,GURGAON,,,REWARI,Shahbajpur Khalsa (171),Normal/Others,"WS/MP516/2023-2024/14035 - Construction of roads, approach roads, link roads and pathways",DEPUTY COMMISSIONER REWARI_IDA,2023-08-29,Approved by IDA,450000,Unsanctioned
MPLADS-048985,Rao Inderjit Singh,Lok Sabha,Haryana,GURGAON,,,REWARI,Kharsanki (147),Normal/Others,"WS/MP516/2023-2024/14034 - Construction of roads, approach roads, link roads and pathways",DEPUTY COMMISSIONER REWARI_IDA,2023-08-29,Approved by IDA,600000,Unsanctioned
MPLADS-048986,Rao Inderjit Singh,Lok Sabha,Haryana,GURGAON,,,REWARI,Kishangarh (110),Normal/Others,"WS/MP516/2023-2024/14032 - Construction of roads, approach roads, link roads and pathways",DEPUTY COMMISSIONER REWARI_IDA,2023-08-29,Approved by IDA,700000,Unsanctioned
MPLADS-048996,Rao Inderjit Singh,Lok Sabha,Haryana,GURGAON,,,REWARI,Daliaki (133),Normal/Others,"WS/MP516/2023-2024/14252 - Construction of roads, approach roads, link roads and pathways",DEPUTY COMMISSIONER REWARI_IDA,2023-08-29,Approved by IDA,700000,Unsanctioned
MPLADS-048997,Rao Inderjit Singh,Lok Sabha,Haryana,GURGAON,,,REWARI,Chillar (259),Normal/Others,"WS/MP516/2023-2024/14244 - Construction of roads, approach roads, link roads and pathways",DEPUTY COMMISSIONER REWARI_IDA,2023-08-29,Approved by IDA,700000,Unsanctioned
MPLADS-048998,Rao Inderjit Singh,Lok Sabha,Haryana,GURGAON,,,REWARI,Dabri (210),Normal/Others,"WS/MP516/2023-2024/14209 - Construction of roads, approach roads, link roads and pathways",DEPUTY COMMISSIONER REWARI_IDA,2023-08-29,Approved by IDA,700000,Unsanctioned
MPLADS-048999,Rao Inderjit Singh,Lok Sabha,Haryana,GURGAON,,,REWARI,Jaitrawas (143),Normal/Others,"WS/MP516/2023-2024/14196 - Construction of roads, approach roads, link roads and pathways",DEPUTY COMMISSIONER REWARI_IDA,2023-08-29,Approved by IDA,500000,Unsanctioned
MPLADS-049000,Brijendra Singh,Lok Sabha,Haryana,HISAR,,,HISAR-I,Daha(10),Normal/Others,WS/MP593/2023-2024/14082 - Purchase of mobile water tankers,DEPUTY COMMISSIONER HISSAR_IDA,2023-08-29,Approved by IDA,158000,Sanctioned
MPLADS-049001,Brijendra Singh,Lok Sabha,Haryana,HISAR,,,HISAR-I,Bhojraj(62),Normal/Others,WS/MP593/2023-2024/14081 - Purchase of mobile water tankers,DEPUTY COMMISSIONER HISSAR_IDA,2023-08-29,Approved by IDA,158000,Unsanctioned
MPLADS-049003,Brijendra Singh,Lok Sabha,Haryana,HISAR,,,HISAR-II,Singhran(219),Normal/Others,WS/MP593/2023-2024/14080 - Purchase of mobile water tankers,DEPUTY COMMISSIONER HISSAR_IDA,2023-08-29,Approved by IDA,158000,Sanctioned
MPLADS-049004,Brijendra Singh,Lok Sabha,Haryana,HISAR,,,HISAR-II,Meengni Khera(171),Normal/Others,WS/MP593/2023-2024/14078 - Purchase of mobile water tankers,DEPUTY COMMISSIONER HISSAR_IDA,2023-08-29,Approved by IDA,155000,Unsanctioned
MPLADS-049005,Brijendra Singh,Lok Sabha,Haryana,HISAR,,,HISAR-I,Talwandi Badshahpur(1),Normal/Others,WS/MP593/2023-2024/14077 - Purchase of mobile water tankers,DEPUTY COMMISSIONER HISSAR_IDA,2023-08-29,Approved by IDA,158000,Sanctioned
MPLADS-049006,Brijendra Singh,Lok Sabha,Haryana,HISAR,,,HISAR-II,Panihar Chak(17),Normal/Others,WS/MP593/2023-2024/14076 - Purchase of mobile water tankers,DEPUTY COMMISSIONER HISSAR_IDA,2023-08-29,Approved by IDA,155000,Unsanctioned
MPLADS-049007,Brijendra Singh,Lok Sabha,Haryana,HISAR,,,,,Normal/Others,WS/MP593/2023-2024/14040 - Purchase of mobile water tankers,Deputy Commissioner Bhiwani_IDA,2023-08-29,Approved by IDA,157000,
MPLADS-049008,Brijendra Singh,Lok Sabha,Haryana,HISAR,,,,,Normal/Others,WS/MP593/2023-2024/14044 - Purchase of mobile water tankers,Deputy Commissioner Bhiwani_IDA,2023-08-29,Approved by IDA,157000,
MPLADS-049009,Brijendra Singh,Lok Sabha,Haryana,HISAR,,,,,Normal/Others,WS/MP593/2023-2024/14046 - Purchase of mobile water tankers,Deputy Commissioner Bhiwani_IDA,2023-08-29,Approved by IDA,157000,
MPLADS-049010,Brijendra Singh,Lok Sabha,Haryana,HISAR,,,,,Normal/Others,WS/MP593/2023-2024/14049 - Purchase of mobile water tankers,Deputy Commissioner Bhiwani_IDA,2023-08-29,Approved by IDA,157000,
MPLADS-049011,Rao Inderjit Singh,Lok Sabha,Haryana,GURGAON,,,REWARI,Narianpur (138),Normal/Others,"WS/MP516/2023-2024/14271 - Construction of roads, approach roads, link roads and pathways",DEPUTY COMMISSIONER REWARI_IDA,2023-08-29,Approved by IDA,500000,Unsanctioned
MPLADS-049012,Rao Inderjit Singh,Lok Sabha,Haryana,GURGAON,,,DHARUHERA,Kathuwas (168),Normal/Others,"WS/MP516/2023-2024/14256 - Construction of roads, approach roads, link roads and pathways",DEPUTY COMMISSIONER REWARI_IDA,2023-08-29,Approved by IDA,500000,Unsanctioned
MPLADS-049029,Brijendra Singh,Lok Sabha,Haryana,HISAR,,,,,Normal/Others,WS/MP593/2023-2024/14058 - Purchase of mobile water tankers,Deputy Commissioner Bhiwani_IDA,2023-08-29,Approved by IDA,157000,
MPLADS-049030,Brijendra Singh,Lok Sabha,Haryana,HISAR,Bawani Khera,Ward No 7,,,Normal/Others,WS/MP593/2023-2024/14057 - Purchase of mobile water tankers,Deputy Commissioner Bhiwani_IDA,2023-08-29,Approved by IDA,157000,Sanctioned
MPLADS-049031,Brijendra Singh,Lok Sabha,Haryana,HISAR,,,,,Normal/Others,WS/MP593/2023-2024/14056 - Purchase of mobile water tankers,Deputy Commissioner Bhiwani_IDA,2023-08-29,Approved by IDA,157000,
MPLADS-049032,Brijendra Singh,Lok Sabha,Haryana,HISAR,,,,,Normal/Others,WS/MP593/2023-2024/14051 - Purchase of mobile water tankers,Deputy Commissioner Bhiwani_IDA,2023-08-29,Approved by IDA,157000,
MPLADS-049033,Brijendra Singh,Lok Sabha,Haryana,HISAR,,,,,Normal/Others,WS/MP593/2023-2024/14050 - Purchase of mobile water tankers,Deputy Commissioner Bhiwani_IDA,2023-08-29,Approved by IDA,157000,
MPLADS-049034,Brijendra Singh,Lok Sabha,Haryana,HISAR,,,HISAR-I,Balawas(32),Normal/Others,WS/MP593/2023-2024/14075 - Purchase of mobile water tankers,DEPUTY COMMISSIONER HISSAR_IDA,2023-08-29,Approved by IDA,158000,Sanctioned
MPLADS-049035,Brijendra Singh,Lok Sabha,Haryana,HISAR,,,HISAR-I,Chiraud(14),Normal/Others,WS/MP593/2023-2024/14074 - Purchase of mobile water tankers,DEPUTY COMMISSIONER HISSAR_IDA,2023-08-29,Approved by IDA,155000,Unsanctioned
MPLADS-049036,Brijendra Singh,Lok Sabha,Haryana,HISAR,,,HISAR-II,Muklan(59),Normal/Others,WS/MP593/2023-2024/14072 - Purchase of mobile water tankers,DEPUTY COMMISSIONER HISSAR_IDA,2023-08-29,Approved by IDA,155000,Unsanctioned
MPLADS-049063,Brijendra Singh,Lok Sabha,Haryana,HISAR,,,BARWALA,Sulkhani(26),Normal/Others,WS/MP593/2023-2024/14070 - Purchase of mobile water tankers,DEPUTY COMMISSIONER HISSAR_IDA,2023-08-29,Approved by IDA,158000,Sanctioned
MPLADS-049065,Brijendra Singh,Lok Sabha,Haryana,HISAR,,,BARWALA,Juglan(66),Normal/Others,WS/MP593/2023-2024/14069 - Purchase of mobile water tankers,DEPUTY COMMISSIONER HISSAR_IDA,2023-08-29,Approved by IDA,158000,Unsanctioned
MPLADS-049066,Brijendra Singh,Lok Sabha,Haryana,HISAR,,,BARWALA,Panghal(72),Normal/Others,WS/MP593/2023-2024/14068 - Purchase of mobile water tankers,DEPUTY COMMISSIONER HISSAR_IDA,2023-08-29,Approved by IDA,158000,Sanctioned
MPLADS-049089,Brijendra Singh,Lok Sabha,Haryana,HISAR,,,,,Normal/Others,WS/MP593/2023-2024/14059 - Purchase of mobile water tankers,Deputy Commissioner Bhiwani_IDA,2023-08-29,Approved by IDA,157000,
MPLADS-049194,Brijendra Singh,Lok Sabha,Haryana,HISAR,,,,,Normal/Others,WS/MP593/2023-2024/14060 - Purchase of mobile water tankers,Deputy Commissioner Bhiwani_IDA,2023-08-29,Approved by IDA,157000,
MPLADS-049197,Shri Dharambir Singh ,Lok Sabha,Haryana,BHIWANI MAHENDRAGARH,,,LOHARU,Kharkhari(37),Normal/Others,NA - Purchase of books and periodicals for libraries,Deputy Commissioner Bhiwani_IDA,2023-08-28,Rejected by IDA,200000,Unsanctioned
MPLADS-049206,Shri Dharambir Singh ,Lok Sabha,Haryana,BHIWANI MAHENDRAGARH,Charkhi Dadri,19,,,Normal/Others,NA - Construction of community centers and community halls,Deputy Commissioner Charkhi Dadri_IDA,2023-08-28,Action Pending,250000,Unsanctioned
MPLADS-049209,Rao Inderjit Singh,Lok Sabha,Haryana,GURGAON,,,REWARI,Budani (208),Normal/Others,WS/MP516/2023-2024/13826 - Providing drains and gutters for public drainage,DEPUTY COMMISSIONER REWARI_IDA,2023-08-28,Approved by IDA,500000,Unsanctioned
MPLADS-049210,Shri Dharambir Singh ,Lok Sabha,Haryana,BHIWANI MAHENDRAGARH,,,BHIWANI,Bhakhra (56),Normal/Others,"NA - Purchase of IT systems, including hardware and software for educational purposes",Deputy Commissioner Bhiwani_IDA,2023-08-28,Rejected by IDA,200000,Unsanctioned
MPLADS-049211,Shri Dharambir Singh ,Lok Sabha,Haryana,BHIWANI MAHENDRAGARH,,,CHARKHI DADRI,Barsana(89),Normal/Others,NA - Purchase of sports equipment,Deputy Commissioner Charkhi Dadri_IDA,2023-08-28,Action Pending,250000,Unsanctioned
MPLADS-049212,Rao Inderjit Singh,Lok Sabha,Haryana,GURGAON,,,REWARI,Gangaycha Ahir (222),Normal/Others,"WS/MP516/2023-2024/13832 - Construction of roads, approach roads, link roads and pathways",DEPUTY COMMISSIONER REWARI_IDA,2023-08-28,Approved by IDA,700000,Unsanctioned
MPLADS-049213,Rao Inderjit Singh,Lok Sabha,Haryana,GURGAON,,,FARRUKH NAGAR,Tajnagar(30),Normal/Others,"WS/MP516/2023-2024/13847 - Construction of roads, approach roads, link roads and pathways",Deputy Commissioner Gurugram_IDA,2023-08-28,Approved by IDA,959000,Unsanctioned
MPLADS-049234,Rao Inderjit Singh,Lok Sabha,Haryana,GURGAON,,,BAWAL,Gujar Majri (52),Normal/Others,"WS/MP516/2023-2024/13660 - Construction of roads, approach roads, link roads and pathways",DEPUTY COMMISSIONER REWARI_IDA,2023-08-28,Approved by IDA,1300000,Unsanctioned
MPLADS-049235,Rao Inderjit Singh,Lok Sabha,Haryana,GURGAON,,,REWARI,Chandawas ( 117),Normal/Others,"WS/MP516/2023-2024/13661 - Construction of roads, approach roads, link roads and pathways",DEPUTY COMMISSIONER REWARI_IDA,2023-08-28,Approved by IDA,700000,Unsanctioned
MPLADS-049237,Shri Dharambir Singh ,Lok Sabha,Haryana,BHIWANI MAHENDRAGARH,,,BEHAL,Serla (9),Normal/Others,WS/MP329/2023-2024/13691 - Development of public parks,Deputy Commissioner Bhiwani_IDA,2023-08-28,Approved by IDA,500000,Unsanctioned
MPLADS-049238,Shri Dharambir Singh ,Lok Sabha,Haryana,BHIWANI MAHENDRAGARH,,,TOSHAM,Hasan (74),Normal/Others,WS/MP329/2023-2024/13692 - Construction of culverts and bridges,Deputy Commissioner Bhiwani_IDA,2023-08-28,Approved by IDA,200000,Unsanctioned
MPLADS-049239,Shri Dharambir Singh ,Lok Sabha,Haryana,BHIWANI MAHENDRAGARH,,,TOSHAM,Jhanwari(38),Normal/Others,WS/MP329/2023-2024/13693 - Construction of public irrigation facilities,Deputy Commissioner Bhiwani_IDA,2023-08-28,Approved by IDA,110000,Unsanctioned
MPLADS-049240,Rao Inderjit Singh,Lok Sabha,Haryana,GURGAON,,,REWARI,Balawas Jamapur (109),Repair and Renovation,"WS/MP516/2023-2024/13736 - Construction of roads, approach roads, link roads and pathways",DEPUTY COMMISSIONER REWARI_IDA,2023-08-28,Approved by IDA,500000,Unsanctioned
MPLADS-049241,Shri Dharambir Singh ,Lok Sabha,Haryana,BHIWANI MAHENDRAGARH,,,BAUND,Bond Kalan (127),Normal/Others,NA - Purchase of books and periodicals for libraries,Deputy Commissioner Charkhi Dadri_IDA,2023-08-28,Action Pending,200000,Unsanctioned
MPLADS-049242,Shri Dharambir Singh ,Lok Sabha,Haryana,BHIWANI MAHENDRAGARH,,,BADHRA,Mandi Kehar (22),Normal/Others,NA - Purchase of books and periodicals for libraries,Deputy Commissioner Charkhi Dadri_IDA,2023-08-28,Action Pending,100000,Unsanctioned
MPLADS-049243,Shri Dharambir Singh ,Lok Sabha,Haryana,BHIWANI MAHENDRAGARH,,,BADHRA,Kari Adu(46),Normal/Others,NA - Purchase of books and periodicals for libraries,Deputy Commissioner Charkhi Dadri_IDA,2023-08-28,Action Pending,200000,Unsanctioned
MPLADS-049244,Shri Dharambir Singh ,Lok Sabha,Haryana,BHIWANI MAHENDRAGARH,,,BADHRA,Chandwas(38),Normal/Others,NA - Setting up of laboratories,Deputy Commissioner Charkhi Dadri_IDA,2023-08-28,Action Pending,400000,Unsanctioned
MPLADS-049317,Shri Dharambir Singh ,Lok Sabha,Haryana,BHIWANI MAHENDRAGARH,,,TOSHAM,Busan (95),Normal/Others,WS/MP329/2023-2024/13690 - Common work sheds for artisans,Deputy Commissioner Bhiwani_IDA,2023-08-28,Approved by IDA,1000000,Unsanctioned
MPLADS-049446,Rao Inderjit Singh,Lok Sabha,Haryana,GURGAON,,,DHARUHERA,Jonawas (197),Repair and Renovation,WS/MP516/2023-2024/13600 - Renovation of ponds and lakes,DEPUTY COMMISSIONER REWARI_IDA,2023-08-27,Approved by IDA,500000,Unsanctioned
MPLADS-049456,Rao Inderjit Singh,Lok Sabha,Haryana,GURGAON,,,KHOL AT REWARI,Dhamlawas (136),Normal/Others,"WS/MP516/2023-2024/13623 - Construction of roads, approach roads, link roads and pathways",DEPUTY COMMISSIONER REWARI_IDA,2023-08-27,Approved by IDA,800000,Unsanctioned
MPLADS-049457,Rao Inderjit Singh,Lok Sabha,Haryana,GURGAON,Punahana,Ward No. 8,,,Normal/Others,WS/MP516/2023-2024/13435 - Construction of community centers and community halls,Deputy Commissioner Nuh_IDA,2023-08-27,Approved by IDA,1000000,Unsanctioned
MPLADS-049460,Rao Inderjit Singh,Lok Sabha,Haryana,GURGAON,,,PATAUDI,Uncha Majra(43),Normal/Others,"WS/MP516/2023-2024/13434 - Construction of roads, approach roads, link roads and pathways",Deputy Commissioner Gurugram_IDA,2023-08-27,Approved by IDA,1000000,Unsanctioned
MPLADS-049461,Rao Inderjit Singh,Lok Sabha,Haryana,GURGAON,,,PATAUDI,Fakharpur(133),Normal/Others,"WS/MP516/2023-2024/13433 - Construction of roads, approach roads, link roads and pathways",Deputy Commissioner Gurugram_IDA,2023-08-27,Approved by IDA,1500000,Unsanctioned
MPLADS-049462,Rao Inderjit Singh,Lok Sabha,Haryana,GURGAON,Rewari,Ward No. 10,,,Normal/Others,WS/MP516/2023-2024/13432 - Construction of rooms and halls in school and colleges,DEPUTY COMMISSIONER REWARI_IDA,2023-08-27,Approved by IDA,1400000,Unsanctioned
MPLADS-049862,Rao Inderjit Singh,Lok Sabha,Haryana,GURGAON,,,NAGINA,Nagina (51) (CT),Normal/Others,WS/MP516/2023-2024/12816 - Purchase of furniture and fixtures for educational purposes,Deputy Commissioner Nuh_IDA,2023-08-24,Approved by IDA,57000,Unsanctioned
MPLADS-049863,Rao Inderjit Singh,Lok Sabha,Haryana,GURGAON,,,SOHNA,Ghamroj(179),Normal/Others,NA - Lighting of public spaces,Deputy Commissioner Gurugram_IDA,2023-08-24,Rejected by IDA,300000,Unsanctioned
MPLADS-049864,Rao Inderjit Singh,Lok Sabha,Haryana,GURGAON,,,DHARUHERA,Bagthala (47),Normal/Others,WS/MP516/2023-2024/12889 - Construction of community centers and community halls,DEPUTY COMMISSIONER REWARI_IDA,2023-08-24,Approved by IDA,1000000,Unsanctioned
MPLADS-049883,Rao Inderjit Singh,Lok Sabha,Haryana,GURGAON,,,KHOL AT REWARI,Ahrod (29),Normal/Others,"WS/MP516/2023-2024/12906 - Construction of roads, approach roads, link roads and pathways",DEPUTY COMMISSIONER REWARI_IDA,2023-08-24,Approved by IDA,800000,Unsanctioned
MPLADS-050689,Shri Dharambir Singh ,Lok Sabha,Haryana,BHIWANI MAHENDRAGARH,,,BADHRA,Bhandwa(41),Normal/Others,WS/MP329/2023-2024/11722 - Purchase of sports equipment,Deputy Commissioner Charkhi Dadri_IDA,2023-08-21,Approved by IDA,200000,Sanctioned
MPLADS-051445,Rao Inderjit Singh,Lok Sabha,Haryana,GURGAON,,,KHOL AT REWARI,Nangal Jamalpur (25),Normal/Others,"WS/MP516/2023-2024/10533 - Construction of roads, approach roads, link roads and pathways",DEPUTY COMMISSIONER REWARI_IDA,2023-08-17,Approved by IDA,800000,Unsanctioned
MPLADS-051446,Rao Inderjit Singh,Lok Sabha,Haryana,GURGAON,,,KHOL AT REWARI,Kund,Repair and Renovation,WS/MP516/2023-2024/10597 - Providing drains and gutters for public drainage,DEPUTY COMMISSIONER REWARI_IDA,2023-08-17,Approved by IDA,400000,Unsanctioned
MPLADS-051447,Rao Inderjit Singh,Lok Sabha,Haryana,GURGAON,,,KHOL AT REWARI,Bass Dudha (26),Normal/Others,"WS/MP516/2023-2024/10618 - Construction of roads, approach roads, link roads and pathways",DEPUTY COMMISSIONER REWARI_IDA,2023-08-17,Approved by IDA,1000000,Unsanctioned
MPLADS-051448,Rao Inderjit Singh,Lok Sabha,Haryana,GURGAON,,,DHARUHERA,Masani (196),Normal/Others,WS/MP516/2023-2024/10636 - Providing drains and gutters for public drainage,DEPUTY COMMISSIONER REWARI_IDA,2023-08-17,Approved by IDA,1000000,Unsanctioned
MPLADS-051449,Rao Inderjit Singh,Lok Sabha,Haryana,GURGAON,,,REWARI,Ladhuwas Ahir (129),Normal/Others,WS/MP516/2023-2024/10663 - Providing drains and gutters for public drainage,DEPUTY COMMISSIONER REWARI_IDA,2023-08-17,Approved by IDA,500000,Unsanctioned
MPLADS-052087,Brijendra Singh,Lok Sabha,Haryana,HISAR,,,,,Normal/Others,WS/MP593/2023-2024/10168 - Purchase of mobile water tankers,Deputy Commissioner Bhiwani_IDA,2023-08-16,Approved by IDA,157000,
MPLADS-052631,Brijendra Singh,Lok Sabha,Haryana,HISAR,,,HISAR-II,Dhiran Was(53),Normal/Others,WS/MP593/2023-2024/9171 - Purchase of mobile water tankers,DEPUTY COMMISSIONER HISSAR_IDA,2023-08-14,Approved by IDA,155000,Unsanctioned
MPLADS-052633,Brijendra Singh,Lok Sabha,Haryana,HISAR,,,AGROHA,Jagan(141),Normal/Others,WS/MP593/2023-2024/9172 - Purchase of mobile water tankers,DEPUTY COMMISSIONER HISSAR_IDA,2023-08-14,Approved by IDA,155000,Sanctioned
MPLADS-052634,Brijendra Singh,Lok Sabha,Haryana,HISAR,,,HISAR-II,Bherian(16),Normal/Others,NA - Purchase of mobile water tankers,DEPUTY COMMISSIONER HISSAR_IDA,2023-08-14,Action Pending,155000,Unsanctioned
MPLADS-052635,Brijendra Singh,Lok Sabha,Haryana,HISAR,,,HISAR-II,Mater Sham(170),Normal/Others,WS/MP593/2023-2024/9174 - Purchase of mobile water tankers,DEPUTY COMMISSIONER HISSAR_IDA,2023-08-14,Approved by IDA,155000,Sanctioned
MPLADS-052636,Brijendra Singh,Lok Sabha,Haryana,HISAR,,,HISAR-I,Rawat Khera(13),Normal/Others,WS/MP593/2023-2024/9175 - Purchase of mobile water tankers,DEPUTY COMMISSIONER HISSAR_IDA,2023-08-14,Approved by IDA,155000,Unsanctioned
MPLADS-052637,Brijendra Singh,Lok Sabha,Haryana,HISAR,,,UKLANA,Chamar Khera(67),Normal/Others,WS/MP593/2023-2024/9177 - Purchase of mobile water tankers,DEPUTY COMMISSIONER HISSAR_IDA,2023-08-14,Approved by IDA,158000,Unsanctioned
MPLADS-052638,Brijendra Singh,Lok Sabha,Haryana,HISAR,,,Balsamand St,Siswala(49),Normal/Others,WS/MP593/2023-2024/9179 - Purchase of mobile water tankers,DEPUTY COMMISSIONER HISSAR_IDA,2023-08-14,Approved by IDA,155000,Unsanctioned
MPLADS-052642,Rao Inderjit Singh,Lok Sabha,Haryana,GURGAON,,,REWARI,Bariawas (170),Normal/Others,WS/MP516/2023-2024/9272 - Renovation of ponds and lakes,DEPUTY COMMISSIONER REWARI_IDA,2023-08-14,Approved by IDA,600000,Unsanctioned
MPLADS-052643,Rao Inderjit Singh,Lok Sabha,Haryana,GURGAON,,,DHARUHERA,Khar Khara (300),Normal/Others,WS/MP516/2023-2024/9212 - Street lights,DEPUTY COMMISSIONER REWARI_IDA,2023-08-14,Approved by IDA,2000000,Unsanctioned
MPLADS-052644,Rao Inderjit Singh,Lok Sabha,Haryana,GURGAON,,,PATAUDI,Bas Padamka (41),Normal/Others,WS/MP516/2023-2024/9215 - Construction of community centers and community halls,Deputy Commissioner Gurugram_IDA,2023-08-14,Approved by IDA,1563000,Unsanctioned
MPLADS-052645,Brijendra Singh,Lok Sabha,Haryana,HISAR,,,ALEWA,Naguran (81),Normal/Others,WS/MP593/2023-2024/9217 - Purchase of mobile water tankers,Deputy Commissioner Jind_IDA,2023-08-14,Approved by IDA,158000,Unsanctioned
MPLADS-052646,Brijendra Singh,Lok Sabha,Haryana,HISAR,,,UCHANA,Khapran (112),Normal/Others,WS/MP593/2023-2024/9218 - Purchase of mobile water tankers,Deputy Commissioner Jind_IDA,2023-08-14,Approved by IDA,158000,Unsanctioned
MPLADS-052647,Brijendra Singh,Lok Sabha,Haryana,HISAR,,,UCHANA,Pahlwan (114),Normal/Others,WS/MP593/2023-2024/9220 - Purchase of mobile water tankers,Deputy Commissioner Jind_IDA,2023-08-14,Approved by IDA,158000,Unsanctioned
MPLADS-052648,Brijendra Singh,Lok Sabha,Haryana,HISAR,,,HANSI-I,Kumbha(125),Normal/Others,WS/MP593/2023-2024/9223 - Purchase of mobile water tankers,DEPUTY COMMISSIONER HISSAR_IDA,2023-08-14,Approved by IDA,158000,Sanctioned
MPLADS-052649,Rao Inderjit Singh,Lok Sabha,Haryana,GURGAON,,,SOHNA,Sancholi (205),Normal/Others,WS/MP516/2023-2024/9288 - Renovation of ponds and lakes,Deputy Commissioner Gurugram_IDA,2023-08-14,Approved by IDA,1372000,Unsanctioned
MPLADS-052650,Brijendra Singh,Lok Sabha,Haryana,HISAR,,,HANSI-II,Khanda Kheri(67),Normal/Others,WS/MP593/2023-2024/9208 - Purchase of mobile water tankers,DEPUTY COMMISSIONER HISSAR_IDA,2023-08-14,Approved by IDA,155000,Sanctioned
MPLADS-052651,Rao Inderjit Singh,Lok Sabha,Haryana,GURGAON,,,REWARI,Meerpur (274),Normal/Others,"WS/MP516/2023-2024/9289 - Construction of roads, approach roads, link roads and pathways",DEPUTY COMMISSIONER REWARI_IDA,2023-08-14,Approved by IDA,1000000,Unsanctioned
MPLADS-052652,Rao Inderjit Singh,Lok Sabha,Haryana,GURGAON,,,KHOL AT REWARI,Mailawas (61),Normal/Others,WS/MP516/2023-2024/9322 - Renovation of ponds and lakes,DEPUTY COMMISSIONER REWARI_IDA,2023-08-14,Approved by IDA,1000000,Unsanctioned
MPLADS-052657,Brijendra Singh,Lok Sabha,Haryana,HISAR,,,HANSI-II,Mohla (62),Normal/Others,WS/MP593/2023-2024/9209 - Purchase of mobile water tankers,DEPUTY COMMISSIONER HISSAR_IDA,2023-08-14,Approved by IDA,155000,Sanctioned
MPLADS-052658,Brijendra Singh,Lok Sabha,Haryana,HISAR,,,HANSI-II,Jamni Khera(66),Normal/Others,WS/MP593/2023-2024/9207 - Purchase of mobile water tankers,DEPUTY COMMISSIONER HISSAR_IDA,2023-08-14,Approved by IDA,155000,Sanctioned
MPLADS-052660,Brijendra Singh,Lok Sabha,Haryana,HISAR,,,HISAR-I,Kharkhari(27),Normal/Others,WS/MP593/2023-2024/9190 - Purchase of mobile water tankers,DEPUTY COMMISSIONER HISSAR_IDA,2023-08-14,Approved by IDA,158000,Sanctioned
MPLADS-052665,Brijendra Singh,Lok Sabha,Haryana,HISAR,,,HISAR-I,Dhansu(64),Normal/Others,WS/MP593/2023-2024/9185 - Purchase of mobile water tankers,DEPUTY COMMISSIONER HISSAR_IDA,2023-08-14,Approved by IDA,158000,Sanctioned
MPLADS-052666,Brijendra Singh,Lok Sabha,Haryana,HISAR,,,BARWALA,Bobua(120),Normal/Others,WS/MP593/2023-2024/9186 - Purchase of mobile water tankers,DEPUTY COMMISSIONER HISSAR_IDA,2023-08-14,Approved by IDA,158000,Sanctioned
MPLADS-052667,Brijendra Singh,Lok Sabha,Haryana,HISAR,,,HISAR-I,Khokha(28),Normal/Others,WS/MP593/2023-2024/9191 - Purchase of mobile water tankers,DEPUTY COMMISSIONER HISSAR_IDA,2023-08-14,Approved by IDA,158000,Sanctioned
MPLADS-052668,Brijendra Singh,Lok Sabha,Haryana,HISAR,,,HANSI-II,Dharam Kheri(65),Normal/Others,WS/MP593/2023-2024/9205 - Purchase of mobile water tankers,DEPUTY COMMISSIONER HISSAR_IDA,2023-08-14,Approved by IDA,155000,Sanctioned
MPLADS-052669,Brijendra Singh,Lok Sabha,Haryana,HISAR,,,HISAR-I,Ladwa (156),Normal/Others,WS/MP593/2023-2024/9192 - Purchase of mobile water tankers,DEPUTY COMMISSIONER HISSAR_IDA,2023-08-14,Approved by IDA,158000,Sanctioned
MPLADS-052670,Brijendra Singh,Lok Sabha,Haryana,HISAR,Barwala,19,,,Normal/Others,WS/MP593/2023-2024/9194 - Purchase of mobile water tankers,DEPUTY COMMISSIONER HISSAR_IDA,2023-08-14,Approved by IDA,158000,Sanctioned
MPLADS-052671,Brijendra Singh,Lok Sabha,Haryana,HISAR,,,HANSI-II,Bhatol Jatan (10),Normal/Others,WS/MP593/2023-2024/9196 - Purchase of mobile water tankers,DEPUTY COMMISSIONER HISSAR_IDA,2023-08-14,Approved by IDA,158000,Sanctioned
MPLADS-052672,Brijendra Singh,Lok Sabha,Haryana,HISAR,Hansi,26,,,Normal/Others,WS/MP593/2023-2024/9199 - Purchase of mobile water tankers,DEPUTY COMMISSIONER HISSAR_IDA,2023-08-14,Approved by IDA,155000,Sanctioned
MPLADS-052673,Brijendra Singh,Lok Sabha,Haryana,HISAR,,,HANSI-II,Puthi Saman (60),Normal/Others,WS/MP593/2023-2024/9202 - Purchase of mobile water tankers,DEPUTY COMMISSIONER HISSAR_IDA,2023-08-14,Approved by IDA,155000,Sanctioned
MPLADS-052674,Brijendra Singh,Lok Sabha,Haryana,HISAR,,,HANSI-II,Bhaklana(94),Normal/Others,WS/MP593/2023-2024/9204 - Purchase of mobile water tankers,DEPUTY COMMISSIONER HISSAR_IDA,2023-08-14,Approved by IDA,155000,Sanctioned
MPLADS-053123,Rao Inderjit Singh,Lok Sabha,Haryana,GURGAON,Ferozepur Jhirka,Ward No. 15,,,Repair and Renovation,NA - Construction of community centers and community halls,Deputy Commissioner Nuh_IDA,2023-08-11,Rejected by IDA,1000000,Unsanctioned
MPLADS-053603,SHRI Devender Paul Vats,Rajya Sabha,Haryana,Sitting Rajya Sabha,Hisar,Ward 9 Hisar,,,Normal/Others,NA - Construction of shelters for animals,DEPUTY COMMISSIONER HISSAR_IDA,2023-08-05,Action Pending,500000,Unsanctioned
MPLADS-054410,Rao Inderjit Singh,Lok Sabha,Haryana,GURGAON,,,REWARI,Bharawas (145),Normal/Others,"WS/MP516/2023-2024/6873 - Construction of roads, approach roads, link roads and pathways",DEPUTY COMMISSIONER REWARI_IDA,2023-07-29,Approved by IDA,1000000,Unsanctioned
MPLADS-054411,Rao Inderjit Singh,Lok Sabha,Haryana,GURGAON,,,REWARI,Nangli Godha (141),Normal/Others,WS/MP516/2023-2024/6874 - Construction of footpaths and pedestrian ways,DEPUTY COMMISSIONER REWARI_IDA,2023-07-29,Approved by IDA,199000,Unsanctioned
MPLADS-054412,Rao Inderjit Singh,Lok Sabha,Haryana,GURGAON,,,NUH,Ujina (141),Normal/Others,WS/MP516/2023-2024/6877 - Construction of community centers and community halls,Deputy Commissioner Nuh_IDA,2023-07-29,Approved by IDA,2000000,Unsanctioned
MPLADS-054413,Rao Inderjit Singh,Lok Sabha,Haryana,GURGAON,Ferozepur Jhirka,"Ward no. 15, Aala Ghati",,,Normal/Others,WS/MP516/2023-2024/6878 - Construction of community centers and community halls,Deputy Commissioner Nuh_IDA,2023-07-29,Approved by IDA,850000,Unsanctioned
MPLADS-055396,SHRI Devender Paul Vats,Rajya Sabha,Haryana,Sitting Rajya Sabha,,,HANSI-I,Sisai Kali Rawan(109),Normal/Others,WS/MP076/2023-2024/5362 - Purchase of mobile water tankers,DEPUTY COMMISSIONER HISSAR_IDA,2023-07-22,Approved by IDA,314000,Unsanctioned
MPLADS-055667,SHRI Devender Paul Vats,Rajya Sabha,Haryana,Sitting Rajya Sabha,,,AMBALA-II,Khatoli (30),Normal/Others,NA - Purchase of mobile water tankers,DEPUTY COMMISSIONER AMBALA_IDA,2023-07-21,Action Pending,314000,Unsanctioned
MPLADS-056163,SHRI Devender Paul Vats,Rajya Sabha,Haryana,Sitting Rajya Sabha,,,AGROHA,Khasa Mahajanan(96),Normal/Others,NA - Setting up of electric vehicle charging stations,DEPUTY COMMISSIONER HISSAR_IDA,2023-07-19,Action Pending,150000,Unsanctioned
MPLADS-056164,SHRI Devender Paul Vats,Rajya Sabha,Haryana,Sitting Rajya Sabha,,,AGROHA,Khasa Mahajanan(96),Normal/Others,NA - Setting up of electric vehicle charging stations,DEPUTY COMMISSIONER HISSAR_IDA,2023-07-19,Action Pending,150000,Unsanctioned
MPLADS-056445,SHRI Devender Paul Vats,Rajya Sabha,Haryana,Sitting Rajya Sabha,,,ISRANA,Bandh (87),Normal/Others,NA - Purchase of mobile water tankers,Deputy Commissioner Panipat_IDA,2023-07-18,Action Pending,157000,Unsanctioned
MPLADS-056446,SHRI Devender Paul Vats,Rajya Sabha,Haryana,Sitting Rajya Sabha,,,BHIWANI,Madhmadhvi (112),Normal/Others,WS/MP076/2023-2024/4548 - Purchase of mobile water tankers,Deputy Commissioner Bhiwani_IDA,2023-07-18,Approved by IDA,157000,Sanctioned
MPLADS-056447,SHRI Devender Paul Vats,Rajya Sabha,Haryana,Sitting Rajya Sabha,,,BAHADURGARH,Mattan(20),Normal/Others,WS/MP076/2023-2024/4547 - Purchase of mobile water tankers,Deputy Commissioner Jhajjar_IDA,2023-07-18,Approved by IDA,157000,Unsanctioned
MPLADS-056715,SHRI Devender Paul Vats,Rajya Sabha,Haryana,Sitting Rajya Sabha,,,AGROHA,Agroha(54),Normal/Others,NA - Forest conservation infrastructure,DEPUTY COMMISSIONER HISSAR_IDA,2023-07-17,Action Pending,300000,Unsanctioned
MPLADS-056727,SHRI Devender Paul Vats,Rajya Sabha,Haryana,Sitting Rajya Sabha,,,HANSI-II,Thurana(103),Normal/Others,NA - Forest conservation infrastructure,DEPUTY COMMISSIONER HISSAR_IDA,2023-07-17,Action Pending,150000,Unsanctioned
MPLADS-056785,SHRI Devender Paul Vats,Rajya Sabha,Haryana,Sitting Rajya Sabha,,,HANSI-I,Kanwari(30),Normal/Others,NA - Forest conservation infrastructure,DEPUTY COMMISSIONER HISSAR_IDA,2023-07-17,Action Pending,150000,Unsanctioned
MPLADS-056937,SHRI Devender Paul Vats,Rajya Sabha,Haryana,Sitting Rajya Sabha,,,SAMPLA,Kultana(16),Normal/Others,"NA - Construction of roads, approach roads, link roads and pathways",DEPUTY COMMISSIONER ROHTAK_IDA,2023-07-16,Action Pending,400000,Unsanctioned
MPLADS-056938,SHRI Devender Paul Vats,Rajya Sabha,Haryana,Sitting Rajya Sabha,,,SAMPLA,Kultana(16),Normal/Others,"NA - Construction of roads, approach roads, link roads and pathways",DEPUTY COMMISSIONER ROHTAK_IDA,2023-07-16,Action Pending,650000,Unsanctioned
MPLADS-056942,SHRI Devender Paul Vats,Rajya Sabha,Haryana,Sitting Rajya Sabha,,,,,Normal/Others,WS/MP076/2023-2024/3955 - Installation of multi-gym equipment,Deputy Commissioner Bhiwani_IDA,2023-07-16,Approved by IDA,198995,
MPLADS-056944,SHRI Devender Paul Vats,Rajya Sabha,Haryana,Sitting Rajya Sabha,,,SAMPLA,Kultana(16),Normal/Others,"NA - Construction of roads, approach roads, link roads and pathways",DEPUTY COMMISSIONER ROHTAK_IDA,2023-07-16,Action Pending,1400000,Unsanctioned
MPLADS-057524,SHRI Devender Paul Vats,Rajya Sabha,Haryana,Sitting Rajya Sabha,,,BHIWANI,Kalinga Pana Amru (130),Normal/Others,NA - Providing garbage collection and disposal systems,Deputy Commissioner Bhiwani_IDA,2023-07-12,Rejected by IDA,600000,Unsanctioned
MPLADS-057614,SHRI Devender Paul Vats,Rajya Sabha,Haryana,Sitting Rajya Sabha,,,SONIPAT,Bhatgaon Dungran (197),Normal/Others,NA - Purchase of mobile water tankers,DEPUTY COMMISSIONER SONEPAT_IDA,2023-07-11,Action Pending,157000,Unsanctioned
MPLADS-057624,SHRI Devender Paul Vats,Rajya Sabha,Haryana,Sitting Rajya Sabha,,,SONIPAT,Bhatgaon Dungran (197),Normal/Others,WS/MP076/2023-2024/3127 - Installation of fixed garden gym equipment,DEPUTY COMMISSIONER SONEPAT_IDA,2023-07-11,Approved by IDA,200000,Unsanctioned
MPLADS-057712,SHRI Devender Paul Vats,Rajya Sabha,Haryana,Sitting Rajya Sabha,Hisar,3BN Hisar,,,Normal/Others,WS/MP076/2023-2024/3125 - Setting up of electric vehicle charging stations,DEPUTY COMMISSIONER HISSAR_IDA,2023-07-10,Approved by IDA,170100,Unsanctioned
MPLADS-057713,SHRI Devender Paul Vats,Rajya Sabha,Haryana,Sitting Rajya Sabha,,,HANSI-I,Ghirai(24),Normal/Others,WS/MP076/2023-2024/3126 - Purchase of mobile water tankers,DEPUTY COMMISSIONER HISSAR_IDA,2023-07-10,Approved by IDA,314000,Unsanctioned
MPLADS-058260,SHRI Devender Paul Vats,Rajya Sabha,Haryana,Sitting Rajya Sabha,,,UCHANA,Bhongra (111),Normal/Others,NA - Purchase of mobile water tankers,Deputy Commissioner Jind_IDA,2023-07-06,Action Pending,157000,Unsanctioned
MPLADS-058339,SHRI Devender Paul Vats,Rajya Sabha,Haryana,Sitting Rajya Sabha,,,HANSI-I,Data(83),Normal/Others,WS/MP076/2023-2024/2359 - Purchase of mobile water tankers,DEPUTY COMMISSIONER HISSAR_IDA,2023-07-05,Approved by IDA,157000,Unsanctioned
MPLADS-058415,SHRI Devender Paul Vats,Rajya Sabha,Haryana,Sitting Rajya Sabha,,,HANSI-I,Data(83),Normal/Others,NA - Providing garbage collection and disposal systems,DEPUTY COMMISSIONER HISSAR_IDA,2023-07-04,Action Pending,678000,Unsanctioned
MPLADS-058416,SHRI Devender Paul Vats,Rajya Sabha,Haryana,Sitting Rajya Sabha,Hisar,NCC Hisar,,,Normal/Others,WS/MP076/2023-2024/2277 - Setting up of electric vehicle charging stations,DEPUTY COMMISSIONER HISSAR_IDA,2023-07-04,Approved by IDA,147000,Unsanctioned
MPLADS-058417,SHRI Devender Paul Vats,Rajya Sabha,Haryana,Sitting Rajya Sabha,Rohtak,PGI Rohtak,,,Normal/Others,NA - Purchase of hospital equipment,DEPUTY COMMISSIONER ROHTAK_IDA,2023-07-04,Action Pending,1000000,Unsanctioned
MPLADS-058418,SHRI Devender Paul Vats,Rajya Sabha,Haryana,Sitting Rajya Sabha,Bhiwani,Ward no 19,,,Normal/Others,WS/MP076/2023-2024/2270 - Construction of community centers and community halls,Deputy Commissioner Bhiwani_IDA,2023-07-04,Approved by IDA,500000,Unsanctioned
MPLADS-058419,SHRI Devender Paul Vats,Rajya Sabha,Haryana,Sitting Rajya Sabha,,,AGROHA,Kuleri(56),Normal/Others,WS/MP076/2023-2024/2275 - Purchase of mobile sanitation equipment,DEPUTY COMMISSIONER HISSAR_IDA,2023-07-04,Approved by IDA,149800,Unsanctioned
MPLADS-058420,SHRI Devender Paul Vats,Rajya Sabha,Haryana,Sitting Rajya Sabha,,,AGROHA,Chikanwas(144),Normal/Others,WS/MP076/2023-2024/2276 - Purchase of mobile sanitation equipment,DEPUTY COMMISSIONER HISSAR_IDA,2023-07-04,Approved by IDA,74900,Unsanctioned
MPLADS-058423,SHRI Devender Paul Vats,Rajya Sabha,Haryana,Sitting Rajya Sabha,Hisar,Risha Nagar,,,Normal/Others,WS/MP076/2023-2024/2278 - Purchase of mobile water tankers,DEPUTY COMMISSIONER HISSAR_IDA,2023-07-04,Approved by IDA,157000,Sanctioned
MPLADS-058424,SHRI Devender Paul Vats,Rajya Sabha,Haryana,Sitting Rajya Sabha,Bhiwani,ward no 20,,,Normal/Others,WS/MP076/2023-2024/2268 - Purchase of mobile water tankers,Deputy Commissioner Bhiwani_IDA,2023-07-04,Approved by IDA,157000,Sanctioned
MPLADS-058428,SHRI Devender Paul Vats,Rajya Sabha,Haryana,Sitting Rajya Sabha,Bhiwani,ward no 19,,,Normal/Others,NA - Street lights,Deputy Commissioner Bhiwani_IDA,2023-07-04,Action Pending,100000,Unsanctioned
MPLADS-058429,SHRI Devender Paul Vats,Rajya Sabha,Haryana,Sitting Rajya Sabha,,,BERI,Dubaldhan Ghikan(133),Normal/Others,NA - Purchase of furniture and fixtures for educational purposes,Deputy Commissioner Jhajjar_IDA,2023-07-04,Action Pending,135000,Unsanctioned
MPLADS-058430,SHRI Devender Paul Vats,Rajya Sabha,Haryana,Sitting Rajya Sabha,Bhiwani,Ward 19,,,Normal/Others,WS/MP076/2023-2024/2267 - Purchase of mobile water tankers,Deputy Commissioner Bhiwani_IDA,2023-07-04,Approved by IDA,157000,Sanctioned
MPLADS-058431,SHRI Devender Paul Vats,Rajya Sabha,Haryana,Sitting Rajya Sabha,,,BADHRA,Kari Dharni(42),Normal/Others,NA - Purchase of mobile water tankers,Deputy Commissioner Charkhi Dadri_IDA,2023-07-04,Action Pending,81000,Unsanctioned
MPLADS-058435,SHRI Devender Paul Vats,Rajya Sabha,Haryana,Sitting Rajya Sabha,Rohtak,PGI Rohtak,,,Normal/Others,WS/MP076/2023-2024/2188 - Purchase of hospital equipment,DEPUTY COMMISSIONER ROHTAK_IDA,2023-07-04,Approved by IDA,1000000,Unsanctioned
MPLADS-058436,SHRI Devender Paul Vats,Rajya Sabha,Haryana,Sitting Rajya Sabha,,,BAUND,Jhinjhar (151),Normal/Others,NA - Purchase of mobile water tankers,Deputy Commissioner Charkhi Dadri_IDA,2023-07-04,Action Pending,157000,Unsanctioned
MPLADS-058437,SHRI Devender Paul Vats,Rajya Sabha,Haryana,Sitting Rajya Sabha,,,BAWANI KHERA,Sukhpura (57),Normal/Others,WS/MP076/2023-2024/2258 - Purchase of mobile water tankers,Deputy Commissioner Bhiwani_IDA,2023-07-04,Approved by IDA,157000,Sanctioned
MPLADS-058438,SHRI Devender Paul Vats,Rajya Sabha,Haryana,Sitting Rajya Sabha,,,BHIWANI,Kharak Khurd (132),Normal/Others,WS/MP076/2023-2024/2259 - Purchase of mobile water tankers,Deputy Commissioner Bhiwani_IDA,2023-07-04,Approved by IDA,157000,Sanctioned
MPLADS-058440,SHRI Devender Paul Vats,Rajya Sabha,Haryana,Sitting Rajya Sabha,,,BERI,Dubaldhan Kirmian(136),Normal/Others,WS/MP076/2023-2024/2265 - Purchase of mobile water tankers,Deputy Commissioner Jhajjar_IDA,2023-07-04,Approved by IDA,157000,Unsanctioned
MPLADS-058446,SHRI Devender Paul Vats,Rajya Sabha,Haryana,Sitting Rajya Sabha,,,BERI,Dubaldhan Bidhan(130),Normal/Others,WS/MP076/2023-2024/2263 - Purchase of mobile water tankers,Deputy Commissioner Jhajjar_IDA,2023-07-04,Approved by IDA,157000,Unsanctioned
MPLADS-058447,SHRI Devender Paul Vats,Rajya Sabha,Haryana,Sitting Rajya Sabha,,,BERI,Dubaldhan Ghikan(133),Normal/Others,WS/MP076/2023-2024/2264 - Purchase of mobile water tankers,Deputy Commissioner Jhajjar_IDA,2023-07-04,Approved by IDA,157000,Unsanctioned
MPLADS-058562,SHRI Devender Paul Vats,Rajya Sabha,Haryana,Sitting Rajya Sabha,,,SALHAWAS,Subana(226),Normal/Others,NA - Installation of multi-gym equipment,Deputy Commissioner Jhajjar_IDA,2023-07-03,Action Pending,250000,Unsanctioned
MPLADS-058563,SHRI Devender Paul Vats,Rajya Sabha,Haryana,Sitting Rajya Sabha,,,BERI,Majra(135),Normal/Others,WS/MP076/2023-2024/2176 - Purchase of mobile water tankers,Deputy Commissioner Jhajjar_IDA,2023-07-03,Approved by IDA,157000,Unsanctioned
MPLADS-058564,SHRI Devender Paul Vats,Rajya Sabha,Haryana,Sitting Rajya Sabha,,,UCHANA,Bhongra (111),Normal/Others,WS/MP076/2023-2024/2177 - Purchase of books for public libraries,Deputy Commissioner Jind_IDA,2023-07-03,Approved by IDA,500000,Unsanctioned
MPLADS-058565,SHRI Devender Paul Vats,Rajya Sabha,Haryana,Sitting Rajya Sabha,,,BERI,Majra(135),Normal/Others,NA - Providing garbage collection and disposal systems,Deputy Commissioner Jhajjar_IDA,2023-07-03,Action Pending,600000,Unsanctioned
MPLADS-058596,SHRI Devender Paul Vats,Rajya Sabha,Haryana,Sitting Rajya Sabha,Panchkula,Govt.college Panchkula,,,Normal/Others,NA - Construction of rooms and halls in school and colleges,DEPUTY COMMISSIONER PANCHKULA_IDA,2023-07-02,Action Pending,1000000,Unsanctioned
MPLADS-058835,SHRI Devender Paul Vats,Rajya Sabha,Haryana,Sitting Rajya Sabha,,,AGROHA,Chikanwas(144),Normal/Others,WS/MP076/2023-2024/1804 - Purchase of mobile water tankers,DEPUTY COMMISSIONER HISSAR_IDA,2023-06-29,Approved by IDA,150000,Sanctioned
MPLADS-058836,SHRI Devender Paul Vats,Rajya Sabha,Haryana,Sitting Rajya Sabha,,,SAMPLA,Kultana(16),Normal/Others,NA - Purchase of mobile water tankers,DEPUTY COMMISSIONER ROHTAK_IDA,2023-06-29,Action Pending,160000,Unsanctioned
MPLADS-058837,SHRI Devender Paul Vats,Rajya Sabha,Haryana,Sitting Rajya Sabha,,,BAWANI KHERA,Rohnat (35),Normal/Others,NA - Purchase of furniture and fixtures for educational purposes,Deputy Commissioner Bhiwani_IDA,2023-06-29,Action Pending,122500,Unsanctioned
MPLADS-058838,SHRI Devender Paul Vats,Rajya Sabha,Haryana,Sitting Rajya Sabha,,,HANSI-II,Thurana(103),Normal/Others,WS/MP076/2023-2024/1806 - Purchase of mobile water tankers,DEPUTY COMMISSIONER HISSAR_IDA,2023-06-29,Approved by IDA,157000,Unsanctioned
MPLADS-058839,SHRI Devender Paul Vats,Rajya Sabha,Haryana,Sitting Rajya Sabha,Bhiwani,19,,,Normal/Others,WS/MP076/2023-2024/1805 - Purchase of mobile water tankers,Deputy Commissioner Bhiwani_IDA,2023-06-29,Approved by IDA,157000,Sanctioned
MPLADS-058841,SHRI Devender Paul Vats,Rajya Sabha,Haryana,Sitting Rajya Sabha,,,SIWANI,Jhumpa Kalan(120),Normal/Others,WS/MP076/2023-2024/1768 - Purchase of mobile water tankers,Deputy Commissioner Bhiwani_IDA,2023-06-29,Approved by IDA,157000,Sanctioned
MPLADS-058842,SHRI Devender Paul Vats,Rajya Sabha,Haryana,Sitting Rajya Sabha,,,SIWANI,Dhani Bhakhra (118),Normal/Others,WS/MP076/2023-2024/1767 - Purchase of mobile water tankers,Deputy Commissioner Bhiwani_IDA,2023-06-29,Approved by IDA,157000,Sanctioned
MPLADS-058844,SHRI Devender Paul Vats,Rajya Sabha,Haryana,Sitting Rajya Sabha,,,KAIRU,Lohani (53),Normal/Others,WS/MP076/2023-2024/1819 - Purchase of mobile water tankers,Deputy Commissioner Bhiwani_IDA,2023-06-29,Approved by IDA,157000,Sanctioned
MPLADS-058845,SHRI Devender Paul Vats,Rajya Sabha,Haryana,Sitting Rajya Sabha,,,SAMPLA,Kultana(16),Normal/Others,NA - Purchase of mobile water tankers,DEPUTY COMMISSIONER ROHTAK_IDA,2023-06-29,Action Pending,160000,Unsanctioned
MPLADS-058847,SHRI Devender Paul Vats,Rajya Sabha,Haryana,Sitting Rajya Sabha,,,TOSHAM,Thilod(81),Normal/Others,WS/MP076/2023-2024/1820 - Purchase of mobile water tankers,Deputy Commissioner Bhiwani_IDA,2023-06-29,Approved by IDA,157000,Sanctioned
MPLADS-058848,SHRI Devender Paul Vats,Rajya Sabha,Haryana,Sitting Rajya Sabha,,,BHIWANI,Sai (1),Normal/Others,WS/MP076/2023-2024/1821 - Purchase of mobile water tankers,Deputy Commissioner Bhiwani_IDA,2023-06-29,Approved by IDA,157000,Sanctioned
MPLADS-058849,SHRI Devender Paul Vats,Rajya Sabha,Haryana,Sitting Rajya Sabha,,,BHIWANI,Gujrani (11),Normal/Others,WS/MP076/2023-2024/1822 - Purchase of mobile water tankers,Deputy Commissioner Bhiwani_IDA,2023-06-29,Approved by IDA,157000,Sanctioned
MPLADS-058850,SHRI Devender Paul Vats,Rajya Sabha,Haryana,Sitting Rajya Sabha,,,LOHARU,Dhigawa Shamiyan(39),Normal/Others,WS/MP076/2023-2024/1746 - Purchase of mobile water tankers,Deputy Commissioner Bhiwani_IDA,2023-06-29,Approved by IDA,157000,Sanctioned
MPLADS-058853,SHRI Devender Paul Vats,Rajya Sabha,Haryana,Sitting Rajya Sabha,,,HANSI-I,Kanwari(30),Normal/Others,WS/MP076/2023-2024/1823 - Purchase of mobile water tankers,DEPUTY COMMISSIONER HISSAR_IDA,2023-06-29,Approved by IDA,155000,Sanctioned
MPLADS-058854,SHRI Devender Paul Vats,Rajya Sabha,Haryana,Sitting Rajya Sabha,,,HANSI-I,Kanwari(30),Normal/Others,WS/MP076/2023-2024/1824 - Construction of community centers and community halls,DEPUTY COMMISSIONER HISSAR_IDA,2023-06-29,Approved by IDA,497630,Unsanctioned
MPLADS-058855,SHRI Devender Paul Vats,Rajya Sabha,Haryana,Sitting Rajya Sabha,,,HANSI-I,Kanwari(30),Normal/Others,WS/MP076/2023-2024/1825 - Construction of boundary walls of existing public and community buildings,DEPUTY COMMISSIONER HISSAR_IDA,2023-06-29,Approved by IDA,248797,Unsanctioned
MPLADS-058857,SHRI Devender Paul Vats,Rajya Sabha,Haryana,Sitting Rajya Sabha,,,JIND,Ramrai (11),Normal/Others,NA - Construction of community centers and community halls,Deputy Commissioner Jind_IDA,2023-06-29,Rejected by IDA,1281000,Unsanctioned
MPLADS-058860,SHRI Devender Paul Vats,Rajya Sabha,Haryana,Sitting Rajya Sabha,,,SIWANI,Gurera (131),Normal/Others,WS/MP076/2023-2024/1760 - Purchase of mobile water tankers,Deputy Commissioner Bhiwani_IDA,2023-06-29,Approved by IDA,157000,Sanctioned
MPLADS-058863,SHRI Devender Paul Vats,Rajya Sabha,Haryana,Sitting Rajya Sabha,,,LOHARU,Alloudinpur(24),Normal/Others,WS/MP076/2023-2024/1747 - Purchase of mobile water tankers,Deputy Commissioner Bhiwani_IDA,2023-06-29,Approved by IDA,157000,Sanctioned
MPLADS-058864,SHRI Devender Paul Vats,Rajya Sabha,Haryana,Sitting Rajya Sabha,,,LOHARU,Kurdal(70),Normal/Others,WS/MP076/2023-2024/1748 - Purchase of mobile water tankers,Deputy Commissioner Bhiwani_IDA,2023-06-29,Approved by IDA,157000,Sanctioned
MPLADS-058865,SHRI Devender Paul Vats,Rajya Sabha,Haryana,Sitting Rajya Sabha,,,,,Normal/Others,WS/MP076/2023-2024/1749 - Purchase of mobile water tankers,Deputy Commissioner Bhiwani_IDA,2023-06-29,Approved by IDA,157000,
MPLADS-058866,SHRI Devender Paul Vats,Rajya Sabha,Haryana,Sitting Rajya Sabha,,,,,Normal/Others,WS/MP076/2023-2024/1750 - Purchase of mobile water tankers,Deputy Commissioner Bhiwani_IDA,2023-06-29,Approved by IDA,157000,
MPLADS-058867,SHRI Devender Paul Vats,Rajya Sabha,Haryana,Sitting Rajya Sabha,,,,,Normal/Others,WS/MP076/2023-2024/1751 - Purchase of mobile water tankers,Deputy Commissioner Bhiwani_IDA,2023-06-29,Approved by IDA,157000,
MPLADS-058868,SHRI Devender Paul Vats,Rajya Sabha,Haryana,Sitting Rajya Sabha,,,LOHARU,Sohasra(61),Normal/Others,WS/MP076/2023-2024/1752 - Purchase of mobile water tankers,Deputy Commissioner Bhiwani_IDA,2023-06-29,Approved by IDA,157000,Sanctioned
MPLADS-058869,SHRI Devender Paul Vats,Rajya Sabha,Haryana,Sitting Rajya Sabha,,,,,Normal/Others,WS/MP076/2023-2024/1753 - Purchase of mobile water tankers,Deputy Commissioner Bhiwani_IDA,2023-06-29,Approved by IDA,157000,
MPLADS-058870,SHRI Devender Paul Vats,Rajya Sabha,Haryana,Sitting Rajya Sabha,,,BEHAL,Paju(32),Normal/Others,WS/MP076/2023-2024/1754 - Purchase of mobile water tankers,Deputy Commissioner Bhiwani_IDA,2023-06-29,Approved by IDA,157000,Sanctioned
MPLADS-058871,SHRI Devender Paul Vats,Rajya Sabha,Haryana,Sitting Rajya Sabha,,,BEHAL,Chehar Kalan(13),Normal/Others,WS/MP076/2023-2024/1755 - Purchase of mobile water tankers,Deputy Commissioner Bhiwani_IDA,2023-06-29,Approved by IDA,157000,Sanctioned
MPLADS-058872,SHRI Devender Paul Vats,Rajya Sabha,Haryana,Sitting Rajya Sabha,,,BEHAL,Mandholi Kalan (1),Normal/Others,WS/MP076/2023-2024/1756 - Purchase of mobile water tankers,Deputy Commissioner Bhiwani_IDA,2023-06-29,Approved by IDA,157000,Sanctioned
MPLADS-058873,SHRI Devender Paul Vats,Rajya Sabha,Haryana,Sitting Rajya Sabha,,,BEHAL,Gokalpura (12),Normal/Others,WS/MP076/2023-2024/1757 - Purchase of mobile water tankers,Deputy Commissioner Bhiwani_IDA,2023-06-29,Approved by IDA,157000,Sanctioned
MPLADS-058874,SHRI Devender Paul Vats,Rajya Sabha,Haryana,Sitting Rajya Sabha,,,BEHAL,Obra (6),Normal/Others,WS/MP076/2023-2024/1758 - Purchase of mobile water tankers,Deputy Commissioner Bhiwani_IDA,2023-06-29,Approved by IDA,157000,Sanctioned
MPLADS-058877,SHRI Devender Paul Vats,Rajya Sabha,Haryana,Sitting Rajya Sabha,,,SIWANI,Barwa (133),Normal/Others,WS/MP076/2023-2024/1759 - Purchase of mobile water tankers,Deputy Commissioner Bhiwani_IDA,2023-06-29,Approved by IDA,157000,Sanctioned
MPLADS-058884,SHRI Devender Paul Vats,Rajya Sabha,Haryana,Sitting Rajya Sabha,,,SIWANI,Gaindawas (60),Normal/Others,WS/MP076/2023-2024/1765 - Purchase of mobile water tankers,Deputy Commissioner Bhiwani_IDA,2023-06-29,Approved by IDA,157000,Sanctioned
MPLADS-058885,SHRI Devender Paul Vats,Rajya Sabha,Haryana,Sitting Rajya Sabha,,,,,Normal/Others,WS/MP076/2023-2024/1766 - Purchase of mobile water tankers,Deputy Commissioner Bhiwani_IDA,2023-06-29,Approved by IDA,157000,
MPLADS-058940,SHRI Devender Paul Vats,Rajya Sabha,Haryana,Sitting Rajya Sabha,,,BAWANI KHERA,Rohnat (35),Normal/Others,WS/MP076/2023-2024/1715 - Purchase of mobile water tankers,Deputy Commissioner Bhiwani_IDA,2023-06-28,Approved by IDA,155000,Completed
MPLADS-058941,SHRI Devender Paul Vats,Rajya Sabha,Haryana,Sitting Rajya Sabha,Bhiwani,8,,,Normal/Others,WS/MP076/2023-2024/1717 - Purchase of mobile water tankers,Deputy Commissioner Bhiwani_IDA,2023-06-28,Approved by IDA,155000,Unsanctioned
MPLADS-058942,SHRI Devender Paul Vats,Rajya Sabha,Haryana,Sitting Rajya Sabha,,,BHIWANI,Mundhal Kalan (55),Normal/Others,WS/MP076/2023-2024/1716 - Purchase of mobile water tankers,Deputy Commissioner Bhiwani_IDA,2023-06-28,Approved by IDA,155000,Sanctioned
MPLADS-058944,SHRI Devender Paul Vats,Rajya Sabha,Haryana,Sitting Rajya Sabha,Hisar,20,,,Normal/Others,"NA - Purchase of IT systems, including hardware and software for educational purposes",DEPUTY COMMISSIONER HISSAR_IDA,2023-06-28,Action Pending,500000,Unsanctioned
