WORK_ID,MP_NAME,HOUSE,STATE,CONSTITUENCY,CITY,WARD,BLOCK,VILLAGE,WORK_CATEGORY,WORK_DESCRIPTION,IMPLEMENTING_AUTHORITY,RECOMMENDED_DATE,IDA_APPROVAL,ALLOCATION_AMOUNT,STATUS
MPLADS-000019,Pradyut Bordoloi,Lok Sabha,Assam,NOWGONG,,,Nagaon,Town Nagaon,Normal/Others,NA - Setting up public non-conventional energy plants,DEPUTY COMMISSIONER NOWGONG_IDA,2024-03-04,Action Pending,500000,Unsanctioned
MPLADS-000020,Pradyut Bordoloi,Lok Sabha,Assam,NOWGONG,,,Nagaon,Majarati,Normal/Others,NA - Construction of boundary walls of existing public and community buildings,DEPUTY COMMISSIONER NOWGONG_IDA,2024-03-04,Action Pending,300000,Unsanctioned
MPLADS-000021,Pradyut Bordoloi,Lok Sabha,Assam,NOWGONG,,,Nagaon,Town Nagaon,Normal/Others,NA - Construction of community centers and community halls,DEPUTY COMMISSIONER NOWGONG_IDA,2024-03-04,Action Pending,500000,Unsanctioned
MPLADS-000022,Pradyut Bordoloi,Lok Sabha,Assam,NOWGONG,,,Nagaon,Barbheti,Normal/Others,NA - Construction of boundary walls of existing public and community buildings,DEPUTY COMMISSIONER NOWGONG_IDA,2024-03-04,Action Pending,300000,Unsanctioned
MPLADS-000038,Shri Abdul Khaleque ,Lok Sabha,Assam,BARPETA,,,Barpeta,Hajipara,Normal/Others,"NA - Construction of roads, link roads, pathways or any other road with or without drainage system",DEPUTY COMMISSIONER BARPETA_IDA,2024-03-03,Action Pending,300000,Unsanctioned
MPLADS-000039,Shri Abdul Khaleque ,Lok Sabha,Assam,BARPETA,,,Kalgachia,Pachim Moinbari,Normal/Others,"NA - Construction of roads, link roads, pathways or any other road with or without drainage system",DEPUTY COMMISSIONER BARPETA_IDA,2024-03-03,Action Pending,500000,Unsanctioned
MPLADS-000307,Shri Abdul Khaleque ,Lok Sabha,Assam,BARPETA,,,Bongaigaon (Pt),Nankargaon,Normal/Others,NA - Construction of boundary walls of existing public and community buildings,Deputy Commissioner Bongaigaon_IDA,2024-03-02,Action Pending,400000,Unsanctioned
MPLADS-000822,Shri Abdul Khaleque ,Lok Sabha,Assam,BARPETA,,,Barpeta,Sundaridia,Normal/Others,"NA - Construction of roads, link roads, pathways or any other road with or without drainage system",DEPUTY COMMISSIONER BARPETA_IDA,2024-02-25,Action Pending,1000000,Unsanctioned
MPLADS-000998,Pradyut Bordoloi,Lok Sabha,Assam,NOWGONG,,,Nagaon,Jalah Gaon,Normal/Others,NA - Construction of buildings for community cultural activities,DEPUTY COMMISSIONER NOWGONG_IDA,2024-02-24,Action Pending,250000,Unsanctioned
MPLADS-001024,Gaurav Gogoi,Lok Sabha,Assam,KALIABOR,,,Samaguri,Bajia Gaon,Normal/Others,NA - Construction of community centers and community halls,DEPUTY COMMISSIONER NOWGONG_IDA,2024-02-23,Action Pending,100000,Unsanctioned
MPLADS-001604,Shri Abdul Khaleque ,Lok Sabha,Assam,BARPETA,,,Barpeta,Bagaijan Para,Normal/Others,"NA - Construction of roads, link roads, pathways or any other road with or without drainage system",DEPUTY COMMISSIONER BARPETA_IDA,2024-02-17,Action Pending,300000,Unsanctioned
MPLADS-001683,Gaurav Gogoi,Lok Sabha,Assam,KALIABOR,,,Rupahi,Dakhin Khatowal,Normal/Others,NA - Construction of rooms and halls in school and colleges,DEPUTY COMMISSIONER NOWGONG_IDA,2024-02-16,Action Pending,150000,Unsanctioned
MPLADS-001685,Gaurav Gogoi,Lok Sabha,Assam,KALIABOR,,,Dhing,Maira Dhaj,Normal/Others,NA - Construction of boundary walls of existing public and community buildings,DEPUTY COMMISSIONER NOWGONG_IDA,2024-02-16,Action Pending,200000,Unsanctioned
MPLADS-002262,Pradyut Bordoloi,Lok Sabha,Assam,NOWGONG,,,Nagaon,Town Nagaon,Normal/Others,NA - Construction of boundary walls of existing public and community buildings,DEPUTY COMMISSIONER NOWGONG_IDA,2024-02-10,Action Pending,300000,Unsanctioned
MPLADS-002292,Shri Abdul Khaleque ,Lok Sabha,Assam,BARPETA,,,Srijangram,Nasatra,Normal/Others,"NA - Construction of roads, link roads, pathways or any other road with or without drainage system",Deputy Commissioner Bongaigaon_IDA,2024-02-09,Action Pending,300000,Unsanctioned
MPLADS-002293,Shri Abdul Khaleque ,Lok Sabha,Assam,BARPETA,,,Manikpur,Beshimari,Normal/Others,NA - Crematoriums or structures on burial/ cremation ground for public convenience,Deputy Commissioner Bongaigaon_IDA,2024-02-09,Action Pending,300000,Unsanctioned
MPLADS-002294,Pradyut Bordoloi,Lok Sabha,Assam,NOWGONG,,,Nagaon,Badal Gaon,Normal/Others,NA - Construction of additional rooms and halls in the existing public and community building,DEPUTY COMMISSIONER NOWGONG_IDA,2024-02-09,Action Pending,300000,Unsanctioned
MPLADS-002295,Pradyut Bordoloi,Lok Sabha,Assam,NOWGONG,,,Nagaon,Town Nagaon,Normal/Others,NA - Construction of boundary walls of existing public and community buildings,DEPUTY COMMISSIONER NOWGONG_IDA,2024-02-09,Action Pending,300000,Unsanctioned
MPLADS-002296,Pradyut Bordoloi,Lok Sabha,Assam,NOWGONG,,,Nagaon,Kendu Guri,Normal/Others,NA - Construction of boundary walls of existing public and community buildings,DEPUTY COMMISSIONER NOWGONG_IDA,2024-02-09,Action Pending,300000,Unsanctioned
MPLADS-002297,Pradyut Bordoloi,Lok Sabha,Assam,NOWGONG,,,Nagaon,Town Nagaon,Normal/Others,NA - Construction of buildings for community cultural activities,DEPUTY COMMISSIONER NOWGONG_IDA,2024-02-09,Action Pending,300000,Unsanctioned
MPLADS-002298,Pradyut Bordoloi,Lok Sabha,Assam,NOWGONG,,,Nagaon,Chota Haibor (Ct),Normal/Others,NA - Construction of boundary walls of existing public and community buildings,DEPUTY COMMISSIONER NOWGONG_IDA,2024-02-09,Action Pending,400000,Unsanctioned
MPLADS-002299,Pradyut Bordoloi,Lok Sabha,Assam,NOWGONG,,,Nagaon,Chota Haibor (Ct),Normal/Others,"NA - Construction of roads, link roads, pathways or any other road with or without drainage system",DEPUTY COMMISSIONER NOWGONG_IDA,2024-02-09,Action Pending,500000,Unsanctioned
MPLADS-002726,Shri Abdul Khaleque ,Lok Sabha,Assam,BARPETA,,,Srijangram,Numbarpara Pt II,Normal/Others,NA - Construction of flood control embankments,Deputy Commissioner Bongaigaon_IDA,2024-02-07,Action Pending,300000,Unsanctioned
MPLADS-002736,Shri Abdul Khaleque ,Lok Sabha,Assam,BARPETA,,,Barpeta,Joti Gaon,Normal/Others,"WS/MP314/2023-2024/99758 - Construction of roads, link roads, pathways or any other road with or without drainage system",DEPUTY COMMISSIONER BARPETA_IDA,2024-02-07,Approved by IDA,1000000,Sanctioned
MPLADS-003405,Pradan Baruah,Lok Sabha,Assam,LAKHIMPUR,,,Sissibargaon,Pukia Gaon,Normal/Others,"NA - Construction of rooms and facilities for hospitals, FWC , PHC Centers and ANM centers",DEPUTY COMMISSIONER DHEMAJI_IDA,2024-01-31,Action Pending,500000,Unsanctioned
MPLADS-003406,Shri Abdul Khaleque ,Lok Sabha,Assam,BARPETA,,,Barpeta,Hajipara,Normal/Others,NA - Crematoriums or structures on burial/ cremation ground for public convenience,DEPUTY COMMISSIONER BARPETA_IDA,2024-01-31,Action Pending,300000,Unsanctioned
MPLADS-003408,Shri Abdul Khaleque ,Lok Sabha,Assam,BARPETA,,,Barpeta,Hatijana,Normal/Others,NA - Construction of boundary walls of existing public and community buildings,DEPUTY COMMISSIONER BARPETA_IDA,2024-01-31,Action Pending,500000,Unsanctioned
MPLADS-003409,Shri Abdul Khaleque ,Lok Sabha,Assam,BARPETA,,,Barpeta,Joti Gaon,Normal/Others,"WS/MP314/2023-2024/92746 - Construction of roads, link roads, pathways or any other road with or without drainage system",DEPUTY COMMISSIONER BARPETA_IDA,2024-01-31,Approved by IDA,1000000,Sanctioned
MPLADS-003612,Pallab Lochan Das,Lok Sabha,Assam,TEZPUR,,,Biswanath,Ara Bari,Normal/Others,NA - Construction of community centers and community halls,Deputy Commissioner Biswanath_IDA,2024-01-28,Action Pending,500000,Unsanctioned
MPLADS-003613,Pallab Lochan Das,Lok Sabha,Assam,TEZPUR,,,Biswanath,Khara Simalu,Normal/Others,NA - Construction of community centers and community halls,Deputy Commissioner Biswanath_IDA,2024-01-28,Action Pending,500000,Unsanctioned
MPLADS-003614,Pallab Lochan Das,Lok Sabha,Assam,TEZPUR,,,Biswanath,Dhali T.E. 278/475,Normal/Others,NA - Construction of community centers and community halls,Deputy Commissioner Biswanath_IDA,2024-01-28,Action Pending,500000,Unsanctioned
MPLADS-003615,Pallab Lochan Das,Lok Sabha,Assam,TEZPUR,,,Biswanath,Barkura,Normal/Others,NA - Construction of community centers and community halls,Deputy Commissioner Biswanath_IDA,2024-01-28,Action Pending,500000,Unsanctioned
MPLADS-003616,Pallab Lochan Das,Lok Sabha,Assam,TEZPUR,,,Biswanath,Ara Bari,Normal/Others,NA - Construction of community centers and community halls,Deputy Commissioner Biswanath_IDA,2024-01-28,Action Pending,500000,Unsanctioned
MPLADS-003617,Pallab Lochan Das,Lok Sabha,Assam,TEZPUR,Tezpur,Ward No. 8,,,Normal/Others,NA - Construction of community centers and community halls,DEPUTY COMMISSIONER SONITPUR_IDA,2024-01-28,Action Pending,1000000,Unsanctioned
MPLADS-003618,Horen Sing Bey,Lok Sabha,Assam,AUTONOMOUS DISTRICT(ST),Diphu,Ward No. 1,,,Normal/Others,NA - Construction of buildings for community cultural activities,DEPUTY COMMISSIONER KARBI ANGLONG_IDA,2024-01-28,Action Pending,5000000,Unsanctioned
MPLADS-003619,Horen Sing Bey,Lok Sabha,Assam,AUTONOMOUS DISTRICT(ST),Diphu,Ward No. 12,,,Normal/Others,NA - Development of public parks,DEPUTY COMMISSIONER KARBI ANGLONG_IDA,2024-01-28,Action Pending,3000000,Unsanctioned
MPLADS-003715,SHRI Kamakhya Prasad Tasa,Rajya Sabha,Assam,Sitting Rajya Sabha,Golaghat,13,,,Normal/Others,NA - Construction of rooms and halls in school and colleges,Deputy Commissioner Golaghat_IDA,2024-01-27,Action Pending,2200000,Unsanctioned
MPLADS-003774,Pallab Lochan Das,Lok Sabha,Assam,TEZPUR,,,Na-Duar,Chaporial,Normal/Others,NA - Construction of community centers and community halls,Deputy Commissioner Biswanath_IDA,2024-01-26,Action Pending,500000,Unsanctioned
MPLADS-003822,Pallab Lochan Das,Lok Sabha,Assam,TEZPUR,,,Biswanath,Pabhoi T.E. 14/15,Normal/Others,NA - Construction of community centers and community halls,Deputy Commissioner Biswanath_IDA,2024-01-26,Action Pending,500000,Unsanctioned
MPLADS-003823,Pallab Lochan Das,Lok Sabha,Assam,TEZPUR,,,Na-Duar,No.1 Chenga Mari,Normal/Others,NA - Construction of community centers and community halls,Deputy Commissioner Biswanath_IDA,2024-01-26,Action Pending,500000,Unsanctioned
MPLADS-003855,Pallab Lochan Das,Lok Sabha,Assam,TEZPUR,,,Na-Duar,Nag-Sankar Gaon,Normal/Others,NA - Construction of community centers and community halls,Deputy Commissioner Biswanath_IDA,2024-01-26,Action Pending,500000,Unsanctioned
MPLADS-003888,Shri Naba (Hira) Kumar Sarania ,Lok Sabha,Assam,KOKRAJHAR (ST),,,Barama Pt,Barimakha,Normal/Others,NA - Crematoriums or structures on burial/ cremation ground for public convenience,DEPUTY COMMISSIONER BAKSA_IDA,2024-01-26,Action Pending,1500000,Unsanctioned
MPLADS-003889,Pallab Lochan Das,Lok Sabha,Assam,TEZPUR,,,Bihpuria,Bodoti Miri,Normal/Others,NA - Construction of community centers and community halls,DEPUTY COMMISSIONER LAKHIMPUR_IDA,2024-01-26,Action Pending,500000,Unsanctioned
MPLADS-003890,Pallab Lochan Das,Lok Sabha,Assam,TEZPUR,Narayanpur,Ward No. 1A,,,Normal/Others,NA - Construction of community centers and community halls,DEPUTY COMMISSIONER LAKHIMPUR_IDA,2024-01-26,Action Pending,1000000,Unsanctioned
MPLADS-003891,Pallab Lochan Das,Lok Sabha,Assam,TEZPUR,,,Narayanpur,Pathali Pahar,Normal/Others,NA - Construction of rooms and halls in school and colleges,DEPUTY COMMISSIONER LAKHIMPUR_IDA,2024-01-26,Action Pending,1000000,Unsanctioned
MPLADS-003892,Pallab Lochan Das,Lok Sabha,Assam,TEZPUR,,,Narayanpur,Pathali Pahar,Normal/Others,NA - Construction of community centers and community halls,DEPUTY COMMISSIONER LAKHIMPUR_IDA,2024-01-26,Action Pending,500000,Unsanctioned
MPLADS-003893,Pallab Lochan Das,Lok Sabha,Assam,TEZPUR,Bihpuria,Ward No. 6,,,Normal/Others,NA - Construction of community centers and community halls,DEPUTY COMMISSIONER LAKHIMPUR_IDA,2024-01-26,Action Pending,500000,Unsanctioned
MPLADS-003894,Pallab Lochan Das,Lok Sabha,Assam,TEZPUR,,,Narayanpur,No.1 Bholabori,Normal/Others,NA - Construction of rooms and halls in school and colleges,DEPUTY COMMISSIONER LAKHIMPUR_IDA,2024-01-26,Action Pending,500000,Unsanctioned
MPLADS-003895,Pallab Lochan Das,Lok Sabha,Assam,TEZPUR,,,Narayanpur,Letekujan,Repair and Renovation,NA - Construction of rooms and halls in school and colleges,DEPUTY COMMISSIONER LAKHIMPUR_IDA,2024-01-26,Action Pending,500000,Unsanctioned
MPLADS-003896,Pallab Lochan Das,Lok Sabha,Assam,TEZPUR,,,Dhekiajuli (Pt),Habi Gaon Bangali,Normal/Others,NA - Construction of rooms and halls in school and colleges,DEPUTY COMMISSIONER SONITPUR_IDA,2024-01-26,Action Pending,500000,Unsanctioned
MPLADS-003897,Pallab Lochan Das,Lok Sabha,Assam,TEZPUR,,,Tezpur,Likhak Gaon,Normal/Others,NA - Construction of community centers and community halls,DEPUTY COMMISSIONER SONITPUR_IDA,2024-01-26,Action Pending,500000,Unsanctioned
MPLADS-003898,Pallab Lochan Das,Lok Sabha,Assam,TEZPUR,,,Tezpur,Kalita Gaon,Normal/Others,NA - Construction of community centers and community halls,DEPUTY COMMISSIONER SONITPUR_IDA,2024-01-26,Action Pending,500000,Unsanctioned
MPLADS-003899,Pallab Lochan Das,Lok Sabha,Assam,TEZPUR,,,Dhekiajuli (Pt),No.2 Oriontali Gaon,Normal/Others,NA - Construction of community centers and community halls,DEPUTY COMMISSIONER SONITPUR_IDA,2024-01-26,Action Pending,500000,Unsanctioned
MPLADS-003900,Pallab Lochan Das,Lok Sabha,Assam,TEZPUR,,,Dhekiajuli (Pt),Padum Pukhuri Gaon,Normal/Others,NA - Construction of community centers and community halls,DEPUTY COMMISSIONER SONITPUR_IDA,2024-01-26,Action Pending,500000,Unsanctioned
MPLADS-003901,Shri Naba (Hira) Kumar Sarania ,Lok Sabha,Assam,KOKRAJHAR (ST),,,Barama Pt,Saukuchi,Normal/Others,NA - Crematoriums or structures on burial/ cremation ground for public convenience,DEPUTY COMMISSIONER BAKSA_IDA,2024-01-26,Action Pending,1500000,Unsanctioned
MPLADS-003902,Shri Naba (Hira) Kumar Sarania ,Lok Sabha,Assam,KOKRAJHAR (ST),,,Barnagar (Pt),Niz Damaka,Normal/Others,"NA - Construction of roads, link roads, pathways or any other road with or without drainage system",DEPUTY COMMISSIONER BARPETA_IDA,2024-01-26,Action Pending,500000,Unsanctioned
MPLADS-003904,Shri Naba (Hira) Kumar Sarania ,Lok Sabha,Assam,KOKRAJHAR (ST),,,Barnagar (Pt),Keteki Bari,Normal/Others,"NA - Construction of roads, link roads, pathways or any other road with or without drainage system",DEPUTY COMMISSIONER BARPETA_IDA,2024-01-26,Action Pending,919000,Unsanctioned
MPLADS-003905,Shri Naba (Hira) Kumar Sarania ,Lok Sabha,Assam,KOKRAJHAR (ST),,,Barnagar (Pt),Kala Bhanga,Normal/Others,"NA - Construction of roads, link roads, pathways or any other road with or without drainage system",DEPUTY COMMISSIONER BARPETA_IDA,2024-01-26,Action Pending,900000,Unsanctioned
MPLADS-003906,Shri Naba (Hira) Kumar Sarania ,Lok Sabha,Assam,KOKRAJHAR (ST),,,Barnagar (Pt),Bhaluk Doba,Normal/Others,"NA - Construction of roads, link roads, pathways or any other road with or without drainage system",DEPUTY COMMISSIONER BARPETA_IDA,2024-01-26,Action Pending,800000,Unsanctioned
MPLADS-003907,Shri Naba (Hira) Kumar Sarania ,Lok Sabha,Assam,KOKRAJHAR (ST),,,Barnagar (Pt),Kamar Gaon,Normal/Others,"NA - Construction of roads, link roads, pathways or any other road with or without drainage system",DEPUTY COMMISSIONER BARPETA_IDA,2024-01-26,Action Pending,900000,Unsanctioned
MPLADS-003908,Pallab Lochan Das,Lok Sabha,Assam,TEZPUR,,,Chariduar,Hokoma,Normal/Others,NA - Construction of community centers and community halls,DEPUTY COMMISSIONER SONITPUR_IDA,2024-01-26,Action Pending,500000,Unsanctioned
MPLADS-003909,Pallab Lochan Das,Lok Sabha,Assam,TEZPUR,,,Helem,Gohpur T.E. Grant 386,Normal/Others,NA - Construction of community centers and community halls,Deputy Commissioner Biswanath_IDA,2024-01-26,Action Pending,500000,Unsanctioned
MPLADS-003910,Pallab Lochan Das,Lok Sabha,Assam,TEZPUR,,,Helem,Halem T.E. 270/442 Grant,Normal/Others,NA - Construction of community centers and community halls,Deputy Commissioner Biswanath_IDA,2024-01-26,Action Pending,500000,Unsanctioned
MPLADS-003911,Pallab Lochan Das,Lok Sabha,Assam,TEZPUR,,,Helem,Halem T.E. 270/442 Grant,Normal/Others,NA - Construction of rooms and halls in school and colleges,Deputy Commissioner Biswanath_IDA,2024-01-26,Action Pending,500000,Unsanctioned
MPLADS-003912,Pallab Lochan Das,Lok Sabha,Assam,TEZPUR,,,Helem,Brahmajan T.E. 409/752 (1),Normal/Others,NA - Construction of rooms and halls in school and colleges,Deputy Commissioner Biswanath_IDA,2024-01-26,Action Pending,500000,Unsanctioned
MPLADS-003913,Pallab Lochan Das,Lok Sabha,Assam,TEZPUR,,,Helem,Nirmala T.E 407/752 (2),Normal/Others,NA - Construction of buildings for multi-gym,Deputy Commissioner Biswanath_IDA,2024-01-26,Action Pending,500000,Unsanctioned
MPLADS-003914,Pallab Lochan Das,Lok Sabha,Assam,TEZPUR,,,Helem,Dufflagarh T.E.Grant285/493(1),Normal/Others,NA - Construction of community centers and community halls,Deputy Commissioner Biswanath_IDA,2024-01-26,Action Pending,500000,Unsanctioned
MPLADS-003915,Pallab Lochan Das,Lok Sabha,Assam,TEZPUR,,,Helem,Am-Tola,Normal/Others,NA - Construction of community centers and community halls,Deputy Commissioner Biswanath_IDA,2024-01-26,Action Pending,500000,Unsanctioned
MPLADS-003916,Pallab Lochan Das,Lok Sabha,Assam,TEZPUR,,,Helem,Baranga Bari,Normal/Others,NA - Construction of footpaths and pedestrian ways,Deputy Commissioner Biswanath_IDA,2024-01-26,Action Pending,500000,Unsanctioned
MPLADS-003917,Pallab Lochan Das,Lok Sabha,Assam,TEZPUR,,,Narayanpur,No.1 Jarabari Block,Normal/Others,NA - Construction of community centers and community halls,DEPUTY COMMISSIONER LAKHIMPUR_IDA,2024-01-26,Action Pending,500000,Unsanctioned
MPLADS-003918,Pallab Lochan Das,Lok Sabha,Assam,TEZPUR,,,Narayanpur,Kachuwa (Kachugaon),Normal/Others,NA - Construction of community centers and community halls,DEPUTY COMMISSIONER LAKHIMPUR_IDA,2024-01-26,Action Pending,500000,Unsanctioned
MPLADS-003919,Pallab Lochan Das,Lok Sabha,Assam,TEZPUR,,,Narayanpur,Borkathani,Normal/Others,NA - Construction of community centers and community halls,DEPUTY COMMISSIONER LAKHIMPUR_IDA,2024-01-26,Action Pending,500000,Unsanctioned
MPLADS-003920,Pallab Lochan Das,Lok Sabha,Assam,TEZPUR,,,Narayanpur,Makuwari,Normal/Others,NA - Construction of community centers and community halls,DEPUTY COMMISSIONER LAKHIMPUR_IDA,2024-01-26,Action Pending,500000,Unsanctioned
MPLADS-003932,Pallab Lochan Das,Lok Sabha,Assam,TEZPUR,,,Biswanath,Pabhoi T.E. 14/15,Normal/Others,NA - Construction of rooms and halls in school and colleges,Deputy Commissioner Biswanath_IDA,2024-01-26,Action Pending,500000,Unsanctioned
MPLADS-003933,Pallab Lochan Das,Lok Sabha,Assam,TEZPUR,,,Biswanath,Pabhoi T.E. 14/15,Normal/Others,NA - Construction of rooms and halls in school and colleges,Deputy Commissioner Biswanath_IDA,2024-01-26,Action Pending,1000000,Unsanctioned
MPLADS-003934,Pallab Lochan Das,Lok Sabha,Assam,TEZPUR,,,Na-Duar,No.3 Nalbari,Normal/Others,NA - Construction of community centers and community halls,Deputy Commissioner Biswanath_IDA,2024-01-26,Action Pending,500000,Unsanctioned
MPLADS-003935,Pallab Lochan Das,Lok Sabha,Assam,TEZPUR,,,Na-Duar,No.2 Gorpal,Normal/Others,NA - Construction of community centers and community halls,Deputy Commissioner Biswanath_IDA,2024-01-26,Action Pending,500000,Unsanctioned
MPLADS-003936,Pallab Lochan Das,Lok Sabha,Assam,TEZPUR,,,Biswanath,Dighal Tangani,Normal/Others,NA - Construction of community centers and community halls,Deputy Commissioner Biswanath_IDA,2024-01-26,Action Pending,1000000,Unsanctioned
MPLADS-003937,Pallab Lochan Das,Lok Sabha,Assam,TEZPUR,Biswanath Chariali,Ward No. 1,,,Normal/Others,NA - Construction of community centers and community halls,Deputy Commissioner Biswanath_IDA,2024-01-26,Action Pending,1000000,Unsanctioned
MPLADS-003938,Pallab Lochan Das,Lok Sabha,Assam,TEZPUR,Biswanath Chariali,Ward No. 6,,,Normal/Others,NA - Development of playground,Deputy Commissioner Biswanath_IDA,2024-01-26,Action Pending,250000,Unsanctioned
MPLADS-003939,Pallab Lochan Das,Lok Sabha,Assam,TEZPUR,,,Biswanath,Pratap Ghar T.E. 126/225,Normal/Others,NA - Construction of community centers and community halls,Deputy Commissioner Biswanath_IDA,2024-01-26,Action Pending,500000,Unsanctioned
MPLADS-003940,Pallab Lochan Das,Lok Sabha,Assam,TEZPUR,,,Biswanath,Bam Gaon,Normal/Others,NA - Construction of community centers and community halls,Deputy Commissioner Biswanath_IDA,2024-01-26,Action Pending,500000,Unsanctioned
MPLADS-003942,Pallab Lochan Das,Lok Sabha,Assam,TEZPUR,Biswanath Chariali,Ward No. 5,,,Normal/Others,NA - Construction of community centers and community halls,Deputy Commissioner Biswanath_IDA,2024-01-26,Action Pending,1000000,Unsanctioned
MPLADS-003943,Pallab Lochan Das,Lok Sabha,Assam,TEZPUR,,,Biswanath,Majuli Ghur T.E. 36/2,Normal/Others,NA - Construction of community centers and community halls,Deputy Commissioner Biswanath_IDA,2024-01-26,Action Pending,500000,Unsanctioned
MPLADS-003944,Pallab Lochan Das,Lok Sabha,Assam,TEZPUR,Biswanath Chariali,Ward No. 4,,,Normal/Others,NA - Construction of community centers and community halls,Deputy Commissioner Biswanath_IDA,2024-01-26,Action Pending,1000000,Unsanctioned
MPLADS-003945,Pallab Lochan Das,Lok Sabha,Assam,TEZPUR,,,Dhekiajuli (Pt),Bahbera Gaon,Normal/Others,NA - Construction of community centers and community halls,DEPUTY COMMISSIONER SONITPUR_IDA,2024-01-26,Action Pending,1000000,Unsanctioned
MPLADS-003946,Shri Naba (Hira) Kumar Sarania ,Lok Sabha,Assam,KOKRAJHAR (ST),,,Bijni (Pt),Padmapur,Normal/Others,NA - Construction of rooms and halls in school and colleges,Deputy Commissioner Chirang_IDA,2024-01-26,Action Pending,350000,Unsanctioned
MPLADS-003947,Shri Naba (Hira) Kumar Sarania ,Lok Sabha,Assam,KOKRAJHAR (ST),,,Gossaigaon (Pt),Jonaligaon F V,Normal/Others,NA - Construction of community centers and community halls,DEPUTY COMMISSIONER KOKRAJHAR_IDA,2024-01-26,Action Pending,350000,Unsanctioned
MPLADS-003968,SHRI Kamakhya Prasad Tasa,Rajya Sabha,Assam,Sitting Rajya Sabha,,,Jorhat East,Duliapam Gaon,Normal/Others,NA - Construction of community centers and community halls,DEPUTY COMMISSIONER JORHAT_IDA,2024-01-26,Action Pending,1500000,Unsanctioned
MPLADS-003969,SHRI Kamakhya Prasad Tasa,Rajya Sabha,Assam,Sitting Rajya Sabha,,,Mazbat,No.2 Mazbat T.E.,Normal/Others,NA - Construction of buildings for community cultural activities,DEPUTY COMMISSIONER Udalguri_IDA,2024-01-26,Action Pending,1500000,Unsanctioned
MPLADS-003970,SHRI Kamakhya Prasad Tasa,Rajya Sabha,Assam,Sitting Rajya Sabha,,,Mariani,Sotai Shah Bagisa,Normal/Others,NA - Construction of common work sheds/ common covered sitting area,DEPUTY COMMISSIONER JORHAT_IDA,2024-01-26,Action Pending,969000,Unsanctioned
MPLADS-003987,SHRI Kamakhya Prasad Tasa,Rajya Sabha,Assam,Sitting Rajya Sabha,Sarupathar,10,,,Normal/Others,NA - Construction of rooms and halls in school and colleges,Deputy Commissioner Golaghat_IDA,2024-01-25,Action Pending,1500000,Unsanctioned
MPLADS-004120,Pallab Lochan Das,Lok Sabha,Assam,TEZPUR,,,Dhekiajuli (Pt),Moila Ali Gaon,Normal/Others,NA - Construction of boundary walls of existing public and community buildings,DEPUTY COMMISSIONER SONITPUR_IDA,2024-01-25,Action Pending,500000,Unsanctioned
MPLADS-004121,Sh Teli Rameswar,Lok Sabha,Assam,DIBRUGARH,,,Margherita,Borbil Gaon No.2 (Bogapani),Normal/Others,"NA - Construction of roads, link roads, pathways or any other road with or without drainage system",Deputy Commissioner Tinsukia_IDA,2024-01-25,Action Pending,1250000,Unsanctioned
MPLADS-004122,Sh Teli Rameswar,Lok Sabha,Assam,DIBRUGARH,,,Tinsukia,Tingrai Gaon,Normal/Others,NA - Construction of community centers and community halls,Deputy Commissioner Tinsukia_IDA,2024-01-25,Action Pending,500000,Unsanctioned
MPLADS-004123,Sh Teli Rameswar,Lok Sabha,Assam,DIBRUGARH,,,Margherita,Hollong Guti Bari N.C. No.2,Normal/Others,NA - Construction of boundary walls of existing public and community buildings,Deputy Commissioner Tinsukia_IDA,2024-01-25,Action Pending,500000,Unsanctioned
MPLADS-004124,Sh Teli Rameswar,Lok Sabha,Assam,DIBRUGARH,,,Margherita,Borbil Gaon No.1,Normal/Others,"NA - Construction of roads, link roads, pathways or any other road with or without drainage system",Deputy Commissioner Tinsukia_IDA,2024-01-25,Action Pending,1250000,Unsanctioned
MPLADS-004125,Sh Teli Rameswar,Lok Sabha,Assam,DIBRUGARH,,,Tinsukia,Tingrai Gaon,Normal/Others,"NA - Construction of roads, link roads, pathways or any other road with or without drainage system",Deputy Commissioner Tinsukia_IDA,2024-01-25,Action Pending,1500000,Unsanctioned
MPLADS-004126,Sh Teli Rameswar,Lok Sabha,Assam,DIBRUGARH,,,Tinsukia,Tingrai Gaon,Normal/Others,"NA - Construction of roads, link roads, pathways or any other road with or without drainage system",Deputy Commissioner Tinsukia_IDA,2024-01-25,Action Pending,1000000,Unsanctioned
MPLADS-004127,Sh Teli Rameswar,Lok Sabha,Assam,DIBRUGARH,,,Tinsukia,Tingrai Gaon,Normal/Others,"NA - Construction of roads, link roads, pathways or any other road with or without drainage system",Deputy Commissioner Tinsukia_IDA,2024-01-25,Action Pending,1500000,Unsanctioned
MPLADS-004128,Pallab Lochan Das,Lok Sabha,Assam,TEZPUR,,,Na-Duar,No.1 Itakhola,Normal/Others,NA - Construction of Cycle Stand at School / College,Deputy Commissioner Biswanath_IDA,2024-01-25,Action Pending,500000,Unsanctioned
MPLADS-004137,Pallab Lochan Das,Lok Sabha,Assam,TEZPUR,,,Dhekiajuli (Pt),No.2 Bagipukhuri,Normal/Others,NA - Construction of community centers and community halls,DEPUTY COMMISSIONER SONITPUR_IDA,2024-01-25,Action Pending,500000,Unsanctioned
MPLADS-004138,Pallab Lochan Das,Lok Sabha,Assam,TEZPUR,,,Dhekiajuli (Pt),No.1 Narayanpur Bagan,Normal/Others,NA - Construction of community centers and community halls,DEPUTY COMMISSIONER SONITPUR_IDA,2024-01-25,Action Pending,500000,Unsanctioned
MPLADS-004145,Pallab Lochan Das,Lok Sabha,Assam,TEZPUR,Dhekiajuli,Ward No. 7,,,Normal/Others,NA - Construction of community centers and community halls,DEPUTY COMMISSIONER SONITPUR_IDA,2024-01-25,Action Pending,500000,Unsanctioned
MPLADS-004146,Pallab Lochan Das,Lok Sabha,Assam,TEZPUR,Dhekiajuli,Ward No. 6,,,Normal/Others,NA - Construction of community centers and community halls,DEPUTY COMMISSIONER SONITPUR_IDA,2024-01-25,Action Pending,500000,Unsanctioned
MPLADS-004147,Pallab Lochan Das,Lok Sabha,Assam,TEZPUR,,,Dhekiajuli (Pt),Bhotpara Pathar,Normal/Others,NA - Construction of community centers and community halls,DEPUTY COMMISSIONER SONITPUR_IDA,2024-01-25,Action Pending,500000,Unsanctioned
MPLADS-004154,Sh Teli Rameswar,Lok Sabha,Assam,DIBRUGARH,,,Margherita,Borbil Gaon No.2 (Bogapani),Normal/Others,"NA - Construction of roads, link roads, pathways or any other road with or without drainage system",Deputy Commissioner Tinsukia_IDA,2024-01-25,Action Pending,1250000,Unsanctioned
MPLADS-004190,Pallab Lochan Das,Lok Sabha,Assam,TEZPUR,,,Dhekiajuli (Pt),No.2 Dibrudarang Bagan,Normal/Others,NA - Construction of community centers and community halls,DEPUTY COMMISSIONER SONITPUR_IDA,2024-01-25,Action Pending,500000,Unsanctioned
MPLADS-004205,Shri Naba (Hira) Kumar Sarania ,Lok Sabha,Assam,KOKRAJHAR (ST),,,Barama Pt,Alagjhar,Normal/Others,NA - Crematoriums or structures on burial/ cremation ground for public convenience,DEPUTY COMMISSIONER BAKSA_IDA,2024-01-25,Action Pending,300000,Unsanctioned
MPLADS-004206,Shri Naba (Hira) Kumar Sarania ,Lok Sabha,Assam,KOKRAJHAR (ST),,,Barama Pt,Barimakha,Normal/Others,NA - Crematoriums or structures on burial/ cremation ground for public convenience,DEPUTY COMMISSIONER BAKSA_IDA,2024-01-25,Action Pending,1500000,Unsanctioned
MPLADS-004207,Shri Naba (Hira) Kumar Sarania ,Lok Sabha,Assam,KOKRAJHAR (ST),,,Baska,Thalkuchi,Normal/Others,NA - Crematoriums or structures on burial/ cremation ground for public convenience,DEPUTY COMMISSIONER BAKSA_IDA,2024-01-25,Action Pending,1500000,Unsanctioned
MPLADS-004208,Shri Naba (Hira) Kumar Sarania ,Lok Sabha,Assam,KOKRAJHAR (ST),,,Baska,Tupalia,Normal/Others,NA - Crematoriums or structures on burial/ cremation ground for public convenience,DEPUTY COMMISSIONER BAKSA_IDA,2024-01-25,Action Pending,1500000,Unsanctioned
MPLADS-004211,Sh Teli Rameswar,Lok Sabha,Assam,DIBRUGARH,,,Tinsukia,Gupanari Habi Gaon,Normal/Others,"NA - Construction of roads, link roads, pathways or any other road with or without drainage system",Deputy Commissioner Tinsukia_IDA,2024-01-25,Action Pending,1250000,Unsanctioned
MPLADS-004228,Shri Naba (Hira) Kumar Sarania ,Lok Sabha,Assam,KOKRAJHAR (ST),,,Barama Pt,Saukuchi,Normal/Others,NA - Crematoriums or structures on burial/ cremation ground for public convenience,DEPUTY COMMISSIONER BAKSA_IDA,2024-01-25,Action Pending,1500000,Unsanctioned
MPLADS-004350,SHRI Kamakhya Prasad Tasa,Rajya Sabha,Assam,Sitting Rajya Sabha,,,Jorhat West,Khangia Gaon,Normal/Others,NA - Construction of public libraries and reading rooms,DEPUTY COMMISSIONER JORHAT_IDA,2024-01-25,Action Pending,700000,Unsanctioned
MPLADS-004844,Pradyut Bordoloi,Lok Sabha,Assam,NOWGONG,,,Nagaon,Kachamari Pathar,Normal/Others,NA - Construction of boundary walls of existing public and community buildings,DEPUTY COMMISSIONER NOWGONG_IDA,2024-01-24,Action Pending,500000,Unsanctioned
MPLADS-004845,Pradyut Bordoloi,Lok Sabha,Assam,NOWGONG,,,Nagaon,Kachamari Pathar,Normal/Others,NA - Construction of additional rooms and halls in the existing public and community building,DEPUTY COMMISSIONER NOWGONG_IDA,2024-01-24,Action Pending,300000,Unsanctioned
MPLADS-004846,Pradyut Bordoloi,Lok Sabha,Assam,NOWGONG,,,Nagaon,Kachamari Pathar,Normal/Others,NA - Construction of community centers and community halls,DEPUTY COMMISSIONER NOWGONG_IDA,2024-01-24,Action Pending,500000,Unsanctioned
MPLADS-004847,Pradyut Bordoloi,Lok Sabha,Assam,NOWGONG,,,Nagaon,Kachamari Pathar,Normal/Others,NA - Construction of boundary walls of existing public and community buildings,DEPUTY COMMISSIONER NOWGONG_IDA,2024-01-24,Action Pending,250000,Unsanctioned
MPLADS-004848,Pradyut Bordoloi,Lok Sabha,Assam,NOWGONG,,,Nagaon,Kachamari Pathar,Normal/Others,NA - Construction of community centers and community halls,DEPUTY COMMISSIONER NOWGONG_IDA,2024-01-24,Action Pending,250000,Unsanctioned
MPLADS-004849,Pradyut Bordoloi,Lok Sabha,Assam,NOWGONG,,,Nagaon,Kachamari Pathar,Normal/Others,"NA - Construction of roads, link roads, pathways or any other road with or without drainage system",DEPUTY COMMISSIONER NOWGONG_IDA,2024-01-24,Action Pending,500000,Unsanctioned
MPLADS-004873,Pradyut Bordoloi,Lok Sabha,Assam,NOWGONG,,,Nagaon,Kachamari Pathar,Normal/Others,NA - Construction of boundary walls of existing public and community buildings,DEPUTY COMMISSIONER NOWGONG_IDA,2024-01-24,Action Pending,300000,Unsanctioned
MPLADS-004874,Pradyut Bordoloi,Lok Sabha,Assam,NOWGONG,,,Nagaon,Kachamari Pathar,Normal/Others,NA - Construction of community centers and community halls,DEPUTY COMMISSIONER NOWGONG_IDA,2024-01-24,Action Pending,500000,Unsanctioned
MPLADS-004875,Pradyut Bordoloi,Lok Sabha,Assam,NOWGONG,,,Nagaon,Town Nagaon,Normal/Others,NA - Construction of buildings for community cultural activities,DEPUTY COMMISSIONER NOWGONG_IDA,2024-01-24,Action Pending,300000,Unsanctioned
MPLADS-004876,Pradyut Bordoloi,Lok Sabha,Assam,NOWGONG,,,Nagaon,Kachamari Pathar,Normal/Others,NA - Construction of boundary walls of existing public and community buildings,DEPUTY COMMISSIONER NOWGONG_IDA,2024-01-24,Action Pending,500000,Unsanctioned
MPLADS-004879,Pradyut Bordoloi,Lok Sabha,Assam,NOWGONG,,,Nagaon,Kachamari Pathar,Normal/Others,NA - Construction of boundary walls of existing public and community buildings,DEPUTY COMMISSIONER NOWGONG_IDA,2024-01-24,Action Pending,300000,Unsanctioned
MPLADS-004880,Pradyut Bordoloi,Lok Sabha,Assam,NOWGONG,,,Nagaon,Kachamari Pathar,Normal/Others,NA - Construction of boundary walls of existing public and community buildings,DEPUTY COMMISSIONER NOWGONG_IDA,2024-01-24,Action Pending,300000,Unsanctioned
MPLADS-004881,Pradyut Bordoloi,Lok Sabha,Assam,NOWGONG,,,Nagaon,Kachamari Pathar,Normal/Others,NA - Construction of boundary walls of existing public and community buildings,DEPUTY COMMISSIONER NOWGONG_IDA,2024-01-24,Action Pending,300000,Unsanctioned
MPLADS-004882,Pradyut Bordoloi,Lok Sabha,Assam,NOWGONG,,,Nagaon,Town Nagaon,Normal/Others,NA - Construction of toilet blocks,DEPUTY COMMISSIONER NOWGONG_IDA,2024-01-24,Action Pending,300000,Unsanctioned
MPLADS-004912,Pradyut Bordoloi,Lok Sabha,Assam,NOWGONG,,,Nagaon,Town Nagaon,Normal/Others,NA - Construction of toilet blocks,DEPUTY COMMISSIONER NOWGONG_IDA,2024-01-24,Action Pending,250000,Unsanctioned
MPLADS-004913,Pradyut Bordoloi,Lok Sabha,Assam,NOWGONG,,,Nagaon,Town Nagaon,Normal/Others,NA - Installing community drinking water plants,DEPUTY COMMISSIONER NOWGONG_IDA,2024-01-24,Action Pending,300000,Unsanctioned
MPLADS-004914,Pradyut Bordoloi,Lok Sabha,Assam,NOWGONG,,,Nagaon,Town Nagaon,Normal/Others,NA - Construction of rooms and halls in school and colleges,DEPUTY COMMISSIONER NOWGONG_IDA,2024-01-24,Action Pending,400000,Unsanctioned
MPLADS-004915,Pradyut Bordoloi,Lok Sabha,Assam,NOWGONG,,,Nagaon,Town Nagaon,Normal/Others,NA - Construction of community centers and community halls,DEPUTY COMMISSIONER NOWGONG_IDA,2024-01-24,Action Pending,250000,Unsanctioned
MPLADS-004916,Pradyut Bordoloi,Lok Sabha,Assam,NOWGONG,,,Nagaon,Town Nagaon,Normal/Others,NA - Construction of boundary walls of existing public and community buildings,DEPUTY COMMISSIONER NOWGONG_IDA,2024-01-24,Rejected by IDA,300000,Unsanctioned
MPLADS-004967,Pradyut Bordoloi,Lok Sabha,Assam,NOWGONG,,,Nagaon,Barhampur Grant,Normal/Others,NA - Construction of rooms and halls in school and colleges,DEPUTY COMMISSIONER NOWGONG_IDA,2024-01-24,Action Pending,500000,Unsanctioned
MPLADS-004989,Pradyut Bordoloi,Lok Sabha,Assam,NOWGONG,,,Nagaon,Kachamari Pathar,Normal/Others,NA - Construction of boundary walls of existing public and community buildings,DEPUTY COMMISSIONER NOWGONG_IDA,2024-01-24,Rejected by IDA,300000,Unsanctioned
MPLADS-005006,Pradyut Bordoloi,Lok Sabha,Assam,NOWGONG,,,Nagaon,Kachamari Pathar,Normal/Others,NA - Crematoriums or structures on burial/ cremation ground for public convenience,DEPUTY COMMISSIONER NOWGONG_IDA,2024-01-24,Action Pending,250000,Unsanctioned
MPLADS-005033,SHRI Kamakhya Prasad Tasa,Rajya Sabha,Assam,Sitting Rajya Sabha,,,Jorhat East,Dulia Gaon,Normal/Others,NA - Construction of community centers and community halls,DEPUTY COMMISSIONER JORHAT_IDA,2024-01-24,Action Pending,1500000,Unsanctioned
MPLADS-005038,SHRI Kamakhya Prasad Tasa,Rajya Sabha,Assam,Sitting Rajya Sabha,,,Titabor,Balijan Gaon,Normal/Others,NA - Construction of public libraries and reading rooms,DEPUTY COMMISSIONER JORHAT_IDA,2024-01-24,Action Pending,1146000,Unsanctioned
MPLADS-005039,SHRI Kamakhya Prasad Tasa,Rajya Sabha,Assam,Sitting Rajya Sabha,,,Teok,Meteli Gaon,Normal/Others,NA - Construction of community centers and community halls,DEPUTY COMMISSIONER JORHAT_IDA,2024-01-24,Action Pending,1500000,Unsanctioned
MPLADS-005040,SHRI Kamakhya Prasad Tasa,Rajya Sabha,Assam,Sitting Rajya Sabha,,,Mariani,Deberapar Gaon,Normal/Others,NA - Construction of community centers and community halls,DEPUTY COMMISSIONER JORHAT_IDA,2024-01-24,Action Pending,500000,Unsanctioned
MPLADS-005041,SHRI Kamakhya Prasad Tasa,Rajya Sabha,Assam,Sitting Rajya Sabha,,,Jorhat East,Cinnamara Grant (Og),Normal/Others,NA - Construction of community centers and community halls,DEPUTY COMMISSIONER JORHAT_IDA,2024-01-24,Action Pending,1000000,Unsanctioned
MPLADS-005042,SHRI Kamakhya Prasad Tasa,Rajya Sabha,Assam,Sitting Rajya Sabha,,,Jorhat East,Bali Chapari Gaon,Normal/Others,NA - Construction of community centers and community halls,DEPUTY COMMISSIONER JORHAT_IDA,2024-01-24,Action Pending,500000,Unsanctioned
MPLADS-005043,SHRI Kamakhya Prasad Tasa,Rajya Sabha,Assam,Sitting Rajya Sabha,,,Nazira,Sontok Grant,Normal/Others,NA - Construction of community centers and community halls,Deputy Commissioner Sivsagar_IDA,2024-01-24,Action Pending,1000000,Unsanctioned
MPLADS-005045,SHRI Kamakhya Prasad Tasa,Rajya Sabha,Assam,Sitting Rajya Sabha,Jorhat,13,,,Normal/Others,NA - Construction of community centers and community halls,DEPUTY COMMISSIONER JORHAT_IDA,2024-01-24,Action Pending,1000000,Unsanctioned
MPLADS-005046,SHRI Kamakhya Prasad Tasa,Rajya Sabha,Assam,Sitting Rajya Sabha,,,Jorhat West,Sarbaibandha (Og),Normal/Others,NA - Construction of community centers and community halls,DEPUTY COMMISSIONER JORHAT_IDA,2024-01-24,Action Pending,900000,Unsanctioned
MPLADS-005118,Pradyut Bordoloi,Lok Sabha,Assam,NOWGONG,,,Nagaon,Barhampur Grant,Normal/Others,NA - Construction of community centers and community halls,DEPUTY COMMISSIONER NOWGONG_IDA,2024-01-24,Action Pending,300000,Unsanctioned
MPLADS-005214,Pallab Lochan Das,Lok Sabha,Assam,TEZPUR,,,Tezpur,Da-Gaon Pukhuria,Normal/Others,NA - Construction of community centers and community halls,DEPUTY COMMISSIONER SONITPUR_IDA,2024-01-23,Action Pending,500000,Unsanctioned
MPLADS-005216,SHRI Kamakhya Prasad Tasa,Rajya Sabha,Assam,Sitting Rajya Sabha,,,Nazira,Nimaigorh Habi,Normal/Others,NA - Construction of boundary walls of existing public and community buildings,Deputy Commissioner Sivsagar_IDA,2024-01-23,Action Pending,500000,Unsanctioned
MPLADS-005217,Pallab Lochan Das,Lok Sabha,Assam,TEZPUR,Rangapara,Ward No. 7,,,Normal/Others,NA - Construction of additional rooms and halls in the existing public and community building,DEPUTY COMMISSIONER SONITPUR_IDA,2024-01-23,Action Pending,500000,Unsanctioned
MPLADS-005218,Pallab Lochan Das,Lok Sabha,Assam,TEZPUR,,,Tezpur,Niz-Haleswar,Normal/Others,NA - Construction of community centers and community halls,DEPUTY COMMISSIONER SONITPUR_IDA,2024-01-23,Action Pending,250000,Unsanctioned
MPLADS-005219,Pallab Lochan Das,Lok Sabha,Assam,TEZPUR,,,Tezpur,Niz-Haleswar,Normal/Others,NA - construction of staircase/ stair ghat for public convenience,DEPUTY COMMISSIONER SONITPUR_IDA,2024-01-23,Action Pending,500000,Unsanctioned
MPLADS-005220,Pallab Lochan Das,Lok Sabha,Assam,TEZPUR,,,Tezpur,Kali Bari Rajah Chahar,Normal/Others,NA - Construction of community centers and community halls,DEPUTY COMMISSIONER SONITPUR_IDA,2024-01-23,Action Pending,500000,Unsanctioned
MPLADS-005221,Pallab Lochan Das,Lok Sabha,Assam,TEZPUR,,,Tezpur,Na-Pam Gaon,Normal/Others,NA - Construction of community centers and community halls,DEPUTY COMMISSIONER SONITPUR_IDA,2024-01-23,Action Pending,500000,Unsanctioned
MPLADS-005222,Pallab Lochan Das,Lok Sabha,Assam,TEZPUR,,,Tezpur,Saru Pakhiajhar,Normal/Others,NA - Construction of community centers and community halls,DEPUTY COMMISSIONER SONITPUR_IDA,2024-01-23,Action Pending,500000,Unsanctioned
MPLADS-005223,Pallab Lochan Das,Lok Sabha,Assam,TEZPUR,,,Tezpur,Majgaon (Ct),Normal/Others,NA - Construction of community centers and community halls,DEPUTY COMMISSIONER SONITPUR_IDA,2024-01-23,Action Pending,500000,Unsanctioned
MPLADS-005224,Pallab Lochan Das,Lok Sabha,Assam,TEZPUR,,,Tezpur,Deori Gaon (Og),Normal/Others,NA - Construction of community centers and community halls,DEPUTY COMMISSIONER SONITPUR_IDA,2024-01-23,Action Pending,500000,Unsanctioned
MPLADS-005225,Pallab Lochan Das,Lok Sabha,Assam,TEZPUR,,,Tezpur,Parbatia Gaon (Og),Normal/Others,NA - Construction of community centers and community halls,DEPUTY COMMISSIONER SONITPUR_IDA,2024-01-23,Action Pending,500000,Unsanctioned
MPLADS-005226,Pallab Lochan Das,Lok Sabha,Assam,TEZPUR,,,Tezpur,Da-Gaon Pukhuria,Normal/Others,NA - Construction of community centers and community halls,DEPUTY COMMISSIONER SONITPUR_IDA,2024-01-23,Action Pending,500000,Unsanctioned
MPLADS-005227,Pallab Lochan Das,Lok Sabha,Assam,TEZPUR,,,Tezpur,Dipotahat Khola,Normal/Others,NA - Construction of community centers and community halls,DEPUTY COMMISSIONER SONITPUR_IDA,2024-01-23,Action Pending,500000,Unsanctioned
MPLADS-005228,Pallab Lochan Das,Lok Sabha,Assam,TEZPUR,,,Tezpur,Gatanga Kahdol,Normal/Others,NA - Crematoriums or structures on burial/ cremation ground for public convenience,DEPUTY COMMISSIONER SONITPUR_IDA,2024-01-23,Action Pending,500000,Unsanctioned
MPLADS-005229,Pallab Lochan Das,Lok Sabha,Assam,TEZPUR,,,Tezpur,Goroi Mari Borpukhuri,Normal/Others,NA - Construction of community centers and community halls,DEPUTY COMMISSIONER SONITPUR_IDA,2024-01-23,Action Pending,500000,Unsanctioned
MPLADS-005230,Pallab Lochan Das,Lok Sabha,Assam,TEZPUR,,,Tezpur,Saikia Chuburi Dekar Gaon,Normal/Others,NA - Construction of community centers and community halls,DEPUTY COMMISSIONER SONITPUR_IDA,2024-01-23,Action Pending,500000,Unsanctioned
MPLADS-005231,Pallab Lochan Das,Lok Sabha,Assam,TEZPUR,,,Tezpur,Kataki Chuburi,Normal/Others,NA - Construction of community centers and community halls,DEPUTY COMMISSIONER SONITPUR_IDA,2024-01-23,Action Pending,500000,Unsanctioned
MPLADS-005232,Pallab Lochan Das,Lok Sabha,Assam,TEZPUR,Rangapara,Ward No. 7,,,Normal/Others,NA - Construction of community centers and community halls,DEPUTY COMMISSIONER SONITPUR_IDA,2024-01-23,Action Pending,1000000,Unsanctioned
MPLADS-005233,Pallab Lochan Das,Lok Sabha,Assam,TEZPUR,,,Chariduar,Bindukuri T.E. No.1,Normal/Others,NA - Construction of community centers and community halls,DEPUTY COMMISSIONER SONITPUR_IDA,2024-01-23,Action Pending,500000,Unsanctioned
MPLADS-005234,Pallab Lochan Das,Lok Sabha,Assam,TEZPUR,,,Chariduar,No.2 Sonajuli T E,Normal/Others,NA - Construction of rooms and halls in school and colleges,DEPUTY COMMISSIONER SONITPUR_IDA,2024-01-23,Action Pending,500000,Unsanctioned
MPLADS-005243,Pallab Lochan Das,Lok Sabha,Assam,TEZPUR,,,Chariduar,Gor Mara Gaon,Normal/Others,NA - Construction of community centers and community halls,DEPUTY COMMISSIONER SONITPUR_IDA,2024-01-23,Action Pending,500000,Unsanctioned
MPLADS-005250,Pallab Lochan Das,Lok Sabha,Assam,TEZPUR,,,Tezpur,Saikia Chuburi Teleria,Normal/Others,NA - Construction of community centers and community halls,DEPUTY COMMISSIONER SONITPUR_IDA,2024-01-23,Action Pending,500000,Unsanctioned
MPLADS-005251,Pallab Lochan Das,Lok Sabha,Assam,TEZPUR,,,Tezpur,Khola Guti Kachari Gaon,Normal/Others,NA - Construction of community centers and community halls,DEPUTY COMMISSIONER SONITPUR_IDA,2024-01-23,Action Pending,500000,Unsanctioned
MPLADS-005252,Pallab Lochan Das,Lok Sabha,Assam,TEZPUR,,,Tezpur,Da-Parbatia Gaon,Normal/Others,NA - Construction of community centers and community halls,DEPUTY COMMISSIONER SONITPUR_IDA,2024-01-23,Action Pending,500000,Unsanctioned
MPLADS-005261,Pallab Lochan Das,Lok Sabha,Assam,TEZPUR,Tezpur,Ward No 15,,,Normal/Others,NA - Construction of community centers and community halls,DEPUTY COMMISSIONER SONITPUR_IDA,2024-01-23,Action Pending,500000,Unsanctioned
MPLADS-005266,SHRI Kamakhya Prasad Tasa,Rajya Sabha,Assam,Sitting Rajya Sabha,,,Bokakhat,Borjuri Gaon,Normal/Others,NA - Construction of community centers and community halls,Deputy Commissioner Golaghat_IDA,2024-01-23,Action Pending,800000,Unsanctioned
MPLADS-005267,SHRI Kamakhya Prasad Tasa,Rajya Sabha,Assam,Sitting Rajya Sabha,,,Bokakhat,Diring T.E.,Normal/Others,NA - Construction of buildings for sports facilities,Deputy Commissioner Golaghat_IDA,2024-01-23,Action Pending,800000,Unsanctioned
MPLADS-005268,Horen Sing Bey,Lok Sabha,Assam,AUTONOMOUS DISTRICT(ST),,,Diphu,Central Range Diphu,Normal/Others,NA - Purchase of furniture and fixtures for educational purposes,DEPUTY COMMISSIONER KARBI ANGLONG_IDA,2024-01-23,Action Pending,25000000,Unsanctioned
MPLADS-005269,Pallab Lochan Das,Lok Sabha,Assam,TEZPUR,Tezpur,Ward No 8,,,Normal/Others,NA - Construction of additional rooms and halls in the existing public and community building,DEPUTY COMMISSIONER SONITPUR_IDA,2024-01-23,Action Pending,1000000,Unsanctioned
MPLADS-005270,Pallab Lochan Das,Lok Sabha,Assam,TEZPUR,,,Tezpur,Hari Gaon,Normal/Others,NA - Construction of community centers and community halls,DEPUTY COMMISSIONER SONITPUR_IDA,2024-01-23,Action Pending,500000,Unsanctioned
MPLADS-005271,Pallab Lochan Das,Lok Sabha,Assam,TEZPUR,Tezpur,Ward No. 3,,,Normal/Others,NA - Construction of community centers and community halls,DEPUTY COMMISSIONER SONITPUR_IDA,2024-01-23,Action Pending,500000,Unsanctioned
MPLADS-005272,Pallab Lochan Das,Lok Sabha,Assam,TEZPUR,,,Tezpur,Hari Gaon,Normal/Others,NA - Construction of community centers and community halls,DEPUTY COMMISSIONER SONITPUR_IDA,2024-01-23,Action Pending,500000,Unsanctioned
MPLADS-005273,Pallab Lochan Das,Lok Sabha,Assam,TEZPUR,,,Tezpur,Hari Gaon,Normal/Others,NA - Construction of community centers and community halls,DEPUTY COMMISSIONER SONITPUR_IDA,2024-01-23,Action Pending,500000,Unsanctioned
MPLADS-005275,Pallab Lochan Das,Lok Sabha,Assam,TEZPUR,Tezpur,Ward No. 1,,,Normal/Others,NA - Construction of boundary walls of existing public and community buildings,DEPUTY COMMISSIONER SONITPUR_IDA,2024-01-23,Action Pending,500000,Unsanctioned
MPLADS-005276,Pallab Lochan Das,Lok Sabha,Assam,TEZPUR,Tezpur,Ward No. 6,,,Normal/Others,NA - Construction of additional rooms and halls in the existing public and community building,DEPUTY COMMISSIONER SONITPUR_IDA,2024-01-23,Action Pending,500000,Unsanctioned
MPLADS-005277,Pallab Lochan Das,Lok Sabha,Assam,TEZPUR,Tezpur,Ward No. 8,,,Normal/Others,NA - Construction of community centers and community halls,DEPUTY COMMISSIONER SONITPUR_IDA,2024-01-23,Action Pending,500000,Unsanctioned
MPLADS-005278,Pallab Lochan Das,Lok Sabha,Assam,TEZPUR,Tezpur,Ward No. 4,,,Normal/Others,NA - Construction of boundary walls of existing public and community buildings,DEPUTY COMMISSIONER SONITPUR_IDA,2024-01-23,Action Pending,500000,Unsanctioned
MPLADS-005279,Pallab Lochan Das,Lok Sabha,Assam,TEZPUR,Tezpur,Ward No. 13,,,Normal/Others,NA - Construction of community centers and community halls,DEPUTY COMMISSIONER SONITPUR_IDA,2024-01-23,Action Pending,500000,Unsanctioned
MPLADS-005280,Pallab Lochan Das,Lok Sabha,Assam,TEZPUR,Tezpur,Ward No. 17,,,Normal/Others,NA - Construction of community centers and community halls,DEPUTY COMMISSIONER SONITPUR_IDA,2024-01-23,Action Pending,500000,Unsanctioned
MPLADS-005281,Pallab Lochan Das,Lok Sabha,Assam,TEZPUR,Tezpur,Ward No. 17,,,Normal/Others,NA - Construction of community centers and community halls,DEPUTY COMMISSIONER SONITPUR_IDA,2024-01-23,Action Pending,500000,Unsanctioned
MPLADS-005282,Pallab Lochan Das,Lok Sabha,Assam,TEZPUR,Tezpur,Ward No. 18,,,Normal/Others,NA - Construction of community centers and community halls,DEPUTY COMMISSIONER SONITPUR_IDA,2024-01-23,Action Pending,500000,Unsanctioned
MPLADS-005283,Pallab Lochan Das,Lok Sabha,Assam,TEZPUR,Tezpur,Ward No 19,,,Normal/Others,NA - Construction of community centers and community halls,DEPUTY COMMISSIONER SONITPUR_IDA,2024-01-23,Action Pending,500000,Unsanctioned
MPLADS-005284,Pallab Lochan Das,Lok Sabha,Assam,TEZPUR,Tezpur,Ward No. 12,,,Normal/Others,NA - Construction of additional rooms and halls in the existing public and community building,DEPUTY COMMISSIONER SONITPUR_IDA,2024-01-23,Action Pending,500000,Unsanctioned
MPLADS-005285,Pallab Lochan Das,Lok Sabha,Assam,TEZPUR,Tezpur,Ward No. 7,,,Normal/Others,NA - Construction of community centers and community halls,DEPUTY COMMISSIONER SONITPUR_IDA,2024-01-23,Action Pending,500000,Unsanctioned
MPLADS-005286,Pallab Lochan Das,Lok Sabha,Assam,TEZPUR,,,Chariduar,Ghoramari Bura Gaon,Normal/Others,NA - Construction of community centers and community halls,DEPUTY COMMISSIONER SONITPUR_IDA,2024-01-23,Action Pending,500000,Unsanctioned
MPLADS-005287,Pallab Lochan Das,Lok Sabha,Assam,TEZPUR,,,Chariduar,Balapara (A) No.1,Normal/Others,NA - Construction of community centers and community halls,DEPUTY COMMISSIONER SONITPUR_IDA,2024-01-23,Action Pending,500000,Unsanctioned
MPLADS-005288,Pallab Lochan Das,Lok Sabha,Assam,TEZPUR,,,Chariduar,Phulbari T.E.,Repair and Renovation,NA - Construction of community centers and community halls,DEPUTY COMMISSIONER SONITPUR_IDA,2024-01-23,Action Pending,250000,Unsanctioned
MPLADS-005324,Pallab Lochan Das,Lok Sabha,Assam,TEZPUR,,,Chariduar,Baitha Bhanga Gaon,Normal/Others,NA - Construction of community centers and community halls,DEPUTY COMMISSIONER SONITPUR_IDA,2024-01-23,Action Pending,500000,Unsanctioned
MPLADS-005358,SHRI Kamakhya Prasad Tasa,Rajya Sabha,Assam,Sitting Rajya Sabha,,,Khumtai,Borpholong Habi,Normal/Others,NA - Construction of community centers and community halls,Deputy Commissioner Golaghat_IDA,2024-01-23,Action Pending,500000,Unsanctioned
MPLADS-005360,SHRI Kamakhya Prasad Tasa,Rajya Sabha,Assam,Sitting Rajya Sabha,Dhing,3,,,Normal/Others,NA - Construction of rooms and halls in school and colleges,DEPUTY COMMISSIONER NOWGONG_IDA,2024-01-23,Action Pending,1000000,Unsanctioned
MPLADS-005391,SHRI Kamakhya Prasad Tasa,Rajya Sabha,Assam,Sitting Rajya Sabha,,,Golaghat,Banua Tangia,Normal/Others,NA - Construction of shelters for animals,Deputy Commissioner Golaghat_IDA,2024-01-23,Action Pending,1000000,Unsanctioned
MPLADS-005393,SHRI Kamakhya Prasad Tasa,Rajya Sabha,Assam,Sitting Rajya Sabha,Dhing,4,,,Normal/Others,NA - Construction of community centers and community halls,DEPUTY COMMISSIONER NOWGONG_IDA,2024-01-23,Action Pending,1500000,Unsanctioned
MPLADS-005518,SHRI Kamakhya Prasad Tasa,Rajya Sabha,Assam,Sitting Rajya Sabha,,,Dimow,Rajabari Bagisa,Normal/Others,NA - Construction of community centers and community halls,Deputy Commissioner Sivsagar_IDA,2024-01-22,Action Pending,1000000,Unsanctioned
MPLADS-005678,SHRI Kamakhya Prasad Tasa,Rajya Sabha,Assam,Sitting Rajya Sabha,,,Titabor,No.44 Turung Grant,Normal/Others,NA - Construction of community centers and community halls,DEPUTY COMMISSIONER JORHAT_IDA,2024-01-21,Action Pending,1000000,Unsanctioned
MPLADS-005679,SHRI Kamakhya Prasad Tasa,Rajya Sabha,Assam,Sitting Rajya Sabha,,,Biswanath,Salai Khati,Normal/Others,NA - Construction of common work sheds/ common covered sitting area,Deputy Commissioner Biswanath_IDA,2024-01-21,Action Pending,1000000,Unsanctioned
MPLADS-005680,SHRI Kamakhya Prasad Tasa,Rajya Sabha,Assam,Sitting Rajya Sabha,,,Titabor,Karangakhat Gaon,Normal/Others,NA - Construction of community centers and community halls,DEPUTY COMMISSIONER JORHAT_IDA,2024-01-21,Action Pending,650000,Unsanctioned
MPLADS-005681,SHRI Kamakhya Prasad Tasa,Rajya Sabha,Assam,Sitting Rajya Sabha,,,Jorhat East,Koibarta Gaon,Normal/Others,NA - Construction of community centers and community halls,DEPUTY COMMISSIONER JORHAT_IDA,2024-01-21,Action Pending,1000000,Unsanctioned
MPLADS-005684,SHRI Kamakhya Prasad Tasa,Rajya Sabha,Assam,Sitting Rajya Sabha,,,Mariani,Darikial Gaon,Normal/Others,NA - Construction of boundary walls of existing public and community buildings,DEPUTY COMMISSIONER JORHAT_IDA,2024-01-21,Action Pending,400000,Unsanctioned
MPLADS-005685,SHRI Kamakhya Prasad Tasa,Rajya Sabha,Assam,Sitting Rajya Sabha,,,Kadam,Dakhin Rupahi,Normal/Others,NA - Construction of buildings for training institutions,DEPUTY COMMISSIONER LAKHIMPUR_IDA,2024-01-21,Action Pending,1000000,Unsanctioned
MPLADS-005686,SHRI Kamakhya Prasad Tasa,Rajya Sabha,Assam,Sitting Rajya Sabha,,,Jorhat East,Gajpuria Gaon,Normal/Others,NA - Construction of community centers and community halls,DEPUTY COMMISSIONER JORHAT_IDA,2024-01-21,Action Pending,1000000,Unsanctioned
MPLADS-005687,SHRI Kamakhya Prasad Tasa,Rajya Sabha,Assam,Sitting Rajya Sabha,,,Mariani,Duklangia (Doklongia Habi Gaon),Normal/Others,NA - Construction of buildings for training institutions,DEPUTY COMMISSIONER JORHAT_IDA,2024-01-21,Action Pending,500000,Unsanctioned
MPLADS-005688,SHRI Kamakhya Prasad Tasa,Rajya Sabha,Assam,Sitting Rajya Sabha,,,Mariani,Duklangia (Doklongia Habi Gaon),Normal/Others,NA - Construction of community centers and community halls,DEPUTY COMMISSIONER JORHAT_IDA,2024-01-21,Action Pending,500000,Unsanctioned
MPLADS-005689,SHRI Kamakhya Prasad Tasa,Rajya Sabha,Assam,Sitting Rajya Sabha,,,Dimow,Amulaguri Bagisa,Normal/Others,NA - Construction of public libraries and reading rooms,Deputy Commissioner Sivsagar_IDA,2024-01-21,Action Pending,1000000,Unsanctioned
MPLADS-005690,SHRI Kamakhya Prasad Tasa,Rajya Sabha,Assam,Sitting Rajya Sabha,,,Jorhat East,Kumar Gaon,Repair and Renovation,NA - Construction of buildings for community cultural activities,DEPUTY COMMISSIONER JORHAT_IDA,2024-01-21,Action Pending,1500000,Unsanctioned
MPLADS-005691,SHRI Kamakhya Prasad Tasa,Rajya Sabha,Assam,Sitting Rajya Sabha,,,Jorhat East,Hatigarh Grant,Normal/Others,NA - Construction of buildings for training institutions,DEPUTY COMMISSIONER JORHAT_IDA,2024-01-21,Action Pending,1000000,Unsanctioned
MPLADS-005692,SHRI Kamakhya Prasad Tasa,Rajya Sabha,Assam,Sitting Rajya Sabha,,,Teok,Meleng Grant Gaon,Normal/Others,NA - Construction of community centers and community halls,DEPUTY COMMISSIONER JORHAT_IDA,2024-01-21,Action Pending,1000000,Unsanctioned
MPLADS-005706,Pradyut Bordoloi,Lok Sabha,Assam,NOWGONG,,,Nagaon,Barhampur Grant,Normal/Others,"NA - Construction of roads, link roads, pathways or any other road with or without drainage system",DEPUTY COMMISSIONER NOWGONG_IDA,2024-01-21,Action Pending,1000000,Unsanctioned
MPLADS-005731,SHRI Kamakhya Prasad Tasa,Rajya Sabha,Assam,Sitting Rajya Sabha,,,Jorhat West,Charaibahi Gaon,Normal/Others,NA - Construction of water tanks,DEPUTY COMMISSIONER JORHAT_IDA,2024-01-21,Action Pending,250000,Unsanctioned
MPLADS-005744,SHRI Kamakhya Prasad Tasa,Rajya Sabha,Assam,Sitting Rajya Sabha,,,Jorhat East,Hatigarh Grant,Normal/Others,NA - Construction of community centers and community halls,DEPUTY COMMISSIONER JORHAT_IDA,2024-01-21,Action Pending,700000,Unsanctioned
MPLADS-005745,SHRI Kamakhya Prasad Tasa,Rajya Sabha,Assam,Sitting Rajya Sabha,,,Mariani,Mautjoli Gaon,Normal/Others,NA - Construction of community centers and community halls,DEPUTY COMMISSIONER JORHAT_IDA,2024-01-21,Action Pending,1000000,Unsanctioned
MPLADS-005746,SHRI Kamakhya Prasad Tasa,Rajya Sabha,Assam,Sitting Rajya Sabha,,,Jorhat East,Duliapam Gaon,Normal/Others,NA - Construction of buildings for sports facilities,DEPUTY COMMISSIONER JORHAT_IDA,2024-01-21,Action Pending,1500000,Unsanctioned
MPLADS-005755,SHRI Kamakhya Prasad Tasa,Rajya Sabha,Assam,Sitting Rajya Sabha,,,Teok,Mahera Gaon,Normal/Others,NA - Construction of boundary walls of existing public and community buildings,DEPUTY COMMISSIONER JORHAT_IDA,2024-01-21,Action Pending,500000,Unsanctioned
MPLADS-006101,Shri Abdul Khaleque ,Lok Sabha,Assam,BARPETA,,,Bajali (Pt),Bar Manikpur,Normal/Others,NA - Crematoriums or structures on burial/ cremation ground for public convenience,Deputy Commissioner BAJALI_IDA,2024-01-19,Action Pending,300000,Unsanctioned
MPLADS-006102,Shri Naba (Hira) Kumar Sarania ,Lok Sabha,Assam,KOKRAJHAR (ST),,,Barnagar (Pt),Uttar Ganakguri,Normal/Others,"NA - Construction of roads, link roads, pathways or any other road with or without drainage system",DEPUTY COMMISSIONER BARPETA_IDA,2024-01-19,Action Pending,800000,Unsanctioned
MPLADS-006108,Shri Naba (Hira) Kumar Sarania ,Lok Sabha,Assam,KOKRAJHAR (ST),,,Barnagar (Pt),Niz Damaka,Normal/Others,"NA - Construction of roads, link roads, pathways or any other road with or without drainage system",DEPUTY COMMISSIONER BARPETA_IDA,2024-01-19,Action Pending,900000,Unsanctioned
MPLADS-006109,Shri Naba (Hira) Kumar Sarania ,Lok Sabha,Assam,KOKRAJHAR (ST),,,Barnagar (Pt),Niz Damaka,Normal/Others,"NA - Construction of roads, link roads, pathways or any other road with or without drainage system",DEPUTY COMMISSIONER BARPETA_IDA,2024-01-19,Action Pending,1000000,Unsanctioned
MPLADS-006111,Shri Naba (Hira) Kumar Sarania ,Lok Sabha,Assam,KOKRAJHAR (ST),,,Barnagar (Pt),Domani Gaon,Normal/Others,"NA - Construction of roads, link roads, pathways or any other road with or without drainage system",DEPUTY COMMISSIONER BARPETA_IDA,2024-01-19,Action Pending,900000,Unsanctioned
MPLADS-006115,Shri Naba (Hira) Kumar Sarania ,Lok Sabha,Assam,KOKRAJHAR (ST),,,Barnagar (Pt),Katajar Pathar,Normal/Others,"NA - Construction of roads, link roads, pathways or any other road with or without drainage system",DEPUTY COMMISSIONER BARPETA_IDA,2024-01-19,Action Pending,800000,Unsanctioned
MPLADS-006118,Shri Naba (Hira) Kumar Sarania ,Lok Sabha,Assam,KOKRAJHAR (ST),,,Barnagar (Pt),Katajar Pathar,Normal/Others,"NA - Construction of roads, link roads, pathways or any other road with or without drainage system",DEPUTY COMMISSIONER BARPETA_IDA,2024-01-19,Action Pending,900000,Unsanctioned
MPLADS-006121,Shri Naba (Hira) Kumar Sarania ,Lok Sabha,Assam,KOKRAJHAR (ST),,,Barnagar (Pt),Gella Para,Normal/Others,"NA - Construction of roads, link roads, pathways or any other road with or without drainage system",DEPUTY COMMISSIONER BARPETA_IDA,2024-01-19,Action Pending,800000,Unsanctioned
MPLADS-006152,Shri Naba (Hira) Kumar Sarania ,Lok Sabha,Assam,KOKRAJHAR (ST),,,Barnagar (Pt),Keteki Bari,Normal/Others,"NA - Construction of roads, link roads, pathways or any other road with or without drainage system",DEPUTY COMMISSIONER BARPETA_IDA,2024-01-19,Action Pending,800000,Unsanctioned
MPLADS-006153,Shri Naba (Hira) Kumar Sarania ,Lok Sabha,Assam,KOKRAJHAR (ST),,,Barnagar (Pt),Katajar Pathar,Normal/Others,"NA - Construction of roads, link roads, pathways or any other road with or without drainage system",DEPUTY COMMISSIONER BARPETA_IDA,2024-01-19,Action Pending,800000,Unsanctioned
MPLADS-006156,Shri Naba (Hira) Kumar Sarania ,Lok Sabha,Assam,KOKRAJHAR (ST),,,Barnagar (Pt),Kamar Gaon,Normal/Others,"NA - Construction of roads, link roads, pathways or any other road with or without drainage system",DEPUTY COMMISSIONER BARPETA_IDA,2024-01-19,Action Pending,800000,Unsanctioned
MPLADS-006157,Shri Naba (Hira) Kumar Sarania ,Lok Sabha,Assam,KOKRAJHAR (ST),,,Barnagar (Pt),Kamar Gaon,Normal/Others,"NA - Construction of roads, link roads, pathways or any other road with or without drainage system",DEPUTY COMMISSIONER BARPETA_IDA,2024-01-19,Action Pending,800000,Unsanctioned
MPLADS-006158,Shri Naba (Hira) Kumar Sarania ,Lok Sabha,Assam,KOKRAJHAR (ST),,,Barnagar (Pt),Kalbari,Normal/Others,"NA - Construction of roads, link roads, pathways or any other road with or without drainage system",DEPUTY COMMISSIONER BARPETA_IDA,2024-01-19,Action Pending,700000,Unsanctioned
MPLADS-006233,SHRI Kamakhya Prasad Tasa,Rajya Sabha,Assam,Sitting Rajya Sabha,,,Dibrugarh West,Dhakeri Gaon,Normal/Others,NA - Construction of community centers and community halls,DEPUTY COMMISSIONER DIBRUGARH_IDA,2024-01-19,Action Pending,1500000,Unsanctioned
MPLADS-006276,Shri Naba (Hira) Kumar Sarania ,Lok Sabha,Assam,KOKRAJHAR (ST),,,Kokrajhar,Dimalgaon,Normal/Others,NA - Development of public parks,DEPUTY COMMISSIONER KOKRAJHAR_IDA,2024-01-18,Action Pending,300000,Unsanctioned
MPLADS-006277,Shri Naba (Hira) Kumar Sarania ,Lok Sabha,Assam,KOKRAJHAR (ST),,,Barama Pt,Alagjhar,Normal/Others,"NA - Construction of roads, link roads, pathways or any other road with or without drainage system",DEPUTY COMMISSIONER BAKSA_IDA,2024-01-18,Action Pending,1200000,Unsanctioned
MPLADS-006278,Shri Naba (Hira) Kumar Sarania ,Lok Sabha,Assam,KOKRAJHAR (ST),,,Barama Pt,Batachara,Normal/Others,NA - Construction of culverts and bridges,DEPUTY COMMISSIONER BAKSA_IDA,2024-01-18,Action Pending,1200000,Unsanctioned
MPLADS-006279,Shri Naba (Hira) Kumar Sarania ,Lok Sabha,Assam,KOKRAJHAR (ST),,,Baska,Barimakha,Normal/Others,"NA - Construction of roads, link roads, pathways or any other road with or without drainage system",DEPUTY COMMISSIONER BAKSA_IDA,2024-01-18,Action Pending,1200000,Unsanctioned
MPLADS-006291,Shri Naba (Hira) Kumar Sarania ,Lok Sabha,Assam,KOKRAJHAR (ST),,,Baska,Tupalia,Normal/Others,"NA - Construction of roads, link roads, pathways or any other road with or without drainage system",DEPUTY COMMISSIONER BAKSA_IDA,2024-01-18,Action Pending,1200000,Unsanctioned
MPLADS-006624,Shri Naba (Hira) Kumar Sarania ,Lok Sabha,Assam,KOKRAJHAR (ST),,,Baska,Tupalia,Normal/Others,"NA - Construction of roads, link roads, pathways or any other road with or without drainage system",DEPUTY COMMISSIONER BAKSA_IDA,2024-01-18,Action Pending,1200000,Unsanctioned
MPLADS-006746,Queen Oja,Lok Sabha,Assam,GUWAHATI,,,Boko,Mugakhol,Normal/Others,"NA - Construction of roads, link roads, pathways or any other road with or without drainage system",DEPUTY COMMISSIONER KAMRUP_IDA,2024-01-17,Action Pending,2500000,Unsanctioned
MPLADS-007608,Shri Abdul Khaleque ,Lok Sabha,Assam,BARPETA,,,Srijangram,Merer Char,Normal/Others,NA - Construction of boundary walls of existing public and community buildings,Deputy Commissioner Bongaigaon_IDA,2024-01-13,Action Pending,250000,Unsanctioned
MPLADS-007705,Shri Abdul Khaleque ,Lok Sabha,Assam,BARPETA,,,Srijangram,Nararvita Pt IV,Normal/Others,NA - Construction of rooms and halls in school and colleges,Deputy Commissioner Bongaigaon_IDA,2024-01-13,Action Pending,300000,Unsanctioned
MPLADS-007706,Shri Abdul Khaleque ,Lok Sabha,Assam,BARPETA,,,Barpeta,Kujarpith,Normal/Others,"NA - Construction of roads, approach roads, link roads and pathways",DEPUTY COMMISSIONER BARPETA_IDA,2024-01-13,Action Pending,700000,Unsanctioned
MPLADS-007707,Shri Abdul Khaleque ,Lok Sabha,Assam,BARPETA,,,Baghbor,Gurala,Normal/Others,NA - Construction of buildings for community cultural activities,DEPUTY COMMISSIONER BARPETA_IDA,2024-01-13,Action Pending,400000,Unsanctioned
MPLADS-007708,Shri Abdul Khaleque ,Lok Sabha,Assam,BARPETA,,,Baghbor,Tetelirtol,Normal/Others,"NA - Construction of Government office buildings (Post office, Police station, Police chauki, etc.)",DEPUTY COMMISSIONER BARPETA_IDA,2024-01-13,Action Pending,400000,Unsanctioned
MPLADS-007709,Shri Abdul Khaleque ,Lok Sabha,Assam,BARPETA,,,Barpeta,Itarbheta,Normal/Others,NA - Construction of rooms and halls in school and colleges,DEPUTY COMMISSIONER BARPETA_IDA,2024-01-13,Action Pending,400000,Unsanctioned
MPLADS-007710,Shri Abdul Khaleque ,Lok Sabha,Assam,BARPETA,,,Kalgachia,Sawrachar Gaon(Sewrachera Gaon,Normal/Others,"NA - Construction of roads, link roads, pathways or any other road with or without drainage system",DEPUTY COMMISSIONER BARPETA_IDA,2024-01-13,Action Pending,250000,Unsanctioned
MPLADS-007711,Shri Abdul Khaleque ,Lok Sabha,Assam,BARPETA,,,Baghbor,Lurfuria,Normal/Others,NA - Crematoriums or structures on burial/ cremation ground for public convenience,DEPUTY COMMISSIONER BARPETA_IDA,2024-01-13,Rejected by IDA,250000,Unsanctioned
MPLADS-007718,SHRI Kamakhya Prasad Tasa,Rajya Sabha,Assam,Sitting Rajya Sabha,Jorhat,4,,,Normal/Others,NA - Construction of community centers and community halls,DEPUTY COMMISSIONER JORHAT_IDA,2024-01-13,Action Pending,3000000,Unsanctioned
MPLADS-007719,SHRI Kamakhya Prasad Tasa,Rajya Sabha,Assam,Sitting Rajya Sabha,Barpeta,9,,,Normal/Others,NA - Construction of rooms and halls in school and colleges,DEPUTY COMMISSIONER BARPETA_IDA,2024-01-13,Action Pending,500000,Unsanctioned
MPLADS-007863,Shri Abdul Khaleque ,Lok Sabha,Assam,BARPETA,,,Barnagar (Pt),Hala Pakuri,Normal/Others,"NA - Construction of roads, link roads, pathways or any other road with or without drainage system",DEPUTY COMMISSIONER BARPETA_IDA,2024-01-13,Action Pending,400000,Unsanctioned
MPLADS-007987,Shri Abdul Khaleque ,Lok Sabha,Assam,BARPETA,,,Pachim Nalbari,Belsor (Ct),Normal/Others,"NA - Construction of roads, link roads, pathways or any other road with or without drainage system",DEPUTY COMMISSIONER NALBARI_IDA,2024-01-12,Action Pending,500000,Unsanctioned
MPLADS-007988,Shri Abdul Khaleque ,Lok Sabha,Assam,BARPETA,,,Kalgachia,Khar Balli,Normal/Others,"NA - Construction of roads, link roads, pathways or any other road with or without drainage system",DEPUTY COMMISSIONER BARPETA_IDA,2024-01-12,Action Pending,600000,Unsanctioned
MPLADS-007989,Shri Abdul Khaleque ,Lok Sabha,Assam,BARPETA,,,Pachim Nalbari,Belsor (Ct),Normal/Others,NA - Street lights,DEPUTY COMMISSIONER NALBARI_IDA,2024-01-12,Action Pending,500000,Unsanctioned
MPLADS-007990,Shri Abdul Khaleque ,Lok Sabha,Assam,BARPETA,Barpeta,09,,,Normal/Others,"NA - Construction of roads, link roads, pathways or any other road with or without drainage system",DEPUTY COMMISSIONER BARPETA_IDA,2024-01-12,Action Pending,900000,Unsanctioned
MPLADS-007991,Shri Abdul Khaleque ,Lok Sabha,Assam,BARPETA,,,Balijana,Nun Khawa Pt-I,Normal/Others,NA - Street lights,Deputy Commissioner Goalpara_IDA,2024-01-12,Action Pending,400000,Unsanctioned
MPLADS-007992,Shri Abdul Khaleque ,Lok Sabha,Assam,BARPETA,,,Srijangram,Chakla Pt II,Normal/Others,"NA - Construction of roads, link roads, pathways or any other road with or without drainage system",Deputy Commissioner Bongaigaon_IDA,2024-01-12,Action Pending,400000,Unsanctioned
MPLADS-008690,Pallab Lochan Das,Lok Sabha,Assam,TEZPUR,Tezpur,16,,,Normal/Others,NA - Construction of community centers and community halls,DEPUTY COMMISSIONER SONITPUR_IDA,2024-01-09,Action Pending,1000000,Unsanctioned
MPLADS-008861,Dilip Saikia,Lok Sabha,Assam,MANGALDOI,,,Pathorighat (Pt),Kumarpara,Normal/Others,NA - Construction of buildings for community cultural activities,DEPUTY COMMISSIONER DARRANG_IDA,2024-01-08,Action Pending,200000,Unsanctioned
MPLADS-008862,Dilip Saikia,Lok Sabha,Assam,MANGALDOI,,,Mangaldoi (Pt),Gerimari Chapori (Ct),Normal/Others,NA - Construction of boundary walls of existing public and community buildings,DEPUTY COMMISSIONER DARRANG_IDA,2024-01-08,Action Pending,200000,Unsanctioned
MPLADS-008863,Dilip Saikia,Lok Sabha,Assam,MANGALDOI,,,Sipajhar,Hazarikapara,Normal/Others,NA - Construction of buildings for community cultural activities,DEPUTY COMMISSIONER DARRANG_IDA,2024-01-08,Action Pending,250000,Unsanctioned
MPLADS-008864,Maulana Ajmal Badruddin,Lok Sabha,Assam,DHUBRI,,,Bilasipara Pt,Pasuarkhal Pt.Ii,Normal/Others,WS/MP534/2023-2024/77506 - Construction of boundary walls of existing public and community buildings,DEPUTY COMMISSIONER DHUBRI_IDA,2024-01-08,Approved by IDA,432180,Sanctioned
MPLADS-008865,Maulana Ajmal Badruddin,Lok Sabha,Assam,DHUBRI,,,Golakganj Pt,Dafarpur,Normal/Others,WS/MP534/2023-2024/77498 - Construction of common work sheds/ common covered sitting area,DEPUTY COMMISSIONER DHUBRI_IDA,2024-01-08,Approved by IDA,382200,Sanctioned
MPLADS-008866,Maulana Ajmal Badruddin,Lok Sabha,Assam,DHUBRI,,,Dhubri,Alomganj Pt.I,Normal/Others,WS/MP534/2023-2024/77497 - Construction of community centers and community halls,DEPUTY COMMISSIONER DHUBRI_IDA,2024-01-08,Approved by IDA,2304960,Sanctioned
MPLADS-008867,Maulana Ajmal Badruddin,Lok Sabha,Assam,DHUBRI,,,Dhubri,Durahati,Normal/Others,WS/MP534/2023-2024/77495 - Construction of rooms and halls in school and colleges,DEPUTY COMMISSIONER DHUBRI_IDA,2024-01-08,Approved by IDA,480200,Sanctioned
MPLADS-009026,Dilip Saikia,Lok Sabha,Assam,MANGALDOI,,,Pathorighat (Pt),Kaljuri,Normal/Others,NA - Construction of additional rooms and halls in the existing public and community building,DEPUTY COMMISSIONER DARRANG_IDA,2024-01-07,Action Pending,200000,Unsanctioned
MPLADS-009029,Dilip Saikia,Lok Sabha,Assam,MANGALDOI,,,Pathorighat (Pt),Outala (Outala Grant),Normal/Others,NA - Construction of additional rooms and halls in the existing public and community building,DEPUTY COMMISSIONER DARRANG_IDA,2024-01-07,Action Pending,200000,Unsanctioned
MPLADS-009030,Dilip Saikia,Lok Sabha,Assam,MANGALDOI,,,Pathorighat (Pt),Barkala Khas,Normal/Others,NA - Construction of additional rooms and halls in the existing public and community building,DEPUTY COMMISSIONER DARRANG_IDA,2024-01-07,Action Pending,200000,Unsanctioned
MPLADS-009031,Dilip Saikia,Lok Sabha,Assam,MANGALDOI,,,Pathorighat (Pt),Kaith Para,Normal/Others,NA - Construction of additional rooms and halls in the existing public and community building,DEPUTY COMMISSIONER DARRANG_IDA,2024-01-07,Action Pending,200000,Unsanctioned
MPLADS-009032,Dilip Saikia,Lok Sabha,Assam,MANGALDOI,,,Mangaldoi (Pt),Gadhiapara,Normal/Others,NA - Crematoriums or structures on burial/ cremation ground for public convenience,DEPUTY COMMISSIONER DARRANG_IDA,2024-01-07,Action Pending,200000,Unsanctioned
MPLADS-009033,Dilip Saikia,Lok Sabha,Assam,MANGALDOI,,,Khoirabari,Dewripara,Normal/Others,NA - Construction of boundary walls of existing public and community buildings,DEPUTY COMMISSIONER Udalguri_IDA,2024-01-07,Action Pending,200000,Unsanctioned
MPLADS-009034,Dilip Saikia,Lok Sabha,Assam,MANGALDOI,,,Goreswar (Pt),No.2 Goreswar (Ct),Normal/Others,NA - Construction of additional rooms and halls in the existing public and community building,DEPUTY COMMISSIONER BAKSA_IDA,2024-01-07,Action Pending,200000,Unsanctioned
MPLADS-009035,Dilip Saikia,Lok Sabha,Assam,MANGALDOI,,,Goreswar (Pt),Roumari No.2,Normal/Others,NA - Construction of boundary walls of existing public and community buildings,DEPUTY COMMISSIONER BAKSA_IDA,2024-01-07,Action Pending,200000,Unsanctioned
MPLADS-009036,Dilip Saikia,Lok Sabha,Assam,MANGALDOI,,,Udalguri,Bandarguri No.1,Normal/Others,NA - Construction of additional rooms and halls in the existing public and community building,DEPUTY COMMISSIONER Udalguri_IDA,2024-01-07,Action Pending,250000,Unsanctioned
MPLADS-009037,Dilip Saikia,Lok Sabha,Assam,MANGALDOI,,,Mazbat,Habigaon,Normal/Others,NA - Construction of additional rooms and halls in the existing public and community building,DEPUTY COMMISSIONER Udalguri_IDA,2024-01-07,Action Pending,200000,Unsanctioned
MPLADS-009038,Dilip Saikia,Lok Sabha,Assam,MANGALDOI,,,Dalgaon (Pt),No.2 Barjhar,Normal/Others,NA - Construction of buildings for community cultural activities,DEPUTY COMMISSIONER DARRANG_IDA,2024-01-07,Action Pending,250000,Unsanctioned
MPLADS-009039,Dilip Saikia,Lok Sabha,Assam,MANGALDOI,,,Dalgaon (Pt),Dalgaon Town,Normal/Others,NA - Construction of additional rooms and halls in the existing public and community building,DEPUTY COMMISSIONER DARRANG_IDA,2024-01-07,Action Pending,200000,Unsanctioned
MPLADS-009041,Dilip Saikia,Lok Sabha,Assam,MANGALDOI,,,Mangaldoi (Pt),Naharbari,Normal/Others,NA - Construction of additional rooms and halls in the existing public and community building,DEPUTY COMMISSIONER DARRANG_IDA,2024-01-07,Action Pending,200000,Unsanctioned
MPLADS-009042,Dilip Saikia,Lok Sabha,Assam,MANGALDOI,,,Mangaldoi (Pt),Kowar Para,Normal/Others,NA - Construction of additional rooms and halls in the existing public and community building,DEPUTY COMMISSIONER DARRANG_IDA,2024-01-07,Action Pending,200000,Unsanctioned
MPLADS-009099,Dilip Saikia,Lok Sabha,Assam,MANGALDOI,,,Sipajhar,Satkhali,Normal/Others,NA - Construction of boundary walls of existing public and community buildings,DEPUTY COMMISSIONER DARRANG_IDA,2024-01-07,Action Pending,200000,Unsanctioned
MPLADS-009117,Dilip Saikia,Lok Sabha,Assam,MANGALDOI,Mangaldoi,1,,,Normal/Others,NA - Construction of additional rooms and halls in the existing public and community building,DEPUTY COMMISSIONER DARRANG_IDA,2024-01-07,Action Pending,300000,Unsanctioned
MPLADS-009118,Dilip Saikia,Lok Sabha,Assam,MANGALDOI,,,Mazbat,Sonajuli,Normal/Others,NA - Construction of boundary walls of existing public and community buildings,DEPUTY COMMISSIONER Udalguri_IDA,2024-01-07,Action Pending,250000,Unsanctioned
MPLADS-009119,Dilip Saikia,Lok Sabha,Assam,MANGALDOI,,,Udalguri,Udmari,Normal/Others,NA - Construction of boundary walls of existing public and community buildings,DEPUTY COMMISSIONER Udalguri_IDA,2024-01-07,Action Pending,400000,Unsanctioned
MPLADS-009152,Dilip Saikia,Lok Sabha,Assam,MANGALDOI,,,Harisinga,Uttar Naobandha,Normal/Others,NA - Construction of additional rooms and halls in the existing public and community building,DEPUTY COMMISSIONER Udalguri_IDA,2024-01-07,Action Pending,200000,Unsanctioned
MPLADS-009187,Dilip Saikia,Lok Sabha,Assam,MANGALDOI,,,Harisinga,Orangajuli T.E.,Normal/Others,NA - Construction of additional rooms and halls in the existing public and community building,DEPUTY COMMISSIONER Udalguri_IDA,2024-01-07,Action Pending,250000,Unsanctioned
MPLADS-009188,Dilip Saikia,Lok Sabha,Assam,MANGALDOI,,,Mazbat,Phuluguri,Normal/Others,NA - Crematoriums or structures on burial/ cremation ground for public convenience,DEPUTY COMMISSIONER Udalguri_IDA,2024-01-07,Action Pending,200000,Unsanctioned
MPLADS-009189,Dilip Saikia,Lok Sabha,Assam,MANGALDOI,,,Khoirabari,Khairabari Town,Normal/Others,NA - Construction of boundary walls of existing public and community buildings,DEPUTY COMMISSIONER Udalguri_IDA,2024-01-07,Action Pending,300000,Unsanctioned
MPLADS-009190,Dilip Saikia,Lok Sabha,Assam,MANGALDOI,,,Koya,Pitambar Hat Bajali,Normal/Others,NA - Construction of additional rooms and halls in the existing public and community building,DEPUTY COMMISSIONER KAMRUP_IDA,2024-01-07,Action Pending,200000,Unsanctioned
MPLADS-009191,Dilip Saikia,Lok Sabha,Assam,MANGALDOI,,,Koya,Pitambar Hat Bajali,Normal/Others,NA - Construction of additional rooms and halls in the existing public and community building,DEPUTY COMMISSIONER KAMRUP_IDA,2024-01-07,Action Pending,200000,Unsanctioned
MPLADS-009192,Dilip Saikia,Lok Sabha,Assam,MANGALDOI,Udalguri,1,,,Normal/Others,NA - Construction of boundary walls of existing public and community buildings,DEPUTY COMMISSIONER Udalguri_IDA,2024-01-07,Action Pending,200000,Unsanctioned
MPLADS-009193,Dilip Saikia,Lok Sabha,Assam,MANGALDOI,,,Kalaigaon,Kalitapara,Normal/Others,NA - Construction of additional rooms and halls in the existing public and community building,DEPUTY COMMISSIONER Udalguri_IDA,2024-01-07,Action Pending,250000,Unsanctioned
MPLADS-009194,Dilip Saikia,Lok Sabha,Assam,MANGALDOI,,,Kamalpur,Barhata,Normal/Others,NA - Construction of additional rooms and halls in the existing public and community building,DEPUTY COMMISSIONER KAMRUP_IDA,2024-01-07,Action Pending,250000,Unsanctioned
MPLADS-009195,Dilip Saikia,Lok Sabha,Assam,MANGALDOI,Kharupatia,7,,,Normal/Others,NA - Construction of additional rooms and halls in the existing public and community building,DEPUTY COMMISSIONER DARRANG_IDA,2024-01-07,Action Pending,200000,Unsanctioned
MPLADS-009196,Dilip Saikia,Lok Sabha,Assam,MANGALDOI,,,Rangia Pt,Makundapur,Normal/Others,NA - Construction of boundary walls of existing public and community buildings,DEPUTY COMMISSIONER KAMRUP_IDA,2024-01-07,Action Pending,200000,Unsanctioned
MPLADS-009197,Dilip Saikia,Lok Sabha,Assam,MANGALDOI,,,Goreswar (Pt),Garogaon,Normal/Others,NA - Construction of boundary walls of existing public and community buildings,DEPUTY COMMISSIONER BAKSA_IDA,2024-01-07,Action Pending,200000,Unsanctioned
MPLADS-009198,Dilip Saikia,Lok Sabha,Assam,MANGALDOI,,,Koya,Loch,Normal/Others,NA - Construction of rooms and halls in school and colleges,DEPUTY COMMISSIONER KAMRUP_IDA,2024-01-07,Action Pending,300000,Unsanctioned
MPLADS-009199,Dilip Saikia,Lok Sabha,Assam,MANGALDOI,,,Goreswar (Pt),Maharipara,Normal/Others,NA - Construction of buildings for community cultural activities,DEPUTY COMMISSIONER BAKSA_IDA,2024-01-07,Action Pending,200000,Unsanctioned
MPLADS-009200,Dilip Saikia,Lok Sabha,Assam,MANGALDOI,,,Pathorighat (Pt),Jhakuapara,Normal/Others,NA - Construction of additional rooms and halls in the existing public and community building,DEPUTY COMMISSIONER DARRANG_IDA,2024-01-07,Action Pending,200000,Unsanctioned
MPLADS-009201,Dilip Saikia,Lok Sabha,Assam,MANGALDOI,,,Khoirabari,Bar-Tangla,Normal/Others,NA - Construction of buildings for community cultural activities,DEPUTY COMMISSIONER Udalguri_IDA,2024-01-07,Action Pending,200000,Unsanctioned
MPLADS-009202,Dilip Saikia,Lok Sabha,Assam,MANGALDOI,,,Harisinga,No.1 Sonajuli (Sohajuli),Normal/Others,NA - Construction of buildings for community cultural activities,DEPUTY COMMISSIONER Udalguri_IDA,2024-01-07,Action Pending,200000,Unsanctioned
MPLADS-009203,Dilip Saikia,Lok Sabha,Assam,MANGALDOI,,,Pathorighat (Pt),Bheruadal,Normal/Others,NA - Construction of additional rooms and halls in the existing public and community building,DEPUTY COMMISSIONER DARRANG_IDA,2024-01-07,Action Pending,200000,Unsanctioned
MPLADS-009204,Dilip Saikia,Lok Sabha,Assam,MANGALDOI,Rangia,4,,,Normal/Others,NA - Construction of buildings for community cultural activities,DEPUTY COMMISSIONER KAMRUP_IDA,2024-01-07,Action Pending,200000,Unsanctioned
MPLADS-009206,Dilip Saikia,Lok Sabha,Assam,MANGALDOI,,,Khoirabari,Harsapara,Normal/Others,NA - Crematoriums or structures on burial/ cremation ground for public convenience,DEPUTY COMMISSIONER Udalguri_IDA,2024-01-07,Action Pending,200000,Unsanctioned
MPLADS-009207,Dilip Saikia,Lok Sabha,Assam,MANGALDOI,,,Mazbat,Khamtoubari No.2,Normal/Others,NA - Construction of additional rooms and halls in the existing public and community building,DEPUTY COMMISSIONER Udalguri_IDA,2024-01-07,Action Pending,200000,Unsanctioned
MPLADS-009209,Dilip Saikia,Lok Sabha,Assam,MANGALDOI,,,Kamalpur,Palara,Normal/Others,NA - Construction of additional rooms and halls in the existing public and community building,DEPUTY COMMISSIONER KAMRUP_IDA,2024-01-07,Action Pending,200000,Unsanctioned
MPLADS-009210,Dilip Saikia,Lok Sabha,Assam,MANGALDOI,,,Kamalpur,Jalimura,Normal/Others,NA - Construction of buildings for community cultural activities,DEPUTY COMMISSIONER KAMRUP_IDA,2024-01-07,Action Pending,200000,Unsanctioned
MPLADS-009212,Dilip Saikia,Lok Sabha,Assam,MANGALDOI,,,Kamalpur,Sundarisal,Normal/Others,NA - Construction of buildings for community cultural activities,DEPUTY COMMISSIONER KAMRUP_IDA,2024-01-07,Action Pending,200000,Unsanctioned
MPLADS-009213,Dilip Saikia,Lok Sabha,Assam,MANGALDOI,,,Kamalpur,Baihata,Normal/Others,NA - Construction of additional rooms and halls in the existing public and community building,DEPUTY COMMISSIONER KAMRUP_IDA,2024-01-07,Action Pending,300000,Unsanctioned
MPLADS-009214,Dilip Saikia,Lok Sabha,Assam,MANGALDOI,,,Kamalpur,Gopeswar,Normal/Others,NA - Construction of additional rooms and halls in the existing public and community building,DEPUTY COMMISSIONER KAMRUP_IDA,2024-01-07,Action Pending,250000,Unsanctioned
MPLADS-009215,Dilip Saikia,Lok Sabha,Assam,MANGALDOI,Tangla,4,,,Normal/Others,NA - Construction of additional rooms and halls in the existing public and community building,DEPUTY COMMISSIONER Udalguri_IDA,2024-01-07,Action Pending,300000,Unsanctioned
MPLADS-009216,Dilip Saikia,Lok Sabha,Assam,MANGALDOI,,,Harisinga,Dakhin Geruajhar,Normal/Others,NA - Construction of additional rooms and halls in the existing public and community building,DEPUTY COMMISSIONER Udalguri_IDA,2024-01-07,Action Pending,250000,Unsanctioned
MPLADS-009217,Dilip Saikia,Lok Sabha,Assam,MANGALDOI,,,Harisinga,No.1 Niz Geruajhar,Normal/Others,NA - Construction of boundary walls of existing public and community buildings,DEPUTY COMMISSIONER Udalguri_IDA,2024-01-07,Action Pending,200000,Unsanctioned
MPLADS-009218,Dilip Saikia,Lok Sabha,Assam,MANGALDOI,,,Harisinga,Tarabari,Normal/Others,NA - Construction of boundary walls of existing public and community buildings,DEPUTY COMMISSIONER Udalguri_IDA,2024-01-07,Action Pending,200000,Unsanctioned
MPLADS-009234,Dilip Saikia,Lok Sabha,Assam,MANGALDOI,,,Pathorighat (Pt),Bheruadal,Normal/Others,NA - Construction of additional rooms and halls in the existing public and community building,DEPUTY COMMISSIONER DARRANG_IDA,2024-01-07,Action Pending,200000,Unsanctioned
MPLADS-009237,Dilip Saikia,Lok Sabha,Assam,MANGALDOI,,,Koya,Tulsibari,Normal/Others,NA - Construction of additional rooms and halls in the existing public and community building,DEPUTY COMMISSIONER KAMRUP_IDA,2024-01-07,Action Pending,300000,Unsanctioned
MPLADS-009238,Dilip Saikia,Lok Sabha,Assam,MANGALDOI,Udalguri,4,,,Normal/Others,NA - Construction of boundary walls of existing public and community buildings,DEPUTY COMMISSIONER Udalguri_IDA,2024-01-07,Action Pending,250000,Unsanctioned
MPLADS-009239,Dilip Saikia,Lok Sabha,Assam,MANGALDOI,,,Mazbat,No.2 Betibari T.E.,Normal/Others,NA - Construction of additional rooms and halls in the existing public and community building,DEPUTY COMMISSIONER Udalguri_IDA,2024-01-07,Action Pending,200000,Unsanctioned
MPLADS-009240,Dilip Saikia,Lok Sabha,Assam,MANGALDOI,,,Harisinga,Barangabari,Normal/Others,NA - Construction of buildings for community cultural activities,DEPUTY COMMISSIONER Udalguri_IDA,2024-01-07,Action Pending,200000,Unsanctioned
MPLADS-009241,Dilip Saikia,Lok Sabha,Assam,MANGALDOI,,,Harisinga,Murmela,Normal/Others,NA - Construction of boundary walls of existing public and community buildings,DEPUTY COMMISSIONER Udalguri_IDA,2024-01-07,Action Pending,200000,Unsanctioned
MPLADS-009242,Dilip Saikia,Lok Sabha,Assam,MANGALDOI,,,Khoirabari,Bar-Tangla,Normal/Others,NA - Construction of buildings for community cultural activities,DEPUTY COMMISSIONER Udalguri_IDA,2024-01-07,Action Pending,200000,Unsanctioned
MPLADS-009243,Dilip Saikia,Lok Sabha,Assam,MANGALDOI,,,Goreswar (Pt),Barphukan Khat,Normal/Others,NA - Construction of buildings for community cultural activities,DEPUTY COMMISSIONER BAKSA_IDA,2024-01-07,Action Pending,200000,Unsanctioned
MPLADS-009244,Dilip Saikia,Lok Sabha,Assam,MANGALDOI,,,Kamalpur,Baro Gaon (Bara Gog),Normal/Others,NA - Construction of boundary walls of existing public and community buildings,DEPUTY COMMISSIONER KAMRUP_IDA,2024-01-07,Action Pending,200000,Unsanctioned
MPLADS-009245,Dilip Saikia,Lok Sabha,Assam,MANGALDOI,,,Rangia Pt,Athara,Normal/Others,NA - Construction of boundary walls of existing public and community buildings,DEPUTY COMMISSIONER KAMRUP_IDA,2024-01-07,Action Pending,200000,Unsanctioned
MPLADS-009246,Dilip Saikia,Lok Sabha,Assam,MANGALDOI,,,Udalguri,Nalkhamara,Normal/Others,NA - Construction of additional rooms and halls in the existing public and community building,DEPUTY COMMISSIONER Udalguri_IDA,2024-01-07,Action Pending,200000,Unsanctioned
MPLADS-009247,Dilip Saikia,Lok Sabha,Assam,MANGALDOI,,,Pathorighat (Pt),Barbari,Normal/Others,NA - Construction of additional rooms and halls in the existing public and community building,DEPUTY COMMISSIONER DARRANG_IDA,2024-01-07,Action Pending,200000,Unsanctioned
MPLADS-009726,Gaurav Gogoi,Lok Sabha,Assam,KALIABOR,,,Samaguri,Magurmati,Normal/Others,NA - Construction of community centers and community halls,DEPUTY COMMISSIONER NOWGONG_IDA,2024-01-05,Action Pending,100000,Unsanctioned
MPLADS-010684,Sh Teli Rameswar,Lok Sabha,Assam,DIBRUGARH,,,Moran,Sensuwa Pukhuri Gaon,Normal/Others,NA - Construction of buildings for community cultural activities,DEPUTY COMMISSIONER DIBRUGARH_IDA,2024-01-02,Action Pending,500000,Unsanctioned
MPLADS-010685,Shri Naba (Hira) Kumar Sarania ,Lok Sabha,Assam,KOKRAJHAR (ST),,,Dotoma,Ramfalbil,Normal/Others,NA - Construction of community centers and community halls,DEPUTY COMMISSIONER KOKRAJHAR_IDA,2024-01-02,Action Pending,300000,Unsanctioned
MPLADS-010686,Sh Teli Rameswar,Lok Sabha,Assam,DIBRUGARH,,,Moran,Moran Town (Ct),Normal/Others,NA - Construction of buildings for community cultural activities,DEPUTY COMMISSIONER DIBRUGARH_IDA,2024-01-02,Action Pending,1000000,Unsanctioned
MPLADS-010687,Sh Teli Rameswar,Lok Sabha,Assam,DIBRUGARH,,,Moran,Haladhi Bari Na-Gaon,Normal/Others,NA - Construction of buildings for community cultural activities,DEPUTY COMMISSIONER DIBRUGARH_IDA,2024-01-02,Action Pending,1000000,Unsanctioned
MPLADS-010688,Sh Teli Rameswar,Lok Sabha,Assam,DIBRUGARH,,,Moran,Moran Chah Co.140/168 No Fs Grant,Normal/Others,NA - Construction of buildings for community cultural activities,DEPUTY COMMISSIONER DIBRUGARH_IDA,2024-01-02,Action Pending,1500000,Unsanctioned
MPLADS-010689,Sh Teli Rameswar,Lok Sabha,Assam,DIBRUGARH,,,Moran,Rangchali Gaon,Normal/Others,NA - Construction of boundary walls of existing public and community buildings,DEPUTY COMMISSIONER DIBRUGARH_IDA,2024-01-02,Action Pending,500000,Unsanctioned
MPLADS-010690,Sh Teli Rameswar,Lok Sabha,Assam,DIBRUGARH,,,Moran,Dalanikur Gaon (Dalanikur Kuma,Normal/Others,NA - Construction of buildings for community cultural activities,DEPUTY COMMISSIONER DIBRUGARH_IDA,2024-01-02,Action Pending,1000000,Unsanctioned
MPLADS-010702,Sh Teli Rameswar,Lok Sabha,Assam,DIBRUGARH,,,Moran,Haladhi Bari Na-Gaon,Normal/Others,NA - Construction of buildings for community cultural activities,DEPUTY COMMISSIONER DIBRUGARH_IDA,2024-01-02,Action Pending,1000000,Unsanctioned
MPLADS-010703,Sh Teli Rameswar,Lok Sabha,Assam,DIBRUGARH,,,Margherita,Ledo Namdang Gaon,Repair and Renovation,NA - Development of public parks,Deputy Commissioner Tinsukia_IDA,2024-01-02,Action Pending,500000,Unsanctioned
MPLADS-011009,Maulana Ajmal Badruddin,Lok Sabha,Assam,DHUBRI,,,Mankachar,Jhagrarchar Pt.I,Normal/Others,"NA - Construction of roads, approach roads, link roads and pathways",Deputy Commissioner South Salmara Mankachar_IDA,2023-12-31,Action Pending,576240,Unsanctioned
MPLADS-011014,Maulana Ajmal Badruddin,Lok Sabha,Assam,DHUBRI,,,Mankachar,Mankachar Part-I,Normal/Others,"NA - Construction of roads, approach roads, link roads and pathways",Deputy Commissioner South Salmara Mankachar_IDA,2023-12-31,Action Pending,768320,Unsanctioned
MPLADS-011016,Maulana Ajmal Badruddin,Lok Sabha,Assam,DHUBRI,,,Mankachar,Jhawdanga Pt.Iii,Normal/Others,"NA - Construction of roads, approach roads, link roads and pathways",Deputy Commissioner South Salmara Mankachar_IDA,2023-12-31,Action Pending,576240,Unsanctioned
MPLADS-011025,Maulana Ajmal Badruddin,Lok Sabha,Assam,DHUBRI,,,Mankachar,Kanaimara Pt.I,Normal/Others,"NA - Construction of roads, approach roads, link roads and pathways",Deputy Commissioner South Salmara Mankachar_IDA,2023-12-31,Action Pending,480200,Unsanctioned
MPLADS-011028,Maulana Ajmal Badruddin,Lok Sabha,Assam,DHUBRI,Goalpara,Gossaidubi,,,Normal/Others,"NA - Construction of roads, approach roads, link roads and pathways",Deputy Commissioner Goalpara_IDA,2023-12-31,Action Pending,1440600,Unsanctioned
MPLADS-011029,Maulana Ajmal Badruddin,Lok Sabha,Assam,DHUBRI,,,South Salmara,Monirchar,Normal/Others,NA - Construction of rooms and halls in school and colleges,Deputy Commissioner South Salmara Mankachar_IDA,2023-12-31,Action Pending,384160,Unsanctioned
MPLADS-011030,Maulana Ajmal Badruddin,Lok Sabha,Assam,DHUBRI,,,South Salmara,Baladoba,Normal/Others,NA - Construction of boundary walls of existing public and community buildings,Deputy Commissioner South Salmara Mankachar_IDA,2023-12-31,Action Pending,384160,Unsanctioned
MPLADS-011031,Maulana Ajmal Badruddin,Lok Sabha,Assam,DHUBRI,,,South Salmara,Pata Kata,Normal/Others,NA - Construction of common work sheds/ common covered sitting area,Deputy Commissioner South Salmara Mankachar_IDA,2023-12-31,Action Pending,384160,Unsanctioned
MPLADS-011049,Maulana Ajmal Badruddin,Lok Sabha,Assam,DHUBRI,,,South Salmara,Khopati Pt.I,Normal/Others,NA - Construction of boundary walls of existing public and community buildings,Deputy Commissioner South Salmara Mankachar_IDA,2023-12-31,Action Pending,384160,Unsanctioned
MPLADS-011053,Maulana Ajmal Badruddin,Lok Sabha,Assam,DHUBRI,,,Mankachar,Chotoharipur,Normal/Others,NA - Construction of boundary walls of existing public and community buildings,Deputy Commissioner South Salmara Mankachar_IDA,2023-12-31,Action Pending,480200,Unsanctioned
MPLADS-011054,Maulana Ajmal Badruddin,Lok Sabha,Assam,DHUBRI,,,Mankachar,Fulerchar Pt.I,Normal/Others,"NA - Construction of roads, approach roads, link roads and pathways",Deputy Commissioner South Salmara Mankachar_IDA,2023-12-31,Action Pending,960400,Unsanctioned
MPLADS-011083,Maulana Ajmal Badruddin,Lok Sabha,Assam,DHUBRI,,,South Salmara,Char Bastir Char,Normal/Others,NA - Construction of rooms and halls in school and colleges,Deputy Commissioner South Salmara Mankachar_IDA,2023-12-31,Action Pending,384160,Unsanctioned
MPLADS-012008,Maulana Ajmal Badruddin,Lok Sabha,Assam,DHUBRI,,,Dhubri,Naichardhup,Normal/Others,"WS/MP534/2023-2024/70251 - Construction of roads, approach roads, link roads and pathways",DEPUTY COMMISSIONER DHUBRI_IDA,2023-12-27,Approved by IDA,240100,Sanctioned
MPLADS-012012,Maulana Ajmal Badruddin,Lok Sabha,Assam,DHUBRI,,,Golakganj Pt,Uzanpetla Pt.I,Normal/Others,WS/MP534/2023-2024/70380 - Construction of culverts and bridges,DEPUTY COMMISSIONER DHUBRI_IDA,2023-12-27,Approved by IDA,288120,Sanctioned
MPLADS-012013,Maulana Ajmal Badruddin,Lok Sabha,Assam,DHUBRI,,,Dhubri,Borokalia Sharsho,Normal/Others,"WS/MP534/2023-2024/70371 - Construction of roads, approach roads, link roads and pathways",DEPUTY COMMISSIONER DHUBRI_IDA,2023-12-27,Approved by IDA,480200,Sanctioned
MPLADS-012014,Maulana Ajmal Badruddin,Lok Sabha,Assam,DHUBRI,,,Dhubri,Borokalia Nashkara,Normal/Others,WS/MP534/2023-2024/70367 - Construction of flood control embankments,DEPUTY COMMISSIONER DHUBRI_IDA,2023-12-27,Approved by IDA,1470000,Sanctioned
MPLADS-012015,Maulana Ajmal Badruddin,Lok Sabha,Assam,DHUBRI,,,Dhubri,Gossaidubi,Normal/Others,WS/MP534/2023-2024/70302 - Construction of rooms and halls in school and colleges,DEPUTY COMMISSIONER DHUBRI_IDA,2023-12-27,Approved by IDA,230300,Sanctioned
MPLADS-012016,Maulana Ajmal Badruddin,Lok Sabha,Assam,DHUBRI,,,Dhubri,Nilokhia Pt.I,Normal/Others,WS/MP534/2023-2024/70280 - Construction of rooms and halls in school and colleges,DEPUTY COMMISSIONER DHUBRI_IDA,2023-12-27,Approved by IDA,230300,Sanctioned
MPLADS-012017,Maulana Ajmal Badruddin,Lok Sabha,Assam,DHUBRI,,,Dhubri,Monirchar Pt.I,Normal/Others,WS/MP534/2023-2024/70277 - Construction of rooms and halls in school and colleges,DEPUTY COMMISSIONER DHUBRI_IDA,2023-12-27,Approved by IDA,249900,Sanctioned
MPLADS-012018,Maulana Ajmal Badruddin,Lok Sabha,Assam,DHUBRI,,,Dhubri,Birsing Pt.I,Normal/Others,WS/MP534/2023-2024/70275 - Construction of rooms and halls in school and colleges,DEPUTY COMMISSIONER DHUBRI_IDA,2023-12-27,Approved by IDA,230300,Sanctioned
MPLADS-012019,Maulana Ajmal Badruddin,Lok Sabha,Assam,DHUBRI,,,Dhubri,Chala Kura Pt I,Normal/Others,WS/MP534/2023-2024/70254 - Construction of rooms and halls in school and colleges,DEPUTY COMMISSIONER DHUBRI_IDA,2023-12-27,Approved by IDA,230300,Sanctioned
MPLADS-012071,Sh Teli Rameswar,Lok Sabha,Assam,DIBRUGARH,,,Dibrugarh West,Sessa T.E. 14/153 Orr Grant,Normal/Others,NA - Construction of buildings for sports facilities,DEPUTY COMMISSIONER DIBRUGARH_IDA,2023-12-27,Action Pending,500000,Unsanctioned
MPLADS-012072,Sh Teli Rameswar,Lok Sabha,Assam,DIBRUGARH,,,Dibrugarh West,Lakai Gaon,Normal/Others,NA - Construction of community centers and community halls,DEPUTY COMMISSIONER DIBRUGARH_IDA,2023-12-27,Action Pending,200000,Unsanctioned
MPLADS-012300,Sh Teli Rameswar,Lok Sabha,Assam,DIBRUGARH,,,Dibrugarh West,Jokai Kachari Gaon F.V.,Normal/Others,NA - Construction of buildings for community cultural activities,DEPUTY COMMISSIONER DIBRUGARH_IDA,2023-12-27,Action Pending,700000,Unsanctioned
MPLADS-012327,Maulana Ajmal Badruddin,Lok Sabha,Assam,DHUBRI,,,Dhubri,Patakata Pt.Ii,Normal/Others,"WS/MP534/2023-2024/70250 - Construction of roads, approach roads, link roads and pathways",DEPUTY COMMISSIONER DHUBRI_IDA,2023-12-27,Approved by IDA,240100,Sanctioned
MPLADS-012328,Sh Teli Rameswar,Lok Sabha,Assam,DIBRUGARH,,,Dibrugarh West,Changmai Garia Gaon,Normal/Others,NA - Construction of boundary walls of existing public and community buildings,DEPUTY COMMISSIONER DIBRUGARH_IDA,2023-12-27,Action Pending,500000,Unsanctioned
MPLADS-012329,Sh Teli Rameswar,Lok Sabha,Assam,DIBRUGARH,,,Dibrugarh West,Dulia Gaon,Normal/Others,NA - Construction of community centers and community halls,DEPUTY COMMISSIONER DIBRUGARH_IDA,2023-12-27,Action Pending,400000,Unsanctioned
MPLADS-012362,Sh Teli Rameswar,Lok Sabha,Assam,DIBRUGARH,,,Dibrugarh West,Mankata T.E. 1/159 Rra (A),Normal/Others,NA - Crematoriums or structures on burial/ cremation ground for public convenience,DEPUTY COMMISSIONER DIBRUGARH_IDA,2023-12-27,Action Pending,600000,Unsanctioned
MPLADS-012364,Sh Teli Rameswar,Lok Sabha,Assam,DIBRUGARH,,,Dibrugarh West,Dihing Khamtighat Gaon,Normal/Others,NA - Construction of boundary walls of existing public and community buildings,DEPUTY COMMISSIONER DIBRUGARH_IDA,2023-12-27,Action Pending,400000,Unsanctioned
MPLADS-012380,Sh Teli Rameswar,Lok Sabha,Assam,DIBRUGARH,,,Dibrugarh West,Lakai Gaon,Normal/Others,NA - Construction of water tanks,DEPUTY COMMISSIONER DIBRUGARH_IDA,2023-12-27,Action Pending,200000,Unsanctioned
MPLADS-012395,Maulana Ajmal Badruddin,Lok Sabha,Assam,DHUBRI,,,Chapar Pt,Dhirerchar Pt.I,Normal/Others,WS/MP534/2023-2024/69734 - Construction of flood control embankments,DEPUTY COMMISSIONER DHUBRI_IDA,2023-12-26,Approved by IDA,431200,Sanctioned
MPLADS-012396,Maulana Ajmal Badruddin,Lok Sabha,Assam,DHUBRI,,,Bilasipara Pt,Hatipota Pt.I,Normal/Others,WS/MP534/2023-2024/69726 - Construction of boundary walls of existing public and community buildings,DEPUTY COMMISSIONER DHUBRI_IDA,2023-12-26,Approved by IDA,239120,Sanctioned
MPLADS-012397,Maulana Ajmal Badruddin,Lok Sabha,Assam,DHUBRI,,,Dhubri,Asharikandi,Normal/Others,WS/MP534/2023-2024/69723 - Construction of boundary walls of existing public and community buildings,DEPUTY COMMISSIONER DHUBRI_IDA,2023-12-26,Approved by IDA,576240,Sanctioned
MPLADS-012398,Shri Naba (Hira) Kumar Sarania ,Lok Sabha,Assam,KOKRAJHAR (ST),,,Barnagar (Pt),Keteki Bari,Normal/Others,"NA - Construction of roads, approach roads, link roads and pathways",DEPUTY COMMISSIONER BARPETA_IDA,2023-12-26,Action Pending,800000,Unsanctioned
MPLADS-012401,Shri Naba (Hira) Kumar Sarania ,Lok Sabha,Assam,KOKRAJHAR (ST),,,Barnagar (Pt),Domani Gaon,Normal/Others,"NA - Construction of roads, approach roads, link roads and pathways",DEPUTY COMMISSIONER BARPETA_IDA,2023-12-26,Action Pending,800000,Unsanctioned
MPLADS-012410,Maulana Ajmal Badruddin,Lok Sabha,Assam,DHUBRI,,,Chapar Pt,Bahalpur Boropara Pt.I,Normal/Others,WS/MP534/2023-2024/69735 - Construction of flood control embankments,DEPUTY COMMISSIONER DHUBRI_IDA,2023-12-26,Approved by IDA,431200,Sanctioned
MPLADS-012411,Maulana Ajmal Badruddin,Lok Sabha,Assam,DHUBRI,,,Bilasipara Pt,Hatipota Pt.I,Normal/Others,WS/MP534/2023-2024/69736 - Construction of boundary walls of existing public and community buildings,DEPUTY COMMISSIONER DHUBRI_IDA,2023-12-26,Approved by IDA,431200,Sanctioned
MPLADS-012412,Maulana Ajmal Badruddin,Lok Sabha,Assam,DHUBRI,,,Chapar Pt,Kamardihi Pt.Ii,Normal/Others,WS/MP534/2023-2024/69743 - Construction of boundary walls of existing public and community buildings,DEPUTY COMMISSIONER DHUBRI_IDA,2023-12-26,Approved by IDA,431200,Sanctioned
MPLADS-012413,Maulana Ajmal Badruddin,Lok Sabha,Assam,DHUBRI,,,Chapar Pt,Mahisbathan,Normal/Others,"WS/MP534/2023-2024/69756 - Construction of roads, approach roads, link roads and pathways",DEPUTY COMMISSIONER DHUBRI_IDA,2023-12-26,Approved by IDA,335160,Sanctioned
MPLADS-012426,Maulana Ajmal Badruddin,Lok Sabha,Assam,DHUBRI,Bilasipara Tc,Baniamari Pt.-IV,,,Normal/Others,WS/MP534/2023-2024/69768 - Construction of boundary walls of existing public and community buildings,DEPUTY COMMISSIONER DHUBRI_IDA,2023-12-26,Approved by IDA,401800,Sanctioned
MPLADS-012427,Maulana Ajmal Badruddin,Lok Sabha,Assam,DHUBRI,,,Bilasipara Pt,Nayeralga Pt.I,Normal/Others,WS/MP534/2023-2024/69764 - Construction of flood control embankments,DEPUTY COMMISSIONER DHUBRI_IDA,2023-12-26,Approved by IDA,401800,Sanctioned
MPLADS-012428,Maulana Ajmal Badruddin,Lok Sabha,Assam,DHUBRI,,,Bilasipara Pt,Khurkhuri,Normal/Others,WS/MP534/2023-2024/69760 - Construction of boundary walls of existing public and community buildings,DEPUTY COMMISSIONER DHUBRI_IDA,2023-12-26,Approved by IDA,401800,Sanctioned
MPLADS-012430,Maulana Ajmal Badruddin,Lok Sabha,Assam,DHUBRI,,,Bilasipara Pt,Nayeralga Pt.Iii,Normal/Others,WS/MP534/2023-2024/69759 - Construction of boundary walls of existing public and community buildings,DEPUTY COMMISSIONER DHUBRI_IDA,2023-12-26,Approved by IDA,401800,Sanctioned
MPLADS-012431,SHRI Birendra Prasad Baishya,Rajya Sabha,Assam,Sitting Rajya Sabha,,,Barpeta,Joti Gaon,Normal/Others,"NA - Construction of roads, approach roads, link roads and pathways",DEPUTY COMMISSIONER BARPETA_IDA,2023-12-26,Action Pending,1100000,Unsanctioned
MPLADS-012792,Maulana Ajmal Badruddin,Lok Sabha,Assam,DHUBRI,,,Dhubri,Geramari Pt.I,Normal/Others,WS/MP534/2023-2024/68859 - Construction of boundary walls of existing public and community buildings,DEPUTY COMMISSIONER DHUBRI_IDA,2023-12-23,Approved by IDA,480200,Sanctioned
MPLADS-012793,Maulana Ajmal Badruddin,Lok Sabha,Assam,DHUBRI,Dhubri,VCDC Kurshakati,,,Normal/Others,WS/MP534/2023-2024/68878 - Construction of culverts and bridges,DEPUTY COMMISSIONER DHUBRI_IDA,2023-12-23,Approved by IDA,1038800,Sanctioned
MPLADS-012794,Maulana Ajmal Badruddin,Lok Sabha,Assam,DHUBRI,,,Agamoni,Biskhowa Pt.I,Normal/Others,"WS/MP534/2023-2024/68900 - Construction of roads, approach roads, link roads and pathways",DEPUTY COMMISSIONER DHUBRI_IDA,2023-12-23,Approved by IDA,862400,Sanctioned
MPLADS-012795,Maulana Ajmal Badruddin,Lok Sabha,Assam,DHUBRI,,,Agamoni,Jhapusabari Pt.I,Normal/Others,WS/MP534/2023-2024/68902 - Construction of boundary walls of existing public and community buildings,DEPUTY COMMISSIONER DHUBRI_IDA,2023-12-23,Approved by IDA,384160,Sanctioned
MPLADS-012796,Maulana Ajmal Badruddin,Lok Sabha,Assam,DHUBRI,,,Golakganj Pt,Dakhin Tokererchara Pt.I,Normal/Others,"WS/MP534/2023-2024/68903 - Construction of roads, approach roads, link roads and pathways",DEPUTY COMMISSIONER DHUBRI_IDA,2023-12-23,Approved by IDA,384160,Sanctioned
MPLADS-012797,Maulana Ajmal Badruddin,Lok Sabha,Assam,DHUBRI,,,Agamoni,Chagolia Pt.I,Normal/Others,WS/MP534/2023-2024/68906 - Construction of culverts and bridges,DEPUTY COMMISSIONER DHUBRI_IDA,2023-12-23,Approved by IDA,480200,Sanctioned
MPLADS-012798,Maulana Ajmal Badruddin,Lok Sabha,Assam,DHUBRI,,,Agamoni,Bamundanga Pt.Iii,Normal/Others,WS/MP534/2023-2024/68909 - Construction of culverts and bridges,DEPUTY COMMISSIONER DHUBRI_IDA,2023-12-23,Approved by IDA,384160,Sanctioned
MPLADS-012799,Maulana Ajmal Badruddin,Lok Sabha,Assam,DHUBRI,,,Agamoni,Digholtari,Normal/Others,WS/MP534/2023-2024/68936 - Construction of common work sheds/ common covered sitting area,DEPUTY COMMISSIONER DHUBRI_IDA,2023-12-23,Approved by IDA,384160,Sanctioned
MPLADS-012800,Maulana Ajmal Badruddin,Lok Sabha,Assam,DHUBRI,,,Agamoni,Bidyadabri Pt.I,Normal/Others,WS/MP534/2023-2024/68941 - Construction of culverts and bridges,DEPUTY COMMISSIONER DHUBRI_IDA,2023-12-23,Approved by IDA,288120,Sanctioned
MPLADS-012801,Maulana Ajmal Badruddin,Lok Sabha,Assam,DHUBRI,,,Agamoni,Sonakhuli Pt.Ii,Normal/Others,WS/MP534/2023-2024/68945 - Construction of common work sheds/ common covered sitting area,DEPUTY COMMISSIONER DHUBRI_IDA,2023-12-23,Approved by IDA,960400,Sanctioned
MPLADS-012802,Maulana Ajmal Badruddin,Lok Sabha,Assam,DHUBRI,,,Bilasipara Pt,Lakhiganj,Normal/Others,WS/MP534/2023-2024/68948 - Construction of culverts and bridges,DEPUTY COMMISSIONER DHUBRI_IDA,2023-12-23,Approved by IDA,911400,Sanctioned
MPLADS-012830,Pradyut Bordoloi,Lok Sabha,Assam,NOWGONG,,,Mayong,Jhargaon,Normal/Others,NA - Construction of boundary walls of existing public and community buildings,Deputy Commissioner Morigaon_IDA,2023-12-23,Action Pending,250000,Unsanctioned
MPLADS-012876,Pradyut Bordoloi,Lok Sabha,Assam,NOWGONG,,,Marigaon,Uttar Dharamtul,Normal/Others,NA - Construction of buildings for community cultural activities,Deputy Commissioner Morigaon_IDA,2023-12-23,Action Pending,300000,Unsanctioned
MPLADS-013300,Horen Sing Bey,Lok Sabha,Assam,AUTONOMOUS DISTRICT(ST),,,Donka,Jaljuri Longbui,Normal/Others,NA - Creation of new ponds,Deputy Commissioner West Karbi Anglong_IDA,2023-12-22,Action Pending,200000,Unsanctioned
MPLADS-013628,Horen Sing Bey,Lok Sabha,Assam,AUTONOMOUS DISTRICT(ST),,,Diphu,Nihang Rongkethe,Normal/Others,NA - Construction of additional rooms and halls in the existing public and community building,DEPUTY COMMISSIONER KARBI ANGLONG_IDA,2023-12-22,Action Pending,2000000,Unsanctioned
MPLADS-013641,Horen Sing Bey,Lok Sabha,Assam,AUTONOMOUS DISTRICT(ST),,,Diphu,Taralangso (W) (Longki Ronghang),Normal/Others,NA - Construction of buildings for community cultural activities,DEPUTY COMMISSIONER KARBI ANGLONG_IDA,2023-12-22,Action Pending,4500000,Unsanctioned
MPLADS-013642,Horen Sing Bey,Lok Sabha,Assam,AUTONOMOUS DISTRICT(ST),,,Diphu,Nihang Rongkethe,Normal/Others,NA - Construction of rooms and halls in school and colleges,DEPUTY COMMISSIONER KARBI ANGLONG_IDA,2023-12-22,Action Pending,6000000,Unsanctioned
MPLADS-013643,Horen Sing Bey,Lok Sabha,Assam,AUTONOMOUS DISTRICT(ST),,,Diphu,Langsoliet Natun Bazar,Normal/Others,NA - Construction of boundary walls of existing public and community buildings,DEPUTY COMMISSIONER KARBI ANGLONG_IDA,2023-12-22,Action Pending,2500000,Unsanctioned
MPLADS-013645,Horen Sing Bey,Lok Sabha,Assam,AUTONOMOUS DISTRICT(ST),,,Diphu,Langsoliet Natun Bazar,Normal/Others,NA - Construction of boundary walls of existing public and community buildings,DEPUTY COMMISSIONER KARBI ANGLONG_IDA,2023-12-22,Action Pending,2500000,Unsanctioned
MPLADS-013646,Horen Sing Bey,Lok Sabha,Assam,AUTONOMOUS DISTRICT(ST),,,Diphu,Lalmati,Normal/Others,NA - Construction of boundary walls of existing public and community buildings,DEPUTY COMMISSIONER KARBI ANGLONG_IDA,2023-12-22,Action Pending,1000000,Unsanctioned
MPLADS-013647,Horen Sing Bey,Lok Sabha,Assam,AUTONOMOUS DISTRICT(ST),,,Phuloni,Langhin,Normal/Others,NA - Construction of community centers and community halls,DEPUTY COMMISSIONER KARBI ANGLONG_IDA,2023-12-22,Action Pending,2000000,Unsanctioned
MPLADS-013662,Horen Sing Bey,Lok Sabha,Assam,AUTONOMOUS DISTRICT(ST),,,Donka,Hamren Town,Normal/Others,NA - Purchase of furniture and fixtures for educational purposes,Deputy Commissioner West Karbi Anglong_IDA,2023-12-22,Action Pending,15000000,Unsanctioned
MPLADS-013695,Maulana Ajmal Badruddin,Lok Sabha,Assam,DHUBRI,Goalpara,Darirpara,,,Normal/Others,NA - Construction of boundary walls of existing public and community buildings,Deputy Commissioner Goalpara_IDA,2023-12-22,Action Pending,480200,Unsanctioned
MPLADS-013696,Maulana Ajmal Badruddin,Lok Sabha,Assam,DHUBRI,,,Matia,Balapara,Normal/Others,NA - Construction of boundary walls of existing public and community buildings,Deputy Commissioner Goalpara_IDA,2023-12-22,Action Pending,480200,Unsanctioned
MPLADS-013697,Maulana Ajmal Badruddin,Lok Sabha,Assam,DHUBRI,,,Rangjuli,Ambari Pt-I,Normal/Others,NA - Construction of common work sheds/ common covered sitting area,Deputy Commissioner Goalpara_IDA,2023-12-22,Action Pending,480200,Unsanctioned
MPLADS-013698,Maulana Ajmal Badruddin,Lok Sabha,Assam,DHUBRI,Goalpara,Gobindapur,,,Normal/Others,NA - Construction of public toilets and bathrooms,Deputy Commissioner Goalpara_IDA,2023-12-22,Action Pending,480200,Unsanctioned
MPLADS-013700,Maulana Ajmal Badruddin,Lok Sabha,Assam,DHUBRI,,,Matia,Bhatiapara,Normal/Others,NA - Construction of additional rooms and halls in the existing public and community building,Deputy Commissioner Goalpara_IDA,2023-12-22,Action Pending,480200,Unsanctioned
MPLADS-013701,Maulana Ajmal Badruddin,Lok Sabha,Assam,DHUBRI,,,Matia,Nobagata Simlitola,Normal/Others,NA - Construction of boundary walls of existing public and community buildings,Deputy Commissioner Goalpara_IDA,2023-12-22,Action Pending,480200,Unsanctioned
MPLADS-013702,Gaurav Gogoi,Lok Sabha,Assam,KALIABOR,,,RUPAHI,Hathi Pukhuri,Normal/Others,NA - Construction of community centers and community halls,DEPUTY COMMISSIONER NOWGONG_IDA,2023-12-22,Action Pending,300000,Unsanctioned
MPLADS-013721,Maulana Ajmal Badruddin,Lok Sabha,Assam,DHUBRI,Goalpara,Rowkhowa,,,Normal/Others,NA - Construction of platforms and passenger sheds at railway stations,Deputy Commissioner Goalpara_IDA,2023-12-22,Action Pending,480200,Unsanctioned
MPLADS-013722,Maulana Ajmal Badruddin,Lok Sabha,Assam,DHUBRI,,,Dudhnai,Melopara Pt-I,Normal/Others,NA - Construction of boundary walls of existing public and community buildings,Deputy Commissioner Goalpara_IDA,2023-12-22,Action Pending,480200,Unsanctioned
MPLADS-013723,Maulana Ajmal Badruddin,Lok Sabha,Assam,DHUBRI,Goalpara,Hashdoba,,,Normal/Others,"NA - Construction of roads, approach roads, link roads and pathways",Deputy Commissioner Goalpara_IDA,2023-12-22,Action Pending,480200,Unsanctioned
MPLADS-013724,Horen Sing Bey,Lok Sabha,Assam,AUTONOMOUS DISTRICT(ST),,,Diphu,Dhonsing Terang (Langmili ),Normal/Others,NA - Construction of boundary walls of existing public and community buildings,DEPUTY COMMISSIONER KARBI ANGLONG_IDA,2023-12-22,Rejected by IDA,4000000,Unsanctioned
MPLADS-013731,Maulana Ajmal Badruddin,Lok Sabha,Assam,DHUBRI,Goalpara,Gossaidubi Hindupara,,,Normal/Others,"NA - Construction of roads, approach roads, link roads and pathways",Deputy Commissioner Goalpara_IDA,2023-12-22,Action Pending,480200,Unsanctioned
MPLADS-013734,Horen Sing Bey,Lok Sabha,Assam,AUTONOMOUS DISTRICT(ST),,,Diphu,Hemari Bey,Normal/Others,NA - Construction of boundary walls of existing public and community buildings,DEPUTY COMMISSIONER KARBI ANGLONG_IDA,2023-12-22,Action Pending,2000000,Unsanctioned
MPLADS-013735,Horen Sing Bey,Lok Sabha,Assam,AUTONOMOUS DISTRICT(ST),,,Diphu,14 Mile Nepali Bosti,Normal/Others,NA - Construction of boundary walls of existing public and community buildings,DEPUTY COMMISSIONER KARBI ANGLONG_IDA,2023-12-22,Action Pending,2000000,Unsanctioned
MPLADS-013737,Horen Sing Bey,Lok Sabha,Assam,AUTONOMOUS DISTRICT(ST),,,Donka,Doloni,Normal/Others,NA - Creation of new ponds,Deputy Commissioner West Karbi Anglong_IDA,2023-12-22,Action Pending,200000,Unsanctioned
MPLADS-013738,Horen Sing Bey,Lok Sabha,Assam,AUTONOMOUS DISTRICT(ST),,,Donka,Donkamukam,Normal/Others,NA - Construction of boundary walls of existing public and community buildings,Deputy Commissioner West Karbi Anglong_IDA,2023-12-22,Action Pending,2000000,Unsanctioned
MPLADS-013739,Maulana Ajmal Badruddin,Lok Sabha,Assam,DHUBRI,,,Lakhipur,Kulamuwa,Normal/Others,NA - Construction of boundary walls of existing public and community buildings,Deputy Commissioner Goalpara_IDA,2023-12-22,Action Pending,480200,Unsanctioned
MPLADS-013740,Horen Sing Bey,Lok Sabha,Assam,AUTONOMOUS DISTRICT(ST),,,Donka,Doloni,Normal/Others,NA - Creation of new ponds,Deputy Commissioner West Karbi Anglong_IDA,2023-12-22,Action Pending,200000,Unsanctioned
MPLADS-013741,Maulana Ajmal Badruddin,Lok Sabha,Assam,DHUBRI,,,Lakhipur,Kharuvas,Normal/Others,NA - Construction of rooms and halls in school and colleges,Deputy Commissioner Goalpara_IDA,2023-12-22,Action Pending,480200,Unsanctioned
MPLADS-013742,Maulana Ajmal Badruddin,Lok Sabha,Assam,DHUBRI,,,Matia,Dekdhowa,Normal/Others,NA - Construction of boundary walls of existing public and community buildings,Deputy Commissioner Goalpara_IDA,2023-12-22,Action Pending,480200,Unsanctioned
MPLADS-013743,Horen Sing Bey,Lok Sabha,Assam,AUTONOMOUS DISTRICT(ST),,,Donka,Donkamukam,Normal/Others,NA - Construction of boundary walls of existing public and community buildings,Deputy Commissioner West Karbi Anglong_IDA,2023-12-22,Action Pending,2000000,Unsanctioned
MPLADS-013745,Horen Sing Bey,Lok Sabha,Assam,AUTONOMOUS DISTRICT(ST),,,Donka,Baithalangso,Normal/Others,NA - Construction of boundary walls of existing public and community buildings,Deputy Commissioner West Karbi Anglong_IDA,2023-12-22,Action Pending,2000000,Unsanctioned
MPLADS-013746,Horen Sing Bey,Lok Sabha,Assam,AUTONOMOUS DISTRICT(ST),,,Donka,Doloni,Normal/Others,NA - Installing tube-wells and borewells,Deputy Commissioner West Karbi Anglong_IDA,2023-12-22,Action Pending,150000,Unsanctioned
MPLADS-013747,Horen Sing Bey,Lok Sabha,Assam,AUTONOMOUS DISTRICT(ST),,,Donka,Doloni,Normal/Others,NA - Installing tube-wells and borewells,Deputy Commissioner West Karbi Anglong_IDA,2023-12-22,Action Pending,150000,Unsanctioned
MPLADS-013748,Horen Sing Bey,Lok Sabha,Assam,AUTONOMOUS DISTRICT(ST),,,Donka,Doloni,Normal/Others,NA - Installing tube-wells and borewells,Deputy Commissioner West Karbi Anglong_IDA,2023-12-22,Action Pending,150000,Unsanctioned
MPLADS-013749,Horen Sing Bey,Lok Sabha,Assam,AUTONOMOUS DISTRICT(ST),,,Donka,Tengkeralangso,Normal/Others,NA - Installing tube-wells and borewells,Deputy Commissioner West Karbi Anglong_IDA,2023-12-22,Action Pending,150000,Unsanctioned
MPLADS-014573,Maulana Ajmal Badruddin,Lok Sabha,Assam,DHUBRI,,,GAURIPUR,Singimari Pt.I,Normal/Others,WS/MP534/2023-2024/66615 - Construction of rooms and halls in school and colleges,DEPUTY COMMISSIONER DHUBRI_IDA,2023-12-20,Approved by IDA,1440600,Sanctioned
MPLADS-014574,Maulana Ajmal Badruddin,Lok Sabha,Assam,DHUBRI,,,GAURIPUR,Debottar Hasdaha Pt.IV,Normal/Others,WS/MP534/2023-2024/66616 - Construction of culverts and bridges,DEPUTY COMMISSIONER DHUBRI_IDA,2023-12-20,Approved by IDA,556640,Sanctioned
MPLADS-014575,Maulana Ajmal Badruddin,Lok Sabha,Assam,DHUBRI,,,GAURIPUR,Choto Bashjani,Normal/Others,WS/MP534/2023-2024/66617 - Construction of boundary walls of existing public and community buildings,DEPUTY COMMISSIONER DHUBRI_IDA,2023-12-20,Approved by IDA,240100,Sanctioned
MPLADS-014576,Maulana Ajmal Badruddin,Lok Sabha,Assam,DHUBRI,,,RUPSHI,Tiamari Pt.I,Normal/Others,"WS/MP534/2023-2024/66618 - Construction of roads, approach roads, link roads and pathways",DEPUTY COMMISSIONER DHUBRI_IDA,2023-12-20,Approved by IDA,384160,Sanctioned
MPLADS-014577,Maulana Ajmal Badruddin,Lok Sabha,Assam,DHUBRI,,,GAURIPUR,Gaspara,Normal/Others,WS/MP534/2023-2024/66619 - Construction of boundary walls of existing public and community buildings,DEPUTY COMMISSIONER DHUBRI_IDA,2023-12-20,Approved by IDA,240100,Sanctioned
MPLADS-014578,Maulana Ajmal Badruddin,Lok Sabha,Assam,DHUBRI,,,GAURIPUR,Dharmoshala Pt.I,Normal/Others,WS/MP534/2023-2024/66620 - Construction of boundary walls of existing public and community buildings,DEPUTY COMMISSIONER DHUBRI_IDA,2023-12-20,Approved by IDA,240100,Sanctioned
MPLADS-014579,Maulana Ajmal Badruddin,Lok Sabha,Assam,DHUBRI,,,GAURIPUR,Bidyapara II Part (Pt),Normal/Others,"WS/MP534/2023-2024/66621 - Construction of roads, approach roads, link roads and pathways",DEPUTY COMMISSIONER DHUBRI_IDA,2023-12-20,Approved by IDA,240100,Sanctioned
MPLADS-014873,Shri Abdul Khaleque ,Lok Sabha,Assam,BARPETA,,,RUPOSHI,Kalgachia,Normal/Others,NA - Purchase of school vans and buses (Four and three wheelers),DEPUTY COMMISSIONER BARPETA_IDA,2023-12-19,Action Pending,1700000,Unsanctioned
MPLADS-014874,Shri Abdul Khaleque ,Lok Sabha,Assam,BARPETA,,,Barnagar (Pt),Madulijar,Repair and Renovation,"NA - Construction of roads, approach roads, link roads and pathways",DEPUTY COMMISSIONER BARPETA_IDA,2023-12-19,Action Pending,600000,Unsanctioned
MPLADS-014875,Shri Abdul Khaleque ,Lok Sabha,Assam,BARPETA,,,RUPOSHI,Khatatari,Normal/Others,"NA - Construction of roads, approach roads, link roads and pathways",DEPUTY COMMISSIONER BARPETA_IDA,2023-12-19,Action Pending,400000,Unsanctioned
MPLADS-015539,Sh Teli Rameswar,Lok Sabha,Assam,DIBRUGARH,,,LAHOAL,Mohanbari 31/160 Orr,Normal/Others,NA - Construction of boundary walls of existing public and community buildings,DEPUTY COMMISSIONER DIBRUGARH_IDA,2023-12-18,Action Pending,500000,Unsanctioned
MPLADS-015558,Sh Teli Rameswar,Lok Sabha,Assam,DIBRUGARH,,,LAHOAL,Timona Gaon,Normal/Others,NA - Construction of rooms and halls in school and colleges,DEPUTY COMMISSIONER DIBRUGARH_IDA,2023-12-18,Action Pending,500000,Unsanctioned
MPLADS-015559,Sh Teli Rameswar,Lok Sabha,Assam,DIBRUGARH,,,LAHOAL,Phukanar Khat,Normal/Others,NA - Construction of community centers and community halls,DEPUTY COMMISSIONER DIBRUGARH_IDA,2023-12-18,Action Pending,300000,Unsanctioned
MPLADS-015560,Sh Teli Rameswar,Lok Sabha,Assam,DIBRUGARH,,,LAHOAL,Chengdhora,Normal/Others,NA - Construction of boundary walls of existing public and community buildings,DEPUTY COMMISSIONER DIBRUGARH_IDA,2023-12-18,Action Pending,200000,Unsanctioned
MPLADS-015561,Sh Teli Rameswar,Lok Sabha,Assam,DIBRUGARH,,,LAHOAL,Rahmoria,Normal/Others,NA - Construction of boundary walls of existing public and community buildings,DEPUTY COMMISSIONER DIBRUGARH_IDA,2023-12-18,Action Pending,400000,Unsanctioned
MPLADS-015562,Sh Teli Rameswar,Lok Sabha,Assam,DIBRUGARH,,,LAHOAL,Nahar Haku Gaon,Normal/Others,NA - Construction of public toilets and bathrooms,DEPUTY COMMISSIONER DIBRUGARH_IDA,2023-12-18,Action Pending,300000,Unsanctioned
MPLADS-015563,Sh Teli Rameswar,Lok Sabha,Assam,DIBRUGARH,,,LAHOAL,Chiring Hula No.1,Normal/Others,NA - Construction of buildings for community cultural activities,DEPUTY COMMISSIONER DIBRUGARH_IDA,2023-12-18,Action Pending,200000,Unsanctioned
MPLADS-015564,Sh Teli Rameswar,Lok Sabha,Assam,DIBRUGARH,,,LAHOAL,Niz Moderkhat,Normal/Others,NA - Construction of buildings for community cultural activities,DEPUTY COMMISSIONER DIBRUGARH_IDA,2023-12-18,Action Pending,400000,Unsanctioned
MPLADS-015565,Sh Teli Rameswar,Lok Sabha,Assam,DIBRUGARH,,,LAHOAL,Timona Gaon,Normal/Others,NA - Construction of community centers and community halls,DEPUTY COMMISSIONER DIBRUGARH_IDA,2023-12-18,Action Pending,300000,Unsanctioned
MPLADS-015567,Sh Teli Rameswar,Lok Sabha,Assam,DIBRUGARH,,,LAHOAL,Romai Gaon,Normal/Others,NA - Construction of buildings for community cultural activities,DEPUTY COMMISSIONER DIBRUGARH_IDA,2023-12-18,Action Pending,400000,Unsanctioned
MPLADS-015568,Sh Teli Rameswar,Lok Sabha,Assam,DIBRUGARH,,,LAHOAL,Ekoratoli Chiristian,Normal/Others,NA - Construction of New Building,DEPUTY COMMISSIONER DIBRUGARH_IDA,2023-12-18,Action Pending,500000,Unsanctioned
MPLADS-015569,Sh Teli Rameswar,Lok Sabha,Assam,DIBRUGARH,,,LAHOAL,Niz Kanai Gaon,Normal/Others,NA - Construction of community centers and community halls,DEPUTY COMMISSIONER DIBRUGARH_IDA,2023-12-18,Action Pending,300000,Unsanctioned
MPLADS-015570,Sh Teli Rameswar,Lok Sabha,Assam,DIBRUGARH,,,LAHOAL,Japi Sajia Gaon,Normal/Others,NA - Construction of buildings for sports facilities,DEPUTY COMMISSIONER DIBRUGARH_IDA,2023-12-18,Action Pending,300000,Unsanctioned
MPLADS-015571,Sh Teli Rameswar,Lok Sabha,Assam,DIBRUGARH,,,LAHOAL,Bokul Maj Gaon,Normal/Others,NA - Construction of boundary walls of existing public and community buildings,DEPUTY COMMISSIONER DIBRUGARH_IDA,2023-12-18,Action Pending,200000,Unsanctioned
MPLADS-015572,Sh Teli Rameswar,Lok Sabha,Assam,DIBRUGARH,,,LAHOAL,Mohanbari Hindu Gaon,Normal/Others,NA - Construction of community centers and community halls,DEPUTY COMMISSIONER DIBRUGARH_IDA,2023-12-18,Action Pending,300000,Unsanctioned
MPLADS-015573,Sh Teli Rameswar,Lok Sabha,Assam,DIBRUGARH,,,LAHOAL,Lahoal Patra,Normal/Others,NA - Construction of additional rooms and halls in the existing public and community building,DEPUTY COMMISSIONER DIBRUGARH_IDA,2023-12-18,Action Pending,1000000,Unsanctioned
MPLADS-015574,Sh Teli Rameswar,Lok Sabha,Assam,DIBRUGARH,,,LAHOAL,Maijan,Normal/Others,NA - Construction of boundary walls of existing public and community buildings,DEPUTY COMMISSIONER DIBRUGARH_IDA,2023-12-18,Action Pending,400000,Unsanctioned
MPLADS-015575,Gaurav Gogoi,Lok Sabha,Assam,KALIABOR,,,PACHIM KALIABOR,Rahdhala,Normal/Others,NA - Construction of community centers and community halls,DEPUTY COMMISSIONER NOWGONG_IDA,2023-12-18,Action Pending,250000,Unsanctioned
MPLADS-015884,Shri Abdul Khaleque ,Lok Sabha,Assam,BARPETA,,,RUPOSHI,Amguri,Normal/Others,"NA - Construction of roads, approach roads, link roads and pathways",DEPUTY COMMISSIONER BARPETA_IDA,2023-12-17,Action Pending,400000,Unsanctioned
MPLADS-015943,Shri Abdul Khaleque ,Lok Sabha,Assam,BARPETA,,,MANDIA,Joti Gaon,Normal/Others,"WS/MP314/2023-2024/64399 - Construction of roads, approach roads, link roads and pathways",DEPUTY COMMISSIONER BARPETA_IDA,2023-12-17,Approved by IDA,800000,Sanctioned
MPLADS-015947,Shri Abdul Khaleque ,Lok Sabha,Assam,BARPETA,,,RUPOSHI,Kalgachia,Normal/Others,NA - Construction of boundary walls of existing public and community buildings,DEPUTY COMMISSIONER BARPETA_IDA,2023-12-17,Action Pending,700000,Unsanctioned
MPLADS-016028,Sh Teli Rameswar,Lok Sabha,Assam,DIBRUGARH,,,KHOWANG,Khowang Chah Co. 108 No Fs Grant,Normal/Others,NA - Construction of buildings for community cultural activities,DEPUTY COMMISSIONER DIBRUGARH_IDA,2023-12-16,Action Pending,500000,Unsanctioned
MPLADS-016052,Sh Teli Rameswar,Lok Sabha,Assam,DIBRUGARH,,,KHOWANG,Telia Pather,Normal/Others,NA - Construction of buildings for community cultural activities,DEPUTY COMMISSIONER DIBRUGARH_IDA,2023-12-16,Action Pending,1000000,Unsanctioned
MPLADS-016053,Sh Teli Rameswar,Lok Sabha,Assam,DIBRUGARH,,,KHOWANG,Rangchali Nepali,Normal/Others,NA - Construction of community centers and community halls,DEPUTY COMMISSIONER DIBRUGARH_IDA,2023-12-16,Action Pending,1000000,Unsanctioned
MPLADS-016054,Sh Teli Rameswar,Lok Sabha,Assam,DIBRUGARH,,,KHOWANG,Abhoipuria Bongali,Normal/Others,NA - Construction of community centers and community halls,DEPUTY COMMISSIONER DIBRUGARH_IDA,2023-12-16,Action Pending,500000,Unsanctioned
MPLADS-016055,Sh Teli Rameswar,Lok Sabha,Assam,DIBRUGARH,,,KHOWANG,Rangchali Gaon,Normal/Others,"NA - Construction of rooms and facilities for hospitals, FWC , PHC Centers and ANM centers",DEPUTY COMMISSIONER DIBRUGARH_IDA,2023-12-16,Action Pending,500000,Unsanctioned
MPLADS-016056,Sh Teli Rameswar,Lok Sabha,Assam,DIBRUGARH,,,KHOWANG,Rangchali Gaon,Normal/Others,NA - Construction of boundary walls of existing public and community buildings,DEPUTY COMMISSIONER DIBRUGARH_IDA,2023-12-16,Action Pending,500000,Unsanctioned
MPLADS-016057,Sh Teli Rameswar,Lok Sabha,Assam,DIBRUGARH,Tinsukia,14,,,Normal/Others,NA - Construction of community centers and community halls,Deputy Commissioner Tinsukia_IDA,2023-12-16,Action Pending,400000,Unsanctioned
MPLADS-016058,Sh Teli Rameswar,Lok Sabha,Assam,DIBRUGARH,Tinsukia,12,,,Repair and Renovation,NA - Construction of public toilets and bathrooms,Deputy Commissioner Tinsukia_IDA,2023-12-16,Action Pending,500000,Unsanctioned
MPLADS-016059,Sh Teli Rameswar,Lok Sabha,Assam,DIBRUGARH,Tinsukia,11,,,Normal/Others,NA - Construction of community centers and community halls,Deputy Commissioner Tinsukia_IDA,2023-12-16,Action Pending,500000,Unsanctioned
MPLADS-016060,Sh Teli Rameswar,Lok Sabha,Assam,DIBRUGARH,Tinsukia,10,,,Normal/Others,"NA - Construction of roads, link roads, pathways or any other road with or without drainage system",Deputy Commissioner Tinsukia_IDA,2023-12-16,Action Pending,500000,Unsanctioned
MPLADS-016061,Sh Teli Rameswar,Lok Sabha,Assam,DIBRUGARH,Tinsukia,8,,,Normal/Others,NA - Construction of buildings for training institutions,Deputy Commissioner Tinsukia_IDA,2023-12-16,Action Pending,800000,Unsanctioned
MPLADS-016062,Sh Teli Rameswar,Lok Sabha,Assam,DIBRUGARH,Tinsukia,8,,,Normal/Others,NA - Construction of buildings for community cultural activities,Deputy Commissioner Tinsukia_IDA,2023-12-16,Action Pending,500000,Unsanctioned
MPLADS-016063,Sh Teli Rameswar,Lok Sabha,Assam,DIBRUGARH,Tinsukia,7,,,Normal/Others,"NA - Construction of roads, link roads, pathways or any other road with or without drainage system",Deputy Commissioner Tinsukia_IDA,2023-12-16,Action Pending,500000,Unsanctioned
MPLADS-016064,Sh Teli Rameswar,Lok Sabha,Assam,DIBRUGARH,Tinsukia,6,,,Normal/Others,"NA - Construction of roads, link roads, pathways or any other road with or without drainage system",Deputy Commissioner Tinsukia_IDA,2023-12-16,Action Pending,500000,Unsanctioned
MPLADS-016065,Sh Teli Rameswar,Lok Sabha,Assam,DIBRUGARH,Tinsukia,5,,,Normal/Others,"NA - Construction of roads, link roads, pathways or any other road with or without drainage system",Deputy Commissioner Tinsukia_IDA,2023-12-16,Action Pending,500000,Unsanctioned
MPLADS-016066,Sh Teli Rameswar,Lok Sabha,Assam,DIBRUGARH,Tinsukia,4,,,Normal/Others,"NA - Construction of roads, approach roads, link roads and pathways",Deputy Commissioner Tinsukia_IDA,2023-12-16,Action Pending,500000,Unsanctioned
MPLADS-016067,Sh Teli Rameswar,Lok Sabha,Assam,DIBRUGARH,Tinsukia,3,,,Normal/Others,"NA - Construction of roads, link roads, pathways or any other road with or without drainage system",Deputy Commissioner Tinsukia_IDA,2023-12-16,Action Pending,500000,Unsanctioned
MPLADS-016068,Sh Teli Rameswar,Lok Sabha,Assam,DIBRUGARH,Tinsukia,2,,,Normal/Others,"NA - Construction of roads, approach roads, link roads and pathways",Deputy Commissioner Tinsukia_IDA,2023-12-16,Action Pending,500000,Unsanctioned
MPLADS-016069,Sh Teli Rameswar,Lok Sabha,Assam,DIBRUGARH,Tinsukia,1,,,Normal/Others,"NA - Construction of roads, link roads, pathways or any other road with or without drainage system",Deputy Commissioner Tinsukia_IDA,2023-12-16,Action Pending,300000,Unsanctioned
MPLADS-016070,Sh Teli Rameswar,Lok Sabha,Assam,DIBRUGARH,Tinsukia,7,,,Normal/Others,NA - Construction of community centers and community halls,Deputy Commissioner Tinsukia_IDA,2023-12-16,Action Pending,400000,Unsanctioned
MPLADS-016071,Sh Teli Rameswar,Lok Sabha,Assam,DIBRUGARH,Tinsukia,6,,,Normal/Others,NA - Construction of additional rooms and halls in the existing public and community building,Deputy Commissioner Tinsukia_IDA,2023-12-16,Action Pending,400000,Unsanctioned
MPLADS-016072,Sh Teli Rameswar,Lok Sabha,Assam,DIBRUGARH,Tinsukia,5,,,Normal/Others,NA - Construction of buildings for community cultural activities,Deputy Commissioner Tinsukia_IDA,2023-12-16,Action Pending,400000,Unsanctioned
MPLADS-016073,Sh Teli Rameswar,Lok Sabha,Assam,DIBRUGARH,Tinsukia,3,,,Normal/Others,NA - Construction of community centers and community halls,Deputy Commissioner Tinsukia_IDA,2023-12-16,Action Pending,300000,Unsanctioned
MPLADS-016074,Sh Teli Rameswar,Lok Sabha,Assam,DIBRUGARH,Tinsukia,4,,,Normal/Others,NA - Construction of rooms and halls in school and colleges,Deputy Commissioner Tinsukia_IDA,2023-12-16,Action Pending,400000,Unsanctioned
MPLADS-016075,Sh Teli Rameswar,Lok Sabha,Assam,DIBRUGARH,Tinsukia,2,,,Normal/Others,NA - Construction of community centers and community halls,Deputy Commissioner Tinsukia_IDA,2023-12-16,Action Pending,400000,Unsanctioned
MPLADS-016076,Sh Teli Rameswar,Lok Sabha,Assam,DIBRUGARH,Tinsukia,10,,,Normal/Others,NA - Construction of community centers and community halls,Deputy Commissioner Tinsukia_IDA,2023-12-16,Action Pending,400000,Unsanctioned
MPLADS-016077,Sh Teli Rameswar,Lok Sabha,Assam,DIBRUGARH,Tinsukia,2,,,Normal/Others,NA - Construction of community centers and community halls,Deputy Commissioner Tinsukia_IDA,2023-12-16,Action Pending,400000,Unsanctioned
MPLADS-016078,Sh Teli Rameswar,Lok Sabha,Assam,DIBRUGARH,Tinsukia,1,,,Normal/Others,NA - Construction of community centers and community halls,Deputy Commissioner Tinsukia_IDA,2023-12-16,Action Pending,400000,Unsanctioned
MPLADS-016402,Sh Teli Rameswar,Lok Sabha,Assam,DIBRUGARH,,,Naharkatiya,Joypur Town,Normal/Others,NA - Construction of buildings for community cultural activities,DEPUTY COMMISSIONER DIBRUGARH_IDA,2023-12-16,Action Pending,1000000,Unsanctioned
MPLADS-016419,Sh Teli Rameswar,Lok Sabha,Assam,DIBRUGARH,,,Naharkatiya,Na-Khatia Sonowal No.2,Normal/Others,NA - Construction of buildings for community cultural activities,DEPUTY COMMISSIONER DIBRUGARH_IDA,2023-12-16,Action Pending,1000000,Unsanctioned
MPLADS-016421,Sh Teli Rameswar,Lok Sabha,Assam,DIBRUGARH,,,Naharkatiya,Lengerijan Chah Bagicha,Normal/Others,NA - Construction of buildings for community cultural activities,DEPUTY COMMISSIONER DIBRUGARH_IDA,2023-12-16,Action Pending,1500000,Unsanctioned
MPLADS-016433,Sh Teli Rameswar,Lok Sabha,Assam,DIBRUGARH,,,Naharkatiya,Betanibam Habi Gaon,Normal/Others,NA - Construction of rooms and halls in school and colleges,DEPUTY COMMISSIONER DIBRUGARH_IDA,2023-12-16,Action Pending,500000,Unsanctioned
MPLADS-016434,Sh Teli Rameswar,Lok Sabha,Assam,DIBRUGARH,,,Naharkatiya,Rajgar Rangali Pather (Rajgar Bangali Pathar),Normal/Others,NA - Construction of rooms and halls in school and colleges,DEPUTY COMMISSIONER DIBRUGARH_IDA,2023-12-16,Action Pending,1000000,Unsanctioned
MPLADS-016435,Sh Teli Rameswar,Lok Sabha,Assam,DIBRUGARH,,,Naharkatiya,Tipam Gaon,Normal/Others,NA - Development of public parks,DEPUTY COMMISSIONER DIBRUGARH_IDA,2023-12-16,Action Pending,2500000,Unsanctioned
MPLADS-016436,Sh Teli Rameswar,Lok Sabha,Assam,DIBRUGARH,,,Naharkatiya,Joypur Town,Normal/Others,NA - Development of public parks,DEPUTY COMMISSIONER DIBRUGARH_IDA,2023-12-16,Action Pending,2500000,Unsanctioned
MPLADS-016775,Shri Abdul Khaleque ,Lok Sabha,Assam,BARPETA,,,BARPETA,Bagudi (Bagadi),Normal/Others,NA - Construction of additional rooms and halls in the existing public and community building,DEPUTY COMMISSIONER BARPETA_IDA,2023-12-15,Action Pending,500000,Unsanctioned
MPLADS-016776,Shri Abdul Khaleque ,Lok Sabha,Assam,BARPETA,,,RUPOSHI,Kalgachia,Repair and Renovation,NA - Construction of additional rooms and halls in the existing public and community building,DEPUTY COMMISSIONER BARPETA_IDA,2023-12-15,Action Pending,700000,Unsanctioned
MPLADS-016777,Shri Abdul Khaleque ,Lok Sabha,Assam,BARPETA,,,TAPATTARY,Kushbari Pt I,Repair and Renovation,"NA - Construction of roads, link roads, pathways or any other road with or without drainage system",Deputy Commissioner Bongaigaon_IDA,2023-12-15,Action Pending,400000,Unsanctioned
MPLADS-016778,Sh Teli Rameswar,Lok Sabha,Assam,DIBRUGARH,,,MARGHERITA,Rampur No.3,Normal/Others,NA - Construction of New Building,Deputy Commissioner Tinsukia_IDA,2023-12-15,Action Pending,800000,Unsanctioned
MPLADS-016779,Sh Teli Rameswar,Lok Sabha,Assam,DIBRUGARH,,,MARGHERITA,Nim Gaon N.C.,Normal/Others,NA - Construction of community centers and community halls,Deputy Commissioner Tinsukia_IDA,2023-12-15,Action Pending,800000,Unsanctioned
MPLADS-016780,Sh Teli Rameswar,Lok Sabha,Assam,DIBRUGARH,,,MARGHERITA,Udoipur No.3,Normal/Others,NA - Construction of community centers and community halls,Deputy Commissioner Tinsukia_IDA,2023-12-15,Action Pending,500000,Unsanctioned
MPLADS-016781,Sh Teli Rameswar,Lok Sabha,Assam,DIBRUGARH,,,MARGHERITA,Udoipur No.1,Normal/Others,NA - Construction of community centers and community halls,Deputy Commissioner Tinsukia_IDA,2023-12-15,Action Pending,500000,Unsanctioned
MPLADS-016782,Sh Teli Rameswar,Lok Sabha,Assam,DIBRUGARH,,,MARGHERITA,Ledo Gaon,Normal/Others,NA - Construction of community centers and community halls,Deputy Commissioner Tinsukia_IDA,2023-12-15,Action Pending,600000,Unsanctioned
MPLADS-016783,Sh Teli Rameswar,Lok Sabha,Assam,DIBRUGARH,,,MARGHERITA,Vitor Powai No.2,Normal/Others,NA - Construction of community centers and community halls,Deputy Commissioner Tinsukia_IDA,2023-12-15,Action Pending,500000,Unsanctioned
MPLADS-016784,Sh Teli Rameswar,Lok Sabha,Assam,DIBRUGARH,,,MARGHERITA,Agbandha,Normal/Others,NA - Construction of New Building,Deputy Commissioner Tinsukia_IDA,2023-12-15,Action Pending,1000000,Unsanctioned
MPLADS-016814,Maulana Ajmal Badruddin,Lok Sabha,Assam,DHUBRI,Dhubri,Ward No.12,,,Normal/Others,WS/MP534/2023-2024/62544 - Providing drains and gutters for public drainage,DEPUTY COMMISSIONER DHUBRI_IDA,2023-12-15,Approved by IDA,288120,Sanctioned
MPLADS-016825,Sh Teli Rameswar,Lok Sabha,Assam,DIBRUGARH,,,MARGHERITA,Dibong No.2,Normal/Others,NA - Construction of community centers and community halls,Deputy Commissioner Tinsukia_IDA,2023-12-15,Action Pending,500000,Unsanctioned
MPLADS-016826,Sh Teli Rameswar,Lok Sabha,Assam,DIBRUGARH,Margherita,10,,,Normal/Others,NA - Construction of community centers and community halls,Deputy Commissioner Tinsukia_IDA,2023-12-15,Action Pending,800000,Unsanctioned
MPLADS-016830,Sh Teli Rameswar,Lok Sabha,Assam,DIBRUGARH,,,MARGHERITA,Namdang Tea Co.Kabula Darkhast,Normal/Others,NA - Construction of culverts and bridges,Deputy Commissioner Tinsukia_IDA,2023-12-15,Action Pending,1000000,Unsanctioned
MPLADS-016831,Sh Teli Rameswar,Lok Sabha,Assam,DIBRUGARH,Margherita,4,,,Normal/Others,NA - Construction of rooms and halls in school and colleges,Deputy Commissioner Tinsukia_IDA,2023-12-15,Action Pending,1000000,Unsanctioned
MPLADS-016832,Sh Teli Rameswar,Lok Sabha,Assam,DIBRUGARH,,,MARGHERITA,Tekeri Gaon Block No.1,Normal/Others,NA - Construction of community centers and community halls,Deputy Commissioner Tinsukia_IDA,2023-12-15,Action Pending,1000000,Unsanctioned
MPLADS-016833,Sh Teli Rameswar,Lok Sabha,Assam,DIBRUGARH,Margherita,6,,,Normal/Others,NA - Construction of community centers and community halls,Deputy Commissioner Tinsukia_IDA,2023-12-15,Action Pending,500000,Unsanctioned
MPLADS-017133,Gaurav Gogoi,Lok Sabha,Assam,KALIABOR,,,GOLAGHAT WEST,Nepalikhuti,Normal/Others,NA - Construction of boundary walls of existing public and community buildings,Deputy Commissioner Golaghat_IDA,2023-12-14,Action Pending,200000,Unsanctioned
MPLADS-017134,Gaurav Gogoi,Lok Sabha,Assam,KALIABOR,,,GOLAGHAT CENTRAL,Barua Gaon,Normal/Others,NA - Construction of community centers and community halls,Deputy Commissioner Golaghat_IDA,2023-12-14,Action Pending,200000,Unsanctioned
MPLADS-017137,Gaurav Gogoi,Lok Sabha,Assam,KALIABOR,,,MORONGI,Thurajan Grant,Normal/Others,NA - Construction of boundary walls of existing public and community buildings,Deputy Commissioner Golaghat_IDA,2023-12-14,Action Pending,200000,Unsanctioned
MPLADS-017171,SHRI Birendra Prasad Baishya,Rajya Sabha,Assam,Sitting Rajya Sabha,,,BARKHETRI,Mukalmua,Normal/Others,NA - Construction of community centers and community halls,DEPUTY COMMISSIONER NALBARI_IDA,2023-12-14,Action Pending,5000000,Unsanctioned
MPLADS-017173,Gaurav Gogoi,Lok Sabha,Assam,KALIABOR,,,GOLAGHAT CENTRAL,Dakhinhengera Grant,Normal/Others,"NA - Purchase of ambulances (Four, three and two wheelers)",Deputy Commissioner Golaghat_IDA,2023-12-14,Action Pending,900000,Unsanctioned
MPLADS-017551,Shri Abdul Khaleque ,Lok Sabha,Assam,BARPETA,,,Kalgachia,Haldia Gaon,Normal/Others,NA - Construction of public libraries and reading rooms,DEPUTY COMMISSIONER BARPETA_IDA,2023-12-12,Action Pending,400000,Unsanctioned
MPLADS-017552,Shri Abdul Khaleque ,Lok Sabha,Assam,BARPETA,,,BARPETA,Dangarkuchi,Normal/Others,NA - Construction of boundary walls of existing public and community buildings,DEPUTY COMMISSIONER BARPETA_IDA,2023-12-12,Action Pending,300000,Unsanctioned
MPLADS-017553,Shri Abdul Khaleque ,Lok Sabha,Assam,BARPETA,,,TAPATTARY,Jharpara Pt II,Normal/Others,NA - Construction of rooms and halls in school and colleges,Deputy Commissioner Bongaigaon_IDA,2023-12-12,Action Pending,1200000,Unsanctioned
MPLADS-019050,Shri Abdul Khaleque ,Lok Sabha,Assam,BARPETA,,,BARPETA,Kathlijar,Normal/Others,"NA - Construction of roads, approach roads, link roads and pathways",DEPUTY COMMISSIONER BARPETA_IDA,2023-12-08,Action Pending,800000,Unsanctioned
MPLADS-019079,Pradyut Bordoloi,Lok Sabha,Assam,NOWGONG,,,RAHA,Kahiguri,Normal/Others,"NA - Purchase of IT systems, including hardware and software for educational purposes",DEPUTY COMMISSIONER NOWGONG_IDA,2023-12-08,Action Pending,450000,Unsanctioned
MPLADS-019345,Topon Kumar Gogoi,Lok Sabha,Assam,JORHAT,,,AMGURI,Baghjan Grant,Normal/Others,NA - Construction of buildings for community cultural activities,Deputy Commissioner Sivsagar_IDA,2023-12-07,Action Pending,250000,Unsanctioned
MPLADS-019346,Topon Kumar Gogoi,Lok Sabha,Assam,JORHAT,,,AMGURI,Amguri Grant,Normal/Others,NA - Construction of buildings for community cultural activities,Deputy Commissioner Sivsagar_IDA,2023-12-07,Action Pending,250000,Unsanctioned
MPLADS-019348,Topon Kumar Gogoi,Lok Sabha,Assam,JORHAT,,,AMGURI,Deopani Patta,Normal/Others,NA - Construction of buildings for community cultural activities,Deputy Commissioner Sivsagar_IDA,2023-12-07,Action Pending,250000,Unsanctioned
MPLADS-019349,Topon Kumar Gogoi,Lok Sabha,Assam,JORHAT,,,SAPEKHATI,Holonga Mora No.1,Normal/Others,NA - Construction of buildings for community cultural activities,Deputy Commissioner Charaideo_IDA,2023-12-07,Action Pending,200000,Unsanctioned
MPLADS-019350,Shri Abdul Khaleque ,Lok Sabha,Assam,BARPETA,,,PAKABETBARI,Kuriha,Normal/Others,NA - Street lights,DEPUTY COMMISSIONER BARPETA_IDA,2023-12-07,Action Pending,300000,Unsanctioned
MPLADS-019351,Shri Abdul Khaleque ,Lok Sabha,Assam,BARPETA,,,RUPOSHI,Kandulia,Repair and Renovation,"NA - Construction of roads, approach roads, link roads and pathways",DEPUTY COMMISSIONER BARPETA_IDA,2023-12-07,Action Pending,400000,Unsanctioned
MPLADS-019352,Shri Abdul Khaleque ,Lok Sabha,Assam,BARPETA,,,SRIJANGRAM,Jopea Boroichala,Normal/Others,NA - Construction of community centers and community halls,Deputy Commissioner Bongaigaon_IDA,2023-12-07,Action Pending,500000,Unsanctioned
MPLADS-019399,Topon Kumar Gogoi,Lok Sabha,Assam,JORHAT,,,AMGURI,Haluating Grant,Normal/Others,NA - Construction of additional rooms and halls in the existing public and community building,Deputy Commissioner Sivsagar_IDA,2023-12-07,Action Pending,250000,Unsanctioned
MPLADS-019697,Gaurav Gogoi,Lok Sabha,Assam,KALIABOR,,,LAOKHOWA,Pub Singimari,Normal/Others,NA - Construction of public libraries and reading rooms,DEPUTY COMMISSIONER NOWGONG_IDA,2023-12-06,Action Pending,200000,Unsanctioned
MPLADS-019698,Gaurav Gogoi,Lok Sabha,Assam,KALIABOR,,,LAOKHOWA,Puthikhaity,Normal/Others,NA - Construction of boundary walls of existing public and community buildings,DEPUTY COMMISSIONER NOWGONG_IDA,2023-12-06,Action Pending,200000,Unsanctioned
MPLADS-019723,Gaurav Gogoi,Lok Sabha,Assam,KALIABOR,,,LAOKHOWA,Magurmati,Normal/Others,NA - Construction of community centers and community halls,DEPUTY COMMISSIONER NOWGONG_IDA,2023-12-06,Action Pending,200000,Unsanctioned
MPLADS-019724,Gaurav Gogoi,Lok Sabha,Assam,KALIABOR,,,LAOKHOWA,Kathpara,Normal/Others,NA - Construction of public libraries and reading rooms,DEPUTY COMMISSIONER NOWGONG_IDA,2023-12-06,Action Pending,200000,Unsanctioned
MPLADS-019726,Gaurav Gogoi,Lok Sabha,Assam,KALIABOR,,,LAOKHOWA,No.2 Bhatiakhali,Normal/Others,NA - Construction of boundary walls of existing public and community buildings,DEPUTY COMMISSIONER NOWGONG_IDA,2023-12-06,Action Pending,200000,Unsanctioned
MPLADS-019751,Gaurav Gogoi,Lok Sabha,Assam,KALIABOR,,,DOLONGGHAT,Jamuguri,Normal/Others,NA - Construction of rooms and halls in school and colleges,DEPUTY COMMISSIONER NOWGONG_IDA,2023-12-06,Action Pending,250000,Unsanctioned
MPLADS-019755,Gaurav Gogoi,Lok Sabha,Assam,KALIABOR,,,BAJIAGAON,Bhagamur,Normal/Others,NA - Construction of community centers and community halls,DEPUTY COMMISSIONER NOWGONG_IDA,2023-12-06,Action Pending,100000,Unsanctioned
MPLADS-019771,Gaurav Gogoi,Lok Sabha,Assam,KALIABOR,,,BAJIAGAON,Gotonga,Normal/Others,NA - Construction of community centers and community halls,DEPUTY COMMISSIONER NOWGONG_IDA,2023-12-06,Action Pending,200000,Unsanctioned
MPLADS-019793,Gaurav Gogoi,Lok Sabha,Assam,KALIABOR,,,BAJIAGAON,Kanuamari,Normal/Others,NA - Construction of community centers and community halls,DEPUTY COMMISSIONER NOWGONG_IDA,2023-12-06,Action Pending,200000,Unsanctioned
MPLADS-019794,Gaurav Gogoi,Lok Sabha,Assam,KALIABOR,,,BAJIAGAON,Tekeli Pota,Normal/Others,NA - Construction of community centers and community halls,DEPUTY COMMISSIONER NOWGONG_IDA,2023-12-06,Action Pending,200000,Unsanctioned
MPLADS-019795,Gaurav Gogoi,Lok Sabha,Assam,KALIABOR,,,BAJIAGAON,Gerua Mukh,Normal/Others,NA - Construction of community centers and community halls,DEPUTY COMMISSIONER NOWGONG_IDA,2023-12-06,Action Pending,200000,Unsanctioned
MPLADS-019798,Gaurav Gogoi,Lok Sabha,Assam,KALIABOR,,,BAJIAGAON,Bajia Gaon,Normal/Others,NA - Construction of community centers and community halls,DEPUTY COMMISSIONER NOWGONG_IDA,2023-12-06,Action Pending,100000,Unsanctioned
MPLADS-020645,Rajdeep Roy,Lok Sabha,Assam,SILCHAR,,,BORKHOLA,Dudhpatil Pt I,Normal/Others,WS/MP494/2023-2024/56342 - Purchase of furniture and fixtures for educational purposes,DEPUTY COMMISSIONER CACHAR_IDA,2023-12-05,Approved by IDA,252000,Sanctioned
MPLADS-020646,Rajdeep Roy,Lok Sabha,Assam,SILCHAR,,,LAKHIPUR,Lalpani,Normal/Others,WS/MP494/2023-2024/56341 - Purchase of furniture and fixtures for educational purposes,DEPUTY COMMISSIONER CACHAR_IDA,2023-12-05,Approved by IDA,280000,Sanctioned
MPLADS-020647,Rajdeep Roy,Lok Sabha,Assam,SILCHAR,,,KATIGORAH,Tarinipur Pt I,Normal/Others,WS/MP494/2023-2024/56340 - Purchase of furniture and fixtures for educational purposes,DEPUTY COMMISSIONER CACHAR_IDA,2023-12-05,Approved by IDA,280000,Sanctioned
MPLADS-020648,Rajdeep Roy,Lok Sabha,Assam,SILCHAR,,,SONAI,Sundari Pt I,Normal/Others,WS/MP494/2023-2024/56339 - Purchase of furniture and fixtures for educational purposes,DEPUTY COMMISSIONER CACHAR_IDA,2023-12-05,Approved by IDA,280000,Sanctioned
MPLADS-020736,Gaurav Gogoi,Lok Sabha,Assam,KALIABOR,,,DOLONGGHAT,Bagariguri Pam,Normal/Others,NA - Construction of boundary walls of existing public and community buildings,DEPUTY COMMISSIONER NOWGONG_IDA,2023-12-04,Action Pending,250000,Unsanctioned
MPLADS-021680,Pradyut Bordoloi,Lok Sabha,Assam,NOWGONG,Nagaon,5,,,Normal/Others,NA - Construction of buildings for community cultural activities,DEPUTY COMMISSIONER NOWGONG_IDA,2023-11-30,Rejected by IDA,300000,Unsanctioned
MPLADS-021682,Pradyut Bordoloi,Lok Sabha,Assam,NOWGONG,,,KHAGARIJAN,Dimaruguri (CT),Normal/Others,"NA - Construction of roads, approach roads, link roads and pathways",DEPUTY COMMISSIONER NOWGONG_IDA,2023-11-30,Action Pending,500000,Unsanctioned
MPLADS-021683,Pradyut Bordoloi,Lok Sabha,Assam,NOWGONG,Nagaon,10,,,Normal/Others,NA - Construction of toilet blocks,DEPUTY COMMISSIONER NOWGONG_IDA,2023-11-30,Rejected by IDA,300000,Unsanctioned
MPLADS-021717,Pradyut Bordoloi,Lok Sabha,Assam,NOWGONG,,,KHAGARIJAN,Barbheti,Normal/Others,NA - Construction of boundary walls of existing public and community buildings,DEPUTY COMMISSIONER NOWGONG_IDA,2023-11-30,Action Pending,300000,Unsanctioned
MPLADS-021718,Pradyut Bordoloi,Lok Sabha,Assam,NOWGONG,,,KHAGARIJAN,Dipahalu,Normal/Others,NA - Construction of boundary walls of existing public and community buildings,DEPUTY COMMISSIONER NOWGONG_IDA,2023-11-30,Action Pending,300000,Unsanctioned
MPLADS-021719,Pradyut Bordoloi,Lok Sabha,Assam,NOWGONG,,,BHURBANDHA,Bar-Manipur,Normal/Others,NA - Construction of boundary walls of existing public and community buildings,Deputy Commissioner Morigaon_IDA,2023-11-30,Action Pending,250000,Unsanctioned
MPLADS-021720,Pradyut Bordoloi,Lok Sabha,Assam,NOWGONG,,,MAYANG,Pachim Nagaon,Normal/Others,"NA - Construction of roads, link roads, pathways or any other road with or without drainage system",Deputy Commissioner Morigaon_IDA,2023-11-30,Action Pending,250000,Unsanctioned
MPLADS-021721,Pradyut Bordoloi,Lok Sabha,Assam,NOWGONG,,,MAYANG,Dimoruguri,Normal/Others,NA - Construction of buildings for community cultural activities,Deputy Commissioner Morigaon_IDA,2023-11-30,Action Pending,250000,Unsanctioned
MPLADS-021722,Pradyut Bordoloi,Lok Sabha,Assam,NOWGONG,Marigaon,Ward No. 7,,,Normal/Others,NA - Construction of boundary walls of existing public and community buildings,Deputy Commissioner Morigaon_IDA,2023-11-30,Action Pending,300000,Unsanctioned
MPLADS-021723,Pradyut Bordoloi,Lok Sabha,Assam,NOWGONG,,,BHURBANDHA,Sapkati,Normal/Others,NA - Construction of boundary walls of existing public and community buildings,Deputy Commissioner Morigaon_IDA,2023-11-30,Action Pending,300000,Unsanctioned
MPLADS-021724,Shri Naba (Hira) Kumar Sarania ,Lok Sabha,Assam,KOKRAJHAR (ST),,,BOROBAZAR,Bishnupur No.1,Normal/Others,"NA - Construction of roads, approach roads, link roads and pathways",Deputy Commissioner Chirang_IDA,2023-11-30,Action Pending,950000,Unsanctioned
MPLADS-021725,Shri Naba (Hira) Kumar Sarania ,Lok Sabha,Assam,KOKRAJHAR (ST),,,BOROBAZAR,Bishnupur No.1,Normal/Others,"NA - Construction of roads, approach roads, link roads and pathways",Deputy Commissioner Chirang_IDA,2023-11-30,Action Pending,950000,Unsanctioned
MPLADS-021726,Shri Naba (Hira) Kumar Sarania ,Lok Sabha,Assam,KOKRAJHAR (ST),,,BOROBAZAR,Bishnupur No.2,Normal/Others,"NA - Construction of roads, approach roads, link roads and pathways",Deputy Commissioner Chirang_IDA,2023-11-30,Action Pending,950000,Unsanctioned
MPLADS-021727,Shri Naba (Hira) Kumar Sarania ,Lok Sabha,Assam,KOKRAJHAR (ST),,,BOROBAZAR,Sikajhora No.1,Normal/Others,"NA - Construction of roads, approach roads, link roads and pathways",Deputy Commissioner Chirang_IDA,2023-11-30,Action Pending,950000,Unsanctioned
MPLADS-021728,Shri Naba (Hira) Kumar Sarania ,Lok Sabha,Assam,KOKRAJHAR (ST),,,BOROBAZAR,Barpathar No.1,Normal/Others,"NA - Construction of roads, approach roads, link roads and pathways",Deputy Commissioner Chirang_IDA,2023-11-30,Action Pending,950000,Unsanctioned
MPLADS-021729,Horen Sing Bey,Lok Sabha,Assam,AUTONOMOUS DISTRICT(ST),,,SAMELANGSO,Dokmoka,Normal/Others,NA - Construction of boundary walls of existing public and community buildings,DEPUTY COMMISSIONER KARBI ANGLONG_IDA,2023-11-30,Action Pending,3500000,Unsanctioned
MPLADS-022075,Shri Abdul Khaleque ,Lok Sabha,Assam,BARPETA,,,MANDIA,Chapra,Normal/Others,NA - Construction of boundary walls of existing public and community buildings,DEPUTY COMMISSIONER BARPETA_IDA,2023-11-29,Action Pending,500000,Unsanctioned
MPLADS-022265,Horen Sing Bey,Lok Sabha,Assam,AUTONOMOUS DISTRICT(ST),,,LUMBAJONG,Langsoliet Purana Bazar,Normal/Others,NA - Construction of boundary walls of existing public and community buildings,DEPUTY COMMISSIONER KARBI ANGLONG_IDA,2023-11-28,Action Pending,2500000,Unsanctioned
MPLADS-022266,Horen Sing Bey,Lok Sabha,Assam,AUTONOMOUS DISTRICT(ST),,,LUMBAJONG,Langsoliet Purana Bazar,Normal/Others,NA - Construction of boundary walls of existing public and community buildings,DEPUTY COMMISSIONER KARBI ANGLONG_IDA,2023-11-28,Action Pending,2500000,Unsanctioned
MPLADS-022267,Horen Sing Bey,Lok Sabha,Assam,AUTONOMOUS DISTRICT(ST),,,Diphu,Dhanshri Bazar,Normal/Others,NA - Construction of boundary walls of existing public and community buildings,DEPUTY COMMISSIONER KARBI ANGLONG_IDA,2023-11-28,Action Pending,2000000,Unsanctioned
MPLADS-022268,Horen Sing Bey,Lok Sabha,Assam,AUTONOMOUS DISTRICT(ST),,,RONGKHANG,Bhelapara,Normal/Others,NA - Construction of community centers and community halls,Deputy Commissioner West Karbi Anglong_IDA,2023-11-28,Action Pending,1500000,Unsanctioned
MPLADS-022269,Horen Sing Bey,Lok Sabha,Assam,AUTONOMOUS DISTRICT(ST),,,RONGKHANG,Saru Borthol,Normal/Others,NA - Construction of buildings for community cultural activities,Deputy Commissioner West Karbi Anglong_IDA,2023-11-28,Action Pending,3000000,Unsanctioned
MPLADS-022270,Horen Sing Bey,Lok Sabha,Assam,AUTONOMOUS DISTRICT(ST),,,AMRI,Umswai,Normal/Others,NA - Construction of additional rooms and halls in the existing public and community building,Deputy Commissioner West Karbi Anglong_IDA,2023-11-28,Action Pending,2500000,Unsanctioned
MPLADS-022271,Gaurav Gogoi,Lok Sabha,Assam,KALIABOR,,,KALIABOR,Ouguri,Normal/Others,NA - Construction of community centers and community halls,DEPUTY COMMISSIONER NOWGONG_IDA,2023-11-28,Action Pending,250000,Unsanctioned
MPLADS-022272,Gaurav Gogoi,Lok Sabha,Assam,KALIABOR,,,GOLAGHAT NORTH,Bari Chowa Gaon,Normal/Others,NA - Construction of rooms and halls in school and colleges,Deputy Commissioner Golaghat_IDA,2023-11-28,Action Pending,200000,Unsanctioned
MPLADS-022273,Gaurav Gogoi,Lok Sabha,Assam,KALIABOR,,,GOLAGHAT NORTH,Telia Sonari Gaon,Normal/Others,NA - Construction of community centers and community halls,Deputy Commissioner Golaghat_IDA,2023-11-28,Action Pending,250000,Unsanctioned
MPLADS-022994,Gaurav Gogoi,Lok Sabha,Assam,KALIABOR,,,BATADRAVA,Rampur Pam,Normal/Others,NA - Construction of boundary walls of existing public and community buildings,DEPUTY COMMISSIONER NOWGONG_IDA,2023-11-25,Action Pending,200000,Unsanctioned
MPLADS-022995,Gaurav Gogoi,Lok Sabha,Assam,KALIABOR,,,BATADRAVA,Tuk-Tuki,Normal/Others,"NA - Construction of roads, approach roads, link roads and pathways",DEPUTY COMMISSIONER NOWGONG_IDA,2023-11-25,Action Pending,300000,Unsanctioned
MPLADS-022996,Gaurav Gogoi,Lok Sabha,Assam,KALIABOR,,,RUPAHI,Hathi Pukhuri,Normal/Others,NA - Construction of community centers and community halls,DEPUTY COMMISSIONER NOWGONG_IDA,2023-11-25,Rejected by IDA,300000,Unsanctioned
MPLADS-022997,Gaurav Gogoi,Lok Sabha,Assam,KALIABOR,,,JURIA,Dhingbari Chapari,Normal/Others,NA - Construction of community centers and community halls,DEPUTY COMMISSIONER NOWGONG_IDA,2023-11-25,Action Pending,500000,Unsanctioned
MPLADS-022998,Gaurav Gogoi,Lok Sabha,Assam,KALIABOR,,,JURIA,Kadamoni Pathar,Normal/Others,NA - Construction of community centers and community halls,DEPUTY COMMISSIONER NOWGONG_IDA,2023-11-25,Action Pending,500000,Unsanctioned
MPLADS-022999,Gaurav Gogoi,Lok Sabha,Assam,KALIABOR,,,RUPAHI,Hathi Para (Pathipara),Normal/Others,NA - Construction of water tanks,DEPUTY COMMISSIONER NOWGONG_IDA,2023-11-25,Action Pending,500000,Unsanctioned
MPLADS-023000,Gaurav Gogoi,Lok Sabha,Assam,KALIABOR,,,RUPAHI,Pub-Amrakanda,Repair and Renovation,NA - Construction of rooms and halls in school and colleges,DEPUTY COMMISSIONER NOWGONG_IDA,2023-11-25,Action Pending,500000,Unsanctioned
MPLADS-023001,Gaurav Gogoi,Lok Sabha,Assam,KALIABOR,Dhing,"Ward no 2, Dhing Town",,,Normal/Others,NA - Construction of rooms and halls in school and colleges,DEPUTY COMMISSIONER NOWGONG_IDA,2023-11-25,Action Pending,300000,Unsanctioned
MPLADS-023003,Gaurav Gogoi,Lok Sabha,Assam,KALIABOR,,,BATADRAVA,Katah Guri,Normal/Others,NA - Construction of boundary walls of existing public and community buildings,DEPUTY COMMISSIONER NOWGONG_IDA,2023-11-25,Action Pending,300000,Unsanctioned
MPLADS-023004,Gaurav Gogoi,Lok Sabha,Assam,KALIABOR,,,BATADRAVA,Bata Bari,Normal/Others,NA - Crematoriums or structures on burial/ cremation ground for public convenience,DEPUTY COMMISSIONER NOWGONG_IDA,2023-11-25,Action Pending,300000,Unsanctioned
MPLADS-023005,Gaurav Gogoi,Lok Sabha,Assam,KALIABOR,,,DOLONGGHAT,Niz Hatichung,Normal/Others,NA - Construction of rooms and halls in school and colleges,DEPUTY COMMISSIONER NOWGONG_IDA,2023-11-25,Action Pending,300000,Unsanctioned
MPLADS-023006,Gaurav Gogoi,Lok Sabha,Assam,KALIABOR,,,DOLONGGHAT,Raidongia,Normal/Others,NA - Construction of rooms and halls in school and colleges,DEPUTY COMMISSIONER NOWGONG_IDA,2023-11-25,Action Pending,300000,Unsanctioned
MPLADS-023569,Gaurav Gogoi,Lok Sabha,Assam,KALIABOR,,,GOMARIGURI,Milonpur Dighalpani,Normal/Others,NA - Construction of community centers and community halls,Deputy Commissioner Golaghat_IDA,2023-11-23,Action Pending,150000,Unsanctioned
MPLADS-023570,Gaurav Gogoi,Lok Sabha,Assam,KALIABOR,,,GOMARIGURI,Bishrampur,Normal/Others,NA - Construction of community centers and community halls,Deputy Commissioner Golaghat_IDA,2023-11-23,Action Pending,150000,Unsanctioned
MPLADS-023571,Gaurav Gogoi,Lok Sabha,Assam,KALIABOR,,,GOMARIGURI,No.2 Torani Lilapur,Normal/Others,NA - Construction of community centers and community halls,Deputy Commissioner Golaghat_IDA,2023-11-23,Action Pending,150000,Unsanctioned
MPLADS-023572,Gaurav Gogoi,Lok Sabha,Assam,KALIABOR,,,GOMARIGURI,Dineshpur,Normal/Others,NA - Construction of community centers and community halls,Deputy Commissioner Golaghat_IDA,2023-11-23,Action Pending,150000,Unsanctioned
MPLADS-023573,Gaurav Gogoi,Lok Sabha,Assam,KALIABOR,,,GOMARIGURI,Padum Pothar,Normal/Others,NA - Construction of community centers and community halls,Deputy Commissioner Golaghat_IDA,2023-11-23,Action Pending,150000,Unsanctioned
MPLADS-023597,Gaurav Gogoi,Lok Sabha,Assam,KALIABOR,,,GOMARIGURI,Gomariguri,Normal/Others,NA - Construction of community centers and community halls,Deputy Commissioner Golaghat_IDA,2023-11-23,Action Pending,150000,Unsanctioned
MPLADS-023598,Horen Sing Bey,Lok Sabha,Assam,AUTONOMOUS DISTRICT(ST),Haflong,14,,,Normal/Others,NA - Purchase of furniture and fixtures for educational purposes,DEPUTY COMMISSIONER Dima Hasao_IDA,2023-11-23,Action Pending,107,Unsanctioned
MPLADS-023843,Shri Abdul Khaleque ,Lok Sabha,Assam,BARPETA,,,RUPOSHI,Mohia,Normal/Others,"NA - Construction of roads, approach roads, link roads and pathways",DEPUTY COMMISSIONER BARPETA_IDA,2023-11-22,Action Pending,400000,Unsanctioned
MPLADS-023844,Shri Abdul Khaleque ,Lok Sabha,Assam,BARPETA,,,MANDIA,Jania,Repair and Renovation,NA - Construction of rooms and halls in school and colleges,DEPUTY COMMISSIONER BARPETA_IDA,2023-11-22,Action Pending,600000,Unsanctioned
MPLADS-023845,Shri Abdul Khaleque ,Lok Sabha,Assam,BARPETA,Abhayapuri,7,,,Normal/Others,NA - Construction of boundary walls of existing public and community buildings,Deputy Commissioner Bongaigaon_IDA,2023-11-22,Action Pending,400000,Unsanctioned
MPLADS-023846,Shri Abdul Khaleque ,Lok Sabha,Assam,BARPETA,,,GOMAPHULBARI,Lakhimpur N.C.,Normal/Others,NA - Construction of shelters for animals,DEPUTY COMMISSIONER BARPETA_IDA,2023-11-22,Action Pending,300000,Unsanctioned
MPLADS-023847,Shri Abdul Khaleque ,Lok Sabha,Assam,BARPETA,,,BARPETA,Dhakalia Para (Dhakia Para),Normal/Others,"NA - Construction of roads, approach roads, link roads and pathways",DEPUTY COMMISSIONER BARPETA_IDA,2023-11-22,Action Pending,800000,Unsanctioned
MPLADS-023848,Shri Abdul Khaleque ,Lok Sabha,Assam,BARPETA,,,MANDIA,Mandia Gaon,Normal/Others,NA - Construction of boundary walls of existing public and community buildings,DEPUTY COMMISSIONER BARPETA_IDA,2023-11-22,Action Pending,500000,Unsanctioned
MPLADS-023849,Shri Abdul Khaleque ,Lok Sabha,Assam,BARPETA,,,MANDIA,Karertal,Normal/Others,"WS/MP314/2023-2024/51817 - Construction of roads, link roads, pathways or any other road with or without drainage system",DEPUTY COMMISSIONER BARPETA_IDA,2023-11-22,Approved by IDA,400000,Sanctioned
MPLADS-023851,Shri Abdul Khaleque ,Lok Sabha,Assam,BARPETA,,,SRIJANGRAM,Kakila Majpara,Normal/Others,NA - Construction of buildings for community cultural activities,Deputy Commissioner Bongaigaon_IDA,2023-11-22,Action Pending,300000,Unsanctioned
MPLADS-023852,Shri Abdul Khaleque ,Lok Sabha,Assam,BARPETA,Howli,10,,,Repair and Renovation,NA - Construction of rooms and halls in school and colleges,DEPUTY COMMISSIONER BARPETA_IDA,2023-11-22,Action Pending,700000,Unsanctioned
MPLADS-023859,Topon Kumar Gogoi,Lok Sabha,Assam,JORHAT,,,LAKUWA,Naharhabi Grant No.83,Normal/Others,NA - Construction of boundary walls of existing public and community buildings,Deputy Commissioner Charaideo_IDA,2023-11-22,Action Pending,300000,Unsanctioned
MPLADS-023868,Dilip Saikia,Lok Sabha,Assam,MANGALDOI,,,SIPAJHAR,Kabai Chuba,Normal/Others,NA - Construction of boundary walls of existing public and community buildings,DEPUTY COMMISSIONER DARRANG_IDA,2023-11-22,Action Pending,300000,Unsanctioned
MPLADS-023894,Shri Abdul Khaleque ,Lok Sabha,Assam,BARPETA,,,RUPOSHI,Kalgachia,Repair and Renovation,"NA - Construction of Government office buildings (Post office, Police station, Police chauki, etc.)",DEPUTY COMMISSIONER BARPETA_IDA,2023-11-22,Action Pending,350000,Unsanctioned
MPLADS-023895,Topon Kumar Gogoi,Lok Sabha,Assam,JORHAT,,,WEST ABHAIPUR,Mohan Gaon & Suffry Rly. Stn.,Normal/Others,WS/MP496/2023-2024/51626 - Construction of common work sheds/ common covered sitting area,Deputy Commissioner Charaideo_IDA,2023-11-22,Approved by IDA,500000,Unsanctioned
MPLADS-023897,Dilip Saikia,Lok Sabha,Assam,MANGALDOI,,,BIHDIA -JAJIKONA,Madhukuchi,Normal/Others,NA - Construction of additional rooms and halls in the existing public and community building,DEPUTY COMMISSIONER KAMRUP_IDA,2023-11-22,Action Pending,300000,Unsanctioned
MPLADS-023898,Dilip Saikia,Lok Sabha,Assam,MANGALDOI,,,GORESWAR,Bakulguri,Normal/Others,NA - Construction of additional rooms and halls in the existing public and community building,DEPUTY COMMISSIONER BAKSA_IDA,2023-11-22,Action Pending,300000,Unsanctioned
MPLADS-023899,Dilip Saikia,Lok Sabha,Assam,MANGALDOI,,,GORESWAR,Rampur,Normal/Others,NA - Construction of boundary walls of existing public and community buildings,DEPUTY COMMISSIONER BAKSA_IDA,2023-11-22,Action Pending,300000,Unsanctioned
MPLADS-023900,Dilip Saikia,Lok Sabha,Assam,MANGALDOI,,,GORESWAR,Tengajhar,Normal/Others,NA - Construction of boundary walls of existing public and community buildings,DEPUTY COMMISSIONER BAKSA_IDA,2023-11-22,Action Pending,250000,Unsanctioned
MPLADS-023901,Dilip Saikia,Lok Sabha,Assam,MANGALDOI,,,PUB NALBARI,Chengnoi,Normal/Others,NA - Construction of additional rooms and halls in the existing public and community building,DEPUTY COMMISSIONER NALBARI_IDA,2023-11-22,Action Pending,300000,Unsanctioned
MPLADS-023902,Dilip Saikia,Lok Sabha,Assam,MANGALDOI,,,BARIGOG BANBHAG,Sahanbistupur,Normal/Others,NA - Construction of additional rooms and halls in the existing public and community building,DEPUTY COMMISSIONER NALBARI_IDA,2023-11-22,Action Pending,300000,Unsanctioned
MPLADS-023903,Dilip Saikia,Lok Sabha,Assam,MANGALDOI,,,PUB NALBARI,Charia,Normal/Others,NA - Crematoriums or structures on burial/ cremation ground for public convenience,DEPUTY COMMISSIONER NALBARI_IDA,2023-11-22,Action Pending,300000,Unsanctioned
MPLADS-023904,Dilip Saikia,Lok Sabha,Assam,MANGALDOI,,,BARIGOG BANBHAG,Dehar Kuchi,Normal/Others,NA - Construction of additional rooms and halls in the existing public and community building,DEPUTY COMMISSIONER NALBARI_IDA,2023-11-22,Action Pending,250000,Unsanctioned
MPLADS-023905,Dilip Saikia,Lok Sabha,Assam,MANGALDOI,,,BARIGOG BANBHAG,Kayakuchi,Normal/Others,NA - Construction of boundary walls of existing public and community buildings,DEPUTY COMMISSIONER NALBARI_IDA,2023-11-22,Action Pending,200000,Unsanctioned
MPLADS-023906,Dilip Saikia,Lok Sabha,Assam,MANGALDOI,,,BARIGOG BANBHAG,Madhapur,Normal/Others,NA - Construction of additional rooms and halls in the existing public and community building,DEPUTY COMMISSIONER NALBARI_IDA,2023-11-22,Action Pending,300000,Unsanctioned
MPLADS-023907,Dilip Saikia,Lok Sabha,Assam,MANGALDOI,,,PUB NALBARI,Niz-Bahjani (CT),Normal/Others,NA - Construction of boundary walls of existing public and community buildings,DEPUTY COMMISSIONER NALBARI_IDA,2023-11-22,Action Pending,200000,Unsanctioned
MPLADS-023908,Dilip Saikia,Lok Sabha,Assam,MANGALDOI,Nalbari,6,,,Normal/Others,NA - Construction of common work sheds/ common covered sitting area,DEPUTY COMMISSIONER NALBARI_IDA,2023-11-22,Action Pending,200000,Unsanctioned
MPLADS-023909,Dilip Saikia,Lok Sabha,Assam,MANGALDOI,,,BARIGOG BANBHAG,Bardhanara No.1,Normal/Others,NA - Construction of additional rooms and halls in the existing public and community building,DEPUTY COMMISSIONER NALBARI_IDA,2023-11-22,Action Pending,250000,Unsanctioned
MPLADS-023910,Dilip Saikia,Lok Sabha,Assam,MANGALDOI,,,BARIGOG BANBHAG,Chatma,Normal/Others,NA - Construction of additional rooms and halls in the existing public and community building,DEPUTY COMMISSIONER NALBARI_IDA,2023-11-22,Action Pending,250000,Unsanctioned
MPLADS-023911,Dilip Saikia,Lok Sabha,Assam,MANGALDOI,,,GORESWAR,Kerpabhita,Normal/Others,NA - Construction of toilet blocks,DEPUTY COMMISSIONER BAKSA_IDA,2023-11-22,Action Pending,250000,Unsanctioned
MPLADS-023912,Dilip Saikia,Lok Sabha,Assam,MANGALDOI,,,ODALGURI,Thana Udalguri,Normal/Others,NA - Construction of additional rooms and halls in the existing public and community building,DEPUTY COMMISSIONER Udalguri_IDA,2023-11-22,Action Pending,300000,Unsanctioned
MPLADS-023913,Dilip Saikia,Lok Sabha,Assam,MANGALDOI,,,GORESWAR,Karipara,Normal/Others,NA - Construction of additional rooms and halls in the existing public and community building,DEPUTY COMMISSIONER BAKSA_IDA,2023-11-22,Action Pending,300000,Unsanctioned
MPLADS-023914,Dilip Saikia,Lok Sabha,Assam,MANGALDOI,,,GORESWAR,Maharipara,Normal/Others,NA - Construction of boundary walls of existing public and community buildings,DEPUTY COMMISSIONER BAKSA_IDA,2023-11-22,Action Pending,300000,Unsanctioned
MPLADS-023915,Dilip Saikia,Lok Sabha,Assam,MANGALDOI,,,GORESWAR,Balahati,Normal/Others,NA - Construction of additional rooms and halls in the existing public and community building,DEPUTY COMMISSIONER BAKSA_IDA,2023-11-22,Action Pending,300000,Unsanctioned
MPLADS-023916,Dilip Saikia,Lok Sabha,Assam,MANGALDOI,,,KALAIGAON,Garia Para,Normal/Others,NA - Construction of additional rooms and halls in the existing public and community building,DEPUTY COMMISSIONER DARRANG_IDA,2023-11-22,Action Pending,500000,Unsanctioned
MPLADS-023917,Dilip Saikia,Lok Sabha,Assam,MANGALDOI,,,PACHIM-MANGALDAI,Adhikari,Normal/Others,NA - Construction of additional rooms and halls in the existing public and community building,DEPUTY COMMISSIONER DARRANG_IDA,2023-11-22,Action Pending,250000,Unsanctioned
MPLADS-023918,Dilip Saikia,Lok Sabha,Assam,MANGALDOI,Mangaldoi,1,,,Normal/Others,NA - Construction of public libraries and reading rooms,DEPUTY COMMISSIONER DARRANG_IDA,2023-11-22,Action Pending,300000,Unsanctioned
MPLADS-023919,Dilip Saikia,Lok Sabha,Assam,MANGALDOI,,,PACHIM-MANGALDAI,Ramhari Chuba,Normal/Others,NA - Construction of additional rooms and halls in the existing public and community building,DEPUTY COMMISSIONER DARRANG_IDA,2023-11-22,Action Pending,300000,Unsanctioned
MPLADS-023920,Dilip Saikia,Lok Sabha,Assam,MANGALDOI,,,PACHIM-MANGALDAI,Choto Nagaon,Normal/Others,NA - Construction of public libraries and reading rooms,DEPUTY COMMISSIONER DARRANG_IDA,2023-11-22,Action Pending,300000,Unsanctioned
MPLADS-023921,Dilip Saikia,Lok Sabha,Assam,MANGALDOI,,,PACHIM-MANGALDAI,Nagaon,Normal/Others,NA - Construction of additional rooms and halls in the existing public and community building,DEPUTY COMMISSIONER DARRANG_IDA,2023-11-22,Action Pending,300000,Unsanctioned
MPLADS-023922,Dilip Saikia,Lok Sabha,Assam,MANGALDOI,,,PACHIM-MANGALDAI,Maz Chuburi,Normal/Others,NA - Construction of boundary walls of existing public and community buildings,DEPUTY COMMISSIONER DARRANG_IDA,2023-11-22,Action Pending,250000,Unsanctioned
MPLADS-023923,Dilip Saikia,Lok Sabha,Assam,MANGALDOI,Mangaldoi,9,,,Normal/Others,NA - Construction of additional rooms and halls in the existing public and community building,DEPUTY COMMISSIONER DARRANG_IDA,2023-11-22,Action Pending,250000,Unsanctioned
MPLADS-023924,Dilip Saikia,Lok Sabha,Assam,MANGALDOI,Mangaldoi,5,,,Normal/Others,NA - Construction of boundary walls of existing public and community buildings,DEPUTY COMMISSIONER DARRANG_IDA,2023-11-22,Action Pending,250000,Unsanctioned
MPLADS-023925,Dilip Saikia,Lok Sabha,Assam,MANGALDOI,,,PACHIM-MANGALDAI,No.1 Bezpara,Normal/Others,NA - Construction of additional rooms and halls in the existing public and community building,DEPUTY COMMISSIONER DARRANG_IDA,2023-11-22,Action Pending,250000,Unsanctioned
MPLADS-023926,Dilip Saikia,Lok Sabha,Assam,MANGALDOI,,,PACHIM-MANGALDAI,Bezpara,Normal/Others,NA - Crematoriums or structures on burial/ cremation ground for public convenience,DEPUTY COMMISSIONER DARRANG_IDA,2023-11-22,Action Pending,250000,Unsanctioned
MPLADS-023927,Dilip Saikia,Lok Sabha,Assam,MANGALDOI,,,PACHIM-MANGALDAI,Barathiabari,Normal/Others,NA - Construction of additional rooms and halls in the existing public and community building,DEPUTY COMMISSIONER DARRANG_IDA,2023-11-22,Action Pending,300000,Unsanctioned
MPLADS-023928,Dilip Saikia,Lok Sabha,Assam,MANGALDOI,,,PACHIM-MANGALDAI,Nagaon,Normal/Others,NA - Construction of common work sheds/ common covered sitting area,DEPUTY COMMISSIONER DARRANG_IDA,2023-11-22,Action Pending,250000,Unsanctioned
MPLADS-023929,Dilip Saikia,Lok Sabha,Assam,MANGALDOI,Mangaldoi,2,,,Normal/Others,NA - Construction of additional rooms and halls in the existing public and community building,DEPUTY COMMISSIONER DARRANG_IDA,2023-11-22,Action Pending,250000,Unsanctioned
MPLADS-023930,Dilip Saikia,Lok Sabha,Assam,MANGALDOI,,,PACHIM-MANGALDAI,Patalsingpara,Normal/Others,NA - Construction of common work sheds/ common covered sitting area,DEPUTY COMMISSIONER DARRANG_IDA,2023-11-22,Action Pending,250000,Unsanctioned
MPLADS-023931,Dilip Saikia,Lok Sabha,Assam,MANGALDOI,,,PACHIM-MANGALDAI,Barampur,Normal/Others,NA - Construction of toilet blocks,DEPUTY COMMISSIONER DARRANG_IDA,2023-11-22,Action Pending,200000,Unsanctioned
MPLADS-023932,Dilip Saikia,Lok Sabha,Assam,MANGALDOI,,,ODALGURI,No.1 Phasia,Normal/Others,NA - Crematoriums or structures on burial/ cremation ground for public convenience,DEPUTY COMMISSIONER Udalguri_IDA,2023-11-22,Action Pending,250000,Unsanctioned
MPLADS-023933,Topon Kumar Gogoi,Lok Sabha,Assam,JORHAT,,,WEST ABHAIPUR,Towkok Grant No.2,Normal/Others,WS/MP496/2023-2024/51623 - Construction of public libraries and reading rooms,Deputy Commissioner Charaideo_IDA,2023-11-22,Approved by IDA,500000,Unsanctioned
MPLADS-023934,Dilip Saikia,Lok Sabha,Assam,MANGALDOI,,,KAMALPUR,Kamalpur,Normal/Others,NA - Construction of public libraries and reading rooms,DEPUTY COMMISSIONER KAMRUP_IDA,2023-11-22,Action Pending,300000,Unsanctioned
MPLADS-023941,Gaurav Gogoi,Lok Sabha,Assam,KALIABOR,,,MOIRABARI PART,Bechamari,Normal/Others,"NA - Purchase of ambulances (Four, three and two wheelers)",DEPUTY COMMISSIONER NOWGONG_IDA,2023-11-22,Action Pending,900000,Unsanctioned
MPLADS-023943,Dilip Saikia,Lok Sabha,Assam,MANGALDOI,,,ROWTA,Pakidia,Normal/Others,NA - Construction of boundary walls of existing public and community buildings,DEPUTY COMMISSIONER Udalguri_IDA,2023-11-22,Action Pending,200000,Unsanctioned
MPLADS-023944,Dilip Saikia,Lok Sabha,Assam,MANGALDOI,,,ROWTA,Mohanpur,Normal/Others,NA - Construction of boundary walls of existing public and community buildings,DEPUTY COMMISSIONER Udalguri_IDA,2023-11-22,Action Pending,200000,Unsanctioned
MPLADS-023945,Dilip Saikia,Lok Sabha,Assam,MANGALDOI,,,ODALGURI,Kachubil Nepaligaon,Normal/Others,NA - Crematoriums or structures on burial/ cremation ground for public convenience,DEPUTY COMMISSIONER Udalguri_IDA,2023-11-22,Action Pending,250000,Unsanctioned
MPLADS-023946,Dilip Saikia,Lok Sabha,Assam,MANGALDOI,,,ODALGURI,Khokhagaon,Normal/Others,NA - Common work sheds for artisans,DEPUTY COMMISSIONER Udalguri_IDA,2023-11-22,Action Pending,250000,Unsanctioned
MPLADS-023947,Dilip Saikia,Lok Sabha,Assam,MANGALDOI,,,GORESWAR,Barphukan Khat,Normal/Others,NA - Common work sheds for artisans,DEPUTY COMMISSIONER BAKSA_IDA,2023-11-22,Action Pending,250000,Unsanctioned
MPLADS-023948,Dilip Saikia,Lok Sabha,Assam,MANGALDOI,,,PUB-MANGALDAI,Gerimari Chapori (CT),Normal/Others,NA - Construction of additional rooms and halls in the existing public and community building,DEPUTY COMMISSIONER DARRANG_IDA,2023-11-22,Action Pending,300000,Unsanctioned
MPLADS-023949,Dilip Saikia,Lok Sabha,Assam,MANGALDOI,,,ROWTA,Golondi Habi,Normal/Others,NA - Construction of additional rooms and halls in the existing public and community building,DEPUTY COMMISSIONER Udalguri_IDA,2023-11-22,Action Pending,300000,Unsanctioned
MPLADS-023953,Dilip Saikia,Lok Sabha,Assam,MANGALDOI,,,BHERGAON,Uttar Kalikhola,Normal/Others,NA - Common work sheds for artisans,DEPUTY COMMISSIONER Udalguri_IDA,2023-11-22,Action Pending,200000,Unsanctioned
MPLADS-023954,Dilip Saikia,Lok Sabha,Assam,MANGALDOI,,,BIHDIA -JAJIKONA,Sahan,Normal/Others,NA - Construction of boundary walls of existing public and community buildings,DEPUTY COMMISSIONER KAMRUP_IDA,2023-11-22,Action Pending,200000,Unsanctioned
MPLADS-023955,Dilip Saikia,Lok Sabha,Assam,MANGALDOI,,,PUB-MANGALDAI,Niz Shyamabari,Normal/Others,NA - Crematoriums or structures on burial/ cremation ground for public convenience,DEPUTY COMMISSIONER DARRANG_IDA,2023-11-22,Action Pending,250000,Unsanctioned
MPLADS-023956,Dilip Saikia,Lok Sabha,Assam,MANGALDOI,,,PACHIM-MANGALDAI,Saikiapara,Normal/Others,NA - Crematoriums or structures on burial/ cremation ground for public convenience,DEPUTY COMMISSIONER DARRANG_IDA,2023-11-22,Action Pending,250000,Unsanctioned
MPLADS-023957,Dilip Saikia,Lok Sabha,Assam,MANGALDOI,Udalguri,3,,,Normal/Others,NA - Construction of additional rooms and halls in the existing public and community building,DEPUTY COMMISSIONER Udalguri_IDA,2023-11-22,Action Pending,400000,Unsanctioned
MPLADS-023958,Dilip Saikia,Lok Sabha,Assam,MANGALDOI,,,ROWTA,Purani Goroibari,Normal/Others,NA - Construction of boundary walls of existing public and community buildings,DEPUTY COMMISSIONER Udalguri_IDA,2023-11-22,Action Pending,250000,Unsanctioned
MPLADS-023959,Dilip Saikia,Lok Sabha,Assam,MANGALDOI,,,ODALGURI,Tarajuli,Normal/Others,NA - Common work sheds for artisans,DEPUTY COMMISSIONER Udalguri_IDA,2023-11-22,Action Pending,200000,Unsanctioned
MPLADS-023960,Dilip Saikia,Lok Sabha,Assam,MANGALDOI,,,BHERGAON,No.2 Barangajuli,Normal/Others,NA - Construction of boundary walls of existing public and community buildings,DEPUTY COMMISSIONER Udalguri_IDA,2023-11-22,Action Pending,250000,Unsanctioned
MPLADS-023961,Gaurav Gogoi,Lok Sabha,Assam,KALIABOR,,,BATADRAVA,Bilatia,Normal/Others,NA - Crematoriums or structures on burial/ cremation ground for public convenience,DEPUTY COMMISSIONER NOWGONG_IDA,2023-11-22,Action Pending,200000,Unsanctioned
MPLADS-023962,Dilip Saikia,Lok Sabha,Assam,MANGALDOI,,,ROWTA,Simaluguri,Normal/Others,NA - Construction of boundary walls of existing public and community buildings,DEPUTY COMMISSIONER Udalguri_IDA,2023-11-22,Action Pending,200000,Unsanctioned
MPLADS-023963,Dilip Saikia,Lok Sabha,Assam,MANGALDOI,,,RANGIA,Ischadagharia,Normal/Others,NA - Construction of additional rooms and halls in the existing public and community building,DEPUTY COMMISSIONER KAMRUP_IDA,2023-11-22,Action Pending,500000,Unsanctioned
MPLADS-023965,Dilip Saikia,Lok Sabha,Assam,MANGALDOI,Kharupatia,2,,,Normal/Others,NA - Construction of additional rooms and halls in the existing public and community building,DEPUTY COMMISSIONER DARRANG_IDA,2023-11-22,Action Pending,300000,Unsanctioned
MPLADS-023966,Gaurav Gogoi,Lok Sabha,Assam,KALIABOR,Dhing,Ward no 6,,,Normal/Others,NA - Construction of boundary walls of existing public and community buildings,DEPUTY COMMISSIONER NOWGONG_IDA,2023-11-22,Action Pending,200000,Unsanctioned
MPLADS-023967,Gaurav Gogoi,Lok Sabha,Assam,KALIABOR,,,MOIRABARI PART,Lahkar Ghat,Normal/Others,NA - Construction of public libraries and reading rooms,DEPUTY COMMISSIONER NOWGONG_IDA,2023-11-22,Action Pending,200000,Unsanctioned
MPLADS-024107,Dilip Saikia,Lok Sabha,Assam,MANGALDOI,,,RANGIA,Debok No.2,Normal/Others,NA - Construction of additional rooms and halls in the existing public and community building,DEPUTY COMMISSIONER KAMRUP_IDA,2023-11-22,Action Pending,300000,Unsanctioned
MPLADS-024138,Gaurav Gogoi,Lok Sabha,Assam,KALIABOR,,,JURIA,Garia Kawai Mari,Normal/Others,NA - Crematoriums or structures on burial/ cremation ground for public convenience,DEPUTY COMMISSIONER NOWGONG_IDA,2023-11-21,Action Pending,300000,Unsanctioned
MPLADS-024152,Gaurav Gogoi,Lok Sabha,Assam,KALIABOR,,,JURIA,Jengani Gaon(Zengani Gaon),Normal/Others,NA - Construction of community centers and community halls,DEPUTY COMMISSIONER NOWGONG_IDA,2023-11-21,Action Pending,300000,Unsanctioned
MPLADS-024248,Pradan Baruah,Lok Sabha,Assam,LAKHIMPUR,,,DHEMAJI,Pera Bhari,Normal/Others,NA - Construction of community centers and community halls,DEPUTY COMMISSIONER DHEMAJI_IDA,2023-11-21,Action Pending,300000,Unsanctioned
MPLADS-024273,Gaurav Gogoi,Lok Sabha,Assam,KALIABOR,Bokakhat,10,,,Normal/Others,NA - Construction of community centers and community halls,Deputy Commissioner Golaghat_IDA,2023-11-21,Action Pending,200000,Unsanctioned
MPLADS-024275,Gaurav Gogoi,Lok Sabha,Assam,KALIABOR,Bokakhat,1,,,Normal/Others,NA - Construction of boundary walls of existing public and community buildings,Deputy Commissioner Golaghat_IDA,2023-11-21,Action Pending,200000,Unsanctioned
MPLADS-024276,Gaurav Gogoi,Lok Sabha,Assam,KALIABOR,,,JURIA,Langia Gaon,Normal/Others,NA - Construction of boundary walls of existing public and community buildings,DEPUTY COMMISSIONER NOWGONG_IDA,2023-11-21,Action Pending,300000,Unsanctioned
MPLADS-024277,Gaurav Gogoi,Lok Sabha,Assam,KALIABOR,,,JURIA,Jamuguri,Normal/Others,NA - Construction of boundary walls of existing public and community buildings,DEPUTY COMMISSIONER NOWGONG_IDA,2023-11-21,Action Pending,300000,Unsanctioned
MPLADS-024278,Gaurav Gogoi,Lok Sabha,Assam,KALIABOR,,,JURIA,Alitangani,Normal/Others,NA - Crematoriums or structures on burial/ cremation ground for public convenience,DEPUTY COMMISSIONER NOWGONG_IDA,2023-11-21,Action Pending,350000,Unsanctioned
MPLADS-024279,Gaurav Gogoi,Lok Sabha,Assam,KALIABOR,,,JURIA,Simalu-Ati,Normal/Others,NA - Construction of boundary walls of existing public and community buildings,DEPUTY COMMISSIONER NOWGONG_IDA,2023-11-21,Action Pending,300000,Unsanctioned
MPLADS-024280,Gaurav Gogoi,Lok Sabha,Assam,KALIABOR,,,GOLAGHAT WEST,Hatikhuli T.E.,Normal/Others,"NA - Purchase of ambulances (Four, three and two wheelers)",Deputy Commissioner Golaghat_IDA,2023-11-21,Action Pending,900000,Unsanctioned
MPLADS-024281,Gaurav Gogoi,Lok Sabha,Assam,KALIABOR,,,GOLAGHAT WEST,Numaligarh bagicha,Normal/Others,"NA - Purchase of ambulances (Four, three and two wheelers)",Deputy Commissioner Golaghat_IDA,2023-11-21,Action Pending,900000,Unsanctioned
MPLADS-024282,Gaurav Gogoi,Lok Sabha,Assam,KALIABOR,,,GOLAGHAT WEST,Kandhulimari,Normal/Others,NA - Construction of community centers and community halls,Deputy Commissioner Golaghat_IDA,2023-11-21,Action Pending,250000,Unsanctioned
MPLADS-024283,Gaurav Gogoi,Lok Sabha,Assam,KALIABOR,,,GOLAGHAT WEST,Badulipar Bagicha,Normal/Others,NA - Construction of boundary walls of existing public and community buildings,Deputy Commissioner Golaghat_IDA,2023-11-21,Action Pending,200000,Unsanctioned
MPLADS-024284,Gaurav Gogoi,Lok Sabha,Assam,KALIABOR,,,GOLAGHAT WEST,Gulung Doital,Normal/Others,NA - Construction of community centers and community halls,Deputy Commissioner Golaghat_IDA,2023-11-21,Action Pending,200000,Unsanctioned
MPLADS-024285,Gaurav Gogoi,Lok Sabha,Assam,KALIABOR,,,GOLAGHAT WEST,Rongagora,Normal/Others,NA - Construction of boundary walls of existing public and community buildings,Deputy Commissioner Golaghat_IDA,2023-11-21,Action Pending,150000,Unsanctioned
MPLADS-024286,Gaurav Gogoi,Lok Sabha,Assam,KALIABOR,,,GOLAGHAT WEST,Nam-Temera,Normal/Others,NA - Construction of bus-sheds or bus-stops,Deputy Commissioner Golaghat_IDA,2023-11-21,Action Pending,150000,Unsanctioned
MPLADS-024287,Gaurav Gogoi,Lok Sabha,Assam,KALIABOR,,,GOLAGHAT WEST,Balijan,Normal/Others,NA - Construction of community centers and community halls,Deputy Commissioner Golaghat_IDA,2023-11-21,Action Pending,200000,Unsanctioned
MPLADS-024288,Gaurav Gogoi,Lok Sabha,Assam,KALIABOR,,,GOLAGHAT WEST,Kuruabahi Gaon,Normal/Others,NA - Construction of community centers and community halls,Deputy Commissioner Golaghat_IDA,2023-11-21,Action Pending,150000,Unsanctioned
MPLADS-024289,Gaurav Gogoi,Lok Sabha,Assam,KALIABOR,,,GOLAGHAT WEST,Garahmurh,Normal/Others,NA - Construction of community centers and community halls,Deputy Commissioner Golaghat_IDA,2023-11-21,Action Pending,200000,Unsanctioned
MPLADS-024290,Gaurav Gogoi,Lok Sabha,Assam,KALIABOR,,,GOLAGHAT WEST,Japari Pathar,Normal/Others,NA - Construction of community centers and community halls,Deputy Commissioner Golaghat_IDA,2023-11-21,Action Pending,150000,Unsanctioned
MPLADS-024291,Gaurav Gogoi,Lok Sabha,Assam,KALIABOR,,,GOLAGHAT WEST,Balijan,Normal/Others,NA - Construction of boundary walls of existing public and community buildings,Deputy Commissioner Golaghat_IDA,2023-11-21,Action Pending,150000,Unsanctioned
MPLADS-024292,Gaurav Gogoi,Lok Sabha,Assam,KALIABOR,,,GOLAGHAT WEST,Rongagora Grant,Normal/Others,NA - Construction of boundary walls of existing public and community buildings,Deputy Commissioner Golaghat_IDA,2023-11-21,Action Pending,200000,Unsanctioned
MPLADS-024293,Gaurav Gogoi,Lok Sabha,Assam,KALIABOR,Bokakhat,1,,,Normal/Others,NA - Construction of community centers and community halls,Deputy Commissioner Golaghat_IDA,2023-11-21,Action Pending,150000,Unsanctioned
MPLADS-024294,Gaurav Gogoi,Lok Sabha,Assam,KALIABOR,Bokakhat,2,,,Normal/Others,NA - Construction of rooms and halls in school and colleges,Deputy Commissioner Golaghat_IDA,2023-11-21,Action Pending,250000,Unsanctioned
MPLADS-024295,Gaurav Gogoi,Lok Sabha,Assam,KALIABOR,Bokakhat,2,,,Normal/Others,NA - Purchase of sports equipment,Deputy Commissioner Golaghat_IDA,2023-11-21,Action Pending,100000,Unsanctioned
MPLADS-024296,Gaurav Gogoi,Lok Sabha,Assam,KALIABOR,Bokakhat,7,,,Normal/Others,NA - Construction of community centers and community halls,Deputy Commissioner Golaghat_IDA,2023-11-21,Action Pending,150000,Unsanctioned
MPLADS-024298,Gaurav Gogoi,Lok Sabha,Assam,KALIABOR,Bokakhat,1,,,Normal/Others,NA - Construction of community centers and community halls,Deputy Commissioner Golaghat_IDA,2023-11-21,Action Pending,150000,Unsanctioned
MPLADS-024353,Gaurav Gogoi,Lok Sabha,Assam,KALIABOR,,,GOLAGHAT WEST,Bacha Gaon,Normal/Others,NA - Construction of community centers and community halls,Deputy Commissioner Golaghat_IDA,2023-11-21,Action Pending,150000,Unsanctioned
MPLADS-024465,Gaurav Gogoi,Lok Sabha,Assam,KALIABOR,,,GOMARIGURI,Milonpur Dighalpani,Normal/Others,NA - Construction of community centers and community halls,Deputy Commissioner Golaghat_IDA,2023-11-20,Rejected by IDA,200000,Unsanctioned
MPLADS-024466,Gaurav Gogoi,Lok Sabha,Assam,KALIABOR,,,GOMARIGURI,Padumoni,Normal/Others,NA - Construction of community centers and community halls,Deputy Commissioner Golaghat_IDA,2023-11-20,Rejected by IDA,150000,Unsanctioned
MPLADS-024467,Gaurav Gogoi,Lok Sabha,Assam,KALIABOR,,,GOMARIGURI,Analpara,Normal/Others,NA - Crematoriums or structures on burial/ cremation ground for public convenience,Deputy Commissioner Golaghat_IDA,2023-11-20,Rejected by IDA,150000,Unsanctioned
MPLADS-024468,Gaurav Gogoi,Lok Sabha,Assam,KALIABOR,,,PACHIM KALIABOR,Borghat T.E. No.1,Normal/Others,NA - Construction of community centers and community halls,DEPUTY COMMISSIONER NOWGONG_IDA,2023-11-20,Action Pending,250000,Unsanctioned
MPLADS-024469,Gaurav Gogoi,Lok Sabha,Assam,KALIABOR,,,GOMARIGURI,Dineshpur,Normal/Others,NA - Construction of community centers and community halls,Deputy Commissioner Golaghat_IDA,2023-11-20,Rejected by IDA,200000,Unsanctioned
MPLADS-024470,Gaurav Gogoi,Lok Sabha,Assam,KALIABOR,,,GOMARIGURI,Doyalpur,Normal/Others,NA - Construction of community centers and community halls,Deputy Commissioner Golaghat_IDA,2023-11-20,Rejected by IDA,150000,Unsanctioned
MPLADS-024471,Gaurav Gogoi,Lok Sabha,Assam,KALIABOR,,,KALIABOR,Ouguri,Normal/Others,NA - Construction of community centers and community halls,DEPUTY COMMISSIONER NOWGONG_IDA,2023-11-20,Action Pending,300000,Unsanctioned
MPLADS-024472,Gaurav Gogoi,Lok Sabha,Assam,KALIABOR,,,GOMARIGURI,Kachomari,Normal/Others,NA - Construction of community centers and community halls,Deputy Commissioner Golaghat_IDA,2023-11-20,Action Pending,150000,Unsanctioned
MPLADS-024473,Gaurav Gogoi,Lok Sabha,Assam,KALIABOR,,,GOMARIGURI,Barogharia,Normal/Others,NA - Construction of community centers and community halls,Deputy Commissioner Golaghat_IDA,2023-11-20,Action Pending,150000,Unsanctioned
MPLADS-024474,Gaurav Gogoi,Lok Sabha,Assam,KALIABOR,,,GOMARIGURI,Nalani Pothar,Normal/Others,NA - Construction of community centers and community halls,Deputy Commissioner Golaghat_IDA,2023-11-20,Action Pending,150000,Unsanctioned
MPLADS-024475,Gaurav Gogoi,Lok Sabha,Assam,KALIABOR,,,PACHIM KALIABOR,Borghuli No.3,Normal/Others,NA - Construction of rooms and halls in school and colleges,DEPUTY COMMISSIONER NOWGONG_IDA,2023-11-20,Action Pending,250000,Unsanctioned
MPLADS-024478,Gaurav Gogoi,Lok Sabha,Assam,KALIABOR,,,PACHIM KALIABOR,Borhola,Normal/Others,NA - Construction of community centers and community halls,DEPUTY COMMISSIONER NOWGONG_IDA,2023-11-20,Action Pending,250000,Unsanctioned
MPLADS-024479,Gaurav Gogoi,Lok Sabha,Assam,KALIABOR,,,PACHIM KALIABOR,Upper Borbhagia,Normal/Others,NA - Construction of community centers and community halls,DEPUTY COMMISSIONER NOWGONG_IDA,2023-11-20,Action Pending,200000,Unsanctioned
MPLADS-024480,Gaurav Gogoi,Lok Sabha,Assam,KALIABOR,,,PACHIM KALIABOR,Charmung Gaon (Charmuny),Normal/Others,NA - Construction of boundary walls of existing public and community buildings,DEPUTY COMMISSIONER NOWGONG_IDA,2023-11-20,Action Pending,250000,Unsanctioned
MPLADS-024481,Gaurav Gogoi,Lok Sabha,Assam,KALIABOR,,,KALIABOR,Hatigaon,Normal/Others,NA - Construction of community centers and community halls,DEPUTY COMMISSIONER NOWGONG_IDA,2023-11-20,Action Pending,300000,Unsanctioned
MPLADS-024482,Gaurav Gogoi,Lok Sabha,Assam,KALIABOR,,,KALIABOR,Na-Jan,Normal/Others,NA - Construction of boundary walls of existing public and community buildings,DEPUTY COMMISSIONER NOWGONG_IDA,2023-11-20,Action Pending,300000,Unsanctioned
MPLADS-024483,Gaurav Gogoi,Lok Sabha,Assam,KALIABOR,,,KALIABOR,Naltali,Normal/Others,NA - Construction of boundary walls of existing public and community buildings,DEPUTY COMMISSIONER NOWGONG_IDA,2023-11-20,Action Pending,250000,Unsanctioned
MPLADS-024484,Gaurav Gogoi,Lok Sabha,Assam,KALIABOR,,,KALIABOR,Dolgaon,Normal/Others,"NA - Construction of roads, approach roads, link roads and pathways",DEPUTY COMMISSIONER NOWGONG_IDA,2023-11-20,Action Pending,400000,Unsanctioned
MPLADS-024488,Gaurav Gogoi,Lok Sabha,Assam,KALIABOR,,,KALIABOR,Hatigaon,Normal/Others,NA - Construction of community centers and community halls,DEPUTY COMMISSIONER NOWGONG_IDA,2023-11-20,Action Pending,500000,Unsanctioned
MPLADS-024489,Gaurav Gogoi,Lok Sabha,Assam,KALIABOR,,,PACHIM KALIABOR,Becelimari,Normal/Others,NA - Construction of community centers and community halls,DEPUTY COMMISSIONER NOWGONG_IDA,2023-11-20,Action Pending,250000,Unsanctioned
MPLADS-024490,Gaurav Gogoi,Lok Sabha,Assam,KALIABOR,,,KALIABOR,Dulal Madhab,Normal/Others,NA - Construction of buildings for community cultural activities,DEPUTY COMMISSIONER NOWGONG_IDA,2023-11-20,Action Pending,300000,Unsanctioned
MPLADS-024491,Gaurav Gogoi,Lok Sabha,Assam,KALIABOR,,,PACHIM KALIABOR,Charmung Gaon (Charmuny),Normal/Others,NA - Construction of community centers and community halls,DEPUTY COMMISSIONER NOWGONG_IDA,2023-11-20,Action Pending,200000,Unsanctioned
MPLADS-024492,Gaurav Gogoi,Lok Sabha,Assam,KALIABOR,,,PACHIM KALIABOR,Dhanekhowa,Normal/Others,NA - Construction of community centers and community halls,DEPUTY COMMISSIONER NOWGONG_IDA,2023-11-20,Action Pending,200000,Unsanctioned
MPLADS-024493,Gaurav Gogoi,Lok Sabha,Assam,KALIABOR,,,PACHIM KALIABOR,Sakmuthi T.E. No.1,Normal/Others,NA - Construction of community centers and community halls,DEPUTY COMMISSIONER NOWGONG_IDA,2023-11-20,Action Pending,250000,Unsanctioned
MPLADS-024494,Gaurav Gogoi,Lok Sabha,Assam,KALIABOR,,,PACHIM KALIABOR,Missamukh Pam,Normal/Others,NA - Construction of community centers and community halls,DEPUTY COMMISSIONER NOWGONG_IDA,2023-11-20,Action Pending,150000,Unsanctioned
MPLADS-024495,Gaurav Gogoi,Lok Sabha,Assam,KALIABOR,,,PACHIM KALIABOR,Missamukh,Normal/Others,NA - Construction of community centers and community halls,DEPUTY COMMISSIONER NOWGONG_IDA,2023-11-20,Action Pending,150000,Unsanctioned
MPLADS-024497,Gaurav Gogoi,Lok Sabha,Assam,KALIABOR,,,NORTH WEST JORHAT,Kumar Gaon,Normal/Others,NA - Construction of community centers and community halls,DEPUTY COMMISSIONER JORHAT_IDA,2023-11-20,Action Pending,250000,Unsanctioned
MPLADS-024498,Gaurav Gogoi,Lok Sabha,Assam,KALIABOR,,,GOMARIGURI,Bijoypur,Normal/Others,NA - Construction of community centers and community halls,Deputy Commissioner Golaghat_IDA,2023-11-20,Action Pending,150000,Unsanctioned
MPLADS-024516,Gaurav Gogoi,Lok Sabha,Assam,KALIABOR,,,GOMARIGURI,Torani No.1,Normal/Others,"NA - Construction of roads, approach roads, link roads and pathways",Deputy Commissioner Golaghat_IDA,2023-11-20,Action Pending,250000,Unsanctioned
MPLADS-024517,Gaurav Gogoi,Lok Sabha,Assam,KALIABOR,,,GOLAGHAT EAST,Na-Pamua,Normal/Others,NA - Construction of community centers and community halls,Deputy Commissioner Golaghat_IDA,2023-11-20,Action Pending,150000,Unsanctioned
MPLADS-024518,Gaurav Gogoi,Lok Sabha,Assam,KALIABOR,,,GOLAGHAT EAST,Bogorijeng,Normal/Others,NA - Construction of community centers and community halls,Deputy Commissioner Golaghat_IDA,2023-11-20,Action Pending,250000,Unsanctioned
MPLADS-024519,Gaurav Gogoi,Lok Sabha,Assam,KALIABOR,,,GOLAGHAT EAST,Kaboru,Normal/Others,NA - Construction of community centers and community halls,Deputy Commissioner Golaghat_IDA,2023-11-20,Action Pending,150000,Unsanctioned
MPLADS-024520,Gaurav Gogoi,Lok Sabha,Assam,KALIABOR,,,GOLAGHAT EAST,Matikhula,Normal/Others,NA - Installing community drinking water plants,Deputy Commissioner Golaghat_IDA,2023-11-20,Action Pending,150000,Unsanctioned
MPLADS-024521,Gaurav Gogoi,Lok Sabha,Assam,KALIABOR,,,GOLAGHAT EAST,Borkochari,Normal/Others,NA - Construction of community centers and community halls,Deputy Commissioner Golaghat_IDA,2023-11-20,Action Pending,150000,Unsanctioned
MPLADS-024522,Gaurav Gogoi,Lok Sabha,Assam,KALIABOR,,,GOLAGHAT EAST,Sarukachari,Normal/Others,NA - Construction of community centers and community halls,Deputy Commissioner Golaghat_IDA,2023-11-20,Action Pending,200000,Unsanctioned
MPLADS-024523,Gaurav Gogoi,Lok Sabha,Assam,KALIABOR,,,GOLAGHAT EAST,Mahimelia,Normal/Others,NA - Construction of community centers and community halls,Deputy Commissioner Golaghat_IDA,2023-11-20,Action Pending,150000,Unsanctioned
MPLADS-024524,Gaurav Gogoi,Lok Sabha,Assam,KALIABOR,,,GOLAGHAT EAST,Mokrong T.E.,Normal/Others,"NA - Purchase of ambulances (Four, three and two wheelers)",Deputy Commissioner Golaghat_IDA,2023-11-20,Action Pending,900000,Unsanctioned
MPLADS-024525,Gaurav Gogoi,Lok Sabha,Assam,KALIABOR,,,GOLAGHAT EAST,Bengenakhowa,Normal/Others,NA - Construction of community centers and community halls,Deputy Commissioner Golaghat_IDA,2023-11-20,Action Pending,100000,Unsanctioned
MPLADS-024526,Gaurav Gogoi,Lok Sabha,Assam,KALIABOR,,,GOLAGHAT EAST,Bongaon,Normal/Others,NA - Construction of community centers and community halls,Deputy Commissioner Golaghat_IDA,2023-11-20,Action Pending,250000,Unsanctioned
MPLADS-024527,Gaurav Gogoi,Lok Sabha,Assam,KALIABOR,Golaghat,Wards no 8,,,Repair and Renovation,NA - Construction of community centers and community halls,Deputy Commissioner Golaghat_IDA,2023-11-20,Action Pending,150000,Unsanctioned
MPLADS-024528,Gaurav Gogoi,Lok Sabha,Assam,KALIABOR,Golaghat,Ward no 4,,,Normal/Others,NA - Construction of community centers and community halls,Deputy Commissioner Golaghat_IDA,2023-11-20,Action Pending,150000,Unsanctioned
MPLADS-024529,Gaurav Gogoi,Lok Sabha,Assam,KALIABOR,Golaghat,Ward no 1,,,Normal/Others,NA - Construction of community centers and community halls,Deputy Commissioner Golaghat_IDA,2023-11-20,Action Pending,100000,Unsanctioned
MPLADS-024530,Gaurav Gogoi,Lok Sabha,Assam,KALIABOR,,,GOLAGHAT EAST,Chinatoli Gaon,Normal/Others,"NA - Construction of roads, approach roads, link roads and pathways",Deputy Commissioner Golaghat_IDA,2023-11-20,Action Pending,250000,Unsanctioned
MPLADS-024531,Gaurav Gogoi,Lok Sabha,Assam,KALIABOR,,,GOLAGHAT EAST,Molohanitup,Normal/Others,NA - Installation of multi-gym equipment,Deputy Commissioner Golaghat_IDA,2023-11-20,Action Pending,200000,Unsanctioned
MPLADS-024867,Dilip Saikia,Lok Sabha,Assam,MANGALDOI,,,PACHIM-MANGALDAI,Gakhir Khowa Para,Normal/Others,NA - Construction of common work sheds/ common covered sitting area,DEPUTY COMMISSIONER DARRANG_IDA,2023-11-18,Action Pending,250000,Unsanctioned
MPLADS-024869,Dilip Saikia,Lok Sabha,Assam,MANGALDOI,Tangla,3,,,Normal/Others,NA - Construction of toilet blocks,DEPUTY COMMISSIONER Udalguri_IDA,2023-11-18,Action Pending,250000,Unsanctioned
MPLADS-024870,Dilip Saikia,Lok Sabha,Assam,MANGALDOI,,,KALAIGAON,Barpukhurigaon,Normal/Others,NA - Construction of additional rooms and halls in the existing public and community building,DEPUTY COMMISSIONER Udalguri_IDA,2023-11-18,Action Pending,200000,Unsanctioned
MPLADS-024871,Dilip Saikia,Lok Sabha,Assam,MANGALDOI,,,ODALGURI,Bar Jalah,Normal/Others,NA - Construction of boundary walls of existing public and community buildings,DEPUTY COMMISSIONER Udalguri_IDA,2023-11-18,Action Pending,400000,Unsanctioned
MPLADS-024872,Dilip Saikia,Lok Sabha,Assam,MANGALDOI,,,ODALGURI,Dhopguri,Normal/Others,NA - Construction of additional rooms and halls in the existing public and community building,DEPUTY COMMISSIONER Udalguri_IDA,2023-11-18,Action Pending,300000,Unsanctioned
MPLADS-024882,Dilip Saikia,Lok Sabha,Assam,MANGALDOI,,,MAZBAT,Pathakpur No.1,Normal/Others,NA - Construction of additional rooms and halls in the existing public and community building,DEPUTY COMMISSIONER Udalguri_IDA,2023-11-18,Action Pending,200000,Unsanctioned
MPLADS-024984,Shri Naba (Hira) Kumar Sarania ,Lok Sabha,Assam,KOKRAJHAR (ST),,,SIDLI-CHIRANG,Krishnapur,Normal/Others,"NA - Construction of roads, approach roads, link roads and pathways",Deputy Commissioner Chirang_IDA,2023-11-17,Action Pending,400000,Unsanctioned
MPLADS-024985,Shri Naba (Hira) Kumar Sarania ,Lok Sabha,Assam,KOKRAJHAR (ST),,,SIDLI-CHIRANG,Chatibor Gaon (CT),Normal/Others,"NA - Construction of roads, approach roads, link roads and pathways",Deputy Commissioner Chirang_IDA,2023-11-17,Action Pending,500000,Unsanctioned
MPLADS-024986,Shri Naba (Hira) Kumar Sarania ,Lok Sabha,Assam,KOKRAJHAR (ST),,,SIDLI-CHIRANG,Chatibor Gaon (CT),Normal/Others,"NA - Construction of roads, approach roads, link roads and pathways",Deputy Commissioner Chirang_IDA,2023-11-17,Action Pending,200000,Unsanctioned
MPLADS-024987,Shri Naba (Hira) Kumar Sarania ,Lok Sabha,Assam,KOKRAJHAR (ST),,,SIDLI-CHIRANG,Banduguri,Normal/Others,"NA - Construction of roads, approach roads, link roads and pathways",Deputy Commissioner Chirang_IDA,2023-11-17,Action Pending,300000,Unsanctioned
MPLADS-024988,Shri Naba (Hira) Kumar Sarania ,Lok Sabha,Assam,KOKRAJHAR (ST),,,SIDLI-CHIRANG,Chatibor Gaon (CT),Normal/Others,"NA - Construction of roads, approach roads, link roads and pathways",Deputy Commissioner Chirang_IDA,2023-11-17,Action Pending,200000,Unsanctioned
MPLADS-024989,Shri Naba (Hira) Kumar Sarania ,Lok Sabha,Assam,KOKRAJHAR (ST),,,SIDLI-CHIRANG,Chatibor Gaon (CT),Normal/Others,NA - Crematoriums or structures on burial/ cremation ground for public convenience,Deputy Commissioner Chirang_IDA,2023-11-17,Action Pending,200000,Unsanctioned
MPLADS-025286,Dilip Saikia,Lok Sabha,Assam,MANGALDOI,,,ROWTA,Bajrajhar,Normal/Others,NA - Common work sheds for artisans,DEPUTY COMMISSIONER Udalguri_IDA,2023-11-16,Action Pending,300000,Unsanctioned
MPLADS-025303,Dilip Saikia,Lok Sabha,Assam,MANGALDOI,,,SIPAJHAR,Padmajhar,Normal/Others,NA - Construction of additional rooms and halls in the existing public and community building,DEPUTY COMMISSIONER DARRANG_IDA,2023-11-16,Action Pending,300000,Unsanctioned
MPLADS-025304,Dilip Saikia,Lok Sabha,Assam,MANGALDOI,,,ODALGURI,Kachubil,Normal/Others,NA - Construction of additional rooms and halls in the existing public and community building,DEPUTY COMMISSIONER Udalguri_IDA,2023-11-16,Action Pending,300000,Unsanctioned
MPLADS-025305,Dilip Saikia,Lok Sabha,Assam,MANGALDOI,,,RANGIA,Jamtala,Normal/Others,NA - Construction of boundary walls of existing public and community buildings,DEPUTY COMMISSIONER KAMRUP_IDA,2023-11-16,Action Pending,250000,Unsanctioned
MPLADS-025306,Dilip Saikia,Lok Sabha,Assam,MANGALDOI,,,MAZBAT,Chutiagaon,Normal/Others,NA - Construction of additional rooms and halls in the existing public and community building,DEPUTY COMMISSIONER Udalguri_IDA,2023-11-16,Action Pending,300000,Unsanctioned
MPLADS-025307,Dilip Saikia,Lok Sabha,Assam,MANGALDOI,,,MAZBAT,Rowmari,Normal/Others,NA - Construction of additional rooms and halls in the existing public and community building,DEPUTY COMMISSIONER Udalguri_IDA,2023-11-16,Action Pending,300000,Unsanctioned
MPLADS-025308,Dilip Saikia,Lok Sabha,Assam,MANGALDOI,Mangaldoi,7,,,Normal/Others,NA - Crematoriums or structures on burial/ cremation ground for public convenience,DEPUTY COMMISSIONER DARRANG_IDA,2023-11-16,Action Pending,250000,Unsanctioned
MPLADS-025309,Dilip Saikia,Lok Sabha,Assam,MANGALDOI,,,ODALGURI,Bholakash,Normal/Others,NA - Construction of additional rooms and halls in the existing public and community building,DEPUTY COMMISSIONER Udalguri_IDA,2023-11-16,Action Pending,300000,Unsanctioned
MPLADS-025310,Dilip Saikia,Lok Sabha,Assam,MANGALDOI,,,ODALGURI,Pub-Nalbari,Normal/Others,NA - Crematoriums or structures on burial/ cremation ground for public convenience,DEPUTY COMMISSIONER Udalguri_IDA,2023-11-16,Action Pending,250000,Unsanctioned
MPLADS-025311,Dilip Saikia,Lok Sabha,Assam,MANGALDOI,,,ODALGURI,Kochpara,Normal/Others,NA - Construction of additional rooms and halls in the existing public and community building,DEPUTY COMMISSIONER Udalguri_IDA,2023-11-16,Action Pending,250000,Unsanctioned
MPLADS-025312,Dilip Saikia,Lok Sabha,Assam,MANGALDOI,,,SIPAJHAR,Khasdipila,Normal/Others,NA - Construction of boundary walls of existing public and community buildings,DEPUTY COMMISSIONER DARRANG_IDA,2023-11-16,Action Pending,200000,Unsanctioned
MPLADS-025317,Dilip Saikia,Lok Sabha,Assam,MANGALDOI,Tangla,3,,,Normal/Others,NA - Crematoriums or structures on burial/ cremation ground for public convenience,DEPUTY COMMISSIONER Udalguri_IDA,2023-11-16,Action Pending,250000,Unsanctioned
MPLADS-025318,Dilip Saikia,Lok Sabha,Assam,MANGALDOI,,,KALAIGAON,Athiabari Khat,Normal/Others,NA - Construction of additional rooms and halls in the existing public and community building,DEPUTY COMMISSIONER DARRANG_IDA,2023-11-16,Action Pending,250000,Unsanctioned
MPLADS-025319,Dilip Saikia,Lok Sabha,Assam,MANGALDOI,Udalguri,3,,,Normal/Others,NA - Construction of boundary walls of existing public and community buildings,DEPUTY COMMISSIONER Udalguri_IDA,2023-11-16,Action Pending,300000,Unsanctioned
MPLADS-025320,Dilip Saikia,Lok Sabha,Assam,MANGALDOI,,,RANGIA,Bichennala,Normal/Others,NA - Construction of additional rooms and halls in the existing public and community building,DEPUTY COMMISSIONER KAMRUP_IDA,2023-11-16,Action Pending,500000,Unsanctioned
MPLADS-025347,SHRI Birendra Prasad Baishya,Rajya Sabha,Assam,Sitting Rajya Sabha,,,RONGJULI,Dhupdhara Pt-I,Normal/Others,"NA - Construction of roads, approach roads, link roads and pathways",Deputy Commissioner Goalpara_IDA,2023-11-16,Action Pending,2300000,Unsanctioned
MPLADS-025350,SHRI Birendra Prasad Baishya,Rajya Sabha,Assam,Sitting Rajya Sabha,,,RONGJULI,Majpara Khamar,Normal/Others,"NA - Construction of roads, approach roads, link roads and pathways",Deputy Commissioner Goalpara_IDA,2023-11-16,Action Pending,2400000,Unsanctioned
MPLADS-025352,SHRI Birendra Prasad Baishya,Rajya Sabha,Assam,Sitting Rajya Sabha,,,RONGJULI,Dhupdhara Pt-I,Normal/Others,"NA - Construction of roads, approach roads, link roads and pathways",Deputy Commissioner Goalpara_IDA,2023-11-16,Action Pending,2320000,Unsanctioned
MPLADS-025353,SHRI Birendra Prasad Baishya,Rajya Sabha,Assam,Sitting Rajya Sabha,,,RONGJULI,Piplibari,Normal/Others,"NA - Construction of roads, approach roads, link roads and pathways",Deputy Commissioner Goalpara_IDA,2023-11-16,Action Pending,2280000,Unsanctioned
MPLADS-025354,SHRI Birendra Prasad Baishya,Rajya Sabha,Assam,Sitting Rajya Sabha,,,RONGJULI,Piplibari,Normal/Others,"NA - Construction of roads, approach roads, link roads and pathways",Deputy Commissioner Goalpara_IDA,2023-11-16,Action Pending,2300000,Unsanctioned
MPLADS-025355,SHRI Birendra Prasad Baishya,Rajya Sabha,Assam,Sitting Rajya Sabha,,,RONGJULI,Dhupdhara Pt-I,Normal/Others,"NA - Construction of roads, approach roads, link roads and pathways",Deputy Commissioner Goalpara_IDA,2023-11-16,Action Pending,2400000,Unsanctioned
MPLADS-025359,Dilip Saikia,Lok Sabha,Assam,MANGALDOI,,,ODALGURI,Ranendrapur,Normal/Others,NA - Crematoriums or structures on burial/ cremation ground for public convenience,DEPUTY COMMISSIONER Udalguri_IDA,2023-11-16,Action Pending,300000,Unsanctioned
MPLADS-025360,Dilip Saikia,Lok Sabha,Assam,MANGALDOI,,,BIHDIA -JAJIKONA,Kendua,Normal/Others,NA - Construction of boundary walls of existing public and community buildings,DEPUTY COMMISSIONER KAMRUP_IDA,2023-11-16,Action Pending,200000,Unsanctioned
MPLADS-025398,Dilip Saikia,Lok Sabha,Assam,MANGALDOI,,,KALAIGAON,Dalaiapara,Normal/Others,NA - Common work sheds for artisans,DEPUTY COMMISSIONER Udalguri_IDA,2023-11-16,Action Pending,250000,Unsanctioned
MPLADS-025400,Topon Kumar Gogoi,Lok Sabha,Assam,JORHAT,,,GAURISAGAR,Rupahimukh Miri No.1,Normal/Others,NA - Construction of buildings for community cultural activities,Deputy Commissioner Sivsagar_IDA,2023-11-16,Action Pending,500000,Unsanctioned
MPLADS-025401,Topon Kumar Gogoi,Lok Sabha,Assam,JORHAT,,,TITABOR,Tipomia Habi,Normal/Others,NA - Community Toilets,DEPUTY COMMISSIONER JORHAT_IDA,2023-11-16,Action Pending,500000,Unsanctioned
MPLADS-025402,Topon Kumar Gogoi,Lok Sabha,Assam,JORHAT,,,SONARI,Barbhuyan Gaon,Normal/Others,NA - Construction of rooms and halls in school and colleges,Deputy Commissioner Charaideo_IDA,2023-11-16,Action Pending,500000,Unsanctioned
MPLADS-025403,Topon Kumar Gogoi,Lok Sabha,Assam,JORHAT,,,SIVASAGAR,Mohon Deodhai,Normal/Others,NA - Construction of buildings for training institutions,Deputy Commissioner Sivsagar_IDA,2023-11-16,Action Pending,1000000,Unsanctioned
MPLADS-025404,Pradan Baruah,Lok Sabha,Assam,LAKHIMPUR,,,PANITOLA,Deodhai Gaon,Normal/Others,NA - Construction of rooms and halls in school and colleges,DEPUTY COMMISSIONER DIBRUGARH_IDA,2023-11-16,Action Pending,1000000,Unsanctioned
MPLADS-025405,Dilip Saikia,Lok Sabha,Assam,MANGALDOI,,,PACHIM-MANGALDAI,No.2 Bezpara,Normal/Others,NA - Construction of additional rooms and halls in the existing public and community building,DEPUTY COMMISSIONER DARRANG_IDA,2023-11-16,Action Pending,300000,Unsanctioned
MPLADS-025406,Dilip Saikia,Lok Sabha,Assam,MANGALDOI,Mangaldoi,5,,,Normal/Others,NA - Construction of additional rooms and halls in the existing public and community building,DEPUTY COMMISSIONER DARRANG_IDA,2023-11-16,Action Pending,300000,Unsanctioned
MPLADS-025414,Dilip Saikia,Lok Sabha,Assam,MANGALDOI,,,SIPAJHAR,Jhakuapara,Normal/Others,NA - Construction of additional rooms and halls in the existing public and community building,DEPUTY COMMISSIONER DARRANG_IDA,2023-11-16,Action Pending,250000,Unsanctioned
MPLADS-025490,Shri Abdul Khaleque ,Lok Sabha,Assam,BARPETA,,,TAPATTARY,Merer Char,Normal/Others,NA - Construction of additional rooms and halls in the existing public and community building,Deputy Commissioner Bongaigaon_IDA,2023-11-15,Action Pending,400000,Unsanctioned
MPLADS-025617,SHRI Birendra Prasad Baishya,Rajya Sabha,Assam,Sitting Rajya Sabha,Tezpur,17,,,Normal/Others,NA - Construction of community centers and community halls,DEPUTY COMMISSIONER SONITPUR_IDA,2023-11-14,Action Pending,250000,Unsanctioned
MPLADS-025618,SHRI Birendra Prasad Baishya,Rajya Sabha,Assam,Sitting Rajya Sabha,Mangaldoi,9,,,Normal/Others,NA - Construction of community centers and community halls,DEPUTY COMMISSIONER DARRANG_IDA,2023-11-14,Action Pending,800000,Unsanctioned
MPLADS-025619,SHRI Birendra Prasad Baishya,Rajya Sabha,Assam,Sitting Rajya Sabha,Tezpur,5,,,Normal/Others,NA - Construction of community centers and community halls,DEPUTY COMMISSIONER SONITPUR_IDA,2023-11-14,Action Pending,400000,Unsanctioned
MPLADS-025620,SHRI Birendra Prasad Baishya,Rajya Sabha,Assam,Sitting Rajya Sabha,Tezpur,4,,,Normal/Others,NA - Construction of rooms and halls in school and colleges,DEPUTY COMMISSIONER SONITPUR_IDA,2023-11-14,Action Pending,1000000,Unsanctioned
MPLADS-025621,SHRI Birendra Prasad Baishya,Rajya Sabha,Assam,Sitting Rajya Sabha,Silchar,24 (OLD),,,Normal/Others,WS/MP073/2023-2024/49265 - Construction of community centers and community halls,DEPUTY COMMISSIONER CACHAR_IDA,2023-11-14,Approved by IDA,1000000,Sanctioned
MPLADS-025622,SHRI Birendra Prasad Baishya,Rajya Sabha,Assam,Sitting Rajya Sabha,,,BIHDIA -JAJIKONA,Dagaon,Normal/Others,NA - Construction of community centers and community halls,DEPUTY COMMISSIONER KAMRUP_IDA,2023-11-14,Action Pending,250000,Unsanctioned
MPLADS-025625,SHRI Birendra Prasad Baishya,Rajya Sabha,Assam,Sitting Rajya Sabha,,,BIHDIA -JAJIKONA,Baregaon,Normal/Others,WS/MP073/2023-2024/49257 - Construction of community centers and community halls,DEPUTY COMMISSIONER KAMRUP_IDA,2023-11-14,Approved by IDA,250000,Unsanctioned
MPLADS-025688,SHRI Birendra Prasad Baishya,Rajya Sabha,Assam,Sitting Rajya Sabha,Tezpur,4,,,Normal/Others,NA - Construction of toilet blocks,DEPUTY COMMISSIONER SONITPUR_IDA,2023-11-14,Action Pending,250000,Unsanctioned
MPLADS-025694,SHRI Birendra Prasad Baishya,Rajya Sabha,Assam,Sitting Rajya Sabha,Kharupatia,6,,,Normal/Others,NA - Construction of community centers and community halls,DEPUTY COMMISSIONER DARRANG_IDA,2023-11-14,Action Pending,250000,Unsanctioned
MPLADS-025737,Dilip Saikia,Lok Sabha,Assam,MANGALDOI,,,SIPAJHAR,Kuwari Gaon,Normal/Others,NA - Construction of boundary walls of existing public and community buildings,DEPUTY COMMISSIONER DARRANG_IDA,2023-11-13,Action Pending,250000,Unsanctioned
MPLADS-025738,Dilip Saikia,Lok Sabha,Assam,MANGALDOI,,,SIPAJHAR,Cholardal,Normal/Others,NA - Construction of boundary walls of existing public and community buildings,DEPUTY COMMISSIONER DARRANG_IDA,2023-11-13,Action Pending,250000,Unsanctioned
MPLADS-025783,Dilip Saikia,Lok Sabha,Assam,MANGALDOI,,,SIPAJHAR,Bora Chuba,Normal/Others,NA - Construction of additional rooms and halls in the existing public and community building,DEPUTY COMMISSIONER DARRANG_IDA,2023-11-13,Action Pending,300000,Unsanctioned
MPLADS-025784,Dilip Saikia,Lok Sabha,Assam,MANGALDOI,Mangaldoi,9,,,Normal/Others,NA - Development of playground,DEPUTY COMMISSIONER DARRANG_IDA,2023-11-13,Action Pending,200000,Unsanctioned
MPLADS-025785,Dilip Saikia,Lok Sabha,Assam,MANGALDOI,Udalguri,3,,,Normal/Others,NA - Construction of additional rooms and halls in the existing public and community building,DEPUTY COMMISSIONER Udalguri_IDA,2023-11-13,Action Pending,400000,Unsanctioned
MPLADS-025795,Dilip Saikia,Lok Sabha,Assam,MANGALDOI,,,SIPAJHAR,Gopalpur,Normal/Others,NA - Construction of common work sheds/ common covered sitting area,DEPUTY COMMISSIONER DARRANG_IDA,2023-11-13,Action Pending,250000,Unsanctioned
MPLADS-025852,Dilip Saikia,Lok Sabha,Assam,MANGALDOI,Udalguri,1,,,Normal/Others,NA - Construction of additional rooms and halls in the existing public and community building,DEPUTY COMMISSIONER Udalguri_IDA,2023-11-13,Action Pending,300000,Unsanctioned
MPLADS-025853,Dilip Saikia,Lok Sabha,Assam,MANGALDOI,,,MAZBAT,Sikaridanga NC,Normal/Others,NA - Crematoriums or structures on burial/ cremation ground for public convenience,DEPUTY COMMISSIONER Udalguri_IDA,2023-11-13,Action Pending,250000,Unsanctioned
MPLADS-025854,Dilip Saikia,Lok Sabha,Assam,MANGALDOI,Mangaldoi,5,,,Normal/Others,NA - Construction of additional rooms and halls in the existing public and community building,DEPUTY COMMISSIONER DARRANG_IDA,2023-11-13,Action Pending,300000,Unsanctioned
MPLADS-025855,Dilip Saikia,Lok Sabha,Assam,MANGALDOI,Mangaldoi,1,,,Normal/Others,NA - Construction of additional rooms and halls in the existing public and community building,DEPUTY COMMISSIONER DARRANG_IDA,2023-11-13,Action Pending,300000,Unsanctioned
MPLADS-025856,Dilip Saikia,Lok Sabha,Assam,MANGALDOI,,,ODALGURI,Sapkhaiti No.1(Sapkhaitidhar NC),Normal/Others,NA - Construction of additional rooms and halls in the existing public and community building,DEPUTY COMMISSIONER Udalguri_IDA,2023-11-13,Action Pending,250000,Unsanctioned
MPLADS-025885,Dilip Saikia,Lok Sabha,Assam,MANGALDOI,,,PACHIM-MANGALDAI,Gakhir Khowa Para,Normal/Others,NA - Construction of additional rooms and halls in the existing public and community building,DEPUTY COMMISSIONER DARRANG_IDA,2023-11-12,Action Pending,400000,Unsanctioned
MPLADS-025891,Dilip Saikia,Lok Sabha,Assam,MANGALDOI,Mangaldoi,8,,,Normal/Others,NA - Construction of additional rooms and halls in the existing public and community building,DEPUTY COMMISSIONER DARRANG_IDA,2023-11-12,Action Pending,300000,Unsanctioned
MPLADS-025917,Shri Naba (Hira) Kumar Sarania ,Lok Sabha,Assam,KOKRAJHAR (ST),,,BOROBAZAR,Bishnupur no. 3,Normal/Others,"NA - Construction of roads, approach roads, link roads and pathways",Deputy Commissioner Chirang_IDA,2023-11-11,Action Pending,950000,Unsanctioned
MPLADS-025918,Shri Naba (Hira) Kumar Sarania ,Lok Sabha,Assam,KOKRAJHAR (ST),,,BOROBAZAR,Sikajhora No.3,Normal/Others,"NA - Construction of roads, approach roads, link roads and pathways",Deputy Commissioner Chirang_IDA,2023-11-11,Action Pending,950000,Unsanctioned
MPLADS-025919,Shri Naba (Hira) Kumar Sarania ,Lok Sabha,Assam,KOKRAJHAR (ST),,,BOROBAZAR,Sikajhora No.2,Normal/Others,"NA - Construction of roads, approach roads, link roads and pathways",Deputy Commissioner Chirang_IDA,2023-11-11,Action Pending,950000,Unsanctioned
MPLADS-025920,Shri Naba (Hira) Kumar Sarania ,Lok Sabha,Assam,KOKRAJHAR (ST),,,BOROBAZAR,Bispani,Normal/Others,"NA - Construction of roads, approach roads, link roads and pathways",Deputy Commissioner Chirang_IDA,2023-11-11,Action Pending,950000,Unsanctioned
MPLADS-025921,Shri Naba (Hira) Kumar Sarania ,Lok Sabha,Assam,KOKRAJHAR (ST),,,BOROBAZAR,Bispani,Normal/Others,"NA - Construction of roads, approach roads, link roads and pathways",Deputy Commissioner Chirang_IDA,2023-11-11,Action Pending,950000,Unsanctioned
MPLADS-026128,Kripanath Mallah,Lok Sabha,Assam,KARIMGANJ (SC),,,BADARPUR,Badarpur Rly. Town (CT),Normal/Others,WS/MP540/2023-2024/48667 - Street lights,DEPUTY COMMISSIONER KARIM GANJ_IDA,2023-11-10,Approved by IDA,1769636,Sanctioned
MPLADS-026129,Kripanath Mallah,Lok Sabha,Assam,KARIMGANJ (SC),,,LALA,Lalachera Grant,Normal/Others,WS/MP540/2023-2024/48685 - Street lights,Deputy Commissioner Hailakandi_IDA,2023-11-10,Approved by IDA,1608760,Sanctioned
MPLADS-026130,Kripanath Mallah,Lok Sabha,Assam,KARIMGANJ (SC),,,LALA,Kalachera Grant,Normal/Others,WS/MP540/2023-2024/48684 - Street lights,Deputy Commissioner Hailakandi_IDA,2023-11-10,Approved by IDA,1769636,Sanctioned
MPLADS-026131,Kripanath Mallah,Lok Sabha,Assam,KARIMGANJ (SC),,,KATLICHERRA,Alexanderpur Grant,Normal/Others,WS/MP540/2023-2024/48674 - Street lights,Deputy Commissioner Hailakandi_IDA,2023-11-10,Approved by IDA,1608760,Sanctioned
MPLADS-026132,Kripanath Mallah,Lok Sabha,Assam,KARIMGANJ (SC),,,KATLICHERRA,Rupacherra Punjee,Normal/Others,WS/MP540/2023-2024/48673 - Street lights,Deputy Commissioner Hailakandi_IDA,2023-11-10,Approved by IDA,1769636,Sanctioned
MPLADS-026133,Kripanath Mallah,Lok Sabha,Assam,KARIMGANJ (SC),,,HAILAKANDI,Brojapur Pt I,Normal/Others,WS/MP540/2023-2024/48672 - Street lights,Deputy Commissioner Hailakandi_IDA,2023-11-10,Approved by IDA,1608760,Ongoing
MPLADS-026134,Kripanath Mallah,Lok Sabha,Assam,KARIMGANJ (SC),,,HAILAKANDI,Kanchanpur Pt II,Normal/Others,WS/MP540/2023-2024/48671 - Street lights,Deputy Commissioner Hailakandi_IDA,2023-11-10,Approved by IDA,1769636,Sanctioned
MPLADS-026135,Kripanath Mallah,Lok Sabha,Assam,KARIMGANJ (SC),,,ALGAPUR,Algapur Pt I,Normal/Others,WS/MP540/2023-2024/48670 - Street lights,Deputy Commissioner Hailakandi_IDA,2023-11-10,Approved by IDA,1608760,Ongoing
MPLADS-026136,Kripanath Mallah,Lok Sabha,Assam,KARIMGANJ (SC),,,ALGAPUR,Algapur Pt II,Normal/Others,WS/MP540/2023-2024/48669 - Street lights,Deputy Commissioner Hailakandi_IDA,2023-11-10,Approved by IDA,1769636,Sanctioned
MPLADS-026148,Kripanath Mallah,Lok Sabha,Assam,KARIMGANJ (SC),,,BADARPUR,Badarpur Rly. Town (CT),Normal/Others,NA - Street lights,DEPUTY COMMISSIONER KARIM GANJ_IDA,2023-11-10,Action Pending,100000,Unsanctioned
MPLADS-026158,Kripanath Mallah,Lok Sabha,Assam,KARIMGANJ (SC),,,BADARPUR,Badarpur Rly. Town (CT),Normal/Others,WS/MP540/2023-2024/48668 - Street lights,DEPUTY COMMISSIONER KARIM GANJ_IDA,2023-11-10,Approved by IDA,1608760,Sanctioned
MPLADS-026159,Kripanath Mallah,Lok Sabha,Assam,KARIMGANJ (SC),,,RAMKRISHNA NAGAR,Kadmacherra,Normal/Others,WS/MP540/2023-2024/48666 - Street lights,DEPUTY COMMISSIONER KARIM GANJ_IDA,2023-11-10,Approved by IDA,1608760,Sanctioned
MPLADS-026161,Kripanath Mallah,Lok Sabha,Assam,KARIMGANJ (SC),,,NORTH KARIMGANJ,Kamargram,Normal/Others,NA - Construction of community centers and community halls,DEPUTY COMMISSIONER KARIM GANJ_IDA,2023-11-10,Action Pending,500000,Unsanctioned
MPLADS-026162,Kripanath Mallah,Lok Sabha,Assam,KARIMGANJ (SC),,,NORTH KARIMGANJ,Kamargram,Normal/Others,NA - Purchase of furniture and fixtures for educational purposes,DEPUTY COMMISSIONER KARIM GANJ_IDA,2023-11-10,Action Pending,1000000,Unsanctioned
MPLADS-026163,Kripanath Mallah,Lok Sabha,Assam,KARIMGANJ (SC),,,NORTH KARIMGANJ,Kamargram,Normal/Others,NA - Construction of community centers and community halls,DEPUTY COMMISSIONER KARIM GANJ_IDA,2023-11-10,Action Pending,1000000,Unsanctioned
MPLADS-026164,Kripanath Mallah,Lok Sabha,Assam,KARIMGANJ (SC),,,NORTH KARIMGANJ,Latu,Normal/Others,NA - Construction of boundary walls of existing public and community buildings,DEPUTY COMMISSIONER KARIM GANJ_IDA,2023-11-10,Action Pending,1000000,Unsanctioned
MPLADS-026165,Kripanath Mallah,Lok Sabha,Assam,KARIMGANJ (SC),,,NORTH KARIMGANJ,Kamargram,Normal/Others,NA - Construction of community centers and community halls,DEPUTY COMMISSIONER KARIM GANJ_IDA,2023-11-10,Action Pending,1000000,Unsanctioned
MPLADS-026166,Kripanath Mallah,Lok Sabha,Assam,KARIMGANJ (SC),,,NORTH KARIMGANJ,Banamali Pt II,Normal/Others,NA - Construction of community centers and community halls,DEPUTY COMMISSIONER KARIM GANJ_IDA,2023-11-10,Action Pending,1000000,Unsanctioned
MPLADS-026167,Kripanath Mallah,Lok Sabha,Assam,KARIMGANJ (SC),,,NORTH KARIMGANJ,Sadarashi Pt I,Normal/Others,NA - Construction of community centers and community halls,DEPUTY COMMISSIONER KARIM GANJ_IDA,2023-11-10,Action Pending,500000,Unsanctioned
MPLADS-026168,Kripanath Mallah,Lok Sabha,Assam,KARIMGANJ (SC),,,NORTH KARIMGANJ,Lafasail Pt I,Normal/Others,NA - Construction of community centers and community halls,DEPUTY COMMISSIONER KARIM GANJ_IDA,2023-11-10,Action Pending,500000,Unsanctioned
MPLADS-026169,Kripanath Mallah,Lok Sabha,Assam,KARIMGANJ (SC),,,NORTH KARIMGANJ,Kamargram,Normal/Others,NA - Purchase of hospital equipment,DEPUTY COMMISSIONER KARIM GANJ_IDA,2023-11-10,Action Pending,500000,Unsanctioned
MPLADS-026170,Kripanath Mallah,Lok Sabha,Assam,KARIMGANJ (SC),,,Ramkrishna Nagar,Anandapur,Normal/Others,NA - Construction of community centers and community halls,DEPUTY COMMISSIONER KARIM GANJ_IDA,2023-11-10,Action Pending,2500000,Unsanctioned
MPLADS-026171,Kripanath Mallah,Lok Sabha,Assam,KARIMGANJ (SC),,,RAMKRISHNA NAGAR,Radhanagar,Normal/Others,WS/MP540/2023-2024/48665 - Street lights,DEPUTY COMMISSIONER KARIM GANJ_IDA,2023-11-10,Approved by IDA,1769636,Sanctioned
MPLADS-026172,Kripanath Mallah,Lok Sabha,Assam,KARIMGANJ (SC),,,RAMKRISHNA NAGAR,Radhanagar,Normal/Others,"NA - Construction of roads, approach roads, link roads and pathways",DEPUTY COMMISSIONER KARIM GANJ_IDA,2023-11-10,Action Pending,1000000,Unsanctioned
MPLADS-026173,Kripanath Mallah,Lok Sabha,Assam,KARIMGANJ (SC),,,SOUTH KARIMGANJ,Loharpara Pt I,Normal/Others,NA - Construction of boundary walls of existing public and community buildings,DEPUTY COMMISSIONER KARIM GANJ_IDA,2023-11-10,Action Pending,1000000,Unsanctioned
MPLADS-026174,Kripanath Mallah,Lok Sabha,Assam,KARIMGANJ (SC),,,DULLAVCHERRA,Bidyanagar T.E. Pt I,Normal/Others,WS/MP540/2023-2024/48644 - Purchase of non-conventional energy system and devices for community use,DEPUTY COMMISSIONER KARIM GANJ_IDA,2023-11-10,Approved by IDA,696000,Sanctioned
MPLADS-026175,Kripanath Mallah,Lok Sabha,Assam,KARIMGANJ (SC),,,NORTH KARIMGANJ,Sutarkandi,Normal/Others,NA - Construction of community centers and community halls,DEPUTY COMMISSIONER KARIM GANJ_IDA,2023-11-10,Action Pending,600000,Unsanctioned
MPLADS-026176,Kripanath Mallah,Lok Sabha,Assam,KARIMGANJ (SC),,,TAPANG,Tapang Pt I,Normal/Others,WS/MP540/2023-2024/48642 - Street lights,DEPUTY COMMISSIONER CACHAR_IDA,2023-11-10,Approved by IDA,1930512,Unsanctioned
MPLADS-026177,Kripanath Mallah,Lok Sabha,Assam,KARIMGANJ (SC),,,HAILAKANDI,Kanchanpur Pt I,Normal/Others,"NA - Construction of roads, approach roads, link roads and pathways",Deputy Commissioner Hailakandi_IDA,2023-11-10,Action Pending,2100000,Unsanctioned
MPLADS-026178,Kripanath Mallah,Lok Sabha,Assam,KARIMGANJ (SC),,,DULLAVCHERRA,Dullavcherra Grant,Normal/Others,NA - Construction of community centers and community halls,DEPUTY COMMISSIONER KARIM GANJ_IDA,2023-11-10,Action Pending,1000000,Unsanctioned
MPLADS-026179,Kripanath Mallah,Lok Sabha,Assam,KARIMGANJ (SC),,,BADARPUR,Badarpur Rly. Town (CT),Normal/Others,NA - Street lights,DEPUTY COMMISSIONER KARIM GANJ_IDA,2023-11-10,Action Pending,100000,Unsanctioned
MPLADS-026180,Kripanath Mallah,Lok Sabha,Assam,KARIMGANJ (SC),,,PATHARKANDI,Chandpur,Normal/Others,NA - Improvement of electricity distribution infrastructure,DEPUTY COMMISSIONER KARIM GANJ_IDA,2023-11-10,Action Pending,1000000,Unsanctioned
MPLADS-026184,Kripanath Mallah,Lok Sabha,Assam,KARIMGANJ (SC),,,DULLAVCHERRA,Bidyanagar T.E. Pt IV,Normal/Others,WS/MP540/2023-2024/48664 - Street lights,DEPUTY COMMISSIONER KARIM GANJ_IDA,2023-11-10,Approved by IDA,1608760,Sanctioned
MPLADS-026185,Kripanath Mallah,Lok Sabha,Assam,KARIMGANJ (SC),,,DULLAVCHERRA,Dullavcherra Grant,Normal/Others,WS/MP540/2023-2024/48663 - Street lights,DEPUTY COMMISSIONER KARIM GANJ_IDA,2023-11-10,Approved by IDA,1769636,Sanctioned
MPLADS-026186,Kripanath Mallah,Lok Sabha,Assam,KARIMGANJ (SC),,,NORTH KARIMGANJ,Bagarsangan,Normal/Others,WS/MP540/2023-2024/48662 - Street lights,DEPUTY COMMISSIONER KARIM GANJ_IDA,2023-11-10,Approved by IDA,1608760,Sanctioned
MPLADS-026193,Kripanath Mallah,Lok Sabha,Assam,KARIMGANJ (SC),,,NORTH KARIMGANJ,Barbhadri,Normal/Others,WS/MP540/2023-2024/48661 - Street lights,DEPUTY COMMISSIONER KARIM GANJ_IDA,2023-11-10,Approved by IDA,1769636,Sanctioned
MPLADS-026194,Kripanath Mallah,Lok Sabha,Assam,KARIMGANJ (SC),,,SOUTH KARIMGANJ,Kalacharra,Normal/Others,WS/MP540/2023-2024/48660 - Street lights,DEPUTY COMMISSIONER KARIM GANJ_IDA,2023-11-10,Approved by IDA,1608760,Sanctioned
MPLADS-026195,Kripanath Mallah,Lok Sabha,Assam,KARIMGANJ (SC),,,SOUTH KARIMGANJ,Kanakpur F.V.,Normal/Others,WS/MP540/2023-2024/48659 - Street lights,DEPUTY COMMISSIONER KARIM GANJ_IDA,2023-11-10,Approved by IDA,1769636,Sanctioned
MPLADS-026196,Kripanath Mallah,Lok Sabha,Assam,KARIMGANJ (SC),,,PATHARKANDI,Lakshipur,Normal/Others,WS/MP540/2023-2024/48658 - Street lights,DEPUTY COMMISSIONER KARIM GANJ_IDA,2023-11-10,Approved by IDA,1206570,Sanctioned
MPLADS-026202,Kripanath Mallah,Lok Sabha,Assam,KARIMGANJ (SC),,,BADARPUR,Badarpur Rly. Town (CT),Normal/Others,NA - Street lights,DEPUTY COMMISSIONER KARIM GANJ_IDA,2023-11-10,Action Pending,100000,Unsanctioned
MPLADS-026325,Dilip Saikia,Lok Sabha,Assam,MANGALDOI,,,BECHIMARI,No.1 Barjhar,Normal/Others,NA - Construction of boundary walls of existing public and community buildings,DEPUTY COMMISSIONER DARRANG_IDA,2023-11-09,Action Pending,250000,Unsanctioned
MPLADS-026326,Topon Kumar Gogoi,Lok Sabha,Assam,JORHAT,Sonari,Ward No-13,,,Normal/Others,WS/MP496/2023-2024/48316 - Construction of buildings for community cultural activities,Deputy Commissioner Charaideo_IDA,2023-11-09,Approved by IDA,500000,Unsanctioned
MPLADS-026396,Topon Kumar Gogoi,Lok Sabha,Assam,JORHAT,,,KALIAPANI,Bereghoria Bhakat Gaon,Normal/Others,NA - Construction of buildings for community cultural activities,DEPUTY COMMISSIONER JORHAT_IDA,2023-11-09,Action Pending,700000,Unsanctioned
MPLADS-026397,Dilip Saikia,Lok Sabha,Assam,MANGALDOI,,,BECHIMARI,Kakal Bhangi Jogi Gaon,Normal/Others,NA - Construction of boundary walls of existing public and community buildings,DEPUTY COMMISSIONER DARRANG_IDA,2023-11-09,Action Pending,250000,Unsanctioned
MPLADS-026398,Dilip Saikia,Lok Sabha,Assam,MANGALDOI,,,SIPAJHAR,Borigaon,Normal/Others,NA - Construction of additional rooms and halls in the existing public and community building,DEPUTY COMMISSIONER DARRANG_IDA,2023-11-09,Action Pending,250000,Unsanctioned
MPLADS-026399,Dilip Saikia,Lok Sabha,Assam,MANGALDOI,,,ODALGURI,Thana Udalguri,Normal/Others,NA - Construction of additional rooms and halls in the existing public and community building,DEPUTY COMMISSIONER Udalguri_IDA,2023-11-09,Action Pending,300000,Unsanctioned
MPLADS-026400,Dilip Saikia,Lok Sabha,Assam,MANGALDOI,Udalguri,6,,,Normal/Others,NA - Construction of boundary walls of existing public and community buildings,DEPUTY COMMISSIONER Udalguri_IDA,2023-11-09,Action Pending,300000,Unsanctioned
MPLADS-026401,Dilip Saikia,Lok Sabha,Assam,MANGALDOI,,,DALGAON-SIALMARI,Bagichakash,Normal/Others,NA - Crematoriums or structures on burial/ cremation ground for public convenience,DEPUTY COMMISSIONER DARRANG_IDA,2023-11-09,Action Pending,250000,Unsanctioned
MPLADS-026402,Dilip Saikia,Lok Sabha,Assam,MANGALDOI,,,DALGAON-SIALMARI,Sialmari Mazgaon,Normal/Others,NA - Construction of additional rooms and halls in the existing public and community building,DEPUTY COMMISSIONER DARRANG_IDA,2023-11-09,Action Pending,250000,Unsanctioned
MPLADS-026403,Dilip Saikia,Lok Sabha,Assam,MANGALDOI,,,BECHIMARI,No.2 Durangbazar,Normal/Others,NA - Construction of boundary walls of existing public and community buildings,DEPUTY COMMISSIONER DARRANG_IDA,2023-11-09,Action Pending,250000,Unsanctioned
MPLADS-026406,Dilip Saikia,Lok Sabha,Assam,MANGALDOI,,,BECHIMARI,Dalgaon Town,Normal/Others,NA - Construction of boundary walls of existing public and community buildings,DEPUTY COMMISSIONER DARRANG_IDA,2023-11-09,Action Pending,250000,Unsanctioned
MPLADS-026407,Dilip Saikia,Lok Sabha,Assam,MANGALDOI,,,BECHIMARI,Nepaligaon,Normal/Others,NA - Construction of boundary walls of existing public and community buildings,DEPUTY COMMISSIONER Udalguri_IDA,2023-11-09,Action Pending,250000,Unsanctioned
MPLADS-026412,Dilip Saikia,Lok Sabha,Assam,MANGALDOI,Mangaldoi,2,,,Normal/Others,NA - Construction of common work sheds/ common covered sitting area,DEPUTY COMMISSIONER DARRANG_IDA,2023-11-09,Action Pending,300000,Unsanctioned
MPLADS-026413,Dilip Saikia,Lok Sabha,Assam,MANGALDOI,,,BECHIMARI,Dalgaon Town,Normal/Others,NA - Construction of boundary walls of existing public and community buildings,DEPUTY COMMISSIONER DARRANG_IDA,2023-11-09,Action Pending,250000,Unsanctioned
MPLADS-026414,Dilip Saikia,Lok Sabha,Assam,MANGALDOI,,,DALGAON-SIALMARI,No.4 Silamarikhuti,Normal/Others,NA - Construction of boundary walls of existing public and community buildings,DEPUTY COMMISSIONER DARRANG_IDA,2023-11-09,Action Pending,250000,Unsanctioned
MPLADS-026415,Dilip Saikia,Lok Sabha,Assam,MANGALDOI,,,DALGAON-SIALMARI,No.1 Kopati Grant,Normal/Others,NA - Construction of additional rooms and halls in the existing public and community building,DEPUTY COMMISSIONER DARRANG_IDA,2023-11-09,Action Pending,250000,Unsanctioned
MPLADS-026416,Dilip Saikia,Lok Sabha,Assam,MANGALDOI,,,ODALGURI,Merbangachuba,Normal/Others,NA - Construction of boundary walls of existing public and community buildings,DEPUTY COMMISSIONER Udalguri_IDA,2023-11-09,Action Pending,250000,Unsanctioned
MPLADS-026417,Dilip Saikia,Lok Sabha,Assam,MANGALDOI,,,ODALGURI,Pub Paneri,Normal/Others,NA - Crematoriums or structures on burial/ cremation ground for public convenience,DEPUTY COMMISSIONER Udalguri_IDA,2023-11-09,Action Pending,300000,Unsanctioned
MPLADS-026418,Dilip Saikia,Lok Sabha,Assam,MANGALDOI,,,PUB-MANGALDAI,No.2 Mazgaon,Normal/Others,NA - Construction of boundary walls of existing public and community buildings,DEPUTY COMMISSIONER DARRANG_IDA,2023-11-09,Action Pending,250000,Unsanctioned
MPLADS-026419,Dilip Saikia,Lok Sabha,Assam,MANGALDOI,,,PACHIM-MANGALDAI,Salaipara,Normal/Others,NA - Construction of common work sheds/ common covered sitting area,DEPUTY COMMISSIONER DARRANG_IDA,2023-11-09,Action Pending,300000,Unsanctioned
MPLADS-026420,Shri Abdul Khaleque ,Lok Sabha,Assam,BARPETA,,,GOMAPHULBARI,Pathimari N.C.,Normal/Others,NA - Construction of public libraries and reading rooms,DEPUTY COMMISSIONER BARPETA_IDA,2023-11-09,Action Pending,400000,Unsanctioned
MPLADS-026421,Topon Kumar Gogoi,Lok Sabha,Assam,JORHAT,,,GAURISAGAR,Gajpuria,Normal/Others,NA - Construction of buildings for community cultural activities,Deputy Commissioner Sivsagar_IDA,2023-11-09,Action Pending,500000,Unsanctioned
MPLADS-026422,Topon Kumar Gogoi,Lok Sabha,Assam,JORHAT,,,GAURISAGAR,Chetia Changmai,Normal/Others,NA - Construction of rooms and halls in school and colleges,Deputy Commissioner Sivsagar_IDA,2023-11-09,Action Pending,500000,Unsanctioned
MPLADS-026423,Topon Kumar Gogoi,Lok Sabha,Assam,JORHAT,,,DEMOW,Chandamonda Changmai,Normal/Others,NA - Construction of community centers and community halls,Deputy Commissioner Sivsagar_IDA,2023-11-09,Action Pending,1000000,Unsanctioned
MPLADS-026424,Topon Kumar Gogoi,Lok Sabha,Assam,JORHAT,Sonari,ward no-3,,,Normal/Others,WS/MP496/2023-2024/48308 - Construction of buildings for community cultural activities,Deputy Commissioner Charaideo_IDA,2023-11-09,Approved by IDA,500000,Unsanctioned
MPLADS-026425,Topon Kumar Gogoi,Lok Sabha,Assam,JORHAT,Sonari,ward no-11,,,Normal/Others,NA - Construction of buildings for community cultural activities,Deputy Commissioner Charaideo_IDA,2023-11-09,Action Pending,1000000,Unsanctioned
MPLADS-026426,Topon Kumar Gogoi,Lok Sabha,Assam,JORHAT,Sonari,ward no -3,,,Normal/Others,WS/MP496/2023-2024/48310 - Construction of buildings for community cultural activities,Deputy Commissioner Charaideo_IDA,2023-11-09,Approved by IDA,500000,Unsanctioned
MPLADS-026427,Topon Kumar Gogoi,Lok Sabha,Assam,JORHAT,Jorhat,ward no-14,,,Normal/Others,NA - Construction of additional rooms and halls in the existing public and community building,DEPUTY COMMISSIONER JORHAT_IDA,2023-11-09,Action Pending,1000000,Unsanctioned
MPLADS-026428,Topon Kumar Gogoi,Lok Sabha,Assam,JORHAT,Jorhat,ward no -16,,,Normal/Others,NA - Construction of buildings for community cultural activities,DEPUTY COMMISSIONER JORHAT_IDA,2023-11-09,Action Pending,500000,Unsanctioned
MPLADS-026682,Rajdeep Roy,Lok Sabha,Assam,SILCHAR,,,SILCHAR,Ambicapur Pt XI,Normal/Others,WS/MP494/2023-2024/47554 - Purchase of furniture and fixtures for educational purposes,DEPUTY COMMISSIONER CACHAR_IDA,2023-11-08,Approved by IDA,252000,Sanctioned
MPLADS-026683,Rajdeep Roy,Lok Sabha,Assam,SILCHAR,,,BARJALENGA,Bor Jalenga Grant,Normal/Others,WS/MP494/2023-2024/47555 - Purchase of furniture and fixtures for educational purposes,DEPUTY COMMISSIONER CACHAR_IDA,2023-11-08,Approved by IDA,252000,Sanctioned
MPLADS-026705,Rajdeep Roy,Lok Sabha,Assam,SILCHAR,,,RAJABAZAR,Lalang Grant,Normal/Others,WS/MP494/2023-2024/47549 - Construction of buildings for community cultural activities,DEPUTY COMMISSIONER CACHAR_IDA,2023-11-08,Approved by IDA,2500000,Sanctioned
MPLADS-026706,Rajdeep Roy,Lok Sabha,Assam,SILCHAR,Silchar,3,,,Normal/Others,WS/MP494/2023-2024/47550 - Construction of rooms and halls in school and colleges,DEPUTY COMMISSIONER CACHAR_IDA,2023-11-08,Approved by IDA,500000,Sanctioned
MPLADS-026707,Rajdeep Roy,Lok Sabha,Assam,SILCHAR,Silchar,"2nd Link Road, Lane No-4",,,Normal/Others,"WS/MP494/2023-2024/47551 - Construction of roads, approach roads, link roads and pathways",DEPUTY COMMISSIONER CACHAR_IDA,2023-11-08,Approved by IDA,300000,Sanctioned
MPLADS-026708,Rajdeep Roy,Lok Sabha,Assam,SILCHAR,,,SALCHAPRA,Balighat,Normal/Others,WS/MP494/2023-2024/47552 - Purchase of furniture and fixtures for educational purposes,DEPUTY COMMISSIONER CACHAR_IDA,2023-11-08,Approved by IDA,252000,Sanctioned
MPLADS-026709,Rajdeep Roy,Lok Sabha,Assam,SILCHAR,,,SONAI,Kachudaram Pt I,Normal/Others,WS/MP494/2023-2024/47553 - Purchase of furniture and fixtures for educational purposes,DEPUTY COMMISSIONER CACHAR_IDA,2023-11-08,Approved by IDA,252000,Sanctioned
MPLADS-026798,Dilip Saikia,Lok Sabha,Assam,MANGALDOI,,,SIPAJHAR,Hazarikapara,Normal/Others,NA - Construction of toilet blocks,DEPUTY COMMISSIONER DARRANG_IDA,2023-11-08,Action Pending,400000,Unsanctioned
MPLADS-026799,Dilip Saikia,Lok Sabha,Assam,MANGALDOI,Kharupatia,6,,,Normal/Others,NA - Construction of boundary walls of existing public and community buildings,DEPUTY COMMISSIONER DARRANG_IDA,2023-11-08,Action Pending,250000,Unsanctioned
MPLADS-026844,Rajdeep Roy,Lok Sabha,Assam,SILCHAR,,,NARSINGPUR,Hawaithang,Normal/Others,WS/MP494/2023-2024/47556 - Purchase of furniture and fixtures for educational purposes,DEPUTY COMMISSIONER CACHAR_IDA,2023-11-08,Approved by IDA,252000,Sanctioned
MPLADS-026948,Kripanath Mallah,Lok Sabha,Assam,KARIMGANJ (SC),,,NORTH KARIMGANJ,Banamali Pt II,Normal/Others,"NA - Construction of rooms and facilities for hospitals, FWC , PHC Centers and ANM centers",DEPUTY COMMISSIONER KARIM GANJ_IDA,2023-11-07,Action Pending,1000000,Unsanctioned
MPLADS-026949,Kripanath Mallah,Lok Sabha,Assam,KARIMGANJ (SC),,,NORTH KARIMGANJ,Banamali Pt II,Normal/Others,"NA - Construction of rooms and facilities for hospitals, FWC , PHC Centers and ANM centers",DEPUTY COMMISSIONER KARIM GANJ_IDA,2023-11-07,Action Pending,1000000,Unsanctioned
MPLADS-027554,Dilip Saikia,Lok Sabha,Assam,MANGALDOI,,,BHERGAON,Harsapara,Normal/Others,NA - Construction of boundary walls of existing public and community buildings,DEPUTY COMMISSIONER Udalguri_IDA,2023-11-05,Action Pending,200000,Unsanctioned
MPLADS-027556,Dilip Saikia,Lok Sabha,Assam,MANGALDOI,,,SIPAJHAR,Bareri,Normal/Others,NA - Construction of additional rooms and halls in the existing public and community building,DEPUTY COMMISSIONER DARRANG_IDA,2023-11-05,Action Pending,300000,Unsanctioned
MPLADS-027557,Dilip Saikia,Lok Sabha,Assam,MANGALDOI,,,KALAIGAON,Panbari Habi,Normal/Others,NA - Construction of additional rooms and halls in the existing public and community building,DEPUTY COMMISSIONER DARRANG_IDA,2023-11-05,Action Pending,200000,Unsanctioned
MPLADS-027558,Dilip Saikia,Lok Sabha,Assam,MANGALDOI,,,MAZBAT,Nepalpara,Normal/Others,NA - Construction of additional rooms and halls in the existing public and community building,DEPUTY COMMISSIONER Udalguri_IDA,2023-11-05,Action Pending,300000,Unsanctioned
MPLADS-027559,Dilip Saikia,Lok Sabha,Assam,MANGALDOI,,,MAZBAT,Namatigaon(Namati Block A),Normal/Others,NA - Construction of rooms and halls in school and colleges,DEPUTY COMMISSIONER Udalguri_IDA,2023-11-05,Action Pending,400000,Unsanctioned
MPLADS-027560,Dilip Saikia,Lok Sabha,Assam,MANGALDOI,,,ROWTA,Bajrajhar,Normal/Others,NA - Construction of boundary walls of existing public and community buildings,DEPUTY COMMISSIONER Udalguri_IDA,2023-11-05,Action Pending,300000,Unsanctioned
MPLADS-027561,Dilip Saikia,Lok Sabha,Assam,MANGALDOI,,,MAZBAT,Lamabari T.E.,Normal/Others,NA - Construction of additional rooms and halls in the existing public and community building,DEPUTY COMMISSIONER Udalguri_IDA,2023-11-05,Action Pending,300000,Unsanctioned
MPLADS-027562,Dilip Saikia,Lok Sabha,Assam,MANGALDOI,,,MAZBAT,Garubandha/Khangkhalbari,Normal/Others,NA - Construction of additional rooms and halls in the existing public and community building,DEPUTY COMMISSIONER Udalguri_IDA,2023-11-05,Action Pending,300000,Unsanctioned
MPLADS-027563,Dilip Saikia,Lok Sabha,Assam,MANGALDOI,,,ROWTA,Jhargaon No.1,Normal/Others,NA - Construction of additional rooms and halls in the existing public and community building,DEPUTY COMMISSIONER Udalguri_IDA,2023-11-05,Action Pending,300000,Unsanctioned
MPLADS-027564,Dilip Saikia,Lok Sabha,Assam,MANGALDOI,,,MAZBAT,No.3 Rongapani,Normal/Others,NA - Common work sheds for artisans,DEPUTY COMMISSIONER Udalguri_IDA,2023-11-05,Action Pending,300000,Unsanctioned
MPLADS-027565,Dilip Saikia,Lok Sabha,Assam,MANGALDOI,,,BHERGAON,Suklaikhuti No.2,Normal/Others,NA - Construction of additional rooms and halls in the existing public and community building,DEPUTY COMMISSIONER Udalguri_IDA,2023-11-05,Action Pending,500000,Unsanctioned
MPLADS-027566,Dilip Saikia,Lok Sabha,Assam,MANGALDOI,Tangla,3,,,Normal/Others,NA - Construction of additional rooms and halls in the existing public and community building,DEPUTY COMMISSIONER Udalguri_IDA,2023-11-05,Action Pending,200000,Unsanctioned
MPLADS-027567,Dilip Saikia,Lok Sabha,Assam,MANGALDOI,,,ODALGURI,No.2 Hatigarh TE,Normal/Others,NA - Common work sheds for artisans,DEPUTY COMMISSIONER Udalguri_IDA,2023-11-05,Action Pending,300000,Unsanctioned
MPLADS-027568,Dilip Saikia,Lok Sabha,Assam,MANGALDOI,,,ODALGURI,Niz Harisinga,Normal/Others,NA - Common work sheds for artisans,DEPUTY COMMISSIONER Udalguri_IDA,2023-11-05,Action Pending,200000,Unsanctioned
MPLADS-027569,Dilip Saikia,Lok Sabha,Assam,MANGALDOI,,,ODALGURI,Bhutiachang,Normal/Others,NA - Construction of additional rooms and halls in the existing public and community building,DEPUTY COMMISSIONER Udalguri_IDA,2023-11-05,Action Pending,300000,Unsanctioned
MPLADS-027600,Dilip Saikia,Lok Sabha,Assam,MANGALDOI,,,KAMALPUR,Athagaon,Normal/Others,NA - Construction of additional rooms and halls in the existing public and community building,DEPUTY COMMISSIONER KAMRUP_IDA,2023-11-04,Action Pending,200000,Unsanctioned
MPLADS-027601,Dilip Saikia,Lok Sabha,Assam,MANGALDOI,,,ODALGURI,Bongagaon,Normal/Others,NA - Construction of boundary walls of existing public and community buildings,DEPUTY COMMISSIONER Udalguri_IDA,2023-11-04,Action Pending,200000,Unsanctioned
MPLADS-027602,Dilip Saikia,Lok Sabha,Assam,MANGALDOI,,,BHERGAON,Bhergaon,Normal/Others,NA - Construction of toilet blocks,DEPUTY COMMISSIONER Udalguri_IDA,2023-11-04,Action Pending,200000,Unsanctioned
MPLADS-027603,Dilip Saikia,Lok Sabha,Assam,MANGALDOI,,,BIHDIA -JAJIKONA,Tulsikharikata,Normal/Others,NA - Construction of common work sheds/ common covered sitting area,DEPUTY COMMISSIONER KAMRUP_IDA,2023-11-04,Action Pending,200000,Unsanctioned
MPLADS-027604,Dilip Saikia,Lok Sabha,Assam,MANGALDOI,,,BIHDIA -JAJIKONA,Barkuriha,Normal/Others,NA - Construction of additional rooms and halls in the existing public and community building,DEPUTY COMMISSIONER KAMRUP_IDA,2023-11-04,Action Pending,200000,Unsanctioned
MPLADS-027605,Dilip Saikia,Lok Sabha,Assam,MANGALDOI,,,BIHDIA -JAJIKONA,Bathan,Normal/Others,NA - Construction of additional rooms and halls in the existing public and community building,DEPUTY COMMISSIONER KAMRUP_IDA,2023-11-04,Action Pending,200000,Unsanctioned
MPLADS-027606,Dilip Saikia,Lok Sabha,Assam,MANGALDOI,,,BIHDIA -JAJIKONA,Pingeleswar (Pingaleswar),Normal/Others,NA - Construction of additional rooms and halls in the existing public and community building,DEPUTY COMMISSIONER KAMRUP_IDA,2023-11-04,Action Pending,300000,Unsanctioned
MPLADS-027607,Dilip Saikia,Lok Sabha,Assam,MANGALDOI,,,KALAIGAON,Bhangabarua (Bhangabaruachuba),Normal/Others,NA - Construction of additional rooms and halls in the existing public and community building,DEPUTY COMMISSIONER Udalguri_IDA,2023-11-04,Action Pending,200000,Unsanctioned
MPLADS-027608,Dilip Saikia,Lok Sabha,Assam,MANGALDOI,,,KALAIGAON,No.1 Kalaigaon Bagicha,Normal/Others,NA - Construction of boundary walls of existing public and community buildings,DEPUTY COMMISSIONER Udalguri_IDA,2023-11-04,Action Pending,200000,Unsanctioned
MPLADS-027609,Dilip Saikia,Lok Sabha,Assam,MANGALDOI,,,KALAIGAON,Kamarpara,Normal/Others,NA - Construction of common work sheds/ common covered sitting area,DEPUTY COMMISSIONER DARRANG_IDA,2023-11-04,Action Pending,200000,Unsanctioned
MPLADS-027610,Dilip Saikia,Lok Sabha,Assam,MANGALDOI,,,BHERGAON,No.1 Uttar Dimakuchi,Normal/Others,NA - Crematoriums or structures on burial/ cremation ground for public convenience,DEPUTY COMMISSIONER Udalguri_IDA,2023-11-04,Action Pending,200000,Unsanctioned
MPLADS-027611,Dilip Saikia,Lok Sabha,Assam,MANGALDOI,,,KALAIGAON,Choudhuri Para,Normal/Others,NA - Construction of additional rooms and halls in the existing public and community building,DEPUTY COMMISSIONER DARRANG_IDA,2023-11-04,Action Pending,200000,Unsanctioned
MPLADS-027612,Dilip Saikia,Lok Sabha,Assam,MANGALDOI,,,MAZBAT,Namatigaon(Namati Block A),Normal/Others,NA - Construction of additional rooms and halls in the existing public and community building,DEPUTY COMMISSIONER Udalguri_IDA,2023-11-04,Action Pending,200000,Unsanctioned
MPLADS-027613,Dilip Saikia,Lok Sabha,Assam,MANGALDOI,,,KALAIGAON,No.2 Boinara Satra,Normal/Others,NA - Construction of additional rooms and halls in the existing public and community building,DEPUTY COMMISSIONER DARRANG_IDA,2023-11-04,Action Pending,200000,Unsanctioned
MPLADS-027614,Dilip Saikia,Lok Sabha,Assam,MANGALDOI,,,KALAIGAON,Bhangabarua (Bhangabaruachuba),Normal/Others,NA - Construction of additional rooms and halls in the existing public and community building,DEPUTY COMMISSIONER Udalguri_IDA,2023-11-04,Action Pending,200000,Unsanctioned
MPLADS-027615,Dilip Saikia,Lok Sabha,Assam,MANGALDOI,,,MAZBAT,Merabil,Normal/Others,NA - Construction of rooms and halls in school and colleges,DEPUTY COMMISSIONER Udalguri_IDA,2023-11-04,Action Pending,400000,Unsanctioned
MPLADS-027616,Dilip Saikia,Lok Sabha,Assam,MANGALDOI,,,ODALGURI,Ratanpur,Normal/Others,NA - Common work sheds for artisans,DEPUTY COMMISSIONER Udalguri_IDA,2023-11-04,Action Pending,200000,Unsanctioned
MPLADS-027618,Dilip Saikia,Lok Sabha,Assam,MANGALDOI,,,BHERGAON,Dongpara,Normal/Others,NA - Crematoriums or structures on burial/ cremation ground for public convenience,DEPUTY COMMISSIONER Udalguri_IDA,2023-11-04,Action Pending,200000,Unsanctioned
MPLADS-027627,Dilip Saikia,Lok Sabha,Assam,MANGALDOI,,,BHERGAON,No.1 Geruajhar,Normal/Others,NA - Construction of additional rooms and halls in the existing public and community building,DEPUTY COMMISSIONER Udalguri_IDA,2023-11-04,Action Pending,300000,Unsanctioned
MPLADS-027632,Pradan Baruah,Lok Sabha,Assam,LAKHIMPUR,,,BOGINADI,No.4 Katari Chapari,Normal/Others,NA - Construction of community centers and community halls,DEPUTY COMMISSIONER LAKHIMPUR_IDA,2023-11-04,Action Pending,500000,Unsanctioned
MPLADS-027633,Dilip Saikia,Lok Sabha,Assam,MANGALDOI,,,BHERGAON,Betagaon,Normal/Others,NA - Construction of additional rooms and halls in the existing public and community building,DEPUTY COMMISSIONER Udalguri_IDA,2023-11-04,Action Pending,300000,Unsanctioned
MPLADS-027634,Pradan Baruah,Lok Sabha,Assam,LAKHIMPUR,,,GHILAMARA,Kekuri Dighala,Normal/Others,NA - Construction of community centers and community halls,DEPUTY COMMISSIONER LAKHIMPUR_IDA,2023-11-04,Action Pending,300000,Unsanctioned
MPLADS-027635,Pradan Baruah,Lok Sabha,Assam,LAKHIMPUR,,,SISSIBORGAON,No.2 Lepe Barhoiting,Normal/Others,NA - Construction of community centers and community halls,DEPUTY COMMISSIONER DHEMAJI_IDA,2023-11-04,Action Pending,400000,Unsanctioned
MPLADS-027636,Pradan Baruah,Lok Sabha,Assam,LAKHIMPUR,,,KARUNABARI,Merbil Dighali,Normal/Others,NA - Construction of community centers and community halls,DEPUTY COMMISSIONER LAKHIMPUR_IDA,2023-11-04,Action Pending,250000,Unsanctioned
MPLADS-027662,Pradan Baruah,Lok Sabha,Assam,LAKHIMPUR,,,KARUNABARI,Bangalmara Thengal,Normal/Others,NA - Construction of community centers and community halls,DEPUTY COMMISSIONER LAKHIMPUR_IDA,2023-11-04,Action Pending,250000,Unsanctioned
MPLADS-027663,Dilip Saikia,Lok Sabha,Assam,MANGALDOI,,,KAMALPUR,Bargaon,Normal/Others,NA - Construction of additional rooms and halls in the existing public and community building,DEPUTY COMMISSIONER KAMRUP_IDA,2023-11-04,Action Pending,300000,Unsanctioned
MPLADS-027665,Pradan Baruah,Lok Sabha,Assam,LAKHIMPUR,,,KARUNABARI,Bogori No.2,Normal/Others,NA - Construction of community centers and community halls,DEPUTY COMMISSIONER LAKHIMPUR_IDA,2023-11-04,Action Pending,250000,Unsanctioned
MPLADS-027666,Pradan Baruah,Lok Sabha,Assam,LAKHIMPUR,,,KARUNABARI,Bangal Mara P.G.R,Normal/Others,NA - Construction of community centers and community halls,DEPUTY COMMISSIONER LAKHIMPUR_IDA,2023-11-04,Action Pending,250000,Unsanctioned
MPLADS-027667,Pradan Baruah,Lok Sabha,Assam,LAKHIMPUR,,,BIHPURIA,Bahgora Pathar,Repair and Renovation,NA - Construction of buildings for community cultural activities,DEPUTY COMMISSIONER LAKHIMPUR_IDA,2023-11-04,Action Pending,1000000,Unsanctioned
MPLADS-027669,Dilip Saikia,Lok Sabha,Assam,MANGALDOI,,,BIHDIA -JAJIKONA,Titkuchi,Normal/Others,NA - Construction of common work sheds/ common covered sitting area,DEPUTY COMMISSIONER KAMRUP_IDA,2023-11-04,Action Pending,200000,Unsanctioned
MPLADS-027670,Dilip Saikia,Lok Sabha,Assam,MANGALDOI,,,KAMALPUR,Baihata,Normal/Others,NA - Construction of common work sheds/ common covered sitting area,DEPUTY COMMISSIONER KAMRUP_IDA,2023-11-04,Action Pending,300000,Unsanctioned
MPLADS-027671,Dilip Saikia,Lok Sabha,Assam,MANGALDOI,,,BIHDIA -JAJIKONA,Tulamali,Normal/Others,NA - Construction of additional rooms and halls in the existing public and community building,DEPUTY COMMISSIONER KAMRUP_IDA,2023-11-04,Action Pending,200000,Unsanctioned
MPLADS-027672,Dilip Saikia,Lok Sabha,Assam,MANGALDOI,,,KAMALPUR,Degunpar,Normal/Others,NA - Construction of additional rooms and halls in the existing public and community building,DEPUTY COMMISSIONER KAMRUP_IDA,2023-11-04,Action Pending,200000,Unsanctioned
MPLADS-027673,Dilip Saikia,Lok Sabha,Assam,MANGALDOI,,,KAMALPUR,Azara,Normal/Others,NA - Construction of additional rooms and halls in the existing public and community building,DEPUTY COMMISSIONER KAMRUP_IDA,2023-11-04,Action Pending,300000,Unsanctioned
MPLADS-027674,Dilip Saikia,Lok Sabha,Assam,MANGALDOI,,,KAMALPUR,Katanipara,Normal/Others,NA - Construction of additional rooms and halls in the existing public and community building,DEPUTY COMMISSIONER KAMRUP_IDA,2023-11-04,Action Pending,300000,Unsanctioned
MPLADS-027676,Dilip Saikia,Lok Sabha,Assam,MANGALDOI,,,KAMALPUR,Degunpar,Normal/Others,NA - Construction of additional rooms and halls in the existing public and community building,DEPUTY COMMISSIONER KAMRUP_IDA,2023-11-04,Action Pending,200000,Unsanctioned
MPLADS-027677,Dilip Saikia,Lok Sabha,Assam,MANGALDOI,,,KAMALPUR,Sundarisal,Normal/Others,NA - Construction of boundary walls of existing public and community buildings,DEPUTY COMMISSIONER KAMRUP_IDA,2023-11-04,Action Pending,200000,Unsanctioned
MPLADS-027876,Pradan Baruah,Lok Sabha,Assam,LAKHIMPUR,,,MACHKHOWA,Khalihamari No.1 & 2,Normal/Others,NA - Construction of community centers and community halls,DEPUTY COMMISSIONER DHEMAJI_IDA,2023-11-04,Action Pending,300000,Unsanctioned
MPLADS-028322,Dilip Saikia,Lok Sabha,Assam,MANGALDOI,,,BIHDIA -JAJIKONA,Panara,Normal/Others,NA - Construction of additional rooms and halls in the existing public and community building,DEPUTY COMMISSIONER KAMRUP_IDA,2023-11-03,Action Pending,200000,Unsanctioned
MPLADS-028323,Dilip Saikia,Lok Sabha,Assam,MANGALDOI,,,KAMALPUR,Kendukona,Normal/Others,NA - Construction of additional rooms and halls in the existing public and community building,DEPUTY COMMISSIONER KAMRUP_IDA,2023-11-03,Action Pending,200000,Unsanctioned
MPLADS-028582,Topon Kumar Gogoi,Lok Sabha,Assam,JORHAT,,,SONARI,Barbhuyan Gaon,Normal/Others,NA - Construction of rooms and halls in school and colleges,Deputy Commissioner Charaideo_IDA,2023-11-02,Action Pending,500000,Unsanctioned
MPLADS-028965,Dilip Saikia,Lok Sabha,Assam,MANGALDOI,,,RANGIA,Makul (Nakul),Normal/Others,NA - Construction of boundary walls of existing public and community buildings,DEPUTY COMMISSIONER KAMRUP_IDA,2023-11-01,Action Pending,300000,Unsanctioned
MPLADS-028973,Dilip Saikia,Lok Sabha,Assam,MANGALDOI,Rangia,9,,,Normal/Others,NA - Construction of public libraries and reading rooms,DEPUTY COMMISSIONER KAMRUP_IDA,2023-11-01,Action Pending,200000,Unsanctioned
MPLADS-028974,Dilip Saikia,Lok Sabha,Assam,MANGALDOI,,,RANGIA,Kekeni Kuchi,Normal/Others,NA - Crematoriums or structures on burial/ cremation ground for public convenience,DEPUTY COMMISSIONER KAMRUP_IDA,2023-11-01,Action Pending,300000,Unsanctioned
MPLADS-028976,Dilip Saikia,Lok Sabha,Assam,MANGALDOI,,,RANGIA,Balikuchi,Normal/Others,NA - Construction of additional rooms and halls in the existing public and community building,DEPUTY COMMISSIONER KAMRUP_IDA,2023-11-01,Action Pending,300000,Unsanctioned
MPLADS-028977,Dilip Saikia,Lok Sabha,Assam,MANGALDOI,,,RANGIA,Simalua,Normal/Others,NA - Construction of additional rooms and halls in the existing public and community building,DEPUTY COMMISSIONER KAMRUP_IDA,2023-11-01,Action Pending,300000,Unsanctioned
MPLADS-028978,Dilip Saikia,Lok Sabha,Assam,MANGALDOI,,,RANGIA,Kekohati,Normal/Others,NA - Crematoriums or structures on burial/ cremation ground for public convenience,DEPUTY COMMISSIONER KAMRUP_IDA,2023-11-01,Action Pending,300000,Unsanctioned
MPLADS-028979,Dilip Saikia,Lok Sabha,Assam,MANGALDOI,,,RANGIA,Naburka Satra,Normal/Others,NA - Construction of additional rooms and halls in the existing public and community building,DEPUTY COMMISSIONER KAMRUP_IDA,2023-11-01,Action Pending,300000,Unsanctioned
MPLADS-028980,Dilip Saikia,Lok Sabha,Assam,MANGALDOI,,,RANGIA,Dimu No.1,Normal/Others,NA - Construction of additional rooms and halls in the existing public and community building,DEPUTY COMMISSIONER KAMRUP_IDA,2023-11-01,Action Pending,200000,Unsanctioned
MPLADS-028981,Dilip Saikia,Lok Sabha,Assam,MANGALDOI,,,RANGIA,Barkukuria,Normal/Others,NA - Construction of additional rooms and halls in the existing public and community building,DEPUTY COMMISSIONER KAMRUP_IDA,2023-11-01,Action Pending,300000,Unsanctioned
MPLADS-028982,Dilip Saikia,Lok Sabha,Assam,MANGALDOI,,,RANGIA,Borsil (Barsil),Normal/Others,NA - Construction of additional rooms and halls in the existing public and community building,DEPUTY COMMISSIONER KAMRUP_IDA,2023-11-01,Action Pending,300000,Unsanctioned
MPLADS-028983,Dilip Saikia,Lok Sabha,Assam,MANGALDOI,,,RANGIA,Pub-Sitara,Normal/Others,NA - Construction of additional rooms and halls in the existing public and community building,DEPUTY COMMISSIONER KAMRUP_IDA,2023-11-01,Action Pending,300000,Unsanctioned
MPLADS-029036,Dilip Saikia,Lok Sabha,Assam,MANGALDOI,,,RANGIA,Kekeni Kuchi,Normal/Others,NA - Construction of boundary walls of existing public and community buildings,DEPUTY COMMISSIONER KAMRUP_IDA,2023-11-01,Action Pending,200000,Unsanctioned
MPLADS-029046,Dilip Saikia,Lok Sabha,Assam,MANGALDOI,Rangia,4,,,Normal/Others,NA - Construction of boundary walls of existing public and community buildings,DEPUTY COMMISSIONER KAMRUP_IDA,2023-11-01,Action Pending,500000,Unsanctioned
MPLADS-029047,Dilip Saikia,Lok Sabha,Assam,MANGALDOI,Rangia,7,,,Normal/Others,NA - Construction of additional rooms and halls in the existing public and community building,DEPUTY COMMISSIONER KAMRUP_IDA,2023-11-01,Action Pending,200000,Unsanctioned
MPLADS-029048,Dilip Saikia,Lok Sabha,Assam,MANGALDOI,,,KALAIGAON,Kabiraligaon,Normal/Others,NA - Construction of additional rooms and halls in the existing public and community building,DEPUTY COMMISSIONER Udalguri_IDA,2023-11-01,Action Pending,150000,Unsanctioned
MPLADS-029049,Dilip Saikia,Lok Sabha,Assam,MANGALDOI,,,KALAIGAON,No.2 Boinara Satra,Normal/Others,NA - Construction of boundary walls of existing public and community buildings,DEPUTY COMMISSIONER DARRANG_IDA,2023-11-01,Action Pending,250000,Unsanctioned
MPLADS-029050,Dilip Saikia,Lok Sabha,Assam,MANGALDOI,,,KALAIGAON,Tengabari Bagicha,Normal/Others,NA - Construction of boundary walls of existing public and community buildings,DEPUTY COMMISSIONER DARRANG_IDA,2023-11-01,Action Pending,200000,Unsanctioned
MPLADS-029051,Dilip Saikia,Lok Sabha,Assam,MANGALDOI,,,KALAIGAON,Outala (Outala Grant),Normal/Others,NA - Construction of boundary walls of existing public and community buildings,DEPUTY COMMISSIONER DARRANG_IDA,2023-11-01,Action Pending,200000,Unsanctioned
MPLADS-029052,Dilip Saikia,Lok Sabha,Assam,MANGALDOI,,,KALAIGAON,Botiamari (Baliamari),Normal/Others,NA - Crematoriums or structures on burial/ cremation ground for public convenience,DEPUTY COMMISSIONER Udalguri_IDA,2023-11-01,Action Pending,300000,Unsanctioned
MPLADS-029053,Dilip Saikia,Lok Sabha,Assam,MANGALDOI,,,KALAIGAON,Bholabari,Normal/Others,NA - Construction of additional rooms and halls in the existing public and community building,DEPUTY COMMISSIONER Udalguri_IDA,2023-11-01,Action Pending,200000,Unsanctioned
MPLADS-029054,Dilip Saikia,Lok Sabha,Assam,MANGALDOI,,,KALAIGAON,Sengapathar,Normal/Others,NA - Construction of buildings for community cultural activities,DEPUTY COMMISSIONER Udalguri_IDA,2023-11-01,Action Pending,200000,Unsanctioned
MPLADS-029055,Dilip Saikia,Lok Sabha,Assam,MANGALDOI,,,KALAIGAON,Naharbari,Normal/Others,NA - Construction of cycle tracks and segregated non-motorized vehicle (NMV) lanes,DEPUTY COMMISSIONER Udalguri_IDA,2023-11-01,Action Pending,200000,Unsanctioned
MPLADS-029056,Topon Kumar Gogoi,Lok Sabha,Assam,JORHAT,,,SONARI,Mout Gaon,Normal/Others,NA - Construction of rooms and halls in school and colleges,Deputy Commissioner Charaideo_IDA,2023-11-01,Action Pending,1000000,Unsanctioned
MPLADS-029057,Topon Kumar Gogoi,Lok Sabha,Assam,JORHAT,,,SONARI,Mout Gaon,Normal/Others,NA - Construction of buildings for community cultural activities,Deputy Commissioner Charaideo_IDA,2023-11-01,Action Pending,500000,Unsanctioned
MPLADS-029069,Dilip Saikia,Lok Sabha,Assam,MANGALDOI,,,RANGIA,Tarani,Normal/Others,NA - Construction of additional rooms and halls in the existing public and community building,DEPUTY COMMISSIONER KAMRUP_IDA,2023-10-31,Action Pending,300000,Unsanctioned
MPLADS-029070,Dilip Saikia,Lok Sabha,Assam,MANGALDOI,Rangia,8,,,Normal/Others,NA - Construction of community centers and community halls,DEPUTY COMMISSIONER KAMRUP_IDA,2023-10-31,Action Pending,300000,Unsanctioned
MPLADS-029071,Dilip Saikia,Lok Sabha,Assam,MANGALDOI,,,KALAIGAON,Kaljuri,Normal/Others,NA - Construction of buildings for community cultural activities,DEPUTY COMMISSIONER DARRANG_IDA,2023-10-31,Action Pending,200000,Unsanctioned
MPLADS-029079,Dilip Saikia,Lok Sabha,Assam,MANGALDOI,,,KALAIGAON,Choudhuri Para,Normal/Others,NA - Construction of additional rooms and halls in the existing public and community building,DEPUTY COMMISSIONER DARRANG_IDA,2023-10-31,Action Pending,200000,Unsanctioned
MPLADS-029103,Topon Kumar Gogoi,Lok Sabha,Assam,JORHAT,,,KALIAPANI,Teok Grant,Normal/Others,NA - Construction of buildings for community cultural activities,DEPUTY COMMISSIONER JORHAT_IDA,2023-10-31,Action Pending,500000,Unsanctioned
MPLADS-029104,Dilip Saikia,Lok Sabha,Assam,MANGALDOI,,,KALAIGAON,Athiabari Khat,Normal/Others,NA - Construction of community centers and community halls,DEPUTY COMMISSIONER DARRANG_IDA,2023-10-31,Action Pending,400000,Unsanctioned
MPLADS-029162,Dilip Saikia,Lok Sabha,Assam,MANGALDOI,,,SIPAJHAR,Niranchuba,Normal/Others,NA - Construction of additional rooms and halls in the existing public and community building,DEPUTY COMMISSIONER DARRANG_IDA,2023-10-31,Action Pending,200000,Unsanctioned
MPLADS-029164,Topon Kumar Gogoi,Lok Sabha,Assam,JORHAT,,,SAPEKHATI,Balikhatia,Normal/Others,NA - Purchase of sports equipment,Deputy Commissioner Charaideo_IDA,2023-10-31,Action Pending,100000,Unsanctioned
MPLADS-029181,Topon Kumar Gogoi,Lok Sabha,Assam,JORHAT,,,NAZIRA,Lahon Gaon,Normal/Others,NA - Construction of buildings for community cultural activities,Deputy Commissioner Sivsagar_IDA,2023-10-31,Action Pending,1000000,Unsanctioned
MPLADS-029182,Topon Kumar Gogoi,Lok Sabha,Assam,JORHAT,,,JORHAT CENTRAL,Bum-Kukura Chowa,Normal/Others,NA - Purchase of sports equipment,DEPUTY COMMISSIONER JORHAT_IDA,2023-10-31,Action Pending,300000,Unsanctioned
MPLADS-029183,Topon Kumar Gogoi,Lok Sabha,Assam,JORHAT,,,JORHAT EAST,Kathalguri T.E.,Normal/Others,WS/MP496/2023-2024/42707 - Construction of boundary walls of existing public and community buildings,DEPUTY COMMISSIONER JORHAT_IDA,2023-10-31,Approved by IDA,500000,Unsanctioned
MPLADS-029184,Topon Kumar Gogoi,Lok Sabha,Assam,JORHAT,,,SIVASAGAR,Kath Para,Normal/Others,WS/MP496/2023-2024/42734 - Construction of boundary walls of existing public and community buildings,Deputy Commissioner Sivsagar_IDA,2023-10-31,Approved by IDA,300000,Unsanctioned
MPLADS-029185,Dilip Saikia,Lok Sabha,Assam,MANGALDOI,,,SIPAJHAR,Dagiapara,Normal/Others,NA - Construction of community centers and community halls,DEPUTY COMMISSIONER DARRANG_IDA,2023-10-31,Action Pending,300000,Unsanctioned
MPLADS-029187,Dilip Saikia,Lok Sabha,Assam,MANGALDOI,,,SIPAJHAR,Kharkhowapara,Normal/Others,NA - Crematoriums or structures on burial/ cremation ground for public convenience,DEPUTY COMMISSIONER DARRANG_IDA,2023-10-31,Action Pending,300000,Unsanctioned
MPLADS-029188,Dilip Saikia,Lok Sabha,Assam,MANGALDOI,,,SIPAJHAR,Pithakhowa,Normal/Others,NA - Construction of additional rooms and halls in the existing public and community building,DEPUTY COMMISSIONER DARRANG_IDA,2023-10-31,Action Pending,300000,Unsanctioned
MPLADS-029192,Topon Kumar Gogoi,Lok Sabha,Assam,JORHAT,,,KALIAPANI,Bajor Chiga,Normal/Others,NA - Construction of buildings for community cultural activities,DEPUTY COMMISSIONER JORHAT_IDA,2023-10-31,Action Pending,400000,Unsanctioned
MPLADS-029210,Topon Kumar Gogoi,Lok Sabha,Assam,JORHAT,Amguri,ward No-2,,,Normal/Others,NA - Construction of buildings for community cultural activities,Deputy Commissioner Sivsagar_IDA,2023-10-31,Action Pending,500000,Unsanctioned
MPLADS-029211,Topon Kumar Gogoi,Lok Sabha,Assam,JORHAT,,,GAURISAGAR,Khatual,Normal/Others,NA - Construction of additional rooms and halls in the existing public and community building,Deputy Commissioner Sivsagar_IDA,2023-10-31,Action Pending,1000000,Unsanctioned
MPLADS-029212,Topon Kumar Gogoi,Lok Sabha,Assam,JORHAT,,,SAPEKHATI,Nagahat Gaon,Normal/Others,NA - Construction of public libraries and reading rooms,Deputy Commissioner Charaideo_IDA,2023-10-31,Action Pending,600000,Unsanctioned
MPLADS-029215,Topon Kumar Gogoi,Lok Sabha,Assam,JORHAT,,,NAZIRA,Chetia Handique,Normal/Others,NA - Construction of community centers and community halls,Deputy Commissioner Sivsagar_IDA,2023-10-31,Action Pending,500000,Unsanctioned
MPLADS-029217,Topon Kumar Gogoi,Lok Sabha,Assam,JORHAT,,,TITABOR,No.4 Charaipani Grant,Normal/Others,NA - Construction of public libraries and reading rooms,DEPUTY COMMISSIONER JORHAT_IDA,2023-10-31,Action Pending,600000,Unsanctioned
MPLADS-029218,Dilip Saikia,Lok Sabha,Assam,MANGALDOI,SIPAJHAR MB,3,,,Normal/Others,NA - Construction of additional rooms and halls in the existing public and community building,DEPUTY COMMISSIONER DARRANG_IDA,2023-10-31,Action Pending,300000,Unsanctioned
MPLADS-029752,Pradyut Bordoloi,Lok Sabha,Assam,NOWGONG,,,RAHA,Dighaldari,Normal/Others,NA - Construction of buildings for community cultural activities,DEPUTY COMMISSIONER NOWGONG_IDA,2023-10-30,Action Pending,300000,Unsanctioned
MPLADS-029753,Pradyut Bordoloi,Lok Sabha,Assam,NOWGONG,,,PAKHIMORIA,Dakhin Pat Satra(Dhakinpat Sat,Normal/Others,NA - Setting up of farmers’ training and assistance centers,DEPUTY COMMISSIONER NOWGONG_IDA,2023-10-30,Action Pending,250000,Unsanctioned
MPLADS-029754,Pradyut Bordoloi,Lok Sabha,Assam,NOWGONG,,,RAHA,Sahari N.C.,Repair and Renovation,NA - Construction of buildings for community cultural activities,DEPUTY COMMISSIONER NOWGONG_IDA,2023-10-30,Action Pending,300000,Unsanctioned
MPLADS-029755,Pradyut Bordoloi,Lok Sabha,Assam,NOWGONG,,,RAHA,Amsoi,Normal/Others,NA - Construction of rooms and halls in school and colleges,DEPUTY COMMISSIONER NOWGONG_IDA,2023-10-30,Action Pending,300000,Unsanctioned
MPLADS-029756,Pradyut Bordoloi,Lok Sabha,Assam,NOWGONG,,,RAHA,Kamar Gaon,Normal/Others,NA - Construction of public libraries and reading rooms,DEPUTY COMMISSIONER NOWGONG_IDA,2023-10-30,Action Pending,400000,Unsanctioned
MPLADS-029757,Pradyut Bordoloi,Lok Sabha,Assam,NOWGONG,,,RAHA,Phulaguri,Normal/Others,NA - Construction of buildings for community cultural activities,DEPUTY COMMISSIONER NOWGONG_IDA,2023-10-30,Action Pending,300000,Unsanctioned
MPLADS-029758,Pradyut Bordoloi,Lok Sabha,Assam,NOWGONG,,,RAHA,Phulaguri,Normal/Others,NA - Construction of buildings for community cultural activities,DEPUTY COMMISSIONER NOWGONG_IDA,2023-10-30,Action Pending,300000,Unsanctioned
MPLADS-029759,Pradyut Bordoloi,Lok Sabha,Assam,NOWGONG,,,KATHIATOLI,Juripar,Normal/Others,NA - Construction of community centers and community halls,DEPUTY COMMISSIONER NOWGONG_IDA,2023-10-30,Action Pending,300000,Unsanctioned
MPLADS-029760,Pradyut Bordoloi,Lok Sabha,Assam,NOWGONG,,,KATHIATOLI,Madhapara,Normal/Others,NA - Construction of New Building,DEPUTY COMMISSIONER NOWGONG_IDA,2023-10-30,Action Pending,300000,Unsanctioned
MPLADS-029761,Pradyut Bordoloi,Lok Sabha,Assam,NOWGONG,,,KATHIATOLI,Madhapara,Normal/Others,NA - Crematoriums or structures on burial/ cremation ground for public convenience,DEPUTY COMMISSIONER NOWGONG_IDA,2023-10-30,Action Pending,250000,Unsanctioned
MPLADS-029762,Pradyut Bordoloi,Lok Sabha,Assam,NOWGONG,,,KATHIATOLI,Kachua No.1,Normal/Others,NA - Construction of boundary walls of existing public and community buildings,DEPUTY COMMISSIONER NOWGONG_IDA,2023-10-30,Action Pending,300000,Unsanctioned
MPLADS-029763,Pradyut Bordoloi,Lok Sabha,Assam,NOWGONG,,,PAKHIMORIA,Dewdhar,Normal/Others,NA - Construction of community centers and community halls,DEPUTY COMMISSIONER NOWGONG_IDA,2023-10-30,Action Pending,400000,Unsanctioned
MPLADS-029764,Pradyut Bordoloi,Lok Sabha,Assam,NOWGONG,,,KATHIATOLI,Nambar Lalung Gaon,Normal/Others,NA - Construction of community centers and community halls,DEPUTY COMMISSIONER NOWGONG_IDA,2023-10-30,Action Pending,250000,Unsanctioned
MPLADS-029765,Pradyut Bordoloi,Lok Sabha,Assam,NOWGONG,Nagaon,23,,,Normal/Others,NA - Construction of buildings for community cultural activities,DEPUTY COMMISSIONER NOWGONG_IDA,2023-10-30,Rejected by IDA,250000,Unsanctioned
MPLADS-029766,Pradyut Bordoloi,Lok Sabha,Assam,NOWGONG,,,BATADRAVA,Bali Satra,Normal/Others,NA - Improvement of electricity distribution infrastructure,DEPUTY COMMISSIONER NOWGONG_IDA,2023-10-30,Rejected by IDA,770000,Unsanctioned
MPLADS-029769,Pradyut Bordoloi,Lok Sabha,Assam,NOWGONG,,,RAHA,Dighaldari,Normal/Others,NA - Construction of buildings for community cultural activities,DEPUTY COMMISSIONER NOWGONG_IDA,2023-10-30,Action Pending,250000,Unsanctioned
MPLADS-029770,Pradyut Bordoloi,Lok Sabha,Assam,NOWGONG,,,RAHA,Dighali Ati,Normal/Others,NA - Construction of buildings for community cultural activities,DEPUTY COMMISSIONER NOWGONG_IDA,2023-10-30,Action Pending,300000,Unsanctioned
MPLADS-029802,Pradyut Bordoloi,Lok Sabha,Assam,NOWGONG,,,MAYANG,Ahatguri,Normal/Others,NA - Construction of community centers and community halls,Deputy Commissioner Morigaon_IDA,2023-10-29,Rejected by IDA,300000,Unsanctioned
MPLADS-029814,Pradyut Bordoloi,Lok Sabha,Assam,NOWGONG,,,LAHARIGHAT,Borongoni Pathar,Normal/Others,NA - Construction of community centers and community halls,Deputy Commissioner Morigaon_IDA,2023-10-29,Action Pending,300000,Unsanctioned
MPLADS-029815,Pradyut Bordoloi,Lok Sabha,Assam,NOWGONG,,,LAHARIGHAT,Jamadari,Normal/Others,NA - Construction of boundary walls of existing public and community buildings,Deputy Commissioner Morigaon_IDA,2023-10-29,Action Pending,300000,Unsanctioned
MPLADS-029816,Pradyut Bordoloi,Lok Sabha,Assam,NOWGONG,,,LAHARIGHAT,Niz-Gerua,Normal/Others,NA - Construction of buildings for community cultural activities,Deputy Commissioner Morigaon_IDA,2023-10-29,Action Pending,250000,Unsanctioned
MPLADS-029817,Pradyut Bordoloi,Lok Sabha,Assam,NOWGONG,,,LAHARIGHAT,Raja Gadhowa,Normal/Others,NA - Construction of public libraries and reading rooms,Deputy Commissioner Morigaon_IDA,2023-10-29,Action Pending,500000,Unsanctioned
MPLADS-029818,Pradyut Bordoloi,Lok Sabha,Assam,NOWGONG,,,LAHARIGHAT,Batabori,Normal/Others,NA - Construction of community centers and community halls,Deputy Commissioner Morigaon_IDA,2023-10-29,Action Pending,300000,Unsanctioned
MPLADS-029819,Pradyut Bordoloi,Lok Sabha,Assam,NOWGONG,,,LAHARIGHAT,Barchala Gaon,Normal/Others,NA - Construction of boundary walls of existing public and community buildings,Deputy Commissioner Morigaon_IDA,2023-10-29,Action Pending,300000,Unsanctioned
MPLADS-029820,Pradyut Bordoloi,Lok Sabha,Assam,NOWGONG,,,LAHARIGHAT,Raja Gadhowa,Normal/Others,NA - Construction of community centers and community halls,Deputy Commissioner Morigaon_IDA,2023-10-29,Action Pending,300000,Unsanctioned
MPLADS-029821,Pradyut Bordoloi,Lok Sabha,Assam,NOWGONG,,,LAHARIGHAT,Bordooba Toop,Normal/Others,NA - Construction of public toilets and bathrooms,Deputy Commissioner Morigaon_IDA,2023-10-29,Action Pending,250000,Unsanctioned
MPLADS-029822,Pradyut Bordoloi,Lok Sabha,Assam,NOWGONG,,,MAYANG,Sat Sapori Doloni,Normal/Others,NA - Construction of community centers and community halls,Deputy Commissioner Morigaon_IDA,2023-10-29,Action Pending,400000,Unsanctioned
MPLADS-029823,Pradyut Bordoloi,Lok Sabha,Assam,NOWGONG,,,LAHARIGHAT,Saruchala,Normal/Others,NA - Construction of community centers and community halls,Deputy Commissioner Morigaon_IDA,2023-10-29,Action Pending,250000,Unsanctioned
MPLADS-029824,Pradyut Bordoloi,Lok Sabha,Assam,NOWGONG,,,MAYANG,Barbari,Normal/Others,NA - Construction of community centers and community halls,Deputy Commissioner Morigaon_IDA,2023-10-29,Action Pending,400000,Unsanctioned
MPLADS-029872,Pradyut Bordoloi,Lok Sabha,Assam,NOWGONG,,,MAYANG,Kuranibori,Normal/Others,NA - Construction of community centers and community halls,Deputy Commissioner Morigaon_IDA,2023-10-29,Action Pending,300000,Unsanctioned
MPLADS-029891,Pradyut Bordoloi,Lok Sabha,Assam,NOWGONG,,,MAYANG,Manaha,Normal/Others,NA - Construction of buildings for community cultural activities,Deputy Commissioner Morigaon_IDA,2023-10-29,Action Pending,300000,Unsanctioned
MPLADS-029892,Pradyut Bordoloi,Lok Sabha,Assam,NOWGONG,,,LAHARIGHAT,Pholiamari Pathar,Normal/Others,NA - Construction of community centers and community halls,Deputy Commissioner Morigaon_IDA,2023-10-29,Action Pending,250000,Unsanctioned
MPLADS-029893,Pradyut Bordoloi,Lok Sabha,Assam,NOWGONG,,,MAYANG,Kukuwari,Normal/Others,NA - Construction of boundary walls of existing public and community buildings,Deputy Commissioner Morigaon_IDA,2023-10-29,Action Pending,500000,Unsanctioned
MPLADS-029894,Pradyut Bordoloi,Lok Sabha,Assam,NOWGONG,,,KAPILI,Baramara Pathar (Barama Pathar),Normal/Others,NA - Construction of boundary walls of existing public and community buildings,Deputy Commissioner Morigaon_IDA,2023-10-29,Action Pending,400000,Unsanctioned
MPLADS-029906,Pradyut Bordoloi,Lok Sabha,Assam,NOWGONG,,,MAYANG,Jhargaon,Normal/Others,NA - Construction of buildings for community cultural activities,Deputy Commissioner Morigaon_IDA,2023-10-29,Rejected by IDA,250000,Unsanctioned
MPLADS-029907,Pradyut Bordoloi,Lok Sabha,Assam,NOWGONG,Marigaon,9,,,Normal/Others,NA - Construction of buildings for community cultural activities,Deputy Commissioner Morigaon_IDA,2023-10-29,Action Pending,250000,Unsanctioned
MPLADS-029909,Pradyut Bordoloi,Lok Sabha,Assam,NOWGONG,,,MAYANG,Jagiroad (CT),Normal/Others,NA - Construction of buildings for sports facilities,Deputy Commissioner Morigaon_IDA,2023-10-29,Action Pending,400000,Unsanctioned
MPLADS-029910,Pradyut Bordoloi,Lok Sabha,Assam,NOWGONG,,,MAYANG,Jagiroad (CT),Normal/Others,NA - Construction of community centers and community halls,Deputy Commissioner Morigaon_IDA,2023-10-29,Action Pending,300000,Unsanctioned
MPLADS-029911,Pradyut Bordoloi,Lok Sabha,Assam,NOWGONG,,,MAYANG,Dakhin Dharamtul,Normal/Others,NA - Development of playfields and sports grounds,Deputy Commissioner Morigaon_IDA,2023-10-29,Action Pending,400000,Unsanctioned
MPLADS-029912,Pradyut Bordoloi,Lok Sabha,Assam,NOWGONG,,,MAYANG,Garakhia Dhap,Normal/Others,NA - Construction of boundary walls of existing public and community buildings,Deputy Commissioner Morigaon_IDA,2023-10-29,Action Pending,300000,Unsanctioned
MPLADS-029913,Pradyut Bordoloi,Lok Sabha,Assam,NOWGONG,,,MAYANG,Barbari,Normal/Others,NA - Construction of community centers and community halls,Deputy Commissioner Morigaon_IDA,2023-10-29,Rejected by IDA,300000,Unsanctioned
MPLADS-029914,Pradyut Bordoloi,Lok Sabha,Assam,NOWGONG,,,MAYANG,Ghagua Pahar,Normal/Others,NA - Construction of community centers and community halls,Deputy Commissioner Morigaon_IDA,2023-10-29,Action Pending,300000,Unsanctioned
MPLADS-029915,Pradyut Bordoloi,Lok Sabha,Assam,NOWGONG,,,MAYANG,Hatigarh V.G.R.,Normal/Others,NA - Construction of buildings for community cultural activities,Deputy Commissioner Morigaon_IDA,2023-10-29,Action Pending,250000,Unsanctioned
MPLADS-029916,Pradyut Bordoloi,Lok Sabha,Assam,NOWGONG,,,MAYANG,Barpak Jungle,Normal/Others,NA - Construction of buildings for community cultural activities,Deputy Commissioner Morigaon_IDA,2023-10-29,Action Pending,250000,Unsanctioned
MPLADS-029917,Pradyut Bordoloi,Lok Sabha,Assam,NOWGONG,,,MAYANG,Bhakatgaon,Normal/Others,NA - Construction of buildings for community cultural activities,Deputy Commissioner Morigaon_IDA,2023-10-29,Rejected by IDA,300000,Unsanctioned
MPLADS-029918,Pradyut Bordoloi,Lok Sabha,Assam,NOWGONG,,,MAYANG,Bhakatgaon,Normal/Others,NA - Construction of boundary walls of existing public and community buildings,Deputy Commissioner Morigaon_IDA,2023-10-29,Action Pending,300000,Unsanctioned
MPLADS-029919,Pradyut Bordoloi,Lok Sabha,Assam,NOWGONG,,,MAYANG,Manaha,Normal/Others,NA - Construction of community centers and community halls,Deputy Commissioner Morigaon_IDA,2023-10-29,Action Pending,300000,Unsanctioned
MPLADS-029920,Pradyut Bordoloi,Lok Sabha,Assam,NOWGONG,,,MAYANG,Manaha,Normal/Others,NA - Construction of buildings for community cultural activities,Deputy Commissioner Morigaon_IDA,2023-10-29,Action Pending,250000,Unsanctioned
MPLADS-029923,Pradyut Bordoloi,Lok Sabha,Assam,NOWGONG,,,MAYANG,Nakara Habi,Normal/Others,NA - Construction of boundary walls of existing public and community buildings,Deputy Commissioner Morigaon_IDA,2023-10-29,Action Pending,300000,Unsanctioned
MPLADS-029924,Pradyut Bordoloi,Lok Sabha,Assam,NOWGONG,,,BHURBANDHA,Mikirbheta,Normal/Others,NA - Crematoriums or structures on burial/ cremation ground for public convenience,Deputy Commissioner Morigaon_IDA,2023-10-29,Action Pending,300000,Unsanctioned
MPLADS-029936,Pradyut Bordoloi,Lok Sabha,Assam,NOWGONG,,,BHURBANDHA,Basanaghat,Normal/Others,NA - Construction of toilet blocks,Deputy Commissioner Morigaon_IDA,2023-10-29,Action Pending,400000,Unsanctioned
MPLADS-029937,Pradyut Bordoloi,Lok Sabha,Assam,NOWGONG,,,BHURBANDHA,Rangadoria,Normal/Others,NA - Construction of buildings for community cultural activities,Deputy Commissioner Morigaon_IDA,2023-10-29,Action Pending,300000,Unsanctioned
MPLADS-029938,Pradyut Bordoloi,Lok Sabha,Assam,NOWGONG,,,KAPILI,Jaluguti,Normal/Others,NA - Construction of buildings for community cultural activities,Deputy Commissioner Morigaon_IDA,2023-10-29,Action Pending,300000,Unsanctioned
MPLADS-029939,Pradyut Bordoloi,Lok Sabha,Assam,NOWGONG,,,BHURBANDHA,Bagharagaon,Normal/Others,NA - Installation of fixed garden gym equipment,Deputy Commissioner Morigaon_IDA,2023-10-29,Action Pending,500000,Unsanctioned
MPLADS-029940,Pradyut Bordoloi,Lok Sabha,Assam,NOWGONG,,,KAPILI,Barsaka Baha,Normal/Others,NA - Construction of boundary walls of existing public and community buildings,Deputy Commissioner Morigaon_IDA,2023-10-29,Action Pending,300000,Unsanctioned
MPLADS-029941,Pradyut Bordoloi,Lok Sabha,Assam,NOWGONG,,,KAPILI,Mikirgaon,Normal/Others,"NA - Construction of roads, approach roads, link roads and pathways",Deputy Commissioner Morigaon_IDA,2023-10-29,Action Pending,300000,Unsanctioned
MPLADS-029950,Pradyut Bordoloi,Lok Sabha,Assam,NOWGONG,,,KAPILI,Jaluguti,Normal/Others,NA - Construction of community centers and community halls,Deputy Commissioner Morigaon_IDA,2023-10-29,Rejected by IDA,300000,Unsanctioned
MPLADS-029951,Pradyut Bordoloi,Lok Sabha,Assam,NOWGONG,,,MAYANG,Thengbhanga,Normal/Others,NA - Construction of buildings for community cultural activities,Deputy Commissioner Morigaon_IDA,2023-10-29,Action Pending,400000,Unsanctioned
MPLADS-029952,Pradyut Bordoloi,Lok Sabha,Assam,NOWGONG,,,KAPILI,Niz-Charai Bahi (Niz-Sarai Bahi),Normal/Others,NA - Construction of buildings for community cultural activities,Deputy Commissioner Morigaon_IDA,2023-10-29,Action Pending,300000,Unsanctioned
MPLADS-029953,Pradyut Bordoloi,Lok Sabha,Assam,NOWGONG,,,MAYANG,Jagi Gaon,Normal/Others,NA - Construction of boundary walls of existing public and community buildings,Deputy Commissioner Morigaon_IDA,2023-10-29,Action Pending,300000,Unsanctioned
MPLADS-029961,Pradyut Bordoloi,Lok Sabha,Assam,NOWGONG,,,MAYANG,Bhakatgaon,Normal/Others,NA - Construction of community centers and community halls,Deputy Commissioner Morigaon_IDA,2023-10-29,Rejected by IDA,300000,Unsanctioned
MPLADS-029984,Pradyut Bordoloi,Lok Sabha,Assam,NOWGONG,,,MAYANG,Jagiroad (CT),Normal/Others,NA - Construction of buildings for community cultural activities,Deputy Commissioner Morigaon_IDA,2023-10-29,Action Pending,400000,Unsanctioned
MPLADS-029985,Pradyut Bordoloi,Lok Sabha,Assam,NOWGONG,,,MAYANG,Pachim Nagaon,Normal/Others,NA - Construction of community centers and community halls,Deputy Commissioner Morigaon_IDA,2023-10-29,Action Pending,300000,Unsanctioned
MPLADS-029986,Pradyut Bordoloi,Lok Sabha,Assam,NOWGONG,,,MAYANG,Jagiroad (CT),Normal/Others,NA - Construction of buildings for community cultural activities,Deputy Commissioner Morigaon_IDA,2023-10-29,Action Pending,300000,Unsanctioned
MPLADS-029990,Pradyut Bordoloi,Lok Sabha,Assam,NOWGONG,,,MAYANG,Bamunjari,Normal/Others,NA - Construction of buildings for community cultural activities,Deputy Commissioner Morigaon_IDA,2023-10-29,Action Pending,300000,Unsanctioned
MPLADS-029991,Pradyut Bordoloi,Lok Sabha,Assam,NOWGONG,,,MAYANG,Bhakatgaon,Normal/Others,NA - Construction of community centers and community halls,Deputy Commissioner Morigaon_IDA,2023-10-29,Action Pending,300000,Unsanctioned
MPLADS-029998,Pradyut Bordoloi,Lok Sabha,Assam,NOWGONG,,,MAYANG,Uttar Dharamtul,Normal/Others,NA - Construction of buildings for community cultural activities,Deputy Commissioner Morigaon_IDA,2023-10-29,Rejected by IDA,300000,Unsanctioned
MPLADS-030079,Pradyut Bordoloi,Lok Sabha,Assam,NOWGONG,Marigaon,8,,,Normal/Others,NA - Construction of community centers and community halls,Deputy Commissioner Morigaon_IDA,2023-10-28,Action Pending,250000,Unsanctioned
MPLADS-030080,Pradyut Bordoloi,Lok Sabha,Assam,NOWGONG,Marigaon,4,,,Normal/Others,NA - Construction of community centers and community halls,Deputy Commissioner Morigaon_IDA,2023-10-28,Action Pending,300000,Unsanctioned
MPLADS-030081,Pradyut Bordoloi,Lok Sabha,Assam,NOWGONG,Marigaon,8,,,Normal/Others,NA - Construction of buildings for community cultural activities,Deputy Commissioner Morigaon_IDA,2023-10-28,Action Pending,300000,Unsanctioned
MPLADS-030082,Pradyut Bordoloi,Lok Sabha,Assam,NOWGONG,,,BHURBANDHA,Sukdal Sarubari,Normal/Others,NA - Construction of community centers and community halls,Deputy Commissioner Morigaon_IDA,2023-10-28,Action Pending,300000,Unsanctioned
MPLADS-030083,Pradyut Bordoloi,Lok Sabha,Assam,NOWGONG,,,BHURBANDHA,Salmari,Normal/Others,NA - Construction of boundary walls of existing public and community buildings,Deputy Commissioner Morigaon_IDA,2023-10-28,Action Pending,300000,Unsanctioned
MPLADS-030084,Pradyut Bordoloi,Lok Sabha,Assam,NOWGONG,,,BHURBANDHA,Patidaya,Normal/Others,NA - Crematoriums or structures on burial/ cremation ground for public convenience,Deputy Commissioner Morigaon_IDA,2023-10-28,Action Pending,300000,Unsanctioned
MPLADS-030092,Pradyut Bordoloi,Lok Sabha,Assam,NOWGONG,,,BHURBANDHA,Barangabari,Normal/Others,NA - Construction of community centers and community halls,Deputy Commissioner Morigaon_IDA,2023-10-28,Action Pending,300000,Unsanctioned
MPLADS-030093,Pradyut Bordoloi,Lok Sabha,Assam,NOWGONG,,,BHURBANDHA,Niz Dandua,Repair and Renovation,NA - Construction of public libraries and reading rooms,Deputy Commissioner Morigaon_IDA,2023-10-28,Action Pending,300000,Unsanctioned
MPLADS-030094,Pradyut Bordoloi,Lok Sabha,Assam,NOWGONG,,,BHURBANDHA,Barigaon,Normal/Others,NA - Development of playfields and sports grounds,Deputy Commissioner Morigaon_IDA,2023-10-28,Rejected by IDA,400000,Unsanctioned
MPLADS-030095,Pradyut Bordoloi,Lok Sabha,Assam,NOWGONG,,,BHURBANDHA,Salmari,Normal/Others,NA - Construction of boundary walls of existing public and community buildings,Deputy Commissioner Morigaon_IDA,2023-10-28,Action Pending,300000,Unsanctioned
MPLADS-030541,Pradyut Bordoloi,Lok Sabha,Assam,NOWGONG,Nagaon,Nagaon LS,,,Normal/Others,NA - Purchase of sports equipment,DEPUTY COMMISSIONER NOWGONG_IDA,2023-10-26,Action Pending,1000000,Unsanctioned
MPLADS-030559,Pradyut Bordoloi,Lok Sabha,Assam,NOWGONG,,,BARHAMPUR,Uria Gaon,Normal/Others,NA - Construction of buildings for community cultural activities,DEPUTY COMMISSIONER NOWGONG_IDA,2023-10-26,Action Pending,300000,Unsanctioned
MPLADS-030560,Pradyut Bordoloi,Lok Sabha,Assam,NOWGONG,Nagaon,23,,,Normal/Others,NA - Construction of buildings for community cultural activities,DEPUTY COMMISSIONER NOWGONG_IDA,2023-10-26,Rejected by IDA,3,Unsanctioned
MPLADS-030561,Pradyut Bordoloi,Lok Sabha,Assam,NOWGONG,,,PAKHIMORIA,Maz Pathari,Normal/Others,NA - Construction of community centers and community halls,DEPUTY COMMISSIONER NOWGONG_IDA,2023-10-26,Action Pending,500000,Unsanctioned
MPLADS-030564,Pradyut Bordoloi,Lok Sabha,Assam,NOWGONG,,,PAKHIMORIA,Dewdhar,Normal/Others,NA - Construction of community centers and community halls,DEPUTY COMMISSIONER NOWGONG_IDA,2023-10-26,Action Pending,4,Unsanctioned
MPLADS-030573,Shri Abdul Khaleque ,Lok Sabha,Assam,BARPETA,,,Kalgachia,Udmari,Normal/Others,NA - Purchase of books and periodicals for libraries,DEPUTY COMMISSIONER BARPETA_IDA,2023-10-26,Action Pending,500000,Unsanctioned
MPLADS-030574,Shri Abdul Khaleque ,Lok Sabha,Assam,BARPETA,,,BARPETA,Nagarjar,Normal/Others,"NA - Construction of roads, approach roads, link roads and pathways",DEPUTY COMMISSIONER BARPETA_IDA,2023-10-26,Action Pending,400000,Unsanctioned
MPLADS-030575,Shri Abdul Khaleque ,Lok Sabha,Assam,BARPETA,,,RUPOSHI,Langla,Normal/Others,NA - Construction of rooms and halls in school and colleges,DEPUTY COMMISSIONER BARPETA_IDA,2023-10-26,Action Pending,600000,Unsanctioned
MPLADS-030576,Shri Abdul Khaleque ,Lok Sabha,Assam,BARPETA,,,PAKABETBARI,Nali Gaon,Normal/Others,NA - Construction of boundary walls of existing public and community buildings,DEPUTY COMMISSIONER BARPETA_IDA,2023-10-26,Action Pending,600000,Unsanctioned
MPLADS-030577,Shri Abdul Khaleque ,Lok Sabha,Assam,BARPETA,,,MANDIA,Kadam Tola,Normal/Others,NA - Construction of buildings for community cultural activities,DEPUTY COMMISSIONER BARPETA_IDA,2023-10-26,Action Pending,300000,Unsanctioned
MPLADS-030578,Shri Abdul Khaleque ,Lok Sabha,Assam,BARPETA,,,BOITAMARI,Kabaitari Pt I,Normal/Others,NA - Construction of buildings for community cultural activities,Deputy Commissioner Bongaigaon_IDA,2023-10-26,Action Pending,250000,Unsanctioned
MPLADS-030579,Pradyut Bordoloi,Lok Sabha,Assam,NOWGONG,,,BATADRAVA,Bali Satra,Normal/Others,NA - Improvement of electricity distribution infrastructure,DEPUTY COMMISSIONER NOWGONG_IDA,2023-10-26,Action Pending,8,Unsanctioned
MPLADS-030580,Pradyut Bordoloi,Lok Sabha,Assam,NOWGONG,,,KATHIATOLI,Nambar Lalung Gaon,Normal/Others,NA - Construction of community centers and community halls,DEPUTY COMMISSIONER NOWGONG_IDA,2023-10-26,Rejected by IDA,3,Unsanctioned
MPLADS-030585,Pradyut Bordoloi,Lok Sabha,Assam,NOWGONG,Nagaon,7,,,Normal/Others,NA - Construction of New Building,DEPUTY COMMISSIONER NOWGONG_IDA,2023-10-26,Action Pending,500000,Unsanctioned
MPLADS-030586,Pradyut Bordoloi,Lok Sabha,Assam,NOWGONG,,,KATHIATOLI,Kachua No.2,Normal/Others,NA - Construction of boundary walls of existing public and community buildings,DEPUTY COMMISSIONER NOWGONG_IDA,2023-10-26,Rejected by IDA,3,Unsanctioned
MPLADS-030610,Pradyut Bordoloi,Lok Sabha,Assam,NOWGONG,,,KATHIATOLI,Kachua No.1,Normal/Others,NA - Construction of boundary walls of existing public and community buildings,DEPUTY COMMISSIONER NOWGONG_IDA,2023-10-26,Rejected by IDA,3,Unsanctioned
MPLADS-030612,Pradyut Bordoloi,Lok Sabha,Assam,NOWGONG,,,KATHIATOLI,Gerjai Pam,Normal/Others,NA - Construction of New Building,DEPUTY COMMISSIONER NOWGONG_IDA,2023-10-26,Action Pending,500000,Unsanctioned
MPLADS-030613,Pradyut Bordoloi,Lok Sabha,Assam,NOWGONG,,,KATHIATOLI,Madhapara,Normal/Others,NA - Crematoriums or structures on burial/ cremation ground for public convenience,DEPUTY COMMISSIONER NOWGONG_IDA,2023-10-26,Rejected by IDA,3,Unsanctioned
MPLADS-030614,Pradyut Bordoloi,Lok Sabha,Assam,NOWGONG,,,KATHIATOLI,Madhapara,Normal/Others,NA - Construction of New Building,DEPUTY COMMISSIONER NOWGONG_IDA,2023-10-26,Action Pending,3,Unsanctioned
MPLADS-030615,Pradyut Bordoloi,Lok Sabha,Assam,NOWGONG,,,KATHIATOLI,Juripar,Normal/Others,NA - Construction of community centers and community halls,DEPUTY COMMISSIONER NOWGONG_IDA,2023-10-26,Rejected by IDA,3,Unsanctioned
MPLADS-030616,Pradyut Bordoloi,Lok Sabha,Assam,NOWGONG,,,RAHA,Phulaguri,Normal/Others,NA - Construction of buildings for community cultural activities,DEPUTY COMMISSIONER NOWGONG_IDA,2023-10-26,Action Pending,3,Unsanctioned
MPLADS-030617,Pradyut Bordoloi,Lok Sabha,Assam,NOWGONG,,,RAHA,Phulaguri,Normal/Others,NA - Construction of buildings for community cultural activities,DEPUTY COMMISSIONER NOWGONG_IDA,2023-10-26,Action Pending,3,Unsanctioned
MPLADS-030618,Pradyut Bordoloi,Lok Sabha,Assam,NOWGONG,,,PAKHIMORIA,Mohmara,Normal/Others,"NA - Construction of roads, link roads, pathways or any other road with or without drainage system",DEPUTY COMMISSIONER NOWGONG_IDA,2023-10-26,Action Pending,1000000,Unsanctioned
MPLADS-030619,Pradyut Bordoloi,Lok Sabha,Assam,NOWGONG,,,RAHA,Kamar Gaon,Normal/Others,NA - Construction of public libraries and reading rooms,DEPUTY COMMISSIONER NOWGONG_IDA,2023-10-26,Action Pending,4,Unsanctioned
MPLADS-030620,Pradyut Bordoloi,Lok Sabha,Assam,NOWGONG,,,RAHA,Amsoi,Normal/Others,NA - Construction of rooms and halls in school and colleges,DEPUTY COMMISSIONER NOWGONG_IDA,2023-10-26,Action Pending,3,Unsanctioned
MPLADS-030621,Pradyut Bordoloi,Lok Sabha,Assam,NOWGONG,,,RAHA,Sahari N.C.,Normal/Others,NA - Construction of buildings for community cultural activities,DEPUTY COMMISSIONER NOWGONG_IDA,2023-10-26,Action Pending,3,Unsanctioned
MPLADS-030622,Pradyut Bordoloi,Lok Sabha,Assam,NOWGONG,,,RAHA,Dighali Ati,Normal/Others,NA - Construction of buildings for community cultural activities,DEPUTY COMMISSIONER NOWGONG_IDA,2023-10-26,Action Pending,3,Unsanctioned
MPLADS-030623,Pradyut Bordoloi,Lok Sabha,Assam,NOWGONG,,,PAKHIMORIA,Dakhin Pat Satra(Dhakinpat Sat,Normal/Others,NA - Setting up of farmers’ training and assistance centers,DEPUTY COMMISSIONER NOWGONG_IDA,2023-10-26,Action Pending,3,Unsanctioned
MPLADS-030624,Pradyut Bordoloi,Lok Sabha,Assam,NOWGONG,,,RAHA,Dighaldari,Normal/Others,NA - Construction of buildings for community cultural activities,DEPUTY COMMISSIONER NOWGONG_IDA,2023-10-26,Action Pending,3,Unsanctioned
MPLADS-030625,Pradyut Bordoloi,Lok Sabha,Assam,NOWGONG,,,RAHA,Dighaldari,Normal/Others,NA - Construction of buildings for community cultural activities,DEPUTY COMMISSIONER NOWGONG_IDA,2023-10-26,Action Pending,3,Unsanctioned
MPLADS-030703,Rajdeep Roy,Lok Sabha,Assam,SILCHAR,,,PALONGHAT,Rukni T.E.,Normal/Others,WS/MP494/2023-2024/40505 - Development of playground,DEPUTY COMMISSIONER CACHAR_IDA,2023-10-25,Approved by IDA,700000,Sanctioned
MPLADS-030704,Rajdeep Roy,Lok Sabha,Assam,SILCHAR,,,BORKHOLA,Masimpur Pt II,Normal/Others,"WS/MP494/2023-2024/40504 - Construction of roads, approach roads, link roads and pathways",DEPUTY COMMISSIONER CACHAR_IDA,2023-10-25,Approved by IDA,300000,Unsanctioned
MPLADS-030705,Rajdeep Roy,Lok Sabha,Assam,SILCHAR,,,BINNAKANDI,Singerbond Pt I,Normal/Others,WS/MP494/2023-2024/40502 - Construction of community centers and community halls,DEPUTY COMMISSIONER CACHAR_IDA,2023-10-25,Approved by IDA,1000000,Sanctioned
MPLADS-030706,Rajdeep Roy,Lok Sabha,Assam,SILCHAR,,,BANSKANDI,Niz Banskandi Pt-I,Normal/Others,WS/MP494/2023-2024/40501 - Construction of community centers and community halls,DEPUTY COMMISSIONER CACHAR_IDA,2023-10-25,Approved by IDA,1000000,Sanctioned
MPLADS-030711,Rajdeep Roy,Lok Sabha,Assam,SILCHAR,,,BINNAKANDI,Chotomanda T.E.,Normal/Others,WS/MP494/2023-2024/40503 - Construction of community centers and community halls,DEPUTY COMMISSIONER CACHAR_IDA,2023-10-25,Approved by IDA,1000000,Sanctioned
MPLADS-030720,Rajdeep Roy,Lok Sabha,Assam,SILCHAR,,,SILCHAR,Ambicapur Pt IV,Normal/Others,"WS/MP494/2023-2024/40506 - Construction of roads, approach roads, link roads and pathways",DEPUTY COMMISSIONER CACHAR_IDA,2023-10-25,Approved by IDA,400000,Sanctioned
MPLADS-030732,Rajdeep Roy,Lok Sabha,Assam,SILCHAR,,,BORKHOLA,Masimpur Grant,Normal/Others,WS/MP494/2023-2024/40507 - Construction of boundary walls of existing public and community buildings,DEPUTY COMMISSIONER CACHAR_IDA,2023-10-25,Approved by IDA,400000,Sanctioned
MPLADS-031216,Pradan Baruah,Lok Sabha,Assam,LAKHIMPUR,,,SISSIBORGAON,Janakalyan,Repair and Renovation,NA - Construction of rooms and halls in school and colleges,DEPUTY COMMISSIONER DHEMAJI_IDA,2023-10-22,Action Pending,500000,Unsanctioned
MPLADS-031449,Pradyut Bordoloi,Lok Sabha,Assam,NOWGONG,,,PAKHIMORIA,Jalah Gaon,Normal/Others,NA - Construction of buildings for community cultural activities,DEPUTY COMMISSIONER NOWGONG_IDA,2023-10-21,Action Pending,300000,Unsanctioned
MPLADS-031463,Shri Abdul Khaleque ,Lok Sabha,Assam,BARPETA,,,TAPATTARY,Jharpara Pt II,Normal/Others,NA - Installing tube-wells and borewells,Deputy Commissioner Bongaigaon_IDA,2023-10-21,Action Pending,500000,Unsanctioned
MPLADS-031465,Shri Abdul Khaleque ,Lok Sabha,Assam,BARPETA,,,BARPETA,Dhakalia Para (Dhakia Para),Normal/Others,NA - Development of playground,DEPUTY COMMISSIONER BARPETA_IDA,2023-10-21,Action Pending,350000,Unsanctioned
MPLADS-031466,Shri Abdul Khaleque ,Lok Sabha,Assam,BARPETA,,,RUPOSHI,Uprupi,Normal/Others,"NA - Construction of roads, approach roads, link roads and pathways",DEPUTY COMMISSIONER BARPETA_IDA,2023-10-21,Action Pending,250000,Unsanctioned
MPLADS-031467,Pradyut Bordoloi,Lok Sabha,Assam,NOWGONG,,,RAHA,Ghahi Gaon,Repair and Renovation,NA - Construction of buildings for community cultural activities,DEPUTY COMMISSIONER NOWGONG_IDA,2023-10-21,Action Pending,300000,Unsanctioned
MPLADS-031468,Pradyut Bordoloi,Lok Sabha,Assam,NOWGONG,,,RAHA,Niz Bali Gaon (Bali Gaon),Normal/Others,NA - Construction of community centers and community halls,DEPUTY COMMISSIONER NOWGONG_IDA,2023-10-21,Action Pending,400000,Unsanctioned
MPLADS-031469,Pradyut Bordoloi,Lok Sabha,Assam,NOWGONG,,,PAKHIMORIA,Bengena Ati,Normal/Others,NA - Construction of boundary walls of existing public and community buildings,DEPUTY COMMISSIONER NOWGONG_IDA,2023-10-21,Action Pending,400000,Unsanctioned
MPLADS-031470,Pradyut Bordoloi,Lok Sabha,Assam,NOWGONG,,,PAKHIMORIA,Bengena Ati,Normal/Others,NA - Construction of boundary walls of existing public and community buildings,DEPUTY COMMISSIONER NOWGONG_IDA,2023-10-21,Action Pending,400000,Unsanctioned
MPLADS-031471,Pradyut Bordoloi,Lok Sabha,Assam,NOWGONG,,,PAKHIMORIA,Mohmara,Normal/Others,NA - Construction of community centers and community halls,DEPUTY COMMISSIONER NOWGONG_IDA,2023-10-21,Action Pending,400000,Unsanctioned
MPLADS-031472,Pradyut Bordoloi,Lok Sabha,Assam,NOWGONG,,,PAKHIMORIA,Hatigarh,Normal/Others,NA - Construction of community centers and community halls,DEPUTY COMMISSIONER NOWGONG_IDA,2023-10-21,Action Pending,300000,Unsanctioned
MPLADS-031473,Pradyut Bordoloi,Lok Sabha,Assam,NOWGONG,,,PAKHIMORIA,Jalah Gaon,Normal/Others,NA - Construction of buildings for community cultural activities,DEPUTY COMMISSIONER NOWGONG_IDA,2023-10-21,Action Pending,250000,Unsanctioned
MPLADS-031474,Pradyut Bordoloi,Lok Sabha,Assam,NOWGONG,,,PAKHIMORIA,Jalah Gaon,Normal/Others,NA - Construction of buildings for community cultural activities,DEPUTY COMMISSIONER NOWGONG_IDA,2023-10-21,Action Pending,250000,Unsanctioned
MPLADS-031475,Pradyut Bordoloi,Lok Sabha,Assam,NOWGONG,,,PAKHIMORIA,Morongial (CT),Normal/Others,NA - Construction of community centers and community halls,DEPUTY COMMISSIONER NOWGONG_IDA,2023-10-21,Action Pending,500000,Unsanctioned
MPLADS-031478,Pradyut Bordoloi,Lok Sabha,Assam,NOWGONG,,,KHAGARIJAN,Herapati,Normal/Others,NA - Crematoriums or structures on burial/ cremation ground for public convenience,DEPUTY COMMISSIONER NOWGONG_IDA,2023-10-21,Action Pending,250000,Unsanctioned
MPLADS-031504,Pradyut Bordoloi,Lok Sabha,Assam,NOWGONG,,,PAKHIMORIA,Bengena Ati,Normal/Others,"NA - Construction of roads, approach roads, link roads and pathways",DEPUTY COMMISSIONER NOWGONG_IDA,2023-10-21,Action Pending,250000,Unsanctioned
MPLADS-031506,Pradyut Bordoloi,Lok Sabha,Assam,NOWGONG,,,KHAGARIJAN,Dimaruguri (CT),Normal/Others,NA - Construction of community centers and community halls,DEPUTY COMMISSIONER NOWGONG_IDA,2023-10-21,Action Pending,300000,Unsanctioned
MPLADS-031508,Pradyut Bordoloi,Lok Sabha,Assam,NOWGONG,,,KHAGARIJAN,Lao Gaon,Normal/Others,NA - Construction of community centers and community halls,DEPUTY COMMISSIONER NOWGONG_IDA,2023-10-21,Action Pending,300000,Unsanctioned
MPLADS-031530,Pradyut Bordoloi,Lok Sabha,Assam,NOWGONG,,,KHAGARIJAN,Dimaruguri (CT),Normal/Others,NA - Construction of additional rooms and halls in the existing public and community building,DEPUTY COMMISSIONER NOWGONG_IDA,2023-10-21,Action Pending,500000,Unsanctioned
MPLADS-031531,Pradyut Bordoloi,Lok Sabha,Assam,NOWGONG,,,KHAGARIJAN,Kendu Guri,Normal/Others,NA - Crematoriums or structures on burial/ cremation ground for public convenience,DEPUTY COMMISSIONER NOWGONG_IDA,2023-10-21,Action Pending,300000,Unsanctioned
MPLADS-031532,Pradyut Bordoloi,Lok Sabha,Assam,NOWGONG,,,KHAGARIJAN,Dipahalu,Normal/Others,"NA - Construction of roads, link roads, pathways or any other road with or without drainage system",DEPUTY COMMISSIONER NOWGONG_IDA,2023-10-21,Action Pending,1000000,Unsanctioned
MPLADS-031533,Pradyut Bordoloi,Lok Sabha,Assam,NOWGONG,,,KHAGARIJAN,Barbheti,Normal/Others,NA - Construction of buildings for community cultural activities,DEPUTY COMMISSIONER NOWGONG_IDA,2023-10-21,Action Pending,500000,Unsanctioned
MPLADS-031534,Pradyut Bordoloi,Lok Sabha,Assam,NOWGONG,,,KHAGARIJAN,Kendu Guri,Normal/Others,NA - Crematoriums or structures on burial/ cremation ground for public convenience,DEPUTY COMMISSIONER NOWGONG_IDA,2023-10-21,Action Pending,300000,Unsanctioned
MPLADS-031589,Pradyut Bordoloi,Lok Sabha,Assam,NOWGONG,,,KHAGARIJAN,Mahe Khosha,Normal/Others,NA - Construction of community centers and community halls,DEPUTY COMMISSIONER NOWGONG_IDA,2023-10-20,Action Pending,250000,Unsanctioned
MPLADS-031706,Rajdeep Roy,Lok Sabha,Assam,SILCHAR,Silchar,9,,,Repair and Renovation,WS/MP494/2023-2024/39174 - Renovation of ponds and lakes,DEPUTY COMMISSIONER CACHAR_IDA,2023-10-20,Approved by IDA,2000000,Sanctioned
MPLADS-031707,Rajdeep Roy,Lok Sabha,Assam,SILCHAR,Sonai,2,,,Normal/Others,WS/MP494/2023-2024/39173 - Construction of boundary walls of existing public and community buildings,DEPUTY COMMISSIONER CACHAR_IDA,2023-10-20,Approved by IDA,400000,Sanctioned
MPLADS-031708,Rajdeep Roy,Lok Sabha,Assam,SILCHAR,,,SILCHAR,Kanakpur Pt. II (CT),Normal/Others,"WS/MP494/2023-2024/39172 - Construction of roads, approach roads, link roads and pathways",DEPUTY COMMISSIONER CACHAR_IDA,2023-10-20,Approved by IDA,350000,Sanctioned
MPLADS-031709,Rajdeep Roy,Lok Sabha,Assam,SILCHAR,,,BORKHOLA,Dudhpatil Grant,Normal/Others,"WS/MP494/2023-2024/39171 - Construction of roads, link roads, pathways or any other road with or without drainage system",DEPUTY COMMISSIONER CACHAR_IDA,2023-10-20,Approved by IDA,400000,Sanctioned
MPLADS-031710,Rajdeep Roy,Lok Sabha,Assam,SILCHAR,,,BORKHOLA,Dudhpatil Grant,Normal/Others,"WS/MP494/2023-2024/39170 - Construction of roads, approach roads, link roads and pathways",DEPUTY COMMISSIONER CACHAR_IDA,2023-10-20,Approved by IDA,500000,Unsanctioned
MPLADS-031711,Rajdeep Roy,Lok Sabha,Assam,SILCHAR,,,SILCHAR,Ambikapur Pt. X (CT),Normal/Others,"NA - Purchase of ambulances (Four, three and two wheelers)",DEPUTY COMMISSIONER CACHAR_IDA,2023-10-20,Action Pending,1300000,Unsanctioned
MPLADS-031712,Pradyut Bordoloi,Lok Sabha,Assam,NOWGONG,,,KHAGARIJAN,Ranga Gara Huzz,Normal/Others,NA - Construction of water tanks,DEPUTY COMMISSIONER NOWGONG_IDA,2023-10-20,Action Pending,250000,Unsanctioned
MPLADS-031713,Pradyut Bordoloi,Lok Sabha,Assam,NOWGONG,,,KHAGARIJAN,Sensuwa,Normal/Others,NA - Construction of community centers and community halls,DEPUTY COMMISSIONER NOWGONG_IDA,2023-10-20,Action Pending,300000,Unsanctioned
MPLADS-031714,Pradyut Bordoloi,Lok Sabha,Assam,NOWGONG,,,KHAGARIJAN,Herapati,Normal/Others,NA - Construction of community centers and community halls,DEPUTY COMMISSIONER NOWGONG_IDA,2023-10-20,Action Pending,250000,Unsanctioned
MPLADS-031715,Pradyut Bordoloi,Lok Sabha,Assam,NOWGONG,,,KHAGARIJAN,Kendu Guri,Normal/Others,NA - Construction of toilet blocks,DEPUTY COMMISSIONER NOWGONG_IDA,2023-10-20,Action Pending,300000,Unsanctioned
MPLADS-031719,Pradyut Bordoloi,Lok Sabha,Assam,NOWGONG,,,KHAGARIJAN,Lao Gaon,Normal/Others,NA - Construction of boundary walls of existing public and community buildings,DEPUTY COMMISSIONER NOWGONG_IDA,2023-10-20,Action Pending,500000,Unsanctioned
MPLADS-031720,Pradyut Bordoloi,Lok Sabha,Assam,NOWGONG,,,KHAGARIJAN,Lao Gaon,Normal/Others,NA - Construction of boundary walls of existing public and community buildings,DEPUTY COMMISSIONER NOWGONG_IDA,2023-10-20,Action Pending,500000,Unsanctioned
MPLADS-031721,Pradyut Bordoloi,Lok Sabha,Assam,NOWGONG,,,KHAGARIJAN,Sensuwa,Normal/Others,NA - Construction of community centers and community halls,DEPUTY COMMISSIONER NOWGONG_IDA,2023-10-20,Action Pending,300000,Unsanctioned
MPLADS-031722,Pradyut Bordoloi,Lok Sabha,Assam,NOWGONG,,,KHAGARIJAN,Barbheti,Normal/Others,NA - Construction of community centers and community halls,DEPUTY COMMISSIONER NOWGONG_IDA,2023-10-20,Action Pending,500000,Unsanctioned
MPLADS-031782,Pradyut Bordoloi,Lok Sabha,Assam,NOWGONG,,,KHAGARIJAN,Katimari Grant,Normal/Others,NA - Construction of boundary walls of existing public and community buildings,DEPUTY COMMISSIONER NOWGONG_IDA,2023-10-20,Action Pending,250000,Unsanctioned
MPLADS-031977,Pradyut Bordoloi,Lok Sabha,Assam,NOWGONG,Nagaon,8,,,Normal/Others,NA - Construction of community centers and community halls,DEPUTY COMMISSIONER NOWGONG_IDA,2023-10-19,Action Pending,400000,Unsanctioned
MPLADS-031978,Pradyut Bordoloi,Lok Sabha,Assam,NOWGONG,Nagaon,13,,,Normal/Others,NA - Construction of toilet blocks,DEPUTY COMMISSIONER NOWGONG_IDA,2023-10-19,Action Pending,300000,Unsanctioned
MPLADS-031979,Pradyut Bordoloi,Lok Sabha,Assam,NOWGONG,Nagaon,12,,,Normal/Others,NA - Construction of community centers and community halls,DEPUTY COMMISSIONER NOWGONG_IDA,2023-10-19,Rejected by IDA,300000,Unsanctioned
MPLADS-031980,Pradyut Bordoloi,Lok Sabha,Assam,NOWGONG,,,KHAGARIJAN,Barbheti,Normal/Others,NA - Construction of boundary walls of existing public and community buildings,DEPUTY COMMISSIONER NOWGONG_IDA,2023-10-19,Action Pending,300000,Unsanctioned
MPLADS-031981,Pradyut Bordoloi,Lok Sabha,Assam,NOWGONG,,,KHAGARIJAN,Katimari Pathar,Normal/Others,NA - Construction of boundary walls of existing public and community buildings,DEPUTY COMMISSIONER NOWGONG_IDA,2023-10-19,Action Pending,300000,Unsanctioned
MPLADS-031982,Pradyut Bordoloi,Lok Sabha,Assam,NOWGONG,,,KHAGARIJAN,Etapara,Normal/Others,NA - Construction of boundary walls of existing public and community buildings,DEPUTY COMMISSIONER NOWGONG_IDA,2023-10-19,Action Pending,300000,Unsanctioned
MPLADS-031987,Pradyut Bordoloi,Lok Sabha,Assam,NOWGONG,Nagaon,8,,,Normal/Others,NA - Construction of boundary walls of existing public and community buildings,DEPUTY COMMISSIONER NOWGONG_IDA,2023-10-19,Action Pending,300000,Unsanctioned
MPLADS-031988,Pradyut Bordoloi,Lok Sabha,Assam,NOWGONG,Nagaon,10,,,Normal/Others,NA - Construction of community centers and community halls,DEPUTY COMMISSIONER NOWGONG_IDA,2023-10-19,Action Pending,250000,Unsanctioned
MPLADS-031989,Pradyut Bordoloi,Lok Sabha,Assam,NOWGONG,Nagaon,20,,,Normal/Others,NA - Construction of boundary walls of existing public and community buildings,DEPUTY COMMISSIONER NOWGONG_IDA,2023-10-19,Action Pending,250000,Unsanctioned
MPLADS-031990,Pradyut Bordoloi,Lok Sabha,Assam,NOWGONG,Nagaon,20,,,Normal/Others,"NA - Construction of roads, approach roads, link roads and pathways",DEPUTY COMMISSIONER NOWGONG_IDA,2023-10-19,Rejected by IDA,400000,Unsanctioned
MPLADS-031991,Pradyut Bordoloi,Lok Sabha,Assam,NOWGONG,Nagaon,6,,,Normal/Others,"NA - Construction of roads, approach roads, link roads and pathways",DEPUTY COMMISSIONER NOWGONG_IDA,2023-10-19,Action Pending,250000,Unsanctioned
MPLADS-031992,Pradyut Bordoloi,Lok Sabha,Assam,NOWGONG,Nagaon,14,,,Normal/Others,NA - Construction of toilet blocks,DEPUTY COMMISSIONER NOWGONG_IDA,2023-10-19,Action Pending,250000,Unsanctioned
MPLADS-031993,Pradyut Bordoloi,Lok Sabha,Assam,NOWGONG,Nagaon,7,,,Normal/Others,NA - Installing community drinking water plants,DEPUTY COMMISSIONER NOWGONG_IDA,2023-10-19,Action Pending,300000,Unsanctioned
MPLADS-031994,Pradyut Bordoloi,Lok Sabha,Assam,NOWGONG,Nagaon,20,,,Normal/Others,"NA - Construction of roads, approach roads, link roads and pathways",DEPUTY COMMISSIONER NOWGONG_IDA,2023-10-19,Action Pending,400000,Unsanctioned
MPLADS-031995,Pradyut Bordoloi,Lok Sabha,Assam,NOWGONG,Nagaon,6,,,Normal/Others,NA - Construction of community centers and community halls,DEPUTY COMMISSIONER NOWGONG_IDA,2023-10-19,Action Pending,500000,Unsanctioned
MPLADS-031996,Pradyut Bordoloi,Lok Sabha,Assam,NOWGONG,Nagaon,12,,,Normal/Others,NA - Construction of rooms and halls in school and colleges,DEPUTY COMMISSIONER NOWGONG_IDA,2023-10-19,Action Pending,400000,Unsanctioned
MPLADS-031997,Pradyut Bordoloi,Lok Sabha,Assam,NOWGONG,Nagaon,25,,,Normal/Others,"NA - Construction of roads, approach roads, link roads and pathways",DEPUTY COMMISSIONER NOWGONG_IDA,2023-10-19,Action Pending,500000,Unsanctioned
MPLADS-031998,Pradyut Bordoloi,Lok Sabha,Assam,NOWGONG,Nagaon,4,,,Normal/Others,"NA - Construction of roads, approach roads, link roads and pathways",DEPUTY COMMISSIONER NOWGONG_IDA,2023-10-19,Action Pending,250000,Unsanctioned
MPLADS-031999,Pradyut Bordoloi,Lok Sabha,Assam,NOWGONG,Nagaon,25,,,Normal/Others,NA - Construction of toilet blocks,DEPUTY COMMISSIONER NOWGONG_IDA,2023-10-19,Rejected by IDA,300000,Unsanctioned
MPLADS-032002,Pradyut Bordoloi,Lok Sabha,Assam,NOWGONG,,,KHAGARIJAN,Bhakat Gaon,Normal/Others,"NA - Construction of roads, approach roads, link roads and pathways",DEPUTY COMMISSIONER NOWGONG_IDA,2023-10-19,Action Pending,500000,Unsanctioned
MPLADS-032184,Shri Naba (Hira) Kumar Sarania ,Lok Sabha,Assam,KOKRAJHAR (ST),,,BASKA,Lokpala,Normal/Others,"NA - Construction of roads, approach roads, link roads and pathways",DEPUTY COMMISSIONER BAKSA_IDA,2023-10-18,Action Pending,1000000,Unsanctioned
MPLADS-032185,Shri Naba (Hira) Kumar Sarania ,Lok Sabha,Assam,KOKRAJHAR (ST),,,BASKA,Lokpala,Normal/Others,"NA - Construction of roads, approach roads, link roads and pathways",DEPUTY COMMISSIONER BAKSA_IDA,2023-10-18,Action Pending,1000000,Unsanctioned
MPLADS-032186,Shri Naba (Hira) Kumar Sarania ,Lok Sabha,Assam,KOKRAJHAR (ST),,,BASKA,Banbari,Normal/Others,NA - Construction of culverts and bridges,DEPUTY COMMISSIONER BAKSA_IDA,2023-10-18,Action Pending,1000000,Unsanctioned
MPLADS-032187,Shri Naba (Hira) Kumar Sarania ,Lok Sabha,Assam,KOKRAJHAR (ST),,,BASKA,Banbari,Normal/Others,"NA - Construction of roads, approach roads, link roads and pathways",DEPUTY COMMISSIONER BAKSA_IDA,2023-10-18,Action Pending,1000000,Unsanctioned
MPLADS-032188,Shri Naba (Hira) Kumar Sarania ,Lok Sabha,Assam,KOKRAJHAR (ST),,,DHAMDHAMA,Roumari,Normal/Others,NA - Construction of culverts and bridges,DEPUTY COMMISSIONER BAKSA_IDA,2023-10-18,Action Pending,1000000,Unsanctioned
MPLADS-032189,Shri Naba (Hira) Kumar Sarania ,Lok Sabha,Assam,KOKRAJHAR (ST),,,DHAMDHAMA,Gorbhitor,Normal/Others,"NA - Construction of roads, approach roads, link roads and pathways",DEPUTY COMMISSIONER BAKSA_IDA,2023-10-18,Action Pending,1000000,Unsanctioned
MPLADS-032190,Shri Naba (Hira) Kumar Sarania ,Lok Sabha,Assam,KOKRAJHAR (ST),,,DHAMDHAMA,Gorbhitor,Normal/Others,"NA - Construction of roads, approach roads, link roads and pathways",DEPUTY COMMISSIONER BAKSA_IDA,2023-10-18,Action Pending,1000000,Unsanctioned
MPLADS-032191,Shri Naba (Hira) Kumar Sarania ,Lok Sabha,Assam,KOKRAJHAR (ST),,,DHAMDHAMA,Gorbhitor,Normal/Others,"NA - Construction of roads, approach roads, link roads and pathways",DEPUTY COMMISSIONER BAKSA_IDA,2023-10-18,Action Pending,1000000,Unsanctioned
MPLADS-032192,Shri Naba (Hira) Kumar Sarania ,Lok Sabha,Assam,KOKRAJHAR (ST),,,DHAMDHAMA,Bher Bheri,Normal/Others,"NA - Construction of roads, link roads, pathways or any other road with or without drainage system",DEPUTY COMMISSIONER BAKSA_IDA,2023-10-18,Action Pending,1000000,Unsanctioned
MPLADS-032193,Shri Naba (Hira) Kumar Sarania ,Lok Sabha,Assam,KOKRAJHAR (ST),,,DHAMDHAMA,Bher Bheri,Normal/Others,"NA - Construction of roads, approach roads, link roads and pathways",DEPUTY COMMISSIONER BAKSA_IDA,2023-10-18,Action Pending,1000000,Unsanctioned
MPLADS-032957,Gaurav Gogoi,Lok Sabha,Assam,KALIABOR,,,GOLAGHAT CENTRAL,Khumtai Gaon,Normal/Others,NA - Construction of boundary walls of existing public and community buildings,Deputy Commissioner Golaghat_IDA,2023-10-16,Action Pending,200000,Unsanctioned
MPLADS-032978,Gaurav Gogoi,Lok Sabha,Assam,KALIABOR,,,GOLAGHAT CENTRAL,Jugonia Gaon,Normal/Others,NA - Construction of boundary walls of existing public and community buildings,Deputy Commissioner Golaghat_IDA,2023-10-16,Action Pending,250000,Unsanctioned
MPLADS-032992,Gaurav Gogoi,Lok Sabha,Assam,KALIABOR,,,GOLAGHAT CENTRAL,Garanga Grant Gaon,Normal/Others,NA - Construction of boundary walls of existing public and community buildings,Deputy Commissioner Golaghat_IDA,2023-10-16,Action Pending,300000,Unsanctioned
MPLADS-032993,Gaurav Gogoi,Lok Sabha,Assam,KALIABOR,,,GOLAGHAT CENTRAL,Dhekial Gaon,Normal/Others,NA - Construction of community centers and community halls,Deputy Commissioner Golaghat_IDA,2023-10-16,Action Pending,200000,Unsanctioned
MPLADS-032994,Gaurav Gogoi,Lok Sabha,Assam,KALIABOR,,,GOLAGHAT CENTRAL,Anka Gaon,Normal/Others,NA - Construction of community centers and community halls,Deputy Commissioner Golaghat_IDA,2023-10-16,Action Pending,200000,Unsanctioned
MPLADS-032995,Gaurav Gogoi,Lok Sabha,Assam,KALIABOR,,,GOLAGHAT CENTRAL,Melamora Gaon,Normal/Others,NA - Construction of community centers and community halls,Deputy Commissioner Golaghat_IDA,2023-10-16,Action Pending,200000,Unsanctioned
MPLADS-032996,Gaurav Gogoi,Lok Sabha,Assam,KALIABOR,,,GOLAGHAT CENTRAL,Dooria Grant,Normal/Others,NA - Construction of community centers and community halls,Deputy Commissioner Golaghat_IDA,2023-10-16,Action Pending,200000,Unsanctioned
MPLADS-032997,Gaurav Gogoi,Lok Sabha,Assam,KALIABOR,,,GOLAGHAT CENTRAL,Dakhinhengera Grant,Normal/Others,"NA - Purchase of ambulances (Four, three and two wheelers)",Deputy Commissioner Golaghat_IDA,2023-10-16,Rejected by IDA,810000,Unsanctioned
MPLADS-033006,Gaurav Gogoi,Lok Sabha,Assam,KALIABOR,,,GOLAGHAT CENTRAL,No.24 Hautoly Grant,Normal/Others,NA - Construction of community centers and community halls,Deputy Commissioner Golaghat_IDA,2023-10-16,Action Pending,200000,Unsanctioned
MPLADS-033007,Gaurav Gogoi,Lok Sabha,Assam,KALIABOR,,,GOLAGHAT CENTRAL,Borahi Gaon,Normal/Others,"NA - Construction of roads, approach roads, link roads and pathways",Deputy Commissioner Golaghat_IDA,2023-10-16,Action Pending,200000,Unsanctioned
MPLADS-033008,Gaurav Gogoi,Lok Sabha,Assam,KALIABOR,,,GOLAGHAT CENTRAL,Dhodang goria Gaon,Normal/Others,NA - Construction of community centers and community halls,Deputy Commissioner Golaghat_IDA,2023-10-16,Action Pending,250000,Unsanctioned
MPLADS-033022,Gaurav Gogoi,Lok Sabha,Assam,KALIABOR,,,GOLAGHAT CENTRAL,Dakhinhengera Grant,Normal/Others,NA - Construction of public libraries and reading rooms,Deputy Commissioner Golaghat_IDA,2023-10-16,Action Pending,250000,Unsanctioned
MPLADS-033258,Pradan Baruah,Lok Sabha,Assam,LAKHIMPUR,,,KAKOPATHAR,Bokpara T.E. 168/173 Fs.,Normal/Others,NA - Construction of buildings for community cultural activities,Deputy Commissioner Tinsukia_IDA,2023-10-14,Action Pending,300000,Unsanctioned
MPLADS-033323,Pradan Baruah,Lok Sabha,Assam,LAKHIMPUR,,,DHAKUAKHANA,Bantow Gaon,Normal/Others,NA - Construction of community centers and community halls,DEPUTY COMMISSIONER LAKHIMPUR_IDA,2023-10-14,Action Pending,300000,Unsanctioned
MPLADS-033324,Pradan Baruah,Lok Sabha,Assam,LAKHIMPUR,,,HAPJAN,Daimukhiya Gaon,Normal/Others,NA - Construction of culverts and bridges,Deputy Commissioner Tinsukia_IDA,2023-10-14,Action Pending,500000,Unsanctioned
MPLADS-033325,Pradan Baruah,Lok Sabha,Assam,LAKHIMPUR,,,HAPJAN,Daisa Balijan No.1,Normal/Others,NA - Construction of boundary walls of existing public and community buildings,Deputy Commissioner Tinsukia_IDA,2023-10-14,Action Pending,300000,Unsanctioned
MPLADS-033326,Pradan Baruah,Lok Sabha,Assam,LAKHIMPUR,,,HAPJAN,Ouguri Gaon,Normal/Others,NA - Construction of community centers and community halls,Deputy Commissioner Tinsukia_IDA,2023-10-14,Action Pending,200000,Unsanctioned
MPLADS-033327,Pradan Baruah,Lok Sabha,Assam,LAKHIMPUR,,,HAPJAN,Ouguri Gaon,Normal/Others,NA - Construction of community centers and community halls,Deputy Commissioner Tinsukia_IDA,2023-10-14,Action Pending,500000,Unsanctioned
MPLADS-033328,Pradan Baruah,Lok Sabha,Assam,LAKHIMPUR,,,HAPJAN,Ouguri Gaon,Normal/Others,NA - Construction of community centers and community halls,Deputy Commissioner Tinsukia_IDA,2023-10-14,Action Pending,500000,Unsanctioned
MPLADS-033329,Pradan Baruah,Lok Sabha,Assam,LAKHIMPUR,,,KAKOPATHAR,Bisa Kupi T.E. 8 No. L.C.,Repair and Renovation,NA - Construction of additional rooms and halls in the existing public and community building,Deputy Commissioner Tinsukia_IDA,2023-10-14,Rejected by IDA,200000,Unsanctioned
MPLADS-033330,Pradan Baruah,Lok Sabha,Assam,LAKHIMPUR,,,KAKOPATHAR,Gobani Gaon,Normal/Others,NA - Construction of additional rooms and halls in the existing public and community building,Deputy Commissioner Tinsukia_IDA,2023-10-14,Action Pending,300000,Unsanctioned
MPLADS-033331,Pradan Baruah,Lok Sabha,Assam,LAKHIMPUR,,,KAKOPATHAR,Dangari T.E. 131 No. Fs.,Normal/Others,NA - Construction of community centers and community halls,Deputy Commissioner Tinsukia_IDA,2023-10-14,Action Pending,500000,Unsanctioned
MPLADS-033332,Pradan Baruah,Lok Sabha,Assam,LAKHIMPUR,,,HAPJAN,Hilikha T.E. 5 Wl,Normal/Others,NA - Construction of community centers and community halls,Deputy Commissioner Tinsukia_IDA,2023-10-14,Action Pending,500000,Unsanctioned
MPLADS-033333,Pradan Baruah,Lok Sabha,Assam,LAKHIMPUR,,,MACHKHOWA,Borpak Nepali,Normal/Others,NA - Construction of community centers and community halls,DEPUTY COMMISSIONER DHEMAJI_IDA,2023-10-14,Action Pending,500000,Unsanctioned
MPLADS-033334,Pradan Baruah,Lok Sabha,Assam,LAKHIMPUR,,,MACHKHOWA,Jorkata Nepali,Normal/Others,NA - Construction of community centers and community halls,DEPUTY COMMISSIONER DHEMAJI_IDA,2023-10-14,Action Pending,300000,Unsanctioned
MPLADS-033336,Pradan Baruah,Lok Sabha,Assam,LAKHIMPUR,,,GUIJAN,Bazaltoli Gaon,Normal/Others,NA - Construction of buildings for community cultural activities,Deputy Commissioner Tinsukia_IDA,2023-10-14,Action Pending,1000000,Unsanctioned
MPLADS-033337,Pradan Baruah,Lok Sabha,Assam,LAKHIMPUR,,,PANITOLA,Rajabari Gaon,Normal/Others,NA - Construction of community centers and community halls,DEPUTY COMMISSIONER DIBRUGARH_IDA,2023-10-14,Action Pending,500000,Unsanctioned
MPLADS-033338,Pradan Baruah,Lok Sabha,Assam,LAKHIMPUR,Chabua,01,,,Normal/Others,NA - Construction of water tanks,DEPUTY COMMISSIONER DIBRUGARH_IDA,2023-10-14,Action Pending,400000,Unsanctioned
MPLADS-033339,Pradan Baruah,Lok Sabha,Assam,LAKHIMPUR,,,KAKOPATHAR,Gobani Gaon,Normal/Others,NA - Construction of buildings for community cultural activities,Deputy Commissioner Tinsukia_IDA,2023-10-14,Action Pending,300000,Unsanctioned
MPLADS-033340,Pradan Baruah,Lok Sabha,Assam,LAKHIMPUR,,,KAKOPATHAR,Bisa Kupi T.E. 8 No. L.C.,Normal/Others,NA - Construction of rooms and halls in school and colleges,Deputy Commissioner Tinsukia_IDA,2023-10-14,Action Pending,500000,Unsanctioned
MPLADS-033341,Pradan Baruah,Lok Sabha,Assam,LAKHIMPUR,,,HAPJAN,Bangali Balijan,Normal/Others,NA - Construction of buildings for community cultural activities,Deputy Commissioner Tinsukia_IDA,2023-10-14,Action Pending,500000,Unsanctioned
MPLADS-033342,Pradan Baruah,Lok Sabha,Assam,LAKHIMPUR,,,KAKOPATHAR,Gabhorubheti,Normal/Others,NA - Construction of rooms and halls in school and colleges,Deputy Commissioner Tinsukia_IDA,2023-10-14,Action Pending,300000,Unsanctioned
MPLADS-033343,Pradan Baruah,Lok Sabha,Assam,LAKHIMPUR,,,SISSIBORGAON,Bam Aktai,Normal/Others,NA - Construction of community centers and community halls,DEPUTY COMMISSIONER DHEMAJI_IDA,2023-10-14,Action Pending,300000,Unsanctioned
MPLADS-033357,Pradan Baruah,Lok Sabha,Assam,LAKHIMPUR,,,HAPJAN,Rupai T.E. 265 Nlr (Rupai T.E. 265/540 WLA),Repair and Renovation,NA - Construction of buildings for community cultural activities,Deputy Commissioner Tinsukia_IDA,2023-10-14,Action Pending,300000,Unsanctioned
MPLADS-033520,Shri Abdul Khaleque ,Lok Sabha,Assam,BARPETA,,,CHENGA,Fulbari,Normal/Others,NA - Crematoriums or structures on burial/ cremation ground for public convenience,DEPUTY COMMISSIONER BARPETA_IDA,2023-10-13,Rejected by IDA,500000,Unsanctioned
MPLADS-033521,Shri Abdul Khaleque ,Lok Sabha,Assam,BARPETA,,,MANIKPUR,Nowagaon,Normal/Others,NA - Purchase of books and periodicals for libraries,Deputy Commissioner Bongaigaon_IDA,2023-10-13,Action Pending,300000,Unsanctioned
MPLADS-033522,Shri Abdul Khaleque ,Lok Sabha,Assam,BARPETA,,,RUPOSHI,Bartari,Normal/Others,"NA - Construction of roads, approach roads, link roads and pathways",DEPUTY COMMISSIONER BARPETA_IDA,2023-10-13,Action Pending,500000,Unsanctioned
MPLADS-033543,Shri Abdul Khaleque ,Lok Sabha,Assam,BARPETA,,,Kalgachia,Udmari,Normal/Others,"WS/MP314/2023-2024/36502 - Construction of roads, link roads, pathways or any other road with or without drainage system",DEPUTY COMMISSIONER BARPETA_IDA,2023-10-13,Approved by IDA,1000000,Sanctioned
MPLADS-033544,Shri Abdul Khaleque ,Lok Sabha,Assam,BARPETA,Barpeta,05,,,Normal/Others,"NA - Purchase of IT systems, including hardware and software for educational purposes",DEPUTY COMMISSIONER BARPETA_IDA,2023-10-13,Action Pending,250000,Unsanctioned
MPLADS-033545,Shri Abdul Khaleque ,Lok Sabha,Assam,BARPETA,Barpeta,20,,,Normal/Others,"NA - Construction of roads, approach roads, link roads and pathways",DEPUTY COMMISSIONER BARPETA_IDA,2023-10-13,Action Pending,700000,Unsanctioned
MPLADS-033546,Shri Abdul Khaleque ,Lok Sabha,Assam,BARPETA,,,MANDIA,Jahanar Pathar,Normal/Others,NA - Construction of flood control embankments,DEPUTY COMMISSIONER BARPETA_IDA,2023-10-13,Action Pending,1500000,Unsanctioned
MPLADS-033547,Shri Abdul Khaleque ,Lok Sabha,Assam,BARPETA,,,RUPOSHI,Guileza,Normal/Others,NA - Construction of bus-sheds or bus-stops,DEPUTY COMMISSIONER BARPETA_IDA,2023-10-13,Action Pending,600000,Unsanctioned
MPLADS-033562,Shri Abdul Khaleque ,Lok Sabha,Assam,BARPETA,,,RUPOSHI,Balai Pathar,Normal/Others,NA - Construction of culverts and bridges,DEPUTY COMMISSIONER BARPETA_IDA,2023-10-13,Action Pending,300000,Unsanctioned
MPLADS-033563,Shri Abdul Khaleque ,Lok Sabha,Assam,BARPETA,,,BARPETA,Bar Agdia,Normal/Others,WS/MP314/2023-2024/36498 - Construction of boundary walls of existing public and community buildings,DEPUTY COMMISSIONER BARPETA_IDA,2023-10-13,Approved by IDA,800000,Sanctioned
MPLADS-033564,Shri Abdul Khaleque ,Lok Sabha,Assam,BARPETA,,,SARUKHETRI,Kamalabari,Normal/Others,NA - Crematoriums or structures on burial/ cremation ground for public convenience,DEPUTY COMMISSIONER BARPETA_IDA,2023-10-13,Action Pending,300000,Unsanctioned
MPLADS-033815,Gaurav Gogoi,Lok Sabha,Assam,KALIABOR,,,NORTH WEST JORHAT,Sarbaibandha (OG),Normal/Others,WS/MP536/2023-2024/36066 - Construction of community centers and community halls,DEPUTY COMMISSIONER JORHAT_IDA,2023-10-12,Approved by IDA,400000,Unsanctioned
MPLADS-033816,Gaurav Gogoi,Lok Sabha,Assam,KALIABOR,,,NORTH WEST JORHAT,Neul Gaon,Normal/Others,"WS/MP536/2023-2024/36067 - Construction of roads, link roads, pathways or any other road with or without drainage system",DEPUTY COMMISSIONER JORHAT_IDA,2023-10-12,Approved by IDA,250000,Unsanctioned
MPLADS-033818,Gaurav Gogoi,Lok Sabha,Assam,KALIABOR,,,NORTH WEST JORHAT,Dhekorgorha (CT),Normal/Others,NA - Construction of community centers and community halls,DEPUTY COMMISSIONER JORHAT_IDA,2023-10-12,Action Pending,200000,Unsanctioned
MPLADS-033939,Gaurav Gogoi,Lok Sabha,Assam,KALIABOR,,,NORTH WEST JORHAT,Bhatemora Gaon,Normal/Others,NA - Construction of community centers and community halls,DEPUTY COMMISSIONER JORHAT_IDA,2023-10-12,Action Pending,200000,Unsanctioned
MPLADS-033942,Gaurav Gogoi,Lok Sabha,Assam,KALIABOR,,,NORTH WEST JORHAT,Karang Chapari,Normal/Others,NA - Construction of community centers and community halls,DEPUTY COMMISSIONER JORHAT_IDA,2023-10-12,Action Pending,150000,Unsanctioned
MPLADS-033954,Gaurav Gogoi,Lok Sabha,Assam,KALIABOR,,,NORTH WEST JORHAT,Bohotia Gaon (OG),Normal/Others,NA - Construction of community centers and community halls,DEPUTY COMMISSIONER JORHAT_IDA,2023-10-12,Action Pending,250000,Unsanctioned
MPLADS-034355,Rajdeep Roy,Lok Sabha,Assam,SILCHAR,,,SILCHAR,Ambikapur Pt. X (CT),Normal/Others,WS/MP494/2023-2024/35630 - Construction of buildings for training institutions,DEPUTY COMMISSIONER CACHAR_IDA,2023-10-11,Approved by IDA,1000000,Sanctioned
MPLADS-034358,Rajdeep Roy,Lok Sabha,Assam,SILCHAR,,,UDHARBOND,Rongpur Pt I,Normal/Others,WS/MP494/2023-2024/35631 - Construction of boundary walls of existing public and community buildings,DEPUTY COMMISSIONER CACHAR_IDA,2023-10-11,Approved by IDA,500000,Unsanctioned
MPLADS-034359,Rajdeep Roy,Lok Sabha,Assam,SILCHAR,,,UDHARBOND,Salganga Par,Normal/Others,WS/MP494/2023-2024/35632 - Construction of boundary walls of existing public and community buildings,DEPUTY COMMISSIONER CACHAR_IDA,2023-10-11,Approved by IDA,300000,Unsanctioned
MPLADS-034360,Rajdeep Roy,Lok Sabha,Assam,SILCHAR,,,UDHARBOND,Pangram Pt II,Normal/Others,"WS/MP494/2023-2024/35633 - Construction of roads, approach roads, link roads and pathways",DEPUTY COMMISSIONER CACHAR_IDA,2023-10-11,Approved by IDA,400000,Unsanctioned
MPLADS-034361,Rajdeep Roy,Lok Sabha,Assam,SILCHAR,,,RAJABAZAR,Dikcha Grant,Normal/Others,WS/MP494/2023-2024/35634 - Construction of community centers and community halls,DEPUTY COMMISSIONER CACHAR_IDA,2023-10-11,Approved by IDA,500000,Unsanctioned
MPLADS-034400,Gaurav Gogoi,Lok Sabha,Assam,KALIABOR,,,MORONGI,Murphulani Bagan Gaon,Normal/Others,NA - Crematoriums or structures on burial/ cremation ground for public convenience,Deputy Commissioner Golaghat_IDA,2023-10-11,Action Pending,300000,Unsanctioned
MPLADS-034401,Gaurav Gogoi,Lok Sabha,Assam,KALIABOR,,,MORONGI,Garanga Bagan,Normal/Others,NA - Construction of community centers and community halls,Deputy Commissioner Golaghat_IDA,2023-10-11,Action Pending,250000,Unsanctioned
MPLADS-034404,Gaurav Gogoi,Lok Sabha,Assam,KALIABOR,,,MORONGI,Phulbari Gaon,Normal/Others,NA - Construction of boundary walls of existing public and community buildings,Deputy Commissioner Golaghat_IDA,2023-10-11,Action Pending,250000,Unsanctioned
MPLADS-034405,Gaurav Gogoi,Lok Sabha,Assam,KALIABOR,,,MORONGI,No.4 Rangbong Pathar,Normal/Others,NA - Construction of community centers and community halls,Deputy Commissioner Golaghat_IDA,2023-10-11,Action Pending,150000,Unsanctioned
MPLADS-034406,Gaurav Gogoi,Lok Sabha,Assam,KALIABOR,,,MORONGI,Kathoni Bagan,Normal/Others,NA - Construction of boundary walls of existing public and community buildings,Deputy Commissioner Golaghat_IDA,2023-10-11,Action Pending,200000,Unsanctioned
MPLADS-034407,Gaurav Gogoi,Lok Sabha,Assam,KALIABOR,,,MORONGI,Kouwanipathar,Repair and Renovation,"NA - Construction of roads, approach roads, link roads and pathways",Deputy Commissioner Golaghat_IDA,2023-10-11,Action Pending,250000,Unsanctioned
MPLADS-034408,Gaurav Gogoi,Lok Sabha,Assam,KALIABOR,,,GOLAGHAT SOUTH,Morajan No.1,Normal/Others,WS/MP536/2023-2024/35752 - Construction of community centers and community halls,Deputy Commissioner Golaghat_IDA,2023-10-11,Approved by IDA,200000,Unsanctioned
MPLADS-034409,Gaurav Gogoi,Lok Sabha,Assam,KALIABOR,,,GOLAGHAT SOUTH,Majgaon,Normal/Others,NA - Construction of community centers and community halls,Deputy Commissioner Golaghat_IDA,2023-10-11,Action Pending,400000,Unsanctioned
MPLADS-034410,Gaurav Gogoi,Lok Sabha,Assam,KALIABOR,,,GOLAGHAT SOUTH,Amguri No.1,Normal/Others,NA - Construction of additional rooms and halls in the existing public and community building,Deputy Commissioner Golaghat_IDA,2023-10-11,Action Pending,250000,Unsanctioned
MPLADS-034411,Gaurav Gogoi,Lok Sabha,Assam,KALIABOR,,,GOLAGHAT SOUTH,Rongagorah,Normal/Others,WS/MP536/2023-2024/35755 - Construction of community centers and community halls,Deputy Commissioner Golaghat_IDA,2023-10-11,Approved by IDA,250000,Unsanctioned
MPLADS-034412,Gaurav Gogoi,Lok Sabha,Assam,KALIABOR,,,GOLAGHAT SOUTH,Da-Kawalipathar No.1,Normal/Others,WS/MP536/2023-2024/35756 - Construction of community centers and community halls,Deputy Commissioner Golaghat_IDA,2023-10-11,Approved by IDA,200000,Unsanctioned
MPLADS-034413,Gaurav Gogoi,Lok Sabha,Assam,KALIABOR,,,GOLAGHAT SOUTH,Sonapur,Normal/Others,WS/MP536/2023-2024/35757 - Construction of community centers and community halls,Deputy Commissioner Golaghat_IDA,2023-10-11,Approved by IDA,200000,Unsanctioned
MPLADS-034414,Gaurav Gogoi,Lok Sabha,Assam,KALIABOR,,,MORONGI,Telia Gaon,Normal/Others,NA - Construction of community centers and community halls,Deputy Commissioner Golaghat_IDA,2023-10-11,Action Pending,250000,Unsanctioned
MPLADS-034415,Gaurav Gogoi,Lok Sabha,Assam,KALIABOR,,,MORONGI,Chariakhat,Normal/Others,NA - Construction of additional rooms and halls in the existing public and community building,Deputy Commissioner Golaghat_IDA,2023-10-11,Action Pending,300000,Unsanctioned
MPLADS-034416,Rajdeep Roy,Lok Sabha,Assam,SILCHAR,,,NARSINGPUR,Hawaithang,Normal/Others,WS/MP494/2023-2024/35638 - Construction of rooms and halls in school and colleges,DEPUTY COMMISSIONER CACHAR_IDA,2023-10-11,Approved by IDA,1000000,Sanctioned
MPLADS-034417,Rajdeep Roy,Lok Sabha,Assam,SILCHAR,,,KALAIN,Behara Pt IV,Normal/Others,WS/MP494/2023-2024/35637 - Construction of community centers and community halls,DEPUTY COMMISSIONER CACHAR_IDA,2023-10-11,Approved by IDA,300000,Unsanctioned
MPLADS-034418,Rajdeep Roy,Lok Sabha,Assam,SILCHAR,,,KALAIN,Lakhipur Pt III,Normal/Others,"WS/MP494/2023-2024/35636 - Construction of roads, approach roads, link roads and pathways",DEPUTY COMMISSIONER CACHAR_IDA,2023-10-11,Approved by IDA,400000,Unsanctioned
MPLADS-034419,Rajdeep Roy,Lok Sabha,Assam,SILCHAR,,,KALAIN,Lakhipur Pt III,Normal/Others,WS/MP494/2023-2024/35635 - Construction of community centers and community halls,DEPUTY COMMISSIONER CACHAR_IDA,2023-10-11,Approved by IDA,400000,Unsanctioned
MPLADS-034495,Gaurav Gogoi,Lok Sabha,Assam,KALIABOR,,,GOLAGHAT SOUTH,Alichiga,Normal/Others,NA - Construction of community centers and community halls,Deputy Commissioner Golaghat_IDA,2023-10-11,Action Pending,200000,Unsanctioned
MPLADS-034496,Gaurav Gogoi,Lok Sabha,Assam,KALIABOR,,,GOLAGHAT SOUTH,Noloni Pathar,Normal/Others,WS/MP536/2023-2024/35852 - Construction of community centers and community halls,Deputy Commissioner Golaghat_IDA,2023-10-11,Approved by IDA,200000,Unsanctioned
MPLADS-034497,Gaurav Gogoi,Lok Sabha,Assam,KALIABOR,,,GOLAGHAT SOUTH,Tengabari,Normal/Others,WS/MP536/2023-2024/35853 - Construction of community centers and community halls,Deputy Commissioner Golaghat_IDA,2023-10-11,Approved by IDA,150000,Unsanctioned
MPLADS-034498,Gaurav Gogoi,Lok Sabha,Assam,KALIABOR,,,GOLAGHAT SOUTH,Gelajan,Normal/Others,WS/MP536/2023-2024/35855 - Construction of community centers and community halls,Deputy Commissioner Golaghat_IDA,2023-10-11,Approved by IDA,150000,Unsanctioned
MPLADS-034499,Gaurav Gogoi,Lok Sabha,Assam,KALIABOR,,,GOLAGHAT SOUTH,Basapathar,Normal/Others,NA - Construction of community centers and community halls,Deputy Commissioner Golaghat_IDA,2023-10-11,Action Pending,250000,Unsanctioned
MPLADS-034500,Gaurav Gogoi,Lok Sabha,Assam,KALIABOR,Sarupathar,Ward no 8,,,Normal/Others,NA - Construction of community centers and community halls,Deputy Commissioner Golaghat_IDA,2023-10-11,Action Pending,200000,Unsanctioned
MPLADS-034501,Gaurav Gogoi,Lok Sabha,Assam,KALIABOR,Sarupathar,Ward no 4,,,Normal/Others,NA - Construction of public toilets and bathrooms,Deputy Commissioner Golaghat_IDA,2023-10-11,Action Pending,250000,Unsanctioned
MPLADS-034503,Gaurav Gogoi,Lok Sabha,Assam,KALIABOR,,,GOLAGHAT SOUTH,Betoni Pathar,Normal/Others,WS/MP536/2023-2024/35854 - Construction of community centers and community halls,Deputy Commissioner Golaghat_IDA,2023-10-11,Approved by IDA,200000,Unsanctioned
MPLADS-034534,Gaurav Gogoi,Lok Sabha,Assam,KALIABOR,,,JORHAT,No.1 Mohbondha Grant,Normal/Others,NA - Construction of community centers and community halls,DEPUTY COMMISSIONER JORHAT_IDA,2023-10-10,Action Pending,300000,Unsanctioned
MPLADS-034535,Gaurav Gogoi,Lok Sabha,Assam,KALIABOR,,,GOLAGHAT NORTH,Mudoi Gaon,Normal/Others,NA - Construction of community centers and community halls,Deputy Commissioner Golaghat_IDA,2023-10-10,Action Pending,250000,Unsanctioned
MPLADS-034562,Gaurav Gogoi,Lok Sabha,Assam,KALIABOR,,,JORHAT,Charingia Gaon,Normal/Others,"NA - Construction of roads, link roads, pathways or any other road with or without drainage system",DEPUTY COMMISSIONER JORHAT_IDA,2023-10-10,Action Pending,250000,Unsanctioned
MPLADS-034563,Gaurav Gogoi,Lok Sabha,Assam,KALIABOR,,,JORHAT,Dhekalia Borsaikia,Normal/Others,"NA - Construction of roads, link roads, pathways or any other road with or without drainage system",DEPUTY COMMISSIONER JORHAT_IDA,2023-10-10,Action Pending,300000,Unsanctioned
MPLADS-034565,Gaurav Gogoi,Lok Sabha,Assam,KALIABOR,Dergaon,ward no 3,,,Normal/Others,NA - Construction of community centers and community halls,Deputy Commissioner Golaghat_IDA,2023-10-10,Action Pending,250000,Unsanctioned
MPLADS-034584,Gaurav Gogoi,Lok Sabha,Assam,KALIABOR,,,KAKODONGA,No.1 Negheriting Grant,Normal/Others,NA - Construction of community centers and community halls,Deputy Commissioner Golaghat_IDA,2023-10-10,Action Pending,150000,Unsanctioned
MPLADS-034585,Gaurav Gogoi,Lok Sabha,Assam,KALIABOR,,,KAKODONGA,Peta Gaon,Normal/Others,NA - Construction of boundary walls of existing public and community buildings,Deputy Commissioner Golaghat_IDA,2023-10-10,Action Pending,300000,Unsanctioned
MPLADS-034586,Gaurav Gogoi,Lok Sabha,Assam,KALIABOR,,,KAKODONGA,Komar Gaon,Normal/Others,NA - Construction of community centers and community halls,Deputy Commissioner Golaghat_IDA,2023-10-10,Action Pending,150000,Unsanctioned
MPLADS-034587,Gaurav Gogoi,Lok Sabha,Assam,KALIABOR,,,KAKODONGA,Gohain Gaon,Normal/Others,NA - Construction of community centers and community halls,Deputy Commissioner Golaghat_IDA,2023-10-10,Action Pending,150000,Unsanctioned
MPLADS-034588,Gaurav Gogoi,Lok Sabha,Assam,KALIABOR,,,KAKODONGA,Sawguri Chapori,Normal/Others,NA - Construction of community centers and community halls,Deputy Commissioner Golaghat_IDA,2023-10-10,Action Pending,150000,Unsanctioned
MPLADS-034589,Gaurav Gogoi,Lok Sabha,Assam,KALIABOR,,,KAKODONGA,Khongia,Repair and Renovation,"NA - Construction of roads, approach roads, link roads and pathways",Deputy Commissioner Golaghat_IDA,2023-10-10,Action Pending,300000,Unsanctioned
MPLADS-034590,Gaurav Gogoi,Lok Sabha,Assam,KALIABOR,,,KAKODONGA,Chabuk Dhora Gaon,Repair and Renovation,"NA - Construction of roads, approach roads, link roads and pathways",Deputy Commissioner Golaghat_IDA,2023-10-10,Action Pending,200000,Unsanctioned
MPLADS-034591,Gaurav Gogoi,Lok Sabha,Assam,KALIABOR,Dergaon,ward no 4,,,Normal/Others,NA - Construction of community centers and community halls,Deputy Commissioner Golaghat_IDA,2023-10-10,Action Pending,300000,Unsanctioned
MPLADS-034592,Gaurav Gogoi,Lok Sabha,Assam,KALIABOR,Dergaon,Ward no 1,,,Normal/Others,WS/MP536/2023-2024/35348 - Installing community drinking water plants,Deputy Commissioner Golaghat_IDA,2023-10-10,Approved by IDA,300000,Unsanctioned
MPLADS-034738,Gaurav Gogoi,Lok Sabha,Assam,KALIABOR,,,GOLAGHAT NORTH,Ekorani Gaon,Normal/Others,NA - Construction of community centers and community halls,Deputy Commissioner Golaghat_IDA,2023-10-10,Action Pending,300000,Unsanctioned
MPLADS-034753,Gaurav Gogoi,Lok Sabha,Assam,KALIABOR,,,GOLAGHAT NORTH,Uttar Doli Jalia Gaon,Normal/Others,NA - Construction of community centers and community halls,Deputy Commissioner Golaghat_IDA,2023-10-10,Action Pending,150000,Unsanctioned
MPLADS-034757,Pradan Baruah,Lok Sabha,Assam,LAKHIMPUR,,,KARUNABARI,Sonari,Normal/Others,NA - Construction of community centers and community halls,DEPUTY COMMISSIONER LAKHIMPUR_IDA,2023-10-10,Action Pending,250000,Unsanctioned
MPLADS-034758,Pradan Baruah,Lok Sabha,Assam,LAKHIMPUR,,,NOWBOICHA,Singra Gaon,Normal/Others,NA - Construction of community centers and community halls,DEPUTY COMMISSIONER LAKHIMPUR_IDA,2023-10-10,Action Pending,300000,Unsanctioned
MPLADS-034759,Pradan Baruah,Lok Sabha,Assam,LAKHIMPUR,,,NOWBOICHA,Phulbari Basti,Normal/Others,NA - Construction of community centers and community halls,DEPUTY COMMISSIONER LAKHIMPUR_IDA,2023-10-10,Action Pending,250000,Unsanctioned
MPLADS-034762,Gaurav Gogoi,Lok Sabha,Assam,KALIABOR,,,GOLAGHAT NORTH,Doyongia Goal Gaon,Normal/Others,NA - Construction of community centers and community halls,Deputy Commissioner Golaghat_IDA,2023-10-10,Action Pending,100000,Unsanctioned
MPLADS-034763,Gaurav Gogoi,Lok Sabha,Assam,KALIABOR,,,GOLAGHAT NORTH,Khonikor Gaon,Normal/Others,NA - Construction of community centers and community halls,Deputy Commissioner Golaghat_IDA,2023-10-10,Action Pending,150000,Unsanctioned
MPLADS-034764,Gaurav Gogoi,Lok Sabha,Assam,KALIABOR,,,GOLAGHAT NORTH,Kumoli Chapori,Normal/Others,NA - Construction of boundary walls of existing public and community buildings,Deputy Commissioner Golaghat_IDA,2023-10-10,Action Pending,250000,Unsanctioned
MPLADS-034765,Gaurav Gogoi,Lok Sabha,Assam,KALIABOR,,,GOLAGHAT NORTH,Puranimati Bhakat Gaon,Normal/Others,NA - Construction of community centers and community halls,Deputy Commissioner Golaghat_IDA,2023-10-10,Action Pending,200000,Unsanctioned
MPLADS-035032,Topon Kumar Gogoi,Lok Sabha,Assam,JORHAT,,,KALIAPANI,No.162 Grant Gaon,Normal/Others,NA - Construction of boundary walls of existing public and community buildings,DEPUTY COMMISSIONER JORHAT_IDA,2023-10-09,Action Pending,250000,Unsanctioned
MPLADS-035033,Topon Kumar Gogoi,Lok Sabha,Assam,JORHAT,,,KALIAPANI,Teok Grant,Normal/Others,NA - Construction of boundary walls of existing public and community buildings,DEPUTY COMMISSIONER JORHAT_IDA,2023-10-09,Action Pending,250000,Unsanctioned
MPLADS-035433,Pradan Baruah,Lok Sabha,Assam,LAKHIMPUR,,,SAIKHOWA,Saikhowa Gaon,Normal/Others,NA - Construction of public toilets and bathrooms,Deputy Commissioner Tinsukia_IDA,2023-10-07,Action Pending,500000,Unsanctioned
MPLADS-035434,Pradan Baruah,Lok Sabha,Assam,LAKHIMPUR,,,BORDOLONI,Gogamukh,Normal/Others,NA - Construction of community centers and community halls,DEPUTY COMMISSIONER DHEMAJI_IDA,2023-10-07,Action Pending,500000,Unsanctioned
MPLADS-035435,Pradan Baruah,Lok Sabha,Assam,LAKHIMPUR,,,LAKHIMPUR,Lechai,Normal/Others,NA - Construction of community centers and community halls,DEPUTY COMMISSIONER LAKHIMPUR_IDA,2023-10-07,Action Pending,500000,Unsanctioned
MPLADS-035436,Pradan Baruah,Lok Sabha,Assam,LAKHIMPUR,North Lakhimpur,Ward No.11,,,Normal/Others,NA - Construction of community centers and community halls,DEPUTY COMMISSIONER LAKHIMPUR_IDA,2023-10-07,Action Pending,500000,Unsanctioned
MPLADS-035437,Pradan Baruah,Lok Sabha,Assam,LAKHIMPUR,,,NOWBOICHA,No.46 Dolahat Tunijan,Normal/Others,NA - Construction of community centers and community halls,DEPUTY COMMISSIONER LAKHIMPUR_IDA,2023-10-07,Action Pending,250000,Unsanctioned
MPLADS-035438,Pradan Baruah,Lok Sabha,Assam,LAKHIMPUR,,,NOWBOICHA,Pahumora,Normal/Others,NA - Construction of community centers and community halls,DEPUTY COMMISSIONER LAKHIMPUR_IDA,2023-10-07,Action Pending,250000,Unsanctioned
MPLADS-035439,Pradan Baruah,Lok Sabha,Assam,LAKHIMPUR,,,NOWBOICHA,No.30 F.C. Grant Dolohat,Normal/Others,NA - Construction of community centers and community halls,DEPUTY COMMISSIONER LAKHIMPUR_IDA,2023-10-07,Action Pending,200000,Unsanctioned
MPLADS-035440,Pradan Baruah,Lok Sabha,Assam,LAKHIMPUR,Dhemaji,Ward No.5,,,Normal/Others,NA - Construction of community centers and community halls,DEPUTY COMMISSIONER DHEMAJI_IDA,2023-10-07,Action Pending,500000,Unsanctioned
MPLADS-035441,Pradan Baruah,Lok Sabha,Assam,LAKHIMPUR,,,DHEMAJI,Moridhal Ghat,Normal/Others,NA - Construction of community centers and community halls,DEPUTY COMMISSIONER DHEMAJI_IDA,2023-10-07,Action Pending,500000,Unsanctioned
MPLADS-036716,Topon Kumar Gogoi,Lok Sabha,Assam,JORHAT,,,JORHAT CENTRAL,Bhokat Gaon,Normal/Others,WS/MP496/2023-2024/32524 - Construction of boundary walls of existing public and community buildings,DEPUTY COMMISSIONER JORHAT_IDA,2023-10-05,Approved by IDA,250000,Unsanctioned
MPLADS-036724,Topon Kumar Gogoi,Lok Sabha,Assam,JORHAT,,,JORHAT CENTRAL,No.164 Grant,Normal/Others,WS/MP496/2023-2024/32526 - Construction of boundary walls of existing public and community buildings,DEPUTY COMMISSIONER JORHAT_IDA,2023-10-05,Approved by IDA,250000,Unsanctioned
MPLADS-036725,Topon Kumar Gogoi,Lok Sabha,Assam,JORHAT,,,JORHAT EAST,Balijan Grant,Normal/Others,WS/MP496/2023-2024/32522 - Construction of additional rooms and halls in the existing public and community building,DEPUTY COMMISSIONER JORHAT_IDA,2023-10-05,Approved by IDA,250000,Unsanctioned
MPLADS-036726,Rajdeep Roy,Lok Sabha,Assam,SILCHAR,,,RAJABAZAR,Doloichera,Normal/Others,WS/MP494/2023-2024/32205 - Construction of boundary walls of existing public and community buildings,DEPUTY COMMISSIONER CACHAR_IDA,2023-10-05,Approved by IDA,400000,Unsanctioned
MPLADS-036727,Topon Kumar Gogoi,Lok Sabha,Assam,JORHAT,,,JORHAT,Cinnamara Grant (OG),Normal/Others,NA - Community Toilets,DEPUTY COMMISSIONER JORHAT_IDA,2023-10-05,Action Pending,250000,Unsanctioned
MPLADS-036728,Rajdeep Roy,Lok Sabha,Assam,SILCHAR,,,RAJABAZAR,Harinagar,Normal/Others,WS/MP494/2023-2024/32206 - Crematoriums or structures on burial/ cremation ground for public convenience,DEPUTY COMMISSIONER CACHAR_IDA,2023-10-05,Approved by IDA,400000,Unsanctioned
MPLADS-036729,Rajdeep Roy,Lok Sabha,Assam,SILCHAR,,,RAJABAZAR,Kamranga Bond Pt I,Normal/Others,WS/MP494/2023-2024/32207 - Construction of boundary walls of existing public and community buildings,DEPUTY COMMISSIONER CACHAR_IDA,2023-10-05,Approved by IDA,400000,Unsanctioned
MPLADS-036730,Rajdeep Roy,Lok Sabha,Assam,SILCHAR,,,NARSINGPUR,Channighat,Normal/Others,WS/MP494/2023-2024/32208 - Construction of community centers and community halls,DEPUTY COMMISSIONER CACHAR_IDA,2023-10-05,Approved by IDA,400000,Sanctioned
MPLADS-036731,Rajdeep Roy,Lok Sabha,Assam,SILCHAR,,,NARSINGPUR,Saptagram,Normal/Others,WS/MP494/2023-2024/32209 - Construction of community centers and community halls,DEPUTY COMMISSIONER CACHAR_IDA,2023-10-05,Approved by IDA,400000,Sanctioned
MPLADS-036732,Rajdeep Roy,Lok Sabha,Assam,SILCHAR,,,NARSINGPUR,Islamabad,Normal/Others,WS/MP494/2023-2024/32210 - Providing drains and gutters for public drainage,DEPUTY COMMISSIONER CACHAR_IDA,2023-10-05,Approved by IDA,400000,Sanctioned
MPLADS-036733,Rajdeep Roy,Lok Sabha,Assam,SILCHAR,,,KALAIN,Khelma Pt II,Normal/Others,WS/MP494/2023-2024/32211 - Construction of community centers and community halls,DEPUTY COMMISSIONER CACHAR_IDA,2023-10-05,Approved by IDA,300000,Unsanctioned
MPLADS-036734,Rajdeep Roy,Lok Sabha,Assam,SILCHAR,,,KALAIN,Tarapur,Normal/Others,WS/MP494/2023-2024/32212 - Construction of buildings for community cultural activities,DEPUTY COMMISSIONER CACHAR_IDA,2023-10-05,Approved by IDA,1000000,Unsanctioned
MPLADS-036735,Topon Kumar Gogoi,Lok Sabha,Assam,JORHAT,,,JORHAT,Toklai Cha Bagicha (OG),Normal/Others,NA - Construction of boundary walls of existing public and community buildings,DEPUTY COMMISSIONER JORHAT_IDA,2023-10-05,Action Pending,250000,Unsanctioned
MPLADS-036736,Topon Kumar Gogoi,Lok Sabha,Assam,JORHAT,,,JORHAT EAST,Sotai Shah Bagisa,Normal/Others,WS/MP496/2023-2024/32518 - Construction of community centers and community halls,DEPUTY COMMISSIONER JORHAT_IDA,2023-10-05,Approved by IDA,250000,Unsanctioned
MPLADS-036737,Topon Kumar Gogoi,Lok Sabha,Assam,JORHAT,,,JORHAT,Chowdang No.1 (OG),Normal/Others,NA - Construction of buildings for community cultural activities,DEPUTY COMMISSIONER JORHAT_IDA,2023-10-05,Action Pending,250000,Unsanctioned
MPLADS-036738,Topon Kumar Gogoi,Lok Sabha,Assam,JORHAT,,,JORHAT,Namrupia Gaon,Normal/Others,NA - Construction of boundary walls of existing public and community buildings,DEPUTY COMMISSIONER JORHAT_IDA,2023-10-05,Action Pending,250000,Unsanctioned
MPLADS-036739,Topon Kumar Gogoi,Lok Sabha,Assam,JORHAT,,,JORHAT,Kankhua Gaon,Normal/Others,NA - Construction of boundary walls of existing public and community buildings,DEPUTY COMMISSIONER JORHAT_IDA,2023-10-05,Action Pending,250000,Unsanctioned
MPLADS-036740,Topon Kumar Gogoi,Lok Sabha,Assam,JORHAT,,,JORHAT,Cinnamara Grant (OG),Normal/Others,NA - Construction of boundary walls of existing public and community buildings,DEPUTY COMMISSIONER JORHAT_IDA,2023-10-05,Action Pending,250000,Unsanctioned
MPLADS-036741,Topon Kumar Gogoi,Lok Sabha,Assam,JORHAT,,,JORHAT,Dholajan Grant,Normal/Others,NA - Construction of buildings for community cultural activities,DEPUTY COMMISSIONER JORHAT_IDA,2023-10-05,Action Pending,250000,Unsanctioned
MPLADS-036742,Topon Kumar Gogoi,Lok Sabha,Assam,JORHAT,,,TITABOR,Bukaholla Grant,Normal/Others,NA - Installation of multi-gym equipment,DEPUTY COMMISSIONER JORHAT_IDA,2023-10-05,Action Pending,250000,Unsanctioned
MPLADS-036743,Topon Kumar Gogoi,Lok Sabha,Assam,JORHAT,,,TITABOR,No.1 Madhapur,Normal/Others,NA - Construction of buildings for community cultural activities,DEPUTY COMMISSIONER JORHAT_IDA,2023-10-05,Action Pending,250000,Unsanctioned
MPLADS-036767,Rajdeep Roy,Lok Sabha,Assam,SILCHAR,,,SALCHAPRA,Salchapra Pt II,Normal/Others,WS/MP494/2023-2024/32204 - Construction of community centers and community halls,DEPUTY COMMISSIONER CACHAR_IDA,2023-10-05,Approved by IDA,400000,Unsanctioned
MPLADS-036775,Rajdeep Roy,Lok Sabha,Assam,SILCHAR,,,SALCHAPRA,Hatirhar Pt I(Matirhar Pt I),Normal/Others,WS/MP494/2023-2024/32203 - Crematoriums or structures on burial/ cremation ground for public convenience,DEPUTY COMMISSIONER CACHAR_IDA,2023-10-05,Approved by IDA,400000,Unsanctioned
MPLADS-036777,Rajdeep Roy,Lok Sabha,Assam,SILCHAR,,,BORKHOLA,Masimpur Pt I (Maohimpur),Normal/Others,"WS/MP494/2023-2024/32202 - Construction of roads, link roads, pathways or any other road with or without drainage system",DEPUTY COMMISSIONER CACHAR_IDA,2023-10-05,Approved by IDA,500000,Sanctioned
MPLADS-036825,Topon Kumar Gogoi,Lok Sabha,Assam,JORHAT,,,TITABOR,Bandar Chalia T.E.,Normal/Others,NA - Construction of boundary walls of existing public and community buildings,DEPUTY COMMISSIONER JORHAT_IDA,2023-10-05,Action Pending,250000,Unsanctioned
MPLADS-037960,Rajdeep Roy,Lok Sabha,Assam,SILCHAR,,,KALAIN,Natanpur,Normal/Others,WS/MP494/2023-2024/30363 - Construction of community centers and community halls,DEPUTY COMMISSIONER CACHAR_IDA,2023-10-02,Approved by IDA,300000,Unsanctioned
MPLADS-037961,Rajdeep Roy,Lok Sabha,Assam,SILCHAR,,,NARSINGPUR,Bidyaratanpur,Normal/Others,WS/MP494/2023-2024/30362 - Construction of rooms and halls in school and colleges,DEPUTY COMMISSIONER CACHAR_IDA,2023-10-02,Approved by IDA,400000,Sanctioned
MPLADS-037962,Rajdeep Roy,Lok Sabha,Assam,SILCHAR,,,NARSINGPUR,Hawaithang,Repair and Renovation,"WS/MP494/2023-2024/30361 - Construction of rooms and facilities for hospitals, FWC , PHC Centers and ANM centers",DEPUTY COMMISSIONER CACHAR_IDA,2023-10-02,Approved by IDA,500000,Sanctioned
MPLADS-037963,Rajdeep Roy,Lok Sabha,Assam,SILCHAR,,,NARSINGPUR,Jamalpur,Normal/Others,WS/MP494/2023-2024/30360 - Crematoriums or structures on burial/ cremation ground for public convenience,DEPUTY COMMISSIONER CACHAR_IDA,2023-10-02,Approved by IDA,400000,Sanctioned
MPLADS-037964,Rajdeep Roy,Lok Sabha,Assam,SILCHAR,,,SILCHAR,Ambikapur Pt. X (CT),Normal/Others,"WS/MP494/2023-2024/30359 - Construction of roads, approach roads, link roads and pathways",DEPUTY COMMISSIONER CACHAR_IDA,2023-10-02,Approved by IDA,500000,Sanctioned
MPLADS-037965,Rajdeep Roy,Lok Sabha,Assam,SILCHAR,Silchar,26,,,Normal/Others,"WS/MP494/2023-2024/30358 - Construction of roads, approach roads, link roads and pathways",DEPUTY COMMISSIONER CACHAR_IDA,2023-10-02,Approved by IDA,300000,Sanctioned
MPLADS-037966,Rajdeep Roy,Lok Sabha,Assam,SILCHAR,Silchar,3,,,Normal/Others,WS/MP494/2023-2024/30357 - Construction of buildings for community cultural activities,DEPUTY COMMISSIONER CACHAR_IDA,2023-10-02,Approved by IDA,1900000,Sanctioned
MPLADS-037967,Rajdeep Roy,Lok Sabha,Assam,SILCHAR,,,UDHARBOND,Arkatipur Grant,Repair and Renovation,WS/MP494/2023-2024/30356 - Construction of additional rooms and halls in the existing public and community building,DEPUTY COMMISSIONER CACHAR_IDA,2023-10-02,Approved by IDA,300000,Unsanctioned
MPLADS-037968,Rajdeep Roy,Lok Sabha,Assam,SILCHAR,,,SILCHAR,Silchar Pt. X (CT),Normal/Others,"WS/MP494/2023-2024/30355 - Construction of roads, approach roads, link roads and pathways",DEPUTY COMMISSIONER CACHAR_IDA,2023-10-02,Approved by IDA,400000,Sanctioned
MPLADS-038479,Gaurav Gogoi,Lok Sabha,Assam,KALIABOR,,,BAJIAGAON,Kanuamari,Repair and Renovation,NA - Construction of community centers and community halls,DEPUTY COMMISSIONER NOWGONG_IDA,2023-09-30,Action Pending,100000,Unsanctioned
MPLADS-038481,Gaurav Gogoi,Lok Sabha,Assam,KALIABOR,,,DOLONGGHAT,Maj Jajari,Repair and Renovation,NA - Crematoriums or structures on burial/ cremation ground for public convenience,DEPUTY COMMISSIONER NOWGONG_IDA,2023-09-30,Action Pending,100000,Unsanctioned
MPLADS-038482,Gaurav Gogoi,Lok Sabha,Assam,KALIABOR,,,BAJIAGAON,Nonoi T.E.,Repair and Renovation,NA - Construction of community centers and community halls,DEPUTY COMMISSIONER NOWGONG_IDA,2023-09-30,Action Pending,100000,Unsanctioned
MPLADS-038483,Gaurav Gogoi,Lok Sabha,Assam,KALIABOR,,,BAJIAGAON,Samaguri Grant,Normal/Others,NA - Construction of bus-sheds or bus-stops,DEPUTY COMMISSIONER NOWGONG_IDA,2023-09-30,Action Pending,100000,Unsanctioned
MPLADS-038485,Gaurav Gogoi,Lok Sabha,Assam,KALIABOR,,,BAJIAGAON,Amluckie T.E. No.1,Normal/Others,NA - Construction of community centers and community halls,DEPUTY COMMISSIONER NOWGONG_IDA,2023-09-30,Action Pending,100000,Unsanctioned
MPLADS-038486,Gaurav Gogoi,Lok Sabha,Assam,KALIABOR,,,BAJIAGAON,Bhagamur,Normal/Others,NA - Construction of community centers and community halls,DEPUTY COMMISSIONER NOWGONG_IDA,2023-09-30,Action Pending,100000,Unsanctioned
MPLADS-038487,Gaurav Gogoi,Lok Sabha,Assam,KALIABOR,,,BAJIAGAON,Garumara No.1,Normal/Others,NA - Construction of community centers and community halls,DEPUTY COMMISSIONER NOWGONG_IDA,2023-09-30,Action Pending,100000,Unsanctioned
MPLADS-038488,Gaurav Gogoi,Lok Sabha,Assam,KALIABOR,,,BAJIAGAON,Gerua Mukh,Normal/Others,NA - Construction of boundary walls of existing public and community buildings,DEPUTY COMMISSIONER NOWGONG_IDA,2023-09-30,Action Pending,100000,Unsanctioned
MPLADS-038489,Gaurav Gogoi,Lok Sabha,Assam,KALIABOR,,,BAJIAGAON,Pahukata,Normal/Others,NA - Construction of community centers and community halls,DEPUTY COMMISSIONER NOWGONG_IDA,2023-09-30,Action Pending,100000,Unsanctioned
MPLADS-038490,Gaurav Gogoi,Lok Sabha,Assam,KALIABOR,,,BAJIAGAON,Gotonga,Normal/Others,NA - Construction of boundary walls of existing public and community buildings,DEPUTY COMMISSIONER NOWGONG_IDA,2023-09-30,Action Pending,100000,Unsanctioned
MPLADS-038491,Gaurav Gogoi,Lok Sabha,Assam,KALIABOR,,,BAJIAGAON,Kuhumtoli,Repair and Renovation,NA - Construction of buildings for crèches and anganwadies,DEPUTY COMMISSIONER NOWGONG_IDA,2023-09-30,Action Pending,100000,Unsanctioned
MPLADS-038496,Gaurav Gogoi,Lok Sabha,Assam,KALIABOR,,,DOLONGGHAT,Jamuguri,Repair and Renovation,NA - Crematoriums or structures on burial/ cremation ground for public convenience,DEPUTY COMMISSIONER NOWGONG_IDA,2023-09-30,Action Pending,250000,Unsanctioned
MPLADS-038520,Gaurav Gogoi,Lok Sabha,Assam,KALIABOR,,,BAJIAGAON,Sutar Gaon,Repair and Renovation,NA - Construction of community centers and community halls,DEPUTY COMMISSIONER NOWGONG_IDA,2023-09-30,Action Pending,100000,Unsanctioned
MPLADS-038521,Gaurav Gogoi,Lok Sabha,Assam,KALIABOR,,,BAJIAGAON,Bhoraguri No.1,Repair and Renovation,NA - Construction of community centers and community halls,DEPUTY COMMISSIONER NOWGONG_IDA,2023-09-30,Action Pending,100000,Unsanctioned
MPLADS-038522,Shri Naba (Hira) Kumar Sarania ,Lok Sabha,Assam,KOKRAJHAR (ST),,,BARAMA,Barimakha,Normal/Others,NA - Construction of culverts and bridges,DEPUTY COMMISSIONER BAKSA_IDA,2023-09-30,Action Pending,1000000,Unsanctioned
MPLADS-038523,Shri Naba (Hira) Kumar Sarania ,Lok Sabha,Assam,KOKRAJHAR (ST),,,BARAMA,Barimakha,Normal/Others,NA - Construction of culverts and bridges,DEPUTY COMMISSIONER BAKSA_IDA,2023-09-30,Action Pending,1000000,Unsanctioned
MPLADS-038551,Shri Naba (Hira) Kumar Sarania ,Lok Sabha,Assam,KOKRAJHAR (ST),,,BARAMA,Barimakha,Normal/Others,"NA - Construction of roads, approach roads, link roads and pathways",DEPUTY COMMISSIONER BAKSA_IDA,2023-09-30,Action Pending,1000000,Unsanctioned
MPLADS-038552,Gaurav Gogoi,Lok Sabha,Assam,KALIABOR,,,LAOKHOWA,No.1 Bhatiakhali,Normal/Others,NA - Construction of community centers and community halls,DEPUTY COMMISSIONER NOWGONG_IDA,2023-09-30,Action Pending,100000,Unsanctioned
MPLADS-038553,Shri Naba (Hira) Kumar Sarania ,Lok Sabha,Assam,KOKRAJHAR (ST),,,BARAMA,Barimakha,Normal/Others,NA - Construction of culverts and bridges,DEPUTY COMMISSIONER BAKSA_IDA,2023-09-30,Action Pending,1000000,Unsanctioned
MPLADS-038554,Shri Naba (Hira) Kumar Sarania ,Lok Sabha,Assam,KOKRAJHAR (ST),,,DHAMDHAMA,Roumari,Normal/Others,NA - Construction of culverts and bridges,DEPUTY COMMISSIONER BAKSA_IDA,2023-09-30,Action Pending,1000000,Unsanctioned
MPLADS-038555,Shri Naba (Hira) Kumar Sarania ,Lok Sabha,Assam,KOKRAJHAR (ST),,,DHAMDHAMA,Roumari,Normal/Others,"NA - Construction of roads, approach roads, link roads and pathways",DEPUTY COMMISSIONER BAKSA_IDA,2023-09-30,Action Pending,1000000,Unsanctioned
MPLADS-038556,Shri Naba (Hira) Kumar Sarania ,Lok Sabha,Assam,KOKRAJHAR (ST),,,DHAMDHAMA,Bher Bheri,Normal/Others,"NA - Construction of roads, approach roads, link roads and pathways",DEPUTY COMMISSIONER BAKSA_IDA,2023-09-30,Action Pending,1000000,Unsanctioned
MPLADS-038557,Shri Naba (Hira) Kumar Sarania ,Lok Sabha,Assam,KOKRAJHAR (ST),,,DHAMDHAMA,Bher Bheri,Normal/Others,"NA - Construction of roads, approach roads, link roads and pathways",DEPUTY COMMISSIONER BAKSA_IDA,2023-09-30,Action Pending,1000000,Unsanctioned
MPLADS-038558,Shri Naba (Hira) Kumar Sarania ,Lok Sabha,Assam,KOKRAJHAR (ST),,,DHAMDHAMA,Gorbhitor,Normal/Others,"NA - Construction of roads, approach roads, link roads and pathways",DEPUTY COMMISSIONER BAKSA_IDA,2023-09-30,Action Pending,1000000,Unsanctioned
MPLADS-038559,Gaurav Gogoi,Lok Sabha,Assam,KALIABOR,,,LAOKHOWA,Dakhin Belguri,Normal/Others,NA - Construction of community centers and community halls,DEPUTY COMMISSIONER NOWGONG_IDA,2023-09-30,Action Pending,100000,Unsanctioned
MPLADS-038560,Gaurav Gogoi,Lok Sabha,Assam,KALIABOR,,,LAOKHOWA,Uttar Belguri,Normal/Others,NA - Construction of community centers and community halls,DEPUTY COMMISSIONER NOWGONG_IDA,2023-09-30,Action Pending,100000,Unsanctioned
MPLADS-038561,Gaurav Gogoi,Lok Sabha,Assam,KALIABOR,,,LAOKHOWA,Bhurbandha No.3,Repair and Renovation,NA - Construction of community centers and community halls,DEPUTY COMMISSIONER NOWGONG_IDA,2023-09-30,Action Pending,100000,Unsanctioned
MPLADS-038562,Gaurav Gogoi,Lok Sabha,Assam,KALIABOR,,,LAOKHOWA,Lailuri,Normal/Others,NA - Construction of community centers and community halls,DEPUTY COMMISSIONER NOWGONG_IDA,2023-09-30,Action Pending,100000,Unsanctioned
MPLADS-038563,Gaurav Gogoi,Lok Sabha,Assam,KALIABOR,,,LAOKHOWA,Kawaimari,Normal/Others,NA - Construction of community centers and community halls,DEPUTY COMMISSIONER NOWGONG_IDA,2023-09-30,Action Pending,100000,Unsanctioned
MPLADS-038564,Gaurav Gogoi,Lok Sabha,Assam,KALIABOR,,,LAOKHOWA,Karoiguir,Normal/Others,NA - Construction of community centers and community halls,DEPUTY COMMISSIONER NOWGONG_IDA,2023-09-30,Action Pending,100000,Unsanctioned
MPLADS-038566,Gaurav Gogoi,Lok Sabha,Assam,KALIABOR,,,LAOKHOWA,Pachim Sualani,Normal/Others,NA - Construction of community centers and community halls,DEPUTY COMMISSIONER NOWGONG_IDA,2023-09-30,Action Pending,100000,Unsanctioned
MPLADS-038567,Gaurav Gogoi,Lok Sabha,Assam,KALIABOR,,,LAOKHOWA,Pub Singimari,Repair and Renovation,NA - Construction of community centers and community halls,DEPUTY COMMISSIONER NOWGONG_IDA,2023-09-30,Action Pending,100000,Unsanctioned
MPLADS-038568,Gaurav Gogoi,Lok Sabha,Assam,KALIABOR,,,LAOKHOWA,Pachim Salpara,Normal/Others,NA - Construction of rooms and halls in school and colleges,DEPUTY COMMISSIONER NOWGONG_IDA,2023-09-30,Action Pending,100000,Unsanctioned
MPLADS-038569,Gaurav Gogoi,Lok Sabha,Assam,KALIABOR,,,LAOKHOWA,Kawaimari,Normal/Others,NA - Crematoriums or structures on burial/ cremation ground for public convenience,DEPUTY COMMISSIONER NOWGONG_IDA,2023-09-30,Action Pending,100000,Unsanctioned
MPLADS-038570,Gaurav Gogoi,Lok Sabha,Assam,KALIABOR,,,LAOKHOWA,Kathpara,Repair and Renovation,NA - Construction of community centers and community halls,DEPUTY COMMISSIONER NOWGONG_IDA,2023-09-30,Action Pending,100000,Unsanctioned
MPLADS-038571,Topon Kumar Gogoi,Lok Sabha,Assam,JORHAT,Nazira,ward no-3,,,Normal/Others,WS/MP496/2023-2024/29402 - Construction of rooms and halls in school and colleges,Deputy Commissioner Sivsagar_IDA,2023-09-30,Approved by IDA,500000,Unsanctioned
MPLADS-038572,Topon Kumar Gogoi,Lok Sabha,Assam,JORHAT,,,SIVASAGAR,Banmukh Chutia,Normal/Others,NA - Construction of buildings for community cultural activities,Deputy Commissioner Sivsagar_IDA,2023-09-30,Action Pending,1000000,Unsanctioned
MPLADS-038573,Topon Kumar Gogoi,Lok Sabha,Assam,JORHAT,,,NAZIRA,Duwara Gaon,Normal/Others,NA - Construction of buildings for community cultural activities,Deputy Commissioner Sivsagar_IDA,2023-09-30,Action Pending,500000,Unsanctioned
MPLADS-038577,Shri Naba (Hira) Kumar Sarania ,Lok Sabha,Assam,KOKRAJHAR (ST),,,DHAMDHAMA,Gorbhitor,Normal/Others,"NA - Construction of roads, approach roads, link roads and pathways",DEPUTY COMMISSIONER BAKSA_IDA,2023-09-30,Action Pending,1000000,Unsanctioned
MPLADS-039138,Shri Abdul Khaleque ,Lok Sabha,Assam,BARPETA,,,PASCHIM NALBARI,Batshor,Normal/Others,NA - Construction of boundary walls of existing public and community buildings,DEPUTY COMMISSIONER NALBARI_IDA,2023-09-29,Action Pending,250000,Unsanctioned
MPLADS-039248,Shri Abdul Khaleque ,Lok Sabha,Assam,BARPETA,,,CHAKCHAKA,Madulijar,Normal/Others,"NA - Construction of roads, approach roads, link roads and pathways",DEPUTY COMMISSIONER BARPETA_IDA,2023-09-29,Action Pending,500000,Unsanctioned
MPLADS-039249,Shri Abdul Khaleque ,Lok Sabha,Assam,BARPETA,,,CHENGA,Khangra,Normal/Others,NA - Construction of boundary walls of existing public and community buildings,DEPUTY COMMISSIONER BARPETA_IDA,2023-09-29,Action Pending,300000,Unsanctioned
MPLADS-040030,Rajdeep Roy,Lok Sabha,Assam,SILCHAR,,,BARJALENGA,Duarbond Basti (Duarbond),Normal/Others,WS/MP494/2023-2024/27696 - Construction of buildings for community cultural activities,DEPUTY COMMISSIONER CACHAR_IDA,2023-09-27,Approved by IDA,300000,Sanctioned
MPLADS-040063,Rajdeep Roy,Lok Sabha,Assam,SILCHAR,,,BARJALENGA,Barjalenga Pt I,Normal/Others,WS/MP494/2023-2024/27698 - Crematoriums or structures on burial/ cremation ground for public convenience,DEPUTY COMMISSIONER CACHAR_IDA,2023-09-27,Approved by IDA,300000,Sanctioned
MPLADS-040076,Rajdeep Roy,Lok Sabha,Assam,SILCHAR,,,BARJALENGA,Irongmara (CT),Normal/Others,WS/MP494/2023-2024/27697 - Crematoriums or structures on burial/ cremation ground for public convenience,DEPUTY COMMISSIONER CACHAR_IDA,2023-09-27,Approved by IDA,300000,Sanctioned
MPLADS-040079,Pradan Baruah,Lok Sabha,Assam,LAKHIMPUR,,,KARUNABARI,Gabharu Tunijan,Normal/Others,NA - Construction of community centers and community halls,DEPUTY COMMISSIONER LAKHIMPUR_IDA,2023-09-27,Action Pending,250000,Unsanctioned
MPLADS-040081,Rajdeep Roy,Lok Sabha,Assam,SILCHAR,Silchar,3,,,Normal/Others,NA - Construction of public toilets and bathrooms,DEPUTY COMMISSIONER CACHAR_IDA,2023-09-27,Rejected by IDA,1000000,Unsanctioned
MPLADS-040082,Pradan Baruah,Lok Sabha,Assam,LAKHIMPUR,Silapathar,10,,,Repair and Renovation,NA - Construction of additional rooms and halls in the existing public and community building,DEPUTY COMMISSIONER DHEMAJI_IDA,2023-09-27,Action Pending,500000,Unsanctioned
MPLADS-040084,Pradan Baruah,Lok Sabha,Assam,LAKHIMPUR,,,KARUNABARI,Dangi Bil,Normal/Others,NA - Construction of community centers and community halls,DEPUTY COMMISSIONER LAKHIMPUR_IDA,2023-09-27,Action Pending,500000,Unsanctioned
MPLADS-040085,Pradan Baruah,Lok Sabha,Assam,LAKHIMPUR,,,DHAKUAKHANA,Deolia Gobindapur,Normal/Others,NA - Construction of community centers and community halls,DEPUTY COMMISSIONER LAKHIMPUR_IDA,2023-09-27,Action Pending,500000,Unsanctioned
MPLADS-040086,Pradan Baruah,Lok Sabha,Assam,LAKHIMPUR,,,NOWBOICHA,No.1 Kalakhowa,Normal/Others,NA - Construction of community centers and community halls,DEPUTY COMMISSIONER LAKHIMPUR_IDA,2023-09-27,Action Pending,250000,Unsanctioned
MPLADS-040087,Pradan Baruah,Lok Sabha,Assam,LAKHIMPUR,,,KARUNABARI,Bishnupur,Normal/Others,NA - Construction of community centers and community halls,DEPUTY COMMISSIONER LAKHIMPUR_IDA,2023-09-27,Action Pending,250000,Unsanctioned
MPLADS-040088,Rajdeep Roy,Lok Sabha,Assam,SILCHAR,,,BARJALENGA,Silcoorie Grant,Normal/Others,WS/MP494/2023-2024/27705 - Development of playground,DEPUTY COMMISSIONER CACHAR_IDA,2023-09-27,Approved by IDA,500000,Sanctioned
MPLADS-040089,Rajdeep Roy,Lok Sabha,Assam,SILCHAR,,,BANSKANDI,Dungripar Pt II,Normal/Others,WS/MP494/2023-2024/27704 - Construction of boundary walls of existing public and community buildings,DEPUTY COMMISSIONER CACHAR_IDA,2023-09-27,Approved by IDA,500000,Sanctioned
MPLADS-040090,Rajdeep Roy,Lok Sabha,Assam,SILCHAR,Silchar,16,,,Normal/Others,WS/MP494/2023-2024/27703 - Providing supply pipelines for drinking water,DEPUTY COMMISSIONER CACHAR_IDA,2023-09-27,Approved by IDA,500000,Sanctioned
MPLADS-040091,Rajdeep Roy,Lok Sabha,Assam,SILCHAR,Silchar,16,,,Normal/Others,"WS/MP494/2023-2024/27702 - Construction of roads, approach roads, link roads and pathways",DEPUTY COMMISSIONER CACHAR_IDA,2023-09-27,Approved by IDA,300000,Sanctioned
MPLADS-040092,Rajdeep Roy,Lok Sabha,Assam,SILCHAR,,,SILCHAR,Ambikapur Pt. X (CT),Normal/Others,"WS/MP494/2023-2024/27701 - Construction of roads, approach roads, link roads and pathways",DEPUTY COMMISSIONER CACHAR_IDA,2023-09-27,Approved by IDA,300000,Sanctioned
MPLADS-040093,Rajdeep Roy,Lok Sabha,Assam,SILCHAR,,,SILCHAR,Ambicapur Pt VI (CT),Normal/Others,WS/MP494/2023-2024/27700 - Providing drains and gutters for public drainage,DEPUTY COMMISSIONER CACHAR_IDA,2023-09-27,Approved by IDA,500000,Sanctioned
MPLADS-040094,Rajdeep Roy,Lok Sabha,Assam,SILCHAR,,,BARJALENGA,Bag-O-Bahar T.E.,Normal/Others,WS/MP494/2023-2024/27699 - Crematoriums or structures on burial/ cremation ground for public convenience,DEPUTY COMMISSIONER CACHAR_IDA,2023-09-27,Approved by IDA,300000,Sanctioned
MPLADS-040156,Gaurav Gogoi,Lok Sabha,Assam,KALIABOR,,,BATADRAVA,Dhupa Guri Gaon,Normal/Others,NA - Construction of community centers and community halls,DEPUTY COMMISSIONER NOWGONG_IDA,2023-09-26,Action Pending,400000,Unsanctioned
MPLADS-040163,Gaurav Gogoi,Lok Sabha,Assam,KALIABOR,,,BATADRAVA,Dhania Bheti Gaon,Normal/Others,NA - Installing community drinking water plants,DEPUTY COMMISSIONER NOWGONG_IDA,2023-09-26,Action Pending,250000,Unsanctioned
MPLADS-040164,Gaurav Gogoi,Lok Sabha,Assam,KALIABOR,,,DOLONGGHAT,Hatijujua Pathar (Hatijujua),Normal/Others,NA - Construction of boundary walls of existing public and community buildings,DEPUTY COMMISSIONER NOWGONG_IDA,2023-09-26,Action Pending,250000,Unsanctioned
MPLADS-040165,Gaurav Gogoi,Lok Sabha,Assam,KALIABOR,,,DOLONGGHAT,Raidongia,Normal/Others,NA - Crematoriums or structures on burial/ cremation ground for public convenience,DEPUTY COMMISSIONER NOWGONG_IDA,2023-09-26,Action Pending,250000,Unsanctioned
MPLADS-040166,Gaurav Gogoi,Lok Sabha,Assam,KALIABOR,,,BATADRAVA,Sala Pathar,Normal/Others,NA - Construction of boundary walls of existing public and community buildings,DEPUTY COMMISSIONER NOWGONG_IDA,2023-09-26,Action Pending,250000,Unsanctioned
MPLADS-040167,Gaurav Gogoi,Lok Sabha,Assam,KALIABOR,,,BATADRAVA,Katah Guri,Normal/Others,NA - Construction of boundary walls of existing public and community buildings,DEPUTY COMMISSIONER NOWGONG_IDA,2023-09-26,Action Pending,250000,Unsanctioned
MPLADS-040168,Gaurav Gogoi,Lok Sabha,Assam,KALIABOR,,,BATADRAVA,Rajabari Grant,Normal/Others,NA - Construction of boundary walls of existing public and community buildings,DEPUTY COMMISSIONER NOWGONG_IDA,2023-09-26,Action Pending,250000,Unsanctioned
MPLADS-041017,Pradan Baruah,Lok Sabha,Assam,LAKHIMPUR,,,NOWBOICHA,Deoramora,Normal/Others,NA - Construction of community centers and community halls,DEPUTY COMMISSIONER LAKHIMPUR_IDA,2023-09-24,Action Pending,250000,Unsanctioned
MPLADS-041018,Pradan Baruah,Lok Sabha,Assam,LAKHIMPUR,,,NOWBOICHA,Bilotia Gaon,Normal/Others,NA - Construction of community centers and community halls,DEPUTY COMMISSIONER LAKHIMPUR_IDA,2023-09-24,Action Pending,250000,Unsanctioned
MPLADS-041019,Pradan Baruah,Lok Sabha,Assam,LAKHIMPUR,,,NOWBOICHA,Panabari,Normal/Others,NA - Construction of boundary walls of existing public and community buildings,DEPUTY COMMISSIONER LAKHIMPUR_IDA,2023-09-24,Action Pending,500000,Unsanctioned
MPLADS-041020,Pradan Baruah,Lok Sabha,Assam,LAKHIMPUR,,,NOWBOICHA,No.1 Kowa Donga,Normal/Others,NA - Construction of community centers and community halls,DEPUTY COMMISSIONER LAKHIMPUR_IDA,2023-09-24,Action Pending,500000,Unsanctioned
MPLADS-041021,Pradan Baruah,Lok Sabha,Assam,LAKHIMPUR,,,NOWBOICHA,Rajgarh Rampur,Normal/Others,NA - Construction of community centers and community halls,DEPUTY COMMISSIONER LAKHIMPUR_IDA,2023-09-24,Action Pending,250000,Unsanctioned
MPLADS-041022,Pradan Baruah,Lok Sabha,Assam,LAKHIMPUR,,,KARUNABARI,Fenkhati Gaoni,Normal/Others,NA - Construction of community centers and community halls,DEPUTY COMMISSIONER LAKHIMPUR_IDA,2023-09-24,Action Pending,250000,Unsanctioned
MPLADS-041023,Pradan Baruah,Lok Sabha,Assam,LAKHIMPUR,,,NOWBOICHA,Pahumora Ahom,Normal/Others,NA - Construction of community centers and community halls,DEPUTY COMMISSIONER LAKHIMPUR_IDA,2023-09-24,Action Pending,250000,Unsanctioned
MPLADS-041024,Pradan Baruah,Lok Sabha,Assam,LAKHIMPUR,,,NOWBOICHA,No.2 Phulbari,Normal/Others,NA - Construction of community centers and community halls,DEPUTY COMMISSIONER LAKHIMPUR_IDA,2023-09-24,Action Pending,250000,Unsanctioned
MPLADS-041025,Pradan Baruah,Lok Sabha,Assam,LAKHIMPUR,,,NOWBOICHA,Kamalpur,Normal/Others,NA - Construction of community centers and community halls,DEPUTY COMMISSIONER LAKHIMPUR_IDA,2023-09-24,Action Pending,350000,Unsanctioned
MPLADS-041026,Pradan Baruah,Lok Sabha,Assam,LAKHIMPUR,,,KAKOPATHAR,Bor Dirak No-2,Normal/Others,NA - Construction of public irrigation facilities,Deputy Commissioner Tinsukia_IDA,2023-09-24,Action Pending,1000000,Unsanctioned
MPLADS-041043,Pradan Baruah,Lok Sabha,Assam,LAKHIMPUR,,,KARUNABARI,Nizlaluk,Repair and Renovation,NA - Construction of community centers and community halls,DEPUTY COMMISSIONER LAKHIMPUR_IDA,2023-09-24,Action Pending,1000000,Unsanctioned
MPLADS-041165,Pradan Baruah,Lok Sabha,Assam,LAKHIMPUR,,,NOWBOICHA,Gendhali,Normal/Others,NA - Construction of community centers and community halls,DEPUTY COMMISSIONER LAKHIMPUR_IDA,2023-09-24,Action Pending,250000,Unsanctioned
MPLADS-041352,SHRI Birendra Prasad Baishya,Rajya Sabha,Assam,Sitting Rajya Sabha,Abhayapuri,23,,,Normal/Others,NA - Development of playfields and sports grounds,Deputy Commissioner Bongaigaon_IDA,2023-09-23,Action Pending,2000000,Unsanctioned
MPLADS-041376,SHRI Birendra Prasad Baishya,Rajya Sabha,Assam,Sitting Rajya Sabha,Abhayapuri,3,,,Normal/Others,NA - Construction of rooms and halls in school and colleges,Deputy Commissioner Bongaigaon_IDA,2023-09-23,Action Pending,1000000,Unsanctioned
MPLADS-041377,SHRI Birendra Prasad Baishya,Rajya Sabha,Assam,Sitting Rajya Sabha,Guwahati,12,,,Normal/Others,NA - Construction of community centers and community halls,DEPUTY COMMISSIONER KAMRUP METROPOLITAN_IDA,2023-09-23,Action Pending,1000000,Unsanctioned
MPLADS-041642,Kripanath Mallah,Lok Sabha,Assam,KARIMGANJ (SC),,,PATHARKANDI,Patherkandi Pt I,Normal/Others,NA - Construction of community centers and community halls,DEPUTY COMMISSIONER KARIM GANJ_IDA,2023-09-22,Action Pending,2500000,Unsanctioned
MPLADS-041647,Sh Teli Rameswar,Lok Sabha,Assam,DIBRUGARH,Dibrugarh,6,,,Normal/Others,"WS/MP535/2023-2024/24745 - Construction of roads, approach roads, link roads and pathways",DEPUTY COMMISSIONER DIBRUGARH_IDA,2023-09-22,Approved by IDA,1000000,Unsanctioned
MPLADS-041648,Topon Kumar Gogoi,Lok Sabha,Assam,JORHAT,Jorhat,ward No 9,,,Normal/Others,NA - Construction of buildings for community cultural activities,DEPUTY COMMISSIONER JORHAT_IDA,2023-09-22,Action Pending,500000,Unsanctioned
MPLADS-041702,Topon Kumar Gogoi,Lok Sabha,Assam,JORHAT,Sibsagar,ward no 9,,,Normal/Others,WS/MP496/2023-2024/24923 - Construction of rooms and halls in school and colleges,Deputy Commissioner Sivsagar_IDA,2023-09-22,Approved by IDA,500000,Unsanctioned
MPLADS-041703,Pradan Baruah,Lok Sabha,Assam,LAKHIMPUR,,,SADIYA,Sunpura Gaon,Normal/Others,NA - Construction of community centers and community halls,Deputy Commissioner Tinsukia_IDA,2023-09-22,Action Pending,300000,Unsanctioned
MPLADS-041704,Pradan Baruah,Lok Sabha,Assam,LAKHIMPUR,,,SADIYA,Amarpur,Normal/Others,NA - Purchase of motor boats for flood and cyclone prone areas,Deputy Commissioner Tinsukia_IDA,2023-09-22,Action Pending,500000,Unsanctioned
MPLADS-041705,Pradan Baruah,Lok Sabha,Assam,LAKHIMPUR,,,MACHKHOWA,Jorkata Konch,Normal/Others,NA - Construction of community centers and community halls,DEPUTY COMMISSIONER DHEMAJI_IDA,2023-09-22,Action Pending,300000,Unsanctioned
MPLADS-041706,Pradan Baruah,Lok Sabha,Assam,LAKHIMPUR,,,MACHKHOWA,Borpak Gaon,Normal/Others,NA - Construction of community centers and community halls,DEPUTY COMMISSIONER DHEMAJI_IDA,2023-09-22,Action Pending,500000,Unsanctioned
MPLADS-041707,Sh Teli Rameswar,Lok Sabha,Assam,DIBRUGARH,Dibrugarh,8,,,Normal/Others,"WS/MP535/2023-2024/24736 - Construction of roads, approach roads, link roads and pathways",DEPUTY COMMISSIONER DIBRUGARH_IDA,2023-09-22,Approved by IDA,800000,Unsanctioned
MPLADS-041708,Sh Teli Rameswar,Lok Sabha,Assam,DIBRUGARH,,,BARBARUAH,Nagakhalia Gaon,Normal/Others,"WS/MP535/2023-2024/24737 - Construction of roads, approach roads, link roads and pathways",DEPUTY COMMISSIONER DIBRUGARH_IDA,2023-09-22,Approved by IDA,1000000,Unsanctioned
MPLADS-041709,Sh Teli Rameswar,Lok Sabha,Assam,DIBRUGARH,Dibrugarh,8,,,Normal/Others,"WS/MP535/2023-2024/24738 - Construction of roads, approach roads, link roads and pathways",DEPUTY COMMISSIONER DIBRUGARH_IDA,2023-09-22,Approved by IDA,1000000,Unsanctioned
MPLADS-041710,Sh Teli Rameswar,Lok Sabha,Assam,DIBRUGARH,Dibrugarh,13,,,Normal/Others,"WS/MP535/2023-2024/24739 - Construction of roads, approach roads, link roads and pathways",DEPUTY COMMISSIONER DIBRUGARH_IDA,2023-09-22,Approved by IDA,1200000,Unsanctioned
MPLADS-041711,Sh Teli Rameswar,Lok Sabha,Assam,DIBRUGARH,Dibrugarh,4,,,Normal/Others,"WS/MP535/2023-2024/24740 - Construction of roads, approach roads, link roads and pathways",DEPUTY COMMISSIONER DIBRUGARH_IDA,2023-09-22,Approved by IDA,1000000,Unsanctioned
MPLADS-041712,Sh Teli Rameswar,Lok Sabha,Assam,DIBRUGARH,Dibrugarh,4,,,Normal/Others,"WS/MP535/2023-2024/24741 - Construction of roads, approach roads, link roads and pathways",DEPUTY COMMISSIONER DIBRUGARH_IDA,2023-09-22,Approved by IDA,1000000,Unsanctioned
MPLADS-041714,Sh Teli Rameswar,Lok Sabha,Assam,DIBRUGARH,Dibrugarh,12,,,Normal/Others,"WS/MP535/2023-2024/24742 - Construction of roads, approach roads, link roads and pathways",DEPUTY COMMISSIONER DIBRUGARH_IDA,2023-09-22,Approved by IDA,1000000,Unsanctioned
MPLADS-041715,Sh Teli Rameswar,Lok Sabha,Assam,DIBRUGARH,Dibrugarh,2,,,Normal/Others,"WS/MP535/2023-2024/24743 - Construction of roads, approach roads, link roads and pathways",DEPUTY COMMISSIONER DIBRUGARH_IDA,2023-09-22,Approved by IDA,1000000,Unsanctioned
MPLADS-041716,Sh Teli Rameswar,Lok Sabha,Assam,DIBRUGARH,Dibrugarh,6,,,Normal/Others,"WS/MP535/2023-2024/24744 - Construction of roads, approach roads, link roads and pathways",DEPUTY COMMISSIONER DIBRUGARH_IDA,2023-09-22,Approved by IDA,1000000,Unsanctioned
MPLADS-041718,Topon Kumar Gogoi,Lok Sabha,Assam,JORHAT,,,WEST ABHAIPUR,Singoritol Bangali,Normal/Others,WS/MP496/2023-2024/24828 - Construction of buildings for community cultural activities,Deputy Commissioner Charaideo_IDA,2023-09-22,Approved by IDA,1000000,Sanctioned
MPLADS-041719,Topon Kumar Gogoi,Lok Sabha,Assam,JORHAT,Sibsagar,ward no-5,,,Normal/Others,NA - Construction of buildings for community cultural activities,Deputy Commissioner Sivsagar_IDA,2023-09-22,Action Pending,250000,Unsanctioned
MPLADS-041720,Topon Kumar Gogoi,Lok Sabha,Assam,JORHAT,Sibsagar,ward no-12,,,Normal/Others,WS/MP496/2023-2024/24834 - Construction of rooms and halls in school and colleges,Deputy Commissioner Sivsagar_IDA,2023-09-22,Approved by IDA,500000,Unsanctioned
MPLADS-041721,Topon Kumar Gogoi,Lok Sabha,Assam,JORHAT,Sibsagar,ward no-5,,,Normal/Others,WS/MP496/2023-2024/24835 - Construction of buildings for community cultural activities,Deputy Commissioner Sivsagar_IDA,2023-09-22,Approved by IDA,300000,Unsanctioned
MPLADS-041722,Topon Kumar Gogoi,Lok Sabha,Assam,JORHAT,,,SIVASAGAR,Borkola Gorh Gaon,Normal/Others,NA - Construction of rooms and halls in school and colleges,Deputy Commissioner Sivsagar_IDA,2023-09-22,Action Pending,1000000,Unsanctioned
MPLADS-041723,Topon Kumar Gogoi,Lok Sabha,Assam,JORHAT,,,NAZIRA,Geleki Grant No.1,Normal/Others,NA - Construction of rooms and halls in school and colleges,Deputy Commissioner Sivsagar_IDA,2023-09-22,Action Pending,500000,Unsanctioned
MPLADS-041724,Topon Kumar Gogoi,Lok Sabha,Assam,JORHAT,,,GAURISAGAR,No.1 Mout Ghar Pholia,Normal/Others,WS/MP496/2023-2024/24889 - Construction of buildings for community cultural activities,Deputy Commissioner Sivsagar_IDA,2023-09-22,Approved by IDA,700000,Unsanctioned
MPLADS-041725,Topon Kumar Gogoi,Lok Sabha,Assam,JORHAT,Mariani,ward no 5,,,Normal/Others,NA - Construction of buildings for community cultural activities,DEPUTY COMMISSIONER JORHAT_IDA,2023-09-22,Action Pending,700000,Unsanctioned
MPLADS-041726,Topon Kumar Gogoi,Lok Sabha,Assam,JORHAT,,,JORHAT CENTRAL,Bum-Kukura Chowa,Normal/Others,NA - Construction of buildings for community cultural activities,DEPUTY COMMISSIONER JORHAT_IDA,2023-09-22,Action Pending,500000,Unsanctioned
MPLADS-041727,Pradan Baruah,Lok Sabha,Assam,LAKHIMPUR,,,SADIYA,1 No.Santipur,Normal/Others,NA - Development of public parks,Deputy Commissioner Tinsukia_IDA,2023-09-22,Action Pending,300000,Unsanctioned
MPLADS-041728,Pradan Baruah,Lok Sabha,Assam,LAKHIMPUR,,,SADIYA,Sunpura Gaon,Normal/Others,NA - Construction of community centers and community halls,Deputy Commissioner Tinsukia_IDA,2023-09-22,Action Pending,500000,Unsanctioned
MPLADS-041730,Pradan Baruah,Lok Sabha,Assam,LAKHIMPUR,,,SADIYA,Borjhiya,Normal/Others,NA - Construction of community centers and community halls,Deputy Commissioner Tinsukia_IDA,2023-09-22,Action Pending,300000,Unsanctioned
MPLADS-041753,Pradan Baruah,Lok Sabha,Assam,LAKHIMPUR,,,SADIYA,1 No.Santipur,Normal/Others,NA - Construction of community centers and community halls,Deputy Commissioner Tinsukia_IDA,2023-09-22,Action Pending,1000000,Unsanctioned
MPLADS-041770,SHRI Birendra Prasad Baishya,Rajya Sabha,Assam,Sitting Rajya Sabha,Guwahati,50,,,Normal/Others,NA - Construction of community centers and community halls,DEPUTY COMMISSIONER KAMRUP METROPOLITAN_IDA,2023-09-22,Action Pending,500000,Unsanctioned
MPLADS-041810,SHRI Birendra Prasad Baishya,Rajya Sabha,Assam,Sitting Rajya Sabha,Golaghat,13,,,Normal/Others,NA - Construction of rooms and halls in school and colleges,Deputy Commissioner Golaghat_IDA,2023-09-22,Action Pending,2000000,Unsanctioned
MPLADS-042093,Topon Kumar Gogoi,Lok Sabha,Assam,JORHAT,,,NAZIRA,No.1 Bokupukhuri Habi,Normal/Others,WS/MP496/2023-2024/23950 - Construction of rooms and halls in school and colleges,Deputy Commissioner Sivsagar_IDA,2023-09-21,Approved by IDA,500000,Unsanctioned
MPLADS-042094,Shri Abdul Khaleque ,Lok Sabha,Assam,BARPETA,,,CHAKCHAKA,Madulijar,Normal/Others,"NA - Construction of roads, approach roads, link roads and pathways",DEPUTY COMMISSIONER BARPETA_IDA,2023-09-21,Action Pending,500000,Unsanctioned
MPLADS-042544,Gaurav Gogoi,Lok Sabha,Assam,KALIABOR,,,RUPAHI,Barpeta,Normal/Others,NA - Construction of boundary walls of existing public and community buildings,DEPUTY COMMISSIONER NOWGONG_IDA,2023-09-20,Action Pending,300000,Unsanctioned
MPLADS-042545,Gaurav Gogoi,Lok Sabha,Assam,KALIABOR,,,RUPAHI,Dighali,Normal/Others,NA - Construction of boundary walls of existing public and community buildings,DEPUTY COMMISSIONER NOWGONG_IDA,2023-09-20,Action Pending,300000,Unsanctioned
MPLADS-042546,Topon Kumar Gogoi,Lok Sabha,Assam,JORHAT,,,JORHAT EAST,Gabhoru Gaon,Normal/Others,WS/MP496/2023-2024/23489 - Construction of buildings for community cultural activities,DEPUTY COMMISSIONER JORHAT_IDA,2023-09-20,Approved by IDA,250000,Unsanctioned
MPLADS-042547,Topon Kumar Gogoi,Lok Sabha,Assam,JORHAT,,,JORHAT CENTRAL,Pirakata Dewm Bhoralua Gaon,Normal/Others,NA - Construction of buildings for community cultural activities,DEPUTY COMMISSIONER JORHAT_IDA,2023-09-20,Action Pending,1000000,Unsanctioned
MPLADS-042548,Gaurav Gogoi,Lok Sabha,Assam,KALIABOR,,,RUPAHI,Pub-Photaljar,Normal/Others,NA - Construction of boundary walls of existing public and community buildings,DEPUTY COMMISSIONER NOWGONG_IDA,2023-09-20,Action Pending,300000,Unsanctioned
MPLADS-042549,Gaurav Gogoi,Lok Sabha,Assam,KALIABOR,,,RUPAHI,Uttar Khatowal,Normal/Others,NA - Construction of boundary walls of existing public and community buildings,DEPUTY COMMISSIONER NOWGONG_IDA,2023-09-20,Action Pending,300000,Unsanctioned
MPLADS-042550,Gaurav Gogoi,Lok Sabha,Assam,KALIABOR,,,JURIA,Chatian,Normal/Others,NA - Construction of boundary walls of existing public and community buildings,DEPUTY COMMISSIONER NOWGONG_IDA,2023-09-20,Action Pending,300000,Unsanctioned
MPLADS-042551,Gaurav Gogoi,Lok Sabha,Assam,KALIABOR,,,JURIA,Singia Gaon,Normal/Others,NA - Construction of boundary walls of existing public and community buildings,DEPUTY COMMISSIONER NOWGONG_IDA,2023-09-20,Action Pending,300000,Unsanctioned
MPLADS-042552,Gaurav Gogoi,Lok Sabha,Assam,KALIABOR,,,JURIA,Lalung Gaon,Normal/Others,NA - Construction of community centers and community halls,DEPUTY COMMISSIONER NOWGONG_IDA,2023-09-20,Action Pending,400000,Unsanctioned
MPLADS-042553,Gaurav Gogoi,Lok Sabha,Assam,KALIABOR,,,JURIA,Godaimari Pathar,Normal/Others,NA - Construction of boundary walls of existing public and community buildings,DEPUTY COMMISSIONER NOWGONG_IDA,2023-09-20,Action Pending,300000,Unsanctioned
MPLADS-042903,Topon Kumar Gogoi,Lok Sabha,Assam,JORHAT,Jorhat,ward No-15,,,Normal/Others,NA - Construction of community centers and community halls,DEPUTY COMMISSIONER JORHAT_IDA,2023-09-19,Action Pending,500000,Unsanctioned
MPLADS-042904,Topon Kumar Gogoi,Lok Sabha,Assam,JORHAT,TeokTC,ward No-4,,,Normal/Others,WS/MP496/2023-2024/22973 - Construction of buildings for community cultural activities,DEPUTY COMMISSIONER JORHAT_IDA,2023-09-19,Approved by IDA,1000000,Unsanctioned
MPLADS-042905,Topon Kumar Gogoi,Lok Sabha,Assam,JORHAT,Jorhat,ward No-2,,,Normal/Others,WS/MP496/2023-2024/22971 - Construction of boundary walls of existing public and community buildings,DEPUTY COMMISSIONER JORHAT_IDA,2023-09-19,Approved by IDA,500000,Unsanctioned
MPLADS-042906,Topon Kumar Gogoi,Lok Sabha,Assam,JORHAT,,,JORHAT,Chekonidhara (CT),Normal/Others,NA - Construction of buildings for community cultural activities,DEPUTY COMMISSIONER JORHAT_IDA,2023-09-19,Action Pending,250000,Unsanctioned
MPLADS-042907,Topon Kumar Gogoi,Lok Sabha,Assam,JORHAT,,,JORHAT,Charaibahi Gaon,Normal/Others,NA - Construction of boundary walls of existing public and community buildings,DEPUTY COMMISSIONER JORHAT_IDA,2023-09-19,Action Pending,500000,Unsanctioned
MPLADS-042908,Topon Kumar Gogoi,Lok Sabha,Assam,JORHAT,Jorhat,Ward No-10,,,Normal/Others,"NA - Providing sports equipment, except consumable items",DEPUTY COMMISSIONER JORHAT_IDA,2023-09-19,Action Pending,300000,Unsanctioned
MPLADS-042909,Topon Kumar Gogoi,Lok Sabha,Assam,JORHAT,Jorhat,ward No-10,,,Normal/Others,"NA - Purchase of IT systems, including hardware and software for educational purposes",DEPUTY COMMISSIONER JORHAT_IDA,2023-09-19,Action Pending,500000,Unsanctioned
MPLADS-042910,Topon Kumar Gogoi,Lok Sabha,Assam,JORHAT,Jorhat,ward No-15,,,Normal/Others,NA - Construction of buildings for community cultural activities,DEPUTY COMMISSIONER JORHAT_IDA,2023-09-19,Action Pending,300000,Unsanctioned
MPLADS-042911,Topon Kumar Gogoi,Lok Sabha,Assam,JORHAT,Jorhat,ward No- 10,,,Normal/Others,NA - Construction of buildings for community cultural activities,DEPUTY COMMISSIONER JORHAT_IDA,2023-09-19,Action Pending,1000000,Unsanctioned
MPLADS-042912,Topon Kumar Gogoi,Lok Sabha,Assam,JORHAT,Jorhat,ward No-10,,,Normal/Others,NA - Construction of rooms and halls in school and colleges,DEPUTY COMMISSIONER JORHAT_IDA,2023-09-19,Action Pending,1000000,Unsanctioned
MPLADS-042913,Topon Kumar Gogoi,Lok Sabha,Assam,JORHAT,Jorhat,ward no-10,,,Normal/Others,NA - Construction of rooms and halls in school and colleges,DEPUTY COMMISSIONER JORHAT_IDA,2023-09-19,Action Pending,2000000,Unsanctioned
MPLADS-042914,Topon Kumar Gogoi,Lok Sabha,Assam,JORHAT,Jorhat,ward No-1,,,Normal/Others,NA - Construction of buildings for community cultural activities,DEPUTY COMMISSIONER JORHAT_IDA,2023-09-19,Action Pending,250000,Unsanctioned
MPLADS-042915,Topon Kumar Gogoi,Lok Sabha,Assam,JORHAT,Jorhat,ward No-1,,,Normal/Others,NA - Construction of buildings for community cultural activities,DEPUTY COMMISSIONER JORHAT_IDA,2023-09-19,Action Pending,250000,Unsanctioned
MPLADS-042916,Topon Kumar Gogoi,Lok Sabha,Assam,JORHAT,Jorhat,ward No-10,,,Normal/Others,NA - Construction of buildings for community cultural activities,DEPUTY COMMISSIONER JORHAT_IDA,2023-09-19,Action Pending,1000000,Unsanctioned
MPLADS-042918,Topon Kumar Gogoi,Lok Sabha,Assam,JORHAT,,,JORHAT EAST,Deogharia Gaon,Normal/Others,NA - Construction of buildings for community cultural activities,DEPUTY COMMISSIONER JORHAT_IDA,2023-09-19,Action Pending,250000,Unsanctioned
MPLADS-042932,Topon Kumar Gogoi,Lok Sabha,Assam,JORHAT,,,NORTH WEST JORHAT,Potia Gaon,Normal/Others,NA - Construction of additional rooms and halls in the existing public and community building,DEPUTY COMMISSIONER JORHAT_IDA,2023-09-19,Action Pending,1000000,Unsanctioned
MPLADS-042933,Topon Kumar Gogoi,Lok Sabha,Assam,JORHAT,Sonari,ward no-5,,,Normal/Others,WS/MP496/2023-2024/23097 - Construction of rooms and halls in school and colleges,Deputy Commissioner Charaideo_IDA,2023-09-19,Approved by IDA,500000,Unsanctioned
MPLADS-042950,Topon Kumar Gogoi,Lok Sabha,Assam,JORHAT,Sonari,ward No-14,,,Normal/Others,WS/MP496/2023-2024/23099 - Construction of buildings for community cultural activities,Deputy Commissioner Charaideo_IDA,2023-09-19,Approved by IDA,250000,Unsanctioned
MPLADS-042953,Topon Kumar Gogoi,Lok Sabha,Assam,JORHAT,,,LAKUWA,Naharhabi Grant No.83,Normal/Others,WS/MP496/2023-2024/23142 - Construction of buildings for community cultural activities,Deputy Commissioner Charaideo_IDA,2023-09-19,Approved by IDA,300000,Unsanctioned
MPLADS-042954,Pradan Baruah,Lok Sabha,Assam,LAKHIMPUR,,,DHAKUAKHANA,Deolia Gobindapur,Normal/Others,"NA - Purchase of IT systems, including hardware and software for educational purposes",DEPUTY COMMISSIONER LAKHIMPUR_IDA,2023-09-19,Action Pending,500000,Unsanctioned
MPLADS-042955,Pradan Baruah,Lok Sabha,Assam,LAKHIMPUR,,,NOWBOICHA,Rahali Gaon,Normal/Others,NA - Construction of community centers and community halls,DEPUTY COMMISSIONER LAKHIMPUR_IDA,2023-09-19,Action Pending,250000,Unsanctioned
MPLADS-042956,Pradan Baruah,Lok Sabha,Assam,LAKHIMPUR,,,NOWBOICHA,Lothow Pathar,Normal/Others,WS/MP410/2023-2024/23104 - Construction of community centers and community halls,DEPUTY COMMISSIONER LAKHIMPUR_IDA,2023-09-19,Approved by IDA,250000,Unsanctioned
MPLADS-042960,Pradan Baruah,Lok Sabha,Assam,LAKHIMPUR,,,NOWBOICHA,Bilotia Gaon,Normal/Others,NA - Construction of community centers and community halls,DEPUTY COMMISSIONER LAKHIMPUR_IDA,2023-09-19,Action Pending,250000,Unsanctioned
MPLADS-042961,Pradan Baruah,Lok Sabha,Assam,LAKHIMPUR,,,NOWBOICHA,Gopalpur,Normal/Others,WS/MP410/2023-2024/23102 - Construction of community centers and community halls,DEPUTY COMMISSIONER LAKHIMPUR_IDA,2023-09-19,Approved by IDA,250000,Unsanctioned
MPLADS-042962,Pradan Baruah,Lok Sabha,Assam,LAKHIMPUR,,,NOWBOICHA,Solmaria,Normal/Others,WS/MP410/2023-2024/23101 - Construction of community centers and community halls,DEPUTY COMMISSIONER LAKHIMPUR_IDA,2023-09-19,Approved by IDA,250000,Unsanctioned
MPLADS-042963,Pradan Baruah,Lok Sabha,Assam,LAKHIMPUR,,,NOWBOICHA,No.1 Pukhuri Paria,Normal/Others,NA - Construction of community centers and community halls,DEPUTY COMMISSIONER LAKHIMPUR_IDA,2023-09-19,Action Pending,200000,Unsanctioned
MPLADS-043051,Shri Abdul Khaleque ,Lok Sabha,Assam,BARPETA,,,RUPOSHI,Barbhitha,Normal/Others,"NA - Construction of roads, approach roads, link roads and pathways",DEPUTY COMMISSIONER BARPETA_IDA,2023-09-18,Action Pending,500000,Unsanctioned
MPLADS-043052,Shri Abdul Khaleque ,Lok Sabha,Assam,BARPETA,,,TAPATTARY,Rangapani,Normal/Others,NA - Construction of additional rooms and halls in the existing public and community building,Deputy Commissioner Bongaigaon_IDA,2023-09-18,Action Pending,500000,Unsanctioned
MPLADS-043053,Kripanath Mallah,Lok Sabha,Assam,KARIMGANJ (SC),,,LALA,Aynakhal,Normal/Others,NA - Construction of community centers and community halls,Deputy Commissioner Hailakandi_IDA,2023-09-18,Action Pending,1000000,Unsanctioned
MPLADS-043054,Kripanath Mallah,Lok Sabha,Assam,KARIMGANJ (SC),,,SOUTH KARIMGANJ,Ayalabari T.E.,Normal/Others,WS/MP540/2023-2024/22643 - Purchase of non-conventional energy system and devices for community use,DEPUTY COMMISSIONER KARIM GANJ_IDA,2023-09-18,Approved by IDA,1560000,Sanctioned
MPLADS-043055,Kripanath Mallah,Lok Sabha,Assam,KARIMGANJ (SC),,,RAMKRISHNA NAGAR,Harinagar Pt I,Normal/Others,WS/MP540/2023-2024/22642 - Purchase of non-conventional energy system and devices for community use,DEPUTY COMMISSIONER KARIM GANJ_IDA,2023-09-18,Approved by IDA,1560000,Sanctioned
MPLADS-043056,Kripanath Mallah,Lok Sabha,Assam,KARIMGANJ (SC),,,PATHARKANDI,Champabari Grant,Normal/Others,WS/MP540/2023-2024/22619 - Purchase of non-conventional energy system and devices for community use,DEPUTY COMMISSIONER KARIM GANJ_IDA,2023-09-18,Approved by IDA,1560000,Sanctioned
MPLADS-043057,Kripanath Mallah,Lok Sabha,Assam,KARIMGANJ (SC),,,NORTH KARIMGANJ,Ramanikrishna T.E.,Normal/Others,WS/MP540/2023-2024/22618 - Purchase of non-conventional energy system and devices for community use,DEPUTY COMMISSIONER KARIM GANJ_IDA,2023-09-18,Approved by IDA,1560000,Sanctioned
MPLADS-043058,Kripanath Mallah,Lok Sabha,Assam,KARIMGANJ (SC),,,LOWAIRPOA,Bhubrighat T.E.,Normal/Others,WS/MP540/2023-2024/22567 - Purchase of non-conventional energy system and devices for community use,DEPUTY COMMISSIONER KARIM GANJ_IDA,2023-09-18,Approved by IDA,1560000,Sanctioned
MPLADS-043059,Kripanath Mallah,Lok Sabha,Assam,KARIMGANJ (SC),,,DULLAVCHERRA,Bidyanagar T.E. Pt III,Normal/Others,WS/MP540/2023-2024/22556 - Purchase of non-conventional energy system and devices for community use,DEPUTY COMMISSIONER KARIM GANJ_IDA,2023-09-18,Approved by IDA,1944000,Sanctioned
MPLADS-043060,Kripanath Mallah,Lok Sabha,Assam,KARIMGANJ (SC),,,BADARPUR,Bargool,Normal/Others,WS/MP540/2023-2024/22554 - Purchase of non-conventional energy system and devices for community use,DEPUTY COMMISSIONER KARIM GANJ_IDA,2023-09-18,Approved by IDA,1560000,Sanctioned
MPLADS-043061,Kripanath Mallah,Lok Sabha,Assam,KARIMGANJ (SC),,,KATLICHERRA,Katlicherra Grant,Normal/Others,WS/MP540/2023-2024/22491 - Street lights,Deputy Commissioner Hailakandi_IDA,2023-09-18,Approved by IDA,1608760,Sanctioned
MPLADS-043062,Kripanath Mallah,Lok Sabha,Assam,KARIMGANJ (SC),,,HAILAKANDI,Kanchanpur Grant,Normal/Others,WS/MP540/2023-2024/22490 - Street lights,Deputy Commissioner Hailakandi_IDA,2023-09-18,Approved by IDA,1608760,Sanctioned
MPLADS-043063,Kripanath Mallah,Lok Sabha,Assam,KARIMGANJ (SC),,,ALGAPUR,Algapur Pt I,Normal/Others,WS/MP540/2023-2024/22481 - Street lights,Deputy Commissioner Hailakandi_IDA,2023-09-18,Approved by IDA,1608760,Sanctioned
MPLADS-043085,Shri Abdul Khaleque ,Lok Sabha,Assam,BARPETA,,,TAPATTARY,Bhadaipara,Normal/Others,NA - Construction of community centers and community halls,Deputy Commissioner Bongaigaon_IDA,2023-09-18,Action Pending,500000,Unsanctioned
MPLADS-043086,Shri Abdul Khaleque ,Lok Sabha,Assam,BARPETA,,,MANDIA,Chapra,Normal/Others,NA - Crematoriums or structures on burial/ cremation ground for public convenience,DEPUTY COMMISSIONER BARPETA_IDA,2023-09-18,Action Pending,400000,Unsanctioned
MPLADS-043743,Topon Kumar Gogoi,Lok Sabha,Assam,JORHAT,,,NORTH WEST JORHAT,Mout Gaon,Normal/Others,NA - Construction of buildings for community cultural activities,DEPUTY COMMISSIONER JORHAT_IDA,2023-09-16,Action Pending,250000,Unsanctioned
MPLADS-043807,Topon Kumar Gogoi,Lok Sabha,Assam,JORHAT,,,KALIAPANI,Nowboisa Gaon,Normal/Others,NA - Construction of buildings for community cultural activities,DEPUTY COMMISSIONER JORHAT_IDA,2023-09-16,Action Pending,500000,Unsanctioned
MPLADS-043973,Topon Kumar Gogoi,Lok Sabha,Assam,JORHAT,,,WEST ABHAIPUR,Suffry Grant,Normal/Others,NA - Construction of public libraries and reading rooms,Deputy Commissioner Charaideo_IDA,2023-09-16,Action Pending,250000,Unsanctioned
MPLADS-043974,Topon Kumar Gogoi,Lok Sabha,Assam,JORHAT,,,GAURISAGAR,Haluwa Bhakot,Normal/Others,WS/MP496/2023-2024/21427 - Construction of community centers and community halls,Deputy Commissioner Sivsagar_IDA,2023-09-16,Approved by IDA,300000,Unsanctioned
MPLADS-043975,Topon Kumar Gogoi,Lok Sabha,Assam,JORHAT,,,GAURISAGAR,Dicial Gaon,Normal/Others,WS/MP496/2023-2024/21446 - Construction of community centers and community halls,Deputy Commissioner Sivsagar_IDA,2023-09-16,Approved by IDA,1000000,Unsanctioned
MPLADS-043976,Topon Kumar Gogoi,Lok Sabha,Assam,JORHAT,,,GAURISAGAR,Salaguri,Normal/Others,NA - Construction of rooms and halls in school and colleges,Deputy Commissioner Sivsagar_IDA,2023-09-16,Action Pending,1000000,Unsanctioned
MPLADS-043977,Topon Kumar Gogoi,Lok Sabha,Assam,JORHAT,,,DEMOW,Amulaguri Bagisa,Normal/Others,WS/MP496/2023-2024/21454 - Construction of community centers and community halls,Deputy Commissioner Sivsagar_IDA,2023-09-16,Approved by IDA,500000,Unsanctioned
MPLADS-043978,Topon Kumar Gogoi,Lok Sabha,Assam,JORHAT,,,DEMOW,Rajabari,Normal/Others,WS/MP496/2023-2024/21481 - Construction of buildings for training institutions,Deputy Commissioner Sivsagar_IDA,2023-09-16,Approved by IDA,500000,Unsanctioned
MPLADS-043979,Topon Kumar Gogoi,Lok Sabha,Assam,JORHAT,,,SIVASAGAR,Borpatra Gohain,Normal/Others,NA - Construction of community centers and community halls,Deputy Commissioner Sivsagar_IDA,2023-09-16,Action Pending,500000,Unsanctioned
MPLADS-043980,Topon Kumar Gogoi,Lok Sabha,Assam,JORHAT,,,SIVASAGAR,Merbill,Normal/Others,NA - Construction of buildings for community cultural activities,Deputy Commissioner Sivsagar_IDA,2023-09-16,Action Pending,500000,Unsanctioned
MPLADS-043981,Topon Kumar Gogoi,Lok Sabha,Assam,JORHAT,,,SIVASAGAR,Bailung Pathar,Normal/Others,NA - Construction of buildings for community cultural activities,Deputy Commissioner Sivsagar_IDA,2023-09-16,Action Pending,500000,Unsanctioned
MPLADS-043982,Topon Kumar Gogoi,Lok Sabha,Assam,JORHAT,,,SIVASAGAR,Kowamora Hondique,Normal/Others,NA - Construction of community centers and community halls,Deputy Commissioner Sivsagar_IDA,2023-09-16,Action Pending,250000,Unsanctioned
MPLADS-043983,Topon Kumar Gogoi,Lok Sabha,Assam,JORHAT,,,SIVASAGAR,Gohain Gaon,Normal/Others,WS/MP496/2023-2024/21581 - Construction of public libraries and reading rooms,Deputy Commissioner Sivsagar_IDA,2023-09-16,Approved by IDA,500000,Unsanctioned
MPLADS-043984,Topon Kumar Gogoi,Lok Sabha,Assam,JORHAT,,,SIVASAGAR,Sungia,Normal/Others,WS/MP496/2023-2024/21582 - Construction of rooms and halls in school and colleges,Deputy Commissioner Sivsagar_IDA,2023-09-16,Approved by IDA,500000,Unsanctioned
MPLADS-043985,Topon Kumar Gogoi,Lok Sabha,Assam,JORHAT,,,SIVASAGAR,Gohain Gaon,Normal/Others,NA - Construction of rooms and halls in school and colleges,Deputy Commissioner Sivsagar_IDA,2023-09-16,Action Pending,500000,Unsanctioned
MPLADS-043986,Topon Kumar Gogoi,Lok Sabha,Assam,JORHAT,,,SIVASAGAR,Moiramora Handique,Normal/Others,WS/MP496/2023-2024/21587 - Construction of rooms and halls in school and colleges,Deputy Commissioner Sivsagar_IDA,2023-09-16,Approved by IDA,500000,Unsanctioned
MPLADS-043987,Topon Kumar Gogoi,Lok Sabha,Assam,JORHAT,,,SIVASAGAR,Bhajoni,Normal/Others,WS/MP496/2023-2024/21588 - Construction of rooms and halls in school and colleges,Deputy Commissioner Sivsagar_IDA,2023-09-16,Approved by IDA,500000,Unsanctioned
MPLADS-043988,Topon Kumar Gogoi,Lok Sabha,Assam,JORHAT,,,KALIAPANI,Tamuli Gaon,Normal/Others,WS/MP496/2023-2024/21712 - Construction of community centers and community halls,DEPUTY COMMISSIONER JORHAT_IDA,2023-09-16,Approved by IDA,1000000,Unsanctioned
MPLADS-043989,Topon Kumar Gogoi,Lok Sabha,Assam,JORHAT,Titabor Town,Ward no 4,,,Normal/Others,NA - Construction of buildings for community cultural activities,DEPUTY COMMISSIONER JORHAT_IDA,2023-09-16,Action Pending,300000,Unsanctioned
MPLADS-043990,Topon Kumar Gogoi,Lok Sabha,Assam,JORHAT,Titabor Town,Ward no 6,,,Normal/Others,WS/MP496/2023-2024/21930 - Construction of community centers and community halls,DEPUTY COMMISSIONER JORHAT_IDA,2023-09-16,Approved by IDA,1000000,Unsanctioned
MPLADS-043991,Topon Kumar Gogoi,Lok Sabha,Assam,JORHAT,,,GAURISAGAR,Telia Dunga,Normal/Others,WS/MP496/2023-2024/21414 - Construction of community centers and community halls,Deputy Commissioner Sivsagar_IDA,2023-09-16,Approved by IDA,700000,Unsanctioned
MPLADS-043992,Topon Kumar Gogoi,Lok Sabha,Assam,JORHAT,,,GAURISAGAR,Motha Dang,Normal/Others,WS/MP496/2023-2024/21408 - Construction of community centers and community halls,Deputy Commissioner Sivsagar_IDA,2023-09-16,Approved by IDA,1000000,Unsanctioned
MPLADS-043993,Topon Kumar Gogoi,Lok Sabha,Assam,JORHAT,Sibsagar,Sibsagar,,,Normal/Others,NA - Street lights,Deputy Commissioner Sivsagar_IDA,2023-09-16,Rejected by IDA,4400000,Unsanctioned
MPLADS-043994,Topon Kumar Gogoi,Lok Sabha,Assam,JORHAT,,,NAZIRA,Kopohua,Normal/Others,WS/MP496/2023-2024/21378 - Construction of buildings for community cultural activities,Deputy Commissioner Sivsagar_IDA,2023-09-16,Approved by IDA,250000,Unsanctioned
MPLADS-043997,Topon Kumar Gogoi,Lok Sabha,Assam,JORHAT,,,NAZIRA,Lahon Gaon,Normal/Others,WS/MP496/2023-2024/21368 - Construction of buildings for community cultural activities,Deputy Commissioner Sivsagar_IDA,2023-09-16,Approved by IDA,250000,Unsanctioned
MPLADS-043998,Topon Kumar Gogoi,Lok Sabha,Assam,JORHAT,,,NAZIRA,Lahon Gaon,Normal/Others,WS/MP496/2023-2024/21371 - Construction of buildings for community cultural activities,Deputy Commissioner Sivsagar_IDA,2023-09-16,Approved by IDA,250000,Unsanctioned
MPLADS-043999,Topon Kumar Gogoi,Lok Sabha,Assam,JORHAT,,,NAZIRA,Hudupora,Normal/Others,NA - Construction of buildings for community cultural activities,Deputy Commissioner Sivsagar_IDA,2023-09-16,Action Pending,250000,Unsanctioned
MPLADS-044000,Topon Kumar Gogoi,Lok Sabha,Assam,JORHAT,,,NAZIRA,Pohuchungi Deodhai,Normal/Others,WS/MP496/2023-2024/21374 - Construction of buildings for community cultural activities,Deputy Commissioner Sivsagar_IDA,2023-09-16,Approved by IDA,250000,Unsanctioned
MPLADS-044001,Topon Kumar Gogoi,Lok Sabha,Assam,JORHAT,,,NAZIRA,Bogdoi,Normal/Others,WS/MP496/2023-2024/21376 - Construction of buildings for community cultural activities,Deputy Commissioner Sivsagar_IDA,2023-09-16,Approved by IDA,250000,Unsanctioned
MPLADS-044002,Topon Kumar Gogoi,Lok Sabha,Assam,JORHAT,,,NAZIRA,Hulang Katoni,Normal/Others,WS/MP496/2023-2024/21380 - Construction of buildings for community cultural activities,Deputy Commissioner Sivsagar_IDA,2023-09-16,Approved by IDA,250000,Unsanctioned
MPLADS-044003,Topon Kumar Gogoi,Lok Sabha,Assam,JORHAT,Nazira,Ward -4,,,Normal/Others,WS/MP496/2023-2024/21395 - Construction of buildings for community cultural activities,Deputy Commissioner Sivsagar_IDA,2023-09-16,Approved by IDA,600000,Unsanctioned
MPLADS-044004,Topon Kumar Gogoi,Lok Sabha,Assam,JORHAT,,,NAZIRA,Hatsoi Grant -II,Normal/Others,NA - Construction of buildings for community cultural activities,Deputy Commissioner Sivsagar_IDA,2023-09-16,Action Pending,250000,Unsanctioned
MPLADS-044005,Topon Kumar Gogoi,Lok Sabha,Assam,JORHAT,,,NAZIRA,Mothia Chiga Gohain,Normal/Others,WS/MP496/2023-2024/21384 - Construction of rooms and halls in school and colleges,Deputy Commissioner Sivsagar_IDA,2023-09-16,Approved by IDA,1000000,Unsanctioned
MPLADS-044006,Topon Kumar Gogoi,Lok Sabha,Assam,JORHAT,,,NAZIRA,Deogharia Duwarah,Normal/Others,WS/MP496/2023-2024/21386 - Construction of buildings for community cultural activities,Deputy Commissioner Sivsagar_IDA,2023-09-16,Approved by IDA,400000,Unsanctioned
MPLADS-044007,Topon Kumar Gogoi,Lok Sabha,Assam,JORHAT,,,NAZIRA,Lengibor Grant,Normal/Others,WS/MP496/2023-2024/21388 - Construction of buildings for community cultural activities,Deputy Commissioner Sivsagar_IDA,2023-09-16,Approved by IDA,250000,Unsanctioned
MPLADS-044008,Topon Kumar Gogoi,Lok Sabha,Assam,JORHAT,,,NAZIRA,Geleki Grant No.1,Normal/Others,NA - Construction of buildings for community cultural activities,Deputy Commissioner Sivsagar_IDA,2023-09-16,Action Pending,250000,Unsanctioned
MPLADS-044009,Topon Kumar Gogoi,Lok Sabha,Assam,JORHAT,,,NAZIRA,Hatsoi Grant-I,Normal/Others,NA - Construction of community centers and community halls,Deputy Commissioner Sivsagar_IDA,2023-09-16,Action Pending,250000,Unsanctioned
MPLADS-044010,Topon Kumar Gogoi,Lok Sabha,Assam,JORHAT,,,NAZIRA,Bihubor Grant,Normal/Others,NA - Construction of community centers and community halls,Deputy Commissioner Sivsagar_IDA,2023-09-16,Action Pending,250000,Unsanctioned
MPLADS-044011,Topon Kumar Gogoi,Lok Sabha,Assam,JORHAT,Mariani,Ward no.6,,,Normal/Others,NA - Construction of rooms and halls in school and colleges,DEPUTY COMMISSIONER JORHAT_IDA,2023-09-16,Action Pending,1000000,Unsanctioned
MPLADS-044012,Topon Kumar Gogoi,Lok Sabha,Assam,JORHAT,,,LAKUWA,Mothura Pur Jungle,Normal/Others,WS/MP496/2023-2024/21927 - Construction of community centers and community halls,Deputy Commissioner Charaideo_IDA,2023-09-16,Approved by IDA,250000,Unsanctioned
MPLADS-044014,Topon Kumar Gogoi,Lok Sabha,Assam,JORHAT,,,LAKUWA,Bheloguri Dubi Lakwa Chah Bagicha,Normal/Others,WS/MP496/2023-2024/21926 - Construction of public libraries and reading rooms,Deputy Commissioner Charaideo_IDA,2023-09-16,Approved by IDA,250000,Unsanctioned
MPLADS-044015,Topon Kumar Gogoi,Lok Sabha,Assam,JORHAT,,,TITABOR,Khariakatia Gaon,Normal/Others,NA - Construction of rooms and halls in school and colleges,DEPUTY COMMISSIONER JORHAT_IDA,2023-09-16,Action Pending,500000,Unsanctioned
MPLADS-044016,Topon Kumar Gogoi,Lok Sabha,Assam,JORHAT,,,TITABOR,Adhalkata Gaon (Adhalkatia),Normal/Others,NA - Construction of community centers and community halls,DEPUTY COMMISSIONER JORHAT_IDA,2023-09-16,Action Pending,1000000,Unsanctioned
MPLADS-044017,Topon Kumar Gogoi,Lok Sabha,Assam,JORHAT,,,TITABOR,Turung Gaon,Normal/Others,NA - Construction of community centers and community halls,DEPUTY COMMISSIONER JORHAT_IDA,2023-09-16,Action Pending,500000,Unsanctioned
MPLADS-044018,Topon Kumar Gogoi,Lok Sabha,Assam,JORHAT,,,TITABOR,No.3 Block,Normal/Others,NA - Construction of additional rooms and halls in the existing public and community building,DEPUTY COMMISSIONER JORHAT_IDA,2023-09-16,Action Pending,500000,Unsanctioned
MPLADS-044019,Topon Kumar Gogoi,Lok Sabha,Assam,JORHAT,,,JORHAT EAST,Balijan Grant,Normal/Others,WS/MP496/2023-2024/21767 - Construction of rooms and halls in school and colleges,DEPUTY COMMISSIONER JORHAT_IDA,2023-09-16,Approved by IDA,1000000,Unsanctioned
MPLADS-044020,Topon Kumar Gogoi,Lok Sabha,Assam,JORHAT,,,JORHAT EAST,Balijan Grant,Normal/Others,WS/MP496/2023-2024/21766 - Construction of rooms and halls in school and colleges,DEPUTY COMMISSIONER JORHAT_IDA,2023-09-16,Approved by IDA,500000,Unsanctioned
MPLADS-044021,Topon Kumar Gogoi,Lok Sabha,Assam,JORHAT,,,JORHAT EAST,Khathalboria Gaon,Normal/Others,WS/MP496/2023-2024/21764 - Construction of community centers and community halls,DEPUTY COMMISSIONER JORHAT_IDA,2023-09-16,Approved by IDA,500000,Unsanctioned
MPLADS-044022,Topon Kumar Gogoi,Lok Sabha,Assam,JORHAT,,,JORHAT CENTRAL,Hatichungi,Normal/Others,NA - Construction of community centers and community halls,DEPUTY COMMISSIONER JORHAT_IDA,2023-09-16,Action Pending,500000,Unsanctioned
MPLADS-044023,Topon Kumar Gogoi,Lok Sabha,Assam,JORHAT,,,JORHAT CENTRAL,Borkhalia Gaon,Normal/Others,NA - Construction of buildings for community cultural activities,DEPUTY COMMISSIONER JORHAT_IDA,2023-09-16,Action Pending,500000,Unsanctioned
MPLADS-044024,Topon Kumar Gogoi,Lok Sabha,Assam,JORHAT,,,JORHAT CENTRAL,Arandhara Gaon,Normal/Others,WS/MP496/2023-2024/21747 - Construction of buildings for community cultural activities,DEPUTY COMMISSIONER JORHAT_IDA,2023-09-16,Approved by IDA,500000,Unsanctioned
MPLADS-044025,Topon Kumar Gogoi,Lok Sabha,Assam,JORHAT,,,JORHAT CENTRAL,Kopora Dhora Gaon,Normal/Others,NA - Construction of community centers and community halls,DEPUTY COMMISSIONER JORHAT_IDA,2023-09-16,Action Pending,300000,Unsanctioned
MPLADS-044026,Topon Kumar Gogoi,Lok Sabha,Assam,JORHAT,,,JORHAT CENTRAL,Chowtang Gaon,Normal/Others,NA - Construction of community centers and community halls,DEPUTY COMMISSIONER JORHAT_IDA,2023-09-16,Action Pending,500000,Unsanctioned
MPLADS-044027,Topon Kumar Gogoi,Lok Sabha,Assam,JORHAT,,,JORHAT CENTRAL,Bali Chapari Gaon,Normal/Others,WS/MP496/2023-2024/21733 - Construction of community centers and community halls,DEPUTY COMMISSIONER JORHAT_IDA,2023-09-16,Approved by IDA,500000,Unsanctioned
MPLADS-044028,Topon Kumar Gogoi,Lok Sabha,Assam,JORHAT,,,JORHAT CENTRAL,Somar Gaon,Normal/Others,NA - Construction of community centers and community halls,DEPUTY COMMISSIONER JORHAT_IDA,2023-09-16,Action Pending,1000000,Unsanctioned
MPLADS-044029,Topon Kumar Gogoi,Lok Sabha,Assam,JORHAT,,,NORTH WEST JORHAT,Dahikhor Gaon,Normal/Others,NA - Construction of buildings for community cultural activities,DEPUTY COMMISSIONER JORHAT_IDA,2023-09-16,Action Pending,300000,Unsanctioned
MPLADS-044030,Topon Kumar Gogoi,Lok Sabha,Assam,JORHAT,,,NORTH WEST JORHAT,No.2 Bamun Gaon,Normal/Others,NA - Construction of community centers and community halls,DEPUTY COMMISSIONER JORHAT_IDA,2023-09-16,Action Pending,250000,Unsanctioned
MPLADS-044031,Topon Kumar Gogoi,Lok Sabha,Assam,JORHAT,,,NORTH WEST JORHAT,Naubaisa Goan (CT),Normal/Others,NA - Construction of rooms and halls in school and colleges,DEPUTY COMMISSIONER JORHAT_IDA,2023-09-16,Action Pending,700000,Unsanctioned
MPLADS-044032,Topon Kumar Gogoi,Lok Sabha,Assam,JORHAT,,,JORHAT,Toklai Cha Bagicha (OG),Normal/Others,NA - Construction of rooms and halls in school and colleges,DEPUTY COMMISSIONER JORHAT_IDA,2023-09-16,Action Pending,1000000,Unsanctioned
MPLADS-044033,Topon Kumar Gogoi,Lok Sabha,Assam,JORHAT,,,JORHAT,Naharbari Grant,Normal/Others,NA - Construction of community centers and community halls,DEPUTY COMMISSIONER JORHAT_IDA,2023-09-16,Action Pending,500000,Unsanctioned
MPLADS-044034,Topon Kumar Gogoi,Lok Sabha,Assam,JORHAT,,,JORHAT,Borsaykata Grant,Normal/Others,NA - Construction of community centers and community halls,DEPUTY COMMISSIONER JORHAT_IDA,2023-09-16,Action Pending,500000,Unsanctioned
MPLADS-044035,Topon Kumar Gogoi,Lok Sabha,Assam,JORHAT,,,SAPEKHATI,Borhat Habi Gaon,Normal/Others,NA - Construction of community centers and community halls,Deputy Commissioner Charaideo_IDA,2023-09-16,Action Pending,250000,Unsanctioned
MPLADS-044036,Topon Kumar Gogoi,Lok Sabha,Assam,JORHAT,,,SONARI,Domar Dolong Gaon,Normal/Others,WS/MP496/2023-2024/21925 - Construction of public libraries and reading rooms,Deputy Commissioner Charaideo_IDA,2023-09-16,Approved by IDA,250000,Unsanctioned
MPLADS-044037,Topon Kumar Gogoi,Lok Sabha,Assam,JORHAT,,,SONARI,No.2 Singarijan T.E,Normal/Others,WS/MP496/2023-2024/21920 - Construction of public libraries and reading rooms,Deputy Commissioner Charaideo_IDA,2023-09-16,Approved by IDA,250000,Unsanctioned
MPLADS-044038,Topon Kumar Gogoi,Lok Sabha,Assam,JORHAT,,,SONARI,Barbhuyan Gaon,Normal/Others,WS/MP496/2023-2024/21919 - Construction of rooms and halls in school and colleges,Deputy Commissioner Charaideo_IDA,2023-09-16,Approved by IDA,500000,Unsanctioned
MPLADS-044039,Topon Kumar Gogoi,Lok Sabha,Assam,JORHAT,,,SONARI,Sepon (CT),Normal/Others,WS/MP496/2023-2024/21918 - Construction of community centers and community halls,Deputy Commissioner Charaideo_IDA,2023-09-16,Approved by IDA,500000,Unsanctioned
MPLADS-044040,Topon Kumar Gogoi,Lok Sabha,Assam,JORHAT,,,SAPEKHATI,Kathia Khunda No.1,Normal/Others,NA - Construction of rooms and halls in school and colleges,Deputy Commissioner Charaideo_IDA,2023-09-16,Action Pending,1000000,Unsanctioned
MPLADS-044041,Topon Kumar Gogoi,Lok Sabha,Assam,JORHAT,,,SAPEKHATI,Longpotia Habi Gaon,Normal/Others,WS/MP496/2023-2024/21916 - Construction of rooms and halls in school and colleges,Deputy Commissioner Charaideo_IDA,2023-09-16,Approved by IDA,500000,Unsanctioned
MPLADS-044042,Topon Kumar Gogoi,Lok Sabha,Assam,JORHAT,,,SAPEKHATI,Kala Kata Gaon,Normal/Others,WS/MP496/2023-2024/21914 - Construction of community centers and community halls,Deputy Commissioner Charaideo_IDA,2023-09-16,Approved by IDA,250000,Unsanctioned
MPLADS-044043,Topon Kumar Gogoi,Lok Sabha,Assam,JORHAT,Jorhat,Jorhat,,,Normal/Others,NA - Street lights,DEPUTY COMMISSIONER JORHAT_IDA,2023-09-16,Rejected by IDA,4400000,Unsanctioned
MPLADS-044044,Topon Kumar Gogoi,Lok Sabha,Assam,JORHAT,,,JORHAT,Lojonia Gaon (Lojmia Gaon),Normal/Others,NA - Construction of community centers and community halls,DEPUTY COMMISSIONER JORHAT_IDA,2023-09-16,Action Pending,300000,Unsanctioned
MPLADS-044045,Topon Kumar Gogoi,Lok Sabha,Assam,JORHAT,,,JORHAT,Kumar Hazarika Gaon,Normal/Others,NA - Construction of community centers and community halls,DEPUTY COMMISSIONER JORHAT_IDA,2023-09-16,Action Pending,400000,Unsanctioned
MPLADS-044046,Topon Kumar Gogoi,Lok Sabha,Assam,JORHAT,,,JORHAT,Atapam Gaon,Normal/Others,NA - Construction of community centers and community halls,DEPUTY COMMISSIONER JORHAT_IDA,2023-09-16,Action Pending,500000,Unsanctioned
MPLADS-044047,Topon Kumar Gogoi,Lok Sabha,Assam,JORHAT,,,JORHAT,Bajal Bari Gaon,Normal/Others,NA - Construction of community centers and community halls,DEPUTY COMMISSIONER JORHAT_IDA,2023-09-16,Action Pending,500000,Unsanctioned
MPLADS-044048,Topon Kumar Gogoi,Lok Sabha,Assam,JORHAT,,,JORHAT,Chowdang No.1 (OG),Normal/Others,NA - Construction of community centers and community halls,DEPUTY COMMISSIONER JORHAT_IDA,2023-09-16,Action Pending,250000,Unsanctioned
MPLADS-044049,Topon Kumar Gogoi,Lok Sabha,Assam,JORHAT,,,JORHAT,Majgaon (Majgayan Gaon),Normal/Others,NA - Construction of community centers and community halls,DEPUTY COMMISSIONER JORHAT_IDA,2023-09-16,Action Pending,250000,Unsanctioned
MPLADS-044050,Topon Kumar Gogoi,Lok Sabha,Assam,JORHAT,,,JORHAT,Nowsalia Gaon,Normal/Others,NA - Construction of buildings for sports facilities,DEPUTY COMMISSIONER JORHAT_IDA,2023-09-16,Action Pending,500000,Unsanctioned
MPLADS-044051,Topon Kumar Gogoi,Lok Sabha,Assam,JORHAT,,,JORHAT,Baghmoria,Normal/Others,NA - Construction of community centers and community halls,DEPUTY COMMISSIONER JORHAT_IDA,2023-09-16,Action Pending,300000,Unsanctioned
MPLADS-044504,Topon Kumar Gogoi,Lok Sabha,Assam,JORHAT,,,NAZIRA,Hulang Katoni,Normal/Others,NA - Construction of rooms and halls in school and colleges,Deputy Commissioner Sivsagar_IDA,2023-09-15,Action Pending,500000,Unsanctioned
MPLADS-044535,Topon Kumar Gogoi,Lok Sabha,Assam,JORHAT,,,GAURISAGAR,Tepor,Normal/Others,WS/MP496/2023-2024/20491 - Construction of buildings for community cultural activities,Deputy Commissioner Sivsagar_IDA,2023-09-15,Approved by IDA,1000000,Sanctioned
MPLADS-044536,Topon Kumar Gogoi,Lok Sabha,Assam,JORHAT,,,GAURISAGAR,Phukan Phadia,Normal/Others,WS/MP496/2023-2024/20486 - Construction of additional rooms and halls in the existing public and community building,Deputy Commissioner Sivsagar_IDA,2023-09-15,Approved by IDA,500000,Unsanctioned
MPLADS-044619,Topon Kumar Gogoi,Lok Sabha,Assam,JORHAT,,,NAZIRA,Geleki Jungle,Normal/Others,NA - Construction of rooms and halls in school and colleges,Deputy Commissioner Sivsagar_IDA,2023-09-15,Rejected by IDA,500000,Unsanctioned
MPLADS-044620,Topon Kumar Gogoi,Lok Sabha,Assam,JORHAT,,,GAURISAGAR,Bez Gaon,Normal/Others,WS/MP496/2023-2024/20666 - Construction of rooms and halls in school and colleges,Deputy Commissioner Sivsagar_IDA,2023-09-15,Approved by IDA,500000,Unsanctioned
MPLADS-044621,Topon Kumar Gogoi,Lok Sabha,Assam,JORHAT,,,DEMOW,Rajmai Grant,Normal/Others,WS/MP496/2023-2024/20734 - Construction of buildings for community cultural activities,Deputy Commissioner Sivsagar_IDA,2023-09-15,Approved by IDA,500000,Unsanctioned
MPLADS-044622,Shri Abdul Khaleque ,Lok Sabha,Assam,BARPETA,,,RUPOSHI,Aditpur,Normal/Others,"NA - Construction of roads, approach roads, link roads and pathways",DEPUTY COMMISSIONER BARPETA_IDA,2023-09-15,Action Pending,500000,Unsanctioned
MPLADS-044629,Shri Abdul Khaleque ,Lok Sabha,Assam,BARPETA,,,MANDIA,Saora Pathar,Normal/Others,"NA - Construction of roads, approach roads, link roads and pathways",DEPUTY COMMISSIONER BARPETA_IDA,2023-09-15,Action Pending,400000,Unsanctioned
MPLADS-044630,Shri Abdul Khaleque ,Lok Sabha,Assam,BARPETA,,,BARPETA,Kathlijar,Normal/Others,"NA - Construction of roads, approach roads, link roads and pathways",DEPUTY COMMISSIONER BARPETA_IDA,2023-09-15,Action Pending,500000,Unsanctioned
MPLADS-044631,Shri Abdul Khaleque ,Lok Sabha,Assam,BARPETA,,,MANDIA,Ramapara Pam,Normal/Others,NA - Construction of culverts and bridges,DEPUTY COMMISSIONER BARPETA_IDA,2023-09-15,Action Pending,500000,Unsanctioned
MPLADS-044632,Shri Abdul Khaleque ,Lok Sabha,Assam,BARPETA,,,GOMAPHULBARI,Marisakandi N.C.,Normal/Others,NA - Construction of shelters for animals,DEPUTY COMMISSIONER BARPETA_IDA,2023-09-15,Action Pending,500000,Unsanctioned
MPLADS-044633,Shri Abdul Khaleque ,Lok Sabha,Assam,BARPETA,,,RUPOSHI,Kalgachia,Normal/Others,NA - Construction of rooms and halls in school and colleges,DEPUTY COMMISSIONER BARPETA_IDA,2023-09-15,Action Pending,500000,Unsanctioned
MPLADS-044634,Shri Abdul Khaleque ,Lok Sabha,Assam,BARPETA,,,CHENGA,Barbhitha,Normal/Others,NA - Construction of boundary walls of existing public and community buildings,DEPUTY COMMISSIONER BARPETA_IDA,2023-09-15,Action Pending,400000,Unsanctioned
MPLADS-044635,Shri Abdul Khaleque ,Lok Sabha,Assam,BARPETA,,,MANDIA,Digir Pam,Normal/Others,NA - Construction of shelters for animals,DEPUTY COMMISSIONER BARPETA_IDA,2023-09-15,Action Pending,400000,Unsanctioned
MPLADS-044636,Shri Abdul Khaleque ,Lok Sabha,Assam,BARPETA,,,MANDIA,3No.Alupati N.C.,Normal/Others,NA - Construction of additional rooms and halls in the existing public and community building,DEPUTY COMMISSIONER BARPETA_IDA,2023-09-15,Action Pending,400000,Unsanctioned
MPLADS-044638,Topon Kumar Gogoi,Lok Sabha,Assam,JORHAT,,,GAURISAGAR,Goyal Goyan,Normal/Others,WS/MP496/2023-2024/20482 - Construction of community centers and community halls,Deputy Commissioner Sivsagar_IDA,2023-09-15,Approved by IDA,1000000,Sanctioned
MPLADS-044909,Pradan Baruah,Lok Sabha,Assam,LAKHIMPUR,,,NOWBOICHA,Lothow Pathar,Normal/Others,NA - Construction of rooms and halls in school and colleges,DEPUTY COMMISSIONER LAKHIMPUR_IDA,2023-09-14,Action Pending,500000,Unsanctioned
MPLADS-044920,Pradan Baruah,Lok Sabha,Assam,LAKHIMPUR,,,MURKONGSELEK,Telam Nepali,Normal/Others,NA - Construction of additional rooms and halls in the existing public and community building,DEPUTY COMMISSIONER DHEMAJI_IDA,2023-09-14,Action Pending,500000,Unsanctioned
MPLADS-044921,Pradan Baruah,Lok Sabha,Assam,LAKHIMPUR,,,DHEMAJI,Tonganapara Nepali Gaon,Normal/Others,NA - Construction of community centers and community halls,DEPUTY COMMISSIONER DHEMAJI_IDA,2023-09-14,Action Pending,600000,Unsanctioned
MPLADS-044922,Pradan Baruah,Lok Sabha,Assam,LAKHIMPUR,,,NOWBOICHA,No.2 Phulbari,Normal/Others,NA - Construction of community centers and community halls,DEPUTY COMMISSIONER LAKHIMPUR_IDA,2023-09-14,Action Pending,250000,Unsanctioned
MPLADS-044924,Pradan Baruah,Lok Sabha,Assam,LAKHIMPUR,,,NOWBOICHA,Gosanibari,Normal/Others,NA - Construction of community centers and community halls,DEPUTY COMMISSIONER LAKHIMPUR_IDA,2023-09-14,Action Pending,250000,Unsanctioned
MPLADS-044925,Pradan Baruah,Lok Sabha,Assam,LAKHIMPUR,,,NOWBOICHA,Kari Gaon,Normal/Others,NA - Construction of community centers and community halls,DEPUTY COMMISSIONER LAKHIMPUR_IDA,2023-09-14,Action Pending,250000,Unsanctioned
MPLADS-044926,Topon Kumar Gogoi,Lok Sabha,Assam,JORHAT,Nazira,Nazira,,,Normal/Others,WS/MP496/2023-2024/19917 - Construction of rooms and halls in school and colleges,Deputy Commissioner Sivsagar_IDA,2023-09-14,Approved by IDA,1000000,Unsanctioned
MPLADS-044927,Topon Kumar Gogoi,Lok Sabha,Assam,JORHAT,,,SIVASAGAR,Luthuri Chetia,Normal/Others,NA - Construction of rooms and halls in school and colleges,Deputy Commissioner Sivsagar_IDA,2023-09-14,Action Pending,1000000,Unsanctioned
MPLADS-044928,Topon Kumar Gogoi,Lok Sabha,Assam,JORHAT,,,SIVASAGAR,Kheluwa,Normal/Others,WS/MP496/2023-2024/20389 - Construction of community centers and community halls,Deputy Commissioner Sivsagar_IDA,2023-09-14,Approved by IDA,500000,Unsanctioned
MPLADS-045196,Topon Kumar Gogoi,Lok Sabha,Assam,JORHAT,Sonari,charaideo,,,Normal/Others,WS/MP496/2023-2024/19416 - Construction of additional rooms and halls in the existing public and community building,Deputy Commissioner Charaideo_IDA,2023-09-13,Approved by IDA,500000,Unsanctioned
MPLADS-045199,Pradan Baruah,Lok Sabha,Assam,LAKHIMPUR,,,SISSIBORGAON,No.1 Betanipam,Normal/Others,NA - Construction of community centers and community halls,DEPUTY COMMISSIONER DHEMAJI_IDA,2023-09-13,Action Pending,500000,Unsanctioned
MPLADS-045201,Pradan Baruah,Lok Sabha,Assam,LAKHIMPUR,North Lakhimpur,Ward No. 6,,,Normal/Others,NA - Construction of community centers and community halls,DEPUTY COMMISSIONER LAKHIMPUR_IDA,2023-09-13,Action Pending,1000000,Unsanctioned
MPLADS-045202,Pradan Baruah,Lok Sabha,Assam,LAKHIMPUR,,,BORDOLONI,No.1 Nalbari,Normal/Others,NA - Construction of buildings for community cultural activities,DEPUTY COMMISSIONER DHEMAJI_IDA,2023-09-13,Action Pending,1000000,Unsanctioned
MPLADS-045203,Pradan Baruah,Lok Sabha,Assam,LAKHIMPUR,,,GHILAMARA,Ghilamara 1/2,Normal/Others,NA - Construction of rooms and halls in school and colleges,DEPUTY COMMISSIONER LAKHIMPUR_IDA,2023-09-13,Action Pending,1000000,Unsanctioned
MPLADS-045204,Topon Kumar Gogoi,Lok Sabha,Assam,JORHAT,Sonari,Charaideo,,,Normal/Others,WS/MP496/2023-2024/19414 - Construction of public libraries and reading rooms,Deputy Commissioner Charaideo_IDA,2023-09-13,Approved by IDA,500000,Unsanctioned
MPLADS-045205,Topon Kumar Gogoi,Lok Sabha,Assam,JORHAT,Sonari,charaido,,,Normal/Others,WS/MP496/2023-2024/19430 - Construction of community centers and community halls,Deputy Commissioner Charaideo_IDA,2023-09-13,Approved by IDA,500000,Unsanctioned
MPLADS-045207,Topon Kumar Gogoi,Lok Sabha,Assam,JORHAT,Sonari,Charaideo,,,Normal/Others,WS/MP496/2023-2024/19727 - Construction of rooms and halls in school and colleges,Deputy Commissioner Charaideo_IDA,2023-09-13,Approved by IDA,700000,Unsanctioned
MPLADS-045208,Topon Kumar Gogoi,Lok Sabha,Assam,JORHAT,Sonari,Charaideo,,,Normal/Others,NA - Construction of public toilets and bathrooms,Deputy Commissioner Charaideo_IDA,2023-09-13,Action Pending,500000,Unsanctioned
MPLADS-045209,Topon Kumar Gogoi,Lok Sabha,Assam,JORHAT,Sonari,Charaideo,,,Normal/Others,WS/MP496/2023-2024/19755 - Construction of New Building,Deputy Commissioner Charaideo_IDA,2023-09-13,Approved by IDA,1000000,Unsanctioned
MPLADS-045210,Topon Kumar Gogoi,Lok Sabha,Assam,JORHAT,Sonari,Charaideo,,,Normal/Others,WS/MP496/2023-2024/19757 - Construction of New Building,Deputy Commissioner Charaideo_IDA,2023-09-13,Approved by IDA,1000000,Unsanctioned
MPLADS-045211,Topon Kumar Gogoi,Lok Sabha,Assam,JORHAT,Sonari,Charaideo,,,Normal/Others,NA - Construction of boundary walls of existing public and community buildings,Deputy Commissioner Charaideo_IDA,2023-09-13,Action Pending,250000,Unsanctioned
MPLADS-045212,Topon Kumar Gogoi,Lok Sabha,Assam,JORHAT,Sonari,Charaideo,,,Normal/Others,WS/MP496/2023-2024/19773 - Construction of boundary walls of existing public and community buildings,Deputy Commissioner Charaideo_IDA,2023-09-13,Approved by IDA,300000,Unsanctioned
MPLADS-045238,Topon Kumar Gogoi,Lok Sabha,Assam,JORHAT,,,SAPEKHATI,Kharia Bheta,Normal/Others,WS/MP496/2023-2024/19789 - Construction of rooms and halls in school and colleges,Deputy Commissioner Charaideo_IDA,2023-09-13,Approved by IDA,500000,Unsanctioned
MPLADS-045239,Topon Kumar Gogoi,Lok Sabha,Assam,JORHAT,,,SAPEKHATI,No.1 Somdar Grant,Normal/Others,WS/MP496/2023-2024/19791 - Construction of rooms and halls in school and colleges,Deputy Commissioner Charaideo_IDA,2023-09-13,Approved by IDA,500000,Unsanctioned
MPLADS-045250,Topon Kumar Gogoi,Lok Sabha,Assam,JORHAT,,,SAPEKHATI,Baregaon,Normal/Others,WS/MP496/2023-2024/19792 - Construction of rooms and halls in school and colleges,Deputy Commissioner Charaideo_IDA,2023-09-13,Approved by IDA,500000,Unsanctioned
MPLADS-045263,Topon Kumar Gogoi,Lok Sabha,Assam,JORHAT,,,WEST ABHAIPUR,Ranga Pothar,Normal/Others,WS/MP496/2023-2024/19816 - Construction of rooms and halls in school and colleges,Deputy Commissioner Charaideo_IDA,2023-09-13,Approved by IDA,1000000,Unsanctioned
MPLADS-045264,Topon Kumar Gogoi,Lok Sabha,Assam,JORHAT,Sonari,Charaideo,,,Normal/Others,NA - Street lights,Deputy Commissioner Charaideo_IDA,2023-09-13,Rejected by IDA,2200000,Unsanctioned
MPLADS-045570,Pradan Baruah,Lok Sabha,Assam,LAKHIMPUR,,,MURKONGSELEK,No.2 Murkongselek (Pt - II),Normal/Others,NA - Construction of rooms and halls in school and colleges,DEPUTY COMMISSIONER DHEMAJI_IDA,2023-09-12,Action Pending,2000000,Unsanctioned
MPLADS-046119,Shri Abdul Khaleque ,Lok Sabha,Assam,BARPETA,,,SRIJANGRAM,Matraghola,Normal/Others,"WS/MP314/2023-2024/18571 - Construction of roads, approach roads, link roads and pathways",Deputy Commissioner Bongaigaon_IDA,2023-09-11,Approved by IDA,500000,Sanctioned
MPLADS-046235,Shri Abdul Khaleque ,Lok Sabha,Assam,BARPETA,,,TAPATTARY,Ghoramara Pt I,Normal/Others,"WS/MP314/2023-2024/18577 - Construction of roads, approach roads, link roads and pathways",Deputy Commissioner Bongaigaon_IDA,2023-09-11,Approved by IDA,500000,Unsanctioned
MPLADS-046236,Shri Abdul Khaleque ,Lok Sabha,Assam,BARPETA,,,SRIJANGRAM,Numbarpara Pt I,Normal/Others,NA - Crematoriums or structures on burial/ cremation ground for public convenience,Deputy Commissioner Bongaigaon_IDA,2023-09-11,Action Pending,400000,Unsanctioned
MPLADS-046237,Shri Abdul Khaleque ,Lok Sabha,Assam,BARPETA,,,TAPATTARY,Maleghar Pt II,Normal/Others,"WS/MP314/2023-2024/18575 - Construction of roads, approach roads, link roads and pathways",Deputy Commissioner Bongaigaon_IDA,2023-09-11,Approved by IDA,400000,Unsanctioned
MPLADS-046238,Shri Abdul Khaleque ,Lok Sabha,Assam,BARPETA,,,MANDIA,Gajia,Normal/Others,"WS/MP314/2023-2024/18574 - Construction of roads, approach roads, link roads and pathways",DEPUTY COMMISSIONER BARPETA_IDA,2023-09-11,Approved by IDA,400000,Sanctioned
MPLADS-046239,Shri Abdul Khaleque ,Lok Sabha,Assam,BARPETA,,,CHENGA,Balidhari,Normal/Others,WS/MP314/2023-2024/18573 - Construction of shelters for animals,DEPUTY COMMISSIONER BARPETA_IDA,2023-09-11,Approved by IDA,500000,Sanctioned
MPLADS-046240,Shri Abdul Khaleque ,Lok Sabha,Assam,BARPETA,,,BARPETA,Gandhi,Normal/Others,NA - Construction of rooms and halls in school and colleges,DEPUTY COMMISSIONER BARPETA_IDA,2023-09-11,Action Pending,500000,Unsanctioned
MPLADS-046241,Shri Abdul Khaleque ,Lok Sabha,Assam,BARPETA,,,SRIJANGRAM,Numbarpara Pt II,Normal/Others,NA - Construction of rooms and halls in school and colleges,Deputy Commissioner Bongaigaon_IDA,2023-09-11,Action Pending,400000,Unsanctioned
MPLADS-046242,Shri Abdul Khaleque ,Lok Sabha,Assam,BARPETA,,,BARPETA,Kathlijar,Normal/Others,"NA - Construction of roads, approach roads, link roads and pathways",DEPUTY COMMISSIONER BARPETA_IDA,2023-09-11,Rejected by IDA,800000,Unsanctioned
MPLADS-046243,Shri Abdul Khaleque ,Lok Sabha,Assam,BARPETA,,,MANDIA,Pachim Moinbari,Normal/Others,"NA - Construction of roads, approach roads, link roads and pathways",DEPUTY COMMISSIONER BARPETA_IDA,2023-09-11,Action Pending,300000,Unsanctioned
MPLADS-046246,Shri Abdul Khaleque ,Lok Sabha,Assam,BARPETA,,,MANDIA,Pathlikuchi,Normal/Others,NA - Construction of boundary walls of existing public and community buildings,DEPUTY COMMISSIONER BARPETA_IDA,2023-09-11,Action Pending,500000,Unsanctioned
MPLADS-046403,Kripanath Mallah,Lok Sabha,Assam,KARIMGANJ (SC),,,ALGAPUR,Algapur Pt IV,Normal/Others,NA - Street lights,Deputy Commissioner Hailakandi_IDA,2023-09-09,Action Pending,1930512,Unsanctioned
MPLADS-046420,Kripanath Mallah,Lok Sabha,Assam,KARIMGANJ (SC),,,PATHARKANDI,Sonakhira,Normal/Others,WS/MP540/2023-2024/18357 - Street lights,DEPUTY COMMISSIONER KARIM GANJ_IDA,2023-09-09,Approved by IDA,1287008,Sanctioned
MPLADS-046439,Kripanath Mallah,Lok Sabha,Assam,KARIMGANJ (SC),,,SOUTH KARIMGANJ,Durganagar T.E.,Normal/Others,WS/MP540/2023-2024/18353 - Street lights,DEPUTY COMMISSIONER KARIM GANJ_IDA,2023-09-09,Approved by IDA,1608760,Sanctioned
MPLADS-046440,Kripanath Mallah,Lok Sabha,Assam,KARIMGANJ (SC),,,NORTH KARIMGANJ,Banamali Pt II,Normal/Others,WS/MP540/2023-2024/18350 - Street lights,DEPUTY COMMISSIONER KARIM GANJ_IDA,2023-09-09,Approved by IDA,1608760,Sanctioned
MPLADS-046441,Kripanath Mallah,Lok Sabha,Assam,KARIMGANJ (SC),,,LALA,Lala Pt I,Normal/Others,WS/MP540/2023-2024/18352 - Street lights,Deputy Commissioner Hailakandi_IDA,2023-09-09,Approved by IDA,1608760,Sanctioned
MPLADS-046447,Kripanath Mallah,Lok Sabha,Assam,KARIMGANJ (SC),,,DULLAVCHERRA,Bidyanagar T.E. Pt III,Normal/Others,WS/MP540/2023-2024/18348 - Street lights,DEPUTY COMMISSIONER KARIM GANJ_IDA,2023-09-09,Approved by IDA,1608760,Sanctioned
MPLADS-046449,Kripanath Mallah,Lok Sabha,Assam,KARIMGANJ (SC),,,RAMKRISHNA NAGAR,Kalinagar Cha Bagan Pt I,Normal/Others,WS/MP540/2023-2024/18346 - Street lights,DEPUTY COMMISSIONER KARIM GANJ_IDA,2023-09-09,Approved by IDA,1608760,Sanctioned
MPLADS-046450,Kripanath Mallah,Lok Sabha,Assam,KARIMGANJ (SC),,,BADARPUR,Badarpur Rly. Town (CT),Normal/Others,WS/MP540/2023-2024/18337 - Street lights,DEPUTY COMMISSIONER KARIM GANJ_IDA,2023-09-09,Approved by IDA,1608760,Sanctioned
MPLADS-047441,Shri Naba (Hira) Kumar Sarania ,Lok Sabha,Assam,KOKRAJHAR (ST),,,GOBARDHANA,Gobardhana,Normal/Others,"WS/MP315/2023-2024/16588 - Construction of roads, approach roads, link roads and pathways",DEPUTY COMMISSIONER BARPETA_IDA,2023-09-05,Approved by IDA,1000000,Unsanctioned
MPLADS-047448,Shri Naba (Hira) Kumar Sarania ,Lok Sabha,Assam,KOKRAJHAR (ST),,,GOBARDHANA,Barapeta Gaon,Normal/Others,"WS/MP315/2023-2024/16590 - Construction of roads, approach roads, link roads and pathways",DEPUTY COMMISSIONER BARPETA_IDA,2023-09-05,Approved by IDA,1000000,Sanctioned
MPLADS-047449,Shri Naba (Hira) Kumar Sarania ,Lok Sabha,Assam,KOKRAJHAR (ST),,,GOBARDHANA,Barapeta Gaon,Normal/Others,"WS/MP315/2023-2024/16589 - Construction of roads, approach roads, link roads and pathways",DEPUTY COMMISSIONER BARPETA_IDA,2023-09-05,Approved by IDA,1000000,Sanctioned
MPLADS-047553,Shri Abdul Khaleque ,Lok Sabha,Assam,BARPETA,,,RUPOSHI,Banghugi,Normal/Others,NA - Installing tube-wells and borewells,DEPUTY COMMISSIONER BARPETA_IDA,2023-09-04,Action Pending,300000,Unsanctioned
MPLADS-047554,Shri Abdul Khaleque ,Lok Sabha,Assam,BARPETA,,,BARPETA,Nagaon,Normal/Others,NA - Construction of toilet blocks,DEPUTY COMMISSIONER BARPETA_IDA,2023-09-04,Action Pending,250000,Unsanctioned
MPLADS-047555,Shri Abdul Khaleque ,Lok Sabha,Assam,BARPETA,,,RUPOSHI,Dimapur,Normal/Others,"WS/MP314/2023-2024/16343 - Construction of roads, approach roads, link roads and pathways",DEPUTY COMMISSIONER BARPETA_IDA,2023-09-04,Approved by IDA,300000,Sanctioned
MPLADS-047556,Shri Abdul Khaleque ,Lok Sabha,Assam,BARPETA,,,RUPOSHI,Bartari,Normal/Others,NA - Crematoriums or structures on burial/ cremation ground for public convenience,DEPUTY COMMISSIONER BARPETA_IDA,2023-09-04,Action Pending,500000,Unsanctioned
MPLADS-048354,Shri Abdul Khaleque ,Lok Sabha,Assam,BARPETA,,,MANDIA,Majar Char N.C.,Normal/Others,NA - Construction of community centers and community halls,DEPUTY COMMISSIONER BARPETA_IDA,2023-09-01,Action Pending,800000,Unsanctioned
MPLADS-048364,Shri Abdul Khaleque ,Lok Sabha,Assam,BARPETA,,,MANDIA,Joti Gaon,Normal/Others,"NA - Construction of roads, approach roads, link roads and pathways",DEPUTY COMMISSIONER BARPETA_IDA,2023-09-01,Action Pending,400000,Unsanctioned
MPLADS-048390,Shri Abdul Khaleque ,Lok Sabha,Assam,BARPETA,,,SRIJANGRAM,Kacharipet Pt III,Normal/Others,NA - Construction of flood control embankments,Deputy Commissioner Bongaigaon_IDA,2023-09-01,Action Pending,250000,Unsanctioned
MPLADS-048391,Shri Abdul Khaleque ,Lok Sabha,Assam,BARPETA,,,BARPETA,Nagarjar,Normal/Others,"NA - Construction of roads, approach roads, link roads and pathways",DEPUTY COMMISSIONER BARPETA_IDA,2023-09-01,Action Pending,600000,Unsanctioned
MPLADS-048392,Shri Abdul Khaleque ,Lok Sabha,Assam,BARPETA,,,RUPOSHI,Dewkura,Normal/Others,WS/MP314/2023-2024/14979 - Construction of rooms and halls in school and colleges,DEPUTY COMMISSIONER BARPETA_IDA,2023-09-01,Approved by IDA,1000000,Sanctioned
MPLADS-048974,Kripanath Mallah,Lok Sabha,Assam,KARIMGANJ (SC),,,SOUTH KARIMGANJ,Angura,Normal/Others,NA - Construction of boundary walls of existing public and community buildings,DEPUTY COMMISSIONER KARIM GANJ_IDA,2023-08-29,Action Pending,1000000,Unsanctioned
MPLADS-050283,Shri Abdul Khaleque ,Lok Sabha,Assam,BARPETA,Barpeta,11,,,Normal/Others,"NA - Purchase of ambulances (Four, three and two wheelers)",DEPUTY COMMISSIONER BARPETA_IDA,2023-08-22,Action Pending,740000,Unsanctioned
MPLADS-050306,Shri Abdul Khaleque ,Lok Sabha,Assam,BARPETA,,,SIDLI-CHIRANG,Kakragaon,Normal/Others,NA - Construction of buildings for community cultural activities,Deputy Commissioner Chirang_IDA,2023-08-22,Action Pending,500000,Unsanctioned
MPLADS-050310,Shri Abdul Khaleque ,Lok Sabha,Assam,BARPETA,,,SRIJANGRAM,Jopea Boroichala,Normal/Others,NA - Construction of culverts and bridges,Deputy Commissioner Bongaigaon_IDA,2023-08-22,Rejected by IDA,1290000,Unsanctioned
MPLADS-050311,Shri Abdul Khaleque ,Lok Sabha,Assam,BARPETA,,,MANIKPUR,Nachankuri No.1,Normal/Others,"WS/MP314/2023-2024/12278 - Construction of roads, approach roads, link roads and pathways",Deputy Commissioner Bongaigaon_IDA,2023-08-22,Approved by IDA,250000,Sanctioned
MPLADS-050312,Shri Abdul Khaleque ,Lok Sabha,Assam,BARPETA,,,DANGTOL,Borpathar Pt,Normal/Others,NA - Construction of bus-sheds or bus-stops,Deputy Commissioner Bongaigaon_IDA,2023-08-22,Action Pending,500000,Unsanctioned
MPLADS-050313,Shri Abdul Khaleque ,Lok Sabha,Assam,BARPETA,,,SRIJANGRAM,Numbarpara Pt I,Normal/Others,"WS/MP314/2023-2024/12283 - Construction of roads, approach roads, link roads and pathways",Deputy Commissioner Bongaigaon_IDA,2023-08-22,Approved by IDA,250000,Sanctioned
MPLADS-050314,Shri Abdul Khaleque ,Lok Sabha,Assam,BARPETA,,,SIDLI-CHIRANG,Kukurmari,Normal/Others,NA - Construction of community centers and community halls,Deputy Commissioner Chirang_IDA,2023-08-22,Action Pending,500000,Unsanctioned
MPLADS-050316,Shri Abdul Khaleque ,Lok Sabha,Assam,BARPETA,,,RUPOSHI,Langla,Normal/Others,NA - Construction of boundary walls of existing public and community buildings,DEPUTY COMMISSIONER BARPETA_IDA,2023-08-22,Action Pending,300000,Unsanctioned
MPLADS-052942,Shri Abdul Khaleque ,Lok Sabha,Assam,BARPETA,,,MANDIA,Bangli Para,Normal/Others,"NA - Construction of roads, approach roads, link roads and pathways",DEPUTY COMMISSIONER BARPETA_IDA,2023-08-12,Action Pending,350000,Unsanctioned
MPLADS-052945,Shri Abdul Khaleque ,Lok Sabha,Assam,BARPETA,,,MANDIA,Majar Char N.C.,Normal/Others,NA - Construction of boundary walls of existing public and community buildings,DEPUTY COMMISSIONER BARPETA_IDA,2023-08-12,Action Pending,400000,Unsanctioned
MPLADS-052962,Kripanath Mallah,Lok Sabha,Assam,KARIMGANJ (SC),,,TAPANG,Banglaghat Pt I (Baglaghat),Normal/Others,"WS/MP540/2023-2024/8908 - Construction of roads, approach roads, link roads and pathways",DEPUTY COMMISSIONER CACHAR_IDA,2023-08-12,Approved by IDA,1000000,Unsanctioned
MPLADS-052965,Kripanath Mallah,Lok Sabha,Assam,KARIMGANJ (SC),,,BADARPUR,Niz Malua,Normal/Others,NA - Community Toilets,DEPUTY COMMISSIONER KARIM GANJ_IDA,2023-08-12,Action Pending,2000000,Unsanctioned
MPLADS-053051,Kripanath Mallah,Lok Sabha,Assam,KARIMGANJ (SC),Ramkrishna Nagar,08,,,Normal/Others,"NA - Purchase of IT systems, including hardware and software for educational purposes",DEPUTY COMMISSIONER KARIM GANJ_IDA,2023-08-11,Action Pending,2000000,Unsanctioned
MPLADS-053077,Kripanath Mallah,Lok Sabha,Assam,KARIMGANJ (SC),,,TAPANG,Kathal Grant,Normal/Others,WS/MP540/2023-2024/8815 - Construction of community centers and community halls,DEPUTY COMMISSIONER CACHAR_IDA,2023-08-11,Approved by IDA,1000000,Sanctioned
MPLADS-053108,Kripanath Mallah,Lok Sabha,Assam,KARIMGANJ (SC),,,TAPANG,Srikona Grant,Normal/Others,WS/MP540/2023-2024/8809 - Construction of community centers and community halls,DEPUTY COMMISSIONER CACHAR_IDA,2023-08-11,Approved by IDA,1000000,Sanctioned
MPLADS-053109,Kripanath Mallah,Lok Sabha,Assam,KARIMGANJ (SC),,,TAPANG,Tarutazabari Pt II,Normal/Others,WS/MP540/2023-2024/8810 - Construction of community centers and community halls,DEPUTY COMMISSIONER CACHAR_IDA,2023-08-11,Approved by IDA,1000000,Sanctioned
MPLADS-053110,Kripanath Mallah,Lok Sabha,Assam,KARIMGANJ (SC),,,TAPANG,Kathal Grant,Normal/Others,WS/MP540/2023-2024/8811 - Construction of community centers and community halls,DEPUTY COMMISSIONER CACHAR_IDA,2023-08-11,Approved by IDA,1000000,Sanctioned
MPLADS-053111,Kripanath Mallah,Lok Sabha,Assam,KARIMGANJ (SC),,,TAPANG,Barsangan Grant,Normal/Others,WS/MP540/2023-2024/8812 - Construction of community centers and community halls,DEPUTY COMMISSIONER CACHAR_IDA,2023-08-11,Approved by IDA,1000000,Sanctioned
MPLADS-053112,Kripanath Mallah,Lok Sabha,Assam,KARIMGANJ (SC),,,TAPANG,Srikona Grant,Normal/Others,WS/MP540/2023-2024/8813 - Construction of community centers and community halls,DEPUTY COMMISSIONER CACHAR_IDA,2023-08-11,Approved by IDA,1000000,Sanctioned
MPLADS-053126,Kripanath Mallah,Lok Sabha,Assam,KARIMGANJ (SC),,,TAPANG,Chibitabichia Pt V,Normal/Others,WS/MP540/2023-2024/8814 - Construction of community centers and community halls,DEPUTY COMMISSIONER CACHAR_IDA,2023-08-11,Approved by IDA,1000000,Sanctioned
MPLADS-054093,Shri Naba (Hira) Kumar Sarania ,Lok Sabha,Assam,KOKRAJHAR (ST),,,BASKA,Mushalpur,Normal/Others,"NA - Purchase of vehicle for mobile dispensaries (Four, three and two wheelers)",DEPUTY COMMISSIONER BAKSA_IDA,2023-07-31,Action Pending,6280313,Unsanctioned
MPLADS-056623,Shri Abdul Khaleque ,Lok Sabha,Assam,BARPETA,,,TAPATTARY,Kalbari,Normal/Others,"NA - Construction of roads, approach roads, link roads and pathways",Deputy Commissioner Bongaigaon_IDA,2023-07-17,Action Pending,800000,Unsanctioned
MPLADS-056625,Shri Abdul Khaleque ,Lok Sabha,Assam,BARPETA,,,MANIKPUR,Bashbari No.3,Normal/Others,"NA - Construction of roads, approach roads, link roads and pathways",Deputy Commissioner Bongaigaon_IDA,2023-07-17,Action Pending,400000,Unsanctioned
MPLADS-056652,Shri Abdul Khaleque ,Lok Sabha,Assam,BARPETA,,,MANIKPUR,Bashbari No.3,Normal/Others,"WS/MP314/2023-2024/4247 - Construction of roads, approach roads, link roads and pathways",Deputy Commissioner Bongaigaon_IDA,2023-07-17,Approved by IDA,300000,Unsanctioned
MPLADS-056668,Shri Abdul Khaleque ,Lok Sabha,Assam,BARPETA,,,SRIJANGRAM,Kirtanpara Pt II,Normal/Others,NA - Construction of flood control embankments,Deputy Commissioner Bongaigaon_IDA,2023-07-17,Action Pending,400000,Unsanctioned
MPLADS-056669,Shri Abdul Khaleque ,Lok Sabha,Assam,BARPETA,,,SRIJANGRAM,Topgaon Pt I,Normal/Others,NA - Construction of culverts and bridges,Deputy Commissioner Bongaigaon_IDA,2023-07-17,Action Pending,400000,Unsanctioned
MPLADS-056699,Shri Abdul Khaleque ,Lok Sabha,Assam,BARPETA,,,BOITAMARI,Chalantapara Pt II,Normal/Others,NA - Construction of boundary walls of existing public and community buildings,Deputy Commissioner Bongaigaon_IDA,2023-07-17,Action Pending,600000,Unsanctioned
MPLADS-057522,Shri Abdul Khaleque ,Lok Sabha,Assam,BARPETA,,,BARPETA,Khankarpara,Normal/Others,NA - Construction of boundary walls of existing public and community buildings,DEPUTY COMMISSIONER BARPETA_IDA,2023-07-12,Action Pending,500000,Unsanctioned
MPLADS-057523,Shri Abdul Khaleque ,Lok Sabha,Assam,BARPETA,Howli,9,,,Normal/Others,NA - Construction of community centers and community halls,DEPUTY COMMISSIONER BARPETA_IDA,2023-07-12,Action Pending,500000,Unsanctioned
MPLADS-057527,Shri Abdul Khaleque ,Lok Sabha,Assam,BARPETA,,,MANDIA,Saorar Bhitha,Normal/Others,NA - Construction of community centers and community halls,DEPUTY COMMISSIONER BARPETA_IDA,2023-07-12,Action Pending,600000,Unsanctioned
MPLADS-057528,Shri Abdul Khaleque ,Lok Sabha,Assam,BARPETA,,,GOBARDHANA,Howli Gaon,Normal/Others,"NA - Construction of roads, approach roads, link roads and pathways",DEPUTY COMMISSIONER BARPETA_IDA,2023-07-12,Action Pending,700000,Unsanctioned
MPLADS-057549,Shri Abdul Khaleque ,Lok Sabha,Assam,BARPETA,,,BARPETA,Kahibari,Normal/Others,NA - Crematoriums or structures on burial/ cremation ground for public convenience,DEPUTY COMMISSIONER BARPETA_IDA,2023-07-12,Action Pending,750000,Unsanctioned
MPLADS-057550,Shri Abdul Khaleque ,Lok Sabha,Assam,BARPETA,,,BARPETA,Deuri Kuchi,Normal/Others,"NA - Construction of roads, link roads, pathways or any other road with or without drainage system",DEPUTY COMMISSIONER BARPETA_IDA,2023-07-12,Action Pending,300000,Unsanctioned
MPLADS-057673,Shri Abdul Khaleque ,Lok Sabha,Assam,BARPETA,,,GOMAPHULBARI,Kaljahi,Normal/Others,"WS/MP314/2023-2024/3115 - Construction of roads, approach roads, link roads and pathways",DEPUTY COMMISSIONER BARPETA_IDA,2023-07-10,Approved by IDA,800000,Sanctioned
MPLADS-057695,Shri Abdul Khaleque ,Lok Sabha,Assam,BARPETA,,,BARPETA,Bhella,Normal/Others,"NA - Construction of roads, approach roads, link roads and pathways",DEPUTY COMMISSIONER BARPETA_IDA,2023-07-10,Action Pending,300000,Unsanctioned
MPLADS-057696,Shri Abdul Khaleque ,Lok Sabha,Assam,BARPETA,,,MANDIA,Sikartari Pathar,Normal/Others,"NA - Construction of roads, approach roads, link roads and pathways",DEPUTY COMMISSIONER BARPETA_IDA,2023-07-10,Action Pending,500000,Unsanctioned
MPLADS-057697,Shri Abdul Khaleque ,Lok Sabha,Assam,BARPETA,,,BARPETA,Dabalia Para,Normal/Others,"NA - Construction of roads, approach roads, link roads and pathways",DEPUTY COMMISSIONER BARPETA_IDA,2023-07-10,Action Pending,300000,Unsanctioned
MPLADS-057698,Shri Abdul Khaleque ,Lok Sabha,Assam,BARPETA,,,MANDIA,Lurfuria,Normal/Others,"NA - Construction of roads, approach roads, link roads and pathways",DEPUTY COMMISSIONER BARPETA_IDA,2023-07-10,Action Pending,350000,Unsanctioned
MPLADS-057699,Shri Abdul Khaleque ,Lok Sabha,Assam,BARPETA,,,RUPOSHI,Kalgachia,Normal/Others,"NA - Construction of roads, approach roads, link roads and pathways",DEPUTY COMMISSIONER BARPETA_IDA,2023-07-10,Action Pending,300000,Unsanctioned
MPLADS-057703,Shri Abdul Khaleque ,Lok Sabha,Assam,BARPETA,,,RUPOSHI,Aditpur,Normal/Others,NA - Construction of buildings for community cultural activities,DEPUTY COMMISSIONER BARPETA_IDA,2023-07-10,Action Pending,1000000,Unsanctioned
MPLADS-057708,Shri Abdul Khaleque ,Lok Sabha,Assam,BARPETA,,,BARPETA,Radhakuchi Habi,Normal/Others,"NA - Construction of roads, link roads, pathways or any other road with or without drainage system",DEPUTY COMMISSIONER BARPETA_IDA,2023-07-10,Action Pending,300000,Unsanctioned
MPLADS-057709,Shri Abdul Khaleque ,Lok Sabha,Assam,BARPETA,,,PASCHIM NALBARI,Batshor,Normal/Others,NA - Construction of community centers and community halls,DEPUTY COMMISSIONER NALBARI_IDA,2023-07-10,Action Pending,500000,Unsanctioned
MPLADS-057710,Shri Abdul Khaleque ,Lok Sabha,Assam,BARPETA,,,PASCHIM NALBARI,Belsor (CT),Normal/Others,NA - Construction of buildings for sports facilities,DEPUTY COMMISSIONER NALBARI_IDA,2023-07-10,Action Pending,500000,Unsanctioned
MPLADS-058422,Shri Abdul Khaleque ,Lok Sabha,Assam,BARPETA,,,MANDIA,Dakhin Sitali,Normal/Others,"NA - Construction of roads, approach roads, link roads and pathways",DEPUTY COMMISSIONER BARPETA_IDA,2023-07-04,Action Pending,400000,Unsanctioned
MPLADS-058425,Shri Abdul Khaleque ,Lok Sabha,Assam,BARPETA,,,RUPOSHI,Khudrakuchi,Normal/Others,"NA - Construction of roads, approach roads, link roads and pathways",DEPUTY COMMISSIONER BARPETA_IDA,2023-07-04,Action Pending,400000,Unsanctioned
MPLADS-058426,Shri Abdul Khaleque ,Lok Sabha,Assam,BARPETA,,,MANDIA,Ujirar Char,Normal/Others,NA - Construction of rooms and halls in school and colleges,DEPUTY COMMISSIONER BARPETA_IDA,2023-07-04,Action Pending,500000,Unsanctioned
MPLADS-058444,Shri Abdul Khaleque ,Lok Sabha,Assam,BARPETA,,,MANDIA,Jania,Normal/Others,NA - Construction of buildings for community cultural activities,DEPUTY COMMISSIONER BARPETA_IDA,2023-07-04,Action Pending,700000,Unsanctioned
MPLADS-059834,Rajdeep Roy,Lok Sabha,Assam,SILCHAR,,,NARSINGPUR,Narsingpur Pt IV,Normal/Others,WS/MP494/2023-2024/722 - Purchase of furniture and fixtures for educational purposes,DEPUTY COMMISSIONER CACHAR_IDA,2023-06-08,Approved by IDA,318500,Unsanctioned
MPLADS-059835,Rajdeep Roy,Lok Sabha,Assam,SILCHAR,,,NARSINGPUR,Barjalenga Pt III,Normal/Others,WS/MP494/2023-2024/724 - Purchase of furniture and fixtures for educational purposes,DEPUTY COMMISSIONER CACHAR_IDA,2023-06-08,Approved by IDA,455000,Unsanctioned
MPLADS-059839,Rajdeep Roy,Lok Sabha,Assam,SILCHAR,,,NARSINGPUR,Debipur,Normal/Others,WS/MP494/2023-2024/723 - Purchase of furniture and fixtures for educational purposes,DEPUTY COMMISSIONER CACHAR_IDA,2023-06-08,Approved by IDA,364000,Sanctioned
MPLADS-059840,Rajdeep Roy,Lok Sabha,Assam,SILCHAR,,,NARSINGPUR,Hawaithang,Normal/Others,WS/MP494/2023-2024/721 - Purchase of furniture and fixtures for educational purposes,DEPUTY COMMISSIONER CACHAR_IDA,2023-06-08,Approved by IDA,455000,Unsanctioned
MPLADS-059842,Rajdeep Roy,Lok Sabha,Assam,SILCHAR,,,BINNAKANDI,Singerbond Pt II,Normal/Others,WS/MP494/2023-2024/698 - Purchase of furniture and fixtures for educational purposes,DEPUTY COMMISSIONER CACHAR_IDA,2023-06-08,Approved by IDA,455000,Unsanctioned
MPLADS-059843,Rajdeep Roy,Lok Sabha,Assam,SILCHAR,,,UDHARBOND,Salganga Grant,Normal/Others,WS/MP494/2023-2024/710 - Purchase of furniture and fixtures for educational purposes,DEPUTY COMMISSIONER CACHAR_IDA,2023-06-08,Approved by IDA,273000,Unsanctioned
MPLADS-059844,Rajdeep Roy,Lok Sabha,Assam,SILCHAR,,,UDHARBOND,Gossaipur Pt I,Normal/Others,WS/MP494/2023-2024/709 - Purchase of furniture and fixtures for educational purposes,DEPUTY COMMISSIONER CACHAR_IDA,2023-06-08,Approved by IDA,254800,Unsanctioned
MPLADS-059845,Rajdeep Roy,Lok Sabha,Assam,SILCHAR,,,UDHARBOND,Durganagar Pt II,Normal/Others,WS/MP494/2023-2024/708 - Purchase of furniture and fixtures for educational purposes,DEPUTY COMMISSIONER CACHAR_IDA,2023-06-08,Approved by IDA,318500,Unsanctioned
MPLADS-059846,Rajdeep Roy,Lok Sabha,Assam,SILCHAR,,,BORKHOLA,Rampur,Normal/Others,WS/MP494/2023-2024/707 - Purchase of furniture and fixtures for educational purposes,DEPUTY COMMISSIONER CACHAR_IDA,2023-06-08,Approved by IDA,273000,Unsanctioned
MPLADS-059847,Rajdeep Roy,Lok Sabha,Assam,SILCHAR,,,KALAIN,Behara Pt IV,Normal/Others,WS/MP494/2023-2024/706 - Purchase of furniture and fixtures for educational purposes,DEPUTY COMMISSIONER CACHAR_IDA,2023-06-08,Approved by IDA,336700,Unsanctioned
MPLADS-059848,Rajdeep Roy,Lok Sabha,Assam,SILCHAR,,,SALCHAPRA,Salchapra Pt I,Normal/Others,WS/MP494/2023-2024/705 - Purchase of furniture and fixtures for educational purposes,DEPUTY COMMISSIONER CACHAR_IDA,2023-06-08,Approved by IDA,318500,Unsanctioned
MPLADS-059849,Rajdeep Roy,Lok Sabha,Assam,SILCHAR,,,BORKHOLA,Chesri,Normal/Others,WS/MP494/2023-2024/704 - Purchase of furniture and fixtures for educational purposes,DEPUTY COMMISSIONER CACHAR_IDA,2023-06-08,Approved by IDA,364000,Unsanctioned
MPLADS-059850,Rajdeep Roy,Lok Sabha,Assam,SILCHAR,,,KATIGORAH,Hari Nagar Pt I,Normal/Others,WS/MP494/2023-2024/703 - Purchase of furniture and fixtures for educational purposes,DEPUTY COMMISSIONER CACHAR_IDA,2023-06-08,Approved by IDA,273000,Unsanctioned
MPLADS-059851,Rajdeep Roy,Lok Sabha,Assam,SILCHAR,,,KATIGORAH,Tarinipur Pt I,Normal/Others,WS/MP494/2023-2024/702 - Purchase of furniture and fixtures for educational purposes,DEPUTY COMMISSIONER CACHAR_IDA,2023-06-08,Approved by IDA,318500,Unsanctioned
MPLADS-059852,Rajdeep Roy,Lok Sabha,Assam,SILCHAR,,,KATIGORAH,Siddeswar Pt I (Sidheswar-I),Normal/Others,WS/MP494/2023-2024/701 - Purchase of furniture and fixtures for educational purposes,DEPUTY COMMISSIONER CACHAR_IDA,2023-06-08,Approved by IDA,364000,Unsanctioned
MPLADS-059853,Rajdeep Roy,Lok Sabha,Assam,SILCHAR,,,LAKHIPUR,Sibpur Pt I,Normal/Others,WS/MP494/2023-2024/700 - Purchase of furniture and fixtures for educational purposes,DEPUTY COMMISSIONER CACHAR_IDA,2023-06-08,Approved by IDA,273000,Unsanctioned
MPLADS-059854,Rajdeep Roy,Lok Sabha,Assam,SILCHAR,,,PALONGHAT,Didarkosh Pt I,Normal/Others,WS/MP494/2023-2024/699 - Purchase of furniture and fixtures for educational purposes,DEPUTY COMMISSIONER CACHAR_IDA,2023-06-08,Approved by IDA,273000,Unsanctioned
MPLADS-059855,Rajdeep Roy,Lok Sabha,Assam,SILCHAR,,,BINNAKANDI,Binnakandi Grant,Normal/Others,WS/MP494/2023-2024/697 - Purchase of furniture and fixtures for educational purposes,DEPUTY COMMISSIONER CACHAR_IDA,2023-06-08,Approved by IDA,546000,Sanctioned
MPLADS-059856,Rajdeep Roy,Lok Sabha,Assam,SILCHAR,,,PALONGHAT,Dharmikhal Grant,Normal/Others,WS/MP494/2023-2024/720 - Purchase of furniture and fixtures for educational purposes,DEPUTY COMMISSIONER CACHAR_IDA,2023-06-08,Approved by IDA,455000,Sanctioned
MPLADS-059857,Rajdeep Roy,Lok Sabha,Assam,SILCHAR,,,BINNAKANDI,Niz-Rupairbali,Normal/Others,WS/MP494/2023-2024/696 - Purchase of furniture and fixtures for educational purposes,DEPUTY COMMISSIONER CACHAR_IDA,2023-06-08,Approved by IDA,364000,Unsanctioned
MPLADS-059858,Rajdeep Roy,Lok Sabha,Assam,SILCHAR,,,LAKHIPUR,Lalpani,Normal/Others,WS/MP494/2023-2024/695 - Purchase of furniture and fixtures for educational purposes,DEPUTY COMMISSIONER CACHAR_IDA,2023-06-08,Approved by IDA,318500,Unsanctioned
MPLADS-059859,Rajdeep Roy,Lok Sabha,Assam,SILCHAR,,,BINNAKANDI,Singerbond Pt III,Normal/Others,WS/MP494/2023-2024/694 - Purchase of furniture and fixtures for educational purposes,DEPUTY COMMISSIONER CACHAR_IDA,2023-06-08,Approved by IDA,318500,Unsanctioned
MPLADS-059860,Rajdeep Roy,Lok Sabha,Assam,SILCHAR,,,BINNAKANDI,Singerbond Pt I,Normal/Others,WS/MP494/2023-2024/693 - Purchase of furniture and fixtures for educational purposes,DEPUTY COMMISSIONER CACHAR_IDA,2023-06-08,Approved by IDA,318500,Unsanctioned
MPLADS-059861,Rajdeep Roy,Lok Sabha,Assam,SILCHAR,,,SILCHAR,Ambicapur Pt VIII (CT),Normal/Others,WS/MP494/2023-2024/692 - Purchase of furniture and fixtures for educational purposes,DEPUTY COMMISSIONER CACHAR_IDA,2023-06-08,Approved by IDA,318500,Unsanctioned
MPLADS-059862,Rajdeep Roy,Lok Sabha,Assam,SILCHAR,,,NARSINGPUR,Narsingpur Pt IV,Normal/Others,WS/MP494/2023-2024/713 - Purchase of furniture and fixtures for educational purposes,DEPUTY COMMISSIONER CACHAR_IDA,2023-06-08,Approved by IDA,455000,Sanctioned
MPLADS-059863,Rajdeep Roy,Lok Sabha,Assam,SILCHAR,,,NARSINGPUR,Nagdirgram Pt I,Normal/Others,WS/MP494/2023-2024/714 - Purchase of furniture and fixtures for educational purposes,DEPUTY COMMISSIONER CACHAR_IDA,2023-06-08,Approved by IDA,318500,Unsanctioned
MPLADS-059864,Rajdeep Roy,Lok Sabha,Assam,SILCHAR,,,NARSINGPUR,Narsingpur Pt I,Normal/Others,WS/MP494/2023-2024/715 - Purchase of furniture and fixtures for educational purposes,DEPUTY COMMISSIONER CACHAR_IDA,2023-06-08,Approved by IDA,273000,Unsanctioned
MPLADS-059865,Rajdeep Roy,Lok Sabha,Assam,SILCHAR,Sonai,2,,,Normal/Others,WS/MP494/2023-2024/716 - Purchase of furniture and fixtures for educational purposes,DEPUTY COMMISSIONER CACHAR_IDA,2023-06-08,Approved by IDA,318500,Unsanctioned
MPLADS-059866,Rajdeep Roy,Lok Sabha,Assam,SILCHAR,,,NARSINGPUR,Kajidahar Pt I,Normal/Others,WS/MP494/2023-2024/717 - Purchase of furniture and fixtures for educational purposes,DEPUTY COMMISSIONER CACHAR_IDA,2023-06-08,Approved by IDA,273000,Unsanctioned
MPLADS-059867,Rajdeep Roy,Lok Sabha,Assam,SILCHAR,,,NARSINGPUR,Lantugram,Normal/Others,WS/MP494/2023-2024/718 - Purchase of furniture and fixtures for educational purposes,DEPUTY COMMISSIONER CACHAR_IDA,2023-06-08,Approved by IDA,546000,Unsanctioned
MPLADS-059868,Rajdeep Roy,Lok Sabha,Assam,SILCHAR,,,NARSINGPUR,Barjalenga Pt IV,Normal/Others,WS/MP494/2023-2024/719 - Purchase of furniture and fixtures for educational purposes,DEPUTY COMMISSIONER CACHAR_IDA,2023-06-08,Approved by IDA,546000,Unsanctioned
MPLADS-059870,Rajdeep Roy,Lok Sabha,Assam,SILCHAR,,,SILCHAR,Ambicapur Pt IV,Normal/Others,WS/MP494/2023-2024/690 - Purchase of furniture and fixtures for educational purposes,DEPUTY COMMISSIONER CACHAR_IDA,2023-06-08,Approved by IDA,273000,Unsanctioned
MPLADS-059876,Rajdeep Roy,Lok Sabha,Assam,SILCHAR,,,SILCHAR,Ambicapur Pt VIII (CT),Normal/Others,WS/MP494/2023-2024/691 - Purchase of furniture and fixtures for educational purposes,DEPUTY COMMISSIONER CACHAR_IDA,2023-06-08,Approved by IDA,318500,Unsanctioned
MPLADS-059885,Rajdeep Roy,Lok Sabha,Assam,SILCHAR,Silchar,23,,,Normal/Others,WS/MP494/2023-2024/689 - Purchase of furniture and fixtures for educational purposes,DEPUTY COMMISSIONER CACHAR_IDA,2023-06-08,Approved by IDA,254800,Unsanctioned
MPLADS-059889,Rajdeep Roy,Lok Sabha,Assam,SILCHAR,Silchar,12,,,Normal/Others,WS/MP494/2023-2024/681 - Purchase of furniture and fixtures for educational purposes,DEPUTY COMMISSIONER CACHAR_IDA,2023-06-08,Approved by IDA,455000,Unsanctioned
MPLADS-059890,Rajdeep Roy,Lok Sabha,Assam,SILCHAR,Silchar,21,,,Normal/Others,WS/MP494/2023-2024/682 - Purchase of furniture and fixtures for educational purposes,DEPUTY COMMISSIONER CACHAR_IDA,2023-06-08,Approved by IDA,318500,Unsanctioned
MPLADS-059891,Rajdeep Roy,Lok Sabha,Assam,SILCHAR,Silchar,24,,,Normal/Others,WS/MP494/2023-2024/683 - Purchase of furniture and fixtures for educational purposes,DEPUTY COMMISSIONER CACHAR_IDA,2023-06-08,Approved by IDA,318500,Unsanctioned
MPLADS-059892,Rajdeep Roy,Lok Sabha,Assam,SILCHAR,Silchar,28,,,Normal/Others,WS/MP494/2023-2024/684 - Purchase of furniture and fixtures for educational purposes,DEPUTY COMMISSIONER CACHAR_IDA,2023-06-08,Approved by IDA,273000,Unsanctioned
MPLADS-059893,Rajdeep Roy,Lok Sabha,Assam,SILCHAR,Silchar,12,,,Normal/Others,WS/MP494/2023-2024/685 - Purchase of furniture and fixtures for educational purposes,DEPUTY COMMISSIONER CACHAR_IDA,2023-06-08,Approved by IDA,273000,Unsanctioned
MPLADS-059894,Rajdeep Roy,Lok Sabha,Assam,SILCHAR,Silchar,13,,,Normal/Others,WS/MP494/2023-2024/686 - Purchase of furniture and fixtures for educational purposes,DEPUTY COMMISSIONER CACHAR_IDA,2023-06-08,Approved by IDA,273000,Unsanctioned
MPLADS-059895,Rajdeep Roy,Lok Sabha,Assam,SILCHAR,Silchar,14,,,Normal/Others,WS/MP494/2023-2024/687 - Purchase of furniture and fixtures for educational purposes,DEPUTY COMMISSIONER CACHAR_IDA,2023-06-08,Approved by IDA,273000,Unsanctioned
MPLADS-059896,Rajdeep Roy,Lok Sabha,Assam,SILCHAR,Silchar,24,,,Normal/Others,WS/MP494/2023-2024/688 - Purchase of furniture and fixtures for educational purposes,DEPUTY COMMISSIONER CACHAR_IDA,2023-06-08,Approved by IDA,318500,Unsanctioned
MPLADS-059898,Rajdeep Roy,Lok Sabha,Assam,SILCHAR,,,NARSINGPUR,Kajidahar Pt I,Normal/Others,WS/MP494/2023-2024/712 - Purchase of furniture and fixtures for educational purposes,DEPUTY COMMISSIONER CACHAR_IDA,2023-06-08,Approved by IDA,273000,Unsanctioned
MPLADS-059903,Rajdeep Roy,Lok Sabha,Assam,SILCHAR,,,UDHARBOND,Kachipur Pt I,Normal/Others,WS/MP494/2023-2024/711 - Purchase of furniture and fixtures for educational purposes,DEPUTY COMMISSIONER CACHAR_IDA,2023-06-08,Approved by IDA,318500,Unsanctioned
