WORK_ID,MP_NAME,HOUSE,STATE,CONSTITUENCY,CITY,WARD,BLOCK,VILLAGE,WORK_CATEGORY,WORK_DESCRIPTION,IMPLEMENTING_AUTHORITY,RECOMMENDED_DATE,IDA_APPROVAL,ALLOCATION_AMOUNT,STATUS
MPLADS-000044,Dr Sukanta Majumdar ,Lok Sabha,West Bengal,BALURGHAT,Balurghat,Baidyanathpara (OG) - Ward No.25,,,Normal/Others,NA - Street lights,DISTRICT MAGISTRATE DINAJPUR DAKSHIN_IDA,2024-03-03,Action Pending,35000,Unsanctioned
MPLADS-000062,Dr Sukanta Majumdar ,Lok Sabha,West Bengal,BALURGHAT,Balurghat,Baidyanathpara (OG) - Ward No.25,,,Normal/Others,NA - Street lights,DISTRICT MAGISTRATE DINAJPUR DAKSHIN_IDA,2024-03-03,Action Pending,35000,Unsanctioned
MPLADS-000063,Dr Sukanta Majumdar ,Lok Sabha,West Bengal,BALURGHAT,Balurghat,Baidyanathpara (OG) - Ward No.25,,,Normal/Others,NA - Street lights,DISTRICT MAGISTRATE DINAJPUR DAKSHIN_IDA,2024-03-03,Action Pending,35000,Unsanctioned
MPLADS-000064,Dr Sukanta Majumdar ,Lok Sabha,West Bengal,BALURGHAT,Balurghat,Baidyanathpara (OG) - Ward No.25,,,Normal/Others,NA - Street lights,DISTRICT MAGISTRATE DINAJPUR DAKSHIN_IDA,2024-03-03,Action Pending,35000,Unsanctioned
MPLADS-000065,Shri Dilip Ghosh ,Lok Sabha,West Bengal,MEDINIPUR,Medinipur,Medinipur (M) - Ward No.9,,,Normal/Others,NA - Construction of rooms and halls in school and colleges,DISTRICT MAGISTRATE PASCHIM MEDINIPUR_IDA,2024-03-03,Action Pending,1800000,Unsanctioned
MPLADS-000066,Shri Dilip Ghosh ,Lok Sabha,West Bengal,MEDINIPUR,Kharagpur,Kharagpur (M) - Ward No.23,,,Normal/Others,NA - Construction of rooms and halls in school and colleges,DISTRICT MAGISTRATE PASCHIM MEDINIPUR_IDA,2024-03-03,Action Pending,952002,Unsanctioned
MPLADS-000068,Adhir Ranjan Chowdhury ,Lok Sabha,West Bengal,BAHARAMPUR,Berhampore,Baharampur (M) - Ward No.22,,,Normal/Others,NA - Installing community drinking water plants,DISTRICT MAGISTRATE MURSHIDABAD_IDA,2024-03-03,Action Pending,1085000,Unsanctioned
MPLADS-000078,Dr Sukanta Majumdar ,Lok Sabha,West Bengal,BALURGHAT,Balurghat,Baidyanathpara (OG) - Ward No.25,,,Normal/Others,NA - Street lights,DISTRICT MAGISTRATE DINAJPUR DAKSHIN_IDA,2024-03-03,Action Pending,35000,Unsanctioned
MPLADS-001373,Shri Abu Hasem Khan Choudhury ,Lok Sabha,West Bengal,MALDAHA DAKSHIN,English Bazar,English Bazar (M) - Ward No.10,,,Normal/Others,"NA - Purchase of ambulances (Four, three and two wheelers)",DISTRICT MAGISTRATE MALDA_IDA,2024-02-18,Action Pending,2500000,Unsanctioned
MPLADS-001786,Adhir Ranjan Chowdhury ,Lok Sabha,West Bengal,BAHARAMPUR,Berhampore,Baharampur (M) - Ward No.25,,,Normal/Others,NA - Installing community drinking water plants,DISTRICT MAGISTRATE MURSHIDABAD_IDA,2024-02-13,Action Pending,1085000,Unsanctioned
MPLADS-001830,Adhir Ranjan Chowdhury ,Lok Sabha,West Bengal,BAHARAMPUR,Berhampore,Baharampur (M) - Ward No.15,,,Normal/Others,NA - Installing community drinking water plants,DISTRICT MAGISTRATE MURSHIDABAD_IDA,2024-02-13,Action Pending,1085000,Unsanctioned
MPLADS-001836,Shatrughan Sinha,Lok Sabha,West Bengal,ASANSOL,Asansol,Asansol (M Corp.) - Ward No.31,,,Normal/Others,"NA - Purchase of IT systems, including hardware and software for educational purposes",DISTRICT MAGISTRATE PASCHIM BARDHAMAN_IDA,2024-02-12,Action Pending,1000000,Unsanctioned
MPLADS-001837,Shatrughan Sinha,Lok Sabha,West Bengal,ASANSOL,Asansol,Asansol (M Corp.) - Ward No.88,,,Normal/Others,NA - Purchase of hospital equipment,DISTRICT MAGISTRATE PASCHIM BARDHAMAN_IDA,2024-02-12,Action Pending,164000,Unsanctioned
MPLADS-001838,Shatrughan Sinha,Lok Sabha,West Bengal,ASANSOL,Asansol,Asansol (M Corp.) - Ward No.88,,,Normal/Others,NA - Purchase of sanitary pad vending machine and incinerators,DISTRICT MAGISTRATE PASCHIM BARDHAMAN_IDA,2024-02-12,Action Pending,16000,Unsanctioned
MPLADS-001839,Shatrughan Sinha,Lok Sabha,West Bengal,ASANSOL,Asansol,Asansol (M Corp.) - Ward No.20,,,Normal/Others,NA - Lighting of public spaces,DISTRICT MAGISTRATE PASCHIM BARDHAMAN_IDA,2024-02-12,Action Pending,400000,Unsanctioned
MPLADS-001840,Shatrughan Sinha,Lok Sabha,West Bengal,ASANSOL,Asansol,Asansol (M Corp.) - Ward No.76,,,Normal/Others,NA - Purchase of sanitary pad vending machine and incinerators,DISTRICT MAGISTRATE PASCHIM BARDHAMAN_IDA,2024-02-12,Action Pending,16000,Unsanctioned
MPLADS-001841,Shatrughan Sinha,Lok Sabha,West Bengal,ASANSOL,Asansol,Asansol (M Corp.) - Ward No.52,,,Normal/Others,NA - Purchase of sanitary pad vending machine and incinerators,DISTRICT MAGISTRATE PASCHIM BARDHAMAN_IDA,2024-02-12,Action Pending,32000,Unsanctioned
MPLADS-001847,Shatrughan Sinha,Lok Sabha,West Bengal,ASANSOL,Asansol,Asansol (M Corp.) - Ward No.36,,,Normal/Others,NA - Construction of New Building,DISTRICT MAGISTRATE PASCHIM BARDHAMAN_IDA,2024-02-12,Action Pending,3600000,Unsanctioned
MPLADS-001848,Shatrughan Sinha,Lok Sabha,West Bengal,ASANSOL,Asansol,Asansol (M Corp.) - Ward No.40,,,Normal/Others,NA - Purchase of sanitary pad vending machine and incinerators,DISTRICT MAGISTRATE PASCHIM BARDHAMAN_IDA,2024-02-12,Action Pending,16000,Unsanctioned
MPLADS-001849,Shatrughan Sinha,Lok Sabha,West Bengal,ASANSOL,Asansol,Asansol (M Corp.) - Ward No.76,,,Normal/Others,NA - Installing community drinking water plants,DISTRICT MAGISTRATE PASCHIM BARDHAMAN_IDA,2024-02-12,Action Pending,150000,Unsanctioned
MPLADS-001850,Prasun Banerjee,Lok Sabha,West Bengal,HOWRAH,Howrah,Haora (M Corp) - Ward No.46,,,Normal/Others,NA - Lighting of public spaces,DISTRICT MAGISTRATE HOWRAH_IDA,2024-02-12,Action Pending,1414820,Unsanctioned
MPLADS-001851,Prasun Banerjee,Lok Sabha,West Bengal,HOWRAH,Howrah,Haora (M Corp) - Ward No.1,,,Normal/Others,NA - Lighting of public spaces,DISTRICT MAGISTRATE HOWRAH_IDA,2024-02-12,Action Pending,585000,Unsanctioned
MPLADS-001852,Prasun Banerjee,Lok Sabha,West Bengal,HOWRAH,Howrah,Haora (M Corp) - Ward No.62,,,Normal/Others,NA - Lighting of public spaces,DISTRICT MAGISTRATE HOWRAH_IDA,2024-02-12,Action Pending,1288347,Unsanctioned
MPLADS-001895,Shatrughan Sinha,Lok Sabha,West Bengal,ASANSOL,Asansol,Asansol (M Corp.) - Ward No.22,,,Normal/Others,NA - Improvement of electricity distribution infrastructure,DISTRICT MAGISTRATE PASCHIM BARDHAMAN_IDA,2024-02-12,Action Pending,500000,Unsanctioned
MPLADS-001915,Shatrughan Sinha,Lok Sabha,West Bengal,ASANSOL,Asansol,Asansol (M Corp.) - Ward No.52,,,Normal/Others,NA - Installation of multi-gym equipment,DISTRICT MAGISTRATE PASCHIM BARDHAMAN_IDA,2024-02-12,Action Pending,445000,Unsanctioned
MPLADS-001930,Ms Debasree Chaudhuri,Lok Sabha,West Bengal,RAIGANJ,Kaliaganj,Kaliaganj (M) - Ward No.2,,,Normal/Others,NA - Street lights,DISTRICT MAGISTRATE UTTAR DINAJPUR_IDA,2024-02-11,Action Pending,477936,Unsanctioned
MPLADS-001932,Ms Debasree Chaudhuri,Lok Sabha,West Bengal,RAIGANJ,Kaliaganj,Kaliaganj (M) - Ward No.12,,,Normal/Others,NA - Street lights,DISTRICT MAGISTRATE UTTAR DINAJPUR_IDA,2024-02-11,Action Pending,477936,Unsanctioned
MPLADS-001933,Ms Debasree Chaudhuri,Lok Sabha,West Bengal,RAIGANJ,Kaliaganj,Kaliaganj (M) - Ward No.14,,,Normal/Others,NA - Street lights,DISTRICT MAGISTRATE UTTAR DINAJPUR_IDA,2024-02-11,Action Pending,477936,Unsanctioned
MPLADS-001934,Ms Debasree Chaudhuri,Lok Sabha,West Bengal,RAIGANJ,Kaliaganj,Kaliaganj (M) - Ward No.8,,,Normal/Others,NA - Street lights,DISTRICT MAGISTRATE UTTAR DINAJPUR_IDA,2024-02-11,Action Pending,477936,Unsanctioned
MPLADS-001935,Ms Debasree Chaudhuri,Lok Sabha,West Bengal,RAIGANJ,Kaliaganj,Kaliaganj (M) - Ward No.11,,,Normal/Others,NA - Street lights,DISTRICT MAGISTRATE UTTAR DINAJPUR_IDA,2024-02-11,Action Pending,477936,Unsanctioned
MPLADS-001937,Ms Debasree Chaudhuri,Lok Sabha,West Bengal,RAIGANJ,Kaliaganj,Kaliaganj (M) - Ward No.10,,,Normal/Others,NA - Street lights,DISTRICT MAGISTRATE UTTAR DINAJPUR_IDA,2024-02-11,Action Pending,477936,Unsanctioned
MPLADS-001938,Ms Debasree Chaudhuri,Lok Sabha,West Bengal,RAIGANJ,Kaliaganj,Kaliaganj (M) - Ward No.17,,,Normal/Others,NA - Street lights,DISTRICT MAGISTRATE UTTAR DINAJPUR_IDA,2024-02-11,Action Pending,477936,Unsanctioned
MPLADS-001939,Ms Debasree Chaudhuri,Lok Sabha,West Bengal,RAIGANJ,Kaliaganj,Kaliaganj (M) - Ward No.16,,,Normal/Others,NA - Street lights,DISTRICT MAGISTRATE UTTAR DINAJPUR_IDA,2024-02-11,Action Pending,477936,Unsanctioned
MPLADS-001940,Ms Debasree Chaudhuri,Lok Sabha,West Bengal,RAIGANJ,Kaliaganj,Kaliaganj (M) - Ward No.5,,,Normal/Others,NA - Street lights,DISTRICT MAGISTRATE UTTAR DINAJPUR_IDA,2024-02-11,Action Pending,477936,Unsanctioned
MPLADS-001942,Ms Debasree Chaudhuri,Lok Sabha,West Bengal,RAIGANJ,Kaliaganj,Kaliaganj (M) - Ward No.15,,,Normal/Others,NA - Street lights,DISTRICT MAGISTRATE UTTAR DINAJPUR_IDA,2024-02-11,Action Pending,477936,Unsanctioned
MPLADS-002748,SHRI Abhishek Manu Singhvi,Rajya Sabha,West Bengal,Sitting Rajya Sabha,Kamarhati,Kamarhati (M) - Ward No.17,,,Normal/Others,NA - Construction of rooms and halls in school and colleges,DISTRICT MAGISTRATE NORTH TWENTY FOUR PARGANAS_IDA,2024-02-07,Action Pending,5500000,Unsanctioned
MPLADS-002877,Shri Abhishek Banerjee ,Lok Sabha,West Bengal,DIAMOND HARBOUR,Maheshtala,Ward-22,,,Normal/Others,"NA - Construction of roads, link roads, pathways or any other road with or without drainage system",DISTRICT MAGISTRATE SOUTH TWENTY FOUR PARGANAS_IDA,2024-02-05,Action Pending,200113,Unsanctioned
MPLADS-003461,SHRI Bikash Ranjan Bhattacharya,Rajya Sabha,West Bengal,Sitting Rajya Sabha,,,Panskura,Ratulia,Repair and Renovation,"NA - Construction of roads, link roads, pathways or any other road with or without drainage system",DISTRICT MAGISTRATE PURBA MEDINIPUR_IDA,2024-01-29,Action Pending,5000000,Unsanctioned
MPLADS-003502,Shri Arjun Singh ,Lok Sabha,West Bengal,BARRACKPUR,Bhatpara,34,,,Normal/Others,NA - Lighting of public spaces,DISTRICT MAGISTRATE NORTH TWENTY FOUR PARGANAS_IDA,2024-01-28,Action Pending,250000,Unsanctioned
MPLADS-003510,Shri Arjun Singh ,Lok Sabha,West Bengal,BARRACKPUR,Titagarh,22,,,Normal/Others,NA - Lighting of public spaces,DISTRICT MAGISTRATE NORTH TWENTY FOUR PARGANAS_IDA,2024-01-28,Action Pending,500000,Unsanctioned
MPLADS-003512,Shri Arjun Singh ,Lok Sabha,West Bengal,BARRACKPUR,Bhatpara,17,,,Normal/Others,NA - Lighting of public spaces,DISTRICT MAGISTRATE NORTH TWENTY FOUR PARGANAS_IDA,2024-01-28,Action Pending,1600000,Unsanctioned
MPLADS-003524,Shri Arjun Singh ,Lok Sabha,West Bengal,BARRACKPUR,Titagarh,8,,,Normal/Others,"NA - Purchase of IT systems, including hardware and software for educational purposes",DISTRICT MAGISTRATE NORTH TWENTY FOUR PARGANAS_IDA,2024-01-28,Action Pending,291460,Unsanctioned
MPLADS-003804,Abu Taher Khan,Lok Sabha,West Bengal,MURSHIDABAD,Berhampore,na,,,Normal/Others,"NA - Purchase of prosthetics, wheel chairs, tricycles (manual or motorized), elect scooties, hearing aids",DISTRICT MAGISTRATE MURSHIDABAD_IDA,2024-01-26,Action Pending,4830000,Unsanctioned
MPLADS-003807,Dr Kakoli Ghosh Dastidar,Lok Sabha,West Bengal,BARASAT,Madhyamgram,02,,,Normal/Others,NA - Providing drains and gutters for public drainage,DISTRICT MAGISTRATE NORTH TWENTY FOUR PARGANAS_IDA,2024-01-26,Action Pending,92000,Unsanctioned
MPLADS-003808,Abu Taher Khan,Lok Sabha,West Bengal,MURSHIDABAD,Murshidabad,ward 10,,,Normal/Others,"NA - Retrofitting, preservation or conservation of heritage and archaeological monuments and buildings",DISTRICT MAGISTRATE MURSHIDABAD_IDA,2024-01-26,Action Pending,3500000,Unsanctioned
MPLADS-003809,Abu Taher Khan,Lok Sabha,West Bengal,MURSHIDABAD,Murshidabad,warno-7,,,Repair and Renovation,"NA - Retrofitting, preservation or conservation of heritage and archaeological monuments and buildings",DISTRICT MAGISTRATE MURSHIDABAD_IDA,2024-01-26,Action Pending,2000000,Unsanctioned
MPLADS-003810,Abu Taher Khan,Lok Sabha,West Bengal,MURSHIDABAD,Murshidabad,Ward no -12,,,Normal/Others,NA - Construction of flood control embankments,DISTRICT MAGISTRATE MURSHIDABAD_IDA,2024-01-26,Action Pending,3373964,Unsanctioned
MPLADS-003811,Abu Taher Khan,Lok Sabha,West Bengal,MURSHIDABAD,Murshidabad,Ward no-12,,,Normal/Others,NA - construction of staircase/ stair ghat for public convenience,DISTRICT MAGISTRATE MURSHIDABAD_IDA,2024-01-26,Action Pending,748020,Unsanctioned
MPLADS-003812,Abu Taher Khan,Lok Sabha,West Bengal,MURSHIDABAD,Murshidabad,Murshidabad (M) - Ward No.10,,,Normal/Others,NA - Construction of community centers and community halls,DISTRICT MAGISTRATE MURSHIDABAD_IDA,2024-01-26,Action Pending,1129846,Unsanctioned
MPLADS-003996,Dr Jayanta Kumar Roy ,Lok Sabha,West Bengal,JALPAIGURI(SC),Jalpaiguri,25,,,Normal/Others,NA - Community Toilets,DISTRICT MAGISTRATE JALPAIGURI_IDA,2024-01-25,Action Pending,1663451,Unsanctioned
MPLADS-004018,Shri Abhishek Banerjee ,Lok Sabha,West Bengal,DIAMOND HARBOUR,Maheshtala,Ward No-10,,,Normal/Others,"NA - Construction of roads, link roads, pathways or any other road with or without drainage system",DISTRICT MAGISTRATE SOUTH TWENTY FOUR PARGANAS_IDA,2024-01-25,Action Pending,800000,Unsanctioned
MPLADS-004019,Dr Jayanta Kumar Roy ,Lok Sabha,West Bengal,JALPAIGURI(SC),Jalpaiguri,22,,,Normal/Others,NA - Construction of rooms and halls in school and colleges,DISTRICT MAGISTRATE JALPAIGURI_IDA,2024-01-25,Action Pending,3831094,Unsanctioned
MPLADS-005085,Subhash Sarkar ,Lok Sabha,West Bengal,BANKURA,Bankura,"Ward: 5, Ward: 13, Ward: 19, Ward: 23",,,Normal/Others,NA - Street lights,DISTRICT MAGISTRATE BANKURA_IDA,2024-01-24,Action Pending,500000,Unsanctioned
MPLADS-005086,Shatrughan Sinha,Lok Sabha,West Bengal,ASANSOL,Asansol,06,,,Normal/Others,NA - Construction of buildings for community cultural activities,DISTRICT MAGISTRATE PASCHIM BARDHAMAN_IDA,2024-01-24,Action Pending,800000,Unsanctioned
MPLADS-005363,Adhir Ranjan Chowdhury ,Lok Sabha,West Bengal,BAHARAMPUR,Berhampore,21,,,Normal/Others,NA - Installation of fixed garden gym equipment,DISTRICT MAGISTRATE MURSHIDABAD_IDA,2024-01-23,Action Pending,975000,Unsanctioned
MPLADS-005517,Kalyan Banerjee ,Lok Sabha,West Bengal,SREERAMPUR,Rishra,4,,,Normal/Others,NA - Construction of rooms and halls in school and colleges,DISTRICT MAGISTRATE HOOGHLY_IDA,2024-01-22,Action Pending,673858,Unsanctioned
MPLADS-005526,Kalyan Banerjee ,Lok Sabha,West Bengal,SREERAMPUR,Baidyabati,9,,,Normal/Others,"NA - Purchase of ambulances (Four, three and two wheelers)",DISTRICT MAGISTRATE HOOGHLY_IDA,2024-01-22,Action Pending,834367,Unsanctioned
MPLADS-005527,Kalyan Banerjee ,Lok Sabha,West Bengal,SREERAMPUR,Rishra,4,,,Normal/Others,NA - Installing community drinking water plants,DISTRICT MAGISTRATE HOOGHLY_IDA,2024-01-22,Action Pending,388112,Unsanctioned
MPLADS-006243,Abu Taher Khan,Lok Sabha,West Bengal,MURSHIDABAD,Domkal,WARD 11,,,Normal/Others,NA - Construction of additional rooms and halls in the existing public and community building,DISTRICT MAGISTRATE MURSHIDABAD_IDA,2024-01-19,Action Pending,3788404,Unsanctioned
MPLADS-006244,Ms Nusrat Jahan Ruhi ,Lok Sabha,West Bengal,BASIRHAT,Basirhat,04,,,Normal/Others,NA - Purchase of non-conventional energy system and devices for community use,DISTRICT MAGISTRATE NORTH TWENTY FOUR PARGANAS_IDA,2024-01-19,Action Pending,3000000,Unsanctioned
MPLADS-006246,Ms Nusrat Jahan Ruhi ,Lok Sabha,West Bengal,BASIRHAT,Basirhat,09,,,Normal/Others,NA - Lighting of public spaces,DISTRICT MAGISTRATE NORTH TWENTY FOUR PARGANAS_IDA,2024-01-19,Action Pending,500000,Unsanctioned
MPLADS-006360,Asit Kumar Mal ,Lok Sabha,West Bengal,BOLPUR(SC),Guskara,13 no,,,Normal/Others,"NA - Construction of roads, link roads, pathways or any other road with or without drainage system",DISTRICT MAGISTRATE PURBA BARDHAMAN_IDA,2024-01-18,Action Pending,1000000,Unsanctioned
MPLADS-006897,Ms Mimi Chakraborty ,Lok Sabha,West Bengal,JADAVPUR,Kolkata,WARD NUMBER - 105,,,Normal/Others,NA - Lighting of public spaces,COMMISSIONER KOLKATA MUNICIPAL CORPORATION_IDA,2024-01-17,Action Pending,1000000,Unsanctioned
MPLADS-008400,Adhir Ranjan Chowdhury ,Lok Sabha,West Bengal,BAHARAMPUR,Beldanga,14,,,Normal/Others,NA - Installing community drinking water plants,DISTRICT MAGISTRATE MURSHIDABAD_IDA,2024-01-11,Action Pending,1085000,Unsanctioned
MPLADS-008401,Adhir Ranjan Chowdhury ,Lok Sabha,West Bengal,BAHARAMPUR,Berhampore,21,,,Normal/Others,NA - Installing community drinking water plants,DISTRICT MAGISTRATE MURSHIDABAD_IDA,2024-01-11,Action Pending,1085000,Unsanctioned
MPLADS-008402,Adhir Ranjan Chowdhury ,Lok Sabha,West Bengal,BAHARAMPUR,Berhampore,22,,,Normal/Others,NA - Installing community drinking water plants,DISTRICT MAGISTRATE MURSHIDABAD_IDA,2024-01-11,Action Pending,1085000,Unsanctioned
MPLADS-008403,Adhir Ranjan Chowdhury ,Lok Sabha,West Bengal,BAHARAMPUR,Berhampore,16,,,Normal/Others,NA - Installing community drinking water plants,DISTRICT MAGISTRATE MURSHIDABAD_IDA,2024-01-11,Action Pending,1085000,Unsanctioned
MPLADS-008404,Adhir Ranjan Chowdhury ,Lok Sabha,West Bengal,BAHARAMPUR,Berhampore,3,,,Normal/Others,NA - Installing community drinking water plants,DISTRICT MAGISTRATE MURSHIDABAD_IDA,2024-01-11,Action Pending,1085000,Unsanctioned
MPLADS-008405,Adhir Ranjan Chowdhury ,Lok Sabha,West Bengal,BAHARAMPUR,Berhampore,21,,,Normal/Others,NA - Construction of rooms and halls in school and colleges,DISTRICT MAGISTRATE MURSHIDABAD_IDA,2024-01-11,Action Pending,2505000,Unsanctioned
MPLADS-008406,Adhir Ranjan Chowdhury ,Lok Sabha,West Bengal,BAHARAMPUR,Berhampore,2,,,Normal/Others,NA - Construction of culverts and bridges,DISTRICT MAGISTRATE MURSHIDABAD_IDA,2024-01-11,Action Pending,4800000,Unsanctioned
MPLADS-008407,Adhir Ranjan Chowdhury ,Lok Sabha,West Bengal,BAHARAMPUR,Berhampore,16,,,Normal/Others,NA - Renovation of ponds and lakes,DISTRICT MAGISTRATE MURSHIDABAD_IDA,2024-01-11,Action Pending,400000,Unsanctioned
MPLADS-008408,Adhir Ranjan Chowdhury ,Lok Sabha,West Bengal,BAHARAMPUR,Berhampore,7,,,Normal/Others,"NA - Construction of roads, link roads, pathways or any other road with or without drainage system",DISTRICT MAGISTRATE MURSHIDABAD_IDA,2024-01-11,Action Pending,260000,Unsanctioned
MPLADS-008409,Smt Sajda Ahmed,Lok Sabha,West Bengal,ULUBERIA,Uluberia,23,,,Normal/Others,"NA - Purchase of ambulances (Four, three and two wheelers)",DISTRICT MAGISTRATE HOWRAH_IDA,2024-01-11,Action Pending,1900000,Unsanctioned
MPLADS-008522,Mala Roy,Lok Sabha,West Bengal,KOLKATA DAKSHIN,Kolkata,71,,,Normal/Others,"WS/MP484/2023-2024/79674 - Purchase of prosthetics, wheel chairs, tricycles (manual or motorized), elect scooties, hearing aids",COMMISSIONER KOLKATA MUNICIPAL CORPORATION_IDA,2024-01-10,Approved by IDA,5760000,Unsanctioned
MPLADS-008613,Smt Locket Chatterjee ,Lok Sabha,West Bengal,HOOGHLY,Hooghly Chinsurah,WARD 19,,,Normal/Others,NA - Lighting of public spaces,DISTRICT MAGISTRATE HOOGHLY_IDA,2024-01-09,Action Pending,378000,Unsanctioned
MPLADS-008614,Smt Satabdi Roy (Banerjee) ,Lok Sabha,West Bengal,BIRBHUM,Dubrajpur,16,,,Normal/Others,NA - Construction of common work sheds/ common covered sitting area,DISTRICT MAGISTRATE BIRBHUM_IDA,2024-01-09,Action Pending,741000,Unsanctioned
MPLADS-008615,Smt Satabdi Roy (Banerjee) ,Lok Sabha,West Bengal,BIRBHUM,Dubrajpur,7,,,Normal/Others,NA - Construction of common work sheds/ common covered sitting area,DISTRICT MAGISTRATE BIRBHUM_IDA,2024-01-09,Action Pending,980000,Unsanctioned
MPLADS-010222,Shri SS Ahluwalia ,Lok Sabha,West Bengal,BARDHAMAN-DURGAPUR,Barddhaman,Ward No. 11,,,Normal/Others,NA - Providing supply pipelines for drinking water,DISTRICT MAGISTRATE PURBA BARDHAMAN_IDA,2024-01-04,Action Pending,330000,Unsanctioned
MPLADS-010223,Abu Taher Khan,Lok Sabha,West Bengal,MURSHIDABAD,Jiaganj Azimganj,Ward no 12,,,Normal/Others,"NA - Construction of roads, approach roads, link roads and pathways",DISTRICT MAGISTRATE MURSHIDABAD_IDA,2024-01-04,Action Pending,4002350,Unsanctioned
MPLADS-010224,Abu Taher Khan,Lok Sabha,West Bengal,MURSHIDABAD,Jiaganj Azimganj,Ward no-03 & 4,,,Normal/Others,"NA - Construction of roads, link roads, pathways or any other road with or without drainage system",DISTRICT MAGISTRATE MURSHIDABAD_IDA,2024-01-04,Action Pending,6684201,Unsanctioned
MPLADS-010225,Abu Taher Khan,Lok Sabha,West Bengal,MURSHIDABAD,Jiaganj Azimganj,ward no 1 & 15,,,Normal/Others,"NA - Construction of roads, approach roads, link roads and pathways",DISTRICT MAGISTRATE MURSHIDABAD_IDA,2024-01-04,Action Pending,9081267,Unsanctioned
MPLADS-010574,Sudip Bandyopadhyay ,Lok Sabha,West Bengal,KOLKATA UTTAR,Kolkata,030,,,Normal/Others,NA - Providing CCTV camera system for security of public areas,COMMISSIONER KOLKATA MUNICIPAL CORPORATION_IDA,2024-01-02,Action Pending,500000,Unsanctioned
MPLADS-010577,Shri Arjun Singh ,Lok Sabha,West Bengal,BARRACKPUR,Halisahar,13,,,Normal/Others,NA - Development of playground,DISTRICT MAGISTRATE NORTH TWENTY FOUR PARGANAS_IDA,2024-01-02,Action Pending,3500000,Unsanctioned
MPLADS-010578,Shri Arjun Singh ,Lok Sabha,West Bengal,BARRACKPUR,North Barrackpore,11,,,Normal/Others,NA - Development of playground,DISTRICT MAGISTRATE NORTH TWENTY FOUR PARGANAS_IDA,2024-01-02,Action Pending,2500000,Unsanctioned
MPLADS-010579,Sudip Bandyopadhyay ,Lok Sabha,West Bengal,KOLKATA UTTAR,Kolkata,054,,,Normal/Others,NA - Construction of rooms and halls in school and colleges,COMMISSIONER KOLKATA MUNICIPAL CORPORATION_IDA,2024-01-02,Action Pending,1000000,Unsanctioned
MPLADS-010580,Sudip Bandyopadhyay ,Lok Sabha,West Bengal,KOLKATA UTTAR,Kolkata,029,,,Normal/Others,NA - Construction of rooms and halls in school and colleges,COMMISSIONER KOLKATA MUNICIPAL CORPORATION_IDA,2024-01-02,Action Pending,480000,Unsanctioned
MPLADS-010581,Sudip Bandyopadhyay ,Lok Sabha,West Bengal,KOLKATA UTTAR,Kolkata,010,,,Normal/Others,NA - Construction of additional rooms and halls in the existing public and community building,COMMISSIONER KOLKATA MUNICIPAL CORPORATION_IDA,2024-01-02,Action Pending,993168,Unsanctioned
MPLADS-010582,Sudip Bandyopadhyay ,Lok Sabha,West Bengal,KOLKATA UTTAR,Kolkata,030,,,Normal/Others,NA - Street lights,COMMISSIONER KOLKATA MUNICIPAL CORPORATION_IDA,2024-01-02,Action Pending,1000000,Unsanctioned
MPLADS-010583,Dr Kakoli Ghosh Dastidar,Lok Sabha,West Bengal,BARASAT,Bidhannagar,31,,,Normal/Others,"NA - Purchase of ambulances (Four, three and two wheelers)",DISTRICT MAGISTRATE NORTH TWENTY FOUR PARGANAS_IDA,2024-01-02,Action Pending,1478000,Unsanctioned
MPLADS-011058,Khagen Murmu,Lok Sabha,West Bengal,MALDAHA UTTAR,Old Malda,3,,,Normal/Others,NA - Construction of community centers and community halls,DISTRICT MAGISTRATE MALDA_IDA,2023-12-31,Action Pending,1050000,Unsanctioned
MPLADS-011562,Abu Taher Khan,Lok Sabha,West Bengal,MURSHIDABAD,Domkal,11,,,Normal/Others,NA - Construction of boundary walls of existing public and community buildings,DISTRICT MAGISTRATE MURSHIDABAD_IDA,2023-12-29,Action Pending,1772425,Unsanctioned
MPLADS-011583,Abu Taher Khan,Lok Sabha,West Bengal,MURSHIDABAD,Domkal,11,,,Normal/Others,NA - Construction of additional rooms and halls in the existing public and community building,DISTRICT MAGISTRATE MURSHIDABAD_IDA,2023-12-29,Action Pending,6191249,Unsanctioned
MPLADS-011767,Mala Roy,Lok Sabha,West Bengal,KOLKATA DAKSHIN,Kolkata,63,,,Normal/Others,"WS/MP484/2023-2024/70727 - Purchase of IT systems, including hardware and software for educational purposes",COMMISSIONER KOLKATA MUNICIPAL CORPORATION_IDA,2023-12-28,Approved by IDA,2260000,Unsanctioned
MPLADS-011768,Mala Roy,Lok Sabha,West Bengal,KOLKATA DAKSHIN,Kolkata,117,,,Normal/Others,NA - Construction of footpaths and pedestrian ways,COMMISSIONER KOLKATA MUNICIPAL CORPORATION_IDA,2023-12-28,Action Pending,1480000,Unsanctioned
MPLADS-011952,Sudip Bandyopadhyay ,Lok Sabha,West Bengal,KOLKATA UTTAR,Kolkata,013,,,Normal/Others,NA - Development of public parks,COMMISSIONER KOLKATA MUNICIPAL CORPORATION_IDA,2023-12-27,Action Pending,2500000,Unsanctioned
MPLADS-011954,Sudip Bandyopadhyay ,Lok Sabha,West Bengal,KOLKATA UTTAR,Kolkata,042,,,Normal/Others,NA - Providing CCTV camera system for security of public areas,COMMISSIONER KOLKATA MUNICIPAL CORPORATION_IDA,2023-12-27,Action Pending,2000000,Unsanctioned
MPLADS-011957,Shri Dibyendu Adhikari ,Lok Sabha,West Bengal,TAMLUK,Haldia,9,,,Normal/Others,"NA - Purchase of ambulances (Four, three and two wheelers)",DISTRICT MAGISTRATE PURBA MEDINIPUR_IDA,2023-12-27,Action Pending,915000,Unsanctioned
MPLADS-012949,SHRI Jawahar Sircar,Rajya Sabha,West Bengal,Sitting Rajya Sabha,,,Raghunathganj - I,Ramchandrabati,Normal/Others,"NA - Construction of roads, approach roads, link roads and pathways",DISTRICT MAGISTRATE MURSHIDABAD_IDA,2023-12-23,Action Pending,11200000,Unsanctioned
MPLADS-012951,SHRI Abir Ranjan Biswas,Rajya Sabha,West Bengal,Sitting Rajya Sabha,,,Gazole,Alal,Normal/Others,"NA - Construction of roads, approach roads, link roads and pathways",DISTRICT MAGISTRATE MALDA_IDA,2023-12-23,Action Pending,2679604,Unsanctioned
MPLADS-012961,SHRI Abir Ranjan Biswas,Rajya Sabha,West Bengal,Sitting Rajya Sabha,,,Habibpur,Habibpur,Normal/Others,"NA - Construction of roads, approach roads, link roads and pathways",DISTRICT MAGISTRATE MALDA_IDA,2023-12-23,Action Pending,14835199,Unsanctioned
MPLADS-012962,SHRI Abir Ranjan Biswas,Rajya Sabha,West Bengal,Sitting Rajya Sabha,,,Harischandrapur - I,Barui,Normal/Others,"NA - Construction of roads, approach roads, link roads and pathways",DISTRICT MAGISTRATE MALDA_IDA,2023-12-23,Action Pending,910000,Unsanctioned
MPLADS-012963,SHRI Abir Ranjan Biswas,Rajya Sabha,West Bengal,Sitting Rajya Sabha,,,English Bazar,Binodpur,Normal/Others,"NA - Construction of roads, approach roads, link roads and pathways",DISTRICT MAGISTRATE MALDA_IDA,2023-12-23,Action Pending,1145781,Unsanctioned
MPLADS-012964,SHRI Abir Ranjan Biswas,Rajya Sabha,West Bengal,Sitting Rajya Sabha,,,Gazole,Bahirgachhi,Normal/Others,"NA - Construction of roads, approach roads, link roads and pathways",DISTRICT MAGISTRATE MALDA_IDA,2023-12-23,Action Pending,1340409,Unsanctioned
MPLADS-012965,SHRI Abir Ranjan Biswas,Rajya Sabha,West Bengal,Sitting Rajya Sabha,,,Ratua - I,Ratua,Normal/Others,"NA - Construction of roads, approach roads, link roads and pathways",DISTRICT MAGISTRATE MALDA_IDA,2023-12-23,Action Pending,4187550,Unsanctioned
MPLADS-012966,SHRI Abir Ranjan Biswas,Rajya Sabha,West Bengal,Sitting Rajya Sabha,,,Gazole,Alal,Normal/Others,"NA - Construction of roads, approach roads, link roads and pathways",DISTRICT MAGISTRATE MALDA_IDA,2023-12-23,Action Pending,807261,Unsanctioned
MPLADS-012967,SHRI Abir Ranjan Biswas,Rajya Sabha,West Bengal,Sitting Rajya Sabha,,,Gazole,Alal,Normal/Others,"NA - Construction of roads, approach roads, link roads and pathways",DISTRICT MAGISTRATE MALDA_IDA,2023-12-23,Action Pending,2857600,Unsanctioned
MPLADS-012968,SHRI Abir Ranjan Biswas,Rajya Sabha,West Bengal,Sitting Rajya Sabha,,,Gazole,Sahazadpur,Normal/Others,"NA - Construction of roads, approach roads, link roads and pathways",DISTRICT MAGISTRATE MALDA_IDA,2023-12-23,Action Pending,2575481,Unsanctioned
MPLADS-012969,SHRI Abir Ranjan Biswas,Rajya Sabha,West Bengal,Sitting Rajya Sabha,,,Harischandrapur - II,Daulatpur,Normal/Others,"NA - Construction of roads, approach roads, link roads and pathways",DISTRICT MAGISTRATE MALDA_IDA,2023-12-23,Action Pending,4595921,Unsanctioned
MPLADS-012970,SHRI Abir Ranjan Biswas,Rajya Sabha,West Bengal,Sitting Rajya Sabha,,,Habibpur,Jajail,Normal/Others,"NA - Construction of roads, approach roads, link roads and pathways",DISTRICT MAGISTRATE MALDA_IDA,2023-12-23,Action Pending,235732,Unsanctioned
MPLADS-012971,SHRI Abir Ranjan Biswas,Rajya Sabha,West Bengal,Sitting Rajya Sabha,,,Gazole,Sahazadpur,Normal/Others,"NA - Construction of roads, approach roads, link roads and pathways",DISTRICT MAGISTRATE MALDA_IDA,2023-12-23,Action Pending,804731,Unsanctioned
MPLADS-013131,Subhash Sarkar ,Lok Sabha,West Bengal,BANKURA,Bankura,20,,,Normal/Others,NA - Street lights,DISTRICT MAGISTRATE BANKURA_IDA,2023-12-23,Action Pending,300000,Unsanctioned
MPLADS-013185,Subhash Sarkar ,Lok Sabha,West Bengal,BANKURA,Bankura,12,,,Normal/Others,NA - Renovation of ponds and lakes,DISTRICT MAGISTRATE BANKURA_IDA,2023-12-23,Action Pending,500000,Unsanctioned
MPLADS-013526,Subhash Sarkar ,Lok Sabha,West Bengal,BANKURA,Bankura,8,,,Normal/Others,NA - Construction of buildings for multi-gym,DISTRICT MAGISTRATE BANKURA_IDA,2023-12-22,Action Pending,300000,Unsanctioned
MPLADS-013527,Subhash Sarkar ,Lok Sabha,West Bengal,BANKURA,Bankura,8,,,Normal/Others,NA - Installation of multi-gym equipment,DISTRICT MAGISTRATE BANKURA_IDA,2023-12-22,Action Pending,1030000,Unsanctioned
MPLADS-013528,Sudip Bandyopadhyay ,Lok Sabha,West Bengal,KOLKATA UTTAR,Kolkata,029,,,Normal/Others,WS/MP867/2023-2024/67993 - Lighting of public spaces,COMMISSIONER KOLKATA MUNICIPAL CORPORATION_IDA,2023-12-22,Approved by IDA,900000,Sanctioned
MPLADS-013772,Ms Debasree Chaudhuri,Lok Sabha,West Bengal,RAIGANJ,Raiganj,5,,,Normal/Others,NA - Construction of additional rooms and halls in the existing public and community building,DISTRICT MAGISTRATE UTTAR DINAJPUR_IDA,2023-12-21,Action Pending,1000000,Unsanctioned
MPLADS-013773,Ms Debasree Chaudhuri,Lok Sabha,West Bengal,RAIGANJ,Raiganj,2,,,Normal/Others,NA - Installing community drinking water plants,DISTRICT MAGISTRATE UTTAR DINAJPUR_IDA,2023-12-21,Action Pending,350000,Unsanctioned
MPLADS-013774,Ms Debasree Chaudhuri,Lok Sabha,West Bengal,RAIGANJ,Raiganj,13,,,Normal/Others,NA - Installing community drinking water plants,DISTRICT MAGISTRATE UTTAR DINAJPUR_IDA,2023-12-21,Action Pending,350000,Unsanctioned
MPLADS-013775,Ms Debasree Chaudhuri,Lok Sabha,West Bengal,RAIGANJ,Raiganj,14,,,Normal/Others,NA - Installing community drinking water plants,DISTRICT MAGISTRATE UTTAR DINAJPUR_IDA,2023-12-21,Action Pending,350000,Unsanctioned
MPLADS-013776,Ms Debasree Chaudhuri,Lok Sabha,West Bengal,RAIGANJ,Raiganj,14,,,Normal/Others,NA - Installing community drinking water plants,DISTRICT MAGISTRATE UTTAR DINAJPUR_IDA,2023-12-21,Action Pending,350000,Unsanctioned
MPLADS-013777,Ms Debasree Chaudhuri,Lok Sabha,West Bengal,RAIGANJ,Raiganj,21,,,Normal/Others,NA - Installing community drinking water plants,DISTRICT MAGISTRATE UTTAR DINAJPUR_IDA,2023-12-21,Action Pending,350000,Unsanctioned
MPLADS-013778,Ms Debasree Chaudhuri,Lok Sabha,West Bengal,RAIGANJ,Raiganj,Raiganj (M) - Ward No.23,,,Normal/Others,NA - Installing community drinking water plants,DISTRICT MAGISTRATE UTTAR DINAJPUR_IDA,2023-12-21,Action Pending,350000,Unsanctioned
MPLADS-013779,Ms Debasree Chaudhuri,Lok Sabha,West Bengal,RAIGANJ,Raiganj,6,,,Normal/Others,NA - Installing community drinking water plants,DISTRICT MAGISTRATE UTTAR DINAJPUR_IDA,2023-12-21,Action Pending,350000,Unsanctioned
MPLADS-013780,Ms Debasree Chaudhuri,Lok Sabha,West Bengal,RAIGANJ,Raiganj,14,,,Normal/Others,NA - Construction of additional rooms and halls in the existing public and community building,DISTRICT MAGISTRATE UTTAR DINAJPUR_IDA,2023-12-21,Action Pending,600000,Unsanctioned
MPLADS-013801,Ms Debasree Chaudhuri,Lok Sabha,West Bengal,RAIGANJ,Raiganj,8,,,Normal/Others,NA - Installing community drinking water plants,DISTRICT MAGISTRATE UTTAR DINAJPUR_IDA,2023-12-21,Action Pending,525000,Unsanctioned
MPLADS-013802,Ms Mimi Chakraborty ,Lok Sabha,West Bengal,JADAVPUR,Kolkata,Ward Number 110,,,Normal/Others,WS/MP432/2023-2024/67116 - Lighting of public spaces,COMMISSIONER KOLKATA MUNICIPAL CORPORATION_IDA,2023-12-21,Approved by IDA,1260399,Unsanctioned
MPLADS-013803,Smt Satabdi Roy (Banerjee) ,Lok Sabha,West Bengal,BIRBHUM,Dubrajpur,word No - 12,,,Normal/Others,NA - Construction of common work sheds/ common covered sitting area,DISTRICT MAGISTRATE BIRBHUM_IDA,2023-12-21,Action Pending,980000,Unsanctioned
MPLADS-013823,Ms Mimi Chakraborty ,Lok Sabha,West Bengal,JADAVPUR,Rajpur Sonarpur,Ward Number 18,,,Normal/Others,"NA - Purchase of smart boards, visual display units and projectors",DISTRICT MAGISTRATE SOUTH TWENTY FOUR PARGANAS_IDA,2023-12-21,Action Pending,500000,Unsanctioned
MPLADS-013824,Sudip Bandyopadhyay ,Lok Sabha,West Bengal,KOLKATA UTTAR,Kolkata,032,,,Normal/Others,NA - Development of playground,COMMISSIONER KOLKATA MUNICIPAL CORPORATION_IDA,2023-12-21,Action Pending,1000000,Unsanctioned
MPLADS-013825,Dr Jayanta Kumar Roy ,Lok Sabha,West Bengal,JALPAIGURI(SC),Dhupguri,10,,,Normal/Others,NA - Installing community drinking water plants,DISTRICT MAGISTRATE JALPAIGURI_IDA,2023-12-21,Action Pending,349985,Unsanctioned
MPLADS-013826,Ms Mimi Chakraborty ,Lok Sabha,West Bengal,JADAVPUR,Rajpur Sonarpur,Ward Number 12,,,Normal/Others,NA - Street lights,DISTRICT MAGISTRATE SOUTH TWENTY FOUR PARGANAS_IDA,2023-12-21,Action Pending,107350,Unsanctioned
MPLADS-013827,Ms Mimi Chakraborty ,Lok Sabha,West Bengal,JADAVPUR,Rajpur Sonarpur,Ward Number 12,,,Normal/Others,NA - Street lights,DISTRICT MAGISTRATE SOUTH TWENTY FOUR PARGANAS_IDA,2023-12-21,Action Pending,107350,Unsanctioned
MPLADS-013828,Ms Mimi Chakraborty ,Lok Sabha,West Bengal,JADAVPUR,Rajpur Sonarpur,Ward Number 12,,,Normal/Others,NA - Street lights,DISTRICT MAGISTRATE SOUTH TWENTY FOUR PARGANAS_IDA,2023-12-21,Action Pending,107350,Unsanctioned
MPLADS-013829,Ms Mimi Chakraborty ,Lok Sabha,West Bengal,JADAVPUR,Rajpur Sonarpur,Ward Number 12,,,Normal/Others,NA - Street lights,DISTRICT MAGISTRATE SOUTH TWENTY FOUR PARGANAS_IDA,2023-12-21,Action Pending,107350,Unsanctioned
MPLADS-013830,Ms Mimi Chakraborty ,Lok Sabha,West Bengal,JADAVPUR,Rajpur Sonarpur,Ward Number 12,,,Normal/Others,NA - Street lights,DISTRICT MAGISTRATE SOUTH TWENTY FOUR PARGANAS_IDA,2023-12-21,Action Pending,107350,Unsanctioned
MPLADS-013831,Ms Mimi Chakraborty ,Lok Sabha,West Bengal,JADAVPUR,Kolkata,Ward Number 105,,,Repair and Renovation,NA - Construction of common work sheds/ common covered sitting area,COMMISSIONER KOLKATA MUNICIPAL CORPORATION_IDA,2023-12-21,Action Pending,500000,Unsanctioned
MPLADS-013832,Sudip Bandyopadhyay ,Lok Sabha,West Bengal,KOLKATA UTTAR,Kolkata,055,,,Normal/Others,NA - Street lights,COMMISSIONER KOLKATA MUNICIPAL CORPORATION_IDA,2023-12-21,Action Pending,500000,Unsanctioned
MPLADS-013834,Sudip Bandyopadhyay ,Lok Sabha,West Bengal,KOLKATA UTTAR,Kolkata,029,,,Normal/Others,NA - Street lights,COMMISSIONER KOLKATA MUNICIPAL CORPORATION_IDA,2023-12-21,Rejected by IDA,900000,Unsanctioned
MPLADS-013835,Sudip Bandyopadhyay ,Lok Sabha,West Bengal,KOLKATA UTTAR,Kolkata,051,,,Normal/Others,NA - Purchase of sports equipment,COMMISSIONER KOLKATA MUNICIPAL CORPORATION_IDA,2023-12-21,Action Pending,46750,Unsanctioned
MPLADS-013836,Mala Roy,Lok Sabha,West Bengal,KOLKATA DAKSHIN,Kolkata,75,,,Normal/Others,WS/MP484/2023-2024/67533 - Construction of community centers and community halls,COMMISSIONER KOLKATA MUNICIPAL CORPORATION_IDA,2023-12-21,Approved by IDA,500000,Unsanctioned
MPLADS-013837,Mala Roy,Lok Sabha,West Bengal,KOLKATA DAKSHIN,Kolkata,75,,,Normal/Others,NA - Improvement of electricity distribution infrastructure,COMMISSIONER KOLKATA MUNICIPAL CORPORATION_IDA,2023-12-21,Action Pending,200000,Unsanctioned
MPLADS-013838,Mala Roy,Lok Sabha,West Bengal,KOLKATA DAKSHIN,Kolkata,75,,,Normal/Others,NA - Construction of community centers and community halls,COMMISSIONER KOLKATA MUNICIPAL CORPORATION_IDA,2023-12-21,Action Pending,630000,Unsanctioned
MPLADS-013839,Mala Roy,Lok Sabha,West Bengal,KOLKATA DAKSHIN,Kolkata,80,,,Normal/Others,NA - Providing drains and gutters for public drainage,COMMISSIONER KOLKATA MUNICIPAL CORPORATION_IDA,2023-12-21,Action Pending,2670000,Unsanctioned
MPLADS-013840,Smt Sajda Ahmed,Lok Sabha,West Bengal,ULUBERIA,Uluberia,04,,,Normal/Others,NA - Construction of rooms and halls in school and colleges,DISTRICT MAGISTRATE HOWRAH_IDA,2023-12-21,Action Pending,700000,Unsanctioned
MPLADS-014146,SHRI Abir Ranjan Biswas,Rajya Sabha,West Bengal,Sitting Rajya Sabha,,,SANKRAIL,Kultikri,Normal/Others,"NA - Construction of roads, approach roads, link roads and pathways",DISTRICT MAGISTRATE JHARGRAM_IDA,2023-12-21,Action Pending,3394710,Unsanctioned
MPLADS-014147,SHRI Abir Ranjan Biswas,Rajya Sabha,West Bengal,Sitting Rajya Sabha,,,GOPIBALLAVPUR-I,Satma (Kortir),Normal/Others,"NA - Construction of roads, approach roads, link roads and pathways",DISTRICT MAGISTRATE JHARGRAM_IDA,2023-12-21,Action Pending,23347593,Unsanctioned
MPLADS-014148,SHRI Abir Ranjan Biswas,Rajya Sabha,West Bengal,Sitting Rajya Sabha,,,GOPIBALLAVPUR-I,Alampur Pirasimul,Normal/Others,"NA - Construction of roads, approach roads, link roads and pathways",DISTRICT MAGISTRATE JHARGRAM_IDA,2023-12-21,Action Pending,16624206,Unsanctioned
MPLADS-014149,SHRI Abir Ranjan Biswas,Rajya Sabha,West Bengal,Sitting Rajya Sabha,,,BINPUR-II,Kanko,Normal/Others,"NA - Construction of roads, approach roads, link roads and pathways",DISTRICT MAGISTRATE JHARGRAM_IDA,2023-12-21,Action Pending,14377593,Unsanctioned
MPLADS-014150,SHRI Abir Ranjan Biswas,Rajya Sabha,West Bengal,Sitting Rajya Sabha,,,HABIBPUR,Habibpur,Normal/Others,"NA - Construction of roads, approach roads, link roads and pathways",DISTRICT MAGISTRATE MALDA_IDA,2023-12-21,Action Pending,7697158,Unsanctioned
MPLADS-014151,Smt Mausam Noor,Rajya Sabha,West Bengal,Sitting Rajya Sabha,,,KARANDIGHI,Lahutara,Normal/Others,"NA - Construction of roads, approach roads, link roads and pathways",DISTRICT MAGISTRATE UTTAR DINAJPUR_IDA,2023-12-21,Action Pending,4903167,Unsanctioned
MPLADS-014152,Smt Mausam Noor,Rajya Sabha,West Bengal,Sitting Rajya Sabha,,,GOALPOKHAR II,Sarjapur,Normal/Others,"NA - Construction of roads, approach roads, link roads and pathways",DISTRICT MAGISTRATE UTTAR DINAJPUR_IDA,2023-12-21,Action Pending,8435993,Unsanctioned
MPLADS-014153,Smt Mausam Noor,Rajya Sabha,West Bengal,Sitting Rajya Sabha,,,RAIGANJ,Gobindapur,Normal/Others,"NA - Construction of roads, approach roads, link roads and pathways",DISTRICT MAGISTRATE UTTAR DINAJPUR_IDA,2023-12-21,Action Pending,2480308,Unsanctioned
MPLADS-014154,SHRI Subhasish Chakrobarty,Rajya Sabha,West Bengal,Sitting Rajya Sabha,,,MATHABHANGA-I,Kharija Kesharibari,Normal/Others,"NA - Construction of roads, approach roads, link roads and pathways",DISTRICT MAGISTRATE COOCHBEHAR_IDA,2023-12-21,Action Pending,11465872,Unsanctioned
MPLADS-014155,SHRI Subhasish Chakrobarty,Rajya Sabha,West Bengal,Sitting Rajya Sabha,,,MATHABHANGA-I,Khaterbari,Normal/Others,"NA - Construction of roads, approach roads, link roads and pathways",DISTRICT MAGISTRATE COOCHBEHAR_IDA,2023-12-21,Action Pending,6970236,Unsanctioned
MPLADS-014156,SHRI Subrata Bakshi,Rajya Sabha,West Bengal,Sitting Rajya Sabha,,,TEHATTA-II,Barnia,Normal/Others,"NA - Construction of roads, approach roads, link roads and pathways",DISTRICT MAGISTRATE NADIA_IDA,2023-12-21,Action Pending,2369412,Unsanctioned
MPLADS-014157,SHRI Subhasish Chakrobarty,Rajya Sabha,West Bengal,Sitting Rajya Sabha,,,MATHABHANGA II,Ruidanga Dwitia Khanda,Normal/Others,"NA - Construction of roads, approach roads, link roads and pathways",DISTRICT MAGISTRATE COOCHBEHAR_IDA,2023-12-21,Action Pending,6142731,Unsanctioned
MPLADS-014158,SHRI Subhasish Chakrobarty,Rajya Sabha,West Bengal,Sitting Rajya Sabha,,,BHAGAWANGOLA-I,Dakshin Hanumanta Nagar,Normal/Others,"NA - Construction of roads, approach roads, link roads and pathways",DISTRICT MAGISTRATE MURSHIDABAD_IDA,2023-12-21,Action Pending,500000,Unsanctioned
MPLADS-014159,SHRI Subhasish Chakrobarty,Rajya Sabha,West Bengal,Sitting Rajya Sabha,,,KANDI,Jasohari,Normal/Others,"NA - Construction of roads, approach roads, link roads and pathways",DISTRICT MAGISTRATE MURSHIDABAD_IDA,2023-12-21,Action Pending,50000,Unsanctioned
MPLADS-014160,SHRI Subhasish Chakrobarty,Rajya Sabha,West Bengal,Sitting Rajya Sabha,,,KANDI,Gokarna,Normal/Others,"NA - Construction of roads, approach roads, link roads and pathways",DISTRICT MAGISTRATE MURSHIDABAD_IDA,2023-12-21,Action Pending,1200000,Unsanctioned
MPLADS-014161,SHRI Abir Ranjan Biswas,Rajya Sabha,West Bengal,Sitting Rajya Sabha,,,SANKRAIL,Ragra,Normal/Others,"NA - Construction of roads, approach roads, link roads and pathways",DISTRICT MAGISTRATE JHARGRAM_IDA,2023-12-21,Action Pending,6756157,Unsanctioned
MPLADS-014162,SHRI Abir Ranjan Biswas,Rajya Sabha,West Bengal,Sitting Rajya Sabha,,,SANKRAIL,Sankrail,Normal/Others,"NA - Construction of roads, approach roads, link roads and pathways",DISTRICT MAGISTRATE JHARGRAM_IDA,2023-12-21,Action Pending,5827314,Unsanctioned
MPLADS-014163,SHRI Santanu Sen,Rajya Sabha,West Bengal,Sitting Rajya Sabha,,,KARIMPUR-II,Narayanpur,Normal/Others,"NA - Construction of roads, approach roads, link roads and pathways",DISTRICT MAGISTRATE NADIA_IDA,2023-12-21,Action Pending,8792722,Unsanctioned
MPLADS-014164,SHRI Santanu Sen,Rajya Sabha,West Bengal,Sitting Rajya Sabha,,,RANAGHAT-II,Arranghata Narayanpur,Normal/Others,"NA - Construction of roads, approach roads, link roads and pathways",DISTRICT MAGISTRATE NADIA_IDA,2023-12-21,Action Pending,8398120,Unsanctioned
MPLADS-014165,SHRI Santanu Sen,Rajya Sabha,West Bengal,Sitting Rajya Sabha,,,TEHATTA-II,Baraia,Normal/Others,"NA - Construction of roads, approach roads, link roads and pathways",DISTRICT MAGISTRATE NADIA_IDA,2023-12-21,Action Pending,949722,Unsanctioned
MPLADS-014166,SHRI Santanu Sen,Rajya Sabha,West Bengal,Sitting Rajya Sabha,,,CHAKDAH,Silinda,Normal/Others,"NA - Construction of roads, approach roads, link roads and pathways",DISTRICT MAGISTRATE NADIA_IDA,2023-12-21,Action Pending,300000,Unsanctioned
MPLADS-014167,SHRI Santanu Sen,Rajya Sabha,West Bengal,Sitting Rajya Sabha,,,CHAKDAH,Ghetu Gachhi,Normal/Others,"NA - Construction of roads, approach roads, link roads and pathways",DISTRICT MAGISTRATE NADIA_IDA,2023-12-21,Action Pending,8492987,Unsanctioned
MPLADS-014168,SHRI Santanu Sen,Rajya Sabha,West Bengal,Sitting Rajya Sabha,,,CHAKDAH,Hing Nara,Normal/Others,"NA - Construction of roads, approach roads, link roads and pathways",DISTRICT MAGISTRATE NADIA_IDA,2023-12-21,Action Pending,8492987,Unsanctioned
MPLADS-014169,SHRI Santanu Sen,Rajya Sabha,West Bengal,Sitting Rajya Sabha,,,CHAKDAH,Chanduria (CT),Normal/Others,"NA - Construction of roads, approach roads, link roads and pathways",DISTRICT MAGISTRATE NADIA_IDA,2023-12-21,Action Pending,3231851,Unsanctioned
MPLADS-014170,SHRI Santanu Sen,Rajya Sabha,West Bengal,Sitting Rajya Sabha,,,RANAGHAT-II,Kamargaria,Normal/Others,"NA - Construction of roads, approach roads, link roads and pathways",DISTRICT MAGISTRATE NADIA_IDA,2023-12-21,Action Pending,2616474,Unsanctioned
MPLADS-014171,SHRI Santanu Sen,Rajya Sabha,West Bengal,Sitting Rajya Sabha,,,RANAGHAT-I,Ukhil Nara,Normal/Others,"NA - Construction of roads, approach roads, link roads and pathways",DISTRICT MAGISTRATE NADIA_IDA,2023-12-21,Action Pending,130000,Unsanctioned
MPLADS-014172,SHRI Santanu Sen,Rajya Sabha,West Bengal,Sitting Rajya Sabha,,,KALIGANJ,Debagram,Normal/Others,"NA - Construction of roads, approach roads, link roads and pathways",DISTRICT MAGISTRATE NADIA_IDA,2023-12-21,Action Pending,2921091,Unsanctioned
MPLADS-014173,SHRI Santanu Sen,Rajya Sabha,West Bengal,Sitting Rajya Sabha,,,RANAGHAT-I,Ukhil Nara,Normal/Others,"NA - Construction of roads, approach roads, link roads and pathways",DISTRICT MAGISTRATE NADIA_IDA,2023-12-21,Action Pending,60000,Unsanctioned
MPLADS-014174,SHRI Santanu Sen,Rajya Sabha,West Bengal,Sitting Rajya Sabha,,,RANAGHAT-I,Gopalpur (CT),Normal/Others,"NA - Construction of roads, approach roads, link roads and pathways",DISTRICT MAGISTRATE NADIA_IDA,2023-12-21,Action Pending,750000,Unsanctioned
MPLADS-014175,SHRI Santanu Sen,Rajya Sabha,West Bengal,Sitting Rajya Sabha,,,RANAGHAT-I,Mashunda,Normal/Others,"NA - Construction of roads, approach roads, link roads and pathways",DISTRICT MAGISTRATE NADIA_IDA,2023-12-21,Action Pending,1238564,Unsanctioned
MPLADS-014176,SHRI Santanu Sen,Rajya Sabha,West Bengal,Sitting Rajya Sabha,,,KALIGANJ,Juranpur,Normal/Others,"NA - Construction of roads, approach roads, link roads and pathways",DISTRICT MAGISTRATE NADIA_IDA,2023-12-21,Action Pending,495000,Unsanctioned
MPLADS-014177,SHRI Santanu Sen,Rajya Sabha,West Bengal,Sitting Rajya Sabha,,,KALIGANJ,Juranpur,Normal/Others,"NA - Construction of roads, approach roads, link roads and pathways",DISTRICT MAGISTRATE NADIA_IDA,2023-12-21,Action Pending,490000,Unsanctioned
MPLADS-014178,SHRI Santanu Sen,Rajya Sabha,West Bengal,Sitting Rajya Sabha,,,KALIGANJ,Debagram,Normal/Others,"NA - Construction of roads, approach roads, link roads and pathways",DISTRICT MAGISTRATE NADIA_IDA,2023-12-21,Action Pending,640482,Unsanctioned
MPLADS-014179,SHRI Subhasish Chakrobarty,Rajya Sabha,West Bengal,Sitting Rajya Sabha,,,RANINAGAR-I,Tekaraipur,Normal/Others,"NA - Construction of roads, approach roads, link roads and pathways",DISTRICT MAGISTRATE MURSHIDABAD_IDA,2023-12-21,Action Pending,500000,Unsanctioned
MPLADS-014180,SHRI Subhasish Chakrobarty,Rajya Sabha,West Bengal,Sitting Rajya Sabha,,,MATHABHANGA II,Bara Saulmari,Normal/Others,"NA - Construction of roads, approach roads, link roads and pathways",DISTRICT MAGISTRATE COOCHBEHAR_IDA,2023-12-21,Action Pending,4510431,Unsanctioned
MPLADS-014181,SHRI Subhasish Chakrobarty,Rajya Sabha,West Bengal,Sitting Rajya Sabha,,,MEKLIGANJ,Mekliganj (P),Normal/Others,"NA - Construction of roads, approach roads, link roads and pathways",DISTRICT MAGISTRATE COOCHBEHAR_IDA,2023-12-21,Action Pending,8941616,Unsanctioned
MPLADS-014199,SHRI Subhasish Chakrobarty,Rajya Sabha,West Bengal,Sitting Rajya Sabha,,,MATHABHANGA II,Angarkata Paradubi,Normal/Others,"NA - Construction of roads, approach roads, link roads and pathways",DISTRICT MAGISTRATE COOCHBEHAR_IDA,2023-12-21,Action Pending,4098756,Unsanctioned
MPLADS-014200,SHRI Jawahar Sircar,Rajya Sabha,West Bengal,Sitting Rajya Sabha,,,RANINAGAR-I,Balumati,Normal/Others,"NA - Construction of roads, approach roads, link roads and pathways",DISTRICT MAGISTRATE MURSHIDABAD_IDA,2023-12-21,Action Pending,10100000,Unsanctioned
MPLADS-014201,SHRI Subhasish Chakrobarty,Rajya Sabha,West Bengal,Sitting Rajya Sabha,,,COOCH BEHAR II,Gopalpur,Normal/Others,"NA - Construction of roads, approach roads, link roads and pathways",DISTRICT MAGISTRATE COOCHBEHAR_IDA,2023-12-21,Action Pending,4068288,Unsanctioned
MPLADS-014202,SHRI Subhasish Chakrobarty,Rajya Sabha,West Bengal,Sitting Rajya Sabha,,,COOCH BEHAR II,Bararangras,Normal/Others,"NA - Construction of roads, approach roads, link roads and pathways",DISTRICT MAGISTRATE COOCHBEHAR_IDA,2023-12-21,Action Pending,17083231,Unsanctioned
MPLADS-014203,SHRI Subhasish Chakrobarty,Rajya Sabha,West Bengal,Sitting Rajya Sabha,,,COOCH BEHAR II,Bararangras,Normal/Others,"NA - Construction of roads, approach roads, link roads and pathways",DISTRICT MAGISTRATE COOCHBEHAR_IDA,2023-12-21,Action Pending,5815689,Unsanctioned
MPLADS-014204,SHRI Subhasish Chakrobarty,Rajya Sabha,West Bengal,Sitting Rajya Sabha,,,COOCH BEHAR II,Baneswar (CT),Normal/Others,"NA - Construction of roads, approach roads, link roads and pathways",DISTRICT MAGISTRATE COOCHBEHAR_IDA,2023-12-21,Action Pending,2472061,Unsanctioned
MPLADS-014205,SHRI Subhasish Chakrobarty,Rajya Sabha,West Bengal,Sitting Rajya Sabha,,,MATHABHANGA II,Unish Basa,Normal/Others,"NA - Construction of roads, approach roads, link roads and pathways",DISTRICT MAGISTRATE COOCHBEHAR_IDA,2023-12-21,Action Pending,4590701,Unsanctioned
MPLADS-014206,SHRI Subhasish Chakrobarty,Rajya Sabha,West Bengal,Sitting Rajya Sabha,,,MATHABHANGA-I,Kurshamari,Normal/Others,"NA - Construction of roads, approach roads, link roads and pathways",DISTRICT MAGISTRATE COOCHBEHAR_IDA,2023-12-21,Action Pending,4531766,Unsanctioned
MPLADS-014207,SHRI Jawahar Sircar,Rajya Sabha,West Bengal,Sitting Rajya Sabha,,,RAGHUNATHGANJ-II,Jot Kamal (CT),Normal/Others,"NA - Construction of roads, approach roads, link roads and pathways",DISTRICT MAGISTRATE MURSHIDABAD_IDA,2023-12-21,Action Pending,1700000,Unsanctioned
MPLADS-014209,SHRI Jawahar Sircar,Rajya Sabha,West Bengal,Sitting Rajya Sabha,,,SUTI-I,Harua,Normal/Others,"NA - Construction of roads, approach roads, link roads and pathways",DISTRICT MAGISTRATE MURSHIDABAD_IDA,2023-12-21,Action Pending,12500000,Unsanctioned
MPLADS-014210,SHRI Jawahar Sircar,Rajya Sabha,West Bengal,Sitting Rajya Sabha,,,SUTI-I,Bahutali,Normal/Others,"NA - Construction of roads, approach roads, link roads and pathways",DISTRICT MAGISTRATE MURSHIDABAD_IDA,2023-12-21,Action Pending,12500000,Unsanctioned
MPLADS-014596,Abu Taher Khan,Lok Sabha,West Bengal,MURSHIDABAD,Murshidabad,07,,,Normal/Others,"NA - Construction of roads, approach roads, link roads and pathways",DISTRICT MAGISTRATE MURSHIDABAD_IDA,2023-12-20,Action Pending,1633793,Unsanctioned
MPLADS-014736,SHRI Subhasish Chakrobarty,Rajya Sabha,West Bengal,Sitting Rajya Sabha,,,HABIBPUR,Habibpur,Normal/Others,"NA - Construction of roads, approach roads, link roads and pathways",DISTRICT MAGISTRATE MALDA_IDA,2023-12-20,Action Pending,2616862,Unsanctioned
MPLADS-014737,SHRI Subrata Bakshi,Rajya Sabha,West Bengal,Sitting Rajya Sabha,,,HABIBPUR,Habibpur,Normal/Others,"NA - Construction of roads, approach roads, link roads and pathways",DISTRICT MAGISTRATE MALDA_IDA,2023-12-20,Action Pending,3148476,Unsanctioned
MPLADS-014738,SHRI Subrata Bakshi,Rajya Sabha,West Bengal,Sitting Rajya Sabha,,,RAIGANJ,Gobindapur,Normal/Others,"NA - Construction of roads, approach roads, link roads and pathways",DISTRICT MAGISTRATE UTTAR DINAJPUR_IDA,2023-12-20,Action Pending,3192252,Unsanctioned
MPLADS-014739,SHRI Subrata Bakshi,Rajya Sabha,West Bengal,Sitting Rajya Sabha,,,RAGHUNATH PUR-I,Shanka,Normal/Others,"NA - Construction of roads, approach roads, link roads and pathways",DISTRICT MAGISTRATE PURULIA_IDA,2023-12-20,Action Pending,105000,Unsanctioned
MPLADS-014740,SHRI Subrata Bakshi,Rajya Sabha,West Bengal,Sitting Rajya Sabha,,,JAIPUR,Jaypur (CT),Normal/Others,"NA - Construction of roads, approach roads, link roads and pathways",DISTRICT MAGISTRATE PURULIA_IDA,2023-12-20,Action Pending,646000,Unsanctioned
MPLADS-014741,SHRI Subrata Bakshi,Rajya Sabha,West Bengal,Sitting Rajya Sabha,,,SANTURI,Santuri,Normal/Others,"NA - Construction of roads, approach roads, link roads and pathways",DISTRICT MAGISTRATE PURULIA_IDA,2023-12-20,Action Pending,5100000,Unsanctioned
MPLADS-014742,SHRI Subrata Bakshi,Rajya Sabha,West Bengal,Sitting Rajya Sabha,,,BALARAMPUR,Genrua,Normal/Others,"NA - Construction of roads, approach roads, link roads and pathways",DISTRICT MAGISTRATE PURULIA_IDA,2023-12-20,Action Pending,15750000,Unsanctioned
MPLADS-014743,SHRI Subrata Bakshi,Rajya Sabha,West Bengal,Sitting Rajya Sabha,,,BARABAZAR,Barabazar (CT),Normal/Others,"NA - Construction of roads, approach roads, link roads and pathways",DISTRICT MAGISTRATE PURULIA_IDA,2023-12-20,Action Pending,6978334,Unsanctioned
MPLADS-014744,SHRI Subhasish Chakrobarty,Rajya Sabha,West Bengal,Sitting Rajya Sabha,,,GANGARAMPUR,Jahangirpur,Normal/Others,"NA - Construction of roads, approach roads, link roads and pathways",DISTRICT MAGISTRATE DINAJPUR DAKSHIN_IDA,2023-12-20,Action Pending,4023765,Unsanctioned
MPLADS-014745,SHRI Subhasish Chakrobarty,Rajya Sabha,West Bengal,Sitting Rajya Sabha,,,GANGARAMPUR,Jahangirpur,Normal/Others,"NA - Construction of roads, approach roads, link roads and pathways",DISTRICT MAGISTRATE DINAJPUR DAKSHIN_IDA,2023-12-20,Action Pending,732426,Unsanctioned
MPLADS-014746,SHRI Subhasish Chakrobarty,Rajya Sabha,West Bengal,Sitting Rajya Sabha,,,GANGARAMPUR,Shukdebpur,Normal/Others,"NA - Construction of roads, approach roads, link roads and pathways",DISTRICT MAGISTRATE DINAJPUR DAKSHIN_IDA,2023-12-20,Action Pending,3024171,Unsanctioned
MPLADS-014747,SHRI Subhasish Chakrobarty,Rajya Sabha,West Bengal,Sitting Rajya Sabha,,,GANGARAMPUR,Nandanpur,Normal/Others,"NA - Construction of roads, approach roads, link roads and pathways",DISTRICT MAGISTRATE DINAJPUR DAKSHIN_IDA,2023-12-20,Action Pending,386397,Unsanctioned
MPLADS-014748,SHRI Subhasish Chakrobarty,Rajya Sabha,West Bengal,Sitting Rajya Sabha,,,GANGARAMPUR,Ashokgram,Normal/Others,"NA - Construction of roads, approach roads, link roads and pathways",DISTRICT MAGISTRATE DINAJPUR DAKSHIN_IDA,2023-12-20,Action Pending,2350000,Unsanctioned
MPLADS-014749,SHRI Subhasish Chakrobarty,Rajya Sabha,West Bengal,Sitting Rajya Sabha,,,GANGARAMPUR,Ashokgram,Normal/Others,"NA - Construction of roads, approach roads, link roads and pathways",DISTRICT MAGISTRATE DINAJPUR DAKSHIN_IDA,2023-12-20,Action Pending,300000,Unsanctioned
MPLADS-014750,SHRI Subhasish Chakrobarty,Rajya Sabha,West Bengal,Sitting Rajya Sabha,,,GANGARAMPUR,Ashokgram,Normal/Others,"NA - Construction of roads, approach roads, link roads and pathways",DISTRICT MAGISTRATE DINAJPUR DAKSHIN_IDA,2023-12-20,Action Pending,1625000,Unsanctioned
MPLADS-014751,SHRI Subrata Bakshi,Rajya Sabha,West Bengal,Sitting Rajya Sabha,,,JALPAIGURI,Kharia (P) (CT),Normal/Others,"NA - Construction of roads, approach roads, link roads and pathways",DISTRICT MAGISTRATE JALPAIGURI_IDA,2023-12-20,Action Pending,6000000,Unsanctioned
MPLADS-014752,SHRI Subrata Bakshi,Rajya Sabha,West Bengal,Sitting Rajya Sabha,,,KRANTI,Kranti,Normal/Others,"NA - Construction of roads, approach roads, link roads and pathways",DISTRICT MAGISTRATE JALPAIGURI_IDA,2023-12-20,Action Pending,7200000,Unsanctioned
MPLADS-014753,SHRI Subrata Bakshi,Rajya Sabha,West Bengal,Sitting Rajya Sabha,,,MAYNAGURI,Saptibari,Normal/Others,"NA - Construction of roads, approach roads, link roads and pathways",DISTRICT MAGISTRATE JALPAIGURI_IDA,2023-12-20,Action Pending,8000000,Unsanctioned
MPLADS-014754,SHRI Subrata Bakshi,Rajya Sabha,West Bengal,Sitting Rajya Sabha,,,MAYNAGURI,Ramsai,Normal/Others,"NA - Construction of roads, approach roads, link roads and pathways",DISTRICT MAGISTRATE JALPAIGURI_IDA,2023-12-20,Action Pending,2000000,Unsanctioned
MPLADS-014756,SHRI Subrata Bakshi,Rajya Sabha,West Bengal,Sitting Rajya Sabha,,,MAYNAGURI,Chura Bhandar,Normal/Others,"NA - Construction of roads, approach roads, link roads and pathways",DISTRICT MAGISTRATE JALPAIGURI_IDA,2023-12-20,Action Pending,3000000,Unsanctioned
MPLADS-014757,SHRI Subrata Bakshi,Rajya Sabha,West Bengal,Sitting Rajya Sabha,,,MAYNAGURI,Barnes,Normal/Others,"NA - Construction of roads, approach roads, link roads and pathways",DISTRICT MAGISTRATE JALPAIGURI_IDA,2023-12-20,Action Pending,4000000,Unsanctioned
MPLADS-014760,MD Nadimul Haque,Rajya Sabha,West Bengal,Sitting Rajya Sabha,,,SAINTHIA,Bharamarkol,Normal/Others,"NA - Construction of roads, link roads, pathways or any other road with or without drainage system",DISTRICT MAGISTRATE BIRBHUM_IDA,2023-12-20,Action Pending,17692914,Unsanctioned
MPLADS-014789,SHRI Subrata Bakshi,Rajya Sabha,West Bengal,Sitting Rajya Sabha,,,MAYNAGURI,Amguri,Normal/Others,"NA - Construction of roads, approach roads, link roads and pathways",DISTRICT MAGISTRATE JALPAIGURI_IDA,2023-12-20,Action Pending,20000000,Unsanctioned
MPLADS-014790,SHRI Subrata Bakshi,Rajya Sabha,West Bengal,Sitting Rajya Sabha,,,MAYNAGURI,Dakshin Khagrabari (CT),Normal/Others,"NA - Construction of roads, approach roads, link roads and pathways",DISTRICT MAGISTRATE JALPAIGURI_IDA,2023-12-20,Action Pending,2500000,Unsanctioned
MPLADS-014867,Smt Sajda Ahmed,Lok Sabha,West Bengal,ULUBERIA,Uluberia,7,,,Normal/Others,NA - Lighting of public spaces,DISTRICT MAGISTRATE HOWRAH_IDA,2023-12-19,Action Pending,150000,Unsanctioned
MPLADS-014887,Ms Mimi Chakraborty ,Lok Sabha,West Bengal,JADAVPUR,Rajpur Sonarpur,Wrad Number -23,,,Normal/Others,"NA - Construction of roads, approach roads, link roads and pathways",DISTRICT MAGISTRATE SOUTH TWENTY FOUR PARGANAS_IDA,2023-12-19,Action Pending,1484850,Unsanctioned
MPLADS-014888,Smt Sajda Ahmed,Lok Sabha,West Bengal,ULUBERIA,Uluberia,1,,,Normal/Others,NA - Lighting of public spaces,DISTRICT MAGISTRATE HOWRAH_IDA,2023-12-19,Action Pending,150000,Unsanctioned
MPLADS-014889,Smt Sajda Ahmed,Lok Sabha,West Bengal,ULUBERIA,Uluberia,2,,,Normal/Others,NA - Lighting of public spaces,DISTRICT MAGISTRATE HOWRAH_IDA,2023-12-19,Action Pending,150000,Unsanctioned
MPLADS-014890,Smt Sajda Ahmed,Lok Sabha,West Bengal,ULUBERIA,Uluberia,3,,,Normal/Others,NA - Lighting of public spaces,DISTRICT MAGISTRATE HOWRAH_IDA,2023-12-19,Action Pending,150000,Unsanctioned
MPLADS-014891,Smt Sajda Ahmed,Lok Sabha,West Bengal,ULUBERIA,Uluberia,4,,,Normal/Others,NA - Lighting of public spaces,DISTRICT MAGISTRATE HOWRAH_IDA,2023-12-19,Action Pending,150000,Unsanctioned
MPLADS-014892,Smt Sajda Ahmed,Lok Sabha,West Bengal,ULUBERIA,Uluberia,5,,,Normal/Others,NA - Lighting of public spaces,DISTRICT MAGISTRATE HOWRAH_IDA,2023-12-19,Action Pending,150000,Unsanctioned
MPLADS-014921,Smt Sajda Ahmed,Lok Sabha,West Bengal,ULUBERIA,Uluberia,6,,,Normal/Others,NA - Lighting of public spaces,DISTRICT MAGISTRATE HOWRAH_IDA,2023-12-19,Action Pending,150000,Unsanctioned
MPLADS-014922,Smt Sajda Ahmed,Lok Sabha,West Bengal,ULUBERIA,Uluberia,8,,,Normal/Others,NA - Lighting of public spaces,DISTRICT MAGISTRATE HOWRAH_IDA,2023-12-19,Action Pending,150000,Unsanctioned
MPLADS-014924,Smt Sajda Ahmed,Lok Sabha,West Bengal,ULUBERIA,Uluberia,9,,,Normal/Others,NA - Lighting of public spaces,DISTRICT MAGISTRATE HOWRAH_IDA,2023-12-19,Action Pending,150000,Unsanctioned
MPLADS-014951,Ms Debasree Chaudhuri,Lok Sabha,West Bengal,RAIGANJ,Raiganj,2,,,Normal/Others,NA - Construction of community centers and community halls,DISTRICT MAGISTRATE UTTAR DINAJPUR_IDA,2023-12-19,Action Pending,1200000,Unsanctioned
MPLADS-014952,Ms Debasree Chaudhuri,Lok Sabha,West Bengal,RAIGANJ,Kaliaganj,17,,,Normal/Others,NA - Construction of community centers and community halls,DISTRICT MAGISTRATE UTTAR DINAJPUR_IDA,2023-12-19,Action Pending,1200000,Unsanctioned
MPLADS-014953,Smt Sajda Ahmed,Lok Sabha,West Bengal,ULUBERIA,Uluberia,21,,,Normal/Others,NA - Lighting of public spaces,DISTRICT MAGISTRATE HOWRAH_IDA,2023-12-19,Action Pending,150000,Unsanctioned
MPLADS-014954,Smt Sajda Ahmed,Lok Sabha,West Bengal,ULUBERIA,Uluberia,10,,,Normal/Others,NA - Lighting of public spaces,DISTRICT MAGISTRATE HOWRAH_IDA,2023-12-19,Action Pending,150000,Unsanctioned
MPLADS-014955,Smt Sajda Ahmed,Lok Sabha,West Bengal,ULUBERIA,Uluberia,11,,,Normal/Others,NA - Lighting of public spaces,DISTRICT MAGISTRATE HOWRAH_IDA,2023-12-19,Action Pending,150000,Unsanctioned
MPLADS-014956,Smt Sajda Ahmed,Lok Sabha,West Bengal,ULUBERIA,Uluberia,12,,,Normal/Others,NA - Lighting of public spaces,DISTRICT MAGISTRATE HOWRAH_IDA,2023-12-19,Action Pending,150000,Unsanctioned
MPLADS-014957,Smt Sajda Ahmed,Lok Sabha,West Bengal,ULUBERIA,Uluberia,13,,,Normal/Others,NA - Lighting of public spaces,DISTRICT MAGISTRATE HOWRAH_IDA,2023-12-19,Action Pending,150000,Unsanctioned
MPLADS-014958,Smt Sajda Ahmed,Lok Sabha,West Bengal,ULUBERIA,Uluberia,14,,,Normal/Others,NA - Lighting of public spaces,DISTRICT MAGISTRATE HOWRAH_IDA,2023-12-19,Action Pending,150000,Unsanctioned
MPLADS-014959,Smt Sajda Ahmed,Lok Sabha,West Bengal,ULUBERIA,Uluberia,15,,,Normal/Others,NA - Lighting of public spaces,DISTRICT MAGISTRATE HOWRAH_IDA,2023-12-19,Action Pending,150000,Unsanctioned
MPLADS-014960,Smt Sajda Ahmed,Lok Sabha,West Bengal,ULUBERIA,Uluberia,16,,,Normal/Others,NA - Lighting of public spaces,DISTRICT MAGISTRATE HOWRAH_IDA,2023-12-19,Action Pending,150000,Unsanctioned
MPLADS-014961,Smt Sajda Ahmed,Lok Sabha,West Bengal,ULUBERIA,Uluberia,17,,,Normal/Others,NA - Lighting of public spaces,DISTRICT MAGISTRATE HOWRAH_IDA,2023-12-19,Action Pending,150000,Unsanctioned
MPLADS-014962,Smt Sajda Ahmed,Lok Sabha,West Bengal,ULUBERIA,Uluberia,18,,,Normal/Others,NA - Lighting of public spaces,DISTRICT MAGISTRATE HOWRAH_IDA,2023-12-19,Action Pending,150000,Unsanctioned
MPLADS-014963,Smt Sajda Ahmed,Lok Sabha,West Bengal,ULUBERIA,Uluberia,19,,,Normal/Others,NA - Lighting of public spaces,DISTRICT MAGISTRATE HOWRAH_IDA,2023-12-19,Action Pending,150000,Unsanctioned
MPLADS-014964,Smt Sajda Ahmed,Lok Sabha,West Bengal,ULUBERIA,Uluberia,20,,,Normal/Others,NA - Lighting of public spaces,DISTRICT MAGISTRATE HOWRAH_IDA,2023-12-19,Action Pending,150000,Unsanctioned
MPLADS-014965,Smt Sajda Ahmed,Lok Sabha,West Bengal,ULUBERIA,Uluberia,22,,,Normal/Others,NA - Lighting of public spaces,DISTRICT MAGISTRATE HOWRAH_IDA,2023-12-19,Action Pending,150000,Unsanctioned
MPLADS-014966,Ms Debasree Chaudhuri,Lok Sabha,West Bengal,RAIGANJ,Islampur,12,,,Normal/Others,NA - Construction of community centers and community halls,DISTRICT MAGISTRATE UTTAR DINAJPUR_IDA,2023-12-19,Action Pending,995578,Unsanctioned
MPLADS-014967,Smt Sajda Ahmed,Lok Sabha,West Bengal,ULUBERIA,Uluberia,23,,,Normal/Others,NA - Lighting of public spaces,DISTRICT MAGISTRATE HOWRAH_IDA,2023-12-19,Action Pending,150000,Unsanctioned
MPLADS-014968,Smt Sajda Ahmed,Lok Sabha,West Bengal,ULUBERIA,Uluberia,24,,,Normal/Others,NA - Lighting of public spaces,DISTRICT MAGISTRATE HOWRAH_IDA,2023-12-19,Action Pending,150000,Unsanctioned
MPLADS-014969,Smt Sajda Ahmed,Lok Sabha,West Bengal,ULUBERIA,Uluberia,25,,,Normal/Others,NA - Lighting of public spaces,DISTRICT MAGISTRATE HOWRAH_IDA,2023-12-19,Action Pending,150000,Unsanctioned
MPLADS-014970,Smt Sajda Ahmed,Lok Sabha,West Bengal,ULUBERIA,Uluberia,26,,,Normal/Others,NA - Lighting of public spaces,DISTRICT MAGISTRATE HOWRAH_IDA,2023-12-19,Action Pending,150000,Unsanctioned
MPLADS-014971,Smt Sajda Ahmed,Lok Sabha,West Bengal,ULUBERIA,Uluberia,27,,,Normal/Others,NA - Lighting of public spaces,DISTRICT MAGISTRATE HOWRAH_IDA,2023-12-19,Action Pending,150000,Unsanctioned
MPLADS-014972,Smt Sajda Ahmed,Lok Sabha,West Bengal,ULUBERIA,Uluberia,28,,,Normal/Others,NA - Lighting of public spaces,DISTRICT MAGISTRATE HOWRAH_IDA,2023-12-19,Action Pending,150000,Unsanctioned
MPLADS-014973,Smt Sajda Ahmed,Lok Sabha,West Bengal,ULUBERIA,Uluberia,29,,,Normal/Others,NA - Lighting of public spaces,DISTRICT MAGISTRATE HOWRAH_IDA,2023-12-19,Action Pending,150000,Unsanctioned
MPLADS-014974,Smt Sajda Ahmed,Lok Sabha,West Bengal,ULUBERIA,Uluberia,30,,,Normal/Others,NA - Lighting of public spaces,DISTRICT MAGISTRATE HOWRAH_IDA,2023-12-19,Action Pending,150000,Unsanctioned
MPLADS-014975,Smt Sajda Ahmed,Lok Sabha,West Bengal,ULUBERIA,Uluberia,31,,,Normal/Others,NA - Lighting of public spaces,DISTRICT MAGISTRATE HOWRAH_IDA,2023-12-19,Action Pending,150000,Unsanctioned
MPLADS-014976,Smt Sajda Ahmed,Lok Sabha,West Bengal,ULUBERIA,Uluberia,32,,,Normal/Others,NA - Lighting of public spaces,DISTRICT MAGISTRATE HOWRAH_IDA,2023-12-19,Action Pending,150000,Unsanctioned
MPLADS-014977,Smt Sajda Ahmed,Lok Sabha,West Bengal,ULUBERIA,Uluberia,27,,,Normal/Others,NA - Lighting of public spaces,DISTRICT MAGISTRATE HOWRAH_IDA,2023-12-19,Action Pending,200000,Unsanctioned
MPLADS-015333,Ms Mimi Chakraborty ,Lok Sabha,West Bengal,JADAVPUR,Rajpur Sonarpur,Ward Number 2,,,Normal/Others,NA - Street lights,DISTRICT MAGISTRATE SOUTH TWENTY FOUR PARGANAS_IDA,2023-12-18,Action Pending,107350,Unsanctioned
MPLADS-015334,Ms Mimi Chakraborty ,Lok Sabha,West Bengal,JADAVPUR,Rajpur Sonarpur,Ward Number - 27,,,Normal/Others,NA - Street lights,DISTRICT MAGISTRATE SOUTH TWENTY FOUR PARGANAS_IDA,2023-12-18,Action Pending,107350,Unsanctioned
MPLADS-015338,Ms Mimi Chakraborty ,Lok Sabha,West Bengal,JADAVPUR,Rajpur Sonarpur,Ward Number - 30,,,Normal/Others,NA - Street lights,DISTRICT MAGISTRATE SOUTH TWENTY FOUR PARGANAS_IDA,2023-12-18,Action Pending,107350,Unsanctioned
MPLADS-015339,Ms Mimi Chakraborty ,Lok Sabha,West Bengal,JADAVPUR,Rajpur Sonarpur,Ward Number - 33,,,Normal/Others,NA - Street lights,DISTRICT MAGISTRATE SOUTH TWENTY FOUR PARGANAS_IDA,2023-12-18,Action Pending,107350,Unsanctioned
MPLADS-015340,Ms Mimi Chakraborty ,Lok Sabha,West Bengal,JADAVPUR,Rajpur Sonarpur,Ward Number - 33,,,Normal/Others,NA - Street lights,DISTRICT MAGISTRATE SOUTH TWENTY FOUR PARGANAS_IDA,2023-12-18,Action Pending,107350,Unsanctioned
MPLADS-015341,Ms Mimi Chakraborty ,Lok Sabha,West Bengal,JADAVPUR,Rajpur Sonarpur,Ward Number - 33,,,Normal/Others,NA - Street lights,DISTRICT MAGISTRATE SOUTH TWENTY FOUR PARGANAS_IDA,2023-12-18,Action Pending,107350,Unsanctioned
MPLADS-015342,Ms Mimi Chakraborty ,Lok Sabha,West Bengal,JADAVPUR,Rajpur Sonarpur,Ward Number -34,,,Normal/Others,NA - Street lights,DISTRICT MAGISTRATE SOUTH TWENTY FOUR PARGANAS_IDA,2023-12-18,Action Pending,107350,Unsanctioned
MPLADS-015343,Ms Mimi Chakraborty ,Lok Sabha,West Bengal,JADAVPUR,Rajpur Sonarpur,Ward Number - 34,,,Normal/Others,NA - Street lights,DISTRICT MAGISTRATE SOUTH TWENTY FOUR PARGANAS_IDA,2023-12-18,Action Pending,107350,Unsanctioned
MPLADS-015344,Ms Mimi Chakraborty ,Lok Sabha,West Bengal,JADAVPUR,Rajpur Sonarpur,Ward Number - 27,,,Normal/Others,NA - Street lights,DISTRICT MAGISTRATE SOUTH TWENTY FOUR PARGANAS_IDA,2023-12-18,Action Pending,107350,Unsanctioned
MPLADS-015345,Ms Mimi Chakraborty ,Lok Sabha,West Bengal,JADAVPUR,Rajpur Sonarpur,Ward Number - 27,,,Normal/Others,NA - Street lights,DISTRICT MAGISTRATE SOUTH TWENTY FOUR PARGANAS_IDA,2023-12-18,Action Pending,107350,Unsanctioned
MPLADS-015346,Ms Mimi Chakraborty ,Lok Sabha,West Bengal,JADAVPUR,Rajpur Sonarpur,Ward Number 27,,,Normal/Others,NA - Street lights,DISTRICT MAGISTRATE SOUTH TWENTY FOUR PARGANAS_IDA,2023-12-18,Action Pending,107350,Unsanctioned
MPLADS-015347,Ms Mimi Chakraborty ,Lok Sabha,West Bengal,JADAVPUR,Rajpur Sonarpur,Ward Number 2,,,Normal/Others,NA - Street lights,DISTRICT MAGISTRATE SOUTH TWENTY FOUR PARGANAS_IDA,2023-12-18,Action Pending,107350,Unsanctioned
MPLADS-015348,Ms Mimi Chakraborty ,Lok Sabha,West Bengal,JADAVPUR,Rajpur Sonarpur,Ward Number - 27,,,Normal/Others,NA - Street lights,DISTRICT MAGISTRATE SOUTH TWENTY FOUR PARGANAS_IDA,2023-12-18,Action Pending,107350,Unsanctioned
MPLADS-015349,Ms Mimi Chakraborty ,Lok Sabha,West Bengal,JADAVPUR,Rajpur Sonarpur,Ward Number - 27,,,Normal/Others,NA - Street lights,DISTRICT MAGISTRATE SOUTH TWENTY FOUR PARGANAS_IDA,2023-12-18,Action Pending,107350,Unsanctioned
MPLADS-015350,Ms Mimi Chakraborty ,Lok Sabha,West Bengal,JADAVPUR,Rajpur Sonarpur,Ward Number - 27,,,Normal/Others,NA - Street lights,DISTRICT MAGISTRATE SOUTH TWENTY FOUR PARGANAS_IDA,2023-12-18,Action Pending,107350,Unsanctioned
MPLADS-015351,Ms Mimi Chakraborty ,Lok Sabha,West Bengal,JADAVPUR,Rajpur Sonarpur,Ward Number - 27,,,Normal/Others,NA - Street lights,DISTRICT MAGISTRATE SOUTH TWENTY FOUR PARGANAS_IDA,2023-12-18,Action Pending,107350,Unsanctioned
MPLADS-015352,Ms Mimi Chakraborty ,Lok Sabha,West Bengal,JADAVPUR,Rajpur Sonarpur,Ward Number 27,,,Normal/Others,NA - Street lights,DISTRICT MAGISTRATE SOUTH TWENTY FOUR PARGANAS_IDA,2023-12-18,Action Pending,107350,Unsanctioned
MPLADS-015353,Ms Mimi Chakraborty ,Lok Sabha,West Bengal,JADAVPUR,Rajpur Sonarpur,Ward Number - 27,,,Normal/Others,NA - Street lights,DISTRICT MAGISTRATE SOUTH TWENTY FOUR PARGANAS_IDA,2023-12-18,Action Pending,107350,Unsanctioned
MPLADS-015354,Ms Mimi Chakraborty ,Lok Sabha,West Bengal,JADAVPUR,Rajpur Sonarpur,Ward Number - 8,,,Normal/Others,NA - Street lights,DISTRICT MAGISTRATE SOUTH TWENTY FOUR PARGANAS_IDA,2023-12-18,Action Pending,107350,Unsanctioned
MPLADS-015355,Ms Mimi Chakraborty ,Lok Sabha,West Bengal,JADAVPUR,Rajpur Sonarpur,Ward Number - 8,,,Normal/Others,NA - Street lights,DISTRICT MAGISTRATE SOUTH TWENTY FOUR PARGANAS_IDA,2023-12-18,Action Pending,107350,Unsanctioned
MPLADS-015364,Ms Mimi Chakraborty ,Lok Sabha,West Bengal,JADAVPUR,Rajpur Sonarpur,Ward Number 3,,,Normal/Others,NA - Street lights,DISTRICT MAGISTRATE SOUTH TWENTY FOUR PARGANAS_IDA,2023-12-18,Action Pending,107350,Unsanctioned
MPLADS-015365,Ms Mimi Chakraborty ,Lok Sabha,West Bengal,JADAVPUR,Rajpur Sonarpur,Ward Number 3,,,Normal/Others,NA - Street lights,DISTRICT MAGISTRATE SOUTH TWENTY FOUR PARGANAS_IDA,2023-12-18,Action Pending,107350,Unsanctioned
MPLADS-015366,Ms Mimi Chakraborty ,Lok Sabha,West Bengal,JADAVPUR,Rajpur Sonarpur,Ward Number -4,,,Normal/Others,NA - Street lights,DISTRICT MAGISTRATE SOUTH TWENTY FOUR PARGANAS_IDA,2023-12-18,Action Pending,107350,Unsanctioned
MPLADS-015367,Ms Mimi Chakraborty ,Lok Sabha,West Bengal,JADAVPUR,Rajpur Sonarpur,Ward Number - 4,,,Normal/Others,NA - Street lights,DISTRICT MAGISTRATE SOUTH TWENTY FOUR PARGANAS_IDA,2023-12-18,Action Pending,107350,Unsanctioned
MPLADS-015368,Ms Mimi Chakraborty ,Lok Sabha,West Bengal,JADAVPUR,Rajpur Sonarpur,Ward Number - 6,,,Normal/Others,NA - Street lights,DISTRICT MAGISTRATE SOUTH TWENTY FOUR PARGANAS_IDA,2023-12-18,Action Pending,107350,Unsanctioned
MPLADS-015369,Ms Mimi Chakraborty ,Lok Sabha,West Bengal,JADAVPUR,Rajpur Sonarpur,Ward Number 6,,,Normal/Others,NA - Street lights,DISTRICT MAGISTRATE SOUTH TWENTY FOUR PARGANAS_IDA,2023-12-18,Action Pending,107350,Unsanctioned
MPLADS-015370,Ms Mimi Chakraborty ,Lok Sabha,West Bengal,JADAVPUR,Rajpur Sonarpur,Ward Number - 7,,,Normal/Others,NA - Street lights,DISTRICT MAGISTRATE SOUTH TWENTY FOUR PARGANAS_IDA,2023-12-18,Action Pending,107350,Unsanctioned
MPLADS-015371,Ms Mimi Chakraborty ,Lok Sabha,West Bengal,JADAVPUR,Rajpur Sonarpur,Ward Number - 7,,,Normal/Others,NA - Street lights,DISTRICT MAGISTRATE SOUTH TWENTY FOUR PARGANAS_IDA,2023-12-18,Action Pending,107350,Unsanctioned
MPLADS-015372,Ms Mimi Chakraborty ,Lok Sabha,West Bengal,JADAVPUR,Rajpur Sonarpur,Ward Number 1,,,Normal/Others,NA - Street lights,DISTRICT MAGISTRATE SOUTH TWENTY FOUR PARGANAS_IDA,2023-12-18,Action Pending,107350,Unsanctioned
MPLADS-015373,Ms Mimi Chakraborty ,Lok Sabha,West Bengal,JADAVPUR,Rajpur Sonarpur,Ward Number 1,,,Normal/Others,NA - Street lights,DISTRICT MAGISTRATE SOUTH TWENTY FOUR PARGANAS_IDA,2023-12-18,Action Pending,107000,Unsanctioned
MPLADS-015374,Prof Saugata Roy ,Lok Sabha,West Bengal,DUM DUM,Khardaha,1,,,Normal/Others,"NA - Purchase of Office Furniture, Stationery, Equipment including IT Systems",DISTRICT MAGISTRATE NORTH TWENTY FOUR PARGANAS_IDA,2023-12-18,Action Pending,2000000,Unsanctioned
MPLADS-015375,Prof Saugata Roy ,Lok Sabha,West Bengal,DUM DUM,Bidhannagar,19,,,Normal/Others,"NA - Construction of roads, approach roads, link roads and pathways",DISTRICT MAGISTRATE NORTH TWENTY FOUR PARGANAS_IDA,2023-12-18,Action Pending,1179900,Unsanctioned
MPLADS-015376,Mala Roy,Lok Sabha,West Bengal,KOLKATA DAKSHIN,Kolkata,142,,,Normal/Others,WS/MP484/2023-2024/64556 - Construction of rooms and halls in school and colleges,COMMISSIONER KOLKATA MUNICIPAL CORPORATION_IDA,2023-12-18,Approved by IDA,1000000,Unsanctioned
MPLADS-015377,Mala Roy,Lok Sabha,West Bengal,KOLKATA DAKSHIN,Kolkata,64,,,Normal/Others,"NA - Construction of roads, approach roads, link roads and pathways",COMMISSIONER KOLKATA MUNICIPAL CORPORATION_IDA,2023-12-18,Action Pending,500000,Unsanctioned
MPLADS-015379,Mala Roy,Lok Sabha,West Bengal,KOLKATA DAKSHIN,Kolkata,64,,,Normal/Others,"NA - Construction of roads, approach roads, link roads and pathways",COMMISSIONER KOLKATA MUNICIPAL CORPORATION_IDA,2023-12-18,Action Pending,500000,Unsanctioned
MPLADS-015380,Mala Roy,Lok Sabha,West Bengal,KOLKATA DAKSHIN,Kolkata,64,,,Normal/Others,NA - Providing supply pipelines for drinking water,COMMISSIONER KOLKATA MUNICIPAL CORPORATION_IDA,2023-12-18,Action Pending,500000,Unsanctioned
MPLADS-015381,Mala Roy,Lok Sabha,West Bengal,KOLKATA DAKSHIN,Kolkata,132,,,Normal/Others,WS/MP484/2023-2024/64540 - Installation of multi-gym equipment,COMMISSIONER KOLKATA MUNICIPAL CORPORATION_IDA,2023-12-18,Approved by IDA,950000,Unsanctioned
MPLADS-015382,Mala Roy,Lok Sabha,West Bengal,KOLKATA DAKSHIN,Kolkata,63,,,Normal/Others,NA - Street lights,COMMISSIONER KOLKATA MUNICIPAL CORPORATION_IDA,2023-12-18,Action Pending,500000,Unsanctioned
MPLADS-015383,Mala Roy,Lok Sabha,West Bengal,KOLKATA DAKSHIN,Kolkata,91,,,Normal/Others,WS/MP484/2023-2024/64524 - Street lights,COMMISSIONER KOLKATA MUNICIPAL CORPORATION_IDA,2023-12-18,Approved by IDA,1000000,Unsanctioned
MPLADS-015384,Mala Roy,Lok Sabha,West Bengal,KOLKATA DAKSHIN,Kolkata,64,,,Normal/Others,NA - Street lights,COMMISSIONER KOLKATA MUNICIPAL CORPORATION_IDA,2023-12-18,Action Pending,500000,Unsanctioned
MPLADS-015385,Mala Roy,Lok Sabha,West Bengal,KOLKATA DAKSHIN,Kolkata,134,,,Normal/Others,WS/MP484/2023-2024/64522 - Street lights,COMMISSIONER KOLKATA MUNICIPAL CORPORATION_IDA,2023-12-18,Approved by IDA,1500000,Sanctioned
MPLADS-015386,Mala Roy,Lok Sabha,West Bengal,KOLKATA DAKSHIN,Kolkata,77,,,Normal/Others,NA - Street lights,COMMISSIONER KOLKATA MUNICIPAL CORPORATION_IDA,2023-12-18,Action Pending,493000,Unsanctioned
MPLADS-015387,Mala Roy,Lok Sabha,West Bengal,KOLKATA DAKSHIN,Kolkata,77,,,Normal/Others,NA - Street lights,COMMISSIONER KOLKATA MUNICIPAL CORPORATION_IDA,2023-12-18,Action Pending,1000000,Unsanctioned
MPLADS-016094,Smt Locket Chatterjee ,Lok Sabha,West Bengal,HOOGHLY,Hugli-Chinsurah,ward no-4,,,Normal/Others,NA - Lighting of public spaces,DISTRICT MAGISTRATE HOOGHLY_IDA,2023-12-16,Action Pending,260000,Unsanctioned
MPLADS-016095,Smt Locket Chatterjee ,Lok Sabha,West Bengal,HOOGHLY,Hugli-Chinsurah,ward no-8,,,Normal/Others,NA - Lighting of public spaces,DISTRICT MAGISTRATE HOOGHLY_IDA,2023-12-16,Action Pending,260000,Unsanctioned
MPLADS-016096,Smt Locket Chatterjee ,Lok Sabha,West Bengal,HOOGHLY,Hugli-Chinsurah,ward no-12,,,Normal/Others,NA - Lighting of public spaces,DISTRICT MAGISTRATE HOOGHLY_IDA,2023-12-16,Action Pending,260000,Unsanctioned
MPLADS-016362,Smt Locket Chatterjee ,Lok Sabha,West Bengal,HOOGHLY,Hugli-Chinsurah,ward no-8,,,Normal/Others,NA - Lighting of public spaces,DISTRICT MAGISTRATE HOOGHLY_IDA,2023-12-16,Action Pending,378000,Unsanctioned
MPLADS-016403,Smt Locket Chatterjee ,Lok Sabha,West Bengal,HOOGHLY,Bansberia,ward no-8,,,Normal/Others,NA - Lighting of public spaces,DISTRICT MAGISTRATE HOOGHLY_IDA,2023-12-16,Action Pending,260000,Unsanctioned
MPLADS-016404,Smt Locket Chatterjee ,Lok Sabha,West Bengal,HOOGHLY,Bansberia,ward no-10,,,Normal/Others,NA - Lighting of public spaces,DISTRICT MAGISTRATE HOOGHLY_IDA,2023-12-16,Action Pending,260000,Unsanctioned
MPLADS-016405,Smt Locket Chatterjee ,Lok Sabha,West Bengal,HOOGHLY,Bansberia,ward no-9,,,Normal/Others,NA - Lighting of public spaces,DISTRICT MAGISTRATE HOOGHLY_IDA,2023-12-16,Action Pending,260000,Unsanctioned
MPLADS-016412,Smt Locket Chatterjee ,Lok Sabha,West Bengal,HOOGHLY,Bansberia,ward no-19,,,Normal/Others,NA - Lighting of public spaces,DISTRICT MAGISTRATE HOOGHLY_IDA,2023-12-16,Action Pending,260000,Unsanctioned
MPLADS-016413,Smt Locket Chatterjee ,Lok Sabha,West Bengal,HOOGHLY,Bansberia,ward no-13,,,Normal/Others,NA - Lighting of public spaces,DISTRICT MAGISTRATE HOOGHLY_IDA,2023-12-16,Action Pending,378000,Unsanctioned
MPLADS-016418,Smt Locket Chatterjee ,Lok Sabha,West Bengal,HOOGHLY,Bansberia,ward no-12,,,Normal/Others,NA - Lighting of public spaces,DISTRICT MAGISTRATE HOOGHLY_IDA,2023-12-16,Action Pending,260000,Unsanctioned
MPLADS-016425,Smt Locket Chatterjee ,Lok Sabha,West Bengal,HOOGHLY,Hugli-Chinsurah,ward no-4,,,Normal/Others,NA - Lighting of public spaces,DISTRICT MAGISTRATE HOOGHLY_IDA,2023-12-16,Action Pending,378000,Unsanctioned
MPLADS-016428,Smt Locket Chatterjee ,Lok Sabha,West Bengal,HOOGHLY,Hugli-Chinsurah,ward no-24,,,Normal/Others,NA - Lighting of public spaces,DISTRICT MAGISTRATE HOOGHLY_IDA,2023-12-16,Action Pending,378000,Unsanctioned
MPLADS-016429,Smt Locket Chatterjee ,Lok Sabha,West Bengal,HOOGHLY,Hugli-Chinsurah,ward no-2,,,Normal/Others,NA - Lighting of public spaces,DISTRICT MAGISTRATE HOOGHLY_IDA,2023-12-16,Action Pending,378000,Unsanctioned
MPLADS-016430,Sudip Bandyopadhyay ,Lok Sabha,West Bengal,KOLKATA UTTAR,Kolkata,57,,,Normal/Others,NA - Development of public parks,COMMISSIONER KOLKATA MUNICIPAL CORPORATION_IDA,2023-12-16,Action Pending,2000000,Unsanctioned
MPLADS-016431,Smt Locket Chatterjee ,Lok Sabha,West Bengal,HOOGHLY,Bansberia,ward no-20,,,Normal/Others,NA - Lighting of public spaces,DISTRICT MAGISTRATE HOOGHLY_IDA,2023-12-16,Action Pending,260000,Unsanctioned
MPLADS-016432,Smt Locket Chatterjee ,Lok Sabha,West Bengal,HOOGHLY,Bansberia,ward no-18,,,Normal/Others,NA - Lighting of public spaces,DISTRICT MAGISTRATE HOOGHLY_IDA,2023-12-16,Action Pending,260000,Unsanctioned
MPLADS-016441,Smt Locket Chatterjee ,Lok Sabha,West Bengal,HOOGHLY,Hugli-Chinsurah,ward no-16,,,Normal/Others,NA - Lighting of public spaces,DISTRICT MAGISTRATE HOOGHLY_IDA,2023-12-16,Action Pending,260000,Unsanctioned
MPLADS-016442,Smt Locket Chatterjee ,Lok Sabha,West Bengal,HOOGHLY,Hugli-Chinsurah,ward no,,,Normal/Others,NA - Lighting of public spaces,DISTRICT MAGISTRATE HOOGHLY_IDA,2023-12-16,Action Pending,260000,Unsanctioned
MPLADS-016444,Smt Locket Chatterjee ,Lok Sabha,West Bengal,HOOGHLY,Hugli-Chinsurah,ward no-22,,,Normal/Others,NA - Lighting of public spaces,DISTRICT MAGISTRATE HOOGHLY_IDA,2023-12-16,Action Pending,260000,Unsanctioned
MPLADS-016445,Smt Locket Chatterjee ,Lok Sabha,West Bengal,HOOGHLY,Hugli-Chinsurah,ward no,,,Normal/Others,NA - Lighting of public spaces,DISTRICT MAGISTRATE HOOGHLY_IDA,2023-12-16,Action Pending,260000,Unsanctioned
MPLADS-016446,Smt Locket Chatterjee ,Lok Sabha,West Bengal,HOOGHLY,Hugli-Chinsurah,ward no,,,Normal/Others,NA - Lighting of public spaces,DISTRICT MAGISTRATE HOOGHLY_IDA,2023-12-16,Action Pending,260000,Unsanctioned
MPLADS-016448,Smt Locket Chatterjee ,Lok Sabha,West Bengal,HOOGHLY,Hugli-Chinsurah,ward no,,,Normal/Others,NA - Lighting of public spaces,DISTRICT MAGISTRATE HOOGHLY_IDA,2023-12-16,Action Pending,260000,Unsanctioned
MPLADS-016450,Smt Locket Chatterjee ,Lok Sabha,West Bengal,HOOGHLY,Hugli-Chinsurah,ward no-23,,,Normal/Others,NA - Lighting of public spaces,DISTRICT MAGISTRATE HOOGHLY_IDA,2023-12-16,Action Pending,260000,Unsanctioned
MPLADS-016451,Smt Locket Chatterjee ,Lok Sabha,West Bengal,HOOGHLY,Hugli-Chinsurah,ward no-1,,,Normal/Others,NA - Lighting of public spaces,DISTRICT MAGISTRATE HOOGHLY_IDA,2023-12-16,Action Pending,260000,Unsanctioned
MPLADS-016452,Smt Locket Chatterjee ,Lok Sabha,West Bengal,HOOGHLY,Hugli-Chinsurah,ward no-1,,,Normal/Others,NA - Lighting of public spaces,DISTRICT MAGISTRATE HOOGHLY_IDA,2023-12-16,Action Pending,260000,Unsanctioned
MPLADS-016457,Smt Locket Chatterjee ,Lok Sabha,West Bengal,HOOGHLY,Hugli-Chinsurah,ward no-15,,,Normal/Others,NA - Lighting of public spaces,DISTRICT MAGISTRATE HOOGHLY_IDA,2023-12-16,Action Pending,260000,Unsanctioned
MPLADS-016464,Smt Locket Chatterjee ,Lok Sabha,West Bengal,HOOGHLY,Hugli-Chinsurah,ward no-29,,,Normal/Others,NA - Lighting of public spaces,DISTRICT MAGISTRATE HOOGHLY_IDA,2023-12-16,Action Pending,260000,Unsanctioned
MPLADS-016546,Shatrughan Sinha,Lok Sabha,West Bengal,ASANSOL,Asansol,26,,,Normal/Others,NA - Construction of community centers and community halls,DISTRICT MAGISTRATE PASCHIM BARDHAMAN_IDA,2023-12-15,Action Pending,4900000,Unsanctioned
MPLADS-016571,Shatrughan Sinha,Lok Sabha,West Bengal,ASANSOL,Asansol,13,,,Normal/Others,NA - Lighting of public spaces,DISTRICT MAGISTRATE PASCHIM BARDHAMAN_IDA,2023-12-15,Action Pending,131000,Unsanctioned
MPLADS-016572,Shatrughan Sinha,Lok Sabha,West Bengal,ASANSOL,Asansol,22,,,Normal/Others,NA - Lighting of public spaces,DISTRICT MAGISTRATE PASCHIM BARDHAMAN_IDA,2023-12-15,Action Pending,390000,Unsanctioned
MPLADS-016654,Jagannath Sarkar,Lok Sabha,West Bengal,RANAGHAT(SC),Ranaghat,7,,,Normal/Others,NA - Street lights,DISTRICT MAGISTRATE NADIA_IDA,2023-12-15,Action Pending,300000,Unsanctioned
MPLADS-016655,Jagannath Sarkar,Lok Sabha,West Bengal,RANAGHAT(SC),Ranaghat,4,,,Normal/Others,NA - Street lights,DISTRICT MAGISTRATE NADIA_IDA,2023-12-15,Action Pending,255000,Unsanctioned
MPLADS-016656,Jagannath Sarkar,Lok Sabha,West Bengal,RANAGHAT(SC),Ranaghat,4,,,Normal/Others,NA - Development of public parks,DISTRICT MAGISTRATE NADIA_IDA,2023-12-15,Action Pending,400000,Unsanctioned
MPLADS-016657,Jagannath Sarkar,Lok Sabha,West Bengal,RANAGHAT(SC),Ranaghat,3,,,Normal/Others,NA - Street lights,DISTRICT MAGISTRATE NADIA_IDA,2023-12-15,Action Pending,600000,Unsanctioned
MPLADS-016662,Smt Locket Chatterjee ,Lok Sabha,West Bengal,HOOGHLY,Bhadreswar,paikpara,,,Normal/Others,NA - Lighting of public spaces,DISTRICT MAGISTRATE HOOGHLY_IDA,2023-12-15,Action Pending,260000,Unsanctioned
MPLADS-016663,Smt Locket Chatterjee ,Lok Sabha,West Bengal,HOOGHLY,Chandannagar,ward no-16,,,Normal/Others,NA - Street lights,DISTRICT MAGISTRATE HOOGHLY_IDA,2023-12-15,Action Pending,378000,Unsanctioned
MPLADS-016664,Smt Locket Chatterjee ,Lok Sabha,West Bengal,HOOGHLY,Chandannagar,ward no-10,,,Normal/Others,NA - Lighting of public spaces,DISTRICT MAGISTRATE HOOGHLY_IDA,2023-12-15,Action Pending,260000,Unsanctioned
MPLADS-016665,Smt Locket Chatterjee ,Lok Sabha,West Bengal,HOOGHLY,Chandannagar,ward no-15,,,Normal/Others,NA - Lighting of public spaces,DISTRICT MAGISTRATE HOOGHLY_IDA,2023-12-15,Action Pending,260000,Unsanctioned
MPLADS-016666,Smt Locket Chatterjee ,Lok Sabha,West Bengal,HOOGHLY,Chandannagar,ward no-27,,,Normal/Others,NA - Lighting of public spaces,DISTRICT MAGISTRATE HOOGHLY_IDA,2023-12-15,Action Pending,260000,Unsanctioned
MPLADS-016667,Smt Locket Chatterjee ,Lok Sabha,West Bengal,HOOGHLY,Chandannagar,ward no-16,,,Normal/Others,NA - Lighting of public spaces,DISTRICT MAGISTRATE HOOGHLY_IDA,2023-12-15,Action Pending,260000,Unsanctioned
MPLADS-016668,Smt Locket Chatterjee ,Lok Sabha,West Bengal,HOOGHLY,Chandannagar,ward no-26,,,Normal/Others,NA - Lighting of public spaces,DISTRICT MAGISTRATE HOOGHLY_IDA,2023-12-15,Action Pending,260000,Unsanctioned
MPLADS-016669,Smt Locket Chatterjee ,Lok Sabha,West Bengal,HOOGHLY,Chandannagar,ward no-16,,,Normal/Others,NA - Lighting of public spaces,DISTRICT MAGISTRATE HOOGHLY_IDA,2023-12-15,Action Pending,260000,Unsanctioned
MPLADS-016670,Smt Locket Chatterjee ,Lok Sabha,West Bengal,HOOGHLY,Chandannagar,ward no-1,,,Normal/Others,NA - Lighting of public spaces,DISTRICT MAGISTRATE HOOGHLY_IDA,2023-12-15,Action Pending,260000,Unsanctioned
MPLADS-016671,Smt Locket Chatterjee ,Lok Sabha,West Bengal,HOOGHLY,Chandannagar,ward no-1,,,Normal/Others,NA - Lighting of public spaces,DISTRICT MAGISTRATE HOOGHLY_IDA,2023-12-15,Action Pending,260000,Unsanctioned
MPLADS-016672,Smt Locket Chatterjee ,Lok Sabha,West Bengal,HOOGHLY,Chandannagar,ward no-30/31,,,Normal/Others,NA - Lighting of public spaces,DISTRICT MAGISTRATE HOOGHLY_IDA,2023-12-15,Action Pending,260000,Unsanctioned
MPLADS-016673,Smt Locket Chatterjee ,Lok Sabha,West Bengal,HOOGHLY,Chandannagar,ward no-8,,,Normal/Others,NA - Lighting of public spaces,DISTRICT MAGISTRATE HOOGHLY_IDA,2023-12-15,Action Pending,260000,Unsanctioned
MPLADS-016674,Smt Locket Chatterjee ,Lok Sabha,West Bengal,HOOGHLY,Chandannagar,ward no-29,,,Normal/Others,NA - Lighting of public spaces,DISTRICT MAGISTRATE HOOGHLY_IDA,2023-12-15,Action Pending,260000,Unsanctioned
MPLADS-016675,Smt Locket Chatterjee ,Lok Sabha,West Bengal,HOOGHLY,Chandannagar,ward no-6,,,Normal/Others,NA - Lighting of public spaces,DISTRICT MAGISTRATE HOOGHLY_IDA,2023-12-15,Action Pending,260000,Unsanctioned
MPLADS-016676,Smt Locket Chatterjee ,Lok Sabha,West Bengal,HOOGHLY,Chandannagar,ward no-21,,,Normal/Others,NA - Lighting of public spaces,DISTRICT MAGISTRATE HOOGHLY_IDA,2023-12-15,Action Pending,378000,Unsanctioned
MPLADS-016679,Shatrughan Sinha,Lok Sabha,West Bengal,ASANSOL,Asansol,85,,,Normal/Others,NA - Providing drains and gutters for public drainage,DISTRICT MAGISTRATE PASCHIM BARDHAMAN_IDA,2023-12-15,Action Pending,600000,Unsanctioned
MPLADS-016680,Shatrughan Sinha,Lok Sabha,West Bengal,ASANSOL,Asansol,73,,,Normal/Others,NA - Lighting of public spaces,DISTRICT MAGISTRATE PASCHIM BARDHAMAN_IDA,2023-12-15,Action Pending,380000,Unsanctioned
MPLADS-016681,Shatrughan Sinha,Lok Sabha,West Bengal,ASANSOL,Asansol,84,,,Normal/Others,NA - Lighting of public spaces,DISTRICT MAGISTRATE PASCHIM BARDHAMAN_IDA,2023-12-15,Action Pending,1400000,Unsanctioned
MPLADS-016682,Shatrughan Sinha,Lok Sabha,West Bengal,ASANSOL,Asansol,70,,,Normal/Others,NA - Lighting of public spaces,DISTRICT MAGISTRATE PASCHIM BARDHAMAN_IDA,2023-12-15,Action Pending,700000,Unsanctioned
MPLADS-016683,Shatrughan Sinha,Lok Sabha,West Bengal,ASANSOL,Asansol,30,,,Normal/Others,NA - Lighting of public spaces,DISTRICT MAGISTRATE PASCHIM BARDHAMAN_IDA,2023-12-15,Action Pending,377000,Unsanctioned
MPLADS-016684,Shatrughan Sinha,Lok Sabha,West Bengal,ASANSOL,Asansol,76,,,Normal/Others,NA - Lighting of public spaces,DISTRICT MAGISTRATE PASCHIM BARDHAMAN_IDA,2023-12-15,Action Pending,140000,Unsanctioned
MPLADS-016685,Shatrughan Sinha,Lok Sabha,West Bengal,ASANSOL,Asansol,41,,,Normal/Others,NA - Lighting of public spaces,DISTRICT MAGISTRATE PASCHIM BARDHAMAN_IDA,2023-12-15,Action Pending,140000,Unsanctioned
MPLADS-016686,Shatrughan Sinha,Lok Sabha,West Bengal,ASANSOL,Asansol,45,,,Normal/Others,NA - Providing drains and gutters for public drainage,DISTRICT MAGISTRATE PASCHIM BARDHAMAN_IDA,2023-12-15,Action Pending,1300000,Unsanctioned
MPLADS-016687,Shatrughan Sinha,Lok Sabha,West Bengal,ASANSOL,Asansol,58,,,Normal/Others,"NA - Construction of roads, approach roads, link roads and pathways",DISTRICT MAGISTRATE PASCHIM BARDHAMAN_IDA,2023-12-15,Action Pending,1700000,Unsanctioned
MPLADS-016688,Jagannath Sarkar,Lok Sabha,West Bengal,RANAGHAT(SC),Ranaghat,20,,,Normal/Others,NA - Street lights,DISTRICT MAGISTRATE NADIA_IDA,2023-12-15,Action Pending,300000,Unsanctioned
MPLADS-016689,Jagannath Sarkar,Lok Sabha,West Bengal,RANAGHAT(SC),Ranaghat,4,,,Normal/Others,NA - Street lights,DISTRICT MAGISTRATE NADIA_IDA,2023-12-15,Action Pending,300000,Unsanctioned
MPLADS-016690,Smt Locket Chatterjee ,Lok Sabha,West Bengal,HOOGHLY,Chandannagar,ward no-31,,,Normal/Others,NA - Lighting of public spaces,DISTRICT MAGISTRATE HOOGHLY_IDA,2023-12-15,Action Pending,378000,Unsanctioned
MPLADS-016694,Smt Locket Chatterjee ,Lok Sabha,West Bengal,HOOGHLY,Bhadreswar,mankundu palpara,,,Normal/Others,NA - Lighting of public spaces,DISTRICT MAGISTRATE HOOGHLY_IDA,2023-12-15,Action Pending,260000,Unsanctioned
MPLADS-016695,Smt Locket Chatterjee ,Lok Sabha,West Bengal,HOOGHLY,Bhadreswar,bhadreswar,,,Normal/Others,NA - Lighting of public spaces,DISTRICT MAGISTRATE HOOGHLY_IDA,2023-12-15,Action Pending,260000,Unsanctioned
MPLADS-016709,Smt Locket Chatterjee ,Lok Sabha,West Bengal,HOOGHLY,Bhadreswar,jhil par,,,Normal/Others,NA - Lighting of public spaces,DISTRICT MAGISTRATE HOOGHLY_IDA,2023-12-15,Action Pending,260000,Unsanctioned
MPLADS-016710,Smt Locket Chatterjee ,Lok Sabha,West Bengal,HOOGHLY,Bhadreswar,khurigachi,,,Normal/Others,NA - Lighting of public spaces,DISTRICT MAGISTRATE HOOGHLY_IDA,2023-12-15,Action Pending,260000,Unsanctioned
MPLADS-016719,Smt Locket Chatterjee ,Lok Sabha,West Bengal,HOOGHLY,Bhadreswar,bhadreswar,,,Normal/Others,NA - Lighting of public spaces,DISTRICT MAGISTRATE HOOGHLY_IDA,2023-12-15,Action Pending,378000,Unsanctioned
MPLADS-016723,Smt Locket Chatterjee ,Lok Sabha,West Bengal,HOOGHLY,Bhadreswar,mankundu,,,Normal/Others,NA - Lighting of public spaces,DISTRICT MAGISTRATE HOOGHLY_IDA,2023-12-15,Action Pending,378000,Unsanctioned
MPLADS-016724,Smt Locket Chatterjee ,Lok Sabha,West Bengal,HOOGHLY,Chandannagar,singur 2,,,Normal/Others,NA - Lighting of public spaces,DISTRICT MAGISTRATE HOOGHLY_IDA,2023-12-15,Action Pending,378000,Unsanctioned
MPLADS-016725,Smt Locket Chatterjee ,Lok Sabha,West Bengal,HOOGHLY,Bhadreswar,bhadreswar,,,Normal/Others,NA - Lighting of public spaces,DISTRICT MAGISTRATE HOOGHLY_IDA,2023-12-15,Action Pending,260000,Unsanctioned
MPLADS-016879,Shatrughan Sinha,Lok Sabha,West Bengal,ASANSOL,Asansol,78,,,Normal/Others,"WS/MP827/2023-2024/62665 - Construction of roads, approach roads, link roads and pathways",DISTRICT MAGISTRATE PASCHIM BARDHAMAN_IDA,2023-12-14,Approved by IDA,1151000,Unsanctioned
MPLADS-016880,Shri Shantanu Thakur ,Lok Sabha,West Bengal,BANGAON(SC),Gobardanga,10,,,Normal/Others,NA - Improvement of electricity distribution infrastructure,DISTRICT MAGISTRATE NORTH TWENTY FOUR PARGANAS_IDA,2023-12-14,Action Pending,3000000,Unsanctioned
MPLADS-016947,Shatrughan Sinha,Lok Sabha,West Bengal,ASANSOL,Asansol,53,,,Normal/Others,NA - Construction of buildings for sports facilities,DISTRICT MAGISTRATE PASCHIM BARDHAMAN_IDA,2023-12-14,Action Pending,3915000,Unsanctioned
MPLADS-016948,Shri Shantanu Thakur ,Lok Sabha,West Bengal,BANGAON(SC),Gobardanga,14,,,Normal/Others,NA - Improvement of electricity distribution infrastructure,DISTRICT MAGISTRATE NORTH TWENTY FOUR PARGANAS_IDA,2023-12-14,Action Pending,3000000,Unsanctioned
MPLADS-016961,Shatrughan Sinha,Lok Sabha,West Bengal,ASANSOL,Asansol,52,,,Normal/Others,NA - Purchase Books for Library,DISTRICT MAGISTRATE PASCHIM BARDHAMAN_IDA,2023-12-14,Action Pending,500000,Unsanctioned
MPLADS-016975,Shatrughan Sinha,Lok Sabha,West Bengal,ASANSOL,Asansol,53,,,Normal/Others,NA - Installing community drinking water plants,DISTRICT MAGISTRATE PASCHIM BARDHAMAN_IDA,2023-12-14,Action Pending,536000,Unsanctioned
MPLADS-016976,Shatrughan Sinha,Lok Sabha,West Bengal,ASANSOL,Asansol,78,,,Normal/Others,WS/MP827/2023-2024/62113 - Purchase of furniture and fixtures for educational purposes,DISTRICT MAGISTRATE PASCHIM BARDHAMAN_IDA,2023-12-14,Approved by IDA,200000,Unsanctioned
MPLADS-016992,Shatrughan Sinha,Lok Sabha,West Bengal,ASANSOL,Asansol,23,,,Normal/Others,WS/MP827/2023-2024/61882 - Purchase of sports equipment,DISTRICT MAGISTRATE PASCHIM BARDHAMAN_IDA,2023-12-14,Approved by IDA,1250000,Unsanctioned
MPLADS-016993,Shatrughan Sinha,Lok Sabha,West Bengal,ASANSOL,Asansol,78,,,Normal/Others,NA - Purchase of sanitary pad vending machine and incinerators,DISTRICT MAGISTRATE PASCHIM BARDHAMAN_IDA,2023-12-14,Action Pending,15000,Unsanctioned
MPLADS-016994,Shatrughan Sinha,Lok Sabha,West Bengal,ASANSOL,Asansol,40,,,Normal/Others,NA - Improvement of electricity distribution infrastructure,DISTRICT MAGISTRATE PASCHIM BARDHAMAN_IDA,2023-12-14,Action Pending,3500000,Unsanctioned
MPLADS-016995,Shatrughan Sinha,Lok Sabha,West Bengal,ASANSOL,Asansol,01,,,Normal/Others,WS/MP827/2023-2024/61941 - Construction of water tanks,DISTRICT MAGISTRATE PASCHIM BARDHAMAN_IDA,2023-12-14,Approved by IDA,120000,Unsanctioned
MPLADS-016996,Ms Nusrat Jahan Ruhi ,Lok Sabha,West Bengal,BASIRHAT,Taki,Taki (M) Ward No 04,,,Normal/Others,WS/MP253/2023-2024/61943 - Setting up public non-conventional energy plants,DISTRICT MAGISTRATE NORTH TWENTY FOUR PARGANAS_IDA,2023-12-14,Approved by IDA,4000000,Unsanctioned
MPLADS-016997,Shatrughan Sinha,Lok Sabha,West Bengal,ASANSOL,Asansol,01,,,Normal/Others,WS/MP827/2023-2024/61945 - Setting up of kitchen and pantries,DISTRICT MAGISTRATE PASCHIM BARDHAMAN_IDA,2023-12-14,Approved by IDA,250000,Unsanctioned
MPLADS-016998,Shatrughan Sinha,Lok Sabha,West Bengal,ASANSOL,Asansol,96,,,Normal/Others,WS/MP827/2023-2024/61951 - Construction of common work sheds/ common covered sitting area,DISTRICT MAGISTRATE PASCHIM BARDHAMAN_IDA,2023-12-14,Approved by IDA,600000,Unsanctioned
MPLADS-016999,Ms Nusrat Jahan Ruhi ,Lok Sabha,West Bengal,BASIRHAT,Basirhat,Basirhat (M) Ward No: 05,,,Normal/Others,WS/MP253/2023-2024/61953 - Setting up public non-conventional energy plants,DISTRICT MAGISTRATE NORTH TWENTY FOUR PARGANAS_IDA,2023-12-14,Approved by IDA,6000000,Unsanctioned
MPLADS-017000,Shatrughan Sinha,Lok Sabha,West Bengal,ASANSOL,Asansol,78,,,Normal/Others,WS/MP827/2023-2024/61955 - Installing tube-wells and borewells,DISTRICT MAGISTRATE PASCHIM BARDHAMAN_IDA,2023-12-14,Approved by IDA,125000,Unsanctioned
MPLADS-017001,Shri Dibyendu Adhikari ,Lok Sabha,West Bengal,TAMLUK,Tamluk,17,,,Normal/Others,"NA - Purchase of IT systems, including hardware and software for educational purposes",DISTRICT MAGISTRATE PURBA MEDINIPUR_IDA,2023-12-14,Action Pending,585000,Unsanctioned
MPLADS-017002,Shatrughan Sinha,Lok Sabha,West Bengal,ASANSOL,Asansol,76,,,Normal/Others,WS/MP827/2023-2024/62098 - Lighting of public spaces,DISTRICT MAGISTRATE PASCHIM BARDHAMAN_IDA,2023-12-14,Approved by IDA,650000,Unsanctioned
MPLADS-017003,Shatrughan Sinha,Lok Sabha,West Bengal,ASANSOL,Asansol,78,,,Normal/Others,WS/MP827/2023-2024/62100 - Community Toilets,DISTRICT MAGISTRATE PASCHIM BARDHAMAN_IDA,2023-12-14,Approved by IDA,413000,Unsanctioned
MPLADS-017004,Shatrughan Sinha,Lok Sabha,West Bengal,ASANSOL,Asansol,78,,,Normal/Others,WS/MP827/2023-2024/62104 - Construction of boundary walls of existing public and community buildings,DISTRICT MAGISTRATE PASCHIM BARDHAMAN_IDA,2023-12-14,Approved by IDA,270000,Unsanctioned
MPLADS-017005,Shatrughan Sinha,Lok Sabha,West Bengal,ASANSOL,Asansol,78,,,Normal/Others,WS/MP827/2023-2024/62107 - Lighting of public spaces,DISTRICT MAGISTRATE PASCHIM BARDHAMAN_IDA,2023-12-14,Approved by IDA,400000,Unsanctioned
MPLADS-017006,Shatrughan Sinha,Lok Sabha,West Bengal,ASANSOL,Asansol,05,,,Normal/Others,NA - Construction of community centers and community halls,DISTRICT MAGISTRATE PASCHIM BARDHAMAN_IDA,2023-12-14,Action Pending,1000000,Unsanctioned
MPLADS-017202,Shatrughan Sinha,Lok Sabha,West Bengal,ASANSOL,Asansol,56,,,Normal/Others,WS/MP827/2023-2024/61328 - Providing drains and gutters for public drainage,DISTRICT MAGISTRATE PASCHIM BARDHAMAN_IDA,2023-12-13,Approved by IDA,900000,Unsanctioned
MPLADS-017205,Shatrughan Sinha,Lok Sabha,West Bengal,ASANSOL,Asansol,19,,,Normal/Others,NA - Lighting of public spaces,DISTRICT MAGISTRATE PASCHIM BARDHAMAN_IDA,2023-12-13,Action Pending,260000,Unsanctioned
MPLADS-017207,Shatrughan Sinha,Lok Sabha,West Bengal,ASANSOL,Asansol,01,,,Normal/Others,WS/MP827/2023-2024/61334 - Construction of buildings for crèches and anganwadies,DISTRICT MAGISTRATE PASCHIM BARDHAMAN_IDA,2023-12-13,Approved by IDA,600000,Unsanctioned
MPLADS-017208,Shatrughan Sinha,Lok Sabha,West Bengal,ASANSOL,Asansol,75,,,Normal/Others,WS/MP827/2023-2024/61335 - Lighting of public spaces,DISTRICT MAGISTRATE PASCHIM BARDHAMAN_IDA,2023-12-13,Approved by IDA,800000,Unsanctioned
MPLADS-017209,Shatrughan Sinha,Lok Sabha,West Bengal,ASANSOL,Asansol,77,,,Normal/Others,WS/MP827/2023-2024/61338 - Street lights,DISTRICT MAGISTRATE PASCHIM BARDHAMAN_IDA,2023-12-13,Approved by IDA,1438000,Unsanctioned
MPLADS-017210,Shatrughan Sinha,Lok Sabha,West Bengal,ASANSOL,Asansol,24,,,Normal/Others,WS/MP827/2023-2024/61342 - Providing drains and gutters for public drainage,DISTRICT MAGISTRATE PASCHIM BARDHAMAN_IDA,2023-12-13,Approved by IDA,2400000,Unsanctioned
MPLADS-017211,Shatrughan Sinha,Lok Sabha,West Bengal,ASANSOL,Asansol,21,,,Normal/Others,WS/MP827/2023-2024/61349 - Lighting of public spaces,DISTRICT MAGISTRATE PASCHIM BARDHAMAN_IDA,2023-12-13,Approved by IDA,400000,Unsanctioned
MPLADS-017212,Shatrughan Sinha,Lok Sabha,West Bengal,ASANSOL,Asansol,17,,,Normal/Others,"WS/MP827/2023-2024/61350 - Construction of roads, approach roads, link roads and pathways",DISTRICT MAGISTRATE PASCHIM BARDHAMAN_IDA,2023-12-13,Approved by IDA,1400000,Unsanctioned
MPLADS-017213,Shatrughan Sinha,Lok Sabha,West Bengal,ASANSOL,Asansol,59,,,Normal/Others,WS/MP827/2023-2024/61377 - Development of public parks,DISTRICT MAGISTRATE PASCHIM BARDHAMAN_IDA,2023-12-13,Approved by IDA,1000000,Unsanctioned
MPLADS-017214,Shatrughan Sinha,Lok Sabha,West Bengal,ASANSOL,Asansol,01,,,Normal/Others,NA - Lighting of public spaces,DISTRICT MAGISTRATE PASCHIM BARDHAMAN_IDA,2023-12-13,Action Pending,140000,Unsanctioned
MPLADS-017215,Shatrughan Sinha,Lok Sabha,West Bengal,ASANSOL,Asansol,07,,,Normal/Others,NA - Lighting of public spaces,DISTRICT MAGISTRATE PASCHIM BARDHAMAN_IDA,2023-12-13,Action Pending,140000,Unsanctioned
MPLADS-017216,Shatrughan Sinha,Lok Sabha,West Bengal,ASANSOL,Asansol,09,,,Normal/Others,WS/MP827/2023-2024/61385 - Lighting of public spaces,DISTRICT MAGISTRATE PASCHIM BARDHAMAN_IDA,2023-12-13,Approved by IDA,140000,Unsanctioned
MPLADS-017217,Shatrughan Sinha,Lok Sabha,West Bengal,ASANSOL,Asansol,32,,,Normal/Others,"WS/MP827/2023-2024/61321 - Construction of roads, approach roads, link roads and pathways",DISTRICT MAGISTRATE PASCHIM BARDHAMAN_IDA,2023-12-13,Approved by IDA,2200000,Unsanctioned
MPLADS-017220,Shatrughan Sinha,Lok Sabha,West Bengal,ASANSOL,Asansol,08,,,Normal/Others,NA - Lighting of public spaces,DISTRICT MAGISTRATE PASCHIM BARDHAMAN_IDA,2023-12-13,Action Pending,400000,Unsanctioned
MPLADS-017396,Smt Sajda Ahmed,Lok Sabha,West Bengal,ULUBERIA,Uluberia,28,,,Normal/Others,NA - Crematoriums or structures on burial/ cremation ground for public convenience,DISTRICT MAGISTRATE HOWRAH_IDA,2023-12-13,Action Pending,500000,Unsanctioned
MPLADS-017397,Prasun Banerjee,Lok Sabha,West Bengal,HOWRAH,Haora,Waed no-29 of HMC,,,Normal/Others,"NA - Purchase of ambulances (Four, three and two wheelers)",DISTRICT MAGISTRATE HOWRAH_IDA,2023-12-13,Action Pending,2150000,Unsanctioned
MPLADS-017398,Prasun Banerjee,Lok Sabha,West Bengal,HOWRAH,Haora,Ward no-47 of HMC,,,Normal/Others,NA - Construction of rooms and halls in school and colleges,DISTRICT MAGISTRATE HOWRAH_IDA,2023-12-13,Action Pending,2000000,Unsanctioned
MPLADS-017399,Prasun Banerjee,Lok Sabha,West Bengal,HOWRAH,Haora,Ward no-58 of Bally Municipility,,,Normal/Others,NA - Construction of rooms and halls in school and colleges,DISTRICT MAGISTRATE HOWRAH_IDA,2023-12-13,Action Pending,1500000,Unsanctioned
MPLADS-017400,Prasun Banerjee,Lok Sabha,West Bengal,HOWRAH,Haora,Ward no48 of HMC,,,Normal/Others,NA - Setting up of laboratories,DISTRICT MAGISTRATE HOWRAH_IDA,2023-12-13,Action Pending,500000,Unsanctioned
MPLADS-017403,Shatrughan Sinha,Lok Sabha,West Bengal,ASANSOL,Asansol,39,,,Normal/Others,"NA - Purchase of Office Furniture, Stationery, Equipment including IT Systems",DISTRICT MAGISTRATE PASCHIM BARDHAMAN_IDA,2023-12-13,Action Pending,300000,Unsanctioned
MPLADS-017426,Shatrughan Sinha,Lok Sabha,West Bengal,ASANSOL,Asansol,39,,,Normal/Others,NA - Purchase Books for Library,DISTRICT MAGISTRATE PASCHIM BARDHAMAN_IDA,2023-12-13,Action Pending,500000,Unsanctioned
MPLADS-017427,Shatrughan Sinha,Lok Sabha,West Bengal,ASANSOL,Asansol,47,,,Normal/Others,WS/MP827/2023-2024/62182 - Construction of common work sheds/ common covered sitting area,DISTRICT MAGISTRATE PASCHIM BARDHAMAN_IDA,2023-12-13,Approved by IDA,400000,Unsanctioned
MPLADS-017453,Shatrughan Sinha,Lok Sabha,West Bengal,ASANSOL,Asansol,74,,,Normal/Others,WS/MP827/2023-2024/62197 - Construction of community centers and community halls,DISTRICT MAGISTRATE PASCHIM BARDHAMAN_IDA,2023-12-13,Approved by IDA,4000000,Unsanctioned
MPLADS-017455,Shatrughan Sinha,Lok Sabha,West Bengal,ASANSOL,Asansol,38,,,Normal/Others,NA - Street lights,DISTRICT MAGISTRATE PASCHIM BARDHAMAN_IDA,2023-12-13,Action Pending,900000,Unsanctioned
MPLADS-017733,Saumitra khan,Lok Sabha,West Bengal,BISHNUPUR(SC),Sonamukhi,02,,,Normal/Others,NA - Construction of rooms and halls in school and colleges,DISTRICT MAGISTRATE BANKURA_IDA,2023-12-12,Action Pending,550000,Unsanctioned
MPLADS-017776,Prof Saugata Roy ,Lok Sabha,West Bengal,DUM DUM,North Dum Dum,1,,,Normal/Others,NA - Construction of rooms and halls in school and colleges,DISTRICT MAGISTRATE NORTH TWENTY FOUR PARGANAS_IDA,2023-12-12,Action Pending,1000000,Unsanctioned
MPLADS-017792,Sudip Bandyopadhyay ,Lok Sabha,West Bengal,KOLKATA UTTAR,Kolkata,58,,,Normal/Others,WS/MP867/2023-2024/60630 - Providing drains and gutters for public drainage,COMMISSIONER KOLKATA MUNICIPAL CORPORATION_IDA,2023-12-12,Approved by IDA,3500000,Unsanctioned
MPLADS-017809,Sudip Bandyopadhyay ,Lok Sabha,West Bengal,KOLKATA UTTAR,Kolkata,012,,,Normal/Others,NA - Development of public parks,COMMISSIONER KOLKATA MUNICIPAL CORPORATION_IDA,2023-12-12,Action Pending,970000,Unsanctioned
MPLADS-017810,Sudip Bandyopadhyay ,Lok Sabha,West Bengal,KOLKATA UTTAR,Kolkata,043,,,Normal/Others,WS/MP867/2023-2024/60648 - Construction of footpaths and pedestrian ways,COMMISSIONER KOLKATA MUNICIPAL CORPORATION_IDA,2023-12-12,Approved by IDA,2000000,Unsanctioned
MPLADS-017811,Prof Saugata Roy ,Lok Sabha,West Bengal,DUM DUM,Baranagar,9,,,Normal/Others,NA - Purchase of hospital equipment,DISTRICT MAGISTRATE NORTH TWENTY FOUR PARGANAS_IDA,2023-12-12,Action Pending,1850000,Unsanctioned
MPLADS-017812,Prof Saugata Roy ,Lok Sabha,West Bengal,DUM DUM,Khardaha,2,,,Normal/Others,NA - Construction of rooms and halls in school and colleges,DISTRICT MAGISTRATE NORTH TWENTY FOUR PARGANAS_IDA,2023-12-12,Action Pending,500000,Unsanctioned
MPLADS-017813,Prof Saugata Roy ,Lok Sabha,West Bengal,DUM DUM,Kamarhati,8,,,Normal/Others,NA - Construction of rooms and halls in school and colleges,DISTRICT MAGISTRATE NORTH TWENTY FOUR PARGANAS_IDA,2023-12-12,Action Pending,500000,Unsanctioned
MPLADS-017814,Prof Saugata Roy ,Lok Sabha,West Bengal,DUM DUM,Kamarhati,3,,,Normal/Others,NA - Construction of rooms and halls in school and colleges,DISTRICT MAGISTRATE NORTH TWENTY FOUR PARGANAS_IDA,2023-12-12,Action Pending,500000,Unsanctioned
MPLADS-017815,Prof Saugata Roy ,Lok Sabha,West Bengal,DUM DUM,North Dum Dum,9,,,Normal/Others,NA - Construction of rooms and halls in school and colleges,DISTRICT MAGISTRATE NORTH TWENTY FOUR PARGANAS_IDA,2023-12-12,Action Pending,500000,Unsanctioned
MPLADS-017816,Prof Saugata Roy ,Lok Sabha,West Bengal,DUM DUM,Khardaha,1,,,Normal/Others,NA - Construction of rooms and halls in school and colleges,DISTRICT MAGISTRATE NORTH TWENTY FOUR PARGANAS_IDA,2023-12-12,Action Pending,1000000,Unsanctioned
MPLADS-017817,Prof Saugata Roy ,Lok Sabha,West Bengal,DUM DUM,Dum Dum,5,,,Normal/Others,NA - Construction of rooms and halls in school and colleges,DISTRICT MAGISTRATE NORTH TWENTY FOUR PARGANAS_IDA,2023-12-12,Action Pending,700000,Unsanctioned
MPLADS-017818,Prof Saugata Roy ,Lok Sabha,West Bengal,DUM DUM,North Dum Dum,9,,,Normal/Others,NA - Construction of rooms and halls in school and colleges,DISTRICT MAGISTRATE NORTH TWENTY FOUR PARGANAS_IDA,2023-12-12,Action Pending,1000000,Unsanctioned
MPLADS-017819,Prof Saugata Roy ,Lok Sabha,West Bengal,DUM DUM,North Dum Dum,1,,,Normal/Others,NA - Construction of rooms and halls in school and colleges,DISTRICT MAGISTRATE NORTH TWENTY FOUR PARGANAS_IDA,2023-12-12,Action Pending,1000000,Unsanctioned
MPLADS-017820,Prof Saugata Roy ,Lok Sabha,West Bengal,DUM DUM,Panihati,9,,,Normal/Others,NA - Construction of rooms and halls in school and colleges,DISTRICT MAGISTRATE NORTH TWENTY FOUR PARGANAS_IDA,2023-12-12,Action Pending,400000,Unsanctioned
MPLADS-017821,Prof Saugata Roy ,Lok Sabha,West Bengal,DUM DUM,New Barrackpur,1,,,Normal/Others,NA - Construction of rooms and halls in school and colleges,DISTRICT MAGISTRATE NORTH TWENTY FOUR PARGANAS_IDA,2023-12-12,Action Pending,1000000,Unsanctioned
MPLADS-017822,Ms Nusrat Jahan Ruhi ,Lok Sabha,West Bengal,BASIRHAT,Basirhat,"7, 12,of Basirhat (M) & ward No. 15 of Taki (M) adjacent itinda and soladana villages",,,Normal/Others,WS/MP253/2023-2024/60763 - Lighting of public spaces,DISTRICT MAGISTRATE NORTH TWENTY FOUR PARGANAS_IDA,2023-12-12,Approved by IDA,1250000,Unsanctioned
MPLADS-017823,Smt Sajda Ahmed,Lok Sabha,West Bengal,ULUBERIA,Uluberia,1,,,Normal/Others,NA - Construction of rooms and halls in school and colleges,DISTRICT MAGISTRATE HOWRAH_IDA,2023-12-12,Action Pending,1000000,Unsanctioned
MPLADS-017824,Smt Sajda Ahmed,Lok Sabha,West Bengal,ULUBERIA,Uluberia,1,,,Normal/Others,"NA - Purchase of ambulances (Four, three and two wheelers)",DISTRICT MAGISTRATE HOWRAH_IDA,2023-12-12,Action Pending,800000,Unsanctioned
MPLADS-017825,Prasun Banerjee,Lok Sabha,West Bengal,HOWRAH,Haora,Ward no-10 of Bally Municipality,,,Normal/Others,NA - Street lights,DISTRICT MAGISTRATE HOWRAH_IDA,2023-12-12,Action Pending,1700000,Unsanctioned
MPLADS-017826,Prasun Banerjee,Lok Sabha,West Bengal,HOWRAH,Haora,Ward no-43 of HMC,,,Normal/Others,NA - Street lights,DISTRICT MAGISTRATE HOWRAH_IDA,2023-12-12,Action Pending,1700000,Unsanctioned
MPLADS-017827,Prasun Banerjee,Lok Sabha,West Bengal,HOWRAH,Haora,Ward no-23 of HMC,,,Normal/Others,NA - Lighting of public spaces,DISTRICT MAGISTRATE HOWRAH_IDA,2023-12-12,Action Pending,270000,Unsanctioned
MPLADS-017828,Prasun Banerjee,Lok Sabha,West Bengal,HOWRAH,Howrah,Ward no 25 &42,,,Normal/Others,NA - Lighting of public spaces,DISTRICT MAGISTRATE HOWRAH_IDA,2023-12-12,Action Pending,373000,Unsanctioned
MPLADS-018099,Khagen Murmu,Lok Sabha,West Bengal,MALDAHA UTTAR,English Bazar,10,,,Normal/Others,NA - Purchase of hearse van,DISTRICT MAGISTRATE MALDA_IDA,2023-12-10,Action Pending,1100000,Unsanctioned
MPLADS-018511,Khalilur Rahaman,Lok Sabha,West Bengal,JANGIPUR,Jangipur,"Middhapara, ward 16",,,Normal/Others,NA - Construction of public toilets and bathrooms,DISTRICT MAGISTRATE MURSHIDABAD_IDA,2023-12-09,Action Pending,505000,Unsanctioned
MPLADS-018512,Ms Mimi Chakraborty ,Lok Sabha,West Bengal,JADAVPUR,Rajpur Sonarpur,Ward Number - 14,,,Normal/Others,"NA - Construction of roads, link roads, pathways or any other road with or without drainage system",DISTRICT MAGISTRATE SOUTH TWENTY FOUR PARGANAS_IDA,2023-12-09,Action Pending,1488255,Unsanctioned
MPLADS-018513,Ms Mimi Chakraborty ,Lok Sabha,West Bengal,JADAVPUR,Rajpur Sonarpur,Ward Number 22,,,Normal/Others,"NA - Construction of roads, approach roads, link roads and pathways",DISTRICT MAGISTRATE SOUTH TWENTY FOUR PARGANAS_IDA,2023-12-09,Action Pending,540975,Unsanctioned
MPLADS-018536,Ms Mimi Chakraborty ,Lok Sabha,West Bengal,JADAVPUR,Rajpur Sonarpur,Ward Number 22,,,Normal/Others,"NA - Construction of roads, approach roads, link roads and pathways",DISTRICT MAGISTRATE SOUTH TWENTY FOUR PARGANAS_IDA,2023-12-09,Action Pending,613398,Unsanctioned
MPLADS-018615,Ms Mimi Chakraborty ,Lok Sabha,West Bengal,JADAVPUR,Rajpur Sonarpur,Ward Number 22,,,Normal/Others,"NA - Construction of roads, approach roads, link roads and pathways",DISTRICT MAGISTRATE SOUTH TWENTY FOUR PARGANAS_IDA,2023-12-09,Action Pending,705212,Unsanctioned
MPLADS-018617,Ms Mimi Chakraborty ,Lok Sabha,West Bengal,JADAVPUR,Rajpur Sonarpur,Ward Number 19,,,Normal/Others,"NA - Construction of roads, approach roads, link roads and pathways",DISTRICT MAGISTRATE SOUTH TWENTY FOUR PARGANAS_IDA,2023-12-09,Action Pending,1871127,Unsanctioned
MPLADS-018994,Khalilur Rahaman,Lok Sabha,West Bengal,JANGIPUR,Jangipur,18,,,Repair and Renovation,NA - Construction of buildings for community cultural activities,DISTRICT MAGISTRATE MURSHIDABAD_IDA,2023-12-08,Action Pending,565000,Unsanctioned
MPLADS-018995,Khalilur Rahaman,Lok Sabha,West Bengal,JANGIPUR,Jangipur,1-21,,,Normal/Others,"NA - Purchase of ambulances (Four, three and two wheelers)",DISTRICT MAGISTRATE MURSHIDABAD_IDA,2023-12-08,Action Pending,3200000,Unsanctioned
MPLADS-018996,Shri Shantanu Thakur ,Lok Sabha,West Bengal,BANGAON(SC),Bangaon,22,,,Normal/Others,NA - Improvement of electricity distribution infrastructure,DISTRICT MAGISTRATE NORTH TWENTY FOUR PARGANAS_IDA,2023-12-08,Action Pending,2500000,Unsanctioned
MPLADS-018997,Sudip Bandyopadhyay ,Lok Sabha,West Bengal,KOLKATA UTTAR,Kolkata,19,,,Normal/Others,WS/MP867/2023-2024/58780 - Construction of community centers and community halls,COMMISSIONER KOLKATA MUNICIPAL CORPORATION_IDA,2023-12-08,Approved by IDA,1000000,Sanctioned
MPLADS-018998,Sudip Bandyopadhyay ,Lok Sabha,West Bengal,KOLKATA UTTAR,Kolkata,19,,,Normal/Others,WS/MP867/2023-2024/58779 - Lighting of public spaces,COMMISSIONER KOLKATA MUNICIPAL CORPORATION_IDA,2023-12-08,Approved by IDA,500000,Sanctioned
MPLADS-018999,Sudip Bandyopadhyay ,Lok Sabha,West Bengal,KOLKATA UTTAR,Kolkata,19,,,Normal/Others,WS/MP867/2023-2024/58778 - Improvement of electricity distribution infrastructure,COMMISSIONER KOLKATA MUNICIPAL CORPORATION_IDA,2023-12-08,Approved by IDA,500000,Sanctioned
MPLADS-019000,Saumitra khan,Lok Sabha,West Bengal,BISHNUPUR(SC),Bishnupur,02,,,Normal/Others,NA - Crematoriums or structures on burial/ cremation ground for public convenience,DISTRICT MAGISTRATE BANKURA_IDA,2023-12-08,Action Pending,210000,Unsanctioned
MPLADS-019546,Saumitra khan,Lok Sabha,West Bengal,BISHNUPUR(SC),Bishnupur,06,,,Normal/Others,NA - Street lights,DISTRICT MAGISTRATE BANKURA_IDA,2023-12-07,Action Pending,228000,Unsanctioned
MPLADS-019555,Saumitra khan,Lok Sabha,West Bengal,BISHNUPUR(SC),Sonamukhi,03,,,Normal/Others,NA - Street lights,DISTRICT MAGISTRATE BANKURA_IDA,2023-12-07,Action Pending,152000,Unsanctioned
MPLADS-019564,Saumitra khan,Lok Sabha,West Bengal,BISHNUPUR(SC),Bishnupur,07,,,Normal/Others,NA - Street lights,DISTRICT MAGISTRATE BANKURA_IDA,2023-12-07,Action Pending,228000,Unsanctioned
MPLADS-019859,Dr Sukanta Majumdar ,Lok Sabha,West Bengal,BALURGHAT,Gangarampur,17,,,Normal/Others,NA - Installing community drinking water plants,DISTRICT MAGISTRATE DINAJPUR DAKSHIN_IDA,2023-12-06,Action Pending,360000,Unsanctioned
MPLADS-019860,Dr Sukanta Majumdar ,Lok Sabha,West Bengal,BALURGHAT,Gangarampur,15,,,Normal/Others,NA - Installing community drinking water plants,DISTRICT MAGISTRATE DINAJPUR DAKSHIN_IDA,2023-12-06,Action Pending,350000,Unsanctioned
MPLADS-019879,Dr Sukanta Majumdar ,Lok Sabha,West Bengal,BALURGHAT,Gangarampur,4,,,Normal/Others,NA - Installing community drinking water plants,DISTRICT MAGISTRATE DINAJPUR DAKSHIN_IDA,2023-12-06,Action Pending,360000,Unsanctioned
MPLADS-020348,Ms Mimi Chakraborty ,Lok Sabha,West Bengal,JADAVPUR,Rajpur Sonarpur,Ward Number 23,,,Normal/Others,NA - Street lights,DISTRICT MAGISTRATE SOUTH TWENTY FOUR PARGANAS_IDA,2023-12-05,Action Pending,107350,Unsanctioned
MPLADS-020394,Ms Mimi Chakraborty ,Lok Sabha,West Bengal,JADAVPUR,Rajpur Sonarpur,Ward Number 13,,,Normal/Others,NA - Construction of rooms and halls in school and colleges,DISTRICT MAGISTRATE SOUTH TWENTY FOUR PARGANAS_IDA,2023-12-05,Action Pending,1300000,Unsanctioned
MPLADS-020395,Ms Mimi Chakraborty ,Lok Sabha,West Bengal,JADAVPUR,Rajpur Sonarpur,Ward Number 23,,,Normal/Others,NA - Street lights,DISTRICT MAGISTRATE SOUTH TWENTY FOUR PARGANAS_IDA,2023-12-05,Action Pending,107350,Unsanctioned
MPLADS-020397,Ms Mimi Chakraborty ,Lok Sabha,West Bengal,JADAVPUR,Rajpur Sonarpur,Ward Number 23,,,Normal/Others,NA - Street lights,DISTRICT MAGISTRATE SOUTH TWENTY FOUR PARGANAS_IDA,2023-12-05,Action Pending,107350,Unsanctioned
MPLADS-020423,Ms Mimi Chakraborty ,Lok Sabha,West Bengal,JADAVPUR,Rajpur Sonarpur,Ward Number 23,,,Normal/Others,NA - Street lights,DISTRICT MAGISTRATE SOUTH TWENTY FOUR PARGANAS_IDA,2023-12-05,Action Pending,107350,Unsanctioned
MPLADS-020424,Ms Mimi Chakraborty ,Lok Sabha,West Bengal,JADAVPUR,Rajpur Sonarpur,Ward Number 23,,,Normal/Others,NA - Street lights,DISTRICT MAGISTRATE SOUTH TWENTY FOUR PARGANAS_IDA,2023-12-05,Action Pending,107350,Unsanctioned
MPLADS-020425,Ms Mimi Chakraborty ,Lok Sabha,West Bengal,JADAVPUR,Rajpur Sonarpur,Ward Number -23,,,Normal/Others,NA - Street lights,DISTRICT MAGISTRATE SOUTH TWENTY FOUR PARGANAS_IDA,2023-12-05,Action Pending,107350,Unsanctioned
MPLADS-020426,Ms Mimi Chakraborty ,Lok Sabha,West Bengal,JADAVPUR,Rajpur Sonarpur,Ward Number 23,,,Normal/Others,NA - Street lights,DISTRICT MAGISTRATE SOUTH TWENTY FOUR PARGANAS_IDA,2023-12-05,Action Pending,107350,Unsanctioned
MPLADS-020427,Ms Mimi Chakraborty ,Lok Sabha,West Bengal,JADAVPUR,Rajpur Sonarpur,Ward Number 23,,,Normal/Others,NA - Street lights,DISTRICT MAGISTRATE SOUTH TWENTY FOUR PARGANAS_IDA,2023-12-05,Action Pending,107350,Unsanctioned
MPLADS-020428,Ms Mimi Chakraborty ,Lok Sabha,West Bengal,JADAVPUR,Rajpur Sonarpur,Ward Number 23,,,Normal/Others,NA - Street lights,DISTRICT MAGISTRATE SOUTH TWENTY FOUR PARGANAS_IDA,2023-12-05,Action Pending,107350,Unsanctioned
MPLADS-020429,Ms Mimi Chakraborty ,Lok Sabha,West Bengal,JADAVPUR,Rajpur Sonarpur,Ward Number 23,,,Normal/Others,NA - Street lights,DISTRICT MAGISTRATE SOUTH TWENTY FOUR PARGANAS_IDA,2023-12-05,Action Pending,107350,Unsanctioned
MPLADS-020838,Smt Satabdi Roy (Banerjee) ,Lok Sabha,West Bengal,BIRBHUM,Suri,ALL,,,Normal/Others,NA - Purchase of hospital equipment,DISTRICT MAGISTRATE BIRBHUM_IDA,2023-12-04,Action Pending,1050000,Unsanctioned
MPLADS-020854,Shri SS Ahluwalia ,Lok Sabha,West Bengal,BARDHAMAN-DURGAPUR,Durgapur,Ward No. 30,,,Normal/Others,NA - Construction of community centers and community halls,DISTRICT MAGISTRATE PASCHIM BARDHAMAN_IDA,2023-12-03,Action Pending,2730274,Unsanctioned
MPLADS-020855,Shri SS Ahluwalia ,Lok Sabha,West Bengal,BARDHAMAN-DURGAPUR,Barddhaman,Ward No. 30,,,Normal/Others,"NA - Purchase of ambulances (Four, three and two wheelers)",DISTRICT MAGISTRATE PURBA BARDHAMAN_IDA,2023-12-03,Action Pending,967000,Unsanctioned
MPLADS-020856,Shri SS Ahluwalia ,Lok Sabha,West Bengal,BARDHAMAN-DURGAPUR,Barddhaman,Ward No. 9,,,Normal/Others,"NA - Purchase of ambulances (Four, three and two wheelers)",DISTRICT MAGISTRATE PURBA BARDHAMAN_IDA,2023-12-03,Action Pending,2962895,Unsanctioned
MPLADS-020857,Abu Taher Khan,Lok Sabha,West Bengal,MURSHIDABAD,Domkal,12,,,Normal/Others,WS/MP852/2023-2024/55898 - Lighting of public spaces,DISTRICT MAGISTRATE MURSHIDABAD_IDA,2023-12-03,Approved by IDA,149870,Unsanctioned
MPLADS-021232,Ms Mimi Chakraborty ,Lok Sabha,West Bengal,JADAVPUR,Rajpur Sonarpur,Ward Number 13,,,Normal/Others,NA - Construction of rooms and halls in school and colleges,DISTRICT MAGISTRATE SOUTH TWENTY FOUR PARGANAS_IDA,2023-12-02,Action Pending,1300000,Unsanctioned
MPLADS-021233,Shri Arjun Singh ,Lok Sabha,West Bengal,BARRACKPUR,Barrackpur,24,,,Normal/Others,NA - Providing drains and gutters for public drainage,DISTRICT MAGISTRATE NORTH TWENTY FOUR PARGANAS_IDA,2023-12-02,Action Pending,1676651,Unsanctioned
MPLADS-021577,Ms Mimi Chakraborty ,Lok Sabha,West Bengal,JADAVPUR,Rajpur Sonarpur,Ward Number 13,,,Normal/Others,NA - Street lights,DISTRICT MAGISTRATE SOUTH TWENTY FOUR PARGANAS_IDA,2023-12-01,Action Pending,107350,Unsanctioned
MPLADS-021578,Ms Mimi Chakraborty ,Lok Sabha,West Bengal,JADAVPUR,Rajpur Sonarpur,Ward Number 13,,,Normal/Others,NA - Street lights,DISTRICT MAGISTRATE SOUTH TWENTY FOUR PARGANAS_IDA,2023-12-01,Action Pending,107350,Unsanctioned
MPLADS-021579,Ms Mimi Chakraborty ,Lok Sabha,West Bengal,JADAVPUR,Rajpur Sonarpur,Ward Number 13,,,Normal/Others,NA - Street lights,DISTRICT MAGISTRATE SOUTH TWENTY FOUR PARGANAS_IDA,2023-12-01,Action Pending,107350,Unsanctioned
MPLADS-021582,Ms Mimi Chakraborty ,Lok Sabha,West Bengal,JADAVPUR,Rajpur Sonarpur,Ward Number 13,,,Normal/Others,NA - Street lights,DISTRICT MAGISTRATE SOUTH TWENTY FOUR PARGANAS_IDA,2023-12-01,Action Pending,107350,Unsanctioned
MPLADS-021604,Ms Mimi Chakraborty ,Lok Sabha,West Bengal,JADAVPUR,Rajpur Sonarpur,Ward Number 13,,,Normal/Others,NA - Street lights,DISTRICT MAGISTRATE SOUTH TWENTY FOUR PARGANAS_IDA,2023-12-01,Action Pending,107350,Unsanctioned
MPLADS-021748,Ms Mimi Chakraborty ,Lok Sabha,West Bengal,JADAVPUR,Rajpur Sonarpur,WARD NUMBER 9,,,Normal/Others,NA - Street lights,DISTRICT MAGISTRATE SOUTH TWENTY FOUR PARGANAS_IDA,2023-11-30,Action Pending,107350,Unsanctioned
MPLADS-021755,Sudip Bandyopadhyay ,Lok Sabha,West Bengal,KOLKATA UTTAR,Kolkata,049,,,Normal/Others,"NA - Purchase of ambulances (Four, three and two wheelers)",COMMISSIONER KOLKATA MUNICIPAL CORPORATION_IDA,2023-11-30,Action Pending,1444672,Unsanctioned
MPLADS-021756,Sudip Bandyopadhyay ,Lok Sabha,West Bengal,KOLKATA UTTAR,Kolkata,049,,,Normal/Others,NA - Purchase of hospital equipment,COMMISSIONER KOLKATA MUNICIPAL CORPORATION_IDA,2023-11-30,Action Pending,922338,Unsanctioned
MPLADS-021757,Ms Mimi Chakraborty ,Lok Sabha,West Bengal,JADAVPUR,Rajpur Sonarpur,ward number 9,,,Normal/Others,"NA - Construction of roads, approach roads, link roads and pathways",DISTRICT MAGISTRATE SOUTH TWENTY FOUR PARGANAS_IDA,2023-11-30,Action Pending,1200000,Unsanctioned
MPLADS-021758,Ms Mimi Chakraborty ,Lok Sabha,West Bengal,JADAVPUR,Rajpur Sonarpur,WARD NUMBER 28,,,Normal/Others,NA - Street lights,DISTRICT MAGISTRATE SOUTH TWENTY FOUR PARGANAS_IDA,2023-11-30,Action Pending,107350,Unsanctioned
MPLADS-021760,Ms Mimi Chakraborty ,Lok Sabha,West Bengal,JADAVPUR,Rajpur Sonarpur,Ward Number 28,,,Normal/Others,NA - Street lights,DISTRICT MAGISTRATE SOUTH TWENTY FOUR PARGANAS_IDA,2023-11-30,Action Pending,107350,Unsanctioned
MPLADS-021761,Ms Mimi Chakraborty ,Lok Sabha,West Bengal,JADAVPUR,Rajpur Sonarpur,ward Number 28,,,Normal/Others,NA - Street lights,DISTRICT MAGISTRATE SOUTH TWENTY FOUR PARGANAS_IDA,2023-11-30,Action Pending,107350,Unsanctioned
MPLADS-021762,Ms Mimi Chakraborty ,Lok Sabha,West Bengal,JADAVPUR,Rajpur Sonarpur,Ward Number 28,,,Normal/Others,NA - Street lights,DISTRICT MAGISTRATE SOUTH TWENTY FOUR PARGANAS_IDA,2023-11-30,Action Pending,107350,Unsanctioned
MPLADS-021763,Ms Mimi Chakraborty ,Lok Sabha,West Bengal,JADAVPUR,Rajpur Sonarpur,ward number 28,,,Normal/Others,NA - Street lights,DISTRICT MAGISTRATE SOUTH TWENTY FOUR PARGANAS_IDA,2023-11-30,Action Pending,107350,Unsanctioned
MPLADS-021764,Ms Mimi Chakraborty ,Lok Sabha,West Bengal,JADAVPUR,Rajpur Sonarpur,Ward Number 28,,,Normal/Others,NA - Street lights,DISTRICT MAGISTRATE SOUTH TWENTY FOUR PARGANAS_IDA,2023-11-30,Action Pending,107350,Unsanctioned
MPLADS-021765,Ms Mimi Chakraborty ,Lok Sabha,West Bengal,JADAVPUR,Rajpur Sonarpur,ward Number 28,,,Normal/Others,NA - Street lights,DISTRICT MAGISTRATE SOUTH TWENTY FOUR PARGANAS_IDA,2023-11-30,Action Pending,107350,Unsanctioned
MPLADS-021766,Ms Mimi Chakraborty ,Lok Sabha,West Bengal,JADAVPUR,Rajpur Sonarpur,Ward Number 28,,,Normal/Others,NA - Street lights,DISTRICT MAGISTRATE SOUTH TWENTY FOUR PARGANAS_IDA,2023-11-30,Action Pending,107350,Unsanctioned
MPLADS-021767,Ms Mimi Chakraborty ,Lok Sabha,West Bengal,JADAVPUR,Rajpur Sonarpur,Ward Number 28,,,Normal/Others,NA - Street lights,DISTRICT MAGISTRATE SOUTH TWENTY FOUR PARGANAS_IDA,2023-11-30,Action Pending,107350,Unsanctioned
MPLADS-021768,Ms Mimi Chakraborty ,Lok Sabha,West Bengal,JADAVPUR,Rajpur Sonarpur,Ward Number 28,,,Normal/Others,NA - Street lights,DISTRICT MAGISTRATE SOUTH TWENTY FOUR PARGANAS_IDA,2023-11-30,Action Pending,107350,Unsanctioned
MPLADS-021793,Ms Mimi Chakraborty ,Lok Sabha,West Bengal,JADAVPUR,Rajpur Sonarpur,Ward Number 28,,,Normal/Others,NA - Street lights,DISTRICT MAGISTRATE SOUTH TWENTY FOUR PARGANAS_IDA,2023-11-30,Action Pending,107350,Unsanctioned
MPLADS-021794,Abu Taher Khan,Lok Sabha,West Bengal,MURSHIDABAD,Jiaganj Azimganj,11,,,Normal/Others,NA - Construction of buildings for multi-gym,DISTRICT MAGISTRATE MURSHIDABAD_IDA,2023-11-30,Action Pending,10000000,Unsanctioned
MPLADS-021795,Ms Mimi Chakraborty ,Lok Sabha,West Bengal,JADAVPUR,Rajpur Sonarpur,ward Number 28,,,Normal/Others,NA - Street lights,DISTRICT MAGISTRATE SOUTH TWENTY FOUR PARGANAS_IDA,2023-11-30,Action Pending,107350,Unsanctioned
MPLADS-021807,Ms Mimi Chakraborty ,Lok Sabha,West Bengal,JADAVPUR,Rajpur Sonarpur,Ward Number 28,,,Normal/Others,NA - Street lights,DISTRICT MAGISTRATE SOUTH TWENTY FOUR PARGANAS_IDA,2023-11-30,Action Pending,107350,Unsanctioned
MPLADS-021821,Ms Mimi Chakraborty ,Lok Sabha,West Bengal,JADAVPUR,Rajpur Sonarpur,ward Number 28,,,Normal/Others,NA - Street lights,DISTRICT MAGISTRATE SOUTH TWENTY FOUR PARGANAS_IDA,2023-11-30,Action Pending,107350,Unsanctioned
MPLADS-021822,Ms Mimi Chakraborty ,Lok Sabha,West Bengal,JADAVPUR,Rajpur Sonarpur,Ward Number 28,,,Normal/Others,NA - Street lights,DISTRICT MAGISTRATE SOUTH TWENTY FOUR PARGANAS_IDA,2023-11-30,Action Pending,107350,Unsanctioned
MPLADS-021823,Ms Mimi Chakraborty ,Lok Sabha,West Bengal,JADAVPUR,Rajpur Sonarpur,Ward Number 28,,,Normal/Others,NA - Street lights,DISTRICT MAGISTRATE SOUTH TWENTY FOUR PARGANAS_IDA,2023-11-30,Action Pending,107350,Unsanctioned
MPLADS-021824,Ms Mimi Chakraborty ,Lok Sabha,West Bengal,JADAVPUR,Rajpur Sonarpur,Ward Number 28,,,Normal/Others,NA - Street lights,DISTRICT MAGISTRATE SOUTH TWENTY FOUR PARGANAS_IDA,2023-11-30,Action Pending,107350,Unsanctioned
MPLADS-021825,Ms Mimi Chakraborty ,Lok Sabha,West Bengal,JADAVPUR,Rajpur Sonarpur,Ward Number 28,,,Normal/Others,NA - Street lights,DISTRICT MAGISTRATE SOUTH TWENTY FOUR PARGANAS_IDA,2023-11-30,Action Pending,107350,Unsanctioned
MPLADS-021826,Ms Mimi Chakraborty ,Lok Sabha,West Bengal,JADAVPUR,Rajpur Sonarpur,Ward Number 28,,,Normal/Others,NA - Street lights,DISTRICT MAGISTRATE SOUTH TWENTY FOUR PARGANAS_IDA,2023-11-30,Action Pending,107350,Unsanctioned
MPLADS-021827,Ms Mimi Chakraborty ,Lok Sabha,West Bengal,JADAVPUR,Rajpur Sonarpur,Ward Number 28,,,Normal/Others,NA - Street lights,DISTRICT MAGISTRATE SOUTH TWENTY FOUR PARGANAS_IDA,2023-11-30,Action Pending,107350,Unsanctioned
MPLADS-022011,Saumitra khan,Lok Sabha,West Bengal,BISHNUPUR(SC),Sonamukhi,14,,,Normal/Others,NA - Setting up of laboratories,DISTRICT MAGISTRATE BANKURA_IDA,2023-11-29,Action Pending,225000,Unsanctioned
MPLADS-022025,Saumitra khan,Lok Sabha,West Bengal,BISHNUPUR(SC),Bishnupur,13,,,Normal/Others,"NA - Purchase of prosthetics, wheel chairs, tricycles (manual or motorized), elect scooties, hearing aids",DISTRICT MAGISTRATE BANKURA_IDA,2023-11-29,Action Pending,375000,Unsanctioned
MPLADS-022026,Saumitra khan,Lok Sabha,West Bengal,BISHNUPUR(SC),Bishnupur,18,,,Normal/Others,NA - Development of playfields and sports grounds,DISTRICT MAGISTRATE BANKURA_IDA,2023-11-29,Action Pending,450000,Unsanctioned
MPLADS-022406,Saumitra khan,Lok Sabha,West Bengal,BISHNUPUR(SC),Bishnupur,03,,,Repair and Renovation,NA - Construction of additional rooms and halls in the existing public and community building,DISTRICT MAGISTRATE BANKURA_IDA,2023-11-28,Action Pending,450000,Unsanctioned
MPLADS-022421,Saumitra khan,Lok Sabha,West Bengal,BISHNUPUR(SC),Bishnupur,06,,,Normal/Others,NA - Crematoriums or structures on burial/ cremation ground for public convenience,DISTRICT MAGISTRATE BANKURA_IDA,2023-11-28,Action Pending,650000,Unsanctioned
MPLADS-022422,Saumitra khan,Lok Sabha,West Bengal,BISHNUPUR(SC),Bishnupur,11,,,Repair and Renovation,NA - Construction of additional rooms and halls in the existing public and community building,DISTRICT MAGISTRATE BANKURA_IDA,2023-11-28,Action Pending,800000,Unsanctioned
MPLADS-022423,Saumitra khan,Lok Sabha,West Bengal,BISHNUPUR(SC),Bishnupur,10,,,Normal/Others,NA - Installing community drinking water plants,DISTRICT MAGISTRATE BANKURA_IDA,2023-11-28,Action Pending,135000,Unsanctioned
MPLADS-022432,Saumitra khan,Lok Sabha,West Bengal,BISHNUPUR(SC),Bishnupur,12,,,Normal/Others,NA - Installing community drinking water plants,DISTRICT MAGISTRATE BANKURA_IDA,2023-11-28,Action Pending,135000,Unsanctioned
MPLADS-022437,Saumitra khan,Lok Sabha,West Bengal,BISHNUPUR(SC),Bishnupur,01,,,Normal/Others,NA - Installing community drinking water plants,DISTRICT MAGISTRATE BANKURA_IDA,2023-11-28,Action Pending,135000,Unsanctioned
MPLADS-022438,Saumitra khan,Lok Sabha,West Bengal,BISHNUPUR(SC),Bishnupur,07,,,Normal/Others,NA - Installing community drinking water plants,DISTRICT MAGISTRATE BANKURA_IDA,2023-11-28,Action Pending,135000,Unsanctioned
MPLADS-022908,Abu Taher Khan,Lok Sabha,West Bengal,MURSHIDABAD,Jiaganj Azimganj,11,,,Normal/Others,NA - Construction of Swimming pool along with Beutification .,DISTRICT MAGISTRATE MURSHIDABAD_IDA,2023-11-25,Action Pending,10000000,Unsanctioned
MPLADS-023141,Saumitra khan,Lok Sabha,West Bengal,BISHNUPUR(SC),Sonamukhi,05,,,Normal/Others,NA - Construction of New Building,DISTRICT MAGISTRATE BANKURA_IDA,2023-11-24,Action Pending,500000,Unsanctioned
MPLADS-023669,Sudip Bandyopadhyay ,Lok Sabha,West Bengal,KOLKATA UTTAR,Kolkata,058,,,Normal/Others,NA - Construction of rooms and halls in school and colleges,COMMISSIONER KOLKATA MUNICIPAL CORPORATION_IDA,2023-11-23,Action Pending,700000,Unsanctioned
MPLADS-023670,Sudip Bandyopadhyay ,Lok Sabha,West Bengal,KOLKATA UTTAR,Kolkata,058,,,Normal/Others,NA - Construction of rooms and halls in school and colleges,COMMISSIONER KOLKATA MUNICIPAL CORPORATION_IDA,2023-11-23,Action Pending,850000,Unsanctioned
MPLADS-023672,Ms Mimi Chakraborty ,Lok Sabha,West Bengal,JADAVPUR,Rajpur Sonarpur,UTTAR SONARPUR ASSMEBLY,,,Normal/Others,WS/MP432/2023-2024/52172 - Street lights,DISTRICT MAGISTRATE SOUTH TWENTY FOUR PARGANAS_IDA,2023-11-23,Approved by IDA,4137677,Unsanctioned
MPLADS-023676,Sudip Bandyopadhyay ,Lok Sabha,West Bengal,KOLKATA UTTAR,Kolkata,000,,,Normal/Others,"NA - Purchase of ambulances (Four, three and two wheelers)",COMMISSIONER KOLKATA MUNICIPAL CORPORATION_IDA,2023-11-23,Action Pending,1000000,Unsanctioned
MPLADS-023683,Sudip Bandyopadhyay ,Lok Sabha,West Bengal,KOLKATA UTTAR,Kolkata,058,,,Normal/Others,NA - Development of playground,COMMISSIONER KOLKATA MUNICIPAL CORPORATION_IDA,2023-11-23,Action Pending,150000,Unsanctioned
MPLADS-023684,Sudip Bandyopadhyay ,Lok Sabha,West Bengal,KOLKATA UTTAR,Kolkata,021,,,Normal/Others,WS/MP867/2023-2024/52231 - Construction of Footpaths/Pedestrian ways,COMMISSIONER KOLKATA MUNICIPAL CORPORATION_IDA,2023-11-23,Approved by IDA,2000000,Unsanctioned
MPLADS-023853,Saumitra khan,Lok Sabha,West Bengal,BISHNUPUR(SC),Sonamukhi,02,,,Normal/Others,NA - Development of playground,DISTRICT MAGISTRATE BANKURA_IDA,2023-11-22,Action Pending,2900000,Unsanctioned
MPLADS-024613,Smt Satabdi Roy (Banerjee) ,Lok Sabha,West Bengal,BIRBHUM,Dubrajpur,word - 01,,,Normal/Others,NA - Construction of buildings for community cultural activities,DISTRICT MAGISTRATE BIRBHUM_IDA,2023-11-20,Action Pending,1000000,Unsanctioned
MPLADS-024624,Smt Satabdi Roy (Banerjee) ,Lok Sabha,West Bengal,BIRBHUM,Suri,word no -18,,,Normal/Others,NA - Purchase of furniture and fixtures for educational purposes,DISTRICT MAGISTRATE BIRBHUM_IDA,2023-11-20,Action Pending,1000000,Unsanctioned
MPLADS-024740,Smt Satabdi Roy (Banerjee) ,Lok Sabha,West Bengal,BIRBHUM,Dubrajpur,Word No -10,,,Normal/Others,"NA - Construction of roads, approach roads, link roads and pathways",DISTRICT MAGISTRATE BIRBHUM_IDA,2023-11-18,Action Pending,529000,Unsanctioned
MPLADS-024741,Smt Satabdi Roy (Banerjee) ,Lok Sabha,West Bengal,BIRBHUM,Dubrajpur,Word No -03,,,Normal/Others,"NA - Construction of roads, approach roads, link roads and pathways",DISTRICT MAGISTRATE BIRBHUM_IDA,2023-11-18,Action Pending,951500,Unsanctioned
MPLADS-024849,Smt Satabdi Roy (Banerjee) ,Lok Sabha,West Bengal,BIRBHUM,Dubrajpur,Word No -06,,,Normal/Others,"NA - Construction of roads, approach roads, link roads and pathways",DISTRICT MAGISTRATE BIRBHUM_IDA,2023-11-18,Action Pending,371700,Unsanctioned
MPLADS-024850,Smt Satabdi Roy (Banerjee) ,Lok Sabha,West Bengal,BIRBHUM,Dubrajpur,Word No -08,,,Normal/Others,NA - Providing drains and gutters for public drainage,DISTRICT MAGISTRATE BIRBHUM_IDA,2023-11-18,Action Pending,753500,Unsanctioned
MPLADS-024851,Smt Satabdi Roy (Banerjee) ,Lok Sabha,West Bengal,BIRBHUM,Dubrajpur,Word No -15,,,Normal/Others,NA - Construction of common work sheds/ common covered sitting area,DISTRICT MAGISTRATE BIRBHUM_IDA,2023-11-18,Action Pending,1879700,Unsanctioned
MPLADS-024853,Smt Satabdi Roy (Banerjee) ,Lok Sabha,West Bengal,BIRBHUM,Dubrajpur,Word No -13,,,Normal/Others,NA - Providing drains and gutters for public drainage,DISTRICT MAGISTRATE BIRBHUM_IDA,2023-11-18,Action Pending,1094500,Unsanctioned
MPLADS-024983,Ms Mimi Chakraborty ,Lok Sabha,West Bengal,JADAVPUR,Kolkata,WARD NUMBER 101,,,Normal/Others,NA - Street lights,COMMISSIONER KOLKATA MUNICIPAL CORPORATION_IDA,2023-11-17,Action Pending,1500000,Unsanctioned
MPLADS-025019,Ms Mimi Chakraborty ,Lok Sabha,West Bengal,JADAVPUR,Kolkata,WARD NUMBER -95,,,Normal/Others,"NA - Purchase of smart boards, visual display units and projectors",COMMISSIONER KOLKATA MUNICIPAL CORPORATION_IDA,2023-11-17,Action Pending,500000,Unsanctioned
MPLADS-025020,Ms Mimi Chakraborty ,Lok Sabha,West Bengal,JADAVPUR,Kolkata,Ward Number 104,,,Normal/Others,NA - Development of playground,COMMISSIONER KOLKATA MUNICIPAL CORPORATION_IDA,2023-11-17,Action Pending,700000,Unsanctioned
MPLADS-025021,Ms Mimi Chakraborty ,Lok Sabha,West Bengal,JADAVPUR,Kolkata,WARD NUMBER 104,,,Normal/Others,NA - Street lights,COMMISSIONER KOLKATA MUNICIPAL CORPORATION_IDA,2023-11-17,Action Pending,600000,Unsanctioned
MPLADS-025022,Ms Mimi Chakraborty ,Lok Sabha,West Bengal,JADAVPUR,Kolkata,WARD NUMBER 101,,,Normal/Others,NA - Lighting of public spaces,COMMISSIONER KOLKATA MUNICIPAL CORPORATION_IDA,2023-11-17,Action Pending,1500000,Unsanctioned
MPLADS-025023,Ms Mimi Chakraborty ,Lok Sabha,West Bengal,JADAVPUR,Kolkata,Ward Number -99,,,Normal/Others,WS/MP432/2023-2024/50051 - Renovation of ponds and lakes,COMMISSIONER KOLKATA MUNICIPAL CORPORATION_IDA,2023-11-17,Approved by IDA,1300000,Unsanctioned
MPLADS-025068,Ms Mimi Chakraborty ,Lok Sabha,West Bengal,JADAVPUR,Kolkata,WARD NUMBER - 105,,,Normal/Others,NA - Lighting of public spaces,COMMISSIONER KOLKATA MUNICIPAL CORPORATION_IDA,2023-11-17,Rejected by IDA,1000000,Unsanctioned
MPLADS-025069,Ms Mimi Chakraborty ,Lok Sabha,West Bengal,JADAVPUR,Kolkata,WARD NUMBER 96,,,Normal/Others,NA - Renovation of ponds and lakes,COMMISSIONER KOLKATA MUNICIPAL CORPORATION_IDA,2023-11-17,Action Pending,1500000,Unsanctioned
MPLADS-025070,Ms Mimi Chakraborty ,Lok Sabha,West Bengal,JADAVPUR,Kolkata,WARD NUMBER 106,,,Normal/Others,NA - Development of public parks,COMMISSIONER KOLKATA MUNICIPAL CORPORATION_IDA,2023-11-17,Action Pending,1656000,Unsanctioned
MPLADS-025071,Ms Mimi Chakraborty ,Lok Sabha,West Bengal,JADAVPUR,Kolkata,WARD NUMBER - 100,,,Normal/Others,WS/MP432/2023-2024/50102 - Street lights,COMMISSIONER KOLKATA MUNICIPAL CORPORATION_IDA,2023-11-17,Approved by IDA,900000,Unsanctioned
MPLADS-025074,Ms Mimi Chakraborty ,Lok Sabha,West Bengal,JADAVPUR,Kolkata,WARD NO. 100,,,Normal/Others,WS/MP432/2023-2024/50108 - Renovation of ponds and lakes,COMMISSIONER KOLKATA MUNICIPAL CORPORATION_IDA,2023-11-17,Approved by IDA,1500000,Unsanctioned
MPLADS-025461,Shri SS Ahluwalia ,Lok Sabha,West Bengal,BARDHAMAN-DURGAPUR,Durgapur,Ward No. 41,,,Normal/Others,NA - Construction of community centers and community halls,DISTRICT MAGISTRATE PASCHIM BARDHAMAN_IDA,2023-11-15,Action Pending,1750000,Unsanctioned
MPLADS-025815,Shri Deepak (Dev) Adhikari ,Lok Sabha,West Bengal,GHATAL,Panskura,17,,,Normal/Others,NA - Lighting of public spaces,DISTRICT MAGISTRATE PURBA MEDINIPUR_IDA,2023-11-13,Action Pending,200000,Unsanctioned
MPLADS-025816,Shri Deepak (Dev) Adhikari ,Lok Sabha,West Bengal,GHATAL,Panskura,3,,,Normal/Others,NA - Installing community drinking water plants,DISTRICT MAGISTRATE PURBA MEDINIPUR_IDA,2023-11-13,Action Pending,500000,Unsanctioned
MPLADS-025819,Shri SS Ahluwalia ,Lok Sabha,West Bengal,BARDHAMAN-DURGAPUR,Barddhaman,Ward No. 16,,,Normal/Others,NA - Lighting of public spaces,DISTRICT MAGISTRATE PURBA BARDHAMAN_IDA,2023-11-13,Action Pending,417811,Unsanctioned
MPLADS-025840,Shri Deepak (Dev) Adhikari ,Lok Sabha,West Bengal,GHATAL,Panskura,8,,,Normal/Others,NA - Installing community drinking water plants,DISTRICT MAGISTRATE PURBA MEDINIPUR_IDA,2023-11-13,Action Pending,500000,Unsanctioned
MPLADS-025842,Shri SS Ahluwalia ,Lok Sabha,West Bengal,BARDHAMAN-DURGAPUR,Barddhaman,Ward No. 16,,,Normal/Others,NA - Lighting of public spaces,DISTRICT MAGISTRATE PURBA BARDHAMAN_IDA,2023-11-13,Action Pending,417811,Unsanctioned
MPLADS-026001,Dr Kakoli Ghosh Dastidar,Lok Sabha,West Bengal,BARASAT,Madhyamgram,8,,,Normal/Others,NA - Improvement of electricity distribution infrastructure,DISTRICT MAGISTRATE NORTH TWENTY FOUR PARGANAS_IDA,2023-11-11,Action Pending,300000,Unsanctioned
MPLADS-026151,Saumitra khan,Lok Sabha,West Bengal,BISHNUPUR(SC),Bishnupur,1,,,Normal/Others,NA - Installing tube-wells and borewells,DISTRICT MAGISTRATE BANKURA_IDA,2023-11-10,Action Pending,210000,Unsanctioned
MPLADS-026152,Saumitra khan,Lok Sabha,West Bengal,BISHNUPUR(SC),Bishnupur,12,,,Normal/Others,NA - Installing tube-wells and borewells,DISTRICT MAGISTRATE BANKURA_IDA,2023-11-10,Action Pending,210000,Unsanctioned
MPLADS-026153,Saumitra khan,Lok Sabha,West Bengal,BISHNUPUR(SC),Bishnupur,10,,,Normal/Others,NA - Installing tube-wells and borewells,DISTRICT MAGISTRATE BANKURA_IDA,2023-11-10,Action Pending,210000,Unsanctioned
MPLADS-026335,SHRI Bikash Ranjan Bhattacharya,Rajya Sabha,West Bengal,Sitting Rajya Sabha,Serampore,50,,,Normal/Others,"NA - Purchase of ambulances (Four, three and two wheelers)",DISTRICT MAGISTRATE HOOGHLY_IDA,2023-11-09,Action Pending,963414,Unsanctioned
MPLADS-026850,Subhash Sarkar ,Lok Sabha,West Bengal,BANKURA,Bankura,20,,,Normal/Others,NA - Street lights,DISTRICT MAGISTRATE BANKURA_IDA,2023-11-07,Action Pending,300000,Unsanctioned
MPLADS-026878,Subhash Sarkar ,Lok Sabha,West Bengal,BANKURA,Bankura,23,,,Normal/Others,NA - Installing tube-wells and borewells,DISTRICT MAGISTRATE BANKURA_IDA,2023-11-07,Action Pending,100000,Unsanctioned
MPLADS-026879,Sudip Bandyopadhyay ,Lok Sabha,West Bengal,KOLKATA UTTAR,Kolkata,51,,,Normal/Others,NA - Installing tube-wells and borewells,COMMISSIONER KOLKATA MUNICIPAL CORPORATION_IDA,2023-11-07,Action Pending,500000,Unsanctioned
MPLADS-026880,Shri Deepak (Dev) Adhikari ,Lok Sabha,West Bengal,GHATAL,Kharar,7,,,Normal/Others,NA - Lighting of public spaces,DISTRICT MAGISTRATE PASCHIM MEDINIPUR_IDA,2023-11-07,Action Pending,520000,Unsanctioned
MPLADS-026881,Shri Deepak (Dev) Adhikari ,Lok Sabha,West Bengal,GHATAL,Kharar,5,,,Normal/Others,NA - Lighting of public spaces,DISTRICT MAGISTRATE PASCHIM MEDINIPUR_IDA,2023-11-07,Action Pending,520000,Unsanctioned
MPLADS-026882,Shri Deepak (Dev) Adhikari ,Lok Sabha,West Bengal,GHATAL,Kharar,6,,,Normal/Others,NA - Lighting of public spaces,DISTRICT MAGISTRATE PASCHIM MEDINIPUR_IDA,2023-11-07,Action Pending,520000,Unsanctioned
MPLADS-026883,Shri Deepak (Dev) Adhikari ,Lok Sabha,West Bengal,GHATAL,Kharar,4,,,Normal/Others,NA - Lighting of public spaces,DISTRICT MAGISTRATE PASCHIM MEDINIPUR_IDA,2023-11-07,Action Pending,520000,Unsanctioned
MPLADS-026884,Shri Deepak (Dev) Adhikari ,Lok Sabha,West Bengal,GHATAL,Kharar,3,,,Normal/Others,NA - Lighting of public spaces,DISTRICT MAGISTRATE PASCHIM MEDINIPUR_IDA,2023-11-07,Action Pending,520000,Unsanctioned
MPLADS-026885,Shri Deepak (Dev) Adhikari ,Lok Sabha,West Bengal,GHATAL,Kharar,2,,,Normal/Others,NA - Lighting of public spaces,DISTRICT MAGISTRATE PASCHIM MEDINIPUR_IDA,2023-11-07,Action Pending,520000,Unsanctioned
MPLADS-026886,Shri Deepak (Dev) Adhikari ,Lok Sabha,West Bengal,GHATAL,Kharar,1,,,Normal/Others,NA - Lighting of public spaces,DISTRICT MAGISTRATE PASCHIM MEDINIPUR_IDA,2023-11-07,Action Pending,520000,Unsanctioned
MPLADS-026887,Saumitra khan,Lok Sabha,West Bengal,BISHNUPUR(SC),Sonamukhi,2,,,Normal/Others,NA - Construction of rooms and halls in school and colleges,DISTRICT MAGISTRATE BANKURA_IDA,2023-11-07,Action Pending,550000,Unsanctioned
MPLADS-026888,Subhash Sarkar ,Lok Sabha,West Bengal,BANKURA,Bankura,8,,,Normal/Others,NA - Installing community drinking water plants,DISTRICT MAGISTRATE BANKURA_IDA,2023-11-07,Action Pending,425000,Unsanctioned
MPLADS-026889,Subhash Sarkar ,Lok Sabha,West Bengal,BANKURA,Bankura,4,,,Normal/Others,NA - Street lights,DISTRICT MAGISTRATE BANKURA_IDA,2023-11-07,Action Pending,50000,Unsanctioned
MPLADS-026890,Subhash Sarkar ,Lok Sabha,West Bengal,BANKURA,Bankura,4,,,Normal/Others,NA - Street lights,DISTRICT MAGISTRATE BANKURA_IDA,2023-11-07,Action Pending,50000,Unsanctioned
MPLADS-026891,Subhash Sarkar ,Lok Sabha,West Bengal,BANKURA,Bankura,4,,,Normal/Others,NA - Street lights,DISTRICT MAGISTRATE BANKURA_IDA,2023-11-07,Action Pending,37000,Unsanctioned
MPLADS-026892,Sudip Bandyopadhyay ,Lok Sabha,West Bengal,KOLKATA UTTAR,Kolkata,59,,,Normal/Others,NA - Installing tube-wells and borewells,COMMISSIONER KOLKATA MUNICIPAL CORPORATION_IDA,2023-11-07,Action Pending,1300000,Unsanctioned
MPLADS-026894,Subhash Sarkar ,Lok Sabha,West Bengal,BANKURA,Bankura,23,,,Normal/Others,NA - Installing tube-wells and borewells,DISTRICT MAGISTRATE BANKURA_IDA,2023-11-07,Action Pending,100000,Unsanctioned
MPLADS-026908,Shri Deepak (Dev) Adhikari ,Lok Sabha,West Bengal,GHATAL,Kharar,8,,,Normal/Others,NA - Lighting of public spaces,DISTRICT MAGISTRATE PASCHIM MEDINIPUR_IDA,2023-11-07,Action Pending,520000,Unsanctioned
MPLADS-026909,Shri Deepak (Dev) Adhikari ,Lok Sabha,West Bengal,GHATAL,Kharar,9,,,Normal/Others,NA - Lighting of public spaces,DISTRICT MAGISTRATE PASCHIM MEDINIPUR_IDA,2023-11-07,Action Pending,520000,Unsanctioned
MPLADS-026910,Shri Deepak (Dev) Adhikari ,Lok Sabha,West Bengal,GHATAL,Kharar,10,,,Normal/Others,NA - Lighting of public spaces,DISTRICT MAGISTRATE PASCHIM MEDINIPUR_IDA,2023-11-07,Action Pending,520000,Unsanctioned
MPLADS-026911,Shri Deepak (Dev) Adhikari ,Lok Sabha,West Bengal,GHATAL,Kharar,09,,,Normal/Others,NA - Installing community drinking water plants,DISTRICT MAGISTRATE PASCHIM MEDINIPUR_IDA,2023-11-07,Action Pending,500000,Unsanctioned
MPLADS-026912,Subhash Sarkar ,Lok Sabha,West Bengal,BANKURA,Bankura,23,,,Normal/Others,NA - Street lights,DISTRICT MAGISTRATE BANKURA_IDA,2023-11-07,Action Pending,50000,Unsanctioned
MPLADS-026913,Subhash Sarkar ,Lok Sabha,West Bengal,BANKURA,Bankura,19,,,Normal/Others,NA - Street lights,DISTRICT MAGISTRATE BANKURA_IDA,2023-11-07,Action Pending,50000,Unsanctioned
MPLADS-026914,Subhash Sarkar ,Lok Sabha,West Bengal,BANKURA,Bankura,19,,,Normal/Others,NA - Street lights,DISTRICT MAGISTRATE BANKURA_IDA,2023-11-07,Action Pending,50000,Unsanctioned
MPLADS-026915,Subhash Sarkar ,Lok Sabha,West Bengal,BANKURA,Bankura,19,,,Normal/Others,NA - Street lights,DISTRICT MAGISTRATE BANKURA_IDA,2023-11-07,Action Pending,37000,Unsanctioned
MPLADS-026921,Subhash Sarkar ,Lok Sabha,West Bengal,BANKURA,Bankura,19,,,Normal/Others,NA - Street lights,DISTRICT MAGISTRATE BANKURA_IDA,2023-11-07,Action Pending,37000,Unsanctioned
MPLADS-026922,Subhash Sarkar ,Lok Sabha,West Bengal,BANKURA,Bankura,19,,,Normal/Others,NA - Street lights,DISTRICT MAGISTRATE BANKURA_IDA,2023-11-07,Action Pending,50000,Unsanctioned
MPLADS-026923,Subhash Sarkar ,Lok Sabha,West Bengal,BANKURA,Bankura,19,,,Normal/Others,NA - Installing tube-wells and borewells,DISTRICT MAGISTRATE BANKURA_IDA,2023-11-07,Action Pending,100000,Unsanctioned
MPLADS-026924,Subhash Sarkar ,Lok Sabha,West Bengal,BANKURA,Bankura,14,,,Normal/Others,WS/MP851/2023-2024/47233 - Construction of community centers and community halls,DISTRICT MAGISTRATE BANKURA_IDA,2023-11-07,Approved by IDA,250000,Unsanctioned
MPLADS-026925,Subhash Sarkar ,Lok Sabha,West Bengal,BANKURA,Bankura,13,,,Normal/Others,NA - Street lights,DISTRICT MAGISTRATE BANKURA_IDA,2023-11-07,Action Pending,50000,Unsanctioned
MPLADS-026926,Subhash Sarkar ,Lok Sabha,West Bengal,BANKURA,Bankura,13,,,Normal/Others,NA - Street lights,DISTRICT MAGISTRATE BANKURA_IDA,2023-11-07,Action Pending,37000,Unsanctioned
MPLADS-026927,Subhash Sarkar ,Lok Sabha,West Bengal,BANKURA,Bankura,13,,,Normal/Others,NA - Installing tube-wells and borewells,DISTRICT MAGISTRATE BANKURA_IDA,2023-11-07,Action Pending,37000,Unsanctioned
MPLADS-026928,Subhash Sarkar ,Lok Sabha,West Bengal,BANKURA,Bankura,13,,,Normal/Others,NA - Street lights,DISTRICT MAGISTRATE BANKURA_IDA,2023-11-07,Action Pending,50000,Unsanctioned
MPLADS-026929,Subhash Sarkar ,Lok Sabha,West Bengal,BANKURA,Bankura,13,,,Normal/Others,NA - Installing tube-wells and borewells,DISTRICT MAGISTRATE BANKURA_IDA,2023-11-07,Action Pending,100000,Unsanctioned
MPLADS-026930,Subhash Sarkar ,Lok Sabha,West Bengal,BANKURA,Bankura,13,,,Normal/Others,NA - Street lights,DISTRICT MAGISTRATE BANKURA_IDA,2023-11-07,Action Pending,50000,Unsanctioned
MPLADS-026931,Subhash Sarkar ,Lok Sabha,West Bengal,BANKURA,Bankura,13,,,Normal/Others,NA - Street lights,DISTRICT MAGISTRATE BANKURA_IDA,2023-11-07,Action Pending,50000,Unsanctioned
MPLADS-026933,Subhash Sarkar ,Lok Sabha,West Bengal,BANKURA,Bankura,5,,,Normal/Others,NA - Installing tube-wells and borewells,DISTRICT MAGISTRATE BANKURA_IDA,2023-11-07,Action Pending,100000,Unsanctioned
MPLADS-026934,Subhash Sarkar ,Lok Sabha,West Bengal,BANKURA,Bankura,5,,,Normal/Others,NA - Street lights,DISTRICT MAGISTRATE BANKURA_IDA,2023-11-07,Action Pending,50000,Unsanctioned
MPLADS-026935,Subhash Sarkar ,Lok Sabha,West Bengal,BANKURA,Bankura,5,,,Normal/Others,NA - Installing tube-wells and borewells,DISTRICT MAGISTRATE BANKURA_IDA,2023-11-07,Action Pending,100000,Unsanctioned
MPLADS-026936,Shri Deepak (Dev) Adhikari ,Lok Sabha,West Bengal,GHATAL,Kharar,2,,,Normal/Others,NA - Installing community drinking water plants,DISTRICT MAGISTRATE PASCHIM MEDINIPUR_IDA,2023-11-07,Action Pending,500000,Unsanctioned
MPLADS-026937,Shri Deepak (Dev) Adhikari ,Lok Sabha,West Bengal,GHATAL,Kharar,4,,,Normal/Others,NA - Installing community drinking water plants,DISTRICT MAGISTRATE PASCHIM MEDINIPUR_IDA,2023-11-07,Action Pending,500000,Unsanctioned
MPLADS-026938,Shri Deepak (Dev) Adhikari ,Lok Sabha,West Bengal,GHATAL,Kharar,9,,,Normal/Others,NA - Installing community drinking water plants,DISTRICT MAGISTRATE PASCHIM MEDINIPUR_IDA,2023-11-07,Action Pending,500000,Unsanctioned
MPLADS-026939,Subhash Sarkar ,Lok Sabha,West Bengal,BANKURA,Bankura,5,,,Normal/Others,NA - Street lights,DISTRICT MAGISTRATE BANKURA_IDA,2023-11-07,Action Pending,50000,Unsanctioned
MPLADS-027284,Sudip Bandyopadhyay ,Lok Sabha,West Bengal,KOLKATA UTTAR,Kolkata,04,,,Normal/Others,NA - Construction of rooms and halls in school and colleges,COMMISSIONER KOLKATA MUNICIPAL CORPORATION_IDA,2023-11-06,Action Pending,1000000,Unsanctioned
MPLADS-027285,Sudip Bandyopadhyay ,Lok Sabha,West Bengal,KOLKATA UTTAR,Kolkata,37,,,Normal/Others,NA - Construction of rooms and halls in school and colleges,COMMISSIONER KOLKATA MUNICIPAL CORPORATION_IDA,2023-11-06,Action Pending,2000000,Unsanctioned
MPLADS-027286,Sudip Bandyopadhyay ,Lok Sabha,West Bengal,KOLKATA UTTAR,Kolkata,36,,,Normal/Others,WS/MP867/2023-2024/46114 - Providing drains and gutters for public drainage,COMMISSIONER KOLKATA MUNICIPAL CORPORATION_IDA,2023-11-06,Approved by IDA,1400000,Unsanctioned
MPLADS-027287,Sudip Bandyopadhyay ,Lok Sabha,West Bengal,KOLKATA UTTAR,Kolkata,43,,,Normal/Others,NA - Construction of footpaths and pedestrian ways,COMMISSIONER KOLKATA MUNICIPAL CORPORATION_IDA,2023-11-06,Rejected by IDA,2000000,Unsanctioned
MPLADS-027288,Sudip Bandyopadhyay ,Lok Sabha,West Bengal,KOLKATA UTTAR,Kolkata,43,,,Normal/Others,NA - Construction of footpaths and pedestrian ways,COMMISSIONER KOLKATA MUNICIPAL CORPORATION_IDA,2023-11-06,Rejected by IDA,500000,Unsanctioned
MPLADS-027289,Sudip Bandyopadhyay ,Lok Sabha,West Bengal,KOLKATA UTTAR,Kolkata,43,,,Normal/Others,WS/MP867/2023-2024/46117 - Construction of footpaths and pedestrian ways,COMMISSIONER KOLKATA MUNICIPAL CORPORATION_IDA,2023-11-06,Approved by IDA,1000000,Unsanctioned
MPLADS-027290,Sudip Bandyopadhyay ,Lok Sabha,West Bengal,KOLKATA UTTAR,Kolkata,41,,,Normal/Others,WS/MP867/2023-2024/46118 - Construction of footpaths and pedestrian ways,COMMISSIONER KOLKATA MUNICIPAL CORPORATION_IDA,2023-11-06,Approved by IDA,1700000,Unsanctioned
MPLADS-027291,Sudip Bandyopadhyay ,Lok Sabha,West Bengal,KOLKATA UTTAR,Kolkata,41,,,Normal/Others,WS/MP867/2023-2024/46119 - Construction of footpaths and pedestrian ways,COMMISSIONER KOLKATA MUNICIPAL CORPORATION_IDA,2023-11-06,Approved by IDA,2500000,Unsanctioned
MPLADS-027292,Smt Satabdi Roy (Banerjee) ,Lok Sabha,West Bengal,BIRBHUM,Sainthia,11,,,Normal/Others,WS/MP499/2023-2024/46130 - Development of public parks,DISTRICT MAGISTRATE BIRBHUM_IDA,2023-11-06,Approved by IDA,1266000,Unsanctioned
MPLADS-027293,Smt Satabdi Roy (Banerjee) ,Lok Sabha,West Bengal,BIRBHUM,Sainthia,11,,,Normal/Others,WS/MP499/2023-2024/46131 - Development of public parks,DISTRICT MAGISTRATE BIRBHUM_IDA,2023-11-06,Approved by IDA,550000,Unsanctioned
MPLADS-027294,Saumitra khan,Lok Sabha,West Bengal,BISHNUPUR(SC),Bishnupur,10,,,Normal/Others,NA - Construction of community centers and community halls,DISTRICT MAGISTRATE BANKURA_IDA,2023-11-06,Action Pending,550000,Unsanctioned
MPLADS-027295,Saumitra khan,Lok Sabha,West Bengal,BISHNUPUR(SC),Bishnupur,8,,,Normal/Others,NA - Construction of community centers and community halls,DISTRICT MAGISTRATE BANKURA_IDA,2023-11-06,Action Pending,650000,Unsanctioned
MPLADS-027296,Saumitra khan,Lok Sabha,West Bengal,BISHNUPUR(SC),Bishnupur,11,,,Normal/Others,NA - Construction of community centers and community halls,DISTRICT MAGISTRATE BANKURA_IDA,2023-11-06,Action Pending,650000,Unsanctioned
MPLADS-027297,Saumitra khan,Lok Sabha,West Bengal,BISHNUPUR(SC),Bishnupur,19,,,Normal/Others,NA - Common work sheds for artisans,DISTRICT MAGISTRATE BANKURA_IDA,2023-11-06,Action Pending,550000,Unsanctioned
MPLADS-027992,Kalyan Banerjee ,Lok Sabha,West Bengal,SREERAMPUR,Uttarpara Kotrung,9,,,Normal/Others,NA - Purchase of hospital equipment,DISTRICT MAGISTRATE HOOGHLY_IDA,2023-11-04,Action Pending,4272500,Unsanctioned
MPLADS-028012,Smt Satabdi Roy (Banerjee) ,Lok Sabha,West Bengal,BIRBHUM,Nalhati,1 to 16,,,Normal/Others,NA - Providing CCTV camera system for security of public areas,DISTRICT MAGISTRATE BIRBHUM_IDA,2023-11-04,Action Pending,1000000,Unsanctioned
MPLADS-028013,Smt Satabdi Roy (Banerjee) ,Lok Sabha,West Bengal,BIRBHUM,Sainthia,12,,,Normal/Others,NA - Lighting of public spaces,DISTRICT MAGISTRATE BIRBHUM_IDA,2023-11-04,Action Pending,1637833,Unsanctioned
MPLADS-028014,Smt Satabdi Roy (Banerjee) ,Lok Sabha,West Bengal,BIRBHUM,Sainthia,07,,,Normal/Others,WS/MP499/2023-2024/45336 - Construction of Footpaths/Pedestrian ways,DISTRICT MAGISTRATE BIRBHUM_IDA,2023-11-04,Approved by IDA,4721000,Unsanctioned
MPLADS-028199,Sudip Bandyopadhyay ,Lok Sabha,West Bengal,KOLKATA UTTAR,Kolkata,053,,,Normal/Others,WS/MP867/2023-2024/44199 - Street lights,COMMISSIONER KOLKATA MUNICIPAL CORPORATION_IDA,2023-11-03,Approved by IDA,500000,Unsanctioned
MPLADS-028200,Sudip Bandyopadhyay ,Lok Sabha,West Bengal,KOLKATA UTTAR,Kolkata,035,,,Normal/Others,WS/MP867/2023-2024/44198 - Street lights,COMMISSIONER KOLKATA MUNICIPAL CORPORATION_IDA,2023-11-03,Approved by IDA,581282,Sanctioned
MPLADS-028520,Sudip Bandyopadhyay ,Lok Sabha,West Bengal,KOLKATA UTTAR,Kolkata,040,,,Normal/Others,WS/MP867/2023-2024/43615 - Installation of multi-gym equipment,COMMISSIONER KOLKATA MUNICIPAL CORPORATION_IDA,2023-11-02,Approved by IDA,240000,Unsanctioned
MPLADS-028521,Sudip Bandyopadhyay ,Lok Sabha,West Bengal,KOLKATA UTTAR,Kolkata,040,,,Normal/Others,WS/MP867/2023-2024/43614 - Development of public parks,COMMISSIONER KOLKATA MUNICIPAL CORPORATION_IDA,2023-11-02,Approved by IDA,1650000,Unsanctioned
MPLADS-028750,Dr Kakoli Ghosh Dastidar,Lok Sabha,West Bengal,BARASAT,Bidhannagar,31,,,Normal/Others,"NA - Construction of roads, approach roads, link roads and pathways",DISTRICT MAGISTRATE NORTH TWENTY FOUR PARGANAS_IDA,2023-11-01,Action Pending,400000,Unsanctioned
MPLADS-028751,Sudip Bandyopadhyay ,Lok Sabha,West Bengal,KOLKATA UTTAR,Kolkata,051,,,Normal/Others,WS/MP867/2023-2024/43251 - Installation of multi-gym equipment,COMMISSIONER KOLKATA MUNICIPAL CORPORATION_IDA,2023-11-01,Approved by IDA,507000,Unsanctioned
MPLADS-028785,Sudip Bandyopadhyay ,Lok Sabha,West Bengal,KOLKATA UTTAR,Kolkata,051,,,Normal/Others,WS/MP867/2023-2024/43250 - Construction of buildings for multi-gym,COMMISSIONER KOLKATA MUNICIPAL CORPORATION_IDA,2023-11-01,Approved by IDA,550000,Unsanctioned
MPLADS-028790,Dr Kakoli Ghosh Dastidar,Lok Sabha,West Bengal,BARASAT,Bidhannagar,13,,,Normal/Others,NA - Lighting of public spaces,DISTRICT MAGISTRATE NORTH TWENTY FOUR PARGANAS_IDA,2023-11-01,Action Pending,400000,Unsanctioned
MPLADS-028791,Dr Kakoli Ghosh Dastidar,Lok Sabha,West Bengal,BARASAT,Barasat,28,,,Normal/Others,NA - Lighting of public spaces,DISTRICT MAGISTRATE NORTH TWENTY FOUR PARGANAS_IDA,2023-11-01,Action Pending,400000,Unsanctioned
MPLADS-028792,Dr Kakoli Ghosh Dastidar,Lok Sabha,West Bengal,BARASAT,Barasat,27,,,Normal/Others,NA - Providing drains and gutters for public drainage,DISTRICT MAGISTRATE NORTH TWENTY FOUR PARGANAS_IDA,2023-11-01,Action Pending,400000,Unsanctioned
MPLADS-028813,Sudip Bandyopadhyay ,Lok Sabha,West Bengal,KOLKATA UTTAR,Kolkata,012,,,Normal/Others,NA - Development of public parks,COMMISSIONER KOLKATA MUNICIPAL CORPORATION_IDA,2023-11-01,Rejected by IDA,500000,Unsanctioned
MPLADS-029339,Subhash Sarkar ,Lok Sabha,West Bengal,BANKURA,Raghunathpur,"Ward-1, Ward-13",,,Normal/Others,NA - Street lights,DISTRICT MAGISTRATE PURULIA_IDA,2023-10-31,Action Pending,300000,Unsanctioned
MPLADS-029366,Subhash Sarkar ,Lok Sabha,West Bengal,BANKURA,Raghunathpur,Ward-13,,,Normal/Others,NA - Installing community drinking water plants,DISTRICT MAGISTRATE PURULIA_IDA,2023-10-31,Action Pending,425000,Unsanctioned
MPLADS-029397,Subhash Sarkar ,Lok Sabha,West Bengal,BANKURA,Raghunathpur,Ward-13,,,Normal/Others,NA - Street lights,DISTRICT MAGISTRATE PURULIA_IDA,2023-10-31,Action Pending,300000,Unsanctioned
MPLADS-029399,Dr Kakoli Ghosh Dastidar,Lok Sabha,West Bengal,BARASAT,Barasat,12,,,Normal/Others,"NA - Construction of roads, approach roads, link roads and pathways",DISTRICT MAGISTRATE NORTH TWENTY FOUR PARGANAS_IDA,2023-10-31,Action Pending,400000,Unsanctioned
MPLADS-029409,Dr Kakoli Ghosh Dastidar,Lok Sabha,West Bengal,BARASAT,Barasat,11,,,Normal/Others,NA - Providing drains and gutters for public drainage,DISTRICT MAGISTRATE NORTH TWENTY FOUR PARGANAS_IDA,2023-10-31,Action Pending,400000,Unsanctioned
MPLADS-029434,Asit Kumar Mal ,Lok Sabha,West Bengal,BOLPUR(SC),Bolpur,SSDA,,,Normal/Others,NA - Street lights,DISTRICT MAGISTRATE BIRBHUM_IDA,2023-10-31,Action Pending,1398015,Unsanctioned
MPLADS-029436,Asit Kumar Mal ,Lok Sabha,West Bengal,BOLPUR(SC),Bolpur,SSDA,,,Normal/Others,NA - Improvement of electricity distribution infrastructure,DISTRICT MAGISTRATE BIRBHUM_IDA,2023-10-31,Action Pending,701959,Unsanctioned
MPLADS-029515,Asit Kumar Mal ,Lok Sabha,West Bengal,BOLPUR(SC),Bolpur,SSDA,,,Normal/Others,NA - Providing CCTV camera system for security of public areas,DISTRICT MAGISTRATE BIRBHUM_IDA,2023-10-30,Action Pending,723459,Unsanctioned
MPLADS-030070,Khalilur Rahaman,Lok Sabha,West Bengal,JANGIPUR,Jangipur,ward-14,,,Normal/Others,NA - Purchase of non-conventional energy system and devices for community use,DISTRICT MAGISTRATE MURSHIDABAD_IDA,2023-10-28,Action Pending,650000,Unsanctioned
MPLADS-031716,Smt Satabdi Roy (Banerjee) ,Lok Sabha,West Bengal,BIRBHUM,Suri,1 to 21,,,Normal/Others,NA - Providing CCTV camera system for security of public areas,DISTRICT MAGISTRATE BIRBHUM_IDA,2023-10-20,Action Pending,1000000,Unsanctioned
MPLADS-031717,Smt Satabdi Roy (Banerjee) ,Lok Sabha,West Bengal,BIRBHUM,Suri,1 to Suri21,,,Normal/Others,WS/MP499/2023-2024/38815 - Lighting of public spaces,DISTRICT MAGISTRATE BIRBHUM_IDA,2023-10-20,Approved by IDA,5800000,Unsanctioned
MPLADS-032690,Mala Roy,Lok Sabha,West Bengal,KOLKATA DAKSHIN,Kolkata,60,,,Normal/Others,NA - DEVELOPMENT OF BUSTEE PASSAGE BY PROVIDING CEMENT CONCRETE,COMMISSIONER KOLKATA MUNICIPAL CORPORATION_IDA,2023-10-17,Action Pending,1081000,Unsanctioned
MPLADS-033953,Ms Mimi Chakraborty ,Lok Sabha,West Bengal,JADAVPUR,Rajpur Sonarpur,WARD NUMBER 5,,,Normal/Others,WS/MP432/2023-2024/36108 - Street lights,DISTRICT MAGISTRATE SOUTH TWENTY FOUR PARGANAS_IDA,2023-10-12,Approved by IDA,435795,Unsanctioned
MPLADS-034394,Mala Roy,Lok Sabha,West Bengal,KOLKATA DAKSHIN,Kolkata,066,,,Normal/Others,NA - Construction of new school building,COMMISSIONER KOLKATA MUNICIPAL CORPORATION_IDA,2023-10-11,Action Pending,3000000,Unsanctioned
MPLADS-034540,Smt Sajda Ahmed,Lok Sabha,West Bengal,ULUBERIA,,,SHYAMPUR-II,Nakol,Normal/Others,WS/MP829/2023-2024/35504 - Construction of rooms and halls in school and colleges,DISTRICT MAGISTRATE HOWRAH_IDA,2023-10-10,Approved by IDA,600000,Sanctioned
MPLADS-034541,Smt Sajda Ahmed,Lok Sabha,West Bengal,ULUBERIA,,,AMTA-I,Chandrapur (CT),Normal/Others,WS/MP829/2023-2024/35505 - Crematoriums or structures on burial/ cremation ground for public convenience,DISTRICT MAGISTRATE HOWRAH_IDA,2023-10-10,Approved by IDA,500000,Sanctioned
MPLADS-034542,Smt Sajda Ahmed,Lok Sabha,West Bengal,ULUBERIA,,,AMTA-I,Purba Gazipur,Normal/Others,WS/MP829/2023-2024/35506 - Crematoriums or structures on burial/ cremation ground for public convenience,DISTRICT MAGISTRATE HOWRAH_IDA,2023-10-10,Approved by IDA,500000,Sanctioned
MPLADS-034576,Smt Sajda Ahmed,Lok Sabha,West Bengal,ULUBERIA,Uluberia,22,,,Normal/Others,WS/MP829/2023-2024/35507 - Construction of rooms and halls in school and colleges,DISTRICT MAGISTRATE HOWRAH_IDA,2023-10-10,Approved by IDA,600000,Sanctioned
MPLADS-034577,Mala Roy,Lok Sabha,West Bengal,KOLKATA DAKSHIN,Kolkata,132,,,Normal/Others,NA - DEVELOPMENT OF POND BY PROVIDING BULLAH PILING,COMMISSIONER KOLKATA MUNICIPAL CORPORATION_IDA,2023-10-10,Action Pending,865000,Unsanctioned
MPLADS-034578,Mala Roy,Lok Sabha,West Bengal,KOLKATA DAKSHIN,Kolkata,65,,,Normal/Others,WS/MP484/2023-2024/35490 - Providing drains and gutters for public drainage,COMMISSIONER KOLKATA MUNICIPAL CORPORATION_IDA,2023-10-10,Approved by IDA,1200000,Unsanctioned
MPLADS-034579,Mala Roy,Lok Sabha,West Bengal,KOLKATA DAKSHIN,Kolkata,133,,,Normal/Others,WS/MP484/2023-2024/35487 - Purchase of furniture and fixtures for educational purposes,COMMISSIONER KOLKATA MUNICIPAL CORPORATION_IDA,2023-10-10,Approved by IDA,3000000,Unsanctioned
MPLADS-034580,Mala Roy,Lok Sabha,West Bengal,KOLKATA DAKSHIN,Kolkata,72,,,Normal/Others,WS/MP484/2023-2024/35476 - Construction of footpaths and pedestrian ways,COMMISSIONER KOLKATA MUNICIPAL CORPORATION_IDA,2023-10-10,Approved by IDA,700000,Unsanctioned
MPLADS-034581,Mala Roy,Lok Sabha,West Bengal,KOLKATA DAKSHIN,Kolkata,107,,,Normal/Others,NA - Construction of bus-sheds or bus-stops,COMMISSIONER KOLKATA MUNICIPAL CORPORATION_IDA,2023-10-10,Action Pending,1061000,Unsanctioned
MPLADS-034582,Prof Saugata Roy ,Lok Sabha,West Bengal,DUM DUM,Baranagar,9,,,Normal/Others,NA - Construction of rooms and halls in school and colleges,DISTRICT MAGISTRATE NORTH TWENTY FOUR PARGANAS_IDA,2023-10-10,Action Pending,1000000,Unsanctioned
MPLADS-034583,Prof Saugata Roy ,Lok Sabha,West Bengal,DUM DUM,Bidhannagar,17,,,Normal/Others,NA - Development of playground,DISTRICT MAGISTRATE NORTH TWENTY FOUR PARGANAS_IDA,2023-10-10,Action Pending,5000000,Unsanctioned
MPLADS-034593,Prof Saugata Roy ,Lok Sabha,West Bengal,DUM DUM,North Dum Dum,9,,,Normal/Others,NA - Construction of rooms and halls in school and colleges,DISTRICT MAGISTRATE NORTH TWENTY FOUR PARGANAS_IDA,2023-10-10,Action Pending,600000,Unsanctioned
MPLADS-035211,Shri Arjun Singh ,Lok Sabha,West Bengal,BARRACKPUR,Bhatpara,18,,,Normal/Others,NA - Construction of road under bridge,DISTRICT MAGISTRATE NORTH TWENTY FOUR PARGANAS_IDA,2023-10-08,Action Pending,5000000,Unsanctioned
MPLADS-035344,SHRI Abir Ranjan Biswas,Rajya Sabha,West Bengal,Sitting Rajya Sabha,Kolkata,079,,,Normal/Others,"NA - Purchase of ambulances (Four, three and two wheelers)",COMMISSIONER KOLKATA MUNICIPAL CORPORATION_IDA,2023-10-07,Action Pending,2600000,Unsanctioned
MPLADS-036098,Mala Roy,Lok Sabha,West Bengal,KOLKATA DAKSHIN,Kolkata,126,,,Normal/Others,NA - Street lights,COMMISSIONER KOLKATA MUNICIPAL CORPORATION_IDA,2023-10-06,Action Pending,1000000,Unsanctioned
MPLADS-036106,Mala Roy,Lok Sabha,West Bengal,KOLKATA DAKSHIN,Kolkata,86,,,Normal/Others,NA - Street lights,COMMISSIONER KOLKATA MUNICIPAL CORPORATION_IDA,2023-10-06,Action Pending,400000,Unsanctioned
MPLADS-036114,Mala Roy,Lok Sabha,West Bengal,KOLKATA DAKSHIN,Kolkata,119,,,Normal/Others,WS/MP484/2023-2024/33176 - Street lights,COMMISSIONER KOLKATA MUNICIPAL CORPORATION_IDA,2023-10-06,Approved by IDA,1000000,Unsanctioned
MPLADS-036115,Mala Roy,Lok Sabha,West Bengal,KOLKATA DAKSHIN,Kolkata,120,,,Normal/Others,WS/MP484/2023-2024/33178 - Lighting of public spaces,COMMISSIONER KOLKATA MUNICIPAL CORPORATION_IDA,2023-10-06,Approved by IDA,1894000,Unsanctioned
MPLADS-036126,Mala Roy,Lok Sabha,West Bengal,KOLKATA DAKSHIN,Kolkata,72,,,Normal/Others,NA - DEVELOPMENT OF EXISTING MEDIAN GARDEN ALONG ASHU BISWAS ROAD IN K.M.C. WARD 72 UNDER BOROUGH-VIII,COMMISSIONER KOLKATA MUNICIPAL CORPORATION_IDA,2023-10-06,Action Pending,300000,Unsanctioned
MPLADS-038723,Kalyan Banerjee ,Lok Sabha,West Bengal,SREERAMPUR,,,BALLY-JAGACHA,Chakapara (CT),Normal/Others,WS/MP859/2023-2024/29106 - Construction of rooms and halls in school and colleges,DISTRICT MAGISTRATE HOWRAH_IDA,2023-09-30,Approved by IDA,1000000,Sanctioned
MPLADS-038724,Kalyan Banerjee ,Lok Sabha,West Bengal,SREERAMPUR,,,BALLY-JAGACHA,Chakapara (CT),Normal/Others,WS/MP859/2023-2024/29107 - Construction of rooms and halls in school and colleges,DISTRICT MAGISTRATE HOWRAH_IDA,2023-09-30,Approved by IDA,1000000,Sanctioned
MPLADS-038725,Kalyan Banerjee ,Lok Sabha,West Bengal,SREERAMPUR,Rishra,ward no 11,,,Normal/Others,NA - Purchase of hospital equipment,DISTRICT MAGISTRATE HOOGHLY_IDA,2023-09-30,Action Pending,1176000,Unsanctioned
MPLADS-038726,Kalyan Banerjee ,Lok Sabha,West Bengal,SREERAMPUR,Rishra,ward no 11,,,Normal/Others,NA - Purchase of hospital equipment,DISTRICT MAGISTRATE HOOGHLY_IDA,2023-09-30,Action Pending,1400000,Unsanctioned
MPLADS-038727,Kalyan Banerjee ,Lok Sabha,West Bengal,SREERAMPUR,Rishra,ward no 11,,,Normal/Others,NA - Purchase of hospital equipment,DISTRICT MAGISTRATE HOOGHLY_IDA,2023-09-30,Action Pending,924600,Unsanctioned
MPLADS-038970,Kalyan Banerjee ,Lok Sabha,West Bengal,SREERAMPUR,Baidyabati,ward no 21,,,Normal/Others,"NA - Construction of roads, approach roads, link roads and pathways",DISTRICT MAGISTRATE HOOGHLY_IDA,2023-09-29,Action Pending,497156,Unsanctioned
MPLADS-038973,Kalyan Banerjee ,Lok Sabha,West Bengal,SREERAMPUR,Baidyabati,Ward no 19,,,Normal/Others,"NA - Construction of roads, approach roads, link roads and pathways",DISTRICT MAGISTRATE HOOGHLY_IDA,2023-09-29,Action Pending,497587,Unsanctioned
MPLADS-038974,Kalyan Banerjee ,Lok Sabha,West Bengal,SREERAMPUR,Baidyabati,ward no 13,,,Normal/Others,"NA - Construction of roads, approach roads, link roads and pathways",DISTRICT MAGISTRATE HOOGHLY_IDA,2023-09-29,Action Pending,498081,Unsanctioned
MPLADS-038975,Kalyan Banerjee ,Lok Sabha,West Bengal,SREERAMPUR,Baidyabati,ward no 17,,,Normal/Others,"NA - Construction of roads, approach roads, link roads and pathways",DISTRICT MAGISTRATE HOOGHLY_IDA,2023-09-29,Action Pending,499159,Unsanctioned
MPLADS-038976,Kalyan Banerjee ,Lok Sabha,West Bengal,SREERAMPUR,Baidyabati,ward no 11,,,Normal/Others,"NA - Construction of roads, approach roads, link roads and pathways",DISTRICT MAGISTRATE HOOGHLY_IDA,2023-09-29,Action Pending,498101,Unsanctioned
MPLADS-038977,Kalyan Banerjee ,Lok Sabha,West Bengal,SREERAMPUR,Baidyabati,ward no 1,,,Normal/Others,"NA - Construction of roads, approach roads, link roads and pathways",DISTRICT MAGISTRATE HOOGHLY_IDA,2023-09-29,Action Pending,497156,Unsanctioned
MPLADS-038978,Kalyan Banerjee ,Lok Sabha,West Bengal,SREERAMPUR,Baidyabati,ward no 10,,,Normal/Others,"NA - Construction of roads, approach roads, link roads and pathways",DISTRICT MAGISTRATE HOOGHLY_IDA,2023-09-29,Action Pending,498081,Unsanctioned
MPLADS-039066,Kalyan Banerjee ,Lok Sabha,West Bengal,SREERAMPUR,Baidyabati,ward no 3,,,Normal/Others,"NA - Construction of roads, approach roads, link roads and pathways",DISTRICT MAGISTRATE HOOGHLY_IDA,2023-09-29,Action Pending,498025,Unsanctioned
MPLADS-039076,Kalyan Banerjee ,Lok Sabha,West Bengal,SREERAMPUR,Champdani,Ward no 8,,,Normal/Others,"NA - Construction of roads, approach roads, link roads and pathways",DISTRICT MAGISTRATE HOOGHLY_IDA,2023-09-29,Action Pending,1982844,Unsanctioned
MPLADS-039077,Kalyan Banerjee ,Lok Sabha,West Bengal,SREERAMPUR,Champdani,Ward no 5,,,Normal/Others,"NA - Construction of roads, approach roads, link roads and pathways",DISTRICT MAGISTRATE HOOGHLY_IDA,2023-09-29,Action Pending,1221726,Unsanctioned
MPLADS-039078,Kalyan Banerjee ,Lok Sabha,West Bengal,SREERAMPUR,Champdani,ward no 22,,,Normal/Others,NA - Installing tube-wells and borewells,DISTRICT MAGISTRATE HOOGHLY_IDA,2023-09-29,Action Pending,674746,Unsanctioned
MPLADS-039079,Kalyan Banerjee ,Lok Sabha,West Bengal,SREERAMPUR,Champdani,ward no 21,,,Normal/Others,"NA - Construction of roads, approach roads, link roads and pathways",DISTRICT MAGISTRATE HOOGHLY_IDA,2023-09-29,Action Pending,493716,Unsanctioned
MPLADS-039080,Kalyan Banerjee ,Lok Sabha,West Bengal,SREERAMPUR,Dankuni Municipality,ward no 7,,,Normal/Others,"WS/MP859/2023-2024/28861 - Construction of roads, approach roads, link roads and pathways",DISTRICT MAGISTRATE HOOGHLY_IDA,2023-09-29,Approved by IDA,762086,Unsanctioned
MPLADS-039081,Kalyan Banerjee ,Lok Sabha,West Bengal,SREERAMPUR,Dankuni Municipality,ward no 8,,,Normal/Others,"WS/MP859/2023-2024/28860 - Construction of roads, approach roads, link roads and pathways",DISTRICT MAGISTRATE HOOGHLY_IDA,2023-09-29,Approved by IDA,792447,Unsanctioned
MPLADS-039230,Kalyan Banerjee ,Lok Sabha,West Bengal,SREERAMPUR,,,CHANDITALA-II,Baksa (CT),Normal/Others,"WS/MP859/2023-2024/28873 - Construction of roads, link roads, pathways or any other road with or without drainage system",DISTRICT MAGISTRATE HOOGHLY_IDA,2023-09-29,Approved by IDA,315841,Sanctioned
MPLADS-039307,Shri Kunar Hembram ,Lok Sabha,West Bengal,JHARGRAM(ST),,,SANKRAIL,Banpura,Normal/Others,WS/MP237/2023-2024/28092 - Construction of rooms and halls in school and colleges,DISTRICT MAGISTRATE JHARGRAM_IDA,2023-09-28,Approved by IDA,4482638,Sanctioned
MPLADS-039376,Shri Kunar Hembram ,Lok Sabha,West Bengal,JHARGRAM(ST),Jhargram,8,,,Normal/Others,NA - Construction of rooms and halls in school and colleges,DISTRICT MAGISTRATE PASCHIM MEDINIPUR_IDA,2023-09-28,Rejected by IDA,3000000,Unsanctioned
MPLADS-039760,Mala Roy,Lok Sabha,West Bengal,KOLKATA DAKSHIN,Kolkata,71,,,Normal/Others,NA - Purchase of hospital equipment,COMMISSIONER KOLKATA MUNICIPAL CORPORATION_IDA,2023-09-27,Action Pending,1052000,Unsanctioned
MPLADS-039761,Mala Roy,Lok Sabha,West Bengal,KOLKATA DAKSHIN,Kolkata,71,,,Normal/Others,NA - Purchase of hospital equipment,COMMISSIONER KOLKATA MUNICIPAL CORPORATION_IDA,2023-09-27,Action Pending,826000,Unsanctioned
MPLADS-039762,Mala Roy,Lok Sabha,West Bengal,KOLKATA DAKSHIN,Kolkata,71,,,Normal/Others,NA - Purchase of hospital equipment,COMMISSIONER KOLKATA MUNICIPAL CORPORATION_IDA,2023-09-27,Action Pending,325000,Unsanctioned
MPLADS-039763,Mala Roy,Lok Sabha,West Bengal,KOLKATA DAKSHIN,Kolkata,71,,,Normal/Others,NA - Purchase of hospital equipment,COMMISSIONER KOLKATA MUNICIPAL CORPORATION_IDA,2023-09-27,Action Pending,1607000,Unsanctioned
MPLADS-039764,Mala Roy,Lok Sabha,West Bengal,KOLKATA DAKSHIN,Kolkata,71,,,Normal/Others,NA - Purchase of hospital equipment,COMMISSIONER KOLKATA MUNICIPAL CORPORATION_IDA,2023-09-27,Action Pending,543000,Unsanctioned
MPLADS-039765,Mala Roy,Lok Sabha,West Bengal,KOLKATA DAKSHIN,Kolkata,63,,,Normal/Others,NA - Construction of boundary walls of existing public and community buildings,COMMISSIONER KOLKATA MUNICIPAL CORPORATION_IDA,2023-09-27,Action Pending,2500000,Unsanctioned
MPLADS-039766,Mala Roy,Lok Sabha,West Bengal,KOLKATA DAKSHIN,Kolkata,144,,,Normal/Others,NA - Construction of rooms and halls in school and colleges,COMMISSIONER KOLKATA MUNICIPAL CORPORATION_IDA,2023-09-27,Action Pending,1000000,Unsanctioned
MPLADS-039767,Mala Roy,Lok Sabha,West Bengal,KOLKATA DAKSHIN,Kolkata,65,,,Normal/Others,"NA - Construction of rooms and facilities for hospitals, FWC , PHC Centers and ANM centers",COMMISSIONER KOLKATA MUNICIPAL CORPORATION_IDA,2023-09-27,Action Pending,5000000,Unsanctioned
MPLADS-040420,Mala Roy,Lok Sabha,West Bengal,KOLKATA DAKSHIN,Kolkata,121,,,Normal/Others,WS/MP484/2023-2024/26788 - Street lights,COMMISSIONER KOLKATA MUNICIPAL CORPORATION_IDA,2023-09-26,Approved by IDA,1000000,Unsanctioned
MPLADS-040421,Mala Roy,Lok Sabha,West Bengal,KOLKATA DAKSHIN,Kolkata,81,,,Normal/Others,WS/MP484/2023-2024/26787 - Street lights,COMMISSIONER KOLKATA MUNICIPAL CORPORATION_IDA,2023-09-26,Approved by IDA,500000,Unsanctioned
MPLADS-040631,Shri Abhishek Banerjee ,Lok Sabha,West Bengal,DIAMOND HARBOUR,Maheshtala,"Ward-2,3,10",,,Normal/Others,"NA - Construction of roads, approach roads, link roads and pathways",DISTRICT MAGISTRATE SOUTH TWENTY FOUR PARGANAS_IDA,2023-09-25,Action Pending,2500000,Unsanctioned
MPLADS-040703,Shri Abhishek Banerjee ,Lok Sabha,West Bengal,DIAMOND HARBOUR,Maheshtala,Ward-23,,,Normal/Others,"NA - Construction of roads, approach roads, link roads and pathways",DISTRICT MAGISTRATE SOUTH TWENTY FOUR PARGANAS_IDA,2023-09-25,Action Pending,200000,Unsanctioned
MPLADS-040704,Shri Abhishek Banerjee ,Lok Sabha,West Bengal,DIAMOND HARBOUR,Maheshtala,Ward-22,,,Normal/Others,"NA - Construction of roads, approach roads, link roads and pathways",DISTRICT MAGISTRATE SOUTH TWENTY FOUR PARGANAS_IDA,2023-09-25,Action Pending,200000,Unsanctioned
MPLADS-040705,Shri Abhishek Banerjee ,Lok Sabha,West Bengal,DIAMOND HARBOUR,Maheshtala,Ward-21,,,Normal/Others,"NA - Construction of roads, approach roads, link roads and pathways",DISTRICT MAGISTRATE SOUTH TWENTY FOUR PARGANAS_IDA,2023-09-25,Action Pending,200000,Unsanctioned
MPLADS-040706,Shri Abhishek Banerjee ,Lok Sabha,West Bengal,DIAMOND HARBOUR,Maheshtala,Ward-20,,,Normal/Others,"NA - Construction of roads, approach roads, link roads and pathways",DISTRICT MAGISTRATE SOUTH TWENTY FOUR PARGANAS_IDA,2023-09-25,Action Pending,200000,Unsanctioned
MPLADS-040707,Shri Abhishek Banerjee ,Lok Sabha,West Bengal,DIAMOND HARBOUR,Maheshtala,Ward-19,,,Normal/Others,"NA - Construction of roads, link roads, pathways or any other road with or without drainage system",DISTRICT MAGISTRATE SOUTH TWENTY FOUR PARGANAS_IDA,2023-09-25,Action Pending,200599,Unsanctioned
MPLADS-040708,Shri Abhishek Banerjee ,Lok Sabha,West Bengal,DIAMOND HARBOUR,Maheshtala,Ward-18,,,Normal/Others,"NA - Construction of roads, link roads, pathways or any other road with or without drainage system",DISTRICT MAGISTRATE SOUTH TWENTY FOUR PARGANAS_IDA,2023-09-25,Action Pending,200000,Unsanctioned
MPLADS-040709,Shri Abhishek Banerjee ,Lok Sabha,West Bengal,DIAMOND HARBOUR,Maheshtala,Ward-17,,,Normal/Others,"NA - Construction of roads, link roads, pathways or any other road with or without drainage system",DISTRICT MAGISTRATE SOUTH TWENTY FOUR PARGANAS_IDA,2023-09-25,Action Pending,200000,Unsanctioned
MPLADS-040710,Shri Abhishek Banerjee ,Lok Sabha,West Bengal,DIAMOND HARBOUR,Maheshtala,Ward-16,,,Normal/Others,"NA - Construction of roads, link roads, pathways or any other road with or without drainage system",DISTRICT MAGISTRATE SOUTH TWENTY FOUR PARGANAS_IDA,2023-09-25,Action Pending,200000,Unsanctioned
MPLADS-040711,Shri Abhishek Banerjee ,Lok Sabha,West Bengal,DIAMOND HARBOUR,Maheshtala,Ward-15,,,Normal/Others,"NA - Construction of roads, approach roads, link roads and pathways",DISTRICT MAGISTRATE SOUTH TWENTY FOUR PARGANAS_IDA,2023-09-25,Action Pending,200000,Unsanctioned
MPLADS-040712,Shri Abhishek Banerjee ,Lok Sabha,West Bengal,DIAMOND HARBOUR,Maheshtala,Ward-14,,,Normal/Others,"NA - Construction of roads, approach roads, link roads and pathways",DISTRICT MAGISTRATE SOUTH TWENTY FOUR PARGANAS_IDA,2023-09-25,Action Pending,200000,Unsanctioned
MPLADS-040713,Shri Abhishek Banerjee ,Lok Sabha,West Bengal,DIAMOND HARBOUR,Maheshtala,Ward-13,,,Normal/Others,"NA - Construction of roads, approach roads, link roads and pathways",DISTRICT MAGISTRATE SOUTH TWENTY FOUR PARGANAS_IDA,2023-09-25,Action Pending,200000,Unsanctioned
MPLADS-040718,Shri Abhishek Banerjee ,Lok Sabha,West Bengal,DIAMOND HARBOUR,Maheshtala,Ward-25,,,Normal/Others,"NA - Construction of roads, link roads, pathways or any other road with or without drainage system",DISTRICT MAGISTRATE SOUTH TWENTY FOUR PARGANAS_IDA,2023-09-25,Action Pending,200000,Unsanctioned
MPLADS-040733,Shri Abhishek Banerjee ,Lok Sabha,West Bengal,DIAMOND HARBOUR,Maheshtala,Ward-24,,,Normal/Others,"NA - Construction of roads, approach roads, link roads and pathways",DISTRICT MAGISTRATE SOUTH TWENTY FOUR PARGANAS_IDA,2023-09-25,Action Pending,200000,Unsanctioned
MPLADS-040734,Shri Abhishek Banerjee ,Lok Sabha,West Bengal,DIAMOND HARBOUR,Maheshtala,Ward-26,,,Normal/Others,WS/MP423/2023-2024/26212 - Construction of boundary walls of existing public and community buildings,DISTRICT MAGISTRATE SOUTH TWENTY FOUR PARGANAS_IDA,2023-09-25,Approved by IDA,200000,Unsanctioned
MPLADS-040736,Shri Abhishek Banerjee ,Lok Sabha,West Bengal,DIAMOND HARBOUR,Kolkata,Ward-136,,,Normal/Others,"NA - Construction of roads, approach roads, link roads and pathways",COMMISSIONER KOLKATA MUNICIPAL CORPORATION_IDA,2023-09-25,Action Pending,800000,Unsanctioned
MPLADS-040748,Shri Abhishek Banerjee ,Lok Sabha,West Bengal,DIAMOND HARBOUR,Kolkata,Ward-139,,,Normal/Others,"NA - Construction of roads, approach roads, link roads and pathways",COMMISSIONER KOLKATA MUNICIPAL CORPORATION_IDA,2023-09-25,Action Pending,800000,Unsanctioned
MPLADS-040749,Shri Abhishek Banerjee ,Lok Sabha,West Bengal,DIAMOND HARBOUR,Kolkata,Ward-137,,,Repair and Renovation,"NA - Construction of roads, link roads, pathways or any other road with or without drainage system",COMMISSIONER KOLKATA MUNICIPAL CORPORATION_IDA,2023-09-25,Action Pending,800000,Unsanctioned
MPLADS-040750,Shri Abhishek Banerjee ,Lok Sabha,West Bengal,DIAMOND HARBOUR,Kolkata,Ward-138,,,Normal/Others,"NA - Construction of roads, approach roads, link roads and pathways",COMMISSIONER KOLKATA MUNICIPAL CORPORATION_IDA,2023-09-25,Action Pending,800000,Unsanctioned
MPLADS-040751,Shri Abhishek Banerjee ,Lok Sabha,West Bengal,DIAMOND HARBOUR,Kolkata,Ward-140,,,Normal/Others,"NA - Construction of roads, approach roads, link roads and pathways",COMMISSIONER KOLKATA MUNICIPAL CORPORATION_IDA,2023-09-25,Action Pending,800000,Unsanctioned
MPLADS-040752,Shri Abhishek Banerjee ,Lok Sabha,West Bengal,DIAMOND HARBOUR,Maheshtala,Ward-28,,,Normal/Others,"NA - Construction of roads, link roads, pathways or any other road with or without drainage system",DISTRICT MAGISTRATE SOUTH TWENTY FOUR PARGANAS_IDA,2023-09-25,Action Pending,200000,Unsanctioned
MPLADS-040753,Shri Abhishek Banerjee ,Lok Sabha,West Bengal,DIAMOND HARBOUR,Kolkata,141,,,Repair and Renovation,"NA - Construction of roads, link roads, pathways or any other road with or without drainage system",COMMISSIONER KOLKATA MUNICIPAL CORPORATION_IDA,2023-09-25,Action Pending,400000,Unsanctioned
MPLADS-040754,Shri Abhishek Banerjee ,Lok Sabha,West Bengal,DIAMOND HARBOUR,Kolkata,Ward-141,,,Normal/Others,"NA - Construction of roads, link roads, pathways or any other road with or without drainage system",COMMISSIONER KOLKATA MUNICIPAL CORPORATION_IDA,2023-09-25,Action Pending,800000,Unsanctioned
MPLADS-040755,Shri Abhishek Banerjee ,Lok Sabha,West Bengal,DIAMOND HARBOUR,Maheshtala,Ward-10,,,Normal/Others,"NA - Construction of roads, link roads, pathways or any other road with or without drainage system",DISTRICT MAGISTRATE SOUTH TWENTY FOUR PARGANAS_IDA,2023-09-25,Action Pending,500000,Unsanctioned
MPLADS-040756,Shri Abhishek Banerjee ,Lok Sabha,West Bengal,DIAMOND HARBOUR,Maheshtala,Ward-10,,,Normal/Others,"NA - Construction of roads, approach roads, link roads and pathways",DISTRICT MAGISTRATE SOUTH TWENTY FOUR PARGANAS_IDA,2023-09-25,Action Pending,500000,Unsanctioned
MPLADS-040757,Shri Abhishek Banerjee ,Lok Sabha,West Bengal,DIAMOND HARBOUR,Budge Budge,Ward-15,,,Normal/Others,"WS/MP423/2023-2024/26223 - Construction of roads, link roads, pathways or any other road with or without drainage system",DISTRICT MAGISTRATE SOUTH TWENTY FOUR PARGANAS_IDA,2023-09-25,Approved by IDA,600000,Unsanctioned
MPLADS-040758,Shri Abhishek Banerjee ,Lok Sabha,West Bengal,DIAMOND HARBOUR,Budge Budge,Ward-15,,,Normal/Others,"WS/MP423/2023-2024/26222 - Construction of roads, link roads, pathways or any other road with or without drainage system",DISTRICT MAGISTRATE SOUTH TWENTY FOUR PARGANAS_IDA,2023-09-25,Approved by IDA,400000,Unsanctioned
MPLADS-040759,Shri Abhishek Banerjee ,Lok Sabha,West Bengal,DIAMOND HARBOUR,Budge Budge,Ward-08,,,Normal/Others,"WS/MP423/2023-2024/26221 - Construction of roads, link roads, pathways or any other road with or without drainage system",DISTRICT MAGISTRATE SOUTH TWENTY FOUR PARGANAS_IDA,2023-09-25,Approved by IDA,800000,Unsanctioned
MPLADS-040760,Shri Abhishek Banerjee ,Lok Sabha,West Bengal,DIAMOND HARBOUR,Budge Budge,Ward-11,,,Normal/Others,"WS/MP423/2023-2024/26220 - Construction of roads, link roads, pathways or any other road with or without drainage system",DISTRICT MAGISTRATE SOUTH TWENTY FOUR PARGANAS_IDA,2023-09-25,Approved by IDA,1000000,Unsanctioned
MPLADS-040761,Shri Abhishek Banerjee ,Lok Sabha,West Bengal,DIAMOND HARBOUR,Budge Budge,"Ward-1,2",,,Normal/Others,"WS/MP423/2023-2024/26219 - Construction of roads, link roads, pathways or any other road with or without drainage system",DISTRICT MAGISTRATE SOUTH TWENTY FOUR PARGANAS_IDA,2023-09-25,Approved by IDA,2200000,Unsanctioned
MPLADS-040762,Shri Abhishek Banerjee ,Lok Sabha,West Bengal,DIAMOND HARBOUR,Maheshtala,Ward-35,,,Normal/Others,"NA - Construction of roads, approach roads, link roads and pathways",DISTRICT MAGISTRATE SOUTH TWENTY FOUR PARGANAS_IDA,2023-09-25,Action Pending,200000,Unsanctioned
MPLADS-040763,Shri Abhishek Banerjee ,Lok Sabha,West Bengal,DIAMOND HARBOUR,Maheshtala,Ward-34,,,Normal/Others,"NA - Construction of roads, approach roads, link roads and pathways",DISTRICT MAGISTRATE SOUTH TWENTY FOUR PARGANAS_IDA,2023-09-25,Action Pending,200000,Unsanctioned
MPLADS-040764,Shri Abhishek Banerjee ,Lok Sabha,West Bengal,DIAMOND HARBOUR,Maheshtala,Ward-33,,,Normal/Others,"NA - Construction of roads, approach roads, link roads and pathways",DISTRICT MAGISTRATE SOUTH TWENTY FOUR PARGANAS_IDA,2023-09-25,Action Pending,200000,Unsanctioned
MPLADS-040765,Shri Abhishek Banerjee ,Lok Sabha,West Bengal,DIAMOND HARBOUR,Maheshtala,Ward-30,,,Normal/Others,"NA - Construction of roads, approach roads, link roads and pathways",DISTRICT MAGISTRATE SOUTH TWENTY FOUR PARGANAS_IDA,2023-09-25,Action Pending,200000,Unsanctioned
MPLADS-040766,Shri Abhishek Banerjee ,Lok Sabha,West Bengal,DIAMOND HARBOUR,Maheshtala,Ward-29,,,Normal/Others,"NA - Construction of roads, approach roads, link roads and pathways",DISTRICT MAGISTRATE SOUTH TWENTY FOUR PARGANAS_IDA,2023-09-25,Action Pending,200000,Unsanctioned
MPLADS-041371,Kalyan Banerjee ,Lok Sabha,West Bengal,SREERAMPUR,Konnagar,ward no 9,,,Normal/Others,"WS/MP859/2023-2024/25559 - Construction of roads, approach roads, link roads and pathways",DISTRICT MAGISTRATE HOOGHLY_IDA,2023-09-23,Approved by IDA,257100,Unsanctioned
MPLADS-041372,Kalyan Banerjee ,Lok Sabha,West Bengal,SREERAMPUR,Konnagar,ward no 6,,,Normal/Others,WS/MP859/2023-2024/25558 - Construction of community centers and community halls,DISTRICT MAGISTRATE HOOGHLY_IDA,2023-09-23,Approved by IDA,267712,Unsanctioned
MPLADS-041373,Kalyan Banerjee ,Lok Sabha,West Bengal,SREERAMPUR,Konnagar,ward no 5,,,Normal/Others,WS/MP859/2023-2024/25557 - Providing drains and gutters for public drainage,DISTRICT MAGISTRATE HOOGHLY_IDA,2023-09-23,Approved by IDA,271370,Unsanctioned
MPLADS-041374,Kalyan Banerjee ,Lok Sabha,West Bengal,SREERAMPUR,Konnagar,ward no 5,,,Normal/Others,NA - Providing drains and gutters for public drainage,DISTRICT MAGISTRATE HOOGHLY_IDA,2023-09-23,Action Pending,271370,Unsanctioned
MPLADS-041375,Kalyan Banerjee ,Lok Sabha,West Bengal,SREERAMPUR,Konnagar,ward no 16,,,Normal/Others,NA - Street lights,DISTRICT MAGISTRATE HOOGHLY_IDA,2023-09-23,Action Pending,297893,Unsanctioned
MPLADS-041405,Kalyan Banerjee ,Lok Sabha,West Bengal,SREERAMPUR,Konnagar,ward no 15,,,Normal/Others,NA - Street lights,DISTRICT MAGISTRATE HOOGHLY_IDA,2023-09-23,Action Pending,297893,Unsanctioned
MPLADS-041512,Kalyan Banerjee ,Lok Sabha,West Bengal,SREERAMPUR,Konnagar,ward no 19,,,Normal/Others,NA - Street lights,DISTRICT MAGISTRATE HOOGHLY_IDA,2023-09-23,Action Pending,297893,Unsanctioned
MPLADS-041514,Kalyan Banerjee ,Lok Sabha,West Bengal,SREERAMPUR,Konnagar,ward no 2,,,Normal/Others,NA - Street lights,DISTRICT MAGISTRATE HOOGHLY_IDA,2023-09-23,Action Pending,297893,Unsanctioned
MPLADS-041515,Kalyan Banerjee ,Lok Sabha,West Bengal,SREERAMPUR,Serampore,ward no 23,,,Normal/Others,"WS/MP859/2023-2024/25537 - Construction of roads, approach roads, link roads and pathways",DISTRICT MAGISTRATE HOOGHLY_IDA,2023-09-23,Approved by IDA,498090,Unsanctioned
MPLADS-041516,Shri Abhishek Banerjee ,Lok Sabha,West Bengal,DIAMOND HARBOUR,Maheshtala,Ward-18,,,Normal/Others,"NA - Construction of roads, link roads, pathways or any other road with or without drainage system",DISTRICT MAGISTRATE SOUTH TWENTY FOUR PARGANAS_IDA,2023-09-23,Action Pending,500000,Unsanctioned
MPLADS-041517,Shri Abhishek Banerjee ,Lok Sabha,West Bengal,DIAMOND HARBOUR,Maheshtala,Ward-18,,,Normal/Others,"NA - Construction of roads, link roads, pathways or any other road with or without drainage system",DISTRICT MAGISTRATE SOUTH TWENTY FOUR PARGANAS_IDA,2023-09-23,Action Pending,300000,Unsanctioned
MPLADS-041518,Shri Abhishek Banerjee ,Lok Sabha,West Bengal,DIAMOND HARBOUR,Maheshtala,Ward-32,,,Normal/Others,"NA - Construction of roads, approach roads, link roads and pathways",DISTRICT MAGISTRATE SOUTH TWENTY FOUR PARGANAS_IDA,2023-09-23,Action Pending,300000,Unsanctioned
MPLADS-041519,Kalyan Banerjee ,Lok Sabha,West Bengal,SREERAMPUR,Dankuni Municipality,ward no 3,,,Normal/Others,"WS/MP859/2023-2024/25531 - Construction of roads, approach roads, link roads and pathways",DISTRICT MAGISTRATE HOOGHLY_IDA,2023-09-23,Approved by IDA,798203,Unsanctioned
MPLADS-041520,Kalyan Banerjee ,Lok Sabha,West Bengal,SREERAMPUR,Dankuni Municipality,ward no 11,,,Normal/Others,"WS/MP859/2023-2024/25532 - Construction of roads, approach roads, link roads and pathways",DISTRICT MAGISTRATE HOOGHLY_IDA,2023-09-23,Approved by IDA,767640,Unsanctioned
MPLADS-041521,Kalyan Banerjee ,Lok Sabha,West Bengal,SREERAMPUR,Serampore,ward no 25,,,Normal/Others,WS/MP859/2023-2024/25536 - Providing drains and gutters for public drainage,DISTRICT MAGISTRATE HOOGHLY_IDA,2023-09-23,Approved by IDA,498266,Unsanctioned
MPLADS-041522,Kalyan Banerjee ,Lok Sabha,West Bengal,SREERAMPUR,Serampore,ward no 17,,,Normal/Others,"WS/MP859/2023-2024/25538 - Construction of roads, approach roads, link roads and pathways",DISTRICT MAGISTRATE HOOGHLY_IDA,2023-09-23,Approved by IDA,498053,Unsanctioned
MPLADS-041523,Shri Abhishek Banerjee ,Lok Sabha,West Bengal,DIAMOND HARBOUR,Maheshtala,Ward-22,,,Normal/Others,"NA - Construction of roads, link roads, pathways or any other road with or without drainage system",DISTRICT MAGISTRATE SOUTH TWENTY FOUR PARGANAS_IDA,2023-09-23,Action Pending,300000,Unsanctioned
MPLADS-041524,Kalyan Banerjee ,Lok Sabha,West Bengal,SREERAMPUR,Serampore,ward no 15,,,Normal/Others,"WS/MP859/2023-2024/25539 - Construction of roads, approach roads, link roads and pathways",DISTRICT MAGISTRATE HOOGHLY_IDA,2023-09-23,Approved by IDA,498486,Unsanctioned
MPLADS-041525,Kalyan Banerjee ,Lok Sabha,West Bengal,SREERAMPUR,Serampore,ward no 13,,,Normal/Others,"WS/MP859/2023-2024/25540 - Construction of roads, approach roads, link roads and pathways",DISTRICT MAGISTRATE HOOGHLY_IDA,2023-09-23,Approved by IDA,498196,Unsanctioned
MPLADS-041526,Kalyan Banerjee ,Lok Sabha,West Bengal,SREERAMPUR,Serampore,ward no 20,,,Normal/Others,"WS/MP859/2023-2024/25541 - Construction of roads, approach roads, link roads and pathways",DISTRICT MAGISTRATE HOOGHLY_IDA,2023-09-23,Approved by IDA,496906,Unsanctioned
MPLADS-041527,Kalyan Banerjee ,Lok Sabha,West Bengal,SREERAMPUR,Serampore,ward no 26,,,Normal/Others,"WS/MP859/2023-2024/25542 - Construction of roads, approach roads, link roads and pathways",DISTRICT MAGISTRATE HOOGHLY_IDA,2023-09-23,Approved by IDA,497681,Unsanctioned
MPLADS-041528,Kalyan Banerjee ,Lok Sabha,West Bengal,SREERAMPUR,Serampore,ward no 1,,,Normal/Others,NA - Street lights,DISTRICT MAGISTRATE HOOGHLY_IDA,2023-09-23,Action Pending,284117,Unsanctioned
MPLADS-041529,Kalyan Banerjee ,Lok Sabha,West Bengal,SREERAMPUR,Konnagar,ward no 11,,,Normal/Others,WS/MP859/2023-2024/25544 - Installing hand pumps,DISTRICT MAGISTRATE HOOGHLY_IDA,2023-09-23,Approved by IDA,300288,Unsanctioned
MPLADS-041530,Shri Abhishek Banerjee ,Lok Sabha,West Bengal,DIAMOND HARBOUR,Maheshtala,Ward-22,,,Normal/Others,"NA - Construction of roads, link roads, pathways or any other road with or without drainage system",DISTRICT MAGISTRATE SOUTH TWENTY FOUR PARGANAS_IDA,2023-09-23,Action Pending,500000,Unsanctioned
MPLADS-041531,Shri Abhishek Banerjee ,Lok Sabha,West Bengal,DIAMOND HARBOUR,Maheshtala,Ward-12,,,Normal/Others,"NA - Construction of roads, link roads, pathways or any other road with or without drainage system",DISTRICT MAGISTRATE SOUTH TWENTY FOUR PARGANAS_IDA,2023-09-23,Action Pending,200000,Unsanctioned
MPLADS-041532,Kalyan Banerjee ,Lok Sabha,West Bengal,SREERAMPUR,Konnagar,ward no 18,,,Normal/Others,"WS/MP859/2023-2024/25546 - Construction of roads, approach roads, link roads and pathways",DISTRICT MAGISTRATE HOOGHLY_IDA,2023-09-23,Approved by IDA,257613,Unsanctioned
MPLADS-041533,Shri Abhishek Banerjee ,Lok Sabha,West Bengal,DIAMOND HARBOUR,Maheshtala,Ward-27,,,Normal/Others,"NA - Construction of roads, link roads, pathways or any other road with or without drainage system",DISTRICT MAGISTRATE SOUTH TWENTY FOUR PARGANAS_IDA,2023-09-23,Action Pending,150000,Unsanctioned
MPLADS-041534,Shri Abhishek Banerjee ,Lok Sabha,West Bengal,DIAMOND HARBOUR,Maheshtala,Ward-28,,,Normal/Others,"NA - Construction of roads, link roads, pathways or any other road with or without drainage system",DISTRICT MAGISTRATE SOUTH TWENTY FOUR PARGANAS_IDA,2023-09-23,Action Pending,500000,Unsanctioned
MPLADS-041535,Shri Abhishek Banerjee ,Lok Sabha,West Bengal,DIAMOND HARBOUR,Maheshtala,Ward-28,,,Normal/Others,"NA - Construction of roads, link roads, pathways or any other road with or without drainage system",DISTRICT MAGISTRATE SOUTH TWENTY FOUR PARGANAS_IDA,2023-09-23,Action Pending,300000,Unsanctioned
MPLADS-041536,Shri Abhishek Banerjee ,Lok Sabha,West Bengal,DIAMOND HARBOUR,Maheshtala,Ward-19,,,Normal/Others,"NA - Construction of roads, link roads, pathways or any other road with or without drainage system",DISTRICT MAGISTRATE SOUTH TWENTY FOUR PARGANAS_IDA,2023-09-23,Action Pending,200146,Unsanctioned
MPLADS-041537,Shri Abhishek Banerjee ,Lok Sabha,West Bengal,DIAMOND HARBOUR,Maheshtala,Ward-19,,,Normal/Others,"NA - Construction of roads, link roads, pathways or any other road with or without drainage system",DISTRICT MAGISTRATE SOUTH TWENTY FOUR PARGANAS_IDA,2023-09-23,Action Pending,200616,Unsanctioned
MPLADS-041538,Shri Abhishek Banerjee ,Lok Sabha,West Bengal,DIAMOND HARBOUR,Maheshtala,Ward-19,,,Normal/Others,"NA - Construction of roads, link roads, pathways or any other road with or without drainage system",DISTRICT MAGISTRATE SOUTH TWENTY FOUR PARGANAS_IDA,2023-09-23,Action Pending,300009,Unsanctioned
MPLADS-041539,Shri Abhishek Banerjee ,Lok Sabha,West Bengal,DIAMOND HARBOUR,Maheshtala,Ward-27,,,Normal/Others,"NA - Construction of roads, link roads, pathways or any other road with or without drainage system",DISTRICT MAGISTRATE SOUTH TWENTY FOUR PARGANAS_IDA,2023-09-23,Action Pending,150000,Unsanctioned
MPLADS-041540,Shri Abhishek Banerjee ,Lok Sabha,West Bengal,DIAMOND HARBOUR,Maheshtala,Ward-30,,,Normal/Others,"NA - Construction of roads, approach roads, link roads and pathways",DISTRICT MAGISTRATE SOUTH TWENTY FOUR PARGANAS_IDA,2023-09-23,Action Pending,300000,Unsanctioned
MPLADS-041541,Shri Abhishek Banerjee ,Lok Sabha,West Bengal,DIAMOND HARBOUR,Maheshtala,Ward-11,,,Normal/Others,"NA - Construction of roads, link roads, pathways or any other road with or without drainage system",DISTRICT MAGISTRATE SOUTH TWENTY FOUR PARGANAS_IDA,2023-09-23,Action Pending,200000,Unsanctioned
MPLADS-041542,Kalyan Banerjee ,Lok Sabha,West Bengal,SREERAMPUR,Konnagar,ward no 12,,,Normal/Others,NA - Street lights,DISTRICT MAGISTRATE HOOGHLY_IDA,2023-09-23,Action Pending,303574,Unsanctioned
MPLADS-041543,Kalyan Banerjee ,Lok Sabha,West Bengal,SREERAMPUR,,,JANGIPARA,Rajbalhat (CT),Normal/Others,"WS/MP859/2023-2024/25525 - Construction of roads, approach roads, link roads and pathways",DISTRICT MAGISTRATE HOOGHLY_IDA,2023-09-23,Approved by IDA,344653,Sanctioned
MPLADS-041544,Shri Abhishek Banerjee ,Lok Sabha,West Bengal,DIAMOND HARBOUR,Maheshtala,Ward-25,,,Normal/Others,"NA - Construction of roads, link roads, pathways or any other road with or without drainage system",DISTRICT MAGISTRATE SOUTH TWENTY FOUR PARGANAS_IDA,2023-09-23,Action Pending,300000,Unsanctioned
MPLADS-041545,Shri Abhishek Banerjee ,Lok Sabha,West Bengal,DIAMOND HARBOUR,Maheshtala,Ward-08,,,Normal/Others,"NA - Construction of roads, link roads, pathways or any other road with or without drainage system",DISTRICT MAGISTRATE SOUTH TWENTY FOUR PARGANAS_IDA,2023-09-23,Action Pending,200000,Unsanctioned
MPLADS-041546,Shri Abhishek Banerjee ,Lok Sabha,West Bengal,DIAMOND HARBOUR,Maheshtala,Ward-08,,,Normal/Others,"NA - Construction of roads, link roads, pathways or any other road with or without drainage system",DISTRICT MAGISTRATE SOUTH TWENTY FOUR PARGANAS_IDA,2023-09-23,Action Pending,200000,Unsanctioned
MPLADS-041547,Shri Abhishek Banerjee ,Lok Sabha,West Bengal,DIAMOND HARBOUR,Maheshtala,Ward-08,,,Normal/Others,"NA - Construction of roads, link roads, pathways or any other road with or without drainage system",DISTRICT MAGISTRATE SOUTH TWENTY FOUR PARGANAS_IDA,2023-09-23,Action Pending,200000,Unsanctioned
MPLADS-041548,Kalyan Banerjee ,Lok Sabha,West Bengal,SREERAMPUR,Konnagar,ward no 20,,,Normal/Others,WS/MP859/2023-2024/25545 - Installing hand pumps,DISTRICT MAGISTRATE HOOGHLY_IDA,2023-09-23,Approved by IDA,300288,Unsanctioned
MPLADS-041549,Shri Abhishek Banerjee ,Lok Sabha,West Bengal,DIAMOND HARBOUR,Maheshtala,Ward-30,,,Normal/Others,"NA - Construction of roads, approach roads, link roads and pathways",DISTRICT MAGISTRATE SOUTH TWENTY FOUR PARGANAS_IDA,2023-09-23,Action Pending,300000,Unsanctioned
MPLADS-041550,Kalyan Banerjee ,Lok Sabha,West Bengal,SREERAMPUR,Konnagar,ward no 8,,,Normal/Others,NA - Street lights,DISTRICT MAGISTRATE HOOGHLY_IDA,2023-09-23,Action Pending,295447,Unsanctioned
MPLADS-041551,Kalyan Banerjee ,Lok Sabha,West Bengal,SREERAMPUR,Konnagar,ward no 10,,,Normal/Others,NA - Street lights,DISTRICT MAGISTRATE HOOGHLY_IDA,2023-09-23,Action Pending,294732,Unsanctioned
MPLADS-041552,Kalyan Banerjee ,Lok Sabha,West Bengal,SREERAMPUR,Konnagar,ward no 1,,,Normal/Others,NA - Street lights,DISTRICT MAGISTRATE HOOGHLY_IDA,2023-09-23,Action Pending,295447,Unsanctioned
MPLADS-041553,Kalyan Banerjee ,Lok Sabha,West Bengal,SREERAMPUR,Konnagar,ward no 1,,,Normal/Others,NA - Street lights,DISTRICT MAGISTRATE HOOGHLY_IDA,2023-09-23,Action Pending,295447,Unsanctioned
MPLADS-041635,Shri Dibyendu Adhikari ,Lok Sabha,West Bengal,TAMLUK,Haldia,18,,,Normal/Others,WS/MP418/2023-2024/24654 - Construction of rooms and halls in school and colleges,DISTRICT MAGISTRATE PURBA MEDINIPUR_IDA,2023-09-22,Approved by IDA,1594221,Unsanctioned
MPLADS-043750,SHRI P Bhattacharya,Rajya Sabha,West Bengal,Sitting Rajya Sabha,,,DARJEELING-PULBAZAR,Darjiling (P),Normal/Others,"NA - Construction of rooms and facilities for hospitals, FWC , PHC Centers and ANM centers",DISTRICT MAGISTRATE DARJEELING_IDA,2023-09-16,Action Pending,1840866,Unsanctioned
MPLADS-043752,SHRI P Bhattacharya,Rajya Sabha,West Bengal,Sitting Rajya Sabha,,,NAXAL BARI,Barabhita,Normal/Others,NA - Construction of rooms and halls in school and colleges,DISTRICT MAGISTRATE DARJEELING_IDA,2023-09-16,Action Pending,1919849,Unsanctioned
MPLADS-043796,Aparupa Poddar,Lok Sabha,West Bengal,ARAMBAG(SC),Arambag,16,,,Normal/Others,NA - Purchase of ambulance to transport sick and injured animals,DISTRICT MAGISTRATE HOOGHLY_IDA,2023-09-16,Action Pending,1200000,Unsanctioned
MPLADS-044534,Aparupa Poddar,Lok Sabha,West Bengal,ARAMBAG(SC),Chandrakona,3,,,Normal/Others,"NA - Purchase of ambulances (Four, three and two wheelers)",DISTRICT MAGISTRATE PASCHIM MEDINIPUR_IDA,2023-09-15,Action Pending,3800000,Unsanctioned
MPLADS-044929,Prof Saugata Roy ,Lok Sabha,West Bengal,DUM DUM,North Dum Dum,15,,,Normal/Others,NA - Construction of rooms and halls in school and colleges,DISTRICT MAGISTRATE NORTH TWENTY FOUR PARGANAS_IDA,2023-09-14,Action Pending,500000,Unsanctioned
MPLADS-044930,Prof Saugata Roy ,Lok Sabha,West Bengal,DUM DUM,Baranagar,9,,,Normal/Others,"NA - Purchase of ambulances (Four, three and two wheelers)",DISTRICT MAGISTRATE NORTH TWENTY FOUR PARGANAS_IDA,2023-09-14,Action Pending,2000000,Unsanctioned
MPLADS-044931,Prof Saugata Roy ,Lok Sabha,West Bengal,DUM DUM,Baranagar,9,,,Normal/Others,"NA - Construction of roads, approach roads, link roads and pathways",DISTRICT MAGISTRATE NORTH TWENTY FOUR PARGANAS_IDA,2023-09-14,Action Pending,700000,Unsanctioned
MPLADS-044932,Prof Saugata Roy ,Lok Sabha,West Bengal,DUM DUM,Panihati,13,,,Normal/Others,NA - Improvement of electricity distribution infrastructure,DISTRICT MAGISTRATE NORTH TWENTY FOUR PARGANAS_IDA,2023-09-14,Action Pending,2400000,Unsanctioned
MPLADS-044933,Prof Saugata Roy ,Lok Sabha,West Bengal,DUM DUM,Khardaha,20,,,Normal/Others,"NA - Construction of roads, approach roads, link roads and pathways",DISTRICT MAGISTRATE NORTH TWENTY FOUR PARGANAS_IDA,2023-09-14,Action Pending,600000,Unsanctioned
MPLADS-044934,Prof Saugata Roy ,Lok Sabha,West Bengal,DUM DUM,North Dum Dum,18,,,Normal/Others,"NA - Construction of roads, approach roads, link roads and pathways",DISTRICT MAGISTRATE NORTH TWENTY FOUR PARGANAS_IDA,2023-09-14,Action Pending,600000,Unsanctioned
MPLADS-044935,Prof Saugata Roy ,Lok Sabha,West Bengal,DUM DUM,Baranagar,10,,,Normal/Others,NA - Construction of community centers and community halls,DISTRICT MAGISTRATE NORTH TWENTY FOUR PARGANAS_IDA,2023-09-14,Action Pending,1000000,Unsanctioned
MPLADS-044966,Prof Saugata Roy ,Lok Sabha,West Bengal,DUM DUM,Khardaha,5,,,Repair and Renovation,NA - Construction of rooms and halls in school and colleges,DISTRICT MAGISTRATE NORTH TWENTY FOUR PARGANAS_IDA,2023-09-14,Action Pending,1000000,Unsanctioned
MPLADS-044967,Prof Saugata Roy ,Lok Sabha,West Bengal,DUM DUM,Baranagar,32,,,Normal/Others,"NA - Construction of roads, approach roads, link roads and pathways",DISTRICT MAGISTRATE NORTH TWENTY FOUR PARGANAS_IDA,2023-09-14,Action Pending,1000000,Unsanctioned
MPLADS-044968,Prof Saugata Roy ,Lok Sabha,West Bengal,DUM DUM,Kamarhati,19,,,Normal/Others,NA - Installing community drinking water plants,DISTRICT MAGISTRATE NORTH TWENTY FOUR PARGANAS_IDA,2023-09-14,Action Pending,248000,Unsanctioned
MPLADS-045240,Shri Abhishek Banerjee ,Lok Sabha,West Bengal,DIAMOND HARBOUR,Maheshtala,Ward-25,,,Normal/Others,"NA - Construction of roads, link roads, pathways or any other road with or without drainage system",DISTRICT MAGISTRATE SOUTH TWENTY FOUR PARGANAS_IDA,2023-09-13,Action Pending,1000753,Unsanctioned
MPLADS-045241,Shri Abhishek Banerjee ,Lok Sabha,West Bengal,DIAMOND HARBOUR,Pujali,Ward-6,,,Normal/Others,"NA - Construction of roads, link roads, pathways or any other road with or without drainage system",DISTRICT MAGISTRATE SOUTH TWENTY FOUR PARGANAS_IDA,2023-09-13,Action Pending,700000,Unsanctioned
MPLADS-045242,Shri Abhishek Banerjee ,Lok Sabha,West Bengal,DIAMOND HARBOUR,Pujali,"Ward-3,8",,,Normal/Others,"WS/MP423/2023-2024/19832 - Construction of roads, link roads, pathways or any other road with or without drainage system",DISTRICT MAGISTRATE SOUTH TWENTY FOUR PARGANAS_IDA,2023-09-13,Approved by IDA,3700000,Unsanctioned
MPLADS-045243,Shri Abhishek Banerjee ,Lok Sabha,West Bengal,DIAMOND HARBOUR,Maheshtala,Ward-33,,,Normal/Others,"WS/MP423/2023-2024/19831 - Construction of roads, link roads, pathways or any other road with or without drainage system",DISTRICT MAGISTRATE SOUTH TWENTY FOUR PARGANAS_IDA,2023-09-13,Approved by IDA,1500000,Unsanctioned
MPLADS-045244,Shri Abhishek Banerjee ,Lok Sabha,West Bengal,DIAMOND HARBOUR,Maheshtala,Ward-33,,,Normal/Others,"NA - Construction of roads, link roads, pathways or any other road with or without drainage system",DISTRICT MAGISTRATE SOUTH TWENTY FOUR PARGANAS_IDA,2023-09-13,Action Pending,1900000,Unsanctioned
MPLADS-045245,Shri Abhishek Banerjee ,Lok Sabha,West Bengal,DIAMOND HARBOUR,Maheshtala,Ward-30,,,Normal/Others,"NA - Construction of roads, link roads, pathways or any other road with or without drainage system",DISTRICT MAGISTRATE SOUTH TWENTY FOUR PARGANAS_IDA,2023-09-13,Action Pending,300315,Unsanctioned
MPLADS-045246,Shri Abhishek Banerjee ,Lok Sabha,West Bengal,DIAMOND HARBOUR,Maheshtala,Ward-30,,,Normal/Others,"NA - Construction of roads, link roads, pathways or any other road with or without drainage system",DISTRICT MAGISTRATE SOUTH TWENTY FOUR PARGANAS_IDA,2023-09-13,Action Pending,501388,Unsanctioned
MPLADS-045247,Shri Abhishek Banerjee ,Lok Sabha,West Bengal,DIAMOND HARBOUR,Maheshtala,Ward-29,,,Normal/Others,"NA - Construction of roads, link roads, pathways or any other road with or without drainage system",DISTRICT MAGISTRATE SOUTH TWENTY FOUR PARGANAS_IDA,2023-09-13,Action Pending,800002,Unsanctioned
MPLADS-045248,Shri Abhishek Banerjee ,Lok Sabha,West Bengal,DIAMOND HARBOUR,Maheshtala,Ward-29,,,Normal/Others,"NA - Construction of roads, link roads, pathways or any other road with or without drainage system",DISTRICT MAGISTRATE SOUTH TWENTY FOUR PARGANAS_IDA,2023-09-13,Action Pending,900367,Unsanctioned
MPLADS-045249,Shri Abhishek Banerjee ,Lok Sabha,West Bengal,DIAMOND HARBOUR,Maheshtala,Ward-25,,,Normal/Others,"NA - Construction of roads, link roads, pathways or any other road with or without drainage system",DISTRICT MAGISTRATE SOUTH TWENTY FOUR PARGANAS_IDA,2023-09-13,Action Pending,500102,Unsanctioned
MPLADS-045251,Shri Abhishek Banerjee ,Lok Sabha,West Bengal,DIAMOND HARBOUR,Maheshtala,Ward-23,,,Normal/Others,"NA - Construction of roads, link roads, pathways or any other road with or without drainage system",DISTRICT MAGISTRATE SOUTH TWENTY FOUR PARGANAS_IDA,2023-09-13,Action Pending,650811,Unsanctioned
MPLADS-045252,Shri Abhishek Banerjee ,Lok Sabha,West Bengal,DIAMOND HARBOUR,Maheshtala,Ward-23,,,Normal/Others,"NA - Construction of roads, link roads, pathways or any other road with or without drainage system",DISTRICT MAGISTRATE SOUTH TWENTY FOUR PARGANAS_IDA,2023-09-13,Action Pending,200000,Unsanctioned
MPLADS-045253,Shri Abhishek Banerjee ,Lok Sabha,West Bengal,DIAMOND HARBOUR,Maheshtala,Ward-22,,,Normal/Others,"NA - Construction of roads, link roads, pathways or any other road with or without drainage system",DISTRICT MAGISTRATE SOUTH TWENTY FOUR PARGANAS_IDA,2023-09-13,Action Pending,1800000,Unsanctioned
MPLADS-045254,Shri Abhishek Banerjee ,Lok Sabha,West Bengal,DIAMOND HARBOUR,Maheshtala,Ward-21,,,Normal/Others,"NA - Construction of roads, link roads, pathways or any other road with or without drainage system",DISTRICT MAGISTRATE SOUTH TWENTY FOUR PARGANAS_IDA,2023-09-13,Action Pending,700400,Unsanctioned
MPLADS-045255,Shri Abhishek Banerjee ,Lok Sabha,West Bengal,DIAMOND HARBOUR,Maheshtala,Ward-21,,,Normal/Others,"NA - Construction of roads, link roads, pathways or any other road with or without drainage system",DISTRICT MAGISTRATE SOUTH TWENTY FOUR PARGANAS_IDA,2023-09-13,Action Pending,800139,Unsanctioned
MPLADS-045256,Shri Abhishek Banerjee ,Lok Sabha,West Bengal,DIAMOND HARBOUR,Maheshtala,Ward-21,,,Normal/Others,"NA - Construction of roads, link roads, pathways or any other road with or without drainage system",DISTRICT MAGISTRATE SOUTH TWENTY FOUR PARGANAS_IDA,2023-09-13,Action Pending,800067,Unsanctioned
MPLADS-045257,Shri Abhishek Banerjee ,Lok Sabha,West Bengal,DIAMOND HARBOUR,Maheshtala,Ward-20,,,Normal/Others,"NA - Construction of roads, approach roads, link roads and pathways",DISTRICT MAGISTRATE SOUTH TWENTY FOUR PARGANAS_IDA,2023-09-13,Action Pending,700000,Unsanctioned
MPLADS-045259,Shri Abhishek Banerjee ,Lok Sabha,West Bengal,DIAMOND HARBOUR,Pujali,Ward-6,,,Normal/Others,"WS/MP423/2023-2024/19834 - Construction of roads, link roads, pathways or any other road with or without drainage system",DISTRICT MAGISTRATE SOUTH TWENTY FOUR PARGANAS_IDA,2023-09-13,Approved by IDA,600000,Unsanctioned
MPLADS-045558,Shri Abhishek Banerjee ,Lok Sabha,West Bengal,DIAMOND HARBOUR,Maheshtala,Ward-18,,,Normal/Others,"NA - Construction of roads, link roads, pathways or any other road with or without drainage system",DISTRICT MAGISTRATE SOUTH TWENTY FOUR PARGANAS_IDA,2023-09-12,Action Pending,750355,Unsanctioned
MPLADS-045559,Shri Abhishek Banerjee ,Lok Sabha,West Bengal,DIAMOND HARBOUR,Maheshtala,Ward-19,,,Normal/Others,"NA - Construction of roads, link roads, pathways or any other road with or without drainage system",DISTRICT MAGISTRATE SOUTH TWENTY FOUR PARGANAS_IDA,2023-09-12,Action Pending,400571,Unsanctioned
MPLADS-045560,Shri Abhishek Banerjee ,Lok Sabha,West Bengal,DIAMOND HARBOUR,Maheshtala,Ward-19,,,Normal/Others,"NA - Construction of roads, link roads, pathways or any other road with or without drainage system",DISTRICT MAGISTRATE SOUTH TWENTY FOUR PARGANAS_IDA,2023-09-12,Action Pending,600171,Unsanctioned
MPLADS-045583,Shri Abhishek Banerjee ,Lok Sabha,West Bengal,DIAMOND HARBOUR,Maheshtala,Ward-18,,,Normal/Others,"NA - Construction of roads, link roads, pathways or any other road with or without drainage system",DISTRICT MAGISTRATE SOUTH TWENTY FOUR PARGANAS_IDA,2023-09-12,Action Pending,800117,Unsanctioned
MPLADS-045584,Shri Abhishek Banerjee ,Lok Sabha,West Bengal,DIAMOND HARBOUR,Maheshtala,Ward-17,,,Normal/Others,"NA - Construction of roads, link roads, pathways or any other road with or without drainage system",DISTRICT MAGISTRATE SOUTH TWENTY FOUR PARGANAS_IDA,2023-09-12,Action Pending,250000,Unsanctioned
MPLADS-045585,Shri Abhishek Banerjee ,Lok Sabha,West Bengal,DIAMOND HARBOUR,Maheshtala,Ward-17,,,Normal/Others,"NA - Construction of roads, link roads, pathways or any other road with or without drainage system",DISTRICT MAGISTRATE SOUTH TWENTY FOUR PARGANAS_IDA,2023-09-12,Action Pending,500000,Unsanctioned
MPLADS-045654,Smt Sajda Ahmed,Lok Sabha,West Bengal,ULUBERIA,,,SHYAMPUR-II,Chalitapara,Normal/Others,WS/MP829/2023-2024/19033 - Crematoriums or structures on burial/ cremation ground for public convenience,DISTRICT MAGISTRATE HOWRAH_IDA,2023-09-12,Approved by IDA,500000,Sanctioned
MPLADS-045686,Shri Abhishek Banerjee ,Lok Sabha,West Bengal,DIAMOND HARBOUR,Maheshtala,Ward-10,,,Normal/Others,"NA - Construction of roads, approach roads, link roads and pathways",DISTRICT MAGISTRATE SOUTH TWENTY FOUR PARGANAS_IDA,2023-09-12,Action Pending,800000,Unsanctioned
MPLADS-045689,Shri Abhishek Banerjee ,Lok Sabha,West Bengal,DIAMOND HARBOUR,Maheshtala,Ward-10,,,Normal/Others,"NA - Construction of roads, link roads, pathways or any other road with or without drainage system",DISTRICT MAGISTRATE SOUTH TWENTY FOUR PARGANAS_IDA,2023-09-12,Action Pending,800476,Unsanctioned
MPLADS-045690,Shri Abhishek Banerjee ,Lok Sabha,West Bengal,DIAMOND HARBOUR,Maheshtala,Ward-14,,,Normal/Others,"NA - Construction of roads, link roads, pathways or any other road with or without drainage system",DISTRICT MAGISTRATE SOUTH TWENTY FOUR PARGANAS_IDA,2023-09-12,Action Pending,200541,Unsanctioned
MPLADS-045691,Shri Abhishek Banerjee ,Lok Sabha,West Bengal,DIAMOND HARBOUR,Maheshtala,Ward-14,,,Normal/Others,"NA - Construction of roads, link roads, pathways or any other road with or without drainage system",DISTRICT MAGISTRATE SOUTH TWENTY FOUR PARGANAS_IDA,2023-09-12,Action Pending,150264,Unsanctioned
MPLADS-045692,Shri Abhishek Banerjee ,Lok Sabha,West Bengal,DIAMOND HARBOUR,Maheshtala,Ward-14,,,Normal/Others,"NA - Construction of roads, link roads, pathways or any other road with or without drainage system",DISTRICT MAGISTRATE SOUTH TWENTY FOUR PARGANAS_IDA,2023-09-12,Action Pending,200173,Unsanctioned
MPLADS-045693,Shri Abhishek Banerjee ,Lok Sabha,West Bengal,DIAMOND HARBOUR,Maheshtala,Ward-14,,,Normal/Others,"NA - Construction of roads, link roads, pathways or any other road with or without drainage system",DISTRICT MAGISTRATE SOUTH TWENTY FOUR PARGANAS_IDA,2023-09-12,Action Pending,100203,Unsanctioned
MPLADS-045694,Shri Abhishek Banerjee ,Lok Sabha,West Bengal,DIAMOND HARBOUR,Maheshtala,Ward-14,,,Normal/Others,"NA - Construction of roads, link roads, pathways or any other road with or without drainage system",DISTRICT MAGISTRATE SOUTH TWENTY FOUR PARGANAS_IDA,2023-09-12,Action Pending,100000,Unsanctioned
MPLADS-045695,Shri Abhishek Banerjee ,Lok Sabha,West Bengal,DIAMOND HARBOUR,Maheshtala,Ward-14,,,Normal/Others,"NA - Construction of roads, link roads, pathways or any other road with or without drainage system",DISTRICT MAGISTRATE SOUTH TWENTY FOUR PARGANAS_IDA,2023-09-12,Action Pending,200000,Unsanctioned
MPLADS-045696,Shri Abhishek Banerjee ,Lok Sabha,West Bengal,DIAMOND HARBOUR,Maheshtala,Ward-14,,,Normal/Others,"NA - Construction of roads, link roads, pathways or any other road with or without drainage system",DISTRICT MAGISTRATE SOUTH TWENTY FOUR PARGANAS_IDA,2023-09-12,Action Pending,100311,Unsanctioned
MPLADS-045703,Dr Kakoli Ghosh Dastidar,Lok Sabha,West Bengal,BARASAT,Barasat,33,,,Normal/Others,NA - Lighting of public spaces,DISTRICT MAGISTRATE NORTH TWENTY FOUR PARGANAS_IDA,2023-09-12,Action Pending,450000,Unsanctioned
MPLADS-045704,Smt Sajda Ahmed,Lok Sabha,West Bengal,ULUBERIA,Uluberia,12,,,Normal/Others,WS/MP829/2023-2024/19035 - Crematoriums or structures on burial/ cremation ground for public convenience,DISTRICT MAGISTRATE HOWRAH_IDA,2023-09-12,Approved by IDA,400000,Sanctioned
MPLADS-045706,Dr Kakoli Ghosh Dastidar,Lok Sabha,West Bengal,BARASAT,Ashoknagar Kalyangarh,12,,,Normal/Others,WS/MP421/2023-2024/19075 - Providing drains and gutters for public drainage,DISTRICT MAGISTRATE NORTH TWENTY FOUR PARGANAS_IDA,2023-09-12,Approved by IDA,457209,Unsanctioned
MPLADS-045707,Dr Kakoli Ghosh Dastidar,Lok Sabha,West Bengal,BARASAT,Madhyamgram,1,,,Normal/Others,NA - Street lights,DISTRICT MAGISTRATE NORTH TWENTY FOUR PARGANAS_IDA,2023-09-12,Action Pending,100000,Unsanctioned
MPLADS-045708,Dr Kakoli Ghosh Dastidar,Lok Sabha,West Bengal,BARASAT,Madhyamgram,2,,,Normal/Others,NA - Providing drains and gutters for public drainage,DISTRICT MAGISTRATE NORTH TWENTY FOUR PARGANAS_IDA,2023-09-12,Action Pending,400000,Unsanctioned
MPLADS-045740,Shri Abhishek Banerjee ,Lok Sabha,West Bengal,DIAMOND HARBOUR,Maheshtala,Ward-16,,,Normal/Others,"NA - Construction of roads, link roads, pathways or any other road with or without drainage system",DISTRICT MAGISTRATE SOUTH TWENTY FOUR PARGANAS_IDA,2023-09-12,Action Pending,700000,Unsanctioned
MPLADS-045741,Shri Abhishek Banerjee ,Lok Sabha,West Bengal,DIAMOND HARBOUR,Maheshtala,Ward-15,,,Normal/Others,"NA - Construction of roads, link roads, pathways or any other road with or without drainage system",DISTRICT MAGISTRATE SOUTH TWENTY FOUR PARGANAS_IDA,2023-09-12,Action Pending,800000,Unsanctioned
MPLADS-045742,Shri Abhishek Banerjee ,Lok Sabha,West Bengal,DIAMOND HARBOUR,Maheshtala,Ward-14,,,Normal/Others,"NA - Construction of roads, link roads, pathways or any other road with or without drainage system",DISTRICT MAGISTRATE SOUTH TWENTY FOUR PARGANAS_IDA,2023-09-12,Action Pending,200000,Unsanctioned
MPLADS-045743,Shri Abhishek Banerjee ,Lok Sabha,West Bengal,DIAMOND HARBOUR,Maheshtala,Ward-14,,,Normal/Others,"NA - Construction of roads, link roads, pathways or any other road with or without drainage system",DISTRICT MAGISTRATE SOUTH TWENTY FOUR PARGANAS_IDA,2023-09-12,Action Pending,100263,Unsanctioned
MPLADS-045749,Shri Abhishek Banerjee ,Lok Sabha,West Bengal,DIAMOND HARBOUR,Maheshtala,Ward-14,,,Normal/Others,"NA - Construction of roads, link roads, pathways or any other road with or without drainage system",DISTRICT MAGISTRATE SOUTH TWENTY FOUR PARGANAS_IDA,2023-09-12,Action Pending,100000,Unsanctioned
MPLADS-045750,Shri Abhishek Banerjee ,Lok Sabha,West Bengal,DIAMOND HARBOUR,Maheshtala,Ward-14,,,Normal/Others,"NA - Construction of roads, link roads, pathways or any other road with or without drainage system",DISTRICT MAGISTRATE SOUTH TWENTY FOUR PARGANAS_IDA,2023-09-12,Action Pending,100000,Unsanctioned
MPLADS-045751,Shri Abhishek Banerjee ,Lok Sabha,West Bengal,DIAMOND HARBOUR,Maheshtala,Ward-14,,,Normal/Others,"NA - Construction of roads, link roads, pathways or any other road with or without drainage system",DISTRICT MAGISTRATE SOUTH TWENTY FOUR PARGANAS_IDA,2023-09-12,Action Pending,100000,Unsanctioned
MPLADS-045752,Shri Abhishek Banerjee ,Lok Sabha,West Bengal,DIAMOND HARBOUR,Maheshtala,Ward-14,,,Normal/Others,"NA - Construction of roads, link roads, pathways or any other road with or without drainage system",DISTRICT MAGISTRATE SOUTH TWENTY FOUR PARGANAS_IDA,2023-09-12,Action Pending,100000,Unsanctioned
MPLADS-045753,Shri Abhishek Banerjee ,Lok Sabha,West Bengal,DIAMOND HARBOUR,Maheshtala,Ward-14,,,Normal/Others,"NA - Construction of roads, link roads, pathways or any other road with or without drainage system",DISTRICT MAGISTRATE SOUTH TWENTY FOUR PARGANAS_IDA,2023-09-12,Action Pending,100000,Unsanctioned
MPLADS-045754,Shri Abhishek Banerjee ,Lok Sabha,West Bengal,DIAMOND HARBOUR,Maheshtala,Ward-14,,,Normal/Others,"NA - Construction of roads, link roads, pathways or any other road with or without drainage system",DISTRICT MAGISTRATE SOUTH TWENTY FOUR PARGANAS_IDA,2023-09-12,Action Pending,100000,Unsanctioned
MPLADS-045756,Shri Abhishek Banerjee ,Lok Sabha,West Bengal,DIAMOND HARBOUR,Maheshtala,Ward-14,,,Normal/Others,"NA - Construction of roads, link roads, pathways or any other road with or without drainage system",DISTRICT MAGISTRATE SOUTH TWENTY FOUR PARGANAS_IDA,2023-09-12,Action Pending,100318,Unsanctioned
MPLADS-045757,Shri Abhishek Banerjee ,Lok Sabha,West Bengal,DIAMOND HARBOUR,Maheshtala,Ward-14,,,Normal/Others,"NA - Construction of roads, link roads, pathways or any other road with or without drainage system",DISTRICT MAGISTRATE SOUTH TWENTY FOUR PARGANAS_IDA,2023-09-12,Action Pending,200000,Unsanctioned
MPLADS-045758,Dr Kakoli Ghosh Dastidar,Lok Sabha,West Bengal,BARASAT,Ashoknagar Kalyangarh,8,,,Normal/Others,WS/MP421/2023-2024/19073 - Providing drains and gutters for public drainage,DISTRICT MAGISTRATE NORTH TWENTY FOUR PARGANAS_IDA,2023-09-12,Approved by IDA,1250005,Unsanctioned
MPLADS-045759,Smt Sajda Ahmed,Lok Sabha,West Bengal,ULUBERIA,Uluberia,4,,,Normal/Others,WS/MP829/2023-2024/19034 - Lighting of public spaces,DISTRICT MAGISTRATE HOWRAH_IDA,2023-09-12,Approved by IDA,150000,Sanctioned
MPLADS-045825,Smt Sajda Ahmed,Lok Sabha,West Bengal,ULUBERIA,Uluberia,30,,,Normal/Others,"NA - Purchase of ambulances (Four, three and two wheelers)",DISTRICT MAGISTRATE HOWRAH_IDA,2023-09-12,Action Pending,826000,Unsanctioned
MPLADS-045991,Shri Abhishek Banerjee ,Lok Sabha,West Bengal,DIAMOND HARBOUR,Diamond Harbour,Ward-16,,,Normal/Others,"WS/MP423/2023-2024/18819 - Construction of roads, approach roads, link roads and pathways",DISTRICT MAGISTRATE SOUTH TWENTY FOUR PARGANAS_IDA,2023-09-11,Approved by IDA,500000,Unsanctioned
MPLADS-045993,Shri Abhishek Banerjee ,Lok Sabha,West Bengal,DIAMOND HARBOUR,Diamond Harbour,Ward-10,,,Normal/Others,"WS/MP423/2023-2024/18825 - Construction of roads, approach roads, link roads and pathways",DISTRICT MAGISTRATE SOUTH TWENTY FOUR PARGANAS_IDA,2023-09-11,Approved by IDA,750000,Unsanctioned
MPLADS-045994,Shri Abhishek Banerjee ,Lok Sabha,West Bengal,DIAMOND HARBOUR,Diamond Harbour,Ward-3,,,Normal/Others,"WS/MP423/2023-2024/18824 - Construction of roads, approach roads, link roads and pathways",DISTRICT MAGISTRATE SOUTH TWENTY FOUR PARGANAS_IDA,2023-09-11,Approved by IDA,800000,Unsanctioned
MPLADS-045995,Shri Abhishek Banerjee ,Lok Sabha,West Bengal,DIAMOND HARBOUR,Diamond Harbour,Ward-15,,,Normal/Others,"WS/MP423/2023-2024/18823 - Construction of roads, approach roads, link roads and pathways",DISTRICT MAGISTRATE SOUTH TWENTY FOUR PARGANAS_IDA,2023-09-11,Approved by IDA,390000,Unsanctioned
MPLADS-045996,Shri Abhishek Banerjee ,Lok Sabha,West Bengal,DIAMOND HARBOUR,Diamond Harbour,Ward-09,,,Normal/Others,"WS/MP423/2023-2024/18822 - Construction of roads, approach roads, link roads and pathways",DISTRICT MAGISTRATE SOUTH TWENTY FOUR PARGANAS_IDA,2023-09-11,Approved by IDA,575000,Unsanctioned
MPLADS-045998,Shri Abhishek Banerjee ,Lok Sabha,West Bengal,DIAMOND HARBOUR,Diamond Harbour,Ward-16,,,Normal/Others,"WS/MP423/2023-2024/18821 - Construction of roads, approach roads, link roads and pathways",DISTRICT MAGISTRATE SOUTH TWENTY FOUR PARGANAS_IDA,2023-09-11,Approved by IDA,300000,Unsanctioned
MPLADS-045999,Shri Abhishek Banerjee ,Lok Sabha,West Bengal,DIAMOND HARBOUR,Diamond Harbour,Ward-16,,,Normal/Others,"WS/MP423/2023-2024/18820 - Construction of roads, approach roads, link roads and pathways",DISTRICT MAGISTRATE SOUTH TWENTY FOUR PARGANAS_IDA,2023-09-11,Approved by IDA,450000,Unsanctioned
MPLADS-046002,Shri Abhishek Banerjee ,Lok Sabha,West Bengal,DIAMOND HARBOUR,Diamond Harbour,Ward-16,,,Normal/Others,"WS/MP423/2023-2024/18818 - Construction of roads, approach roads, link roads and pathways",DISTRICT MAGISTRATE SOUTH TWENTY FOUR PARGANAS_IDA,2023-09-11,Approved by IDA,400000,Unsanctioned
MPLADS-046003,Shri Abhishek Banerjee ,Lok Sabha,West Bengal,DIAMOND HARBOUR,Diamond Harbour,Ward-15,,,Normal/Others,"WS/MP423/2023-2024/18817 - Construction of roads, approach roads, link roads and pathways",DISTRICT MAGISTRATE SOUTH TWENTY FOUR PARGANAS_IDA,2023-09-11,Approved by IDA,475000,Unsanctioned
MPLADS-046025,Shri Abhishek Banerjee ,Lok Sabha,West Bengal,DIAMOND HARBOUR,Diamond Harbour,Ward-15,,,Normal/Others,"WS/MP423/2023-2024/18816 - Construction of roads, approach roads, link roads and pathways",DISTRICT MAGISTRATE SOUTH TWENTY FOUR PARGANAS_IDA,2023-09-11,Approved by IDA,425000,Unsanctioned
MPLADS-046045,Shri Abhishek Banerjee ,Lok Sabha,West Bengal,DIAMOND HARBOUR,Diamond Harbour,2,,,Normal/Others,"WS/MP423/2023-2024/18736 - Construction of roads, approach roads, link roads and pathways",DISTRICT MAGISTRATE SOUTH TWENTY FOUR PARGANAS_IDA,2023-09-11,Approved by IDA,500000,Unsanctioned
MPLADS-046046,Shri Abhishek Banerjee ,Lok Sabha,West Bengal,DIAMOND HARBOUR,Diamond Harbour,Ward-15,,,Normal/Others,"WS/MP423/2023-2024/18785 - Construction of roads, approach roads, link roads and pathways",DISTRICT MAGISTRATE SOUTH TWENTY FOUR PARGANAS_IDA,2023-09-11,Approved by IDA,450000,Unsanctioned
MPLADS-046083,Shri Abhishek Banerjee ,Lok Sabha,West Bengal,DIAMOND HARBOUR,Diamond Harbour,Ward -12,,,Normal/Others,"WS/MP423/2023-2024/18784 - Construction of roads, approach roads, link roads and pathways",DISTRICT MAGISTRATE SOUTH TWENTY FOUR PARGANAS_IDA,2023-09-11,Approved by IDA,265000,Unsanctioned
MPLADS-046085,Shri Abhishek Banerjee ,Lok Sabha,West Bengal,DIAMOND HARBOUR,Diamond Harbour,7,,,Normal/Others,"WS/MP423/2023-2024/18731 - Construction of roads, approach roads, link roads and pathways",DISTRICT MAGISTRATE SOUTH TWENTY FOUR PARGANAS_IDA,2023-09-11,Approved by IDA,500000,Unsanctioned
MPLADS-046086,Shri Abhishek Banerjee ,Lok Sabha,West Bengal,DIAMOND HARBOUR,Diamond Harbour,2,,,Normal/Others,"WS/MP423/2023-2024/18734 - Construction of roads, approach roads, link roads and pathways",DISTRICT MAGISTRATE SOUTH TWENTY FOUR PARGANAS_IDA,2023-09-11,Approved by IDA,400000,Unsanctioned
MPLADS-046088,Shri Abhishek Banerjee ,Lok Sabha,West Bengal,DIAMOND HARBOUR,Diamond Harbour,2,,,Normal/Others,"WS/MP423/2023-2024/18739 - Construction of roads, approach roads, link roads and pathways",DISTRICT MAGISTRATE SOUTH TWENTY FOUR PARGANAS_IDA,2023-09-11,Approved by IDA,750000,Unsanctioned
MPLADS-046089,Shri Abhishek Banerjee ,Lok Sabha,West Bengal,DIAMOND HARBOUR,Diamond Harbour,03,,,Normal/Others,"WS/MP423/2023-2024/18747 - Construction of roads, approach roads, link roads and pathways",DISTRICT MAGISTRATE SOUTH TWENTY FOUR PARGANAS_IDA,2023-09-11,Approved by IDA,1700000,Unsanctioned
MPLADS-046090,Shri Abhishek Banerjee ,Lok Sabha,West Bengal,DIAMOND HARBOUR,Diamond Harbour,3,,,Normal/Others,"WS/MP423/2023-2024/18752 - Construction of roads, approach roads, link roads and pathways",DISTRICT MAGISTRATE SOUTH TWENTY FOUR PARGANAS_IDA,2023-09-11,Approved by IDA,1300000,Unsanctioned
MPLADS-046091,Shri Abhishek Banerjee ,Lok Sabha,West Bengal,DIAMOND HARBOUR,Diamond Harbour,4,,,Normal/Others,"WS/MP423/2023-2024/18753 - Construction of roads, approach roads, link roads and pathways",DISTRICT MAGISTRATE SOUTH TWENTY FOUR PARGANAS_IDA,2023-09-11,Approved by IDA,300000,Unsanctioned
MPLADS-046092,Shri Abhishek Banerjee ,Lok Sabha,West Bengal,DIAMOND HARBOUR,Diamond Harbour,7,,,Normal/Others,"WS/MP423/2023-2024/18762 - Construction of roads, approach roads, link roads and pathways",DISTRICT MAGISTRATE SOUTH TWENTY FOUR PARGANAS_IDA,2023-09-11,Approved by IDA,700000,Unsanctioned
MPLADS-046093,Shri Abhishek Banerjee ,Lok Sabha,West Bengal,DIAMOND HARBOUR,Diamond Harbour,Ward-8,,,Normal/Others,"WS/MP423/2023-2024/18764 - Construction of roads, approach roads, link roads and pathways",DISTRICT MAGISTRATE SOUTH TWENTY FOUR PARGANAS_IDA,2023-09-11,Approved by IDA,250000,Unsanctioned
MPLADS-046094,Shri Abhishek Banerjee ,Lok Sabha,West Bengal,DIAMOND HARBOUR,Diamond Harbour,Ward - 06,,,Normal/Others,"WS/MP423/2023-2024/18782 - Construction of roads, approach roads, link roads and pathways",DISTRICT MAGISTRATE SOUTH TWENTY FOUR PARGANAS_IDA,2023-09-11,Approved by IDA,850000,Unsanctioned
MPLADS-046100,Shri Abhishek Banerjee ,Lok Sabha,West Bengal,DIAMOND HARBOUR,Budge Budge,18,,,Normal/Others,"WS/MP423/2023-2024/18725 - Construction of roads, link roads, pathways or any other road with or without drainage system",DISTRICT MAGISTRATE SOUTH TWENTY FOUR PARGANAS_IDA,2023-09-11,Approved by IDA,1000000,Unsanctioned
MPLADS-046101,Shri Abhishek Banerjee ,Lok Sabha,West Bengal,DIAMOND HARBOUR,Budge Budge,18,,,Normal/Others,"WS/MP423/2023-2024/18724 - Construction of roads, link roads, pathways or any other road with or without drainage system",DISTRICT MAGISTRATE SOUTH TWENTY FOUR PARGANAS_IDA,2023-09-11,Approved by IDA,1000000,Unsanctioned
MPLADS-046102,Shri Abhishek Banerjee ,Lok Sabha,West Bengal,DIAMOND HARBOUR,Maheshtala,31,,,Normal/Others,NA - Street lights,DISTRICT MAGISTRATE SOUTH TWENTY FOUR PARGANAS_IDA,2023-09-11,Action Pending,219273,Unsanctioned
MPLADS-046350,Shri Sisir Kumar Adhikari ,Lok Sabha,West Bengal,KANTHI,Contai,VIII,,,Normal/Others,NA - Construction of boundary walls of existing public and community buildings,DISTRICT MAGISTRATE PURBA MEDINIPUR_IDA,2023-09-09,Action Pending,1695981,Unsanctioned
MPLADS-046351,Shri Sisir Kumar Adhikari ,Lok Sabha,West Bengal,KANTHI,Contai,IV,,,Normal/Others,WS/MP420/2023-2024/18232 - Construction of rooms and halls in school and colleges,DISTRICT MAGISTRATE PURBA MEDINIPUR_IDA,2023-09-09,Approved by IDA,1644187,Unsanctioned
MPLADS-047201,Shri Dibyendu Adhikari ,Lok Sabha,West Bengal,TAMLUK,,,NANDIGRAM-I,Bahadurpur,Normal/Others,"WS/MP418/2023-2024/17310 - Construction of roads, link roads, pathways or any other road with or without drainage system",DISTRICT MAGISTRATE PURBA MEDINIPUR_IDA,2023-09-06,Approved by IDA,327197,Sanctioned
MPLADS-047202,Shri Dibyendu Adhikari ,Lok Sabha,West Bengal,TAMLUK,,,NANDIGRAM-I,Bahadurpur,Normal/Others,"WS/MP418/2023-2024/17313 - Construction of roads, link roads, pathways or any other road with or without drainage system",DISTRICT MAGISTRATE PURBA MEDINIPUR_IDA,2023-09-06,Approved by IDA,327197,Sanctioned
MPLADS-047203,Shri Dibyendu Adhikari ,Lok Sabha,West Bengal,TAMLUK,,,NANDIGRAM-I,Haripur,Normal/Others,"WS/MP418/2023-2024/17314 - Construction of roads, link roads, pathways or any other road with or without drainage system",DISTRICT MAGISTRATE PURBA MEDINIPUR_IDA,2023-09-06,Approved by IDA,265170,Sanctioned
MPLADS-047221,Shri Dibyendu Adhikari ,Lok Sabha,West Bengal,TAMLUK,,,NANDIGRAM-I,Haripur,Normal/Others,"WS/MP418/2023-2024/17312 - Construction of roads, link roads, pathways or any other road with or without drainage system",DISTRICT MAGISTRATE PURBA MEDINIPUR_IDA,2023-09-06,Approved by IDA,265170,Sanctioned
MPLADS-047222,Shri Dibyendu Adhikari ,Lok Sabha,West Bengal,TAMLUK,,,NANDIGRAM-I,Bahadurpur,Normal/Others,"WS/MP418/2023-2024/17308 - Construction of roads, link roads, pathways or any other road with or without drainage system",DISTRICT MAGISTRATE PURBA MEDINIPUR_IDA,2023-09-06,Approved by IDA,327197,Sanctioned
MPLADS-047224,Shri Dibyendu Adhikari ,Lok Sabha,West Bengal,TAMLUK,,,NANDIGRAM-I,Banasri Gauri,Normal/Others,"WS/MP418/2023-2024/17307 - Construction of roads, link roads, pathways or any other road with or without drainage system",DISTRICT MAGISTRATE PURBA MEDINIPUR_IDA,2023-09-06,Approved by IDA,273755,Sanctioned
MPLADS-047242,Shri Dibyendu Adhikari ,Lok Sabha,West Bengal,TAMLUK,,,NANDIGRAM-I,Ratanpur,Normal/Others,"WS/MP418/2023-2024/17296 - Construction of roads, link roads, pathways or any other road with or without drainage system",DISTRICT MAGISTRATE PURBA MEDINIPUR_IDA,2023-09-06,Approved by IDA,269086,Sanctioned
MPLADS-047243,Shri Dibyendu Adhikari ,Lok Sabha,West Bengal,TAMLUK,,,NANDIGRAM-I,Haripur,Normal/Others,"WS/MP418/2023-2024/17303 - Construction of roads, link roads, pathways or any other road with or without drainage system",DISTRICT MAGISTRATE PURBA MEDINIPUR_IDA,2023-09-06,Approved by IDA,281088,Sanctioned
MPLADS-047443,Shri Abhishek Banerjee ,Lok Sabha,West Bengal,DIAMOND HARBOUR,Maheshtala,04,,,Normal/Others,NA - Construction of rooms and halls in school and colleges,DISTRICT MAGISTRATE SOUTH TWENTY FOUR PARGANAS_IDA,2023-09-05,Action Pending,300363,Unsanctioned
MPLADS-048982,Shri Arjun Singh ,Lok Sabha,West Bengal,BARRACKPUR,Barrackpore,13,,,Normal/Others,NA - Installing community drinking water plants,DISTRICT MAGISTRATE NORTH TWENTY FOUR PARGANAS_IDA,2023-08-29,Action Pending,200000,Unsanctioned
MPLADS-048991,Asit Kumar Mal ,Lok Sabha,West Bengal,BOLPUR(SC),Guskara,GUSKARA MUNICIPALITY,,,Normal/Others,"WS/MP858/2023-2024/14024 - Purchase of ambulances (Four, three and two wheelers)",DISTRICT MAGISTRATE PURBA BARDHAMAN_IDA,2023-08-29,Approved by IDA,2300000,Unsanctioned
MPLADS-048992,Shri Arjun Singh ,Lok Sabha,West Bengal,BARRACKPUR,Garulia,8,,,Normal/Others,NA - Construction of rooms and halls in school and colleges,DISTRICT MAGISTRATE NORTH TWENTY FOUR PARGANAS_IDA,2023-08-29,Action Pending,1000000,Unsanctioned
MPLADS-048993,Shri Arjun Singh ,Lok Sabha,West Bengal,BARRACKPUR,North Barrackpur,23,,,Normal/Others,NA - Construction of rooms and halls in school and colleges,DISTRICT MAGISTRATE NORTH TWENTY FOUR PARGANAS_IDA,2023-08-29,Action Pending,726347,Unsanctioned
MPLADS-049198,Shri Kunar Hembram ,Lok Sabha,West Bengal,JHARGRAM(ST),,,JHARGRAM,Birhandi,Normal/Others,WS/MP237/2023-2024/13759 - Construction of boundary walls of existing public and community buildings,DISTRICT MAGISTRATE JHARGRAM_IDA,2023-08-28,Approved by IDA,4000000,Sanctioned
MPLADS-049199,Shri Kunar Hembram ,Lok Sabha,West Bengal,JHARGRAM(ST),,,SANKRAIL,Laudaha,Normal/Others,WS/MP237/2023-2024/13755 - Construction of rooms and halls in school and colleges,DISTRICT MAGISTRATE JHARGRAM_IDA,2023-08-28,Approved by IDA,4641346,Sanctioned
MPLADS-049201,Shri Kunar Hembram ,Lok Sabha,West Bengal,JHARGRAM(ST),,,JAMBANI,Lohamalia,Normal/Others,WS/MP237/2023-2024/13749 - Lighting of public spaces,DISTRICT MAGISTRATE JHARGRAM_IDA,2023-08-28,Approved by IDA,3000000,Sanctioned
MPLADS-049202,Shri Kunar Hembram ,Lok Sabha,West Bengal,JHARGRAM(ST),,,JHARGRAM,Chandri,Normal/Others,WS/MP237/2023-2024/13746 - Construction of boundary walls of existing public and community buildings,DISTRICT MAGISTRATE JHARGRAM_IDA,2023-08-28,Approved by IDA,4129294,Sanctioned
MPLADS-049203,Shri Kunar Hembram ,Lok Sabha,West Bengal,JHARGRAM(ST),,,BINPUR-II,Muransol,Normal/Others,WS/MP237/2023-2024/13745 - Construction of community centers and community halls,DISTRICT MAGISTRATE JHARGRAM_IDA,2023-08-28,Approved by IDA,4292400,Sanctioned
MPLADS-049224,Shri Kunar Hembram ,Lok Sabha,West Bengal,JHARGRAM(ST),,,SANKRAIL,Lata,Normal/Others,WS/MP237/2023-2024/13760 - Construction of additional rooms and halls in the existing public and community building,DISTRICT MAGISTRATE JHARGRAM_IDA,2023-08-28,Approved by IDA,4454316,Sanctioned
MPLADS-049709,Pratima Mondal,Lok Sabha,West Bengal,JOYNAGAR(SC),Jaynagar Mazilpur,2,,,Normal/Others,NA - Installing community drinking water plants,DISTRICT MAGISTRATE SOUTH TWENTY FOUR PARGANAS_IDA,2023-08-25,Action Pending,250000,Unsanctioned
MPLADS-049710,Pratima Mondal,Lok Sabha,West Bengal,JOYNAGAR(SC),Jaynagar Mazilpur,4,,,Normal/Others,NA - Installing community drinking water plants,DISTRICT MAGISTRATE SOUTH TWENTY FOUR PARGANAS_IDA,2023-08-25,Action Pending,250000,Unsanctioned
MPLADS-049711,Pratima Mondal,Lok Sabha,West Bengal,JOYNAGAR(SC),Jaynagar Mazilpur,3,,,Normal/Others,NA - Installing community drinking water plants,DISTRICT MAGISTRATE SOUTH TWENTY FOUR PARGANAS_IDA,2023-08-25,Action Pending,250000,Unsanctioned
MPLADS-049712,Pratima Mondal,Lok Sabha,West Bengal,JOYNAGAR(SC),Jaynagar Mazilpur,3,,,Normal/Others,NA - Installing community drinking water plants,DISTRICT MAGISTRATE SOUTH TWENTY FOUR PARGANAS_IDA,2023-08-25,Action Pending,250000,Unsanctioned
MPLADS-049713,Pratima Mondal,Lok Sabha,West Bengal,JOYNAGAR(SC),Jaynagar Mazilpur,4,,,Normal/Others,NA - Installing community drinking water plants,DISTRICT MAGISTRATE SOUTH TWENTY FOUR PARGANAS_IDA,2023-08-25,Action Pending,250000,Unsanctioned
MPLADS-049714,Pratima Mondal,Lok Sabha,West Bengal,JOYNAGAR(SC),Jaynagar Mazilpur,6,,,Normal/Others,NA - Installing community drinking water plants,DISTRICT MAGISTRATE SOUTH TWENTY FOUR PARGANAS_IDA,2023-08-25,Action Pending,250000,Unsanctioned
MPLADS-049715,Pratima Mondal,Lok Sabha,West Bengal,JOYNAGAR(SC),Jaynagar Mazilpur,6,,,Normal/Others,NA - Installing community drinking water plants,DISTRICT MAGISTRATE SOUTH TWENTY FOUR PARGANAS_IDA,2023-08-25,Action Pending,250000,Unsanctioned
MPLADS-049716,Pratima Mondal,Lok Sabha,West Bengal,JOYNAGAR(SC),Jaynagar Mazilpur,11,,,Normal/Others,NA - Installing community drinking water plants,DISTRICT MAGISTRATE SOUTH TWENTY FOUR PARGANAS_IDA,2023-08-25,Action Pending,250000,Unsanctioned
MPLADS-049971,Sunil Kumar Mondal ,Lok Sabha,West Bengal,BARDHAMAN PURBA(SC),,,RAINA-II,Gotan,Normal/Others,WS/MP864/2023-2024/12676 - Construction of buildings for community cultural activities,DISTRICT MAGISTRATE PURBA BARDHAMAN_IDA,2023-08-24,Approved by IDA,600000,Sanctioned
MPLADS-049974,Dr Kakoli Ghosh Dastidar,Lok Sabha,West Bengal,BARASAT,Barasat,6,,,Normal/Others,NA - Construction of community centers and community halls,DISTRICT MAGISTRATE NORTH TWENTY FOUR PARGANAS_IDA,2023-08-23,Action Pending,500000,Unsanctioned
MPLADS-049976,Dr Kakoli Ghosh Dastidar,Lok Sabha,West Bengal,BARASAT,Madhyamgram,1,,,Normal/Others,NA - Lighting of public spaces,DISTRICT MAGISTRATE NORTH TWENTY FOUR PARGANAS_IDA,2023-08-23,Action Pending,100000,Unsanctioned
MPLADS-049977,Dr Kakoli Ghosh Dastidar,Lok Sabha,West Bengal,BARASAT,Barasat,20,,,Normal/Others,"NA - Construction of roads, approach roads, link roads and pathways",DISTRICT MAGISTRATE NORTH TWENTY FOUR PARGANAS_IDA,2023-08-23,Action Pending,300000,Unsanctioned
MPLADS-050000,Dr Kakoli Ghosh Dastidar,Lok Sabha,West Bengal,BARASAT,Barasat,15,,,Normal/Others,"NA - Construction of roads, approach roads, link roads and pathways",DISTRICT MAGISTRATE NORTH TWENTY FOUR PARGANAS_IDA,2023-08-23,Action Pending,300000,Unsanctioned
MPLADS-050004,Dr Kakoli Ghosh Dastidar,Lok Sabha,West Bengal,BARASAT,Madhyamgram,14,,,Normal/Others,"NA - Construction of roads, approach roads, link roads and pathways",DISTRICT MAGISTRATE NORTH TWENTY FOUR PARGANAS_IDA,2023-08-23,Action Pending,500000,Unsanctioned
MPLADS-050006,Dr Kakoli Ghosh Dastidar,Lok Sabha,West Bengal,BARASAT,Madhyamgram,14,,,Normal/Others,"NA - Construction of roads, approach roads, link roads and pathways",DISTRICT MAGISTRATE NORTH TWENTY FOUR PARGANAS_IDA,2023-08-23,Action Pending,1000000,Unsanctioned
MPLADS-050027,Dr Kakoli Ghosh Dastidar,Lok Sabha,West Bengal,BARASAT,Madhyamgram,18,,,Normal/Others,NA - Development of public parks,DISTRICT MAGISTRATE NORTH TWENTY FOUR PARGANAS_IDA,2023-08-23,Action Pending,300000,Unsanctioned
MPLADS-051956,Shri Arjun Singh ,Lok Sabha,West Bengal,BARRACKPUR,Bhatpara,7,,,Normal/Others,NA - Development of playground,DISTRICT MAGISTRATE NORTH TWENTY FOUR PARGANAS_IDA,2023-08-16,Action Pending,961020,Unsanctioned
MPLADS-051957,Shri Arjun Singh ,Lok Sabha,West Bengal,BARRACKPUR,Barrackpore,9,,,Normal/Others,NA - Construction of additional rooms and halls in the existing public and community building,DISTRICT MAGISTRATE NORTH TWENTY FOUR PARGANAS_IDA,2023-08-16,Action Pending,300000,Unsanctioned
MPLADS-051958,Shri Arjun Singh ,Lok Sabha,West Bengal,BARRACKPUR,North Barrackpur,18,,,Normal/Others,NA - Development of playground,DISTRICT MAGISTRATE NORTH TWENTY FOUR PARGANAS_IDA,2023-08-16,Action Pending,1934633,Unsanctioned
MPLADS-051959,Shri Arjun Singh ,Lok Sabha,West Bengal,BARRACKPUR,Bhatpara,11,,,Normal/Others,NA - Development of playground,DISTRICT MAGISTRATE NORTH TWENTY FOUR PARGANAS_IDA,2023-08-16,Action Pending,1500448,Unsanctioned
MPLADS-051960,Prof Saugata Roy ,Lok Sabha,West Bengal,DUM DUM,South Dum Dum,2,,,Normal/Others,NA - Development of playground,DISTRICT MAGISTRATE NORTH TWENTY FOUR PARGANAS_IDA,2023-08-16,Action Pending,1000000,Unsanctioned
MPLADS-051961,Prof Saugata Roy ,Lok Sabha,West Bengal,DUM DUM,Khardaha,12,,,Normal/Others,NA - Construction of boundary walls of existing public and community buildings,DISTRICT MAGISTRATE NORTH TWENTY FOUR PARGANAS_IDA,2023-08-16,Action Pending,398000,Unsanctioned
MPLADS-051962,Prof Saugata Roy ,Lok Sabha,West Bengal,DUM DUM,Khardaha,6,,,Normal/Others,"NA - Construction of roads, approach roads, link roads and pathways",DISTRICT MAGISTRATE NORTH TWENTY FOUR PARGANAS_IDA,2023-08-16,Action Pending,800000,Unsanctioned
MPLADS-051963,Prof Saugata Roy ,Lok Sabha,West Bengal,DUM DUM,North Dum Dum,33,,,Normal/Others,"NA - Construction of roads, approach roads, link roads and pathways",DISTRICT MAGISTRATE NORTH TWENTY FOUR PARGANAS_IDA,2023-08-16,Action Pending,1000000,Unsanctioned
MPLADS-052938,Shri Arjun Singh ,Lok Sabha,West Bengal,BARRACKPUR,Bhatpara,12,,,Normal/Others,NA - Construction of rooms and halls in school and colleges,DISTRICT MAGISTRATE NORTH TWENTY FOUR PARGANAS_IDA,2023-08-12,Action Pending,741308,Unsanctioned
MPLADS-052940,Shri Arjun Singh ,Lok Sabha,West Bengal,BARRACKPUR,Halisahar,13,,,Normal/Others,"NA - Construction of roads, approach roads, link roads and pathways",DISTRICT MAGISTRATE NORTH TWENTY FOUR PARGANAS_IDA,2023-08-12,Action Pending,96700,Unsanctioned
MPLADS-052941,Shri Arjun Singh ,Lok Sabha,West Bengal,BARRACKPUR,Barrackpore,7,,,Normal/Others,NA - Construction of rooms and halls in school and colleges,DISTRICT MAGISTRATE NORTH TWENTY FOUR PARGANAS_IDA,2023-08-12,Action Pending,1297576,Unsanctioned
MPLADS-052975,Asit Kumar Mal ,Lok Sabha,West Bengal,BOLPUR(SC),,,KATWA-I,Gidhgram,Normal/Others,"WS/MP858/2023-2024/8872 - Construction of roads, approach roads, link roads and pathways",DISTRICT MAGISTRATE PURBA BARDHAMAN_IDA,2023-08-12,Approved by IDA,300000,Sanctioned
MPLADS-053006,Asit Kumar Mal ,Lok Sabha,West Bengal,BOLPUR(SC),,,KATWA-I,Alampur,Normal/Others,"WS/MP858/2023-2024/8873 - Construction of roads, approach roads, link roads and pathways",DISTRICT MAGISTRATE PURBA BARDHAMAN_IDA,2023-08-12,Approved by IDA,300000,Sanctioned
MPLADS-053079,Asit Kumar Mal ,Lok Sabha,West Bengal,BOLPUR(SC),,,KATWA-I,Sargram,Normal/Others,WS/MP858/2023-2024/8747 - Construction of boundary walls of existing public and community buildings,DISTRICT MAGISTRATE PURBA BARDHAMAN_IDA,2023-08-11,Approved by IDA,300000,Sanctioned
MPLADS-053153,Smt Sajda Ahmed,Lok Sabha,West Bengal,ULUBERIA,,,AMTA-I,Bhandar Gachha (CT),Normal/Others,WS/MP829/2023-2024/8839 - Street lights,DISTRICT MAGISTRATE HOWRAH_IDA,2023-08-11,Approved by IDA,500000,Completed
MPLADS-053293,Smt Sajda Ahmed,Lok Sabha,West Bengal,ULUBERIA,Uluberia,22,,,Repair and Renovation,NA - Construction of public libraries and reading rooms,DISTRICT MAGISTRATE HOWRAH_IDA,2023-08-09,Action Pending,700000,Unsanctioned
MPLADS-053294,Smt Sajda Ahmed,Lok Sabha,West Bengal,ULUBERIA,Uluberia,18,,,Normal/Others,WS/MP829/2023-2024/8617 - Crematoriums or structures on burial/ cremation ground for public convenience,DISTRICT MAGISTRATE HOWRAH_IDA,2023-08-09,Approved by IDA,150000,Sanctioned
MPLADS-053295,Smt Sajda Ahmed,Lok Sabha,West Bengal,ULUBERIA,Uluberia,1,,,Normal/Others,WS/MP829/2023-2024/8623 - Construction of boundary walls of existing public and community buildings,DISTRICT MAGISTRATE HOWRAH_IDA,2023-08-09,Approved by IDA,400000,Sanctioned
MPLADS-053571,SHRI P Bhattacharya,Rajya Sabha,West Bengal,Sitting Rajya Sabha,,,RAIGANJ,Malanchi,Normal/Others,WS/MP221/2023-2024/8124 - Construction of rooms and halls in school and colleges,DISTRICT MAGISTRATE UTTAR DINAJPUR_IDA,2023-08-05,Approved by IDA,662463,Unsanctioned
MPLADS-053578,SHRI P Bhattacharya,Rajya Sabha,West Bengal,Sitting Rajya Sabha,Kolkata,126,,,Normal/Others,NA - Construction of additional rooms and halls in the existing public and community building,COMMISSIONER KOLKATA MUNICIPAL CORPORATION_IDA,2023-08-05,Action Pending,1000000,Unsanctioned
MPLADS-053579,SHRI P Bhattacharya,Rajya Sabha,West Bengal,Sitting Rajya Sabha,,,BERHAMPORE,Haridasmati (CT),Normal/Others,"WS/MP221/2023-2024/8121 - Construction of roads, approach roads, link roads and pathways",DISTRICT MAGISTRATE MURSHIDABAD_IDA,2023-08-05,Approved by IDA,350000,Unsanctioned
MPLADS-053580,SHRI P Bhattacharya,Rajya Sabha,West Bengal,Sitting Rajya Sabha,,,BERHAMPORE,Haridasmati (CT),Normal/Others,"WS/MP221/2023-2024/8120 - Construction of roads, approach roads, link roads and pathways",DISTRICT MAGISTRATE MURSHIDABAD_IDA,2023-08-05,Approved by IDA,1545000,Unsanctioned
MPLADS-053597,SHRI P Bhattacharya,Rajya Sabha,West Bengal,Sitting Rajya Sabha,,,PURBASTHALI-I,Sahazadpur,Normal/Others,WS/MP221/2023-2024/8123 - Setting up of laboratories,DISTRICT MAGISTRATE PURBA BARDHAMAN_IDA,2023-08-05,Approved by IDA,1510085,Unsanctioned
MPLADS-053804,Ms Mimi Chakraborty ,Lok Sabha,West Bengal,JADAVPUR,Kolkata,"Ward Number.-104 under KMC,Borough XI",,,Normal/Others,NA - Street lights,DISTRICT MAGISTRATE SOUTH TWENTY FOUR PARGANAS_IDA,2023-08-02,Action Pending,600000,Unsanctioned
MPLADS-053831,Smt Sajda Ahmed,Lok Sabha,West Bengal,ULUBERIA,Uluberia,10,,,Repair and Renovation,NA - Construction of public libraries and reading rooms,DISTRICT MAGISTRATE HOWRAH_IDA,2023-08-02,Action Pending,200000,Unsanctioned
MPLADS-053833,Smt Mausam Noor,Rajya Sabha,West Bengal,Sitting Rajya Sabha,Kolkata,all,,,Normal/Others,NA - Purchase of hospital equipment,COMMISSIONER KOLKATA MUNICIPAL CORPORATION_IDA,2023-08-02,Action Pending,2500000,Unsanctioned
MPLADS-053834,Smt Mausam Noor,Rajya Sabha,West Bengal,Sitting Rajya Sabha,Kolkata,65,,,Normal/Others,NA - Construction of community centers and community halls,COMMISSIONER KOLKATA MUNICIPAL CORPORATION_IDA,2023-08-02,Action Pending,10980532,Unsanctioned
MPLADS-053835,Smt Mausam Noor,Rajya Sabha,West Bengal,Sitting Rajya Sabha,Kolkata,65,,,Normal/Others,NA - Construction of community centers and community halls,COMMISSIONER KOLKATA MUNICIPAL CORPORATION_IDA,2023-08-02,Action Pending,900000,Unsanctioned
MPLADS-053839,Ms Mimi Chakraborty ,Lok Sabha,West Bengal,JADAVPUR,Kolkata,"Ward Number -99, KMC, Borough - X",,,Normal/Others,NA - Renovation of ponds and lakes,DISTRICT MAGISTRATE SOUTH TWENTY FOUR PARGANAS_IDA,2023-08-02,Action Pending,1300000,Unsanctioned
MPLADS-053841,Ms Mimi Chakraborty ,Lok Sabha,West Bengal,JADAVPUR,Kolkata,"Ward Number.-104 under KMC,Borough XI",,,Normal/Others,NA - Development of playground,DISTRICT MAGISTRATE SOUTH TWENTY FOUR PARGANAS_IDA,2023-08-02,Action Pending,700000,Unsanctioned
MPLADS-053844,Ms Mimi Chakraborty ,Lok Sabha,West Bengal,JADAVPUR,Baruipur,UNDER Baruipur Paschim Assembly,,,Normal/Others,WS/MP432/2023-2024/7610 - Construction of rooms and halls in school and colleges,DISTRICT MAGISTRATE SOUTH TWENTY FOUR PARGANAS_IDA,2023-08-02,Approved by IDA,700000,Unsanctioned
MPLADS-053845,Ms Mimi Chakraborty ,Lok Sabha,West Bengal,JADAVPUR,Baruipur,UNDER Baruipur Paschim Assembly,,,Normal/Others,WS/MP432/2023-2024/7609 - Construction of rooms and halls in school and colleges,DISTRICT MAGISTRATE SOUTH TWENTY FOUR PARGANAS_IDA,2023-08-02,Approved by IDA,1000000,Unsanctioned
MPLADS-053846,Ms Mimi Chakraborty ,Lok Sabha,West Bengal,JADAVPUR,Rajpur Sonarpur,UNDER WARD NUMBER 5,,,Normal/Others,NA - Street lights,DISTRICT MAGISTRATE SOUTH TWENTY FOUR PARGANAS_IDA,2023-08-02,Action Pending,825000,Unsanctioned
MPLADS-053847,Ms Mimi Chakraborty ,Lok Sabha,West Bengal,JADAVPUR,Rajpur Sonarpur,UNDER UTTAR SONARPUR ASSEMBLY,,,Normal/Others,NA - Street lights,DISTRICT MAGISTRATE SOUTH TWENTY FOUR PARGANAS_IDA,2023-08-02,Action Pending,3000000,Unsanctioned
MPLADS-053849,Ms Mimi Chakraborty ,Lok Sabha,West Bengal,JADAVPUR,Kolkata,"Ward Number – 101 under KMC, Borough - XII",,,Normal/Others,NA - Lighting of public spaces,DISTRICT MAGISTRATE SOUTH TWENTY FOUR PARGANAS_IDA,2023-08-02,Action Pending,1500000,Unsanctioned
MPLADS-053850,Ms Mimi Chakraborty ,Lok Sabha,West Bengal,JADAVPUR,Kolkata,under Jadavpur assembly,,,Normal/Others,"NA - Purchase of smart boards, visual display units and projectors",DISTRICT MAGISTRATE SOUTH TWENTY FOUR PARGANAS_IDA,2023-08-02,Action Pending,500000,Unsanctioned
MPLADS-053851,Smt Mausam Noor,Rajya Sabha,West Bengal,Sitting Rajya Sabha,Kolkata,all,,,Normal/Others,NA - Setting up of electric vehicle charging stations,COMMISSIONER KOLKATA MUNICIPAL CORPORATION_IDA,2023-08-02,Action Pending,10000000,Unsanctioned
MPLADS-053908,Smt Sajda Ahmed,Lok Sabha,West Bengal,ULUBERIA,Uluberia,18,,,Normal/Others,WS/MP829/2023-2024/7464 - Crematoriums or structures on burial/ cremation ground for public convenience,DISTRICT MAGISTRATE HOWRAH_IDA,2023-08-02,Approved by IDA,500000,Unsanctioned
MPLADS-053971,Smt Sajda Ahmed,Lok Sabha,West Bengal,ULUBERIA,,,AMTA-I,Udang (CT),Normal/Others,WS/MP829/2023-2024/7447 - Lighting of public spaces,DISTRICT MAGISTRATE HOWRAH_IDA,2023-08-02,Approved by IDA,150000,Sanctioned
MPLADS-054020,Asit Kumar Mal ,Lok Sabha,West Bengal,BOLPUR(SC),,,AUSGRAM-I,Ukta,Repair and Renovation,WS/MP858/2023-2024/7289 - Crematoriums or structures on burial/ cremation ground for public convenience,DISTRICT MAGISTRATE PURBA BARDHAMAN_IDA,2023-08-01,Approved by IDA,300000,Sanctioned
MPLADS-054442,Smt Sajda Ahmed,Lok Sabha,West Bengal,ULUBERIA,Uluberia,12,,,Normal/Others,NA - Construction of rooms and halls in school and colleges,DISTRICT MAGISTRATE HOWRAH_IDA,2023-07-28,Action Pending,250000,Unsanctioned
MPLADS-054452,Smt Sajda Ahmed,Lok Sabha,West Bengal,ULUBERIA,Uluberia,20,,,Normal/Others,NA - Lighting of public spaces,DISTRICT MAGISTRATE HOWRAH_IDA,2023-07-28,Action Pending,150000,Unsanctioned
MPLADS-054480,Smt Sajda Ahmed,Lok Sabha,West Bengal,ULUBERIA,,,ULUBERIA-I,Pirpur,Normal/Others,WS/MP829/2023-2024/6866 - Construction of rooms and halls in school and colleges,DISTRICT MAGISTRATE HOWRAH_IDA,2023-07-28,Approved by IDA,500000,Sanctioned
MPLADS-054484,Smt Sajda Ahmed,Lok Sabha,West Bengal,ULUBERIA,,,AMTA-I,Amta (CT),Normal/Others,WS/MP829/2023-2024/6861 - Street lights,DISTRICT MAGISTRATE HOWRAH_IDA,2023-07-28,Approved by IDA,500000,Sanctioned
MPLADS-054935,SHRI Jawahar Sircar,Rajya Sabha,West Bengal,Sitting Rajya Sabha,Kolkata,SWASTHYA BHAWAN GN 29,,,Normal/Others,"WS/MP209/2023-2024/6252 - Purchase of ambulances (Four, three and two wheelers)",COMMISSIONER KOLKATA MUNICIPAL CORPORATION_IDA,2023-07-25,Approved by IDA,50000000,Unsanctioned
MPLADS-054936,SHRI Santanu Sen,Rajya Sabha,West Bengal,Sitting Rajya Sabha,Kolkata,SWASTHYA BHAWAN GN 29,,,Normal/Others,"WS/MP211/2023-2024/6253 - Purchase of ambulances (Four, three and two wheelers)",COMMISSIONER KOLKATA MUNICIPAL CORPORATION_IDA,2023-07-25,Approved by IDA,50000000,Unsanctioned
MPLADS-055189,Smt Mausam Noor,Rajya Sabha,West Bengal,Sitting Rajya Sabha,Kolkata,071,,,Normal/Others,"WS/MP215/2023-2024/5891 - Construction of rooms and facilities for hospitals, FWC , PHC Centers and ANM centers",COMMISSIONER KOLKATA MUNICIPAL CORPORATION_IDA,2023-07-24,Approved by IDA,77400000,Unsanctioned
MPLADS-055190,Smt Shanta Chhetri,Rajya Sabha,West Bengal,Sitting Rajya Sabha,Kolkata,71,,,Normal/Others,"WS/MP216/2023-2024/5870 - Construction of rooms and facilities for hospitals, FWC , PHC Centers and ANM centers",COMMISSIONER KOLKATA MUNICIPAL CORPORATION_IDA,2023-07-24,Approved by IDA,20800000,Unsanctioned
MPLADS-055193,Ms Sushmita Dev,Rajya Sabha,West Bengal,Sitting Rajya Sabha,Kolkata,71,,,Normal/Others,"WS/MP219/2023-2024/5867 - Construction of rooms and facilities for hospitals, FWC , PHC Centers and ANM centers",COMMISSIONER KOLKATA MUNICIPAL CORPORATION_IDA,2023-07-24,Approved by IDA,37900000,Unsanctioned
MPLADS-055203,SHRI Sukhendu Sekhar Ray,Rajya Sabha,West Bengal,Sitting Rajya Sabha,Kolkata,71,,,Normal/Others,"WS/MP214/2023-2024/5868 - Construction of rooms and facilities for hospitals, FWC , PHC Centers and ANM centers",COMMISSIONER KOLKATA MUNICIPAL CORPORATION_IDA,2023-07-24,Approved by IDA,14900000,Unsanctioned
MPLADS-055214,SHRI P Bhattacharya,Rajya Sabha,West Bengal,Sitting Rajya Sabha,,,KOLAGHAT,Uttar Sagarbar,Normal/Others,"WS/MP221/2023-2024/5802 - Construction of roads, approach roads, link roads and pathways",DISTRICT MAGISTRATE PURBA MEDINIPUR_IDA,2023-07-23,Approved by IDA,300000,Unsanctioned
MPLADS-055217,SHRI P Bhattacharya,Rajya Sabha,West Bengal,Sitting Rajya Sabha,,,KOLAGHAT,Uttar Sagarbar,Normal/Others,"WS/MP221/2023-2024/5800 - Construction of roads, approach roads, link roads and pathways",DISTRICT MAGISTRATE PURBA MEDINIPUR_IDA,2023-07-23,Approved by IDA,175000,Unsanctioned
MPLADS-055219,SHRI P Bhattacharya,Rajya Sabha,West Bengal,Sitting Rajya Sabha,,,KOLAGHAT,Uttar Sagarbar,Normal/Others,WS/MP221/2023-2024/5792 - Installing hand pumps,DISTRICT MAGISTRATE PURBA MEDINIPUR_IDA,2023-07-23,Approved by IDA,130000,Unsanctioned
MPLADS-055220,SHRI P Bhattacharya,Rajya Sabha,West Bengal,Sitting Rajya Sabha,,,KOLAGHAT,Uttar Sagarbar,Normal/Others,"WS/MP221/2023-2024/5801 - Construction of roads, approach roads, link roads and pathways",DISTRICT MAGISTRATE PURBA MEDINIPUR_IDA,2023-07-23,Approved by IDA,100000,Unsanctioned
MPLADS-055222,SHRI P Bhattacharya,Rajya Sabha,West Bengal,Sitting Rajya Sabha,,,KOLAGHAT,Uttar Sagarbar,Normal/Others,WS/MP221/2023-2024/5798 - Providing supply pipelines for drinking water,DISTRICT MAGISTRATE PURBA MEDINIPUR_IDA,2023-07-23,Approved by IDA,125000,Unsanctioned
MPLADS-055223,SHRI P Bhattacharya,Rajya Sabha,West Bengal,Sitting Rajya Sabha,,,KOLAGHAT,Uttar Sagarbar,Normal/Others,"WS/MP221/2023-2024/5797 - Construction of roads, approach roads, link roads and pathways",DISTRICT MAGISTRATE PURBA MEDINIPUR_IDA,2023-07-23,Approved by IDA,300000,Unsanctioned
MPLADS-055224,SHRI P Bhattacharya,Rajya Sabha,West Bengal,Sitting Rajya Sabha,,,KOLAGHAT,Uttar Sagarbar,Normal/Others,WS/MP221/2023-2024/5796 - Installing hand pumps,DISTRICT MAGISTRATE PURBA MEDINIPUR_IDA,2023-07-23,Approved by IDA,130000,Unsanctioned
MPLADS-055225,SHRI P Bhattacharya,Rajya Sabha,West Bengal,Sitting Rajya Sabha,,,KOLAGHAT,Uttar Sagarbar,Normal/Others,WS/MP221/2023-2024/5791 - Installing hand pumps,DISTRICT MAGISTRATE PURBA MEDINIPUR_IDA,2023-07-23,Approved by IDA,130000,Unsanctioned
MPLADS-055226,SHRI P Bhattacharya,Rajya Sabha,West Bengal,Sitting Rajya Sabha,,,KOLAGHAT,Uttar Sagarbar,Normal/Others,WS/MP221/2023-2024/5793 - Installing hand pumps,DISTRICT MAGISTRATE PURBA MEDINIPUR_IDA,2023-07-23,Approved by IDA,190000,Unsanctioned
MPLADS-055228,SHRI P Bhattacharya,Rajya Sabha,West Bengal,Sitting Rajya Sabha,,,KOLAGHAT,Uttar Sagarbar,Normal/Others,"WS/MP221/2023-2024/5799 - Construction of roads, approach roads, link roads and pathways",DISTRICT MAGISTRATE PURBA MEDINIPUR_IDA,2023-07-23,Approved by IDA,125000,Unsanctioned
MPLADS-055235,SHRI P Bhattacharya,Rajya Sabha,West Bengal,Sitting Rajya Sabha,Khardaha,12,,,Normal/Others,NA - Construction of public libraries and reading rooms,DISTRICT MAGISTRATE NORTH TWENTY FOUR PARGANAS_IDA,2023-07-23,Action Pending,500000,Unsanctioned
MPLADS-055241,Shri Arjun Singh ,Lok Sabha,West Bengal,BARRACKPUR,Bhatpara,18,,,Normal/Others,WS/MP425/2023-2024/5718 - Providing drains and gutters for public drainage,DISTRICT MAGISTRATE NORTH TWENTY FOUR PARGANAS_IDA,2023-07-23,Approved by IDA,9000000,Completed
MPLADS-055242,Shri Arjun Singh ,Lok Sabha,West Bengal,BARRACKPUR,Titagarh,18,,,Normal/Others,NA - Construction of rooms and halls in school and colleges,DISTRICT MAGISTRATE NORTH TWENTY FOUR PARGANAS_IDA,2023-07-23,Action Pending,857997,Unsanctioned
MPLADS-055244,Shri Arjun Singh ,Lok Sabha,West Bengal,BARRACKPUR,Garulia,4,,,Normal/Others,NA - Crematoriums or structures on burial/ cremation ground for public convenience,DISTRICT MAGISTRATE NORTH TWENTY FOUR PARGANAS_IDA,2023-07-23,Action Pending,2146970,Unsanctioned
MPLADS-055245,SHRI P Bhattacharya,Rajya Sabha,West Bengal,Sitting Rajya Sabha,,,JALPAIGURI,Kharia (P) (CT),Normal/Others,NA - Installing community drinking water plants,DISTRICT MAGISTRATE JALPAIGURI_IDA,2023-07-23,Action Pending,600000,Unsanctioned
MPLADS-055246,SHRI P Bhattacharya,Rajya Sabha,West Bengal,Sitting Rajya Sabha,,,KAK DWIP,Suryanagar,Normal/Others,"NA - Construction of rooms and facilities for hospitals, FWC , PHC Centers and ANM centers",DISTRICT MAGISTRATE SOUTH TWENTY FOUR PARGANAS_IDA,2023-07-23,Action Pending,2500000,Unsanctioned
MPLADS-055247,Shri Arjun Singh ,Lok Sabha,West Bengal,BARRACKPUR,Garulia,5,,,Normal/Others,"NA - Construction of roads, approach roads, link roads and pathways",DISTRICT MAGISTRATE NORTH TWENTY FOUR PARGANAS_IDA,2023-07-23,Action Pending,9392476,Unsanctioned
MPLADS-055248,SHRI P Bhattacharya,Rajya Sabha,West Bengal,Sitting Rajya Sabha,Santipur,13,,,Normal/Others,"WS/MP221/2023-2024/5806 - Construction of roads, link roads, pathways or any other road with or without drainage system",DISTRICT MAGISTRATE NADIA_IDA,2023-07-23,Approved by IDA,2721758,Unsanctioned
MPLADS-055249,SHRI P Bhattacharya,Rajya Sabha,West Bengal,Sitting Rajya Sabha,,,BARUIPUR,Baruipur (P) (CT),Normal/Others,WS/MP221/2023-2024/5807 - Installing community drinking water plants,DISTRICT MAGISTRATE SOUTH TWENTY FOUR PARGANAS_IDA,2023-07-23,Approved by IDA,1000000,Unsanctioned
MPLADS-055250,SHRI P Bhattacharya,Rajya Sabha,West Bengal,Sitting Rajya Sabha,Bankura,13,,,Normal/Others,NA - Construction of rooms and halls in school and colleges,DISTRICT MAGISTRATE BANKURA_IDA,2023-07-23,Action Pending,1000000,Unsanctioned
MPLADS-055251,SHRI P Bhattacharya,Rajya Sabha,West Bengal,Sitting Rajya Sabha,Raiganj,19,,,Normal/Others,"WS/MP221/2023-2024/5809 - Purchase of IT systems, including hardware and software for educational purposes",DISTRICT MAGISTRATE UTTAR DINAJPUR_IDA,2023-07-23,Approved by IDA,1552000,Unsanctioned
MPLADS-055252,SHRI P Bhattacharya,Rajya Sabha,West Bengal,Sitting Rajya Sabha,,,KOLAGHAT,Uttar Sagarbar,Normal/Others,"WS/MP221/2023-2024/5794 - Construction of roads, approach roads, link roads and pathways",DISTRICT MAGISTRATE PURBA MEDINIPUR_IDA,2023-07-23,Approved by IDA,275000,Unsanctioned
MPLADS-055254,Shri Arjun Singh ,Lok Sabha,West Bengal,BARRACKPUR,Barrackpur,8,,,Normal/Others,NA - Development of playground,DISTRICT MAGISTRATE NORTH TWENTY FOUR PARGANAS_IDA,2023-07-23,Action Pending,2023640,Unsanctioned
MPLADS-055268,SHRI P Bhattacharya,Rajya Sabha,West Bengal,Sitting Rajya Sabha,,,KOLAGHAT,Uttar Sagarbar,Normal/Others,"WS/MP221/2023-2024/5795 - Construction of roads, approach roads, link roads and pathways",DISTRICT MAGISTRATE PURBA MEDINIPUR_IDA,2023-07-23,Approved by IDA,300000,Unsanctioned
MPLADS-055273,SHRI P Bhattacharya,Rajya Sabha,West Bengal,Sitting Rajya Sabha,Kolkata,109,,,Normal/Others,WS/MP221/2023-2024/5508 - Purchase of hearse van,COMMISSIONER KOLKATA MUNICIPAL CORPORATION_IDA,2023-07-22,Approved by IDA,1087000,Unsanctioned
MPLADS-055274,SHRI Sukhendu Sekhar Ray,Rajya Sabha,West Bengal,Sitting Rajya Sabha,,,KAK DWIP,Gangadharpur,Normal/Others,NA - Installing tube-wells and borewells,DISTRICT MAGISTRATE SOUTH TWENTY FOUR PARGANAS_IDA,2023-07-22,Action Pending,200000,Unsanctioned
MPLADS-055275,Ms Sushmita Dev,Rajya Sabha,West Bengal,Sitting Rajya Sabha,,,FALTA,Fatepur (CT),Normal/Others,NA - Installing tube-wells and borewells,DISTRICT MAGISTRATE SOUTH TWENTY FOUR PARGANAS_IDA,2023-07-22,Action Pending,200000,Unsanctioned
MPLADS-055276,Ms Sushmita Dev,Rajya Sabha,West Bengal,Sitting Rajya Sabha,,,BARUIPUR,Ramnagar,Normal/Others,NA - Installing tube-wells and borewells,DISTRICT MAGISTRATE SOUTH TWENTY FOUR PARGANAS_IDA,2023-07-22,Action Pending,200000,Unsanctioned
MPLADS-055277,Ms Sushmita Dev,Rajya Sabha,West Bengal,Sitting Rajya Sabha,,,BARUIPUR,Mirpur,Normal/Others,NA - Installing tube-wells and borewells,DISTRICT MAGISTRATE SOUTH TWENTY FOUR PARGANAS_IDA,2023-07-22,Action Pending,200000,Unsanctioned
MPLADS-055278,Ms Sushmita Dev,Rajya Sabha,West Bengal,Sitting Rajya Sabha,,,BARUIPUR,Madhya Kalyanpur,Normal/Others,NA - Installing tube-wells and borewells,DISTRICT MAGISTRATE SOUTH TWENTY FOUR PARGANAS_IDA,2023-07-22,Action Pending,200000,Unsanctioned
MPLADS-055279,Ms Sushmita Dev,Rajya Sabha,West Bengal,Sitting Rajya Sabha,,,FALTA,Durbarat,Normal/Others,NA - Installing tube-wells and borewells,DISTRICT MAGISTRATE SOUTH TWENTY FOUR PARGANAS_IDA,2023-07-22,Action Pending,200000,Unsanctioned
MPLADS-055280,Ms Sushmita Dev,Rajya Sabha,West Bengal,Sitting Rajya Sabha,,,FALTA,Hogla,Normal/Others,NA - Installing tube-wells and borewells,DISTRICT MAGISTRATE SOUTH TWENTY FOUR PARGANAS_IDA,2023-07-22,Action Pending,200000,Unsanctioned
MPLADS-055281,Ms Sushmita Dev,Rajya Sabha,West Bengal,Sitting Rajya Sabha,,,FALTA,Chaluary,Normal/Others,NA - Installing tube-wells and borewells,DISTRICT MAGISTRATE SOUTH TWENTY FOUR PARGANAS_IDA,2023-07-22,Action Pending,200000,Unsanctioned
MPLADS-055282,Ms Sushmita Dev,Rajya Sabha,West Bengal,Sitting Rajya Sabha,,,FALTA,Gotra,Normal/Others,NA - Installing tube-wells and borewells,DISTRICT MAGISTRATE SOUTH TWENTY FOUR PARGANAS_IDA,2023-07-22,Action Pending,200000,Unsanctioned
MPLADS-055283,Ms Sushmita Dev,Rajya Sabha,West Bengal,Sitting Rajya Sabha,,,FALTA,Harindanga,Normal/Others,NA - Installing tube-wells and borewells,DISTRICT MAGISTRATE SOUTH TWENTY FOUR PARGANAS_IDA,2023-07-22,Action Pending,200000,Unsanctioned
MPLADS-055284,Ms Sushmita Dev,Rajya Sabha,West Bengal,Sitting Rajya Sabha,,,FALTA,Harindanga,Normal/Others,NA - Installing tube-wells and borewells,DISTRICT MAGISTRATE SOUTH TWENTY FOUR PARGANAS_IDA,2023-07-22,Action Pending,200000,Unsanctioned
MPLADS-055285,Ms Sushmita Dev,Rajya Sabha,West Bengal,Sitting Rajya Sabha,,,FALTA,Harindanga,Normal/Others,NA - Installing tube-wells and borewells,DISTRICT MAGISTRATE SOUTH TWENTY FOUR PARGANAS_IDA,2023-07-22,Action Pending,200000,Unsanctioned
MPLADS-055286,Ms Sushmita Dev,Rajya Sabha,West Bengal,Sitting Rajya Sabha,,,FALTA,Paikan,Normal/Others,NA - Installing tube-wells and borewells,DISTRICT MAGISTRATE SOUTH TWENTY FOUR PARGANAS_IDA,2023-07-22,Action Pending,200000,Unsanctioned
MPLADS-055287,Ms Sushmita Dev,Rajya Sabha,West Bengal,Sitting Rajya Sabha,,,FALTA,Fatepur (CT),Normal/Others,NA - Installing tube-wells and borewells,DISTRICT MAGISTRATE SOUTH TWENTY FOUR PARGANAS_IDA,2023-07-22,Action Pending,200000,Unsanctioned
MPLADS-055288,Ms Sushmita Dev,Rajya Sabha,West Bengal,Sitting Rajya Sabha,,,FALTA,Harindanga,Normal/Others,NA - Installing tube-wells and borewells,DISTRICT MAGISTRATE SOUTH TWENTY FOUR PARGANAS_IDA,2023-07-22,Action Pending,200000,Unsanctioned
MPLADS-055289,Ms Sushmita Dev,Rajya Sabha,West Bengal,Sitting Rajya Sabha,,,FALTA,Rajarampur,Normal/Others,NA - Installing tube-wells and borewells,DISTRICT MAGISTRATE SOUTH TWENTY FOUR PARGANAS_IDA,2023-07-22,Action Pending,200000,Unsanctioned
MPLADS-055290,SHRI Sukhendu Sekhar Ray,Rajya Sabha,West Bengal,Sitting Rajya Sabha,,,KAK DWIP,Akshyanagar,Normal/Others,NA - Installing tube-wells and borewells,DISTRICT MAGISTRATE SOUTH TWENTY FOUR PARGANAS_IDA,2023-07-22,Action Pending,200000,Unsanctioned
MPLADS-055291,Ms Sushmita Dev,Rajya Sabha,West Bengal,Sitting Rajya Sabha,,,BARUIPUR,Balbalia,Normal/Others,NA - Installing tube-wells and borewells,DISTRICT MAGISTRATE SOUTH TWENTY FOUR PARGANAS_IDA,2023-07-22,Action Pending,200000,Unsanctioned
MPLADS-055292,SHRI Sukhendu Sekhar Ray,Rajya Sabha,West Bengal,Sitting Rajya Sabha,,,KAK DWIP,Ganespur,Normal/Others,NA - Installing tube-wells and borewells,DISTRICT MAGISTRATE SOUTH TWENTY FOUR PARGANAS_IDA,2023-07-22,Action Pending,200000,Unsanctioned
MPLADS-055293,SHRI Sukhendu Sekhar Ray,Rajya Sabha,West Bengal,Sitting Rajya Sabha,,,KAK DWIP,Ganespur,Normal/Others,NA - Installing tube-wells and borewells,DISTRICT MAGISTRATE SOUTH TWENTY FOUR PARGANAS_IDA,2023-07-22,Action Pending,200000,Unsanctioned
MPLADS-055294,SHRI Sukhendu Sekhar Ray,Rajya Sabha,West Bengal,Sitting Rajya Sabha,,,KAK DWIP,Ganespur,Normal/Others,NA - Installing tube-wells and borewells,DISTRICT MAGISTRATE SOUTH TWENTY FOUR PARGANAS_IDA,2023-07-22,Action Pending,200000,Unsanctioned
MPLADS-055295,SHRI Sukhendu Sekhar Ray,Rajya Sabha,West Bengal,Sitting Rajya Sabha,,,KAK DWIP,Kasinagar,Normal/Others,NA - Installing tube-wells and borewells,DISTRICT MAGISTRATE SOUTH TWENTY FOUR PARGANAS_IDA,2023-07-22,Action Pending,200000,Unsanctioned
MPLADS-055296,Ms Sushmita Dev,Rajya Sabha,West Bengal,Sitting Rajya Sabha,,,FALTA,Mulpunja,Normal/Others,NA - Installing tube-wells and borewells,DISTRICT MAGISTRATE SOUTH TWENTY FOUR PARGANAS_IDA,2023-07-22,Action Pending,200000,Unsanctioned
MPLADS-055297,Ms Sushmita Dev,Rajya Sabha,West Bengal,Sitting Rajya Sabha,,,FALTA,Abad Simulganaja,Normal/Others,NA - Installing tube-wells and borewells,DISTRICT MAGISTRATE SOUTH TWENTY FOUR PARGANAS_IDA,2023-07-22,Action Pending,200000,Unsanctioned
MPLADS-055298,Ms Sushmita Dev,Rajya Sabha,West Bengal,Sitting Rajya Sabha,,,FALTA,Pakur Digra,Normal/Others,NA - Installing tube-wells and borewells,DISTRICT MAGISTRATE SOUTH TWENTY FOUR PARGANAS_IDA,2023-07-22,Action Pending,200000,Unsanctioned
MPLADS-055299,SHRI Sukhendu Sekhar Ray,Rajya Sabha,West Bengal,Sitting Rajya Sabha,,,KAK DWIP,Kakdwip,Normal/Others,NA - Installing tube-wells and borewells,DISTRICT MAGISTRATE SOUTH TWENTY FOUR PARGANAS_IDA,2023-07-22,Action Pending,200000,Unsanctioned
MPLADS-055300,SHRI Sukhendu Sekhar Ray,Rajya Sabha,West Bengal,Sitting Rajya Sabha,,,KAK DWIP,Kalinagar,Normal/Others,NA - Installing tube-wells and borewells,DISTRICT MAGISTRATE SOUTH TWENTY FOUR PARGANAS_IDA,2023-07-22,Action Pending,200000,Unsanctioned
MPLADS-055301,Ms Sushmita Dev,Rajya Sabha,West Bengal,Sitting Rajya Sabha,,,FALTA,Mahirampur,Normal/Others,NA - Installing tube-wells and borewells,DISTRICT MAGISTRATE SOUTH TWENTY FOUR PARGANAS_IDA,2023-07-22,Action Pending,200000,Unsanctioned
MPLADS-055302,Ms Sushmita Dev,Rajya Sabha,West Bengal,Sitting Rajya Sabha,,,FALTA,Belsingha,Normal/Others,NA - Installing tube-wells and borewells,DISTRICT MAGISTRATE SOUTH TWENTY FOUR PARGANAS_IDA,2023-07-22,Action Pending,200000,Unsanctioned
MPLADS-055303,Ms Sushmita Dev,Rajya Sabha,West Bengal,Sitting Rajya Sabha,,,FALTA,Jagannathpur,Normal/Others,NA - Installing tube-wells and borewells,DISTRICT MAGISTRATE SOUTH TWENTY FOUR PARGANAS_IDA,2023-07-22,Action Pending,200000,Unsanctioned
MPLADS-055304,SHRI Sukhendu Sekhar Ray,Rajya Sabha,West Bengal,Sitting Rajya Sabha,,,KAK DWIP,Kalinagar,Normal/Others,NA - Installing tube-wells and borewells,DISTRICT MAGISTRATE SOUTH TWENTY FOUR PARGANAS_IDA,2023-07-22,Action Pending,200000,Unsanctioned
MPLADS-055305,Ms Sushmita Dev,Rajya Sabha,West Bengal,Sitting Rajya Sabha,,,MANDIRBAZAR,Mallikpratap (M),Normal/Others,NA - Installing tube-wells and borewells,DISTRICT MAGISTRATE SOUTH TWENTY FOUR PARGANAS_IDA,2023-07-22,Action Pending,200000,Unsanctioned
MPLADS-055306,SHRI P Bhattacharya,Rajya Sabha,West Bengal,Sitting Rajya Sabha,,,MATHURAPUR-II,Purbba Shridharpur,Normal/Others,NA - Setting up of laboratories,DISTRICT MAGISTRATE SOUTH TWENTY FOUR PARGANAS_IDA,2023-07-22,Action Pending,2500000,Unsanctioned
MPLADS-055307,Ms Sushmita Dev,Rajya Sabha,West Bengal,Sitting Rajya Sabha,,,SAGAR,Sumatinagar,Normal/Others,NA - Installing tube-wells and borewells,DISTRICT MAGISTRATE SOUTH TWENTY FOUR PARGANAS_IDA,2023-07-22,Action Pending,200000,Unsanctioned
MPLADS-055308,SHRI Sukhendu Sekhar Ray,Rajya Sabha,West Bengal,Sitting Rajya Sabha,,,DIAMOND HARBOUR-I,Sangrampur (CT),Normal/Others,NA - Installing tube-wells and borewells,DISTRICT MAGISTRATE SOUTH TWENTY FOUR PARGANAS_IDA,2023-07-22,Action Pending,200000,Unsanctioned
MPLADS-055309,SHRI Sukhendu Sekhar Ray,Rajya Sabha,West Bengal,Sitting Rajya Sabha,,,DIAMOND HARBOUR-I,Bhogpunji,Normal/Others,NA - Installing tube-wells and borewells,DISTRICT MAGISTRATE SOUTH TWENTY FOUR PARGANAS_IDA,2023-07-22,Action Pending,200000,Unsanctioned
MPLADS-055310,SHRI Sukhendu Sekhar Ray,Rajya Sabha,West Bengal,Sitting Rajya Sabha,,,DIAMOND HARBOUR-I,Kankura,Normal/Others,NA - Installing tube-wells and borewells,DISTRICT MAGISTRATE SOUTH TWENTY FOUR PARGANAS_IDA,2023-07-22,Action Pending,200000,Unsanctioned
MPLADS-055311,SHRI Sukhendu Sekhar Ray,Rajya Sabha,West Bengal,Sitting Rajya Sabha,,,DIAMOND HARBOUR-I,Masat (CT),Normal/Others,NA - Installing tube-wells and borewells,DISTRICT MAGISTRATE SOUTH TWENTY FOUR PARGANAS_IDA,2023-07-22,Action Pending,200000,Unsanctioned
MPLADS-055312,SHRI Sukhendu Sekhar Ray,Rajya Sabha,West Bengal,Sitting Rajya Sabha,,,DIAMOND HARBOUR-I,Masat (CT),Normal/Others,NA - Installing tube-wells and borewells,DISTRICT MAGISTRATE SOUTH TWENTY FOUR PARGANAS_IDA,2023-07-22,Action Pending,200000,Unsanctioned
MPLADS-055313,SHRI Sukhendu Sekhar Ray,Rajya Sabha,West Bengal,Sitting Rajya Sabha,,,DIAMOND HARBOUR-I,Parulia,Normal/Others,NA - Installing tube-wells and borewells,DISTRICT MAGISTRATE SOUTH TWENTY FOUR PARGANAS_IDA,2023-07-22,Action Pending,200000,Unsanctioned
MPLADS-055314,SHRI Sukhendu Sekhar Ray,Rajya Sabha,West Bengal,Sitting Rajya Sabha,,,DIAMOND HARBOUR-I,Khorda Sadasibpur,Normal/Others,NA - Installing tube-wells and borewells,DISTRICT MAGISTRATE SOUTH TWENTY FOUR PARGANAS_IDA,2023-07-22,Action Pending,200000,Unsanctioned
MPLADS-055315,SHRI Sukhendu Sekhar Ray,Rajya Sabha,West Bengal,Sitting Rajya Sabha,,,DIAMOND HARBOUR-I,Parulia,Normal/Others,NA - Installing tube-wells and borewells,DISTRICT MAGISTRATE SOUTH TWENTY FOUR PARGANAS_IDA,2023-07-22,Action Pending,200000,Unsanctioned
MPLADS-055316,SHRI Sukhendu Sekhar Ray,Rajya Sabha,West Bengal,Sitting Rajya Sabha,,,DIAMOND HARBOUR-I,Santoshpur,Normal/Others,NA - Installing tube-wells and borewells,DISTRICT MAGISTRATE SOUTH TWENTY FOUR PARGANAS_IDA,2023-07-22,Action Pending,200000,Unsanctioned
MPLADS-055317,Smt Shanta Chhetri,Rajya Sabha,West Bengal,Sitting Rajya Sabha,,,MAGRA HAT-II,Mamudpur,Normal/Others,NA - Installing tube-wells and borewells,DISTRICT MAGISTRATE SOUTH TWENTY FOUR PARGANAS_IDA,2023-07-22,Action Pending,200000,Unsanctioned
MPLADS-055318,Smt Shanta Chhetri,Rajya Sabha,West Bengal,Sitting Rajya Sabha,,,MAGRA HAT-II,Sarbanandapur,Normal/Others,NA - Installing tube-wells and borewells,DISTRICT MAGISTRATE SOUTH TWENTY FOUR PARGANAS_IDA,2023-07-22,Action Pending,200000,Unsanctioned
MPLADS-055319,Smt Shanta Chhetri,Rajya Sabha,West Bengal,Sitting Rajya Sabha,,,MAGRA HAT-II,Mamudpur,Normal/Others,NA - Installing tube-wells and borewells,DISTRICT MAGISTRATE SOUTH TWENTY FOUR PARGANAS_IDA,2023-07-22,Action Pending,200000,Unsanctioned
MPLADS-055320,Smt Shanta Chhetri,Rajya Sabha,West Bengal,Sitting Rajya Sabha,,,MAGRA HAT-II,Magrahat (CT),Normal/Others,NA - Installing tube-wells and borewells,DISTRICT MAGISTRATE SOUTH TWENTY FOUR PARGANAS_IDA,2023-07-22,Action Pending,200000,Unsanctioned
MPLADS-055321,Smt Shanta Chhetri,Rajya Sabha,West Bengal,Sitting Rajya Sabha,,,MAGRA HAT-II,Kanta Pukuria,Normal/Others,NA - Installing tube-wells and borewells,DISTRICT MAGISTRATE SOUTH TWENTY FOUR PARGANAS_IDA,2023-07-22,Action Pending,200000,Unsanctioned
MPLADS-055322,Smt Shanta Chhetri,Rajya Sabha,West Bengal,Sitting Rajya Sabha,,,MAGRA HAT-II,Magrahat (CT),Normal/Others,NA - Installing tube-wells and borewells,DISTRICT MAGISTRATE SOUTH TWENTY FOUR PARGANAS_IDA,2023-07-22,Action Pending,200000,Unsanctioned
MPLADS-055323,Smt Shanta Chhetri,Rajya Sabha,West Bengal,Sitting Rajya Sabha,,,MAGRA HAT-II,Magrahat (CT),Normal/Others,NA - Installing tube-wells and borewells,DISTRICT MAGISTRATE SOUTH TWENTY FOUR PARGANAS_IDA,2023-07-22,Action Pending,200000,Unsanctioned
MPLADS-055324,Smt Shanta Chhetri,Rajya Sabha,West Bengal,Sitting Rajya Sabha,,,MAGRA HAT-II,Dihi Kalas (CT),Normal/Others,NA - Installing tube-wells and borewells,DISTRICT MAGISTRATE SOUTH TWENTY FOUR PARGANAS_IDA,2023-07-22,Action Pending,200000,Unsanctioned
MPLADS-055325,Smt Shanta Chhetri,Rajya Sabha,West Bengal,Sitting Rajya Sabha,,,MAGRA HAT-II,Belgachhia,Normal/Others,NA - Installing tube-wells and borewells,DISTRICT MAGISTRATE SOUTH TWENTY FOUR PARGANAS_IDA,2023-07-22,Action Pending,200000,Unsanctioned
MPLADS-055326,Smt Shanta Chhetri,Rajya Sabha,West Bengal,Sitting Rajya Sabha,,,MAGRA HAT-II,Dihi Kalas (CT),Normal/Others,NA - Installing tube-wells and borewells,DISTRICT MAGISTRATE SOUTH TWENTY FOUR PARGANAS_IDA,2023-07-22,Action Pending,200000,Unsanctioned
MPLADS-055327,Smt Shanta Chhetri,Rajya Sabha,West Bengal,Sitting Rajya Sabha,,,MAGRA HAT-II,Jaypur,Normal/Others,NA - Installing tube-wells and borewells,DISTRICT MAGISTRATE SOUTH TWENTY FOUR PARGANAS_IDA,2023-07-22,Action Pending,200000,Unsanctioned
MPLADS-055328,Smt Shanta Chhetri,Rajya Sabha,West Bengal,Sitting Rajya Sabha,,,MAGRA HAT-II,Nainan (CT),Normal/Others,NA - Installing tube-wells and borewells,DISTRICT MAGISTRATE SOUTH TWENTY FOUR PARGANAS_IDA,2023-07-22,Action Pending,200000,Unsanctioned
MPLADS-055329,Smt Shanta Chhetri,Rajya Sabha,West Bengal,Sitting Rajya Sabha,,,MAGRA HAT-II,Hansuri,Normal/Others,NA - Installing tube-wells and borewells,DISTRICT MAGISTRATE SOUTH TWENTY FOUR PARGANAS_IDA,2023-07-22,Action Pending,200000,Unsanctioned
MPLADS-055330,Smt Shanta Chhetri,Rajya Sabha,West Bengal,Sitting Rajya Sabha,,,MAGRA HAT-II,Hotar,Normal/Others,NA - Installing tube-wells and borewells,DISTRICT MAGISTRATE SOUTH TWENTY FOUR PARGANAS_IDA,2023-07-22,Action Pending,200000,Unsanctioned
MPLADS-055331,Smt Shanta Chhetri,Rajya Sabha,West Bengal,Sitting Rajya Sabha,,,MAGRA HAT-II,Hotar,Normal/Others,NA - Installing tube-wells and borewells,DISTRICT MAGISTRATE SOUTH TWENTY FOUR PARGANAS_IDA,2023-07-22,Action Pending,200000,Unsanctioned
MPLADS-055332,Smt Shanta Chhetri,Rajya Sabha,West Bengal,Sitting Rajya Sabha,,,MAGRA HAT-II,Dhanpota,Normal/Others,NA - Installing tube-wells and borewells,DISTRICT MAGISTRATE SOUTH TWENTY FOUR PARGANAS_IDA,2023-07-22,Action Pending,200000,Unsanctioned
MPLADS-055333,Smt Shanta Chhetri,Rajya Sabha,West Bengal,Sitting Rajya Sabha,,,MAGRA HAT-II,Dhanpota,Normal/Others,NA - Installing tube-wells and borewells,DISTRICT MAGISTRATE SOUTH TWENTY FOUR PARGANAS_IDA,2023-07-22,Action Pending,200000,Unsanctioned
MPLADS-055334,Smt Shanta Chhetri,Rajya Sabha,West Bengal,Sitting Rajya Sabha,,,MAGRA HAT-II,Taldi,Normal/Others,NA - Installing tube-wells and borewells,DISTRICT MAGISTRATE SOUTH TWENTY FOUR PARGANAS_IDA,2023-07-22,Action Pending,200000,Unsanctioned
MPLADS-055335,SHRI Sukhendu Sekhar Ray,Rajya Sabha,West Bengal,Sitting Rajya Sabha,,,DIAMOND HARBOUR-I,Sangrampur (CT),Normal/Others,NA - Installing tube-wells and borewells,DISTRICT MAGISTRATE SOUTH TWENTY FOUR PARGANAS_IDA,2023-07-22,Action Pending,200000,Unsanctioned
MPLADS-055336,SHRI Sukhendu Sekhar Ray,Rajya Sabha,West Bengal,Sitting Rajya Sabha,,,DIAMOND HARBOUR-I,Kuleshwar,Normal/Others,NA - Installing tube-wells and borewells,DISTRICT MAGISTRATE SOUTH TWENTY FOUR PARGANAS_IDA,2023-07-22,Action Pending,200000,Unsanctioned
MPLADS-055337,SHRI Sukhendu Sekhar Ray,Rajya Sabha,West Bengal,Sitting Rajya Sabha,,,DIAMOND HARBOUR-I,Kuleshwar,Normal/Others,NA - Installing tube-wells and borewells,DISTRICT MAGISTRATE SOUTH TWENTY FOUR PARGANAS_IDA,2023-07-22,Action Pending,200000,Unsanctioned
MPLADS-055338,Ms Sushmita Dev,Rajya Sabha,West Bengal,Sitting Rajya Sabha,,,MANDIRBAZAR,Sadashibpur (M) (P),Normal/Others,NA - Installing tube-wells and borewells,DISTRICT MAGISTRATE SOUTH TWENTY FOUR PARGANAS_IDA,2023-07-22,Action Pending,200000,Unsanctioned
MPLADS-055339,Ms Sushmita Dev,Rajya Sabha,West Bengal,Sitting Rajya Sabha,,,SAGAR,Gangasagar,Normal/Others,NA - Installing tube-wells and borewells,DISTRICT MAGISTRATE SOUTH TWENTY FOUR PARGANAS_IDA,2023-07-22,Action Pending,200000,Unsanctioned
MPLADS-055340,Ms Sushmita Dev,Rajya Sabha,West Bengal,Sitting Rajya Sabha,,,SAGAR,Narayani Abad,Normal/Others,NA - Installing tube-wells and borewells,DISTRICT MAGISTRATE SOUTH TWENTY FOUR PARGANAS_IDA,2023-07-22,Action Pending,200000,Unsanctioned
MPLADS-055341,Ms Sushmita Dev,Rajya Sabha,West Bengal,Sitting Rajya Sabha,,,SAGAR,Haradhanpur,Normal/Others,NA - Installing tube-wells and borewells,DISTRICT MAGISTRATE SOUTH TWENTY FOUR PARGANAS_IDA,2023-07-22,Action Pending,200000,Unsanctioned
MPLADS-055342,Ms Sushmita Dev,Rajya Sabha,West Bengal,Sitting Rajya Sabha,,,SAGAR,Purrusottampur,Normal/Others,NA - Installing tube-wells and borewells,DISTRICT MAGISTRATE SOUTH TWENTY FOUR PARGANAS_IDA,2023-07-22,Action Pending,200000,Unsanctioned
MPLADS-055343,Ms Sushmita Dev,Rajya Sabha,West Bengal,Sitting Rajya Sabha,,,SAGAR,Dhablat,Normal/Others,NA - Installing tube-wells and borewells,DISTRICT MAGISTRATE SOUTH TWENTY FOUR PARGANAS_IDA,2023-07-22,Action Pending,200000,Unsanctioned
MPLADS-055344,Ms Sushmita Dev,Rajya Sabha,West Bengal,Sitting Rajya Sabha,,,SAGAR,Khas Ramkarerchhar,Normal/Others,NA - Installing tube-wells and borewells,DISTRICT MAGISTRATE SOUTH TWENTY FOUR PARGANAS_IDA,2023-07-22,Action Pending,200000,Unsanctioned
MPLADS-055345,Ms Sushmita Dev,Rajya Sabha,West Bengal,Sitting Rajya Sabha,,,SAGAR,Naraharipur,Normal/Others,NA - Installing tube-wells and borewells,DISTRICT MAGISTRATE SOUTH TWENTY FOUR PARGANAS_IDA,2023-07-22,Action Pending,200000,Unsanctioned
MPLADS-055346,Ms Sushmita Dev,Rajya Sabha,West Bengal,Sitting Rajya Sabha,,,SAGAR,Krishnanagar,Normal/Others,NA - Installing tube-wells and borewells,DISTRICT MAGISTRATE SOUTH TWENTY FOUR PARGANAS_IDA,2023-07-22,Action Pending,200000,Unsanctioned
MPLADS-055347,Ms Sushmita Dev,Rajya Sabha,West Bengal,Sitting Rajya Sabha,,,SAGAR,Krishnanagar,Normal/Others,NA - Installing tube-wells and borewells,DISTRICT MAGISTRATE SOUTH TWENTY FOUR PARGANAS_IDA,2023-07-22,Action Pending,200000,Unsanctioned
MPLADS-055348,Ms Sushmita Dev,Rajya Sabha,West Bengal,Sitting Rajya Sabha,,,SAGAR,Dhablat,Normal/Others,NA - Installing tube-wells and borewells,DISTRICT MAGISTRATE SOUTH TWENTY FOUR PARGANAS_IDA,2023-07-22,Action Pending,200000,Unsanctioned
MPLADS-055349,Ms Sushmita Dev,Rajya Sabha,West Bengal,Sitting Rajya Sabha,,,MANDIRBAZAR,Tekpanza (M),Normal/Others,NA - Installing tube-wells and borewells,DISTRICT MAGISTRATE SOUTH TWENTY FOUR PARGANAS_IDA,2023-07-22,Action Pending,200000,Unsanctioned
MPLADS-055350,Ms Sushmita Dev,Rajya Sabha,West Bengal,Sitting Rajya Sabha,,,MANDIRBAZAR,Sarifnagar (M),Normal/Others,NA - Installing tube-wells and borewells,DISTRICT MAGISTRATE SOUTH TWENTY FOUR PARGANAS_IDA,2023-07-22,Action Pending,200000,Unsanctioned
MPLADS-055351,Ms Sushmita Dev,Rajya Sabha,West Bengal,Sitting Rajya Sabha,,,MANDIRBAZAR,Saradana (M),Normal/Others,NA - Installing tube-wells and borewells,DISTRICT MAGISTRATE SOUTH TWENTY FOUR PARGANAS_IDA,2023-07-22,Action Pending,200000,Unsanctioned
MPLADS-055352,Ms Sushmita Dev,Rajya Sabha,West Bengal,Sitting Rajya Sabha,,,MANDIRBAZAR,Dadpur (K),Normal/Others,NA - Installing tube-wells and borewells,DISTRICT MAGISTRATE SOUTH TWENTY FOUR PARGANAS_IDA,2023-07-22,Action Pending,200000,Unsanctioned
MPLADS-055353,Ms Sushmita Dev,Rajya Sabha,West Bengal,Sitting Rajya Sabha,,,MANDIRBAZAR,Chandpur (M) (CT),Normal/Others,NA - Installing tube-wells and borewells,DISTRICT MAGISTRATE SOUTH TWENTY FOUR PARGANAS_IDA,2023-07-22,Action Pending,200000,Unsanctioned
MPLADS-055354,Ms Sushmita Dev,Rajya Sabha,West Bengal,Sitting Rajya Sabha,,,MANDIRBAZAR,Bade Gokulnagar (M),Normal/Others,NA - Installing tube-wells and borewells,DISTRICT MAGISTRATE SOUTH TWENTY FOUR PARGANAS_IDA,2023-07-22,Action Pending,200000,Unsanctioned
MPLADS-055355,Ms Sushmita Dev,Rajya Sabha,West Bengal,Sitting Rajya Sabha,,,MANDIRBAZAR,Adityapur (M),Normal/Others,NA - Installing tube-wells and borewells,DISTRICT MAGISTRATE SOUTH TWENTY FOUR PARGANAS_IDA,2023-07-22,Action Pending,200000,Unsanctioned
MPLADS-055356,Ms Sushmita Dev,Rajya Sabha,West Bengal,Sitting Rajya Sabha,,,MANDIRBAZAR,Chaulgola (K),Normal/Others,NA - Installing tube-wells and borewells,DISTRICT MAGISTRATE SOUTH TWENTY FOUR PARGANAS_IDA,2023-07-22,Action Pending,200000,Unsanctioned
MPLADS-055357,Ms Sushmita Dev,Rajya Sabha,West Bengal,Sitting Rajya Sabha,,,MANDIRBAZAR,Mallikpur (K),Normal/Others,NA - Installing tube-wells and borewells,DISTRICT MAGISTRATE SOUTH TWENTY FOUR PARGANAS_IDA,2023-07-22,Action Pending,200000,Unsanctioned
MPLADS-055358,Ms Sushmita Dev,Rajya Sabha,West Bengal,Sitting Rajya Sabha,,,MANDIRBAZAR,Mandabtala (K),Normal/Others,NA - Installing tube-wells and borewells,DISTRICT MAGISTRATE SOUTH TWENTY FOUR PARGANAS_IDA,2023-07-22,Action Pending,200000,Unsanctioned
MPLADS-055359,Ms Sushmita Dev,Rajya Sabha,West Bengal,Sitting Rajya Sabha,,,MANDIRBAZAR,Nilambarpur (K),Normal/Others,NA - Installing tube-wells and borewells,DISTRICT MAGISTRATE SOUTH TWENTY FOUR PARGANAS_IDA,2023-07-22,Action Pending,200000,Unsanctioned
MPLADS-055360,Ms Sushmita Dev,Rajya Sabha,West Bengal,Sitting Rajya Sabha,,,MANDIRBAZAR,Dhananjoypur (K),Normal/Others,NA - Installing tube-wells and borewells,DISTRICT MAGISTRATE SOUTH TWENTY FOUR PARGANAS_IDA,2023-07-22,Action Pending,200000,Unsanctioned
MPLADS-055361,Ms Sushmita Dev,Rajya Sabha,West Bengal,Sitting Rajya Sabha,,,MANDIRBAZAR,Ramnarayanpur (K),Normal/Others,NA - Installing tube-wells and borewells,DISTRICT MAGISTRATE SOUTH TWENTY FOUR PARGANAS_IDA,2023-07-22,Action Pending,200000,Unsanctioned
MPLADS-055362,Ms Sushmita Dev,Rajya Sabha,West Bengal,Sitting Rajya Sabha,,,MANDIRBAZAR,Madhusudanpur (K),Normal/Others,NA - Installing tube-wells and borewells,DISTRICT MAGISTRATE SOUTH TWENTY FOUR PARGANAS_IDA,2023-07-22,Action Pending,200000,Unsanctioned
MPLADS-055363,Ms Sushmita Dev,Rajya Sabha,West Bengal,Sitting Rajya Sabha,,,MANDIRBAZAR,Ramnarayanpur (K),Normal/Others,NA - Installing tube-wells and borewells,DISTRICT MAGISTRATE SOUTH TWENTY FOUR PARGANAS_IDA,2023-07-22,Action Pending,200000,Unsanctioned
MPLADS-055364,Ms Sushmita Dev,Rajya Sabha,West Bengal,Sitting Rajya Sabha,,,MANDIRBAZAR,Ghateshwar (K),Normal/Others,NA - Installing tube-wells and borewells,DISTRICT MAGISTRATE SOUTH TWENTY FOUR PARGANAS_IDA,2023-07-22,Action Pending,200000,Unsanctioned
MPLADS-055365,Smt Shanta Chhetri,Rajya Sabha,West Bengal,Sitting Rajya Sabha,,,MAGRA HAT-II,Taldi,Normal/Others,NA - Installing tube-wells and borewells,DISTRICT MAGISTRATE SOUTH TWENTY FOUR PARGANAS_IDA,2023-07-22,Action Pending,200000,Unsanctioned
MPLADS-055366,Smt Shanta Chhetri,Rajya Sabha,West Bengal,Sitting Rajya Sabha,,,MAGRA HAT-II,Gokarni,Normal/Others,NA - Installing tube-wells and borewells,DISTRICT MAGISTRATE SOUTH TWENTY FOUR PARGANAS_IDA,2023-07-22,Action Pending,200000,Unsanctioned
MPLADS-055367,Smt Shanta Chhetri,Rajya Sabha,West Bengal,Sitting Rajya Sabha,,,MAGRA HAT-II,Gokarni,Normal/Others,NA - Installing tube-wells and borewells,DISTRICT MAGISTRATE SOUTH TWENTY FOUR PARGANAS_IDA,2023-07-22,Action Pending,200000,Unsanctioned
MPLADS-055368,Ms Sushmita Dev,Rajya Sabha,West Bengal,Sitting Rajya Sabha,,,NAMKHANA,Lakshmipur Abad,Normal/Others,NA - Installing tube-wells and borewells,DISTRICT MAGISTRATE SOUTH TWENTY FOUR PARGANAS_IDA,2023-07-22,Action Pending,200000,Unsanctioned
MPLADS-055369,Ms Sushmita Dev,Rajya Sabha,West Bengal,Sitting Rajya Sabha,,,KULTALI,Dongajora,Normal/Others,NA - Installing tube-wells and borewells,DISTRICT MAGISTRATE SOUTH TWENTY FOUR PARGANAS_IDA,2023-07-22,Action Pending,200000,Unsanctioned
MPLADS-055370,Ms Sushmita Dev,Rajya Sabha,West Bengal,Sitting Rajya Sabha,,,KULTALI,Meraganj,Normal/Others,NA - Installing tube-wells and borewells,DISTRICT MAGISTRATE SOUTH TWENTY FOUR PARGANAS_IDA,2023-07-22,Action Pending,200000,Unsanctioned
MPLADS-055371,Ms Sushmita Dev,Rajya Sabha,West Bengal,Sitting Rajya Sabha,,,KULTALI,Kundakhali,Normal/Others,NA - Installing tube-wells and borewells,DISTRICT MAGISTRATE SOUTH TWENTY FOUR PARGANAS_IDA,2023-07-22,Action Pending,200000,Unsanctioned
MPLADS-055372,Ms Sushmita Dev,Rajya Sabha,West Bengal,Sitting Rajya Sabha,,,KULTALI,Kripakhali,Normal/Others,NA - Installing tube-wells and borewells,DISTRICT MAGISTRATE SOUTH TWENTY FOUR PARGANAS_IDA,2023-07-22,Action Pending,200000,Unsanctioned
MPLADS-055373,Ms Sushmita Dev,Rajya Sabha,West Bengal,Sitting Rajya Sabha,,,KULTALI,Purba Gabtala,Normal/Others,NA - Installing tube-wells and borewells,DISTRICT MAGISTRATE SOUTH TWENTY FOUR PARGANAS_IDA,2023-07-22,Action Pending,200000,Unsanctioned
MPLADS-055374,Ms Sushmita Dev,Rajya Sabha,West Bengal,Sitting Rajya Sabha,,,KULTALI,Jalabaria,Normal/Others,NA - Installing tube-wells and borewells,DISTRICT MAGISTRATE SOUTH TWENTY FOUR PARGANAS_IDA,2023-07-22,Action Pending,200000,Unsanctioned
MPLADS-055375,Ms Sushmita Dev,Rajya Sabha,West Bengal,Sitting Rajya Sabha,,,KULTALI,Jalabaria,Normal/Others,NA - Installing tube-wells and borewells,DISTRICT MAGISTRATE SOUTH TWENTY FOUR PARGANAS_IDA,2023-07-22,Action Pending,200000,Unsanctioned
MPLADS-055376,Ms Sushmita Dev,Rajya Sabha,West Bengal,Sitting Rajya Sabha,,,KULTALI,Jalabaria,Normal/Others,NA - Installing tube-wells and borewells,DISTRICT MAGISTRATE SOUTH TWENTY FOUR PARGANAS_IDA,2023-07-22,Action Pending,200000,Unsanctioned
MPLADS-055377,Ms Sushmita Dev,Rajya Sabha,West Bengal,Sitting Rajya Sabha,,,KULTALI,Gopalganj,Normal/Others,NA - Installing tube-wells and borewells,DISTRICT MAGISTRATE SOUTH TWENTY FOUR PARGANAS_IDA,2023-07-22,Action Pending,200000,Unsanctioned
MPLADS-055378,Ms Sushmita Dev,Rajya Sabha,West Bengal,Sitting Rajya Sabha,,,KULTALI,Dakshin Durgapur,Normal/Others,NA - Installing tube-wells and borewells,DISTRICT MAGISTRATE SOUTH TWENTY FOUR PARGANAS_IDA,2023-07-22,Action Pending,200000,Unsanctioned
MPLADS-055379,Ms Sushmita Dev,Rajya Sabha,West Bengal,Sitting Rajya Sabha,,,KULTALI,Shyamnagar,Normal/Others,NA - Installing tube-wells and borewells,DISTRICT MAGISTRATE SOUTH TWENTY FOUR PARGANAS_IDA,2023-07-22,Action Pending,200000,Unsanctioned
MPLADS-055380,Ms Sushmita Dev,Rajya Sabha,West Bengal,Sitting Rajya Sabha,,,KULTALI,Debipur Gurguria,Normal/Others,NA - Installing tube-wells and borewells,DISTRICT MAGISTRATE SOUTH TWENTY FOUR PARGANAS_IDA,2023-07-22,Action Pending,200000,Unsanctioned
MPLADS-055381,Ms Sushmita Dev,Rajya Sabha,West Bengal,Sitting Rajya Sabha,,,NAMKHANA,Baliara,Normal/Others,NA - Installing tube-wells and borewells,DISTRICT MAGISTRATE SOUTH TWENTY FOUR PARGANAS_IDA,2023-07-22,Action Pending,200000,Unsanctioned
MPLADS-055382,SHRI Sukhendu Sekhar Ray,Rajya Sabha,West Bengal,Sitting Rajya Sabha,,,KAK DWIP,Sibkalinagar,Normal/Others,NA - Installing tube-wells and borewells,DISTRICT MAGISTRATE SOUTH TWENTY FOUR PARGANAS_IDA,2023-07-22,Action Pending,200000,Unsanctioned
MPLADS-055383,Ms Sushmita Dev,Rajya Sabha,West Bengal,Sitting Rajya Sabha,,,NAMKHANA,Kusumtala,Normal/Others,NA - Installing tube-wells and borewells,DISTRICT MAGISTRATE SOUTH TWENTY FOUR PARGANAS_IDA,2023-07-22,Action Pending,200000,Unsanctioned
MPLADS-055384,Ms Sushmita Dev,Rajya Sabha,West Bengal,Sitting Rajya Sabha,,,NAMKHANA,Rajnagar,Normal/Others,NA - Installing tube-wells and borewells,DISTRICT MAGISTRATE SOUTH TWENTY FOUR PARGANAS_IDA,2023-07-22,Action Pending,200000,Unsanctioned
MPLADS-055385,Ms Sushmita Dev,Rajya Sabha,West Bengal,Sitting Rajya Sabha,,,NAMKHANA,Patibania,Normal/Others,NA - Installing tube-wells and borewells,DISTRICT MAGISTRATE SOUTH TWENTY FOUR PARGANAS_IDA,2023-07-22,Action Pending,200000,Unsanctioned
MPLADS-055386,Ms Sushmita Dev,Rajya Sabha,West Bengal,Sitting Rajya Sabha,,,NAMKHANA,Dakshin Durgapur,Normal/Others,NA - Installing tube-wells and borewells,DISTRICT MAGISTRATE SOUTH TWENTY FOUR PARGANAS_IDA,2023-07-22,Action Pending,200000,Unsanctioned
MPLADS-055387,Ms Sushmita Dev,Rajya Sabha,West Bengal,Sitting Rajya Sabha,,,FALTA,Belsingha,Normal/Others,NA - Installing tube-wells and borewells,DISTRICT MAGISTRATE SOUTH TWENTY FOUR PARGANAS_IDA,2023-07-22,Action Pending,200000,Unsanctioned
MPLADS-055388,Ms Sushmita Dev,Rajya Sabha,West Bengal,Sitting Rajya Sabha,,,FALTA,Banki,Normal/Others,NA - Installing tube-wells and borewells,DISTRICT MAGISTRATE SOUTH TWENTY FOUR PARGANAS_IDA,2023-07-22,Action Pending,200000,Unsanctioned
MPLADS-055389,Ms Sushmita Dev,Rajya Sabha,West Bengal,Sitting Rajya Sabha,,,FALTA,Banganagar,Normal/Others,NA - Installing tube-wells and borewells,DISTRICT MAGISTRATE SOUTH TWENTY FOUR PARGANAS_IDA,2023-07-22,Action Pending,200000,Unsanctioned
MPLADS-055390,Ms Sushmita Dev,Rajya Sabha,West Bengal,Sitting Rajya Sabha,,,FALTA,Kasirampur,Normal/Others,NA - Installing tube-wells and borewells,DISTRICT MAGISTRATE SOUTH TWENTY FOUR PARGANAS_IDA,2023-07-22,Action Pending,200000,Unsanctioned
MPLADS-055391,Ms Sushmita Dev,Rajya Sabha,West Bengal,Sitting Rajya Sabha,,,FALTA,Gobindapur,Normal/Others,NA - Installing tube-wells and borewells,DISTRICT MAGISTRATE SOUTH TWENTY FOUR PARGANAS_IDA,2023-07-22,Action Pending,200000,Unsanctioned
MPLADS-055392,Ms Sushmita Dev,Rajya Sabha,West Bengal,Sitting Rajya Sabha,,,FALTA,Jagala Ballabhpur,Normal/Others,NA - Installing tube-wells and borewells,DISTRICT MAGISTRATE SOUTH TWENTY FOUR PARGANAS_IDA,2023-07-22,Action Pending,200000,Unsanctioned
MPLADS-055393,Ms Sushmita Dev,Rajya Sabha,West Bengal,Sitting Rajya Sabha,,,FALTA,Achanda,Normal/Others,NA - Installing tube-wells and borewells,DISTRICT MAGISTRATE SOUTH TWENTY FOUR PARGANAS_IDA,2023-07-22,Action Pending,200000,Unsanctioned
MPLADS-055394,Ms Sushmita Dev,Rajya Sabha,West Bengal,Sitting Rajya Sabha,,,FALTA,Debipur,Normal/Others,NA - Installing tube-wells and borewells,DISTRICT MAGISTRATE SOUTH TWENTY FOUR PARGANAS_IDA,2023-07-22,Action Pending,200000,Unsanctioned
MPLADS-055395,Ms Sushmita Dev,Rajya Sabha,West Bengal,Sitting Rajya Sabha,,,KULTALI,Baikuntapur,Normal/Others,NA - Installing tube-wells and borewells,DISTRICT MAGISTRATE SOUTH TWENTY FOUR PARGANAS_IDA,2023-07-22,Action Pending,200000,Unsanctioned
MPLADS-055397,Ms Sushmita Dev,Rajya Sabha,West Bengal,Sitting Rajya Sabha,,,FALTA,Shyamsundarpur,Normal/Others,NA - Installing tube-wells and borewells,DISTRICT MAGISTRATE SOUTH TWENTY FOUR PARGANAS_IDA,2023-07-22,Action Pending,200000,Unsanctioned
MPLADS-055398,SHRI Sukhendu Sekhar Ray,Rajya Sabha,West Bengal,Sitting Rajya Sabha,,,KAK DWIP,Uttar Durgapur,Normal/Others,NA - Installing tube-wells and borewells,DISTRICT MAGISTRATE SOUTH TWENTY FOUR PARGANAS_IDA,2023-07-22,Action Pending,200000,Unsanctioned
MPLADS-055399,SHRI Sukhendu Sekhar Ray,Rajya Sabha,West Bengal,Sitting Rajya Sabha,,,DIAMOND HARBOUR-I,Kanpur,Normal/Others,NA - Installing tube-wells and borewells,DISTRICT MAGISTRATE SOUTH TWENTY FOUR PARGANAS_IDA,2023-07-22,Action Pending,200000,Unsanctioned
MPLADS-055400,SHRI Sukhendu Sekhar Ray,Rajya Sabha,West Bengal,Sitting Rajya Sabha,,,DIAMOND HARBOUR-I,Banbahadurpur,Normal/Others,NA - Installing tube-wells and borewells,DISTRICT MAGISTRATE SOUTH TWENTY FOUR PARGANAS_IDA,2023-07-22,Action Pending,200000,Unsanctioned
MPLADS-055401,Ms Sushmita Dev,Rajya Sabha,West Bengal,Sitting Rajya Sabha,,,FALTA,Hasimnagar (CT),Normal/Others,NA - Installing tube-wells and borewells,DISTRICT MAGISTRATE SOUTH TWENTY FOUR PARGANAS_IDA,2023-07-22,Action Pending,200000,Unsanctioned
MPLADS-055402,Ms Sushmita Dev,Rajya Sabha,West Bengal,Sitting Rajya Sabha,,,FALTA,Hasimnagar (CT),Normal/Others,NA - Installing tube-wells and borewells,DISTRICT MAGISTRATE SOUTH TWENTY FOUR PARGANAS_IDA,2023-07-22,Action Pending,200000,Unsanctioned
MPLADS-055403,Smt Shanta Chhetri,Rajya Sabha,West Bengal,Sitting Rajya Sabha,,,MAGRA HAT-II,Ratna,Normal/Others,NA - Installing tube-wells and borewells,DISTRICT MAGISTRATE SOUTH TWENTY FOUR PARGANAS_IDA,2023-07-22,Action Pending,200000,Unsanctioned
MPLADS-055404,Smt Shanta Chhetri,Rajya Sabha,West Bengal,Sitting Rajya Sabha,,,MAGRA HAT-II,Heria,Normal/Others,NA - Installing tube-wells and borewells,DISTRICT MAGISTRATE SOUTH TWENTY FOUR PARGANAS_IDA,2023-07-22,Action Pending,200000,Unsanctioned
MPLADS-055405,Smt Shanta Chhetri,Rajya Sabha,West Bengal,Sitting Rajya Sabha,,,MAGRA HAT-II,Multi,Normal/Others,NA - Installing tube-wells and borewells,DISTRICT MAGISTRATE SOUTH TWENTY FOUR PARGANAS_IDA,2023-07-22,Action Pending,200000,Unsanctioned
MPLADS-055406,Smt Shanta Chhetri,Rajya Sabha,West Bengal,Sitting Rajya Sabha,,,MAGRA HAT-II,Multi,Normal/Others,NA - Installing tube-wells and borewells,DISTRICT MAGISTRATE SOUTH TWENTY FOUR PARGANAS_IDA,2023-07-22,Action Pending,200000,Unsanctioned
MPLADS-055407,Smt Shanta Chhetri,Rajya Sabha,West Bengal,Sitting Rajya Sabha,,,MAGRA HAT-II,Benipur,Normal/Others,NA - Installing tube-wells and borewells,DISTRICT MAGISTRATE SOUTH TWENTY FOUR PARGANAS_IDA,2023-07-22,Action Pending,200000,Unsanctioned
MPLADS-055408,SHRI Sukhendu Sekhar Ray,Rajya Sabha,West Bengal,Sitting Rajya Sabha,,,KAK DWIP,Uttar Kasiabad,Normal/Others,NA - Installing tube-wells and borewells,DISTRICT MAGISTRATE SOUTH TWENTY FOUR PARGANAS_IDA,2023-07-22,Action Pending,200000,Unsanctioned
MPLADS-055409,SHRI Sukhendu Sekhar Ray,Rajya Sabha,West Bengal,Sitting Rajya Sabha,,,KAK DWIP,Ramgopalpur,Normal/Others,NA - Installing tube-wells and borewells,DISTRICT MAGISTRATE SOUTH TWENTY FOUR PARGANAS_IDA,2023-07-22,Action Pending,200000,Unsanctioned
MPLADS-055410,SHRI Sukhendu Sekhar Ray,Rajya Sabha,West Bengal,Sitting Rajya Sabha,,,KAK DWIP,Mrinalnagar,Normal/Others,NA - Installing tube-wells and borewells,DISTRICT MAGISTRATE SOUTH TWENTY FOUR PARGANAS_IDA,2023-07-22,Action Pending,200000,Unsanctioned
MPLADS-055411,SHRI Sukhendu Sekhar Ray,Rajya Sabha,West Bengal,Sitting Rajya Sabha,,,KAK DWIP,Mrinalnagar,Normal/Others,NA - Installing tube-wells and borewells,DISTRICT MAGISTRATE SOUTH TWENTY FOUR PARGANAS_IDA,2023-07-22,Action Pending,200000,Unsanctioned
MPLADS-055412,SHRI Sukhendu Sekhar Ray,Rajya Sabha,West Bengal,Sitting Rajya Sabha,,,KAK DWIP,Sibkalinagar,Normal/Others,NA - Installing tube-wells and borewells,DISTRICT MAGISTRATE SOUTH TWENTY FOUR PARGANAS_IDA,2023-07-22,Action Pending,200000,Unsanctioned
MPLADS-055413,SHRI Sukhendu Sekhar Ray,Rajya Sabha,West Bengal,Sitting Rajya Sabha,,,KAK DWIP,Ramchandranagar,Normal/Others,NA - Installing tube-wells and borewells,DISTRICT MAGISTRATE SOUTH TWENTY FOUR PARGANAS_IDA,2023-07-22,Action Pending,200000,Unsanctioned
MPLADS-055414,SHRI Sukhendu Sekhar Ray,Rajya Sabha,West Bengal,Sitting Rajya Sabha,,,KAK DWIP,Sibnagar,Normal/Others,NA - Installing tube-wells and borewells,DISTRICT MAGISTRATE SOUTH TWENTY FOUR PARGANAS_IDA,2023-07-22,Action Pending,200000,Unsanctioned
MPLADS-055415,SHRI Sukhendu Sekhar Ray,Rajya Sabha,West Bengal,Sitting Rajya Sabha,,,KAK DWIP,Nebutala,Normal/Others,NA - Installing tube-wells and borewells,DISTRICT MAGISTRATE SOUTH TWENTY FOUR PARGANAS_IDA,2023-07-22,Action Pending,200000,Unsanctioned
MPLADS-055416,SHRI Sukhendu Sekhar Ray,Rajya Sabha,West Bengal,Sitting Rajya Sabha,,,KAK DWIP,Chandipur,Normal/Others,NA - Installing tube-wells and borewells,DISTRICT MAGISTRATE SOUTH TWENTY FOUR PARGANAS_IDA,2023-07-22,Action Pending,200000,Unsanctioned
MPLADS-055417,SHRI Sukhendu Sekhar Ray,Rajya Sabha,West Bengal,Sitting Rajya Sabha,,,KAK DWIP,Taktipur Abad,Normal/Others,NA - Installing tube-wells and borewells,DISTRICT MAGISTRATE SOUTH TWENTY FOUR PARGANAS_IDA,2023-07-22,Action Pending,200000,Unsanctioned
MPLADS-055418,SHRI Sukhendu Sekhar Ray,Rajya Sabha,West Bengal,Sitting Rajya Sabha,,,KAK DWIP,Ramratanpur,Normal/Others,NA - Installing tube-wells and borewells,DISTRICT MAGISTRATE SOUTH TWENTY FOUR PARGANAS_IDA,2023-07-22,Action Pending,200000,Unsanctioned
MPLADS-055419,SHRI Sukhendu Sekhar Ray,Rajya Sabha,West Bengal,Sitting Rajya Sabha,,,KAK DWIP,Kasinagar,Normal/Others,NA - Installing tube-wells and borewells,DISTRICT MAGISTRATE SOUTH TWENTY FOUR PARGANAS_IDA,2023-07-22,Action Pending,200000,Unsanctioned
MPLADS-055420,SHRI Sukhendu Sekhar Ray,Rajya Sabha,West Bengal,Sitting Rajya Sabha,,,KAK DWIP,Srinagar,Normal/Others,NA - Installing tube-wells and borewells,DISTRICT MAGISTRATE SOUTH TWENTY FOUR PARGANAS_IDA,2023-07-22,Action Pending,200000,Unsanctioned
MPLADS-055421,SHRI Sukhendu Sekhar Ray,Rajya Sabha,West Bengal,Sitting Rajya Sabha,,,KAK DWIP,Sitarampur,Normal/Others,NA - Installing tube-wells and borewells,DISTRICT MAGISTRATE SOUTH TWENTY FOUR PARGANAS_IDA,2023-07-22,Action Pending,200000,Unsanctioned
MPLADS-055422,SHRI Sukhendu Sekhar Ray,Rajya Sabha,West Bengal,Sitting Rajya Sabha,,,KAK DWIP,Sitarampur,Normal/Others,NA - Installing tube-wells and borewells,DISTRICT MAGISTRATE SOUTH TWENTY FOUR PARGANAS_IDA,2023-07-22,Action Pending,200000,Unsanctioned
MPLADS-055423,SHRI Sukhendu Sekhar Ray,Rajya Sabha,West Bengal,Sitting Rajya Sabha,,,KAK DWIP,Suryanagar,Normal/Others,NA - Installing tube-wells and borewells,DISTRICT MAGISTRATE SOUTH TWENTY FOUR PARGANAS_IDA,2023-07-22,Action Pending,200000,Unsanctioned
MPLADS-055424,SHRI Sukhendu Sekhar Ray,Rajya Sabha,West Bengal,Sitting Rajya Sabha,,,KAK DWIP,Ramtanunagar,Normal/Others,NA - Installing tube-wells and borewells,DISTRICT MAGISTRATE SOUTH TWENTY FOUR PARGANAS_IDA,2023-07-22,Action Pending,200000,Unsanctioned
MPLADS-055425,Ms Sushmita Dev,Rajya Sabha,West Bengal,Sitting Rajya Sabha,,,SAGAR,Sumatinagar,Normal/Others,NA - Installing tube-wells and borewells,DISTRICT MAGISTRATE SOUTH TWENTY FOUR PARGANAS_IDA,2023-07-22,Action Pending,200000,Unsanctioned
MPLADS-055426,Ms Sushmita Dev,Rajya Sabha,West Bengal,Sitting Rajya Sabha,,,SAGAR,Dhaspara,Normal/Others,NA - Installing tube-wells and borewells,DISTRICT MAGISTRATE SOUTH TWENTY FOUR PARGANAS_IDA,2023-07-22,Action Pending,200000,Unsanctioned
MPLADS-055427,SHRI P Bhattacharya,Rajya Sabha,West Bengal,Sitting Rajya Sabha,,,MANDIRBAZAR,Ramlochanpur (K),Normal/Others,NA - Construction of community centers and community halls,DISTRICT MAGISTRATE SOUTH TWENTY FOUR PARGANAS_IDA,2023-07-22,Action Pending,4000000,Unsanctioned
MPLADS-055428,Ms Sushmita Dev,Rajya Sabha,West Bengal,Sitting Rajya Sabha,,,SAGAR,Mahendraganj,Normal/Others,NA - Installing tube-wells and borewells,DISTRICT MAGISTRATE SOUTH TWENTY FOUR PARGANAS_IDA,2023-07-22,Action Pending,200000,Unsanctioned
MPLADS-055429,Smt Shanta Chhetri,Rajya Sabha,West Bengal,Sitting Rajya Sabha,,,MAGRA HAT-I,Sirakol (CT),Normal/Others,NA - Installing tube-wells and borewells,DISTRICT MAGISTRATE SOUTH TWENTY FOUR PARGANAS_IDA,2023-07-22,Action Pending,200000,Unsanctioned
MPLADS-055430,Smt Shanta Chhetri,Rajya Sabha,West Bengal,Sitting Rajya Sabha,,,MAGRA HAT-I,Dogachha,Normal/Others,NA - Installing tube-wells and borewells,DISTRICT MAGISTRATE SOUTH TWENTY FOUR PARGANAS_IDA,2023-07-22,Action Pending,200000,Unsanctioned
MPLADS-055431,SHRI Sukhendu Sekhar Ray,Rajya Sabha,West Bengal,Sitting Rajya Sabha,,,DIAMOND HARBOUR-II,Nurpur,Normal/Others,NA - Installing tube-wells and borewells,DISTRICT MAGISTRATE SOUTH TWENTY FOUR PARGANAS_IDA,2023-07-22,Action Pending,200000,Unsanctioned
MPLADS-055432,SHRI Sukhendu Sekhar Ray,Rajya Sabha,West Bengal,Sitting Rajya Sabha,,,DIAMOND HARBOUR-II,Nurpur,Normal/Others,NA - Installing tube-wells and borewells,DISTRICT MAGISTRATE SOUTH TWENTY FOUR PARGANAS_IDA,2023-07-22,Action Pending,200000,Unsanctioned
MPLADS-055433,SHRI Sukhendu Sekhar Ray,Rajya Sabha,West Bengal,Sitting Rajya Sabha,,,DIAMOND HARBOUR-II,Chakloknath,Normal/Others,NA - Installing tube-wells and borewells,DISTRICT MAGISTRATE SOUTH TWENTY FOUR PARGANAS_IDA,2023-07-22,Action Pending,200000,Unsanctioned
MPLADS-055434,SHRI Sukhendu Sekhar Ray,Rajya Sabha,West Bengal,Sitting Rajya Sabha,,,DIAMOND HARBOUR-II,Nurpur,Normal/Others,NA - Installing tube-wells and borewells,DISTRICT MAGISTRATE SOUTH TWENTY FOUR PARGANAS_IDA,2023-07-22,Action Pending,200000,Unsanctioned
MPLADS-055435,SHRI Sukhendu Sekhar Ray,Rajya Sabha,West Bengal,Sitting Rajya Sabha,,,DIAMOND HARBOUR-II,Bhushna,Normal/Others,NA - Installing tube-wells and borewells,DISTRICT MAGISTRATE SOUTH TWENTY FOUR PARGANAS_IDA,2023-07-22,Action Pending,200000,Unsanctioned
MPLADS-055436,SHRI Sukhendu Sekhar Ray,Rajya Sabha,West Bengal,Sitting Rajya Sabha,,,DIAMOND HARBOUR-II,Kamarpol,Normal/Others,NA - Installing tube-wells and borewells,DISTRICT MAGISTRATE SOUTH TWENTY FOUR PARGANAS_IDA,2023-07-22,Action Pending,200000,Unsanctioned
MPLADS-055437,SHRI Sukhendu Sekhar Ray,Rajya Sabha,West Bengal,Sitting Rajya Sabha,,,DIAMOND HARBOUR-II,Hinchabaria,Normal/Others,NA - Installing tube-wells and borewells,DISTRICT MAGISTRATE SOUTH TWENTY FOUR PARGANAS_IDA,2023-07-22,Action Pending,200000,Unsanctioned
MPLADS-055438,SHRI Sukhendu Sekhar Ray,Rajya Sabha,West Bengal,Sitting Rajya Sabha,,,DIAMOND HARBOUR-II,Hinchabaria,Normal/Others,NA - Installing tube-wells and borewells,DISTRICT MAGISTRATE SOUTH TWENTY FOUR PARGANAS_IDA,2023-07-22,Action Pending,200000,Unsanctioned
MPLADS-055439,SHRI Sukhendu Sekhar Ray,Rajya Sabha,West Bengal,Sitting Rajya Sabha,,,DIAMOND HARBOUR-II,Bhushna,Normal/Others,NA - Installing tube-wells and borewells,DISTRICT MAGISTRATE SOUTH TWENTY FOUR PARGANAS_IDA,2023-07-22,Action Pending,200000,Unsanctioned
MPLADS-055440,SHRI Sukhendu Sekhar Ray,Rajya Sabha,West Bengal,Sitting Rajya Sabha,,,DIAMOND HARBOUR-II,Andharia,Normal/Others,NA - Installing tube-wells and borewells,DISTRICT MAGISTRATE SOUTH TWENTY FOUR PARGANAS_IDA,2023-07-22,Action Pending,200000,Unsanctioned
MPLADS-055441,SHRI Sukhendu Sekhar Ray,Rajya Sabha,West Bengal,Sitting Rajya Sabha,,,DIAMOND HARBOUR-II,Mankhanda,Normal/Others,NA - Installing tube-wells and borewells,DISTRICT MAGISTRATE SOUTH TWENTY FOUR PARGANAS_IDA,2023-07-22,Action Pending,200000,Unsanctioned
MPLADS-055442,SHRI Sukhendu Sekhar Ray,Rajya Sabha,West Bengal,Sitting Rajya Sabha,,,DIAMOND HARBOUR-II,Pashchim Gobindapur,Normal/Others,NA - Installing tube-wells and borewells,DISTRICT MAGISTRATE SOUTH TWENTY FOUR PARGANAS_IDA,2023-07-22,Action Pending,200000,Unsanctioned
MPLADS-055443,SHRI Sukhendu Sekhar Ray,Rajya Sabha,West Bengal,Sitting Rajya Sabha,,,DIAMOND HARBOUR-II,Karaibaria,Normal/Others,NA - Installing tube-wells and borewells,DISTRICT MAGISTRATE SOUTH TWENTY FOUR PARGANAS_IDA,2023-07-22,Action Pending,200000,Unsanctioned
MPLADS-055444,SHRI Sukhendu Sekhar Ray,Rajya Sabha,West Bengal,Sitting Rajya Sabha,,,DIAMOND HARBOUR-II,Seora Hati,Normal/Others,NA - Installing tube-wells and borewells,DISTRICT MAGISTRATE SOUTH TWENTY FOUR PARGANAS_IDA,2023-07-22,Action Pending,200000,Unsanctioned
MPLADS-055445,SHRI Sukhendu Sekhar Ray,Rajya Sabha,West Bengal,Sitting Rajya Sabha,,,DIAMOND HARBOUR-II,Asurali,Normal/Others,NA - Installing tube-wells and borewells,DISTRICT MAGISTRATE SOUTH TWENTY FOUR PARGANAS_IDA,2023-07-22,Action Pending,200000,Unsanctioned
MPLADS-055446,SHRI Sukhendu Sekhar Ray,Rajya Sabha,West Bengal,Sitting Rajya Sabha,,,DIAMOND HARBOUR-II,Khordnahala,Normal/Others,NA - Installing tube-wells and borewells,DISTRICT MAGISTRATE SOUTH TWENTY FOUR PARGANAS_IDA,2023-07-22,Action Pending,200000,Unsanctioned
MPLADS-055447,SHRI Sukhendu Sekhar Ray,Rajya Sabha,West Bengal,Sitting Rajya Sabha,,,DIAMOND HARBOUR-II,Cheora,Normal/Others,NA - Installing tube-wells and borewells,DISTRICT MAGISTRATE SOUTH TWENTY FOUR PARGANAS_IDA,2023-07-22,Action Pending,200000,Unsanctioned
MPLADS-055448,SHRI Sukhendu Sekhar Ray,Rajya Sabha,West Bengal,Sitting Rajya Sabha,,,DIAMOND HARBOUR-II,Sukdebpur,Normal/Others,NA - Installing tube-wells and borewells,DISTRICT MAGISTRATE SOUTH TWENTY FOUR PARGANAS_IDA,2023-07-22,Action Pending,200000,Unsanctioned
MPLADS-055449,SHRI Sukhendu Sekhar Ray,Rajya Sabha,West Bengal,Sitting Rajya Sabha,,,DIAMOND HARBOUR-II,Nabasan,Normal/Others,NA - Installing tube-wells and borewells,DISTRICT MAGISTRATE SOUTH TWENTY FOUR PARGANAS_IDA,2023-07-22,Action Pending,200000,Unsanctioned
MPLADS-055450,SHRI Sukhendu Sekhar Ray,Rajya Sabha,West Bengal,Sitting Rajya Sabha,,,DIAMOND HARBOUR-II,Nasa,Normal/Others,NA - Installing tube-wells and borewells,DISTRICT MAGISTRATE SOUTH TWENTY FOUR PARGANAS_IDA,2023-07-22,Action Pending,200000,Unsanctioned
MPLADS-055451,SHRI Sukhendu Sekhar Ray,Rajya Sabha,West Bengal,Sitting Rajya Sabha,,,DIAMOND HARBOUR-II,Sarisha,Normal/Others,NA - Installing tube-wells and borewells,DISTRICT MAGISTRATE SOUTH TWENTY FOUR PARGANAS_IDA,2023-07-22,Action Pending,200000,Unsanctioned
MPLADS-055452,SHRI Sukhendu Sekhar Ray,Rajya Sabha,West Bengal,Sitting Rajya Sabha,,,DIAMOND HARBOUR-II,Patra (P),Normal/Others,NA - Installing tube-wells and borewells,DISTRICT MAGISTRATE SOUTH TWENTY FOUR PARGANAS_IDA,2023-07-22,Action Pending,200000,Unsanctioned
MPLADS-055453,SHRI Sukhendu Sekhar Ray,Rajya Sabha,West Bengal,Sitting Rajya Sabha,,,DIAMOND HARBOUR-II,Bagda,Normal/Others,NA - Installing tube-wells and borewells,DISTRICT MAGISTRATE SOUTH TWENTY FOUR PARGANAS_IDA,2023-07-22,Action Pending,200000,Unsanctioned
MPLADS-055454,SHRI Sukhendu Sekhar Ray,Rajya Sabha,West Bengal,Sitting Rajya Sabha,,,DIAMOND HARBOUR-II,Bagda,Normal/Others,NA - Installing tube-wells and borewells,DISTRICT MAGISTRATE SOUTH TWENTY FOUR PARGANAS_IDA,2023-07-22,Action Pending,200000,Unsanctioned
MPLADS-055455,SHRI Sukhendu Sekhar Ray,Rajya Sabha,West Bengal,Sitting Rajya Sabha,,,DIAMOND HARBOUR-II,Durgapur,Normal/Others,NA - Installing tube-wells and borewells,DISTRICT MAGISTRATE SOUTH TWENTY FOUR PARGANAS_IDA,2023-07-22,Action Pending,200000,Unsanctioned
MPLADS-055456,Smt Shanta Chhetri,Rajya Sabha,West Bengal,Sitting Rajya Sabha,,,MAGRA HAT-I,Sirakol (CT),Normal/Others,NA - Installing tube-wells and borewells,DISTRICT MAGISTRATE SOUTH TWENTY FOUR PARGANAS_IDA,2023-07-22,Action Pending,200000,Unsanctioned
MPLADS-055457,Smt Shanta Chhetri,Rajya Sabha,West Bengal,Sitting Rajya Sabha,,,MAGRA HAT-I,Rajballabhpur,Normal/Others,NA - Installing tube-wells and borewells,DISTRICT MAGISTRATE SOUTH TWENTY FOUR PARGANAS_IDA,2023-07-22,Action Pending,200000,Unsanctioned
MPLADS-055458,Smt Shanta Chhetri,Rajya Sabha,West Bengal,Sitting Rajya Sabha,,,MAGRA HAT-I,Bainch Beria,Normal/Others,NA - Installing tube-wells and borewells,DISTRICT MAGISTRATE SOUTH TWENTY FOUR PARGANAS_IDA,2023-07-22,Action Pending,200000,Unsanctioned
MPLADS-055459,Smt Shanta Chhetri,Rajya Sabha,West Bengal,Sitting Rajya Sabha,,,MAGRA HAT-I,Sibpur,Normal/Others,NA - Installing tube-wells and borewells,DISTRICT MAGISTRATE SOUTH TWENTY FOUR PARGANAS_IDA,2023-07-22,Action Pending,200000,Unsanctioned
MPLADS-055460,SHRI P Bhattacharya,Rajya Sabha,West Bengal,Sitting Rajya Sabha,Kolkata,47,,,Normal/Others,NA - Construction of community centers and community halls,COMMISSIONER KOLKATA MUNICIPAL CORPORATION_IDA,2023-07-22,Action Pending,1271600,Unsanctioned
MPLADS-055461,Smt Shanta Chhetri,Rajya Sabha,West Bengal,Sitting Rajya Sabha,,,MAGRA HAT-I,Sarachi Bhagabanpur,Normal/Others,NA - Installing tube-wells and borewells,DISTRICT MAGISTRATE SOUTH TWENTY FOUR PARGANAS_IDA,2023-07-22,Action Pending,200000,Unsanctioned
MPLADS-055462,Smt Shanta Chhetri,Rajya Sabha,West Bengal,Sitting Rajya Sabha,,,MAGRA HAT-I,Kalikapota (CT),Normal/Others,NA - Installing tube-wells and borewells,DISTRICT MAGISTRATE SOUTH TWENTY FOUR PARGANAS_IDA,2023-07-22,Action Pending,200000,Unsanctioned
MPLADS-055463,Smt Shanta Chhetri,Rajya Sabha,West Bengal,Sitting Rajya Sabha,,,MAGRA HAT-I,Kalikapota (CT),Normal/Others,NA - Installing tube-wells and borewells,DISTRICT MAGISTRATE SOUTH TWENTY FOUR PARGANAS_IDA,2023-07-22,Action Pending,200000,Unsanctioned
MPLADS-055464,Smt Shanta Chhetri,Rajya Sabha,West Bengal,Sitting Rajya Sabha,,,MAGRA HAT-I,Kanpur,Normal/Others,NA - Installing tube-wells and borewells,DISTRICT MAGISTRATE SOUTH TWENTY FOUR PARGANAS_IDA,2023-07-22,Action Pending,200000,Unsanctioned
MPLADS-055465,Smt Shanta Chhetri,Rajya Sabha,West Bengal,Sitting Rajya Sabha,,,MAGRA HAT-I,Jalghara,Normal/Others,NA - Installing tube-wells and borewells,DISTRICT MAGISTRATE SOUTH TWENTY FOUR PARGANAS_IDA,2023-07-22,Action Pending,200000,Unsanctioned
MPLADS-055466,Smt Shanta Chhetri,Rajya Sabha,West Bengal,Sitting Rajya Sabha,,,MAGRA HAT-I,Deula,Normal/Others,NA - Installing tube-wells and borewells,DISTRICT MAGISTRATE SOUTH TWENTY FOUR PARGANAS_IDA,2023-07-22,Action Pending,200000,Unsanctioned
MPLADS-055467,Smt Shanta Chhetri,Rajya Sabha,West Bengal,Sitting Rajya Sabha,,,MAGRA HAT-I,Hayatnagar Rajarhat,Normal/Others,NA - Installing tube-wells and borewells,DISTRICT MAGISTRATE SOUTH TWENTY FOUR PARGANAS_IDA,2023-07-22,Action Pending,200000,Unsanctioned
MPLADS-055468,Smt Shanta Chhetri,Rajya Sabha,West Bengal,Sitting Rajya Sabha,,,MAGRA HAT-I,Kalikapota (CT),Normal/Others,NA - Installing tube-wells and borewells,DISTRICT MAGISTRATE SOUTH TWENTY FOUR PARGANAS_IDA,2023-07-22,Action Pending,200000,Unsanctioned
MPLADS-055469,Smt Shanta Chhetri,Rajya Sabha,West Bengal,Sitting Rajya Sabha,,,MAGRA HAT-I,Lakshikantapur,Normal/Others,NA - Installing tube-wells and borewells,DISTRICT MAGISTRATE SOUTH TWENTY FOUR PARGANAS_IDA,2023-07-22,Action Pending,200000,Unsanctioned
MPLADS-055470,Smt Shanta Chhetri,Rajya Sabha,West Bengal,Sitting Rajya Sabha,,,MAGRA HAT-I,Rangilabad,Normal/Others,NA - Installing tube-wells and borewells,DISTRICT MAGISTRATE SOUTH TWENTY FOUR PARGANAS_IDA,2023-07-22,Action Pending,200000,Unsanctioned
MPLADS-055471,Smt Shanta Chhetri,Rajya Sabha,West Bengal,Sitting Rajya Sabha,,,MAGRA HAT-I,Alampur,Normal/Others,NA - Installing tube-wells and borewells,DISTRICT MAGISTRATE SOUTH TWENTY FOUR PARGANAS_IDA,2023-07-22,Action Pending,200000,Unsanctioned
MPLADS-055472,Smt Shanta Chhetri,Rajya Sabha,West Bengal,Sitting Rajya Sabha,,,MAGRA HAT-I,Rangilabad,Normal/Others,NA - Installing tube-wells and borewells,DISTRICT MAGISTRATE SOUTH TWENTY FOUR PARGANAS_IDA,2023-07-22,Action Pending,200000,Unsanctioned
MPLADS-055473,Smt Shanta Chhetri,Rajya Sabha,West Bengal,Sitting Rajya Sabha,,,MAGRA HAT-I,Bainch Beria,Normal/Others,NA - Installing tube-wells and borewells,DISTRICT MAGISTRATE SOUTH TWENTY FOUR PARGANAS_IDA,2023-07-22,Action Pending,200000,Unsanctioned
MPLADS-055474,Smt Shanta Chhetri,Rajya Sabha,West Bengal,Sitting Rajya Sabha,,,MAGRA HAT-I,Kalikapota (CT),Normal/Others,NA - Installing tube-wells and borewells,DISTRICT MAGISTRATE SOUTH TWENTY FOUR PARGANAS_IDA,2023-07-22,Action Pending,200000,Unsanctioned
MPLADS-055475,Smt Shanta Chhetri,Rajya Sabha,West Bengal,Sitting Rajya Sabha,,,MAGRA HAT-I,Kalikapota (CT),Normal/Others,NA - Installing tube-wells and borewells,DISTRICT MAGISTRATE SOUTH TWENTY FOUR PARGANAS_IDA,2023-07-22,Action Pending,200000,Unsanctioned
MPLADS-055476,Smt Shanta Chhetri,Rajya Sabha,West Bengal,Sitting Rajya Sabha,,,MAGRA HAT-I,Usthi (CT),Normal/Others,NA - Installing tube-wells and borewells,DISTRICT MAGISTRATE SOUTH TWENTY FOUR PARGANAS_IDA,2023-07-22,Action Pending,200000,Unsanctioned
MPLADS-055477,Smt Shanta Chhetri,Rajya Sabha,West Bengal,Sitting Rajya Sabha,,,MAGRA HAT-I,Gopalnagar,Normal/Others,NA - Installing tube-wells and borewells,DISTRICT MAGISTRATE SOUTH TWENTY FOUR PARGANAS_IDA,2023-07-22,Action Pending,200000,Unsanctioned
MPLADS-055478,Smt Shanta Chhetri,Rajya Sabha,West Bengal,Sitting Rajya Sabha,,,MAGRA HAT-I,Paduma,Normal/Others,NA - Installing tube-wells and borewells,DISTRICT MAGISTRATE SOUTH TWENTY FOUR PARGANAS_IDA,2023-07-22,Action Pending,200000,Unsanctioned
MPLADS-055479,Smt Shanta Chhetri,Rajya Sabha,West Bengal,Sitting Rajya Sabha,,,MAGRA HAT-I,Deula,Normal/Others,NA - Installing tube-wells and borewells,DISTRICT MAGISTRATE SOUTH TWENTY FOUR PARGANAS_IDA,2023-07-22,Action Pending,200000,Unsanctioned
MPLADS-055480,Smt Shanta Chhetri,Rajya Sabha,West Bengal,Sitting Rajya Sabha,,,MAGRA HAT-I,Rangilabad,Normal/Others,NA - Installing tube-wells and borewells,DISTRICT MAGISTRATE SOUTH TWENTY FOUR PARGANAS_IDA,2023-07-22,Action Pending,200000,Unsanctioned
MPLADS-055481,Smt Shanta Chhetri,Rajya Sabha,West Bengal,Sitting Rajya Sabha,,,MAGRA HAT-I,Srichanda,Normal/Others,NA - Installing tube-wells and borewells,DISTRICT MAGISTRATE SOUTH TWENTY FOUR PARGANAS_IDA,2023-07-22,Action Pending,200000,Unsanctioned
MPLADS-055482,Smt Shanta Chhetri,Rajya Sabha,West Bengal,Sitting Rajya Sabha,,,MAGRA HAT-I,Uttar Kusum (CT),Normal/Others,NA - Installing tube-wells and borewells,DISTRICT MAGISTRATE SOUTH TWENTY FOUR PARGANAS_IDA,2023-07-22,Action Pending,200000,Unsanctioned
MPLADS-055483,Smt Shanta Chhetri,Rajya Sabha,West Bengal,Sitting Rajya Sabha,,,MAGRA HAT-I,Baneswarpur,Normal/Others,NA - Installing tube-wells and borewells,DISTRICT MAGISTRATE SOUTH TWENTY FOUR PARGANAS_IDA,2023-07-22,Action Pending,200000,Unsanctioned
MPLADS-055484,Smt Shanta Chhetri,Rajya Sabha,West Bengal,Sitting Rajya Sabha,,,MAGRA HAT-I,Mahesdari,Normal/Others,NA - Installing tube-wells and borewells,DISTRICT MAGISTRATE SOUTH TWENTY FOUR PARGANAS_IDA,2023-07-22,Action Pending,200000,Unsanctioned
MPLADS-055485,Smt Shanta Chhetri,Rajya Sabha,West Bengal,Sitting Rajya Sabha,,,MAGRA HAT-I,Gandua,Normal/Others,NA - Installing tube-wells and borewells,DISTRICT MAGISTRATE SOUTH TWENTY FOUR PARGANAS_IDA,2023-07-22,Action Pending,200000,Unsanctioned
MPLADS-055486,SHRI Sukhendu Sekhar Ray,Rajya Sabha,West Bengal,Sitting Rajya Sabha,,,DIAMOND HARBOUR-I,Lakshmipur,Normal/Others,NA - Installing tube-wells and borewells,DISTRICT MAGISTRATE SOUTH TWENTY FOUR PARGANAS_IDA,2023-07-22,Action Pending,200000,Unsanctioned
MPLADS-055487,SHRI Sukhendu Sekhar Ray,Rajya Sabha,West Bengal,Sitting Rajya Sabha,,,DIAMOND HARBOUR-I,Basuldanga,Normal/Others,NA - Installing tube-wells and borewells,DISTRICT MAGISTRATE SOUTH TWENTY FOUR PARGANAS_IDA,2023-07-22,Action Pending,200000,Unsanctioned
MPLADS-055488,SHRI Sukhendu Sekhar Ray,Rajya Sabha,West Bengal,Sitting Rajya Sabha,,,DIAMOND HARBOUR-I,Krishnarampur,Normal/Others,NA - Installing tube-wells and borewells,DISTRICT MAGISTRATE SOUTH TWENTY FOUR PARGANAS_IDA,2023-07-22,Action Pending,200000,Unsanctioned
MPLADS-055489,Ms Sushmita Dev,Rajya Sabha,West Bengal,Sitting Rajya Sabha,,,SAGAR,Manasadwip 2Nd Portion,Normal/Others,NA - Installing tube-wells and borewells,DISTRICT MAGISTRATE SOUTH TWENTY FOUR PARGANAS_IDA,2023-07-22,Action Pending,200000,Unsanctioned
MPLADS-055495,Ms Sushmita Dev,Rajya Sabha,West Bengal,Sitting Rajya Sabha,,,SAGAR,Nagendraganj,Normal/Others,NA - Installing tube-wells and borewells,DISTRICT MAGISTRATE SOUTH TWENTY FOUR PARGANAS_IDA,2023-07-22,Action Pending,200000,Unsanctioned
MPLADS-055496,Ms Sushmita Dev,Rajya Sabha,West Bengal,Sitting Rajya Sabha,,,SAGAR,Harinbari,Normal/Others,NA - Installing tube-wells and borewells,DISTRICT MAGISTRATE SOUTH TWENTY FOUR PARGANAS_IDA,2023-07-22,Action Pending,200000,Unsanctioned
MPLADS-055497,Ms Sushmita Dev,Rajya Sabha,West Bengal,Sitting Rajya Sabha,,,SAGAR,Dhaspara,Normal/Others,NA - Installing tube-wells and borewells,DISTRICT MAGISTRATE SOUTH TWENTY FOUR PARGANAS_IDA,2023-07-22,Action Pending,200000,Unsanctioned
MPLADS-055498,Ms Sushmita Dev,Rajya Sabha,West Bengal,Sitting Rajya Sabha,,,SAGAR,Bishnupur,Normal/Others,NA - Installing tube-wells and borewells,DISTRICT MAGISTRATE SOUTH TWENTY FOUR PARGANAS_IDA,2023-07-22,Action Pending,200000,Unsanctioned
MPLADS-055499,Ms Sushmita Dev,Rajya Sabha,West Bengal,Sitting Rajya Sabha,,,SAGAR,Dhablat,Normal/Others,NA - Installing tube-wells and borewells,DISTRICT MAGISTRATE SOUTH TWENTY FOUR PARGANAS_IDA,2023-07-22,Action Pending,200000,Unsanctioned
MPLADS-055500,Ms Sushmita Dev,Rajya Sabha,West Bengal,Sitting Rajya Sabha,,,SAGAR,Bamankhali,Normal/Others,NA - Installing tube-wells and borewells,DISTRICT MAGISTRATE SOUTH TWENTY FOUR PARGANAS_IDA,2023-07-22,Action Pending,200000,Unsanctioned
MPLADS-055501,Ms Sushmita Dev,Rajya Sabha,West Bengal,Sitting Rajya Sabha,,,SAGAR,Bankimnagar,Normal/Others,NA - Installing tube-wells and borewells,DISTRICT MAGISTRATE SOUTH TWENTY FOUR PARGANAS_IDA,2023-07-22,Action Pending,200000,Unsanctioned
MPLADS-055502,Ms Sushmita Dev,Rajya Sabha,West Bengal,Sitting Rajya Sabha,,,SAGAR,Mahishamari,Normal/Others,NA - Installing tube-wells and borewells,DISTRICT MAGISTRATE SOUTH TWENTY FOUR PARGANAS_IDA,2023-07-22,Action Pending,200000,Unsanctioned
MPLADS-055504,Ms Sushmita Dev,Rajya Sabha,West Bengal,Sitting Rajya Sabha,,,SAGAR,Khan Saheber Abad,Normal/Others,NA - Installing tube-wells and borewells,DISTRICT MAGISTRATE SOUTH TWENTY FOUR PARGANAS_IDA,2023-07-22,Action Pending,200000,Unsanctioned
MPLADS-055505,Ms Sushmita Dev,Rajya Sabha,West Bengal,Sitting Rajya Sabha,,,SAGAR,Rudranagar,Normal/Others,NA - Installing tube-wells and borewells,DISTRICT MAGISTRATE SOUTH TWENTY FOUR PARGANAS_IDA,2023-07-22,Action Pending,200000,Unsanctioned
MPLADS-055506,Ms Sushmita Dev,Rajya Sabha,West Bengal,Sitting Rajya Sabha,,,SAGAR,Rudranagar,Normal/Others,NA - Installing tube-wells and borewells,DISTRICT MAGISTRATE SOUTH TWENTY FOUR PARGANAS_IDA,2023-07-22,Action Pending,200000,Unsanctioned
MPLADS-055507,Ms Sushmita Dev,Rajya Sabha,West Bengal,Sitting Rajya Sabha,,,SAGAR,Chandipur,Normal/Others,NA - Installing tube-wells and borewells,DISTRICT MAGISTRATE SOUTH TWENTY FOUR PARGANAS_IDA,2023-07-22,Action Pending,200000,Unsanctioned
MPLADS-055508,Ms Sushmita Dev,Rajya Sabha,West Bengal,Sitting Rajya Sabha,,,SAGAR,Bishnupur,Normal/Others,NA - Installing tube-wells and borewells,DISTRICT MAGISTRATE SOUTH TWENTY FOUR PARGANAS_IDA,2023-07-22,Action Pending,200000,Unsanctioned
MPLADS-055509,Ms Sushmita Dev,Rajya Sabha,West Bengal,Sitting Rajya Sabha,,,SAGAR,Chandipur,Normal/Others,NA - Installing tube-wells and borewells,DISTRICT MAGISTRATE SOUTH TWENTY FOUR PARGANAS_IDA,2023-07-22,Action Pending,200000,Unsanctioned
MPLADS-055510,Ms Sushmita Dev,Rajya Sabha,West Bengal,Sitting Rajya Sabha,,,SAGAR,Ghoramara,Normal/Others,NA - Installing tube-wells and borewells,DISTRICT MAGISTRATE SOUTH TWENTY FOUR PARGANAS_IDA,2023-07-22,Action Pending,200000,Unsanctioned
MPLADS-055511,Ms Sushmita Dev,Rajya Sabha,West Bengal,Sitting Rajya Sabha,,,SAGAR,Ghoramara,Normal/Others,NA - Installing tube-wells and borewells,DISTRICT MAGISTRATE SOUTH TWENTY FOUR PARGANAS_IDA,2023-07-22,Action Pending,200000,Unsanctioned
MPLADS-055512,Ms Sushmita Dev,Rajya Sabha,West Bengal,Sitting Rajya Sabha,,,SAGAR,Kachubaria,Normal/Others,NA - Installing tube-wells and borewells,DISTRICT MAGISTRATE SOUTH TWENTY FOUR PARGANAS_IDA,2023-07-22,Action Pending,200000,Unsanctioned
MPLADS-055513,Ms Sushmita Dev,Rajya Sabha,West Bengal,Sitting Rajya Sabha,,,SAGAR,Sapkhali,Normal/Others,NA - Installing tube-wells and borewells,DISTRICT MAGISTRATE SOUTH TWENTY FOUR PARGANAS_IDA,2023-07-22,Action Pending,200000,Unsanctioned
MPLADS-055514,Ms Sushmita Dev,Rajya Sabha,West Bengal,Sitting Rajya Sabha,,,SAGAR,Mandirtala,Normal/Others,NA - Installing tube-wells and borewells,DISTRICT MAGISTRATE SOUTH TWENTY FOUR PARGANAS_IDA,2023-07-22,Action Pending,200000,Unsanctioned
MPLADS-055515,Ms Sushmita Dev,Rajya Sabha,West Bengal,Sitting Rajya Sabha,,,SAGAR,Companir Char,Normal/Others,NA - Installing tube-wells and borewells,DISTRICT MAGISTRATE SOUTH TWENTY FOUR PARGANAS_IDA,2023-07-22,Action Pending,200000,Unsanctioned
MPLADS-055518,SHRI Sukhendu Sekhar Ray,Rajya Sabha,West Bengal,Sitting Rajya Sabha,,,DIAMOND HARBOUR-I,Basuldanga,Normal/Others,NA - Installing tube-wells and borewells,DISTRICT MAGISTRATE SOUTH TWENTY FOUR PARGANAS_IDA,2023-07-22,Action Pending,200000,Unsanctioned
MPLADS-055519,Ms Sushmita Dev,Rajya Sabha,West Bengal,Sitting Rajya Sabha,,,FALTA,Noapukhuria,Normal/Others,NA - Installing tube-wells and borewells,DISTRICT MAGISTRATE SOUTH TWENTY FOUR PARGANAS_IDA,2023-07-22,Action Pending,200000,Unsanctioned
MPLADS-055520,SHRI Sukhendu Sekhar Ray,Rajya Sabha,West Bengal,Sitting Rajya Sabha,,,DIAMOND HARBOUR-I,Purba Gobindapur,Normal/Others,NA - Installing tube-wells and borewells,DISTRICT MAGISTRATE SOUTH TWENTY FOUR PARGANAS_IDA,2023-07-22,Action Pending,200000,Unsanctioned
MPLADS-055521,SHRI Sukhendu Sekhar Ray,Rajya Sabha,West Bengal,Sitting Rajya Sabha,,,DIAMOND HARBOUR-I,Taldanga,Normal/Others,NA - Installing tube-wells and borewells,DISTRICT MAGISTRATE SOUTH TWENTY FOUR PARGANAS_IDA,2023-07-22,Action Pending,200000,Unsanctioned
MPLADS-055522,SHRI Sukhendu Sekhar Ray,Rajya Sabha,West Bengal,Sitting Rajya Sabha,,,DIAMOND HARBOUR-I,Bolsiddhi,Normal/Others,NA - Installing tube-wells and borewells,DISTRICT MAGISTRATE SOUTH TWENTY FOUR PARGANAS_IDA,2023-07-22,Action Pending,200000,Unsanctioned
MPLADS-055523,SHRI Sukhendu Sekhar Ray,Rajya Sabha,West Bengal,Sitting Rajya Sabha,,,DIAMOND HARBOUR-I,Durganagar (CT),Normal/Others,NA - Installing tube-wells and borewells,DISTRICT MAGISTRATE SOUTH TWENTY FOUR PARGANAS_IDA,2023-07-22,Action Pending,200000,Unsanctioned
MPLADS-055524,SHRI Sukhendu Sekhar Ray,Rajya Sabha,West Bengal,Sitting Rajya Sabha,,,DIAMOND HARBOUR-I,Mangrajpur,Normal/Others,NA - Installing tube-wells and borewells,DISTRICT MAGISTRATE SOUTH TWENTY FOUR PARGANAS_IDA,2023-07-22,Action Pending,200000,Unsanctioned
MPLADS-055525,SHRI Sukhendu Sekhar Ray,Rajya Sabha,West Bengal,Sitting Rajya Sabha,,,DIAMOND HARBOUR-I,Bahadurpur,Normal/Others,NA - Installing tube-wells and borewells,DISTRICT MAGISTRATE SOUTH TWENTY FOUR PARGANAS_IDA,2023-07-22,Action Pending,200000,Unsanctioned
MPLADS-055526,SHRI Sukhendu Sekhar Ray,Rajya Sabha,West Bengal,Sitting Rajya Sabha,,,DIAMOND HARBOUR-I,Mangrajpur,Normal/Others,NA - Installing tube-wells and borewells,DISTRICT MAGISTRATE SOUTH TWENTY FOUR PARGANAS_IDA,2023-07-22,Action Pending,200000,Unsanctioned
MPLADS-055527,SHRI Sukhendu Sekhar Ray,Rajya Sabha,West Bengal,Sitting Rajya Sabha,,,DIAMOND HARBOUR-I,Sultanpur,Normal/Others,NA - Installing tube-wells and borewells,DISTRICT MAGISTRATE SOUTH TWENTY FOUR PARGANAS_IDA,2023-07-22,Action Pending,200000,Unsanctioned
MPLADS-055528,SHRI Sukhendu Sekhar Ray,Rajya Sabha,West Bengal,Sitting Rajya Sabha,,,DIAMOND HARBOUR-I,Narayanpur,Normal/Others,NA - Installing tube-wells and borewells,DISTRICT MAGISTRATE SOUTH TWENTY FOUR PARGANAS_IDA,2023-07-22,Action Pending,200000,Unsanctioned
MPLADS-055529,Ms Sushmita Dev,Rajya Sabha,West Bengal,Sitting Rajya Sabha,,,FALTA,Falta,Normal/Others,NA - Installing tube-wells and borewells,DISTRICT MAGISTRATE SOUTH TWENTY FOUR PARGANAS_IDA,2023-07-22,Action Pending,200000,Unsanctioned
MPLADS-055530,Ms Sushmita Dev,Rajya Sabha,West Bengal,Sitting Rajya Sabha,,,FALTA,Nilambarpur,Normal/Others,NA - Installing tube-wells and borewells,DISTRICT MAGISTRATE SOUTH TWENTY FOUR PARGANAS_IDA,2023-07-22,Action Pending,200000,Unsanctioned
MPLADS-055531,Ms Sushmita Dev,Rajya Sabha,West Bengal,Sitting Rajya Sabha,,,FALTA,Kalsa,Normal/Others,NA - Installing tube-wells and borewells,DISTRICT MAGISTRATE SOUTH TWENTY FOUR PARGANAS_IDA,2023-07-22,Action Pending,200000,Unsanctioned
MPLADS-055532,Ms Sushmita Dev,Rajya Sabha,West Bengal,Sitting Rajya Sabha,,,FALTA,Baneshwarpur (CT),Normal/Others,NA - Installing tube-wells and borewells,DISTRICT MAGISTRATE SOUTH TWENTY FOUR PARGANAS_IDA,2023-07-22,Action Pending,200000,Unsanctioned
MPLADS-055534,SHRI Sukhendu Sekhar Ray,Rajya Sabha,West Bengal,Sitting Rajya Sabha,,,KAK DWIP,Bhubannagar,Normal/Others,NA - Installing tube-wells and borewells,DISTRICT MAGISTRATE SOUTH TWENTY FOUR PARGANAS_IDA,2023-07-22,Action Pending,200000,Unsanctioned
MPLADS-055535,SHRI Sukhendu Sekhar Ray,Rajya Sabha,West Bengal,Sitting Rajya Sabha,,,KAK DWIP,Uttar Kasiabad,Normal/Others,NA - Installing tube-wells and borewells,DISTRICT MAGISTRATE SOUTH TWENTY FOUR PARGANAS_IDA,2023-07-22,Action Pending,200000,Unsanctioned
MPLADS-055536,Ms Sushmita Dev,Rajya Sabha,West Bengal,Sitting Rajya Sabha,,,BARUIPUR,Sikhar Bali,Normal/Others,NA - Installing tube-wells and borewells,DISTRICT MAGISTRATE SOUTH TWENTY FOUR PARGANAS_IDA,2023-07-22,Action Pending,200000,Unsanctioned
MPLADS-055537,Ms Sushmita Dev,Rajya Sabha,West Bengal,Sitting Rajya Sabha,,,BARUIPUR,Kundarali,Normal/Others,NA - Installing tube-wells and borewells,DISTRICT MAGISTRATE SOUTH TWENTY FOUR PARGANAS_IDA,2023-07-22,Action Pending,200000,Unsanctioned
MPLADS-055538,Ms Sushmita Dev,Rajya Sabha,West Bengal,Sitting Rajya Sabha,,,BARUIPUR,Surjapur,Normal/Others,NA - Installing tube-wells and borewells,DISTRICT MAGISTRATE SOUTH TWENTY FOUR PARGANAS_IDA,2023-07-22,Action Pending,200000,Unsanctioned
MPLADS-055539,Ms Sushmita Dev,Rajya Sabha,West Bengal,Sitting Rajya Sabha,,,BARUIPUR,Kholapota,Normal/Others,NA - Installing tube-wells and borewells,DISTRICT MAGISTRATE SOUTH TWENTY FOUR PARGANAS_IDA,2023-07-22,Action Pending,200000,Unsanctioned
MPLADS-055540,Ms Sushmita Dev,Rajya Sabha,West Bengal,Sitting Rajya Sabha,,,BARUIPUR,Nabagram,Normal/Others,NA - Installing tube-wells and borewells,DISTRICT MAGISTRATE SOUTH TWENTY FOUR PARGANAS_IDA,2023-07-22,Action Pending,200000,Unsanctioned
MPLADS-055541,Ms Sushmita Dev,Rajya Sabha,West Bengal,Sitting Rajya Sabha,,,BARUIPUR,Belgachhi,Normal/Others,NA - Installing tube-wells and borewells,DISTRICT MAGISTRATE SOUTH TWENTY FOUR PARGANAS_IDA,2023-07-22,Action Pending,200000,Unsanctioned
MPLADS-055542,Ms Sushmita Dev,Rajya Sabha,West Bengal,Sitting Rajya Sabha,,,BARUIPUR,Hariharpur (CT),Normal/Others,NA - Installing tube-wells and borewells,DISTRICT MAGISTRATE SOUTH TWENTY FOUR PARGANAS_IDA,2023-07-22,Action Pending,200000,Unsanctioned
MPLADS-055543,Ms Sushmita Dev,Rajya Sabha,West Bengal,Sitting Rajya Sabha,,,BARUIPUR,Chitrasali,Normal/Others,NA - Installing tube-wells and borewells,DISTRICT MAGISTRATE SOUTH TWENTY FOUR PARGANAS_IDA,2023-07-22,Action Pending,200000,Unsanctioned
MPLADS-055544,Smt Shanta Chhetri,Rajya Sabha,West Bengal,Sitting Rajya Sabha,,,MAGRA HAT-II,Magrahat (CT),Normal/Others,NA - Installing tube-wells and borewells,DISTRICT MAGISTRATE SOUTH TWENTY FOUR PARGANAS_IDA,2023-07-22,Action Pending,200000,Unsanctioned
MPLADS-055545,Smt Shanta Chhetri,Rajya Sabha,West Bengal,Sitting Rajya Sabha,,,MAGRA HAT-II,Mamudpur,Normal/Others,NA - Installing tube-wells and borewells,DISTRICT MAGISTRATE SOUTH TWENTY FOUR PARGANAS_IDA,2023-07-22,Action Pending,200000,Unsanctioned
MPLADS-055546,Ms Sushmita Dev,Rajya Sabha,West Bengal,Sitting Rajya Sabha,,,FALTA,Punya,Normal/Others,NA - Installing tube-wells and borewells,DISTRICT MAGISTRATE SOUTH TWENTY FOUR PARGANAS_IDA,2023-07-22,Action Pending,200000,Unsanctioned
MPLADS-055547,SHRI Sukhendu Sekhar Ray,Rajya Sabha,West Bengal,Sitting Rajya Sabha,,,KAK DWIP,Akshyanagar,Normal/Others,NA - Installing tube-wells and borewells,DISTRICT MAGISTRATE SOUTH TWENTY FOUR PARGANAS_IDA,2023-07-22,Action Pending,200000,Unsanctioned
MPLADS-055560,Pratima Mondal,Lok Sabha,West Bengal,JOYNAGAR(SC),,,MAGRA HAT-II,Rajpur,Normal/Others,"WS/MP485/2023-2024/5696 - Construction of roads, link roads, pathways or any other road with or without drainage system",DISTRICT MAGISTRATE SOUTH TWENTY FOUR PARGANAS_IDA,2023-07-22,Approved by IDA,200000,Completed
MPLADS-055561,SHRI Sukhendu Sekhar Ray,Rajya Sabha,West Bengal,Sitting Rajya Sabha,,,KAK DWIP,Gobindarampur,Normal/Others,NA - Installing tube-wells and borewells,DISTRICT MAGISTRATE SOUTH TWENTY FOUR PARGANAS_IDA,2023-07-22,Action Pending,200000,Unsanctioned
MPLADS-055562,Smt Shanta Chhetri,Rajya Sabha,West Bengal,Sitting Rajya Sabha,,,BISHNUPUR-II,Joychandipur,Normal/Others,NA - Installing tube-wells and borewells,DISTRICT MAGISTRATE SOUTH TWENTY FOUR PARGANAS_IDA,2023-07-21,Action Pending,200000,Unsanctioned
MPLADS-055563,Smt Shanta Chhetri,Rajya Sabha,West Bengal,Sitting Rajya Sabha,,,BISHNUPUR-II,Sukdebpur,Normal/Others,NA - Installing tube-wells and borewells,DISTRICT MAGISTRATE SOUTH TWENTY FOUR PARGANAS_IDA,2023-07-21,Action Pending,200000,Unsanctioned
MPLADS-055564,Smt Shanta Chhetri,Rajya Sabha,West Bengal,Sitting Rajya Sabha,,,BISHNUPUR-II,Barkalikapur (CT),Normal/Others,NA - Installing tube-wells and borewells,DISTRICT MAGISTRATE SOUTH TWENTY FOUR PARGANAS_IDA,2023-07-21,Action Pending,200000,Unsanctioned
MPLADS-055565,Smt Shanta Chhetri,Rajya Sabha,West Bengal,Sitting Rajya Sabha,,,BISHNUPUR-II,Deulberia,Normal/Others,NA - Installing tube-wells and borewells,DISTRICT MAGISTRATE SOUTH TWENTY FOUR PARGANAS_IDA,2023-07-21,Action Pending,200000,Unsanctioned
MPLADS-055566,Smt Shanta Chhetri,Rajya Sabha,West Bengal,Sitting Rajya Sabha,,,BISHNUPUR-II,Borahanpur,Normal/Others,NA - Installing tube-wells and borewells,DISTRICT MAGISTRATE SOUTH TWENTY FOUR PARGANAS_IDA,2023-07-21,Action Pending,200000,Unsanctioned
MPLADS-055568,Smt Shanta Chhetri,Rajya Sabha,West Bengal,Sitting Rajya Sabha,,,BISHNUPUR-II,Deulberia,Normal/Others,NA - Installing tube-wells and borewells,DISTRICT MAGISTRATE SOUTH TWENTY FOUR PARGANAS_IDA,2023-07-21,Action Pending,200000,Unsanctioned
MPLADS-055569,Smt Shanta Chhetri,Rajya Sabha,West Bengal,Sitting Rajya Sabha,,,BISHNUPUR-II,Borahanpur,Normal/Others,NA - Installing tube-wells and borewells,DISTRICT MAGISTRATE SOUTH TWENTY FOUR PARGANAS_IDA,2023-07-21,Action Pending,200000,Unsanctioned
MPLADS-055570,Smt Shanta Chhetri,Rajya Sabha,West Bengal,Sitting Rajya Sabha,,,BISHNUPUR-II,Patharberia (CT),Normal/Others,NA - Installing tube-wells and borewells,DISTRICT MAGISTRATE SOUTH TWENTY FOUR PARGANAS_IDA,2023-07-21,Action Pending,200000,Unsanctioned
MPLADS-055571,Smt Shanta Chhetri,Rajya Sabha,West Bengal,Sitting Rajya Sabha,,,BISHNUPUR-II,Chhota Gagangohalia,Normal/Others,NA - Installing tube-wells and borewells,DISTRICT MAGISTRATE SOUTH TWENTY FOUR PARGANAS_IDA,2023-07-21,Action Pending,200000,Unsanctioned
MPLADS-055572,Smt Shanta Chhetri,Rajya Sabha,West Bengal,Sitting Rajya Sabha,,,BISHNUPUR-II,Chandpur,Normal/Others,NA - Installing tube-wells and borewells,DISTRICT MAGISTRATE SOUTH TWENTY FOUR PARGANAS_IDA,2023-07-21,Action Pending,200000,Unsanctioned
MPLADS-055573,Smt Shanta Chhetri,Rajya Sabha,West Bengal,Sitting Rajya Sabha,,,BISHNUPUR-II,Borahanpur,Normal/Others,NA - Installing tube-wells and borewells,DISTRICT MAGISTRATE SOUTH TWENTY FOUR PARGANAS_IDA,2023-07-21,Action Pending,200000,Unsanctioned
MPLADS-055574,Smt Shanta Chhetri,Rajya Sabha,West Bengal,Sitting Rajya Sabha,,,BISHNUPUR-II,Golbari Kalicharanpur,Normal/Others,NA - Installing tube-wells and borewells,DISTRICT MAGISTRATE SOUTH TWENTY FOUR PARGANAS_IDA,2023-07-21,Action Pending,200000,Unsanctioned
MPLADS-055575,Smt Shanta Chhetri,Rajya Sabha,West Bengal,Sitting Rajya Sabha,,,BISHNUPUR-II,Ramkrishnapur (CT),Normal/Others,NA - Installing tube-wells and borewells,DISTRICT MAGISTRATE SOUTH TWENTY FOUR PARGANAS_IDA,2023-07-21,Action Pending,200000,Unsanctioned
MPLADS-055576,Smt Shanta Chhetri,Rajya Sabha,West Bengal,Sitting Rajya Sabha,,,BISHNUPUR-II,Mamudpur,Normal/Others,NA - Installing tube-wells and borewells,DISTRICT MAGISTRATE SOUTH TWENTY FOUR PARGANAS_IDA,2023-07-21,Action Pending,200000,Unsanctioned
MPLADS-055577,Smt Shanta Chhetri,Rajya Sabha,West Bengal,Sitting Rajya Sabha,,,BISHNUPUR-II,Borahanpur,Normal/Others,NA - Installing tube-wells and borewells,DISTRICT MAGISTRATE SOUTH TWENTY FOUR PARGANAS_IDA,2023-07-21,Action Pending,200000,Unsanctioned
MPLADS-055578,Smt Shanta Chhetri,Rajya Sabha,West Bengal,Sitting Rajya Sabha,,,BISHNUPUR-II,Nahazari (CT),Normal/Others,NA - Installing tube-wells and borewells,DISTRICT MAGISTRATE SOUTH TWENTY FOUR PARGANAS_IDA,2023-07-21,Action Pending,200000,Unsanctioned
MPLADS-055579,Smt Shanta Chhetri,Rajya Sabha,West Bengal,Sitting Rajya Sabha,,,BISHNUPUR-II,Patharberia (CT),Normal/Others,NA - Installing tube-wells and borewells,DISTRICT MAGISTRATE SOUTH TWENTY FOUR PARGANAS_IDA,2023-07-21,Action Pending,200000,Unsanctioned
MPLADS-055580,Smt Shanta Chhetri,Rajya Sabha,West Bengal,Sitting Rajya Sabha,,,BISHNUPUR-II,Kriparampur (CT),Normal/Others,NA - Installing tube-wells and borewells,DISTRICT MAGISTRATE SOUTH TWENTY FOUR PARGANAS_IDA,2023-07-21,Action Pending,200000,Unsanctioned
MPLADS-055581,Smt Shanta Chhetri,Rajya Sabha,West Bengal,Sitting Rajya Sabha,,,BISHNUPUR-II,Nahazari (CT),Normal/Others,NA - Installing tube-wells and borewells,DISTRICT MAGISTRATE SOUTH TWENTY FOUR PARGANAS_IDA,2023-07-21,Action Pending,200000,Unsanctioned
MPLADS-055582,Smt Shanta Chhetri,Rajya Sabha,West Bengal,Sitting Rajya Sabha,,,BISHNUPUR-II,Bakrahat,Normal/Others,NA - Installing tube-wells and borewells,DISTRICT MAGISTRATE SOUTH TWENTY FOUR PARGANAS_IDA,2023-07-21,Action Pending,200000,Unsanctioned
MPLADS-055583,Smt Shanta Chhetri,Rajya Sabha,West Bengal,Sitting Rajya Sabha,,,BISHNUPUR-II,Bakrahat,Normal/Others,NA - Installing tube-wells and borewells,DISTRICT MAGISTRATE SOUTH TWENTY FOUR PARGANAS_IDA,2023-07-21,Action Pending,200000,Unsanctioned
MPLADS-055584,Smt Shanta Chhetri,Rajya Sabha,West Bengal,Sitting Rajya Sabha,,,BISHNUPUR-II,Nahazari (CT),Normal/Others,NA - Installing tube-wells and borewells,DISTRICT MAGISTRATE SOUTH TWENTY FOUR PARGANAS_IDA,2023-07-21,Action Pending,200000,Unsanctioned
MPLADS-055585,Smt Shanta Chhetri,Rajya Sabha,West Bengal,Sitting Rajya Sabha,,,BISHNUPUR-II,Chandi,Normal/Others,NA - Installing tube-wells and borewells,DISTRICT MAGISTRATE SOUTH TWENTY FOUR PARGANAS_IDA,2023-07-21,Action Pending,200000,Unsanctioned
MPLADS-055586,Smt Shanta Chhetri,Rajya Sabha,West Bengal,Sitting Rajya Sabha,,,BISHNUPUR-II,Udayrampur,Normal/Others,NA - Installing tube-wells and borewells,DISTRICT MAGISTRATE SOUTH TWENTY FOUR PARGANAS_IDA,2023-07-21,Action Pending,200000,Unsanctioned
MPLADS-055587,Smt Shanta Chhetri,Rajya Sabha,West Bengal,Sitting Rajya Sabha,,,BISHNUPUR-II,Kanganbaria (CT),Normal/Others,NA - Installing tube-wells and borewells,DISTRICT MAGISTRATE SOUTH TWENTY FOUR PARGANAS_IDA,2023-07-21,Action Pending,200000,Unsanctioned
MPLADS-055588,Smt Shanta Chhetri,Rajya Sabha,West Bengal,Sitting Rajya Sabha,,,BISHNUPUR-II,Chandi,Normal/Others,NA - Installing tube-wells and borewells,DISTRICT MAGISTRATE SOUTH TWENTY FOUR PARGANAS_IDA,2023-07-21,Action Pending,200000,Unsanctioned
MPLADS-055589,Smt Shanta Chhetri,Rajya Sabha,West Bengal,Sitting Rajya Sabha,,,BISHNUPUR-II,Ramkrishnapur (CT),Normal/Others,NA - Installing tube-wells and borewells,DISTRICT MAGISTRATE SOUTH TWENTY FOUR PARGANAS_IDA,2023-07-21,Action Pending,200000,Unsanctioned
MPLADS-055590,Ms Sushmita Dev,Rajya Sabha,West Bengal,Sitting Rajya Sabha,,,SONARPUR,Joyenpur,Normal/Others,NA - Installing tube-wells and borewells,DISTRICT MAGISTRATE SOUTH TWENTY FOUR PARGANAS_IDA,2023-07-21,Action Pending,200000,Unsanctioned
MPLADS-055591,Ms Sushmita Dev,Rajya Sabha,West Bengal,Sitting Rajya Sabha,,,SONARPUR,Kalikapur (CT),Normal/Others,NA - Installing tube-wells and borewells,DISTRICT MAGISTRATE SOUTH TWENTY FOUR PARGANAS_IDA,2023-07-21,Action Pending,200000,Unsanctioned
MPLADS-055592,Ms Sushmita Dev,Rajya Sabha,West Bengal,Sitting Rajya Sabha,,,SONARPUR,Chak Baria (CT),Normal/Others,NA - Installing tube-wells and borewells,DISTRICT MAGISTRATE SOUTH TWENTY FOUR PARGANAS_IDA,2023-07-21,Action Pending,200000,Unsanctioned
MPLADS-055593,Ms Sushmita Dev,Rajya Sabha,West Bengal,Sitting Rajya Sabha,,,SONARPUR,Chak Baria (CT),Normal/Others,NA - Installing tube-wells and borewells,DISTRICT MAGISTRATE SOUTH TWENTY FOUR PARGANAS_IDA,2023-07-21,Action Pending,200000,Unsanctioned
MPLADS-055594,Ms Sushmita Dev,Rajya Sabha,West Bengal,Sitting Rajya Sabha,,,SONARPUR,Jardaha,Normal/Others,NA - Installing tube-wells and borewells,DISTRICT MAGISTRATE SOUTH TWENTY FOUR PARGANAS_IDA,2023-07-21,Action Pending,200000,Unsanctioned
MPLADS-055595,Ms Sushmita Dev,Rajya Sabha,West Bengal,Sitting Rajya Sabha,,,SONARPUR,Muragachha,Normal/Others,NA - Installing tube-wells and borewells,DISTRICT MAGISTRATE SOUTH TWENTY FOUR PARGANAS_IDA,2023-07-21,Action Pending,200000,Unsanctioned
MPLADS-055596,Ms Sushmita Dev,Rajya Sabha,West Bengal,Sitting Rajya Sabha,,,SONARPUR,Muragachha,Normal/Others,NA - Installing tube-wells and borewells,DISTRICT MAGISTRATE SOUTH TWENTY FOUR PARGANAS_IDA,2023-07-21,Action Pending,200000,Unsanctioned
MPLADS-055597,Ms Sushmita Dev,Rajya Sabha,West Bengal,Sitting Rajya Sabha,,,SONARPUR,Makrampur,Normal/Others,NA - Installing tube-wells and borewells,DISTRICT MAGISTRATE SOUTH TWENTY FOUR PARGANAS_IDA,2023-07-21,Action Pending,200000,Unsanctioned
MPLADS-055598,Ms Sushmita Dev,Rajya Sabha,West Bengal,Sitting Rajya Sabha,,,SONARPUR,Mali Pukuria,Normal/Others,NA - Installing tube-wells and borewells,DISTRICT MAGISTRATE SOUTH TWENTY FOUR PARGANAS_IDA,2023-07-21,Action Pending,200000,Unsanctioned
MPLADS-055599,Smt Shanta Chhetri,Rajya Sabha,West Bengal,Sitting Rajya Sabha,,,BISHNUPUR-II,Chak Sukdeb,Normal/Others,NA - Installing tube-wells and borewells,DISTRICT MAGISTRATE SOUTH TWENTY FOUR PARGANAS_IDA,2023-07-21,Action Pending,200000,Unsanctioned
MPLADS-055600,Ms Sushmita Dev,Rajya Sabha,West Bengal,Sitting Rajya Sabha,,,SONARPUR,Mali Pukuria,Normal/Others,NA - Installing tube-wells and borewells,DISTRICT MAGISTRATE SOUTH TWENTY FOUR PARGANAS_IDA,2023-07-21,Action Pending,200000,Unsanctioned
MPLADS-055601,Ms Sushmita Dev,Rajya Sabha,West Bengal,Sitting Rajya Sabha,,,SONARPUR,Mathurapur,Normal/Others,NA - Installing tube-wells and borewells,DISTRICT MAGISTRATE SOUTH TWENTY FOUR PARGANAS_IDA,2023-07-21,Action Pending,200000,Unsanctioned
MPLADS-055602,Ms Sushmita Dev,Rajya Sabha,West Bengal,Sitting Rajya Sabha,,,SONARPUR,Rampur,Normal/Others,NA - Installing tube-wells and borewells,DISTRICT MAGISTRATE SOUTH TWENTY FOUR PARGANAS_IDA,2023-07-21,Action Pending,200000,Unsanctioned
MPLADS-055603,Ms Sushmita Dev,Rajya Sabha,West Bengal,Sitting Rajya Sabha,,,SONARPUR,Raghunathpur,Normal/Others,NA - Installing tube-wells and borewells,DISTRICT MAGISTRATE SOUTH TWENTY FOUR PARGANAS_IDA,2023-07-21,Action Pending,200000,Unsanctioned
MPLADS-055604,Ms Sushmita Dev,Rajya Sabha,West Bengal,Sitting Rajya Sabha,,,SONARPUR,Chandpur,Normal/Others,NA - Installing tube-wells and borewells,DISTRICT MAGISTRATE SOUTH TWENTY FOUR PARGANAS_IDA,2023-07-21,Action Pending,200000,Unsanctioned
MPLADS-055605,Ms Sushmita Dev,Rajya Sabha,West Bengal,Sitting Rajya Sabha,,,SONARPUR,Palghat,Normal/Others,NA - Installing tube-wells and borewells,DISTRICT MAGISTRATE SOUTH TWENTY FOUR PARGANAS_IDA,2023-07-21,Action Pending,200000,Unsanctioned
MPLADS-055606,Ms Sushmita Dev,Rajya Sabha,West Bengal,Sitting Rajya Sabha,,,SONARPUR,Raghunathpur,Normal/Others,NA - Installing tube-wells and borewells,DISTRICT MAGISTRATE SOUTH TWENTY FOUR PARGANAS_IDA,2023-07-21,Action Pending,200000,Unsanctioned
MPLADS-055607,Ms Sushmita Dev,Rajya Sabha,West Bengal,Sitting Rajya Sabha,,,SONARPUR,Natagachhi,Normal/Others,NA - Installing tube-wells and borewells,DISTRICT MAGISTRATE SOUTH TWENTY FOUR PARGANAS_IDA,2023-07-21,Action Pending,200000,Unsanctioned
MPLADS-055608,Ms Sushmita Dev,Rajya Sabha,West Bengal,Sitting Rajya Sabha,,,SONARPUR,Raypur,Normal/Others,NA - Installing tube-wells and borewells,DISTRICT MAGISTRATE SOUTH TWENTY FOUR PARGANAS_IDA,2023-07-21,Action Pending,200000,Unsanctioned
MPLADS-055609,Ms Sushmita Dev,Rajya Sabha,West Bengal,Sitting Rajya Sabha,,,SONARPUR,Kalikapur (CT),Normal/Others,NA - Installing tube-wells and borewells,DISTRICT MAGISTRATE SOUTH TWENTY FOUR PARGANAS_IDA,2023-07-21,Action Pending,200000,Unsanctioned
MPLADS-055610,Ms Sushmita Dev,Rajya Sabha,West Bengal,Sitting Rajya Sabha,,,SONARPUR,Khurigochhi,Normal/Others,NA - Installing tube-wells and borewells,DISTRICT MAGISTRATE SOUTH TWENTY FOUR PARGANAS_IDA,2023-07-21,Action Pending,200000,Unsanctioned
MPLADS-055611,Smt Shanta Chhetri,Rajya Sabha,West Bengal,Sitting Rajya Sabha,,,BISHNUPUR-II,Ramchandra Nagar,Normal/Others,NA - Installing tube-wells and borewells,DISTRICT MAGISTRATE SOUTH TWENTY FOUR PARGANAS_IDA,2023-07-21,Action Pending,200000,Unsanctioned
MPLADS-055612,Smt Shanta Chhetri,Rajya Sabha,West Bengal,Sitting Rajya Sabha,,,BISHNUPUR-II,Chandi,Normal/Others,NA - Installing tube-wells and borewells,DISTRICT MAGISTRATE SOUTH TWENTY FOUR PARGANAS_IDA,2023-07-21,Action Pending,200000,Unsanctioned
MPLADS-055613,Smt Shanta Chhetri,Rajya Sabha,West Bengal,Sitting Rajya Sabha,,,BISHNUPUR-II,Sultanganja,Normal/Others,NA - Installing tube-wells and borewells,DISTRICT MAGISTRATE SOUTH TWENTY FOUR PARGANAS_IDA,2023-07-21,Action Pending,200000,Unsanctioned
MPLADS-055614,Smt Shanta Chhetri,Rajya Sabha,West Bengal,Sitting Rajya Sabha,,,BISHNUPUR-II,Jayrampur,Normal/Others,NA - Installing tube-wells and borewells,DISTRICT MAGISTRATE SOUTH TWENTY FOUR PARGANAS_IDA,2023-07-21,Action Pending,200000,Unsanctioned
MPLADS-055615,Smt Shanta Chhetri,Rajya Sabha,West Bengal,Sitting Rajya Sabha,,,BISHNUPUR-II,Khagramuri,Normal/Others,NA - Installing tube-wells and borewells,DISTRICT MAGISTRATE SOUTH TWENTY FOUR PARGANAS_IDA,2023-07-21,Action Pending,200000,Unsanctioned
MPLADS-055616,Smt Shanta Chhetri,Rajya Sabha,West Bengal,Sitting Rajya Sabha,,,BISHNUPUR-II,Nahazari (CT),Normal/Others,NA - Installing tube-wells and borewells,DISTRICT MAGISTRATE SOUTH TWENTY FOUR PARGANAS_IDA,2023-07-21,Action Pending,200000,Unsanctioned
MPLADS-055617,Smt Shanta Chhetri,Rajya Sabha,West Bengal,Sitting Rajya Sabha,,,BISHNUPUR-II,Chak Enayetnagar (CT),Normal/Others,NA - Installing tube-wells and borewells,DISTRICT MAGISTRATE SOUTH TWENTY FOUR PARGANAS_IDA,2023-07-21,Action Pending,200000,Unsanctioned
MPLADS-055618,Smt Shanta Chhetri,Rajya Sabha,West Bengal,Sitting Rajya Sabha,,,BISHNUPUR-II,Chandpur,Normal/Others,NA - Installing tube-wells and borewells,DISTRICT MAGISTRATE SOUTH TWENTY FOUR PARGANAS_IDA,2023-07-21,Action Pending,200000,Unsanctioned
MPLADS-055619,Smt Shanta Chhetri,Rajya Sabha,West Bengal,Sitting Rajya Sabha,,,BISHNUPUR-II,Chanddandaha (CT),Normal/Others,NA - Installing tube-wells and borewells,DISTRICT MAGISTRATE SOUTH TWENTY FOUR PARGANAS_IDA,2023-07-21,Action Pending,200000,Unsanctioned
MPLADS-055620,Ms Sushmita Dev,Rajya Sabha,West Bengal,Sitting Rajya Sabha,,,SONARPUR,Jafarpur,Normal/Others,NA - Installing tube-wells and borewells,DISTRICT MAGISTRATE SOUTH TWENTY FOUR PARGANAS_IDA,2023-07-21,Action Pending,200000,Unsanctioned
MPLADS-055621,Ms Sushmita Dev,Rajya Sabha,West Bengal,Sitting Rajya Sabha,,,SONARPUR,Chandpur,Normal/Others,NA - Installing tube-wells and borewells,DISTRICT MAGISTRATE SOUTH TWENTY FOUR PARGANAS_IDA,2023-07-21,Action Pending,200000,Unsanctioned
MPLADS-055622,Ms Sushmita Dev,Rajya Sabha,West Bengal,Sitting Rajya Sabha,,,SONARPUR,Kalikapur (CT),Normal/Others,NA - Installing tube-wells and borewells,DISTRICT MAGISTRATE SOUTH TWENTY FOUR PARGANAS_IDA,2023-07-21,Action Pending,200000,Unsanctioned
MPLADS-055623,Ms Sushmita Dev,Rajya Sabha,West Bengal,Sitting Rajya Sabha,,,SONARPUR,Kalikapur (CT),Normal/Others,NA - Installing tube-wells and borewells,DISTRICT MAGISTRATE SOUTH TWENTY FOUR PARGANAS_IDA,2023-07-21,Action Pending,200000,Unsanctioned
MPLADS-055624,Ms Sushmita Dev,Rajya Sabha,West Bengal,Sitting Rajya Sabha,,,SONARPUR,Jagadishpur,Normal/Others,NA - Installing tube-wells and borewells,DISTRICT MAGISTRATE SOUTH TWENTY FOUR PARGANAS_IDA,2023-07-21,Action Pending,200000,Unsanctioned
MPLADS-055625,Ms Sushmita Dev,Rajya Sabha,West Bengal,Sitting Rajya Sabha,,,SONARPUR,Gangajora,Normal/Others,NA - Installing tube-wells and borewells,DISTRICT MAGISTRATE SOUTH TWENTY FOUR PARGANAS_IDA,2023-07-21,Action Pending,200000,Unsanctioned
MPLADS-055626,Smt Shanta Chhetri,Rajya Sabha,West Bengal,Sitting Rajya Sabha,,,BISHNUPUR-II,Udayrampur,Normal/Others,NA - Installing tube-wells and borewells,DISTRICT MAGISTRATE SOUTH TWENTY FOUR PARGANAS_IDA,2023-07-21,Action Pending,200000,Unsanctioned
MPLADS-055627,Smt Shanta Chhetri,Rajya Sabha,West Bengal,Sitting Rajya Sabha,,,GOSABA,Bijoynagar,Normal/Others,NA - Installing tube-wells and borewells,DISTRICT MAGISTRATE SOUTH TWENTY FOUR PARGANAS_IDA,2023-07-21,Action Pending,200000,Unsanctioned
MPLADS-055628,Smt Shanta Chhetri,Rajya Sabha,West Bengal,Sitting Rajya Sabha,,,BISHNUPUR-II,Chanddandaha (CT),Normal/Others,NA - Installing tube-wells and borewells,DISTRICT MAGISTRATE SOUTH TWENTY FOUR PARGANAS_IDA,2023-07-21,Action Pending,200000,Unsanctioned
MPLADS-055629,Smt Shanta Chhetri,Rajya Sabha,West Bengal,Sitting Rajya Sabha,,,GOSABA,Radhanagar Purba,Normal/Others,NA - Installing tube-wells and borewells,DISTRICT MAGISTRATE SOUTH TWENTY FOUR PARGANAS_IDA,2023-07-21,Action Pending,200000,Unsanctioned
MPLADS-055630,Smt Shanta Chhetri,Rajya Sabha,West Bengal,Sitting Rajya Sabha,,,GOSABA,Battali,Normal/Others,NA - Installing tube-wells and borewells,DISTRICT MAGISTRATE SOUTH TWENTY FOUR PARGANAS_IDA,2023-07-21,Action Pending,200000,Unsanctioned
MPLADS-055631,Smt Shanta Chhetri,Rajya Sabha,West Bengal,Sitting Rajya Sabha,,,GOSABA,Battali,Normal/Others,NA - Installing tube-wells and borewells,DISTRICT MAGISTRATE SOUTH TWENTY FOUR PARGANAS_IDA,2023-07-21,Action Pending,200000,Unsanctioned
MPLADS-055632,Smt Shanta Chhetri,Rajya Sabha,West Bengal,Sitting Rajya Sabha,,,GOSABA,Pathankhali,Normal/Others,NA - Installing tube-wells and borewells,DISTRICT MAGISTRATE SOUTH TWENTY FOUR PARGANAS_IDA,2023-07-21,Action Pending,200000,Unsanctioned
MPLADS-055633,Smt Shanta Chhetri,Rajya Sabha,West Bengal,Sitting Rajya Sabha,,,GOSABA,Radhanagar Purba,Normal/Others,NA - Installing tube-wells and borewells,DISTRICT MAGISTRATE SOUTH TWENTY FOUR PARGANAS_IDA,2023-07-21,Action Pending,200000,Unsanctioned
MPLADS-055634,Smt Shanta Chhetri,Rajya Sabha,West Bengal,Sitting Rajya Sabha,,,GOSABA,Baramollakhali,Normal/Others,NA - Installing tube-wells and borewells,DISTRICT MAGISTRATE SOUTH TWENTY FOUR PARGANAS_IDA,2023-07-21,Action Pending,200000,Unsanctioned
MPLADS-055635,Smt Shanta Chhetri,Rajya Sabha,West Bengal,Sitting Rajya Sabha,,,GOSABA,Baramollakhali,Normal/Others,NA - Installing tube-wells and borewells,DISTRICT MAGISTRATE SOUTH TWENTY FOUR PARGANAS_IDA,2023-07-21,Action Pending,200000,Unsanctioned
MPLADS-055636,Smt Shanta Chhetri,Rajya Sabha,West Bengal,Sitting Rajya Sabha,,,GOSABA,Uttar Danga,Normal/Others,NA - Installing tube-wells and borewells,DISTRICT MAGISTRATE SOUTH TWENTY FOUR PARGANAS_IDA,2023-07-21,Action Pending,200000,Unsanctioned
MPLADS-055637,Smt Shanta Chhetri,Rajya Sabha,West Bengal,Sitting Rajya Sabha,,,GOSABA,Satjalia,Normal/Others,NA - Installing tube-wells and borewells,DISTRICT MAGISTRATE SOUTH TWENTY FOUR PARGANAS_IDA,2023-07-21,Action Pending,200000,Unsanctioned
MPLADS-055638,Smt Shanta Chhetri,Rajya Sabha,West Bengal,Sitting Rajya Sabha,,,GOSABA,Bagbagan,Normal/Others,NA - Installing tube-wells and borewells,DISTRICT MAGISTRATE SOUTH TWENTY FOUR PARGANAS_IDA,2023-07-21,Action Pending,200000,Unsanctioned
MPLADS-055639,Smt Shanta Chhetri,Rajya Sabha,West Bengal,Sitting Rajya Sabha,,,GOSABA,Bagbagan,Normal/Others,NA - Installing tube-wells and borewells,DISTRICT MAGISTRATE SOUTH TWENTY FOUR PARGANAS_IDA,2023-07-21,Action Pending,200000,Unsanctioned
MPLADS-055640,Smt Shanta Chhetri,Rajya Sabha,West Bengal,Sitting Rajya Sabha,,,GOSABA,Kamakhyapur,Normal/Others,NA - Installing tube-wells and borewells,DISTRICT MAGISTRATE SOUTH TWENTY FOUR PARGANAS_IDA,2023-07-21,Action Pending,200000,Unsanctioned
MPLADS-055641,Smt Shanta Chhetri,Rajya Sabha,West Bengal,Sitting Rajya Sabha,,,GOSABA,Palpur,Normal/Others,NA - Installing tube-wells and borewells,DISTRICT MAGISTRATE SOUTH TWENTY FOUR PARGANAS_IDA,2023-07-21,Action Pending,200000,Unsanctioned
MPLADS-055642,Smt Shanta Chhetri,Rajya Sabha,West Bengal,Sitting Rajya Sabha,,,GOSABA,Palpur,Normal/Others,NA - Installing tube-wells and borewells,DISTRICT MAGISTRATE SOUTH TWENTY FOUR PARGANAS_IDA,2023-07-21,Action Pending,200000,Unsanctioned
MPLADS-055643,Smt Shanta Chhetri,Rajya Sabha,West Bengal,Sitting Rajya Sabha,,,GOSABA,Palpur,Normal/Others,NA - Installing tube-wells and borewells,DISTRICT MAGISTRATE SOUTH TWENTY FOUR PARGANAS_IDA,2023-07-21,Action Pending,200000,Unsanctioned
MPLADS-055644,Smt Shanta Chhetri,Rajya Sabha,West Bengal,Sitting Rajya Sabha,,,GOSABA,Pathankhali,Normal/Others,NA - Installing tube-wells and borewells,DISTRICT MAGISTRATE SOUTH TWENTY FOUR PARGANAS_IDA,2023-07-21,Action Pending,200000,Unsanctioned
MPLADS-055645,Smt Shanta Chhetri,Rajya Sabha,West Bengal,Sitting Rajya Sabha,,,GOSABA,Lahiripur,Normal/Others,NA - Installing tube-wells and borewells,DISTRICT MAGISTRATE SOUTH TWENTY FOUR PARGANAS_IDA,2023-07-21,Action Pending,200000,Unsanctioned
MPLADS-055646,Smt Shanta Chhetri,Rajya Sabha,West Bengal,Sitting Rajya Sabha,,,GOSABA,Lahiripur,Normal/Others,NA - Installing tube-wells and borewells,DISTRICT MAGISTRATE SOUTH TWENTY FOUR PARGANAS_IDA,2023-07-21,Action Pending,200000,Unsanctioned
MPLADS-055647,Smt Shanta Chhetri,Rajya Sabha,West Bengal,Sitting Rajya Sabha,,,GOSABA,Kumirmari,Normal/Others,NA - Installing tube-wells and borewells,DISTRICT MAGISTRATE SOUTH TWENTY FOUR PARGANAS_IDA,2023-07-21,Action Pending,200000,Unsanctioned
MPLADS-055648,Smt Shanta Chhetri,Rajya Sabha,West Bengal,Sitting Rajya Sabha,,,GOSABA,Kumirmari,Normal/Others,NA - Installing tube-wells and borewells,DISTRICT MAGISTRATE SOUTH TWENTY FOUR PARGANAS_IDA,2023-07-21,Action Pending,200000,Unsanctioned
MPLADS-055649,Smt Shanta Chhetri,Rajya Sabha,West Bengal,Sitting Rajya Sabha,,,GOSABA,Kumirmari,Normal/Others,NA - Installing tube-wells and borewells,DISTRICT MAGISTRATE SOUTH TWENTY FOUR PARGANAS_IDA,2023-07-21,Action Pending,200000,Unsanctioned
MPLADS-055650,Smt Shanta Chhetri,Rajya Sabha,West Bengal,Sitting Rajya Sabha,,,GOSABA,Ramnagarar,Normal/Others,NA - Installing tube-wells and borewells,DISTRICT MAGISTRATE SOUTH TWENTY FOUR PARGANAS_IDA,2023-07-21,Action Pending,200000,Unsanctioned
MPLADS-055651,Smt Shanta Chhetri,Rajya Sabha,West Bengal,Sitting Rajya Sabha,,,GOSABA,Ramnagarar,Normal/Others,NA - Installing tube-wells and borewells,DISTRICT MAGISTRATE SOUTH TWENTY FOUR PARGANAS_IDA,2023-07-21,Action Pending,200000,Unsanctioned
MPLADS-055652,Smt Shanta Chhetri,Rajya Sabha,West Bengal,Sitting Rajya Sabha,,,GOSABA,Kachu Khali,Normal/Others,NA - Installing tube-wells and borewells,DISTRICT MAGISTRATE SOUTH TWENTY FOUR PARGANAS_IDA,2023-07-21,Action Pending,200000,Unsanctioned
MPLADS-055653,Smt Shanta Chhetri,Rajya Sabha,West Bengal,Sitting Rajya Sabha,,,GOSABA,Chhota Molla Khali,Normal/Others,NA - Installing tube-wells and borewells,DISTRICT MAGISTRATE SOUTH TWENTY FOUR PARGANAS_IDA,2023-07-21,Action Pending,200000,Unsanctioned
MPLADS-055654,Smt Shanta Chhetri,Rajya Sabha,West Bengal,Sitting Rajya Sabha,,,GOSABA,Chhota Molla Khali,Normal/Others,NA - Installing tube-wells and borewells,DISTRICT MAGISTRATE SOUTH TWENTY FOUR PARGANAS_IDA,2023-07-21,Action Pending,200000,Unsanctioned
MPLADS-055655,Smt Shanta Chhetri,Rajya Sabha,West Bengal,Sitting Rajya Sabha,,,GOSABA,Baramollakhali,Normal/Others,NA - Installing tube-wells and borewells,DISTRICT MAGISTRATE SOUTH TWENTY FOUR PARGANAS_IDA,2023-07-21,Action Pending,200000,Unsanctioned
MPLADS-055656,Smt Shanta Chhetri,Rajya Sabha,West Bengal,Sitting Rajya Sabha,,,GOSABA,Biprodaspur,Normal/Others,NA - Installing tube-wells and borewells,DISTRICT MAGISTRATE SOUTH TWENTY FOUR PARGANAS_IDA,2023-07-21,Action Pending,200000,Unsanctioned
MPLADS-055657,Smt Shanta Chhetri,Rajya Sabha,West Bengal,Sitting Rajya Sabha,,,GOSABA,Biprodaspur,Normal/Others,NA - Installing tube-wells and borewells,DISTRICT MAGISTRATE SOUTH TWENTY FOUR PARGANAS_IDA,2023-07-21,Action Pending,200000,Unsanctioned
MPLADS-055658,Smt Shanta Chhetri,Rajya Sabha,West Bengal,Sitting Rajya Sabha,,,GOSABA,Chandipur,Normal/Others,NA - Installing tube-wells and borewells,DISTRICT MAGISTRATE SOUTH TWENTY FOUR PARGANAS_IDA,2023-07-21,Action Pending,200000,Unsanctioned
MPLADS-055659,Smt Shanta Chhetri,Rajya Sabha,West Bengal,Sitting Rajya Sabha,,,GOSABA,Chandipur,Normal/Others,NA - Installing tube-wells and borewells,DISTRICT MAGISTRATE SOUTH TWENTY FOUR PARGANAS_IDA,2023-07-21,Action Pending,200000,Unsanctioned
MPLADS-055661,Smt Shanta Chhetri,Rajya Sabha,West Bengal,Sitting Rajya Sabha,,,GOSABA,Satjalia,Normal/Others,NA - Installing tube-wells and borewells,DISTRICT MAGISTRATE SOUTH TWENTY FOUR PARGANAS_IDA,2023-07-21,Action Pending,200000,Unsanctioned
MPLADS-055662,Smt Shanta Chhetri,Rajya Sabha,West Bengal,Sitting Rajya Sabha,,,GOSABA,Satjalia,Normal/Others,NA - Installing tube-wells and borewells,DISTRICT MAGISTRATE SOUTH TWENTY FOUR PARGANAS_IDA,2023-07-21,Action Pending,200000,Unsanctioned
MPLADS-055663,Smt Shanta Chhetri,Rajya Sabha,West Bengal,Sitting Rajya Sabha,,,BISHNUPUR-II,Udayrampur,Normal/Others,NA - Installing tube-wells and borewells,DISTRICT MAGISTRATE SOUTH TWENTY FOUR PARGANAS_IDA,2023-07-21,Action Pending,200000,Unsanctioned
MPLADS-055665,Smt Shanta Chhetri,Rajya Sabha,West Bengal,Sitting Rajya Sabha,,,GOSABA,Lahiripur,Normal/Others,NA - Installing tube-wells and borewells,DISTRICT MAGISTRATE SOUTH TWENTY FOUR PARGANAS_IDA,2023-07-21,Action Pending,200000,Unsanctioned
MPLADS-055666,Smt Shanta Chhetri,Rajya Sabha,West Bengal,Sitting Rajya Sabha,,,GOSABA,Lahiripur,Normal/Others,NA - Installing tube-wells and borewells,DISTRICT MAGISTRATE SOUTH TWENTY FOUR PARGANAS_IDA,2023-07-21,Action Pending,200000,Unsanctioned
MPLADS-055674,Smt Shanta Chhetri,Rajya Sabha,West Bengal,Sitting Rajya Sabha,,,GOSABA,Manmathanagar,Normal/Others,NA - Installing tube-wells and borewells,DISTRICT MAGISTRATE SOUTH TWENTY FOUR PARGANAS_IDA,2023-07-21,Action Pending,200000,Unsanctioned
MPLADS-055675,Ms Sushmita Dev,Rajya Sabha,West Bengal,Sitting Rajya Sabha,,,SONARPUR,Raghabpur,Normal/Others,NA - Installing tube-wells and borewells,DISTRICT MAGISTRATE SOUTH TWENTY FOUR PARGANAS_IDA,2023-07-21,Action Pending,200000,Unsanctioned
MPLADS-055676,Smt Shanta Chhetri,Rajya Sabha,West Bengal,Sitting Rajya Sabha,,,GOSABA,Birajnagar,Normal/Others,NA - Installing tube-wells and borewells,DISTRICT MAGISTRATE SOUTH TWENTY FOUR PARGANAS_IDA,2023-07-21,Action Pending,200000,Unsanctioned
MPLADS-055677,Smt Shanta Chhetri,Rajya Sabha,West Bengal,Sitting Rajya Sabha,,,BISHNUPUR-II,Khagramuri,Normal/Others,NA - Installing tube-wells and borewells,DISTRICT MAGISTRATE SOUTH TWENTY FOUR PARGANAS_IDA,2023-07-21,Action Pending,200000,Unsanctioned
MPLADS-055678,Smt Shanta Chhetri,Rajya Sabha,West Bengal,Sitting Rajya Sabha,,,BISHNUPUR-II,Sultanganja,Normal/Others,NA - Installing tube-wells and borewells,DISTRICT MAGISTRATE SOUTH TWENTY FOUR PARGANAS_IDA,2023-07-21,Action Pending,200000,Unsanctioned
MPLADS-055679,Smt Shanta Chhetri,Rajya Sabha,West Bengal,Sitting Rajya Sabha,,,GOSABA,Dayapur,Normal/Others,NA - Installing tube-wells and borewells,DISTRICT MAGISTRATE SOUTH TWENTY FOUR PARGANAS_IDA,2023-07-21,Action Pending,200000,Unsanctioned
MPLADS-055696,Ms Sushmita Dev,Rajya Sabha,West Bengal,Sitting Rajya Sabha,,,SONARPUR,Sarmastapur,Normal/Others,NA - Installing tube-wells and borewells,DISTRICT MAGISTRATE SOUTH TWENTY FOUR PARGANAS_IDA,2023-07-21,Action Pending,200000,Unsanctioned
MPLADS-055697,Smt Shanta Chhetri,Rajya Sabha,West Bengal,Sitting Rajya Sabha,,,BISHNUPUR-II,Gobindapur,Normal/Others,NA - Installing tube-wells and borewells,DISTRICT MAGISTRATE SOUTH TWENTY FOUR PARGANAS_IDA,2023-07-21,Action Pending,200000,Unsanctioned
MPLADS-055698,Ms Sushmita Dev,Rajya Sabha,West Bengal,Sitting Rajya Sabha,,,SONARPUR,Raghabpur,Normal/Others,NA - Installing tube-wells and borewells,DISTRICT MAGISTRATE SOUTH TWENTY FOUR PARGANAS_IDA,2023-07-21,Action Pending,200000,Unsanctioned
MPLADS-055726,Ms Sushmita Dev,Rajya Sabha,West Bengal,Sitting Rajya Sabha,,,SONARPUR,Badehugli,Normal/Others,NA - Installing tube-wells and borewells,DISTRICT MAGISTRATE SOUTH TWENTY FOUR PARGANAS_IDA,2023-07-21,Action Pending,200000,Unsanctioned
MPLADS-055778,Ms Sushmita Dev,Rajya Sabha,West Bengal,Sitting Rajya Sabha,,,JAYNAGAR-II,Baidya Chak,Normal/Others,NA - Installing tube-wells and borewells,DISTRICT MAGISTRATE SOUTH TWENTY FOUR PARGANAS_IDA,2023-07-21,Action Pending,200000,Unsanctioned
MPLADS-055779,Ms Sushmita Dev,Rajya Sabha,West Bengal,Sitting Rajya Sabha,,,JAYNAGAR-II,Mayda,Normal/Others,NA - Installing tube-wells and borewells,DISTRICT MAGISTRATE SOUTH TWENTY FOUR PARGANAS_IDA,2023-07-21,Action Pending,200000,Unsanctioned
MPLADS-055780,Ms Sushmita Dev,Rajya Sabha,West Bengal,Sitting Rajya Sabha,,,JAYNAGAR-II,Mayda,Normal/Others,NA - Installing tube-wells and borewells,DISTRICT MAGISTRATE SOUTH TWENTY FOUR PARGANAS_IDA,2023-07-21,Action Pending,200000,Unsanctioned
MPLADS-055781,Ms Sushmita Dev,Rajya Sabha,West Bengal,Sitting Rajya Sabha,,,JAYNAGAR-II,Mayda,Normal/Others,NA - Installing tube-wells and borewells,DISTRICT MAGISTRATE SOUTH TWENTY FOUR PARGANAS_IDA,2023-07-21,Action Pending,200000,Unsanctioned
MPLADS-055782,Ms Sushmita Dev,Rajya Sabha,West Bengal,Sitting Rajya Sabha,,,JAYNAGAR-II,Nalgora,Normal/Others,NA - Installing tube-wells and borewells,DISTRICT MAGISTRATE SOUTH TWENTY FOUR PARGANAS_IDA,2023-07-21,Action Pending,200000,Unsanctioned
MPLADS-055783,Ms Sushmita Dev,Rajya Sabha,West Bengal,Sitting Rajya Sabha,,,JAYNAGAR-II,Nalgora,Normal/Others,NA - Installing tube-wells and borewells,DISTRICT MAGISTRATE SOUTH TWENTY FOUR PARGANAS_IDA,2023-07-21,Action Pending,200000,Unsanctioned
MPLADS-055784,Ms Sushmita Dev,Rajya Sabha,West Bengal,Sitting Rajya Sabha,,,JAYNAGAR-II,Nalgora,Normal/Others,NA - Installing tube-wells and borewells,DISTRICT MAGISTRATE SOUTH TWENTY FOUR PARGANAS_IDA,2023-07-21,Action Pending,200000,Unsanctioned
MPLADS-055785,Ms Sushmita Dev,Rajya Sabha,West Bengal,Sitting Rajya Sabha,,,JAYNAGAR-II,Taranagar,Normal/Others,NA - Installing tube-wells and borewells,DISTRICT MAGISTRATE SOUTH TWENTY FOUR PARGANAS_IDA,2023-07-21,Action Pending,200000,Unsanctioned
MPLADS-055786,Ms Sushmita Dev,Rajya Sabha,West Bengal,Sitting Rajya Sabha,,,JAYNAGAR-II,Taranagar,Normal/Others,NA - Installing tube-wells and borewells,DISTRICT MAGISTRATE SOUTH TWENTY FOUR PARGANAS_IDA,2023-07-21,Action Pending,200000,Unsanctioned
MPLADS-055787,Ms Sushmita Dev,Rajya Sabha,West Bengal,Sitting Rajya Sabha,,,JAYNAGAR-II,Taranagar,Normal/Others,NA - Installing tube-wells and borewells,DISTRICT MAGISTRATE SOUTH TWENTY FOUR PARGANAS_IDA,2023-07-21,Action Pending,200000,Unsanctioned
MPLADS-055788,Ms Sushmita Dev,Rajya Sabha,West Bengal,Sitting Rajya Sabha,,,JAYNAGAR-II,Chuprijhara,Normal/Others,NA - Installing tube-wells and borewells,DISTRICT MAGISTRATE SOUTH TWENTY FOUR PARGANAS_IDA,2023-07-21,Action Pending,200000,Unsanctioned
MPLADS-055789,Ms Sushmita Dev,Rajya Sabha,West Bengal,Sitting Rajya Sabha,,,JAYNAGAR-II,Chuprijhara,Normal/Others,NA - Installing tube-wells and borewells,DISTRICT MAGISTRATE SOUTH TWENTY FOUR PARGANAS_IDA,2023-07-21,Action Pending,200000,Unsanctioned
MPLADS-055791,Ms Sushmita Dev,Rajya Sabha,West Bengal,Sitting Rajya Sabha,,,JAYNAGAR-II,Kalinagar,Normal/Others,NA - Installing tube-wells and borewells,DISTRICT MAGISTRATE SOUTH TWENTY FOUR PARGANAS_IDA,2023-07-21,Action Pending,200000,Unsanctioned
MPLADS-055794,Ms Sushmita Dev,Rajya Sabha,West Bengal,Sitting Rajya Sabha,,,JAYNAGAR-II,Sahajadapur,Normal/Others,NA - Installing tube-wells and borewells,DISTRICT MAGISTRATE SOUTH TWENTY FOUR PARGANAS_IDA,2023-07-21,Action Pending,200000,Unsanctioned
MPLADS-055796,Ms Sushmita Dev,Rajya Sabha,West Bengal,Sitting Rajya Sabha,,,JAYNAGAR-II,Manirtala,Normal/Others,NA - Installing tube-wells and borewells,DISTRICT MAGISTRATE SOUTH TWENTY FOUR PARGANAS_IDA,2023-07-21,Action Pending,200000,Unsanctioned
MPLADS-055797,Ms Sushmita Dev,Rajya Sabha,West Bengal,Sitting Rajya Sabha,,,JAYNAGAR-II,Manirtala,Normal/Others,NA - Installing tube-wells and borewells,DISTRICT MAGISTRATE SOUTH TWENTY FOUR PARGANAS_IDA,2023-07-21,Action Pending,200000,Unsanctioned
MPLADS-055798,Ms Sushmita Dev,Rajya Sabha,West Bengal,Sitting Rajya Sabha,,,JAYNAGAR-II,Manirtala,Normal/Others,NA - Installing tube-wells and borewells,DISTRICT MAGISTRATE SOUTH TWENTY FOUR PARGANAS_IDA,2023-07-21,Action Pending,200000,Unsanctioned
MPLADS-055799,Ms Sushmita Dev,Rajya Sabha,West Bengal,Sitting Rajya Sabha,,,JAYNAGAR-II,Kalinagar,Normal/Others,NA - Installing tube-wells and borewells,DISTRICT MAGISTRATE SOUTH TWENTY FOUR PARGANAS_IDA,2023-07-21,Action Pending,200000,Unsanctioned
MPLADS-055800,Ms Sushmita Dev,Rajya Sabha,West Bengal,Sitting Rajya Sabha,,,JAYNAGAR-II,Mayda,Normal/Others,NA - Installing tube-wells and borewells,DISTRICT MAGISTRATE SOUTH TWENTY FOUR PARGANAS_IDA,2023-07-21,Action Pending,200000,Unsanctioned
MPLADS-055801,Ms Sushmita Dev,Rajya Sabha,West Bengal,Sitting Rajya Sabha,,,JAYNAGAR-II,Mayahauri,Normal/Others,NA - Installing tube-wells and borewells,DISTRICT MAGISTRATE SOUTH TWENTY FOUR PARGANAS_IDA,2023-07-21,Action Pending,200000,Unsanctioned
MPLADS-055802,Ms Sushmita Dev,Rajya Sabha,West Bengal,Sitting Rajya Sabha,,,JAYNAGAR-II,Mayahauri,Normal/Others,NA - Installing tube-wells and borewells,DISTRICT MAGISTRATE SOUTH TWENTY FOUR PARGANAS_IDA,2023-07-21,Action Pending,200000,Unsanctioned
MPLADS-055803,Ms Sushmita Dev,Rajya Sabha,West Bengal,Sitting Rajya Sabha,,,JAYNAGAR-II,Mayahauri,Normal/Others,NA - Installing tube-wells and borewells,DISTRICT MAGISTRATE SOUTH TWENTY FOUR PARGANAS_IDA,2023-07-21,Action Pending,200000,Unsanctioned
MPLADS-055804,Ms Sushmita Dev,Rajya Sabha,West Bengal,Sitting Rajya Sabha,,,JAYNAGAR-II,Gordoani,Normal/Others,NA - Installing tube-wells and borewells,DISTRICT MAGISTRATE SOUTH TWENTY FOUR PARGANAS_IDA,2023-07-21,Action Pending,200000,Unsanctioned
MPLADS-055805,Ms Sushmita Dev,Rajya Sabha,West Bengal,Sitting Rajya Sabha,,,JAYNAGAR-II,Gordoani,Normal/Others,NA - Installing tube-wells and borewells,DISTRICT MAGISTRATE SOUTH TWENTY FOUR PARGANAS_IDA,2023-07-21,Action Pending,200000,Unsanctioned
MPLADS-055806,Ms Sushmita Dev,Rajya Sabha,West Bengal,Sitting Rajya Sabha,,,JAYNAGAR-II,Gordoani,Normal/Others,NA - Installing tube-wells and borewells,DISTRICT MAGISTRATE SOUTH TWENTY FOUR PARGANAS_IDA,2023-07-21,Action Pending,200000,Unsanctioned
MPLADS-055807,Ms Sushmita Dev,Rajya Sabha,West Bengal,Sitting Rajya Sabha,,,JAYNAGAR-II,Baishata,Normal/Others,NA - Installing tube-wells and borewells,DISTRICT MAGISTRATE SOUTH TWENTY FOUR PARGANAS_IDA,2023-07-21,Action Pending,200000,Unsanctioned
MPLADS-055808,Ms Sushmita Dev,Rajya Sabha,West Bengal,Sitting Rajya Sabha,,,JAYNAGAR-II,Baidya Chak,Normal/Others,NA - Installing tube-wells and borewells,DISTRICT MAGISTRATE SOUTH TWENTY FOUR PARGANAS_IDA,2023-07-21,Action Pending,200000,Unsanctioned
MPLADS-055815,Ms Sushmita Dev,Rajya Sabha,West Bengal,Sitting Rajya Sabha,,,JAYNAGAR-II,Khania Sahazadapur,Normal/Others,NA - Installing tube-wells and borewells,DISTRICT MAGISTRATE SOUTH TWENTY FOUR PARGANAS_IDA,2023-07-21,Action Pending,200000,Unsanctioned
MPLADS-055816,Ms Sushmita Dev,Rajya Sabha,West Bengal,Sitting Rajya Sabha,,,JAYNAGAR-II,Chuprijhara,Normal/Others,NA - Installing tube-wells and borewells,DISTRICT MAGISTRATE SOUTH TWENTY FOUR PARGANAS_IDA,2023-07-21,Action Pending,200000,Unsanctioned
MPLADS-055922,SHRI Sukhendu Sekhar Ray,Rajya Sabha,West Bengal,Sitting Rajya Sabha,,,THAKURPUKUR MAHESTOLA,Jagannathpur,Normal/Others,NA - Installing tube-wells and borewells,DISTRICT MAGISTRATE SOUTH TWENTY FOUR PARGANAS_IDA,2023-07-20,Action Pending,200000,Unsanctioned
MPLADS-055923,SHRI Sukhendu Sekhar Ray,Rajya Sabha,West Bengal,Sitting Rajya Sabha,,,THAKURPUKUR MAHESTOLA,Chak Chhata,Normal/Others,NA - Installing tube-wells and borewells,DISTRICT MAGISTRATE SOUTH TWENTY FOUR PARGANAS_IDA,2023-07-20,Action Pending,200000,Unsanctioned
MPLADS-055924,SHRI Sukhendu Sekhar Ray,Rajya Sabha,West Bengal,Sitting Rajya Sabha,,,THAKURPUKUR MAHESTOLA,Sonamukhi,Normal/Others,NA - Installing tube-wells and borewells,DISTRICT MAGISTRATE SOUTH TWENTY FOUR PARGANAS_IDA,2023-07-20,Action Pending,200000,Unsanctioned
MPLADS-055925,SHRI Sukhendu Sekhar Ray,Rajya Sabha,West Bengal,Sitting Rajya Sabha,,,THAKURPUKUR MAHESTOLA,Sonamukhi,Normal/Others,NA - Installing tube-wells and borewells,DISTRICT MAGISTRATE SOUTH TWENTY FOUR PARGANAS_IDA,2023-07-20,Action Pending,200000,Unsanctioned
MPLADS-055926,SHRI Sukhendu Sekhar Ray,Rajya Sabha,West Bengal,Sitting Rajya Sabha,,,THAKURPUKUR MAHESTOLA,Asuti (CT),Normal/Others,NA - Installing tube-wells and borewells,DISTRICT MAGISTRATE SOUTH TWENTY FOUR PARGANAS_IDA,2023-07-20,Action Pending,200000,Unsanctioned
MPLADS-055927,SHRI Sukhendu Sekhar Ray,Rajya Sabha,West Bengal,Sitting Rajya Sabha,,,THAKURPUKUR MAHESTOLA,Asuti (CT),Normal/Others,NA - Installing tube-wells and borewells,DISTRICT MAGISTRATE SOUTH TWENTY FOUR PARGANAS_IDA,2023-07-20,Action Pending,200000,Unsanctioned
MPLADS-055928,SHRI Sukhendu Sekhar Ray,Rajya Sabha,West Bengal,Sitting Rajya Sabha,,,THAKURPUKUR MAHESTOLA,Jagannathpur,Normal/Others,NA - Installing tube-wells and borewells,DISTRICT MAGISTRATE SOUTH TWENTY FOUR PARGANAS_IDA,2023-07-20,Action Pending,200000,Unsanctioned
MPLADS-055929,SHRI Sukhendu Sekhar Ray,Rajya Sabha,West Bengal,Sitting Rajya Sabha,,,BHANGAR-I,Nalmuri,Normal/Others,NA - Installing tube-wells and borewells,DISTRICT MAGISTRATE SOUTH TWENTY FOUR PARGANAS_IDA,2023-07-20,Action Pending,200000,Unsanctioned
MPLADS-055930,SHRI Sukhendu Sekhar Ray,Rajya Sabha,West Bengal,Sitting Rajya Sabha,,,BHANGAR-I,Maricha (CT),Normal/Others,NA - Installing tube-wells and borewells,DISTRICT MAGISTRATE SOUTH TWENTY FOUR PARGANAS_IDA,2023-07-20,Action Pending,200000,Unsanctioned
MPLADS-055931,SHRI Sukhendu Sekhar Ray,Rajya Sabha,West Bengal,Sitting Rajya Sabha,,,BHANGAR-I,Khar Gachhi,Normal/Others,NA - Installing tube-wells and borewells,DISTRICT MAGISTRATE SOUTH TWENTY FOUR PARGANAS_IDA,2023-07-20,Action Pending,200000,Unsanctioned
MPLADS-055932,SHRI Sukhendu Sekhar Ray,Rajya Sabha,West Bengal,Sitting Rajya Sabha,,,BHANGAR-I,Narayanpur,Normal/Others,NA - Installing tube-wells and borewells,DISTRICT MAGISTRATE SOUTH TWENTY FOUR PARGANAS_IDA,2023-07-20,Action Pending,200000,Unsanctioned
MPLADS-055933,SHRI Sukhendu Sekhar Ray,Rajya Sabha,West Bengal,Sitting Rajya Sabha,,,BHANGAR-I,Maricha (CT),Normal/Others,NA - Installing tube-wells and borewells,DISTRICT MAGISTRATE SOUTH TWENTY FOUR PARGANAS_IDA,2023-07-20,Action Pending,200000,Unsanctioned
MPLADS-055934,SHRI Sukhendu Sekhar Ray,Rajya Sabha,West Bengal,Sitting Rajya Sabha,,,BHANGAR-I,Nalmuri,Normal/Others,NA - Installing tube-wells and borewells,DISTRICT MAGISTRATE SOUTH TWENTY FOUR PARGANAS_IDA,2023-07-20,Action Pending,200000,Unsanctioned
MPLADS-055935,SHRI Sukhendu Sekhar Ray,Rajya Sabha,West Bengal,Sitting Rajya Sabha,,,BHANGAR-I,Jagulgachhi,Normal/Others,NA - Installing tube-wells and borewells,DISTRICT MAGISTRATE SOUTH TWENTY FOUR PARGANAS_IDA,2023-07-20,Action Pending,200000,Unsanctioned
MPLADS-055936,SHRI Sukhendu Sekhar Ray,Rajya Sabha,West Bengal,Sitting Rajya Sabha,,,BHANGAR-I,Saihati,Normal/Others,NA - Installing tube-wells and borewells,DISTRICT MAGISTRATE SOUTH TWENTY FOUR PARGANAS_IDA,2023-07-20,Action Pending,200000,Unsanctioned
MPLADS-055937,SHRI Sukhendu Sekhar Ray,Rajya Sabha,West Bengal,Sitting Rajya Sabha,,,BHANGAR-I,Kalikapur,Normal/Others,NA - Installing tube-wells and borewells,DISTRICT MAGISTRATE SOUTH TWENTY FOUR PARGANAS_IDA,2023-07-20,Action Pending,200000,Unsanctioned
MPLADS-055938,SHRI Sukhendu Sekhar Ray,Rajya Sabha,West Bengal,Sitting Rajya Sabha,,,BHANGAR-I,Maricha (CT),Normal/Others,NA - Installing tube-wells and borewells,DISTRICT MAGISTRATE SOUTH TWENTY FOUR PARGANAS_IDA,2023-07-20,Action Pending,200000,Unsanctioned
MPLADS-055939,SHRI Sukhendu Sekhar Ray,Rajya Sabha,West Bengal,Sitting Rajya Sabha,,,BHANGAR-I,Andulgari,Normal/Others,NA - Installing tube-wells and borewells,DISTRICT MAGISTRATE SOUTH TWENTY FOUR PARGANAS_IDA,2023-07-20,Action Pending,200000,Unsanctioned
MPLADS-055940,SHRI Sukhendu Sekhar Ray,Rajya Sabha,West Bengal,Sitting Rajya Sabha,,,BHANGAR-I,Andulgari,Normal/Others,NA - Installing tube-wells and borewells,DISTRICT MAGISTRATE SOUTH TWENTY FOUR PARGANAS_IDA,2023-07-20,Action Pending,200000,Unsanctioned
MPLADS-055941,SHRI Sukhendu Sekhar Ray,Rajya Sabha,West Bengal,Sitting Rajya Sabha,,,BHANGAR-I,Chandpur,Normal/Others,NA - Installing tube-wells and borewells,DISTRICT MAGISTRATE SOUTH TWENTY FOUR PARGANAS_IDA,2023-07-20,Action Pending,200000,Unsanctioned
MPLADS-055942,SHRI Sukhendu Sekhar Ray,Rajya Sabha,West Bengal,Sitting Rajya Sabha,,,BHANGAR-I,Tardaha Kapasati,Normal/Others,NA - Installing tube-wells and borewells,DISTRICT MAGISTRATE SOUTH TWENTY FOUR PARGANAS_IDA,2023-07-20,Action Pending,200000,Unsanctioned
MPLADS-055943,SHRI Sukhendu Sekhar Ray,Rajya Sabha,West Bengal,Sitting Rajya Sabha,,,BHANGAR-I,Mathurapur,Normal/Others,NA - Installing tube-wells and borewells,DISTRICT MAGISTRATE SOUTH TWENTY FOUR PARGANAS_IDA,2023-07-20,Action Pending,200000,Unsanctioned
MPLADS-055944,SHRI Sukhendu Sekhar Ray,Rajya Sabha,West Bengal,Sitting Rajya Sabha,,,THAKURPUKUR MAHESTOLA,Khanberia,Normal/Others,NA - Installing tube-wells and borewells,DISTRICT MAGISTRATE SOUTH TWENTY FOUR PARGANAS_IDA,2023-07-20,Action Pending,200000,Unsanctioned
MPLADS-055945,SHRI Sukhendu Sekhar Ray,Rajya Sabha,West Bengal,Sitting Rajya Sabha,,,THAKURPUKUR MAHESTOLA,Bagpota,Normal/Others,NA - Installing tube-wells and borewells,DISTRICT MAGISTRATE SOUTH TWENTY FOUR PARGANAS_IDA,2023-07-20,Action Pending,200000,Unsanctioned
MPLADS-055947,SHRI Sukhendu Sekhar Ray,Rajya Sabha,West Bengal,Sitting Rajya Sabha,,,THAKURPUKUR MAHESTOLA,Jagannathpur,Normal/Others,NA - Installing tube-wells and borewells,DISTRICT MAGISTRATE SOUTH TWENTY FOUR PARGANAS_IDA,2023-07-20,Action Pending,200000,Unsanctioned
MPLADS-055964,SHRI Sukhendu Sekhar Ray,Rajya Sabha,West Bengal,Sitting Rajya Sabha,,,THAKURPUKUR MAHESTOLA,Chata Kalikapur (CT),Normal/Others,NA - Installing tube-wells and borewells,DISTRICT MAGISTRATE SOUTH TWENTY FOUR PARGANAS_IDA,2023-07-20,Action Pending,200000,Unsanctioned
MPLADS-055965,SHRI Sukhendu Sekhar Ray,Rajya Sabha,West Bengal,Sitting Rajya Sabha,,,THAKURPUKUR MAHESTOLA,Chata Kalikapur (CT),Normal/Others,NA - Installing tube-wells and borewells,DISTRICT MAGISTRATE SOUTH TWENTY FOUR PARGANAS_IDA,2023-07-20,Action Pending,200000,Unsanctioned
MPLADS-055966,SHRI Sukhendu Sekhar Ray,Rajya Sabha,West Bengal,Sitting Rajya Sabha,,,THAKURPUKUR MAHESTOLA,Chata Kalikapur (CT),Normal/Others,NA - Installing tube-wells and borewells,DISTRICT MAGISTRATE SOUTH TWENTY FOUR PARGANAS_IDA,2023-07-20,Action Pending,200000,Unsanctioned
MPLADS-055967,SHRI Sukhendu Sekhar Ray,Rajya Sabha,West Bengal,Sitting Rajya Sabha,,,THAKURPUKUR MAHESTOLA,Chata Kalikapur (CT),Normal/Others,NA - Installing tube-wells and borewells,DISTRICT MAGISTRATE SOUTH TWENTY FOUR PARGANAS_IDA,2023-07-20,Action Pending,200000,Unsanctioned
MPLADS-055968,SHRI Sukhendu Sekhar Ray,Rajya Sabha,West Bengal,Sitting Rajya Sabha,,,THAKURPUKUR MAHESTOLA,Khanberia,Normal/Others,NA - Installing tube-wells and borewells,DISTRICT MAGISTRATE SOUTH TWENTY FOUR PARGANAS_IDA,2023-07-20,Action Pending,200000,Unsanctioned
MPLADS-055969,SHRI Sukhendu Sekhar Ray,Rajya Sabha,West Bengal,Sitting Rajya Sabha,,,BHANGAR-I,Khar Gachhi,Normal/Others,NA - Installing tube-wells and borewells,DISTRICT MAGISTRATE SOUTH TWENTY FOUR PARGANAS_IDA,2023-07-20,Action Pending,200000,Unsanctioned
MPLADS-055970,SHRI Sukhendu Sekhar Ray,Rajya Sabha,West Bengal,Sitting Rajya Sabha,,,BHANGAR-I,Khar Gachhi,Normal/Others,NA - Installing tube-wells and borewells,DISTRICT MAGISTRATE SOUTH TWENTY FOUR PARGANAS_IDA,2023-07-20,Action Pending,200000,Unsanctioned
MPLADS-055971,SHRI Sukhendu Sekhar Ray,Rajya Sabha,West Bengal,Sitting Rajya Sabha,,,BHANGAR-I,Kharamba,Normal/Others,NA - Installing tube-wells and borewells,DISTRICT MAGISTRATE SOUTH TWENTY FOUR PARGANAS_IDA,2023-07-20,Action Pending,200000,Unsanctioned
MPLADS-055972,SHRI Sukhendu Sekhar Ray,Rajya Sabha,West Bengal,Sitting Rajya Sabha,,,BHANGAR-I,Bhatipota,Normal/Others,NA - Installing tube-wells and borewells,DISTRICT MAGISTRATE SOUTH TWENTY FOUR PARGANAS_IDA,2023-07-20,Action Pending,200000,Unsanctioned
MPLADS-055973,SH Derek o Brien,Rajya Sabha,West Bengal,Sitting Rajya Sabha,,,PATHAR PRATIMA,Purna Chandrapur,Normal/Others,NA - Installing tube-wells and borewells,DISTRICT MAGISTRATE SOUTH TWENTY FOUR PARGANAS_IDA,2023-07-20,Action Pending,200000,Unsanctioned
MPLADS-055974,SH Derek o Brien,Rajya Sabha,West Bengal,Sitting Rajya Sabha,,,PATHAR PRATIMA,Taranagar,Normal/Others,NA - Installing tube-wells and borewells,DISTRICT MAGISTRATE SOUTH TWENTY FOUR PARGANAS_IDA,2023-07-20,Action Pending,200000,Unsanctioned
MPLADS-055975,SH Derek o Brien,Rajya Sabha,West Bengal,Sitting Rajya Sabha,,,PATHAR PRATIMA,Kshetra Mohanpur,Normal/Others,NA - Installing tube-wells and borewells,DISTRICT MAGISTRATE SOUTH TWENTY FOUR PARGANAS_IDA,2023-07-20,Action Pending,200000,Unsanctioned
MPLADS-055976,SH Derek o Brien,Rajya Sabha,West Bengal,Sitting Rajya Sabha,,,PATHAR PRATIMA,Brojaballabpur,Normal/Others,NA - Installing tube-wells and borewells,DISTRICT MAGISTRATE SOUTH TWENTY FOUR PARGANAS_IDA,2023-07-20,Action Pending,200000,Unsanctioned
MPLADS-055977,SH Derek o Brien,Rajya Sabha,West Bengal,Sitting Rajya Sabha,,,PATHAR PRATIMA,Kshetra Mohanpur,Normal/Others,NA - Installing tube-wells and borewells,DISTRICT MAGISTRATE SOUTH TWENTY FOUR PARGANAS_IDA,2023-07-20,Action Pending,200000,Unsanctioned
MPLADS-055978,SH Derek o Brien,Rajya Sabha,West Bengal,Sitting Rajya Sabha,,,PATHAR PRATIMA,Indraprastha,Normal/Others,NA - Installing tube-wells and borewells,DISTRICT MAGISTRATE SOUTH TWENTY FOUR PARGANAS_IDA,2023-07-20,Action Pending,200000,Unsanctioned
MPLADS-055979,SH Derek o Brien,Rajya Sabha,West Bengal,Sitting Rajya Sabha,,,PATHAR PRATIMA,Gopalnagar Uttar,Normal/Others,NA - Installing tube-wells and borewells,DISTRICT MAGISTRATE SOUTH TWENTY FOUR PARGANAS_IDA,2023-07-20,Action Pending,200000,Unsanctioned
MPLADS-055980,SH Derek o Brien,Rajya Sabha,West Bengal,Sitting Rajya Sabha,,,PATHAR PRATIMA,Gopalnagar Uttar,Normal/Others,NA - Installing tube-wells and borewells,DISTRICT MAGISTRATE SOUTH TWENTY FOUR PARGANAS_IDA,2023-07-20,Action Pending,200000,Unsanctioned
MPLADS-055981,SH Derek o Brien,Rajya Sabha,West Bengal,Sitting Rajya Sabha,,,PATHAR PRATIMA,Dakshin Durgapur,Normal/Others,NA - Installing tube-wells and borewells,DISTRICT MAGISTRATE SOUTH TWENTY FOUR PARGANAS_IDA,2023-07-20,Action Pending,200000,Unsanctioned
MPLADS-055982,SH Derek o Brien,Rajya Sabha,West Bengal,Sitting Rajya Sabha,,,PATHAR PRATIMA,Digambarpur,Normal/Others,NA - Installing tube-wells and borewells,DISTRICT MAGISTRATE SOUTH TWENTY FOUR PARGANAS_IDA,2023-07-20,Action Pending,200000,Unsanctioned
MPLADS-055983,SH Derek o Brien,Rajya Sabha,West Bengal,Sitting Rajya Sabha,,,PATHAR PRATIMA,Dakshin Raypur,Normal/Others,NA - Installing tube-wells and borewells,DISTRICT MAGISTRATE SOUTH TWENTY FOUR PARGANAS_IDA,2023-07-20,Action Pending,200000,Unsanctioned
MPLADS-055984,SH Derek o Brien,Rajya Sabha,West Bengal,Sitting Rajya Sabha,,,PATHAR PRATIMA,Dakshin Gangadharpur,Normal/Others,NA - Installing tube-wells and borewells,DISTRICT MAGISTRATE SOUTH TWENTY FOUR PARGANAS_IDA,2023-07-20,Action Pending,200000,Unsanctioned
MPLADS-055985,SH Derek o Brien,Rajya Sabha,West Bengal,Sitting Rajya Sabha,,,PATHAR PRATIMA,Dakshin Gangadharpur,Normal/Others,NA - Installing tube-wells and borewells,DISTRICT MAGISTRATE SOUTH TWENTY FOUR PARGANAS_IDA,2023-07-20,Action Pending,200000,Unsanctioned
MPLADS-055986,SH Derek o Brien,Rajya Sabha,West Bengal,Sitting Rajya Sabha,,,PATHAR PRATIMA,Dakshin Gangadharpur,Normal/Others,NA - Installing tube-wells and borewells,DISTRICT MAGISTRATE SOUTH TWENTY FOUR PARGANAS_IDA,2023-07-20,Action Pending,200000,Unsanctioned
MPLADS-055987,SH Derek o Brien,Rajya Sabha,West Bengal,Sitting Rajya Sabha,,,PATHAR PRATIMA,Sibnagar,Normal/Others,NA - Installing tube-wells and borewells,DISTRICT MAGISTRATE SOUTH TWENTY FOUR PARGANAS_IDA,2023-07-20,Action Pending,200000,Unsanctioned
MPLADS-055988,SH Derek o Brien,Rajya Sabha,West Bengal,Sitting Rajya Sabha,,,PATHAR PRATIMA,Sibnagar,Normal/Others,NA - Installing tube-wells and borewells,DISTRICT MAGISTRATE SOUTH TWENTY FOUR PARGANAS_IDA,2023-07-20,Action Pending,200000,Unsanctioned
MPLADS-055989,SH Derek o Brien,Rajya Sabha,West Bengal,Sitting Rajya Sabha,,,PATHAR PRATIMA,Purba Chintamonipur,Normal/Others,NA - Installing tube-wells and borewells,DISTRICT MAGISTRATE SOUTH TWENTY FOUR PARGANAS_IDA,2023-07-20,Action Pending,200000,Unsanctioned
MPLADS-055990,SH Derek o Brien,Rajya Sabha,West Bengal,Sitting Rajya Sabha,,,PATHAR PRATIMA,Lakshmi Janardanpur,Normal/Others,NA - Installing tube-wells and borewells,DISTRICT MAGISTRATE SOUTH TWENTY FOUR PARGANAS_IDA,2023-07-20,Action Pending,200000,Unsanctioned
MPLADS-055991,SH Derek o Brien,Rajya Sabha,West Bengal,Sitting Rajya Sabha,,,PATHAR PRATIMA,Upendra Nagar,Normal/Others,NA - Installing tube-wells and borewells,DISTRICT MAGISTRATE SOUTH TWENTY FOUR PARGANAS_IDA,2023-07-20,Action Pending,200000,Unsanctioned
MPLADS-055992,SH Derek o Brien,Rajya Sabha,West Bengal,Sitting Rajya Sabha,,,PATHAR PRATIMA,Sridhar Nagar,Normal/Others,NA - Installing tube-wells and borewells,DISTRICT MAGISTRATE SOUTH TWENTY FOUR PARGANAS_IDA,2023-07-20,Action Pending,200000,Unsanctioned
MPLADS-055993,SH Derek o Brien,Rajya Sabha,West Bengal,Sitting Rajya Sabha,,,PATHAR PRATIMA,Rajrajeshwaripur,Normal/Others,NA - Installing tube-wells and borewells,DISTRICT MAGISTRATE SOUTH TWENTY FOUR PARGANAS_IDA,2023-07-20,Action Pending,200000,Unsanctioned
MPLADS-055994,SH Derek o Brien,Rajya Sabha,West Bengal,Sitting Rajya Sabha,,,PATHAR PRATIMA,Purna Chandrapur,Normal/Others,NA - Installing tube-wells and borewells,DISTRICT MAGISTRATE SOUTH TWENTY FOUR PARGANAS_IDA,2023-07-20,Action Pending,200000,Unsanctioned
MPLADS-055995,SH Derek o Brien,Rajya Sabha,West Bengal,Sitting Rajya Sabha,,,PATHAR PRATIMA,Baradapur,Normal/Others,NA - Installing tube-wells and borewells,DISTRICT MAGISTRATE SOUTH TWENTY FOUR PARGANAS_IDA,2023-07-20,Action Pending,200000,Unsanctioned
MPLADS-055996,SH Derek o Brien,Rajya Sabha,West Bengal,Sitting Rajya Sabha,,,PATHAR PRATIMA,Madhab Nagar,Normal/Others,NA - Installing tube-wells and borewells,DISTRICT MAGISTRATE SOUTH TWENTY FOUR PARGANAS_IDA,2023-07-20,Action Pending,200000,Unsanctioned
MPLADS-055997,SH Derek o Brien,Rajya Sabha,West Bengal,Sitting Rajya Sabha,,,PATHAR PRATIMA,Sitarampur,Normal/Others,NA - Installing tube-wells and borewells,DISTRICT MAGISTRATE SOUTH TWENTY FOUR PARGANAS_IDA,2023-07-20,Action Pending,200000,Unsanctioned
MPLADS-055998,SHRI Sukhendu Sekhar Ray,Rajya Sabha,West Bengal,Sitting Rajya Sabha,,,BHANGAR-I,Mousal,Normal/Others,NA - Installing tube-wells and borewells,DISTRICT MAGISTRATE SOUTH TWENTY FOUR PARGANAS_IDA,2023-07-20,Action Pending,200000,Unsanctioned
MPLADS-055999,SHRI Sukhendu Sekhar Ray,Rajya Sabha,West Bengal,Sitting Rajya Sabha,,,BHANGAR-I,Ushpara,Normal/Others,NA - Installing tube-wells and borewells,DISTRICT MAGISTRATE SOUTH TWENTY FOUR PARGANAS_IDA,2023-07-20,Action Pending,200000,Unsanctioned
MPLADS-056000,SHRI Sukhendu Sekhar Ray,Rajya Sabha,West Bengal,Sitting Rajya Sabha,,,BHANGAR-I,Satbaria,Normal/Others,NA - Installing tube-wells and borewells,DISTRICT MAGISTRATE SOUTH TWENTY FOUR PARGANAS_IDA,2023-07-20,Action Pending,200000,Unsanctioned
MPLADS-056001,SHRI Sukhendu Sekhar Ray,Rajya Sabha,West Bengal,Sitting Rajya Sabha,,,BHANGAR-I,Satbaria,Normal/Others,NA - Installing tube-wells and borewells,DISTRICT MAGISTRATE SOUTH TWENTY FOUR PARGANAS_IDA,2023-07-20,Action Pending,200000,Unsanctioned
MPLADS-056002,SHRI Sukhendu Sekhar Ray,Rajya Sabha,West Bengal,Sitting Rajya Sabha,,,BHANGAR-I,Bakri,Normal/Others,NA - Installing tube-wells and borewells,DISTRICT MAGISTRATE SOUTH TWENTY FOUR PARGANAS_IDA,2023-07-20,Action Pending,200000,Unsanctioned
MPLADS-056003,SHRI Sukhendu Sekhar Ray,Rajya Sabha,West Bengal,Sitting Rajya Sabha,,,BHANGAR-I,Jalalabad,Normal/Others,NA - Installing tube-wells and borewells,DISTRICT MAGISTRATE SOUTH TWENTY FOUR PARGANAS_IDA,2023-07-20,Action Pending,200000,Unsanctioned
MPLADS-056004,SH Derek o Brien,Rajya Sabha,West Bengal,Sitting Rajya Sabha,,,PATHAR PRATIMA,Gayadham,Normal/Others,NA - Installing tube-wells and borewells,DISTRICT MAGISTRATE SOUTH TWENTY FOUR PARGANAS_IDA,2023-07-20,Action Pending,200000,Unsanctioned
MPLADS-056005,SH Derek o Brien,Rajya Sabha,West Bengal,Sitting Rajya Sabha,,,PATHAR PRATIMA,Dakshin Surendraganj,Normal/Others,NA - Installing tube-wells and borewells,DISTRICT MAGISTRATE SOUTH TWENTY FOUR PARGANAS_IDA,2023-07-20,Rejected by IDA,200000,Unsanctioned
MPLADS-056006,SH Derek o Brien,Rajya Sabha,West Bengal,Sitting Rajya Sabha,,,PATHAR PRATIMA,Paschim Sripatinagar,Normal/Others,NA - Installing tube-wells and borewells,DISTRICT MAGISTRATE SOUTH TWENTY FOUR PARGANAS_IDA,2023-07-20,Action Pending,200000,Unsanctioned
MPLADS-056007,SH Derek o Brien,Rajya Sabha,West Bengal,Sitting Rajya Sabha,,,PATHAR PRATIMA,Lakshmipur,Normal/Others,NA - Installing tube-wells and borewells,DISTRICT MAGISTRATE SOUTH TWENTY FOUR PARGANAS_IDA,2023-07-20,Action Pending,200000,Unsanctioned
MPLADS-056008,SH Derek o Brien,Rajya Sabha,West Bengal,Sitting Rajya Sabha,,,PATHAR PRATIMA,Baradapur,Normal/Others,NA - Installing tube-wells and borewells,DISTRICT MAGISTRATE SOUTH TWENTY FOUR PARGANAS_IDA,2023-07-20,Action Pending,200000,Unsanctioned
MPLADS-056009,SH Derek o Brien,Rajya Sabha,West Bengal,Sitting Rajya Sabha,,,PATHAR PRATIMA,Lakshmipur,Normal/Others,NA - Installing tube-wells and borewells,DISTRICT MAGISTRATE SOUTH TWENTY FOUR PARGANAS_IDA,2023-07-20,Action Pending,200000,Unsanctioned
MPLADS-056010,SH Derek o Brien,Rajya Sabha,West Bengal,Sitting Rajya Sabha,,,PATHAR PRATIMA,Lakshmipur,Normal/Others,NA - Installing tube-wells and borewells,DISTRICT MAGISTRATE SOUTH TWENTY FOUR PARGANAS_IDA,2023-07-20,Action Pending,200000,Unsanctioned
MPLADS-056011,SH Derek o Brien,Rajya Sabha,West Bengal,Sitting Rajya Sabha,,,PATHAR PRATIMA,Radhakrishna Nagar,Normal/Others,NA - Installing tube-wells and borewells,DISTRICT MAGISTRATE SOUTH TWENTY FOUR PARGANAS_IDA,2023-07-20,Action Pending,200000,Unsanctioned
MPLADS-056012,SH Derek o Brien,Rajya Sabha,West Bengal,Sitting Rajya Sabha,,,PATHAR PRATIMA,Chintamanipur,Normal/Others,NA - Installing tube-wells and borewells,DISTRICT MAGISTRATE SOUTH TWENTY FOUR PARGANAS_IDA,2023-07-20,Action Pending,200000,Unsanctioned
MPLADS-056013,SH Derek o Brien,Rajya Sabha,West Bengal,Sitting Rajya Sabha,,,PATHAR PRATIMA,Dakshin Raypur,Normal/Others,NA - Installing tube-wells and borewells,DISTRICT MAGISTRATE SOUTH TWENTY FOUR PARGANAS_IDA,2023-07-20,Action Pending,200000,Unsanctioned
MPLADS-056014,SH Derek o Brien,Rajya Sabha,West Bengal,Sitting Rajya Sabha,,,PATHAR PRATIMA,Purba Surendranagar,Normal/Others,NA - Installing tube-wells and borewells,DISTRICT MAGISTRATE SOUTH TWENTY FOUR PARGANAS_IDA,2023-07-20,Action Pending,200000,Unsanctioned
MPLADS-056015,SH Derek o Brien,Rajya Sabha,West Bengal,Sitting Rajya Sabha,,,PATHAR PRATIMA,Dakshin Kashinagar,Normal/Others,NA - Installing tube-wells and borewells,DISTRICT MAGISTRATE SOUTH TWENTY FOUR PARGANAS_IDA,2023-07-20,Action Pending,200000,Unsanctioned
MPLADS-056016,SH Derek o Brien,Rajya Sabha,West Bengal,Sitting Rajya Sabha,,,PATHAR PRATIMA,Indrapur,Normal/Others,NA - Installing tube-wells and borewells,DISTRICT MAGISTRATE SOUTH TWENTY FOUR PARGANAS_IDA,2023-07-20,Action Pending,200000,Unsanctioned
MPLADS-056017,SH Derek o Brien,Rajya Sabha,West Bengal,Sitting Rajya Sabha,,,PATHAR PRATIMA,Satyadaspur,Normal/Others,NA - Installing tube-wells and borewells,DISTRICT MAGISTRATE SOUTH TWENTY FOUR PARGANAS_IDA,2023-07-20,Action Pending,200000,Unsanctioned
MPLADS-056077,SH Derek o Brien,Rajya Sabha,West Bengal,Sitting Rajya Sabha,,,MAGRA HAT-II,Maitir Hat,Normal/Others,NA - Installing tube-wells and borewells,DISTRICT MAGISTRATE SOUTH TWENTY FOUR PARGANAS_IDA,2023-07-19,Action Pending,200000,Unsanctioned
MPLADS-056078,SH Derek o Brien,Rajya Sabha,West Bengal,Sitting Rajya Sabha,,,MAGRA HAT-II,Heria,Normal/Others,NA - Installing tube-wells and borewells,DISTRICT MAGISTRATE SOUTH TWENTY FOUR PARGANAS_IDA,2023-07-19,Action Pending,200000,Unsanctioned
MPLADS-056080,SH Derek o Brien,Rajya Sabha,West Bengal,Sitting Rajya Sabha,,,MAGRA HAT-II,Dhanpota,Normal/Others,NA - Installing tube-wells and borewells,DISTRICT MAGISTRATE SOUTH TWENTY FOUR PARGANAS_IDA,2023-07-19,Action Pending,200000,Unsanctioned
MPLADS-056081,SH Derek o Brien,Rajya Sabha,West Bengal,Sitting Rajya Sabha,,,MAGRA HAT-II,Jugdia,Normal/Others,NA - Installing tube-wells and borewells,DISTRICT MAGISTRATE SOUTH TWENTY FOUR PARGANAS_IDA,2023-07-19,Action Pending,200000,Unsanctioned
MPLADS-056082,SH Derek o Brien,Rajya Sabha,West Bengal,Sitting Rajya Sabha,,,MAGRA HAT-II,Kuldia,Normal/Others,NA - Installing tube-wells and borewells,DISTRICT MAGISTRATE SOUTH TWENTY FOUR PARGANAS_IDA,2023-07-19,Action Pending,200000,Unsanctioned
MPLADS-056083,SH Derek o Brien,Rajya Sabha,West Bengal,Sitting Rajya Sabha,,,MAGRA HAT-II,Mallarchak Ishwaripur,Normal/Others,NA - Installing tube-wells and borewells,DISTRICT MAGISTRATE SOUTH TWENTY FOUR PARGANAS_IDA,2023-07-19,Action Pending,200000,Unsanctioned
MPLADS-056084,SH Derek o Brien,Rajya Sabha,West Bengal,Sitting Rajya Sabha,,,MAGRA HAT-II,Shyampur (CT),Normal/Others,NA - Installing tube-wells and borewells,DISTRICT MAGISTRATE SOUTH TWENTY FOUR PARGANAS_IDA,2023-07-19,Action Pending,200000,Unsanctioned
MPLADS-056085,SH Derek o Brien,Rajya Sabha,West Bengal,Sitting Rajya Sabha,,,MAGRA HAT-II,Harisankarpur,Normal/Others,NA - Installing tube-wells and borewells,DISTRICT MAGISTRATE SOUTH TWENTY FOUR PARGANAS_IDA,2023-07-19,Action Pending,200000,Unsanctioned
MPLADS-056086,SH Derek o Brien,Rajya Sabha,West Bengal,Sitting Rajya Sabha,,,MAGRA HAT-II,Karimabad,Normal/Others,NA - Installing tube-wells and borewells,DISTRICT MAGISTRATE SOUTH TWENTY FOUR PARGANAS_IDA,2023-07-19,Action Pending,200000,Unsanctioned
MPLADS-056087,SH Derek o Brien,Rajya Sabha,West Bengal,Sitting Rajya Sabha,,,MAGRA HAT-II,Shyampur (CT),Normal/Others,NA - Installing tube-wells and borewells,DISTRICT MAGISTRATE SOUTH TWENTY FOUR PARGANAS_IDA,2023-07-19,Action Pending,200000,Unsanctioned
MPLADS-056089,SH Derek o Brien,Rajya Sabha,West Bengal,Sitting Rajya Sabha,,,MATHURAPUR-II,Nandakumarpur,Normal/Others,NA - Installing tube-wells and borewells,DISTRICT MAGISTRATE SOUTH TWENTY FOUR PARGANAS_IDA,2023-07-19,Action Pending,200000,Unsanctioned
MPLADS-056091,SH Derek o Brien,Rajya Sabha,West Bengal,Sitting Rajya Sabha,,,MAGRA HAT-II,Gokarni,Normal/Others,NA - Installing tube-wells and borewells,DISTRICT MAGISTRATE SOUTH TWENTY FOUR PARGANAS_IDA,2023-07-19,Action Pending,200000,Unsanctioned
MPLADS-056092,SH Derek o Brien,Rajya Sabha,West Bengal,Sitting Rajya Sabha,,,NANDIGRAM-I,Sona Chura,Normal/Others,WS/MP220/2023-2024/4711 - Installing tube-wells and borewells,DISTRICT MAGISTRATE PURBA MEDINIPUR_IDA,2023-07-19,Approved by IDA,200000,Unsanctioned
MPLADS-056093,SH Derek o Brien,Rajya Sabha,West Bengal,Sitting Rajya Sabha,,,NANDIGRAM-II,Bheturya,Normal/Others,WS/MP220/2023-2024/4712 - Installing tube-wells and borewells,DISTRICT MAGISTRATE PURBA MEDINIPUR_IDA,2023-07-19,Approved by IDA,200000,Unsanctioned
MPLADS-056094,SH Derek o Brien,Rajya Sabha,West Bengal,Sitting Rajya Sabha,,,NANDIGRAM-II,Subdi,Normal/Others,WS/MP220/2023-2024/4713 - Installing tube-wells and borewells,DISTRICT MAGISTRATE PURBA MEDINIPUR_IDA,2023-07-19,Approved by IDA,200000,Sanctioned
MPLADS-056095,SH Derek o Brien,Rajya Sabha,West Bengal,Sitting Rajya Sabha,,,NANDIGRAM-II,Amratalya,Normal/Others,WS/MP220/2023-2024/4714 - Installing tube-wells and borewells,DISTRICT MAGISTRATE PURBA MEDINIPUR_IDA,2023-07-19,Approved by IDA,200000,Unsanctioned
MPLADS-056096,SH Derek o Brien,Rajya Sabha,West Bengal,Sitting Rajya Sabha,,,CONTAI-I,Laudanda,Normal/Others,WS/MP220/2023-2024/4715 - Installing tube-wells and borewells,DISTRICT MAGISTRATE PURBA MEDINIPUR_IDA,2023-07-19,Approved by IDA,200000,Unsanctioned
MPLADS-056097,SH Derek o Brien,Rajya Sabha,West Bengal,Sitting Rajya Sabha,,,CONTAI-I,Subarnadihi,Normal/Others,WS/MP220/2023-2024/4716 - Installing tube-wells and borewells,DISTRICT MAGISTRATE PURBA MEDINIPUR_IDA,2023-07-19,Approved by IDA,200000,Sanctioned
MPLADS-056098,SH Derek o Brien,Rajya Sabha,West Bengal,Sitting Rajya Sabha,,,CONTAI-I,Bankaberya,Normal/Others,WS/MP220/2023-2024/4717 - Installing tube-wells and borewells,DISTRICT MAGISTRATE PURBA MEDINIPUR_IDA,2023-07-19,Approved by IDA,200000,Unsanctioned
MPLADS-056099,SH Derek o Brien,Rajya Sabha,West Bengal,Sitting Rajya Sabha,,,CONTAI-I,Pailachhanpur,Normal/Others,WS/MP220/2023-2024/4718 - Installing tube-wells and borewells,DISTRICT MAGISTRATE PURBA MEDINIPUR_IDA,2023-07-19,Approved by IDA,200000,Unsanctioned
MPLADS-056100,SH Derek o Brien,Rajya Sabha,West Bengal,Sitting Rajya Sabha,,,DESHAPRAN,Kanai Chatta,Normal/Others,WS/MP220/2023-2024/4719 - Installing tube-wells and borewells,DISTRICT MAGISTRATE PURBA MEDINIPUR_IDA,2023-07-19,Approved by IDA,200000,Sanctioned
MPLADS-056101,SH Derek o Brien,Rajya Sabha,West Bengal,Sitting Rajya Sabha,,,DESHAPRAN,Safiabad,Normal/Others,WS/MP220/2023-2024/4720 - Installing tube-wells and borewells,DISTRICT MAGISTRATE PURBA MEDINIPUR_IDA,2023-07-19,Approved by IDA,200000,Unsanctioned
MPLADS-056102,SH Derek o Brien,Rajya Sabha,West Bengal,Sitting Rajya Sabha,,,DESHAPRAN,Bara Bantalia,Normal/Others,WS/MP220/2023-2024/4721 - Installing tube-wells and borewells,DISTRICT MAGISTRATE PURBA MEDINIPUR_IDA,2023-07-19,Approved by IDA,200000,Unsanctioned
MPLADS-056106,SH Derek o Brien,Rajya Sabha,West Bengal,Sitting Rajya Sabha,,,MAGRA HAT-II,Gokarni,Normal/Others,NA - Installing tube-wells and borewells,DISTRICT MAGISTRATE SOUTH TWENTY FOUR PARGANAS_IDA,2023-07-19,Action Pending,200000,Unsanctioned
MPLADS-056107,SH Derek o Brien,Rajya Sabha,West Bengal,Sitting Rajya Sabha,,,MATHURAPUR-II,Kankandighi,Normal/Others,NA - Installing tube-wells and borewells,DISTRICT MAGISTRATE SOUTH TWENTY FOUR PARGANAS_IDA,2023-07-19,Action Pending,200000,Unsanctioned
MPLADS-056108,SH Derek o Brien,Rajya Sabha,West Bengal,Sitting Rajya Sabha,,,MATHURAPUR-II,Uttar Kashinagar,Normal/Others,NA - Installing tube-wells and borewells,DISTRICT MAGISTRATE SOUTH TWENTY FOUR PARGANAS_IDA,2023-07-19,Action Pending,200000,Unsanctioned
MPLADS-056109,SH Derek o Brien,Rajya Sabha,West Bengal,Sitting Rajya Sabha,,,MATHURAPUR-II,Uttar Kashinagar,Normal/Others,NA - Installing tube-wells and borewells,DISTRICT MAGISTRATE SOUTH TWENTY FOUR PARGANAS_IDA,2023-07-19,Action Pending,200000,Unsanctioned
MPLADS-056110,Prof Saugata Roy ,Lok Sabha,West Bengal,DUM DUM,Kamarhati,35,,,Normal/Others,"WS/MP429/2023-2024/4788 - Construction of roads, approach roads, link roads and pathways",DISTRICT MAGISTRATE NORTH TWENTY FOUR PARGANAS_IDA,2023-07-19,Approved by IDA,450000,Unsanctioned
MPLADS-056111,Prof Saugata Roy ,Lok Sabha,West Bengal,DUM DUM,Khardaha,19,,,Normal/Others,WS/MP429/2023-2024/4787 - Development of playground,DISTRICT MAGISTRATE NORTH TWENTY FOUR PARGANAS_IDA,2023-07-19,Approved by IDA,600000,Unsanctioned
MPLADS-056112,Prof Saugata Roy ,Lok Sabha,West Bengal,DUM DUM,North Dum Dum,7,,,Normal/Others,"WS/MP429/2023-2024/4786 - Construction of roads, approach roads, link roads and pathways",DISTRICT MAGISTRATE NORTH TWENTY FOUR PARGANAS_IDA,2023-07-19,Approved by IDA,1500000,Unsanctioned
MPLADS-056113,Prof Saugata Roy ,Lok Sabha,West Bengal,DUM DUM,North Dum Dum,12,,,Normal/Others,"WS/MP429/2023-2024/4785 - Construction of roads, approach roads, link roads and pathways",DISTRICT MAGISTRATE NORTH TWENTY FOUR PARGANAS_IDA,2023-07-19,Approved by IDA,1500000,Unsanctioned
MPLADS-056114,Prof Saugata Roy ,Lok Sabha,West Bengal,DUM DUM,Baranagar,19,,,Normal/Others,NA - Construction of rooms and halls in school and colleges,DISTRICT MAGISTRATE NORTH TWENTY FOUR PARGANAS_IDA,2023-07-19,Action Pending,2000000,Unsanctioned
MPLADS-056115,Prof Saugata Roy ,Lok Sabha,West Bengal,DUM DUM,North Dum Dum,04,,,Normal/Others,NA - Construction of community centers and community halls,DISTRICT MAGISTRATE NORTH TWENTY FOUR PARGANAS_IDA,2023-07-19,Action Pending,1500000,Unsanctioned
MPLADS-056116,Prof Saugata Roy ,Lok Sabha,West Bengal,DUM DUM,North Dum Dum,34,,,Normal/Others,NA - Construction of community centers and community halls,DISTRICT MAGISTRATE NORTH TWENTY FOUR PARGANAS_IDA,2023-07-19,Action Pending,1000000,Unsanctioned
MPLADS-056117,Prof Saugata Roy ,Lok Sabha,West Bengal,DUM DUM,North Dum Dum,21,,,Normal/Others,"NA - Construction of roads, approach roads, link roads and pathways",DISTRICT MAGISTRATE NORTH TWENTY FOUR PARGANAS_IDA,2023-07-19,Action Pending,1000000,Unsanctioned
MPLADS-056118,Prof Saugata Roy ,Lok Sabha,West Bengal,DUM DUM,Dum Dum,20,,,Normal/Others,NA - Construction of rooms and halls in school and colleges,DISTRICT MAGISTRATE NORTH TWENTY FOUR PARGANAS_IDA,2023-07-19,Action Pending,800000,Unsanctioned
MPLADS-056119,SH Derek o Brien,Rajya Sabha,West Bengal,Sitting Rajya Sabha,,,NANDIGRAM-I,Gokul Nagar,Normal/Others,WS/MP220/2023-2024/4710 - Installing tube-wells and borewells,DISTRICT MAGISTRATE PURBA MEDINIPUR_IDA,2023-07-19,Approved by IDA,200000,Unsanctioned
MPLADS-056120,Prof Saugata Roy ,Lok Sabha,West Bengal,DUM DUM,Panihati,31,,,Normal/Others,NA - Construction of rooms and halls in school and colleges,DISTRICT MAGISTRATE NORTH TWENTY FOUR PARGANAS_IDA,2023-07-19,Action Pending,2000000,Unsanctioned
MPLADS-056121,Prof Saugata Roy ,Lok Sabha,West Bengal,DUM DUM,Baranagar,21,,,Normal/Others,NA - Construction of community centers and community halls,DISTRICT MAGISTRATE NORTH TWENTY FOUR PARGANAS_IDA,2023-07-19,Action Pending,2000000,Unsanctioned
MPLADS-056122,SH Derek o Brien,Rajya Sabha,West Bengal,Sitting Rajya Sabha,,,CANNING-II,Mather Dighi,Normal/Others,NA - Installing tube-wells and borewells,DISTRICT MAGISTRATE SOUTH TWENTY FOUR PARGANAS_IDA,2023-07-19,Action Pending,200000,Unsanctioned
MPLADS-056123,SH Derek o Brien,Rajya Sabha,West Bengal,Sitting Rajya Sabha,,,CANNING-II,Mather Dighi,Normal/Others,NA - Installing tube-wells and borewells,DISTRICT MAGISTRATE SOUTH TWENTY FOUR PARGANAS_IDA,2023-07-19,Action Pending,200000,Unsanctioned
MPLADS-056124,SH Derek o Brien,Rajya Sabha,West Bengal,Sitting Rajya Sabha,,,CANNING-II,Tambul Daha,Normal/Others,NA - Installing tube-wells and borewells,DISTRICT MAGISTRATE SOUTH TWENTY FOUR PARGANAS_IDA,2023-07-19,Action Pending,200000,Unsanctioned
MPLADS-056125,SH Derek o Brien,Rajya Sabha,West Bengal,Sitting Rajya Sabha,,,CANNING-II,Sastakhali,Normal/Others,NA - Installing tube-wells and borewells,DISTRICT MAGISTRATE SOUTH TWENTY FOUR PARGANAS_IDA,2023-07-19,Action Pending,200000,Unsanctioned
MPLADS-056126,Prof Saugata Roy ,Lok Sabha,West Bengal,DUM DUM,Kamarhati,16,,,Normal/Others,NA - Development of playground,DISTRICT MAGISTRATE NORTH TWENTY FOUR PARGANAS_IDA,2023-07-19,Action Pending,1200000,Unsanctioned
MPLADS-056127,SH Derek o Brien,Rajya Sabha,West Bengal,Sitting Rajya Sabha,,,CANNING-II,Athara Beki,Normal/Others,NA - Installing tube-wells and borewells,DISTRICT MAGISTRATE SOUTH TWENTY FOUR PARGANAS_IDA,2023-07-19,Action Pending,200000,Unsanctioned
MPLADS-056128,SH Derek o Brien,Rajya Sabha,West Bengal,Sitting Rajya Sabha,,,MATHURAPUR-II,Gilarchat,Normal/Others,NA - Installing tube-wells and borewells,DISTRICT MAGISTRATE SOUTH TWENTY FOUR PARGANAS_IDA,2023-07-19,Action Pending,200000,Unsanctioned
MPLADS-056129,SH Derek o Brien,Rajya Sabha,West Bengal,Sitting Rajya Sabha,,,MATHURAPUR-II,Raydighi Abad,Normal/Others,NA - Installing tube-wells and borewells,DISTRICT MAGISTRATE SOUTH TWENTY FOUR PARGANAS_IDA,2023-07-19,Action Pending,200000,Unsanctioned
MPLADS-056130,SH Derek o Brien,Rajya Sabha,West Bengal,Sitting Rajya Sabha,,,MATHURAPUR-II,Radhakantapur Abad,Normal/Others,NA - Installing tube-wells and borewells,DISTRICT MAGISTRATE SOUTH TWENTY FOUR PARGANAS_IDA,2023-07-19,Action Pending,200000,Unsanctioned
MPLADS-056131,SH Derek o Brien,Rajya Sabha,West Bengal,Sitting Rajya Sabha,,,MATHURAPUR-II,Kumarapara,Normal/Others,NA - Installing tube-wells and borewells,DISTRICT MAGISTRATE SOUTH TWENTY FOUR PARGANAS_IDA,2023-07-19,Action Pending,200000,Unsanctioned
MPLADS-056132,SH Derek o Brien,Rajya Sabha,West Bengal,Sitting Rajya Sabha,,,MATHURAPUR-II,Raydighi Abad,Normal/Others,NA - Installing tube-wells and borewells,DISTRICT MAGISTRATE SOUTH TWENTY FOUR PARGANAS_IDA,2023-07-19,Action Pending,200000,Unsanctioned
MPLADS-056133,Prof Saugata Roy ,Lok Sabha,West Bengal,DUM DUM,North Dum Dum,10,,,Normal/Others,NA - Providing drains and gutters for public drainage,DISTRICT MAGISTRATE NORTH TWENTY FOUR PARGANAS_IDA,2023-07-19,Action Pending,1500000,Unsanctioned
MPLADS-056134,Prof Saugata Roy ,Lok Sabha,West Bengal,DUM DUM,Khardaha,1,,,Normal/Others,"NA - Construction of roads, approach roads, link roads and pathways",DISTRICT MAGISTRATE NORTH TWENTY FOUR PARGANAS_IDA,2023-07-19,Action Pending,1300000,Unsanctioned
MPLADS-056135,Prof Saugata Roy ,Lok Sabha,West Bengal,DUM DUM,Baranagar,17,,,Normal/Others,"NA - Construction of roads, approach roads, link roads and pathways",DISTRICT MAGISTRATE NORTH TWENTY FOUR PARGANAS_IDA,2023-07-19,Action Pending,1550000,Unsanctioned
MPLADS-056136,Prof Saugata Roy ,Lok Sabha,West Bengal,DUM DUM,Bidhannagar,16,,,Normal/Others,"NA - Construction of roads, approach roads, link roads and pathways",DISTRICT MAGISTRATE NORTH TWENTY FOUR PARGANAS_IDA,2023-07-19,Action Pending,1100000,Unsanctioned
MPLADS-056137,Prof Saugata Roy ,Lok Sabha,West Bengal,DUM DUM,Baranagar,12,,,Normal/Others,"NA - Construction of roads, approach roads, link roads and pathways",DISTRICT MAGISTRATE NORTH TWENTY FOUR PARGANAS_IDA,2023-07-19,Action Pending,800000,Unsanctioned
MPLADS-056138,SH Derek o Brien,Rajya Sabha,West Bengal,Sitting Rajya Sabha,,,MATHURAPUR-II,Chaplarkhop,Normal/Others,NA - Installing tube-wells and borewells,DISTRICT MAGISTRATE SOUTH TWENTY FOUR PARGANAS_IDA,2023-07-19,Action Pending,200000,Unsanctioned
MPLADS-056139,SH Derek o Brien,Rajya Sabha,West Bengal,Sitting Rajya Sabha,,,MAGRA HAT-I,Ramchandrapur,Normal/Others,NA - Installing tube-wells and borewells,DISTRICT MAGISTRATE SOUTH TWENTY FOUR PARGANAS_IDA,2023-07-19,Action Pending,200000,Unsanctioned
MPLADS-056140,SH Derek o Brien,Rajya Sabha,West Bengal,Sitting Rajya Sabha,,,SUTAHATA,Ramchandrapur,Normal/Others,NA - Installing tube-wells and borewells,DISTRICT MAGISTRATE PURBA MEDINIPUR_IDA,2023-07-19,Action Pending,200000,Unsanctioned
MPLADS-056141,SH Derek o Brien,Rajya Sabha,West Bengal,Sitting Rajya Sabha,,,NANDIGRAM-I,Shyam Sundari Chak,Normal/Others,WS/MP220/2023-2024/4709 - Installing tube-wells and borewells,DISTRICT MAGISTRATE PURBA MEDINIPUR_IDA,2023-07-19,Approved by IDA,200000,Unsanctioned
MPLADS-056142,SH Derek o Brien,Rajya Sabha,West Bengal,Sitting Rajya Sabha,,,KOLAGHAT,Bangalpur,Normal/Others,WS/MP220/2023-2024/4665 - Installing tube-wells and borewells,DISTRICT MAGISTRATE PURBA MEDINIPUR_IDA,2023-07-19,Approved by IDA,200000,Unsanctioned
MPLADS-056143,SH Derek o Brien,Rajya Sabha,West Bengal,Sitting Rajya Sabha,,,CANNING-II,Bakultala,Normal/Others,NA - Installing tube-wells and borewells,DISTRICT MAGISTRATE SOUTH TWENTY FOUR PARGANAS_IDA,2023-07-19,Action Pending,200000,Unsanctioned
MPLADS-056144,SH Derek o Brien,Rajya Sabha,West Bengal,Sitting Rajya Sabha,,,CANNING-II,Deuli,Normal/Others,NA - Installing tube-wells and borewells,DISTRICT MAGISTRATE SOUTH TWENTY FOUR PARGANAS_IDA,2023-07-19,Action Pending,200000,Unsanctioned
MPLADS-056145,SH Derek o Brien,Rajya Sabha,West Bengal,Sitting Rajya Sabha,,,CANNING-II,Mather Dighi,Normal/Others,NA - Installing tube-wells and borewells,DISTRICT MAGISTRATE SOUTH TWENTY FOUR PARGANAS_IDA,2023-07-19,Action Pending,200000,Unsanctioned
MPLADS-056146,SH Derek o Brien,Rajya Sabha,West Bengal,Sitting Rajya Sabha,,,CANNING-II,Mather Dighi,Normal/Others,NA - Installing tube-wells and borewells,DISTRICT MAGISTRATE SOUTH TWENTY FOUR PARGANAS_IDA,2023-07-19,Action Pending,200000,Unsanctioned
MPLADS-056147,SH Derek o Brien,Rajya Sabha,West Bengal,Sitting Rajya Sabha,,,CANNING-II,Netra,Normal/Others,NA - Installing tube-wells and borewells,DISTRICT MAGISTRATE SOUTH TWENTY FOUR PARGANAS_IDA,2023-07-19,Action Pending,200000,Unsanctioned
MPLADS-056148,SH Derek o Brien,Rajya Sabha,West Bengal,Sitting Rajya Sabha,,,CANNING-II,Singheswar,Normal/Others,NA - Installing tube-wells and borewells,DISTRICT MAGISTRATE SOUTH TWENTY FOUR PARGANAS_IDA,2023-07-19,Action Pending,200000,Unsanctioned
MPLADS-056149,SH Derek o Brien,Rajya Sabha,West Bengal,Sitting Rajya Sabha,,,,,Normal/Others,WS/MP220/2023-2024/4661 - Installing tube-wells and borewells,DISTRICT MAGISTRATE PURBA MEDINIPUR_IDA,2023-07-19,Approved by IDA,198056,
MPLADS-056150,SH Derek o Brien,Rajya Sabha,West Bengal,Sitting Rajya Sabha,,,PANSKURA-I,Janabar,Normal/Others,WS/MP220/2023-2024/4662 - Installing tube-wells and borewells,DISTRICT MAGISTRATE PURBA MEDINIPUR_IDA,2023-07-19,Approved by IDA,200000,Sanctioned
MPLADS-056151,SH Derek o Brien,Rajya Sabha,West Bengal,Sitting Rajya Sabha,,,PANSKURA-I,Jardai,Normal/Others,WS/MP220/2023-2024/4663 - Installing tube-wells and borewells,DISTRICT MAGISTRATE PURBA MEDINIPUR_IDA,2023-07-19,Approved by IDA,200000,Sanctioned
MPLADS-056152,SH Derek o Brien,Rajya Sabha,West Bengal,Sitting Rajya Sabha,,,PANSKURA-I,Kenasi Brindaban Chak,Normal/Others,WS/MP220/2023-2024/4664 - Installing tube-wells and borewells,DISTRICT MAGISTRATE PURBA MEDINIPUR_IDA,2023-07-19,Approved by IDA,200000,Sanctioned
MPLADS-056153,SH Derek o Brien,Rajya Sabha,West Bengal,Sitting Rajya Sabha,,,KOLAGHAT,Khanedihi,Normal/Others,WS/MP220/2023-2024/4666 - Installing tube-wells and borewells,DISTRICT MAGISTRATE PURBA MEDINIPUR_IDA,2023-07-19,Approved by IDA,200000,Unsanctioned
MPLADS-056154,SH Derek o Brien,Rajya Sabha,West Bengal,Sitting Rajya Sabha,,,MAGRA HAT-I,Kalikapota (CT),Normal/Others,NA - Installing tube-wells and borewells,DISTRICT MAGISTRATE SOUTH TWENTY FOUR PARGANAS_IDA,2023-07-19,Action Pending,200000,Unsanctioned
MPLADS-056155,SH Derek o Brien,Rajya Sabha,West Bengal,Sitting Rajya Sabha,,,KOLAGHAT,Chapda,Normal/Others,WS/MP220/2023-2024/4667 - Installing tube-wells and borewells,DISTRICT MAGISTRATE PURBA MEDINIPUR_IDA,2023-07-19,Approved by IDA,200000,Unsanctioned
MPLADS-056165,SH Derek o Brien,Rajya Sabha,West Bengal,Sitting Rajya Sabha,,,CANNING-II,Iswaripur,Normal/Others,NA - Installing tube-wells and borewells,DISTRICT MAGISTRATE SOUTH TWENTY FOUR PARGANAS_IDA,2023-07-19,Action Pending,200000,Unsanctioned
MPLADS-056166,SH Derek o Brien,Rajya Sabha,West Bengal,Sitting Rajya Sabha,,,CANNING-II,Singheswar,Normal/Others,NA - Installing tube-wells and borewells,DISTRICT MAGISTRATE SOUTH TWENTY FOUR PARGANAS_IDA,2023-07-19,Action Pending,200000,Unsanctioned
MPLADS-056167,SH Derek o Brien,Rajya Sabha,West Bengal,Sitting Rajya Sabha,,,CANNING-II,Kalugachhi,Normal/Others,NA - Installing tube-wells and borewells,DISTRICT MAGISTRATE SOUTH TWENTY FOUR PARGANAS_IDA,2023-07-19,Action Pending,200000,Unsanctioned
MPLADS-056168,SH Derek o Brien,Rajya Sabha,West Bengal,Sitting Rajya Sabha,,,CANNING-II,Kalugachhi,Normal/Others,NA - Installing tube-wells and borewells,DISTRICT MAGISTRATE SOUTH TWENTY FOUR PARGANAS_IDA,2023-07-19,Action Pending,200000,Unsanctioned
MPLADS-056170,SH Derek o Brien,Rajya Sabha,West Bengal,Sitting Rajya Sabha,,,CANNING-II,Kalikatala,Normal/Others,NA - Installing tube-wells and borewells,DISTRICT MAGISTRATE SOUTH TWENTY FOUR PARGANAS_IDA,2023-07-19,Action Pending,200000,Unsanctioned
MPLADS-056171,SH Derek o Brien,Rajya Sabha,West Bengal,Sitting Rajya Sabha,,,CANNING-II,Saranger Abad,Normal/Others,NA - Installing tube-wells and borewells,DISTRICT MAGISTRATE SOUTH TWENTY FOUR PARGANAS_IDA,2023-07-19,Action Pending,200000,Unsanctioned
MPLADS-056172,SH Derek o Brien,Rajya Sabha,West Bengal,Sitting Rajya Sabha,,,CANNING-II,Miagheri,Normal/Others,NA - Installing tube-wells and borewells,DISTRICT MAGISTRATE SOUTH TWENTY FOUR PARGANAS_IDA,2023-07-19,Action Pending,200000,Unsanctioned
MPLADS-056173,SH Derek o Brien,Rajya Sabha,West Bengal,Sitting Rajya Sabha,,,CANNING-II,Jay Khali,Normal/Others,NA - Installing tube-wells and borewells,DISTRICT MAGISTRATE SOUTH TWENTY FOUR PARGANAS_IDA,2023-07-19,Action Pending,200000,Unsanctioned
MPLADS-056174,SH Derek o Brien,Rajya Sabha,West Bengal,Sitting Rajya Sabha,,,CANNING-II,Kalikatala,Normal/Others,NA - Installing tube-wells and borewells,DISTRICT MAGISTRATE SOUTH TWENTY FOUR PARGANAS_IDA,2023-07-19,Action Pending,200000,Unsanctioned
MPLADS-056175,SH Derek o Brien,Rajya Sabha,West Bengal,Sitting Rajya Sabha,,,CANNING-II,Mukhujya Para,Normal/Others,NA - Installing tube-wells and borewells,DISTRICT MAGISTRATE SOUTH TWENTY FOUR PARGANAS_IDA,2023-07-19,Action Pending,200000,Unsanctioned
MPLADS-056176,SH Derek o Brien,Rajya Sabha,West Bengal,Sitting Rajya Sabha,,,CANNING-II,Madan Khali,Normal/Others,NA - Installing tube-wells and borewells,DISTRICT MAGISTRATE SOUTH TWENTY FOUR PARGANAS_IDA,2023-07-19,Action Pending,200000,Unsanctioned
MPLADS-056177,SH Derek o Brien,Rajya Sabha,West Bengal,Sitting Rajya Sabha,,,CANNING-II,Nagartala,Normal/Others,NA - Installing tube-wells and borewells,DISTRICT MAGISTRATE SOUTH TWENTY FOUR PARGANAS_IDA,2023-07-19,Action Pending,200000,Unsanctioned
MPLADS-056178,SH Derek o Brien,Rajya Sabha,West Bengal,Sitting Rajya Sabha,,,CANNING-II,Homra Polta,Normal/Others,NA - Installing tube-wells and borewells,DISTRICT MAGISTRATE SOUTH TWENTY FOUR PARGANAS_IDA,2023-07-19,Action Pending,200000,Unsanctioned
MPLADS-056179,SH Derek o Brien,Rajya Sabha,West Bengal,Sitting Rajya Sabha,,,CANNING-II,Narayanpur,Normal/Others,NA - Installing tube-wells and borewells,DISTRICT MAGISTRATE SOUTH TWENTY FOUR PARGANAS_IDA,2023-07-19,Action Pending,200000,Unsanctioned
MPLADS-056180,SH Derek o Brien,Rajya Sabha,West Bengal,Sitting Rajya Sabha,,,CANNING-II,Srinagar,Normal/Others,NA - Installing tube-wells and borewells,DISTRICT MAGISTRATE SOUTH TWENTY FOUR PARGANAS_IDA,2023-07-19,Action Pending,200000,Unsanctioned
MPLADS-056181,SH Derek o Brien,Rajya Sabha,West Bengal,Sitting Rajya Sabha,,,CANNING-II,Makhal Tala (CT),Normal/Others,NA - Installing tube-wells and borewells,DISTRICT MAGISTRATE SOUTH TWENTY FOUR PARGANAS_IDA,2023-07-19,Action Pending,200000,Unsanctioned
MPLADS-056182,SH Derek o Brien,Rajya Sabha,West Bengal,Sitting Rajya Sabha,,,CANNING-II,Hadiya,Normal/Others,NA - Installing tube-wells and borewells,DISTRICT MAGISTRATE SOUTH TWENTY FOUR PARGANAS_IDA,2023-07-19,Action Pending,200000,Unsanctioned
MPLADS-056183,SH Derek o Brien,Rajya Sabha,West Bengal,Sitting Rajya Sabha,,,CANNING-II,Hadiya,Normal/Others,NA - Installing tube-wells and borewells,DISTRICT MAGISTRATE SOUTH TWENTY FOUR PARGANAS_IDA,2023-07-19,Action Pending,200000,Unsanctioned
MPLADS-056184,SH Derek o Brien,Rajya Sabha,West Bengal,Sitting Rajya Sabha,,,CANNING-II,Khun Khali,Normal/Others,NA - Installing tube-wells and borewells,DISTRICT MAGISTRATE SOUTH TWENTY FOUR PARGANAS_IDA,2023-07-19,Action Pending,200000,Unsanctioned
MPLADS-056185,SH Derek o Brien,Rajya Sabha,West Bengal,Sitting Rajya Sabha,,,CANNING-II,Khagra,Normal/Others,NA - Installing tube-wells and borewells,DISTRICT MAGISTRATE SOUTH TWENTY FOUR PARGANAS_IDA,2023-07-19,Action Pending,200000,Unsanctioned
MPLADS-056186,SH Derek o Brien,Rajya Sabha,West Bengal,Sitting Rajya Sabha,,,CANNING-II,Mather Dighi,Normal/Others,NA - Installing tube-wells and borewells,DISTRICT MAGISTRATE SOUTH TWENTY FOUR PARGANAS_IDA,2023-07-19,Action Pending,200000,Unsanctioned
MPLADS-056187,SH Derek o Brien,Rajya Sabha,West Bengal,Sitting Rajya Sabha,,,CANNING-II,Jogendra Nagar,Normal/Others,NA - Installing tube-wells and borewells,DISTRICT MAGISTRATE SOUTH TWENTY FOUR PARGANAS_IDA,2023-07-19,Action Pending,200000,Unsanctioned
MPLADS-056188,SH Derek o Brien,Rajya Sabha,West Bengal,Sitting Rajya Sabha,,,CANNING-II,Haora Mari,Normal/Others,NA - Installing tube-wells and borewells,DISTRICT MAGISTRATE SOUTH TWENTY FOUR PARGANAS_IDA,2023-07-19,Action Pending,200000,Unsanctioned
MPLADS-056189,SH Derek o Brien,Rajya Sabha,West Bengal,Sitting Rajya Sabha,,,CANNING-II,Haora Mari,Normal/Others,NA - Installing tube-wells and borewells,DISTRICT MAGISTRATE SOUTH TWENTY FOUR PARGANAS_IDA,2023-07-19,Action Pending,200000,Unsanctioned
MPLADS-056190,SH Derek o Brien,Rajya Sabha,West Bengal,Sitting Rajya Sabha,,,MAGRA HAT-I,Rasa,Normal/Others,NA - Installing tube-wells and borewells,DISTRICT MAGISTRATE SOUTH TWENTY FOUR PARGANAS_IDA,2023-07-19,Action Pending,200000,Unsanctioned
MPLADS-056191,SH Derek o Brien,Rajya Sabha,West Bengal,Sitting Rajya Sabha,,,MAGRA HAT-I,Chak Haturia,Normal/Others,NA - Installing tube-wells and borewells,DISTRICT MAGISTRATE SOUTH TWENTY FOUR PARGANAS_IDA,2023-07-19,Action Pending,200000,Unsanctioned
MPLADS-056192,SH Derek o Brien,Rajya Sabha,West Bengal,Sitting Rajya Sabha,,,NANDIGRAM-I,Bhekutya,Normal/Others,NA - Installing tube-wells and borewells,DISTRICT MAGISTRATE PURBA MEDINIPUR_IDA,2023-07-19,Action Pending,200000,Unsanctioned
MPLADS-056193,SH Derek o Brien,Rajya Sabha,West Bengal,Sitting Rajya Sabha,,,CHANDIPUR,Bara Ghuni,Normal/Others,WS/MP220/2023-2024/4687 - Installing tube-wells and borewells,DISTRICT MAGISTRATE PURBA MEDINIPUR_IDA,2023-07-19,Approved by IDA,200000,Unsanctioned
MPLADS-056194,SH Derek o Brien,Rajya Sabha,West Bengal,Sitting Rajya Sabha,,,NANDAKUMAR,Bakhrabad,Normal/Others,WS/MP220/2023-2024/4680 - Installing tube-wells and borewells,DISTRICT MAGISTRATE PURBA MEDINIPUR_IDA,2023-07-19,Approved by IDA,200000,Sanctioned
MPLADS-056195,SH Derek o Brien,Rajya Sabha,West Bengal,Sitting Rajya Sabha,,,MAGRA HAT-I,Rangilabad,Normal/Others,NA - Installing tube-wells and borewells,DISTRICT MAGISTRATE SOUTH TWENTY FOUR PARGANAS_IDA,2023-07-19,Action Pending,200000,Unsanctioned
MPLADS-056196,SH Derek o Brien,Rajya Sabha,West Bengal,Sitting Rajya Sabha,,,MAGRA HAT-I,Barijpur (CT),Normal/Others,NA - Installing tube-wells and borewells,DISTRICT MAGISTRATE SOUTH TWENTY FOUR PARGANAS_IDA,2023-07-19,Action Pending,200000,Unsanctioned
MPLADS-056197,SH Derek o Brien,Rajya Sabha,West Bengal,Sitting Rajya Sabha,,,MAGRA HAT-I,Nainanpur,Normal/Others,NA - Installing tube-wells and borewells,DISTRICT MAGISTRATE SOUTH TWENTY FOUR PARGANAS_IDA,2023-07-19,Action Pending,200000,Unsanctioned
MPLADS-056198,SH Derek o Brien,Rajya Sabha,West Bengal,Sitting Rajya Sabha,,,NANDAKUMAR,Hariharpur,Normal/Others,WS/MP220/2023-2024/4681 - Installing tube-wells and borewells,DISTRICT MAGISTRATE PURBA MEDINIPUR_IDA,2023-07-19,Approved by IDA,200000,Sanctioned
MPLADS-056199,SH Derek o Brien,Rajya Sabha,West Bengal,Sitting Rajya Sabha,,,NANDAKUMAR,Hariharpur,Normal/Others,WS/MP220/2023-2024/4682 - Installing tube-wells and borewells,DISTRICT MAGISTRATE PURBA MEDINIPUR_IDA,2023-07-19,Approved by IDA,200000,Sanctioned
MPLADS-056200,SH Derek o Brien,Rajya Sabha,West Bengal,Sitting Rajya Sabha,,,NANDAKUMAR,Bet Kalla,Normal/Others,WS/MP220/2023-2024/4683 - Installing tube-wells and borewells,DISTRICT MAGISTRATE PURBA MEDINIPUR_IDA,2023-07-19,Approved by IDA,200000,Sanctioned
MPLADS-056201,SH Derek o Brien,Rajya Sabha,West Bengal,Sitting Rajya Sabha,,,CHANDIPUR,Kotbar (CT),Normal/Others,WS/MP220/2023-2024/4684 - Installing tube-wells and borewells,DISTRICT MAGISTRATE PURBA MEDINIPUR_IDA,2023-07-19,Approved by IDA,200000,Unsanctioned
MPLADS-056202,SH Derek o Brien,Rajya Sabha,West Bengal,Sitting Rajya Sabha,,,CHANDIPUR,Gokhari,Normal/Others,WS/MP220/2023-2024/4685 - Installing tube-wells and borewells,DISTRICT MAGISTRATE PURBA MEDINIPUR_IDA,2023-07-19,Approved by IDA,200000,Unsanctioned
MPLADS-056203,SH Derek o Brien,Rajya Sabha,West Bengal,Sitting Rajya Sabha,,,CHANDIPUR,Purusottampur,Normal/Others,WS/MP220/2023-2024/4686 - Installing tube-wells and borewells,DISTRICT MAGISTRATE PURBA MEDINIPUR_IDA,2023-07-19,Approved by IDA,200000,Unsanctioned
MPLADS-056204,SH Derek o Brien,Rajya Sabha,West Bengal,Sitting Rajya Sabha,,,MAHISHADAL,Shuklalpur,Normal/Others,WS/MP220/2023-2024/4688 - Installing tube-wells and borewells,DISTRICT MAGISTRATE PURBA MEDINIPUR_IDA,2023-07-19,Approved by IDA,200000,Unsanctioned
MPLADS-056205,SH Derek o Brien,Rajya Sabha,West Bengal,Sitting Rajya Sabha,,,MAGRA HAT-I,Dastura,Normal/Others,NA - Installing tube-wells and borewells,DISTRICT MAGISTRATE SOUTH TWENTY FOUR PARGANAS_IDA,2023-07-19,Action Pending,200000,Unsanctioned
MPLADS-056206,SH Derek o Brien,Rajya Sabha,West Bengal,Sitting Rajya Sabha,,,MAHISHADAL,Ajra,Normal/Others,WS/MP220/2023-2024/4689 - Installing tube-wells and borewells,DISTRICT MAGISTRATE PURBA MEDINIPUR_IDA,2023-07-19,Approved by IDA,200000,Unsanctioned
MPLADS-056207,SH Derek o Brien,Rajya Sabha,West Bengal,Sitting Rajya Sabha,,,MAHISHADAL,Garh Kamalpur (CT),Normal/Others,NA - Installing tube-wells and borewells,DISTRICT MAGISTRATE PURBA MEDINIPUR_IDA,2023-07-19,Action Pending,200000,Unsanctioned
MPLADS-056208,SH Derek o Brien,Rajya Sabha,West Bengal,Sitting Rajya Sabha,,,MAHISHADAL,Tentul Berya,Normal/Others,WS/MP220/2023-2024/4691 - Installing tube-wells and borewells,DISTRICT MAGISTRATE PURBA MEDINIPUR_IDA,2023-07-19,Approved by IDA,200000,Unsanctioned
MPLADS-056209,SH Derek o Brien,Rajya Sabha,West Bengal,Sitting Rajya Sabha,,,SUTAHATA,Patharberia,Normal/Others,NA - Installing tube-wells and borewells,DISTRICT MAGISTRATE PURBA MEDINIPUR_IDA,2023-07-19,Action Pending,200000,Unsanctioned
MPLADS-056210,SH Derek o Brien,Rajya Sabha,West Bengal,Sitting Rajya Sabha,,,SUTAHATA,Parbbatipur,Normal/Others,NA - Installing tube-wells and borewells,DISTRICT MAGISTRATE PURBA MEDINIPUR_IDA,2023-07-19,Action Pending,200000,Unsanctioned
MPLADS-056211,SH Derek o Brien,Rajya Sabha,West Bengal,Sitting Rajya Sabha,,,SUTAHATA,Anarpur,Normal/Others,NA - Installing tube-wells and borewells,DISTRICT MAGISTRATE PURBA MEDINIPUR_IDA,2023-07-19,Action Pending,200000,Unsanctioned
MPLADS-056212,SH Derek o Brien,Rajya Sabha,West Bengal,Sitting Rajya Sabha,,,HALDIA,Kismat Sibramnagar,Normal/Others,WS/MP220/2023-2024/4704 - Installing tube-wells and borewells,DISTRICT MAGISTRATE PURBA MEDINIPUR_IDA,2023-07-19,Approved by IDA,200000,Sanctioned
MPLADS-056213,SH Derek o Brien,Rajya Sabha,West Bengal,Sitting Rajya Sabha,,,HALDIA,Dakshin Chak,Normal/Others,WS/MP220/2023-2024/4705 - Installing tube-wells and borewells,DISTRICT MAGISTRATE PURBA MEDINIPUR_IDA,2023-07-19,Approved by IDA,200000,Sanctioned
MPLADS-056214,SH Derek o Brien,Rajya Sabha,West Bengal,Sitting Rajya Sabha,,,HALDIA,Brajalal Chak,Normal/Others,WS/MP220/2023-2024/4706 - Installing tube-wells and borewells,DISTRICT MAGISTRATE PURBA MEDINIPUR_IDA,2023-07-19,Approved by IDA,200000,Sanctioned
MPLADS-056215,SH Derek o Brien,Rajya Sabha,West Bengal,Sitting Rajya Sabha,,,HALDIA,Manaharpur,Normal/Others,WS/MP220/2023-2024/4707 - Installing tube-wells and borewells,DISTRICT MAGISTRATE PURBA MEDINIPUR_IDA,2023-07-19,Approved by IDA,200000,Sanctioned
MPLADS-056216,SH Derek o Brien,Rajya Sabha,West Bengal,Sitting Rajya Sabha,,,MOYNA,Naichhanpur,Normal/Others,WS/MP220/2023-2024/4679 - Installing tube-wells and borewells,DISTRICT MAGISTRATE PURBA MEDINIPUR_IDA,2023-07-19,Approved by IDA,200000,Unsanctioned
MPLADS-056217,SH Derek o Brien,Rajya Sabha,West Bengal,Sitting Rajya Sabha,,,MOYNA,Gouranga Chak,Normal/Others,WS/MP220/2023-2024/4678 - Installing tube-wells and borewells,DISTRICT MAGISTRATE PURBA MEDINIPUR_IDA,2023-07-19,Approved by IDA,200000,Unsanctioned
MPLADS-056218,SH Derek o Brien,Rajya Sabha,West Bengal,Sitting Rajya Sabha,,,MOYNA,Mathuri Chak,Normal/Others,WS/MP220/2023-2024/4677 - Installing tube-wells and borewells,DISTRICT MAGISTRATE PURBA MEDINIPUR_IDA,2023-07-19,Approved by IDA,200000,Unsanctioned
MPLADS-056219,SH Derek o Brien,Rajya Sabha,West Bengal,Sitting Rajya Sabha,,,SHAHID MATANGINI,Banpur,Normal/Others,WS/MP220/2023-2024/4676 - Installing tube-wells and borewells,DISTRICT MAGISTRATE PURBA MEDINIPUR_IDA,2023-07-19,Approved by IDA,200000,Sanctioned
MPLADS-056220,SH Derek o Brien,Rajya Sabha,West Bengal,Sitting Rajya Sabha,,,MAGRA HAT-I,Ghatakpur,Normal/Others,NA - Installing tube-wells and borewells,DISTRICT MAGISTRATE SOUTH TWENTY FOUR PARGANAS_IDA,2023-07-19,Action Pending,200000,Unsanctioned
MPLADS-056221,SH Derek o Brien,Rajya Sabha,West Bengal,Sitting Rajya Sabha,,,MAGRA HAT-I,Balarampur,Normal/Others,NA - Installing tube-wells and borewells,DISTRICT MAGISTRATE SOUTH TWENTY FOUR PARGANAS_IDA,2023-07-19,Action Pending,200000,Unsanctioned
MPLADS-056222,Prof Saugata Roy ,Lok Sabha,West Bengal,DUM DUM,Khardaha,16,,,Normal/Others,WS/MP429/2023-2024/4794 - Street lights,DISTRICT MAGISTRATE NORTH TWENTY FOUR PARGANAS_IDA,2023-07-19,Approved by IDA,536000,Unsanctioned
MPLADS-056223,Prof Saugata Roy ,Lok Sabha,West Bengal,DUM DUM,Panihati,31,,,Normal/Others,WS/MP429/2023-2024/4792 - Purchase of hospital equipment,DISTRICT MAGISTRATE NORTH TWENTY FOUR PARGANAS_IDA,2023-07-19,Approved by IDA,1500000,Completed
MPLADS-056224,Prof Saugata Roy ,Lok Sabha,West Bengal,DUM DUM,Baranagar,20,,,Normal/Others,NA - Construction of rooms and halls in school and colleges,DISTRICT MAGISTRATE NORTH TWENTY FOUR PARGANAS_IDA,2023-07-19,Action Pending,1000000,Unsanctioned
MPLADS-056225,Prof Saugata Roy ,Lok Sabha,West Bengal,DUM DUM,Kamarhati,25,,,Normal/Others,WS/MP429/2023-2024/4790 - Development of public parks,DISTRICT MAGISTRATE NORTH TWENTY FOUR PARGANAS_IDA,2023-07-19,Approved by IDA,494000,Unsanctioned
MPLADS-056226,Prof Saugata Roy ,Lok Sabha,West Bengal,DUM DUM,Kamarhati,22,,,Normal/Others,"WS/MP429/2023-2024/4789 - Construction of roads, approach roads, link roads and pathways",DISTRICT MAGISTRATE NORTH TWENTY FOUR PARGANAS_IDA,2023-07-19,Approved by IDA,395000,Unsanctioned
MPLADS-056233,SH Derek o Brien,Rajya Sabha,West Bengal,Sitting Rajya Sabha,,,KOLAGHAT,Derya Chak,Normal/Others,WS/MP220/2023-2024/4668 - Installing tube-wells and borewells,DISTRICT MAGISTRATE PURBA MEDINIPUR_IDA,2023-07-19,Approved by IDA,200000,Unsanctioned
MPLADS-056234,SH Derek o Brien,Rajya Sabha,West Bengal,Sitting Rajya Sabha,,,TAMLUK,Jotankur,Normal/Others,WS/MP220/2023-2024/4669 - Installing tube-wells and borewells,DISTRICT MAGISTRATE PURBA MEDINIPUR_IDA,2023-07-19,Approved by IDA,200000,Unsanctioned
MPLADS-056235,SH Derek o Brien,Rajya Sabha,West Bengal,Sitting Rajya Sabha,,,TAMLUK,Mirikpur,Normal/Others,WS/MP220/2023-2024/4670 - Installing tube-wells and borewells,DISTRICT MAGISTRATE PURBA MEDINIPUR_IDA,2023-07-19,Approved by IDA,200000,Unsanctioned
MPLADS-056236,SH Derek o Brien,Rajya Sabha,West Bengal,Sitting Rajya Sabha,,,TAMLUK,Ganapatinagar,Normal/Others,WS/MP220/2023-2024/4671 - Installing tube-wells and borewells,DISTRICT MAGISTRATE PURBA MEDINIPUR_IDA,2023-07-19,Approved by IDA,200000,Unsanctioned
MPLADS-056237,SH Derek o Brien,Rajya Sabha,West Bengal,Sitting Rajya Sabha,,,TAMLUK,Uttar Sonamul,Normal/Others,WS/MP220/2023-2024/4672 - Installing tube-wells and borewells,DISTRICT MAGISTRATE PURBA MEDINIPUR_IDA,2023-07-19,Approved by IDA,200000,Unsanctioned
MPLADS-056238,SH Derek o Brien,Rajya Sabha,West Bengal,Sitting Rajya Sabha,,,SHAHID MATANGINI,Kakdihi (CT),Normal/Others,WS/MP220/2023-2024/4673 - Installing tube-wells and borewells,DISTRICT MAGISTRATE PURBA MEDINIPUR_IDA,2023-07-19,Approved by IDA,200000,Unsanctioned
MPLADS-056239,SH Derek o Brien,Rajya Sabha,West Bengal,Sitting Rajya Sabha,,,SHAHID MATANGINI,Astara,Normal/Others,WS/MP220/2023-2024/4674 - Installing tube-wells and borewells,DISTRICT MAGISTRATE PURBA MEDINIPUR_IDA,2023-07-19,Approved by IDA,200000,Sanctioned
MPLADS-056240,SH Derek o Brien,Rajya Sabha,West Bengal,Sitting Rajya Sabha,,,SHAHID MATANGINI,Polanda,Normal/Others,WS/MP220/2023-2024/4675 - Installing tube-wells and borewells,DISTRICT MAGISTRATE PURBA MEDINIPUR_IDA,2023-07-19,Approved by IDA,200000,Unsanctioned
MPLADS-056241,SHRI Sukhendu Sekhar Ray,Rajya Sabha,West Bengal,Sitting Rajya Sabha,,,BUDGE BUDGE-II,Kamra,Normal/Others,NA - Installing tube-wells and borewells,DISTRICT MAGISTRATE SOUTH TWENTY FOUR PARGANAS_IDA,2023-07-19,Action Pending,200000,Unsanctioned
MPLADS-056244,SH Derek o Brien,Rajya Sabha,West Bengal,Sitting Rajya Sabha,,,BHAGAWANPUR-II,Champak Ray Chak,Normal/Others,WS/MP220/2023-2024/4734 - Installing tube-wells and borewells,DISTRICT MAGISTRATE PURBA MEDINIPUR_IDA,2023-07-19,Approved by IDA,200000,Unsanctioned
MPLADS-056251,SH Derek o Brien,Rajya Sabha,West Bengal,Sitting Rajya Sabha,,,DESHAPRAN,Umapati Bar,Normal/Others,WS/MP220/2023-2024/4722 - Installing tube-wells and borewells,DISTRICT MAGISTRATE PURBA MEDINIPUR_IDA,2023-07-19,Approved by IDA,200000,Sanctioned
MPLADS-056252,SH Derek o Brien,Rajya Sabha,West Bengal,Sitting Rajya Sabha,,,CONTAI-III,Kanaidighi,Normal/Others,WS/MP220/2023-2024/4723 - Installing tube-wells and borewells,DISTRICT MAGISTRATE PURBA MEDINIPUR_IDA,2023-07-19,Approved by IDA,200000,Unsanctioned
MPLADS-056253,SH Derek o Brien,Rajya Sabha,West Bengal,Sitting Rajya Sabha,,,CONTAI-III,Kumirda,Normal/Others,WS/MP220/2023-2024/4724 - Installing tube-wells and borewells,DISTRICT MAGISTRATE PURBA MEDINIPUR_IDA,2023-07-19,Approved by IDA,200000,Unsanctioned
MPLADS-056254,SH Derek o Brien,Rajya Sabha,West Bengal,Sitting Rajya Sabha,,,CONTAI-III,Paik Bar,Normal/Others,WS/MP220/2023-2024/4725 - Installing tube-wells and borewells,DISTRICT MAGISTRATE PURBA MEDINIPUR_IDA,2023-07-19,Approved by IDA,200000,Unsanctioned
MPLADS-056255,SH Derek o Brien,Rajya Sabha,West Bengal,Sitting Rajya Sabha,,,CONTAI-III,Gangadhar Chak,Normal/Others,WS/MP220/2023-2024/4726 - Installing tube-wells and borewells,DISTRICT MAGISTRATE PURBA MEDINIPUR_IDA,2023-07-19,Approved by IDA,200000,Unsanctioned
MPLADS-056256,SH Derek o Brien,Rajya Sabha,West Bengal,Sitting Rajya Sabha,,,RAMNAGAR-I,Uttar Basulipat,Normal/Others,WS/MP220/2023-2024/4727 - Installing tube-wells and borewells,DISTRICT MAGISTRATE PURBA MEDINIPUR_IDA,2023-07-19,Approved by IDA,200000,Unsanctioned
MPLADS-056257,SH Derek o Brien,Rajya Sabha,West Bengal,Sitting Rajya Sabha,,,RAMNAGAR-I,Nonaari,Normal/Others,WS/MP220/2023-2024/4728 - Installing tube-wells and borewells,DISTRICT MAGISTRATE PURBA MEDINIPUR_IDA,2023-07-19,Approved by IDA,200000,Unsanctioned
MPLADS-056258,SH Derek o Brien,Rajya Sabha,West Bengal,Sitting Rajya Sabha,,,RAMNAGAR-I,Badhia,Normal/Others,WS/MP220/2023-2024/4729 - Installing tube-wells and borewells,DISTRICT MAGISTRATE PURBA MEDINIPUR_IDA,2023-07-19,Approved by IDA,200000,Unsanctioned
MPLADS-056259,SH Derek o Brien,Rajya Sabha,West Bengal,Sitting Rajya Sabha,,,RAMNAGAR-I,Jaldha,Normal/Others,WS/MP220/2023-2024/4730 - Installing tube-wells and borewells,DISTRICT MAGISTRATE PURBA MEDINIPUR_IDA,2023-07-19,Approved by IDA,200000,Unsanctioned
MPLADS-056260,SH Derek o Brien,Rajya Sabha,West Bengal,Sitting Rajya Sabha,,,RAMNAGAR-II,Bara Bankuya,Normal/Others,WS/MP220/2023-2024/4731 - Installing tube-wells and borewells,DISTRICT MAGISTRATE PURBA MEDINIPUR_IDA,2023-07-19,Approved by IDA,200000,Unsanctioned
MPLADS-056261,SH Derek o Brien,Rajya Sabha,West Bengal,Sitting Rajya Sabha,,,RAMNAGAR-II,Suberia,Normal/Others,WS/MP220/2023-2024/4732 - Installing tube-wells and borewells,DISTRICT MAGISTRATE PURBA MEDINIPUR_IDA,2023-07-19,Approved by IDA,200000,Unsanctioned
MPLADS-056282,SH Derek o Brien,Rajya Sabha,West Bengal,Sitting Rajya Sabha,,,RAMNAGAR-II,Arya Padyapur,Normal/Others,NA - Installing tube-wells and borewells,DISTRICT MAGISTRATE PURBA MEDINIPUR_IDA,2023-07-19,Action Pending,200000,Unsanctioned
MPLADS-056284,SH Derek o Brien,Rajya Sabha,West Bengal,Sitting Rajya Sabha,,,BHAGAWANPUR-II,Ururi,Normal/Others,WS/MP220/2023-2024/4735 - Installing tube-wells and borewells,DISTRICT MAGISTRATE PURBA MEDINIPUR_IDA,2023-07-19,Approved by IDA,200000,Sanctioned
MPLADS-056285,SHRI Sukhendu Sekhar Ray,Rajya Sabha,West Bengal,Sitting Rajya Sabha,,,BUDGE BUDGE-II,Dakshin Raypur (CT),Normal/Others,NA - Installing tube-wells and borewells,DISTRICT MAGISTRATE SOUTH TWENTY FOUR PARGANAS_IDA,2023-07-19,Action Pending,200000,Unsanctioned
MPLADS-056286,SHRI Sukhendu Sekhar Ray,Rajya Sabha,West Bengal,Sitting Rajya Sabha,,,BISHNUPUR-I,Cheyari,Normal/Others,NA - Installing tube-wells and borewells,DISTRICT MAGISTRATE SOUTH TWENTY FOUR PARGANAS_IDA,2023-07-19,Action Pending,200000,Unsanctioned
MPLADS-056287,SHRI Sukhendu Sekhar Ray,Rajya Sabha,West Bengal,Sitting Rajya Sabha,,,BISHNUPUR-I,Kalicharanpur,Normal/Others,NA - Installing tube-wells and borewells,DISTRICT MAGISTRATE SOUTH TWENTY FOUR PARGANAS_IDA,2023-07-19,Action Pending,200000,Unsanctioned
MPLADS-056288,SHRI Sukhendu Sekhar Ray,Rajya Sabha,West Bengal,Sitting Rajya Sabha,,,BUDGE BUDGE-I,Parbati,Normal/Others,NA - Installing tube-wells and borewells,DISTRICT MAGISTRATE SOUTH TWENTY FOUR PARGANAS_IDA,2023-07-19,Action Pending,200000,Unsanctioned
MPLADS-056289,SHRI Sukhendu Sekhar Ray,Rajya Sabha,West Bengal,Sitting Rajya Sabha,,,BUDGE BUDGE-I,Jamalpur,Normal/Others,NA - Installing tube-wells and borewells,DISTRICT MAGISTRATE SOUTH TWENTY FOUR PARGANAS_IDA,2023-07-19,Action Pending,200000,Unsanctioned
MPLADS-056290,SHRI Sukhendu Sekhar Ray,Rajya Sabha,West Bengal,Sitting Rajya Sabha,,,BUDGE BUDGE-II,Godakhali,Normal/Others,NA - Installing tube-wells and borewells,DISTRICT MAGISTRATE SOUTH TWENTY FOUR PARGANAS_IDA,2023-07-19,Action Pending,200000,Unsanctioned
MPLADS-056291,SHRI Sukhendu Sekhar Ray,Rajya Sabha,West Bengal,Sitting Rajya Sabha,,,BUDGE BUDGE-II,Dongaria,Normal/Others,NA - Installing tube-wells and borewells,DISTRICT MAGISTRATE SOUTH TWENTY FOUR PARGANAS_IDA,2023-07-19,Action Pending,200000,Unsanctioned
MPLADS-056292,SHRI Sukhendu Sekhar Ray,Rajya Sabha,West Bengal,Sitting Rajya Sabha,,,BUDGE BUDGE-II,Godakhali,Normal/Others,NA - Installing tube-wells and borewells,DISTRICT MAGISTRATE SOUTH TWENTY FOUR PARGANAS_IDA,2023-07-19,Action Pending,200000,Unsanctioned
MPLADS-056293,SHRI Sukhendu Sekhar Ray,Rajya Sabha,West Bengal,Sitting Rajya Sabha,,,BUDGE BUDGE-II,Dakshin Raypur (CT),Normal/Others,NA - Installing tube-wells and borewells,DISTRICT MAGISTRATE SOUTH TWENTY FOUR PARGANAS_IDA,2023-07-19,Action Pending,200000,Unsanctioned
MPLADS-056294,SHRI Sukhendu Sekhar Ray,Rajya Sabha,West Bengal,Sitting Rajya Sabha,,,BUDGE BUDGE-II,Chak Himmatkhan,Normal/Others,NA - Installing tube-wells and borewells,DISTRICT MAGISTRATE SOUTH TWENTY FOUR PARGANAS_IDA,2023-07-19,Action Pending,200000,Unsanctioned
MPLADS-056295,SHRI Sukhendu Sekhar Ray,Rajya Sabha,West Bengal,Sitting Rajya Sabha,,,BISHNUPUR-I,Krishnarampur,Normal/Others,NA - Installing tube-wells and borewells,DISTRICT MAGISTRATE SOUTH TWENTY FOUR PARGANAS_IDA,2023-07-19,Action Pending,200000,Unsanctioned
MPLADS-056296,SHRI Sukhendu Sekhar Ray,Rajya Sabha,West Bengal,Sitting Rajya Sabha,,,BUDGE BUDGE-II,Sonaria,Normal/Others,NA - Installing tube-wells and borewells,DISTRICT MAGISTRATE SOUTH TWENTY FOUR PARGANAS_IDA,2023-07-19,Action Pending,200000,Unsanctioned
MPLADS-056297,SH Derek o Brien,Rajya Sabha,West Bengal,Sitting Rajya Sabha,,,BHAGAWANPUR-II,Dakshin Bishnupur,Normal/Others,NA - Installing tube-wells and borewells,DISTRICT MAGISTRATE PURBA MEDINIPUR_IDA,2023-07-19,Action Pending,200000,Unsanctioned
MPLADS-056298,SHRI Sukhendu Sekhar Ray,Rajya Sabha,West Bengal,Sitting Rajya Sabha,,,BUDGE BUDGE-II,Neiya,Normal/Others,NA - Installing tube-wells and borewells,DISTRICT MAGISTRATE SOUTH TWENTY FOUR PARGANAS_IDA,2023-07-19,Action Pending,200000,Unsanctioned
MPLADS-056300,SHRI Sukhendu Sekhar Ray,Rajya Sabha,West Bengal,Sitting Rajya Sabha,,,BUDGE BUDGE-II,Sahebanumedpur,Normal/Others,NA - Installing tube-wells and borewells,DISTRICT MAGISTRATE SOUTH TWENTY FOUR PARGANAS_IDA,2023-07-19,Action Pending,200000,Unsanctioned
MPLADS-056304,SHRI Sukhendu Sekhar Ray,Rajya Sabha,West Bengal,Sitting Rajya Sabha,,,BISHNUPUR-I,Bakeswar,Normal/Others,NA - Installing tube-wells and borewells,DISTRICT MAGISTRATE SOUTH TWENTY FOUR PARGANAS_IDA,2023-07-19,Action Pending,200000,Unsanctioned
MPLADS-056305,SHRI Sukhendu Sekhar Ray,Rajya Sabha,West Bengal,Sitting Rajya Sabha,,,BUDGE BUDGE-II,Itali,Normal/Others,NA - Installing tube-wells and borewells,DISTRICT MAGISTRATE SOUTH TWENTY FOUR PARGANAS_IDA,2023-07-19,Action Pending,200000,Unsanctioned
MPLADS-056306,SHRI Sukhendu Sekhar Ray,Rajya Sabha,West Bengal,Sitting Rajya Sabha,,,BISHNUPUR-I,Amgachhi,Normal/Others,NA - Installing tube-wells and borewells,DISTRICT MAGISTRATE SOUTH TWENTY FOUR PARGANAS_IDA,2023-07-19,Action Pending,200000,Unsanctioned
MPLADS-056307,SHRI Sukhendu Sekhar Ray,Rajya Sabha,West Bengal,Sitting Rajya Sabha,,,BUDGE BUDGE-II,Gaja,Normal/Others,NA - Installing tube-wells and borewells,DISTRICT MAGISTRATE SOUTH TWENTY FOUR PARGANAS_IDA,2023-07-19,Action Pending,200000,Unsanctioned
MPLADS-056308,SHRI Sukhendu Sekhar Ray,Rajya Sabha,West Bengal,Sitting Rajya Sabha,,,BISHNUPUR-I,Amgachhi,Normal/Others,NA - Installing tube-wells and borewells,DISTRICT MAGISTRATE SOUTH TWENTY FOUR PARGANAS_IDA,2023-07-19,Action Pending,200000,Unsanctioned
MPLADS-056309,SHRI Sukhendu Sekhar Ray,Rajya Sabha,West Bengal,Sitting Rajya Sabha,,,BUDGE BUDGE-II,Chak Paran,Normal/Others,NA - Installing tube-wells and borewells,DISTRICT MAGISTRATE SOUTH TWENTY FOUR PARGANAS_IDA,2023-07-19,Action Pending,200000,Unsanctioned
MPLADS-056310,SHRI Sukhendu Sekhar Ray,Rajya Sabha,West Bengal,Sitting Rajya Sabha,,,BUDGE BUDGE-II,Chak Manik,Normal/Others,NA - Installing tube-wells and borewells,DISTRICT MAGISTRATE SOUTH TWENTY FOUR PARGANAS_IDA,2023-07-19,Action Pending,200000,Unsanctioned
MPLADS-056311,SHRI Sukhendu Sekhar Ray,Rajya Sabha,West Bengal,Sitting Rajya Sabha,,,BUDGE BUDGE-II,Dhanchebaria,Normal/Others,NA - Installing tube-wells and borewells,DISTRICT MAGISTRATE SOUTH TWENTY FOUR PARGANAS_IDA,2023-07-19,Action Pending,200000,Unsanctioned
MPLADS-056312,SHRI Sukhendu Sekhar Ray,Rajya Sabha,West Bengal,Sitting Rajya Sabha,,,BUDGE BUDGE-II,Bahirchara,Normal/Others,NA - Installing tube-wells and borewells,DISTRICT MAGISTRATE SOUTH TWENTY FOUR PARGANAS_IDA,2023-07-19,Action Pending,200000,Unsanctioned
MPLADS-056313,SH Derek o Brien,Rajya Sabha,West Bengal,Sitting Rajya Sabha,,,KHEJURI-I,Ajaya,Normal/Others,WS/MP220/2023-2024/4738 - Installing tube-wells and borewells,DISTRICT MAGISTRATE PURBA MEDINIPUR_IDA,2023-07-19,Approved by IDA,200000,Unsanctioned
MPLADS-056314,SH Derek o Brien,Rajya Sabha,West Bengal,Sitting Rajya Sabha,,,BHAGAWANPUR-II,Uttar Khas Mulda,Normal/Others,WS/MP220/2023-2024/4737 - Installing tube-wells and borewells,DISTRICT MAGISTRATE PURBA MEDINIPUR_IDA,2023-07-19,Approved by IDA,200000,Sanctioned
MPLADS-056315,SHRI Sukhendu Sekhar Ray,Rajya Sabha,West Bengal,Sitting Rajya Sabha,,,BUDGE BUDGE-II,Paita,Normal/Others,NA - Installing tube-wells and borewells,DISTRICT MAGISTRATE SOUTH TWENTY FOUR PARGANAS_IDA,2023-07-19,Action Pending,200000,Unsanctioned
MPLADS-056316,SHRI Sukhendu Sekhar Ray,Rajya Sabha,West Bengal,Sitting Rajya Sabha,,,BUDGE BUDGE-II,Muchisha,Normal/Others,NA - Installing tube-wells and borewells,DISTRICT MAGISTRATE SOUTH TWENTY FOUR PARGANAS_IDA,2023-07-19,Action Pending,200000,Unsanctioned
MPLADS-056317,SHRI Sukhendu Sekhar Ray,Rajya Sabha,West Bengal,Sitting Rajya Sabha,,,BUDGE BUDGE-II,Poali (CT),Normal/Others,NA - Installing tube-wells and borewells,DISTRICT MAGISTRATE SOUTH TWENTY FOUR PARGANAS_IDA,2023-07-19,Action Pending,200000,Unsanctioned
MPLADS-056318,SHRI Sukhendu Sekhar Ray,Rajya Sabha,West Bengal,Sitting Rajya Sabha,,,BUDGE BUDGE-II,Bahirkunji,Normal/Others,NA - Installing tube-wells and borewells,DISTRICT MAGISTRATE SOUTH TWENTY FOUR PARGANAS_IDA,2023-07-19,Action Pending,200000,Unsanctioned
MPLADS-056319,SHRI Sukhendu Sekhar Ray,Rajya Sabha,West Bengal,Sitting Rajya Sabha,,,BUDGE BUDGE-II,Chandua,Normal/Others,NA - Installing tube-wells and borewells,DISTRICT MAGISTRATE SOUTH TWENTY FOUR PARGANAS_IDA,2023-07-19,Action Pending,200000,Unsanctioned
MPLADS-056320,SHRI Sukhendu Sekhar Ray,Rajya Sabha,West Bengal,Sitting Rajya Sabha,,,BUDGE BUDGE-II,Burul,Normal/Others,NA - Installing tube-wells and borewells,DISTRICT MAGISTRATE SOUTH TWENTY FOUR PARGANAS_IDA,2023-07-19,Action Pending,200000,Unsanctioned
MPLADS-056321,SHRI Sukhendu Sekhar Ray,Rajya Sabha,West Bengal,Sitting Rajya Sabha,,,BUDGE BUDGE-II,Bidira,Normal/Others,NA - Installing tube-wells and borewells,DISTRICT MAGISTRATE SOUTH TWENTY FOUR PARGANAS_IDA,2023-07-19,Action Pending,200000,Unsanctioned
MPLADS-056322,SHRI Sukhendu Sekhar Ray,Rajya Sabha,West Bengal,Sitting Rajya Sabha,,,BUDGE BUDGE-II,Poali (CT),Normal/Others,NA - Installing tube-wells and borewells,DISTRICT MAGISTRATE SOUTH TWENTY FOUR PARGANAS_IDA,2023-07-19,Action Pending,200000,Unsanctioned
MPLADS-056323,SHRI Sukhendu Sekhar Ray,Rajya Sabha,West Bengal,Sitting Rajya Sabha,,,BISHNUPUR-I,Amgachhi,Normal/Others,NA - Installing tube-wells and borewells,DISTRICT MAGISTRATE SOUTH TWENTY FOUR PARGANAS_IDA,2023-07-19,Action Pending,200000,Unsanctioned
MPLADS-056324,SH Derek o Brien,Rajya Sabha,West Bengal,Sitting Rajya Sabha,,,BARJORA,Kamarsol,Normal/Others,NA - Installing tube-wells and borewells,DISTRICT MAGISTRATE BANKURA_IDA,2023-07-18,Action Pending,200000,Unsanctioned
MPLADS-056325,SH Derek o Brien,Rajya Sabha,West Bengal,Sitting Rajya Sabha,,,BARJORA,Barjora (CT),Normal/Others,NA - Installing tube-wells and borewells,DISTRICT MAGISTRATE BANKURA_IDA,2023-07-18,Action Pending,200000,Unsanctioned
MPLADS-056326,SH Derek o Brien,Rajya Sabha,West Bengal,Sitting Rajya Sabha,,,BARJORA,Hatashuria,Normal/Others,NA - Installing tube-wells and borewells,DISTRICT MAGISTRATE BANKURA_IDA,2023-07-18,Action Pending,200000,Unsanctioned
MPLADS-056327,SH Derek o Brien,Rajya Sabha,West Bengal,Sitting Rajya Sabha,,,BARJORA,Birsinghapur,Normal/Others,NA - Installing tube-wells and borewells,DISTRICT MAGISTRATE BANKURA_IDA,2023-07-18,Action Pending,200000,Unsanctioned
MPLADS-056328,SH Derek o Brien,Rajya Sabha,West Bengal,Sitting Rajya Sabha,,,BARJORA,Bhabanipur,Normal/Others,NA - Installing tube-wells and borewells,DISTRICT MAGISTRATE BANKURA_IDA,2023-07-18,Action Pending,200000,Unsanctioned
MPLADS-056329,SH Derek o Brien,Rajya Sabha,West Bengal,Sitting Rajya Sabha,,,BARJORA,Pakhanna,Normal/Others,NA - Installing tube-wells and borewells,DISTRICT MAGISTRATE BANKURA_IDA,2023-07-18,Action Pending,200000,Unsanctioned
MPLADS-056330,SH Derek o Brien,Rajya Sabha,West Bengal,Sitting Rajya Sabha,,,BARJORA,Nirisha,Normal/Others,NA - Installing tube-wells and borewells,DISTRICT MAGISTRATE BANKURA_IDA,2023-07-18,Action Pending,200000,Unsanctioned
MPLADS-056331,SH Derek o Brien,Rajya Sabha,West Bengal,Sitting Rajya Sabha,,,BARJORA,Beleshola,Normal/Others,NA - Installing tube-wells and borewells,DISTRICT MAGISTRATE BANKURA_IDA,2023-07-18,Action Pending,200000,Unsanctioned
MPLADS-056332,SH Derek o Brien,Rajya Sabha,West Bengal,Sitting Rajya Sabha,,,BARJORA,Deucha,Normal/Others,NA - Installing tube-wells and borewells,DISTRICT MAGISTRATE BANKURA_IDA,2023-07-18,Action Pending,200000,Unsanctioned
MPLADS-056333,SH Derek o Brien,Rajya Sabha,West Bengal,Sitting Rajya Sabha,,,BARJORA,Nutangram,Normal/Others,WS/MP220/2023-2024/4404 - Installing tube-wells and borewells,DISTRICT MAGISTRATE BANKURA_IDA,2023-07-18,Approved by IDA,200000,Unsanctioned
MPLADS-056334,SH Derek o Brien,Rajya Sabha,West Bengal,Sitting Rajya Sabha,,,BARJORA,Barjora (CT),Normal/Others,NA - Installing tube-wells and borewells,DISTRICT MAGISTRATE BANKURA_IDA,2023-07-18,Action Pending,200000,Unsanctioned
MPLADS-056335,SH Derek o Brien,Rajya Sabha,West Bengal,Sitting Rajya Sabha,,,BARJORA,Kamala,Normal/Others,WS/MP220/2023-2024/4402 - Installing tube-wells and borewells,DISTRICT MAGISTRATE BANKURA_IDA,2023-07-18,Approved by IDA,200000,Unsanctioned
MPLADS-056336,SH Derek o Brien,Rajya Sabha,West Bengal,Sitting Rajya Sabha,,,BARJORA,Paharpur,Normal/Others,NA - Installing tube-wells and borewells,DISTRICT MAGISTRATE BANKURA_IDA,2023-07-18,Action Pending,200000,Unsanctioned
MPLADS-056337,SH Derek o Brien,Rajya Sabha,West Bengal,Sitting Rajya Sabha,,,ONDA,Chura Manipur,Normal/Others,NA - Installing tube-wells and borewells,DISTRICT MAGISTRATE BANKURA_IDA,2023-07-18,Action Pending,200000,Unsanctioned
MPLADS-056338,SH Derek o Brien,Rajya Sabha,West Bengal,Sitting Rajya Sabha,,,BARJORA,Barjora (CT),Normal/Others,NA - Installing tube-wells and borewells,DISTRICT MAGISTRATE BANKURA_IDA,2023-07-18,Action Pending,200000,Unsanctioned
MPLADS-056339,SH Derek o Brien,Rajya Sabha,West Bengal,Sitting Rajya Sabha,,,ONDA,Chingani,Normal/Others,NA - Installing tube-wells and borewells,DISTRICT MAGISTRATE BANKURA_IDA,2023-07-18,Action Pending,200000,Unsanctioned
MPLADS-056340,SH Derek o Brien,Rajya Sabha,West Bengal,Sitting Rajya Sabha,,,BARJORA,Madanhati,Normal/Others,NA - Installing tube-wells and borewells,DISTRICT MAGISTRATE BANKURA_IDA,2023-07-18,Action Pending,200000,Unsanctioned
MPLADS-056341,SHRI Sukhendu Sekhar Ray,Rajya Sabha,West Bengal,Sitting Rajya Sabha,,,BASANTI,Ranigar,Normal/Others,NA - Installing tube-wells and borewells,DISTRICT MAGISTRATE SOUTH TWENTY FOUR PARGANAS_IDA,2023-07-18,Action Pending,200000,Unsanctioned
MPLADS-056342,SHRI Sukhendu Sekhar Ray,Rajya Sabha,West Bengal,Sitting Rajya Sabha,,,BASANTI,Radharanipur,Normal/Others,NA - Installing tube-wells and borewells,DISTRICT MAGISTRATE SOUTH TWENTY FOUR PARGANAS_IDA,2023-07-18,Action Pending,200000,Unsanctioned
MPLADS-056343,SHRI Sukhendu Sekhar Ray,Rajya Sabha,West Bengal,Sitting Rajya Sabha,,,BASANTI,Jyotishpur,Normal/Others,NA - Installing tube-wells and borewells,DISTRICT MAGISTRATE SOUTH TWENTY FOUR PARGANAS_IDA,2023-07-18,Action Pending,200000,Unsanctioned
MPLADS-056344,SH Derek o Brien,Rajya Sabha,West Bengal,Sitting Rajya Sabha,,,ONDA,Ashnasol,Normal/Others,NA - Installing tube-wells and borewells,DISTRICT MAGISTRATE BANKURA_IDA,2023-07-18,Action Pending,200000,Unsanctioned
MPLADS-056345,SH Derek o Brien,Rajya Sabha,West Bengal,Sitting Rajya Sabha,,,ONDA,Nutangram,Normal/Others,NA - Installing tube-wells and borewells,DISTRICT MAGISTRATE BANKURA_IDA,2023-07-18,Action Pending,200000,Unsanctioned
MPLADS-056346,SH Derek o Brien,Rajya Sabha,West Bengal,Sitting Rajya Sabha,,,ONDA,Kalyani,Normal/Others,NA - Installing tube-wells and borewells,DISTRICT MAGISTRATE BANKURA_IDA,2023-07-18,Action Pending,200000,Unsanctioned
MPLADS-056347,SH Derek o Brien,Rajya Sabha,West Bengal,Sitting Rajya Sabha,,,ONDA,Kunchi Shole,Normal/Others,NA - Installing tube-wells and borewells,DISTRICT MAGISTRATE BANKURA_IDA,2023-07-18,Action Pending,200000,Unsanctioned
MPLADS-056348,SH Derek o Brien,Rajya Sabha,West Bengal,Sitting Rajya Sabha,,,ONDA,Bhetiara,Normal/Others,NA - Installing tube-wells and borewells,DISTRICT MAGISTRATE BANKURA_IDA,2023-07-18,Action Pending,200000,Unsanctioned
MPLADS-056349,SH Derek o Brien,Rajya Sabha,West Bengal,Sitting Rajya Sabha,,,ONDA,Bhedua,Normal/Others,NA - Installing tube-wells and borewells,DISTRICT MAGISTRATE BANKURA_IDA,2023-07-18,Action Pending,200000,Unsanctioned
MPLADS-056350,SH Derek o Brien,Rajya Sabha,West Bengal,Sitting Rajya Sabha,,,ONDA,Majdiha,Normal/Others,NA - Installing tube-wells and borewells,DISTRICT MAGISTRATE BANKURA_IDA,2023-07-18,Action Pending,200000,Unsanctioned
MPLADS-056351,SH Derek o Brien,Rajya Sabha,West Bengal,Sitting Rajya Sabha,,,ONDA,Nikunjapur,Normal/Others,NA - Installing tube-wells and borewells,DISTRICT MAGISTRATE BANKURA_IDA,2023-07-18,Action Pending,200000,Unsanctioned
MPLADS-056352,SH Derek o Brien,Rajya Sabha,West Bengal,Sitting Rajya Sabha,,,ONDA,Nikunjapur,Normal/Others,NA - Installing tube-wells and borewells,DISTRICT MAGISTRATE BANKURA_IDA,2023-07-18,Action Pending,200000,Unsanctioned
MPLADS-056353,SH Derek o Brien,Rajya Sabha,West Bengal,Sitting Rajya Sabha,,,ONDA,Kalyari,Normal/Others,NA - Installing tube-wells and borewells,DISTRICT MAGISTRATE BANKURA_IDA,2023-07-18,Action Pending,200000,Unsanctioned
MPLADS-056354,SH Derek o Brien,Rajya Sabha,West Bengal,Sitting Rajya Sabha,,,ONDA,Tilabani,Normal/Others,NA - Installing tube-wells and borewells,DISTRICT MAGISTRATE BANKURA_IDA,2023-07-18,Action Pending,200000,Unsanctioned
MPLADS-056355,SH Derek o Brien,Rajya Sabha,West Bengal,Sitting Rajya Sabha,,,ONDA,Ram Sagar,Normal/Others,NA - Installing tube-wells and borewells,DISTRICT MAGISTRATE BANKURA_IDA,2023-07-18,Action Pending,200000,Unsanctioned
MPLADS-056356,SH Derek o Brien,Rajya Sabha,West Bengal,Sitting Rajya Sabha,,,ONDA,Jhati Bani,Normal/Others,NA - Installing tube-wells and borewells,DISTRICT MAGISTRATE BANKURA_IDA,2023-07-18,Action Pending,200000,Unsanctioned
MPLADS-056357,SHRI Sukhendu Sekhar Ray,Rajya Sabha,West Bengal,Sitting Rajya Sabha,,,BASANTI,Dhuri,Normal/Others,NA - Installing tube-wells and borewells,DISTRICT MAGISTRATE SOUTH TWENTY FOUR PARGANAS_IDA,2023-07-18,Action Pending,200000,Unsanctioned
MPLADS-056359,SH Derek o Brien,Rajya Sabha,West Bengal,Sitting Rajya Sabha,,,ARAMBAGH,Keshabpur,Normal/Others,WS/MP220/2023-2024/4407 - Installing tube-wells and borewells,DISTRICT MAGISTRATE HOOGHLY_IDA,2023-07-18,Approved by IDA,200000,Unsanctioned
MPLADS-056360,SH Derek o Brien,Rajya Sabha,West Bengal,Sitting Rajya Sabha,,,PATHAR PRATIMA,Dakshin Gangadharpur,Normal/Others,NA - Installing tube-wells and borewells,DISTRICT MAGISTRATE SOUTH TWENTY FOUR PARGANAS_IDA,2023-07-18,Action Pending,200000,Unsanctioned
MPLADS-056361,SHRI Sukhendu Sekhar Ray,Rajya Sabha,West Bengal,Sitting Rajya Sabha,,,CANNING-I,Matla (CT),Normal/Others,NA - Installing tube-wells and borewells,DISTRICT MAGISTRATE SOUTH TWENTY FOUR PARGANAS_IDA,2023-07-18,Action Pending,200000,Unsanctioned
MPLADS-056362,SHRI Sukhendu Sekhar Ray,Rajya Sabha,West Bengal,Sitting Rajya Sabha,,,CANNING-I,Matla (CT),Normal/Others,NA - Installing tube-wells and borewells,DISTRICT MAGISTRATE SOUTH TWENTY FOUR PARGANAS_IDA,2023-07-18,Action Pending,200000,Unsanctioned
MPLADS-056363,SHRI Sukhendu Sekhar Ray,Rajya Sabha,West Bengal,Sitting Rajya Sabha,,,BASANTI,Ballartop,Normal/Others,NA - Installing tube-wells and borewells,DISTRICT MAGISTRATE SOUTH TWENTY FOUR PARGANAS_IDA,2023-07-18,Action Pending,200000,Unsanctioned
MPLADS-056364,SHRI Sukhendu Sekhar Ray,Rajya Sabha,West Bengal,Sitting Rajya Sabha,,,CANNING-I,Matla (CT),Normal/Others,NA - Installing tube-wells and borewells,DISTRICT MAGISTRATE SOUTH TWENTY FOUR PARGANAS_IDA,2023-07-18,Action Pending,200000,Unsanctioned
MPLADS-056365,SHRI Sukhendu Sekhar Ray,Rajya Sabha,West Bengal,Sitting Rajya Sabha,,,CANNING-I,Banshra (CT),Normal/Others,NA - Installing tube-wells and borewells,DISTRICT MAGISTRATE SOUTH TWENTY FOUR PARGANAS_IDA,2023-07-18,Action Pending,200000,Unsanctioned
MPLADS-056366,SHRI Sukhendu Sekhar Ray,Rajya Sabha,West Bengal,Sitting Rajya Sabha,,,CANNING-I,Matla (CT),Normal/Others,NA - Installing tube-wells and borewells,DISTRICT MAGISTRATE SOUTH TWENTY FOUR PARGANAS_IDA,2023-07-18,Action Pending,200000,Unsanctioned
MPLADS-056367,SHRI Sukhendu Sekhar Ray,Rajya Sabha,West Bengal,Sitting Rajya Sabha,,,CANNING-I,Matla (CT),Normal/Others,NA - Installing tube-wells and borewells,DISTRICT MAGISTRATE SOUTH TWENTY FOUR PARGANAS_IDA,2023-07-18,Action Pending,200000,Unsanctioned
MPLADS-056368,SHRI Sukhendu Sekhar Ray,Rajya Sabha,West Bengal,Sitting Rajya Sabha,,,CANNING-I,Dighirpar (CT),Normal/Others,NA - Installing tube-wells and borewells,DISTRICT MAGISTRATE SOUTH TWENTY FOUR PARGANAS_IDA,2023-07-18,Action Pending,200000,Unsanctioned
MPLADS-056369,SHRI Sukhendu Sekhar Ray,Rajya Sabha,West Bengal,Sitting Rajya Sabha,,,CANNING-I,Matla (CT),Normal/Others,NA - Installing tube-wells and borewells,DISTRICT MAGISTRATE SOUTH TWENTY FOUR PARGANAS_IDA,2023-07-18,Action Pending,200000,Unsanctioned
MPLADS-056370,SHRI Sukhendu Sekhar Ray,Rajya Sabha,West Bengal,Sitting Rajya Sabha,,,CANNING-I,Matla (CT),Normal/Others,NA - Installing tube-wells and borewells,DISTRICT MAGISTRATE SOUTH TWENTY FOUR PARGANAS_IDA,2023-07-18,Action Pending,200000,Unsanctioned
MPLADS-056371,SHRI Sukhendu Sekhar Ray,Rajya Sabha,West Bengal,Sitting Rajya Sabha,,,CANNING-I,Matla (CT),Normal/Others,NA - Installing tube-wells and borewells,DISTRICT MAGISTRATE SOUTH TWENTY FOUR PARGANAS_IDA,2023-07-18,Action Pending,200000,Unsanctioned
MPLADS-056372,SHRI Sukhendu Sekhar Ray,Rajya Sabha,West Bengal,Sitting Rajya Sabha,,,CANNING-I,Daria,Normal/Others,NA - Installing tube-wells and borewells,DISTRICT MAGISTRATE SOUTH TWENTY FOUR PARGANAS_IDA,2023-07-18,Action Pending,200000,Unsanctioned
MPLADS-056373,SHRI Sukhendu Sekhar Ray,Rajya Sabha,West Bengal,Sitting Rajya Sabha,,,CANNING-I,Matla (CT),Normal/Others,NA - Installing tube-wells and borewells,DISTRICT MAGISTRATE SOUTH TWENTY FOUR PARGANAS_IDA,2023-07-18,Action Pending,200000,Unsanctioned
MPLADS-056374,SHRI Sukhendu Sekhar Ray,Rajya Sabha,West Bengal,Sitting Rajya Sabha,,,CANNING-I,Matla (CT),Normal/Others,NA - Installing tube-wells and borewells,DISTRICT MAGISTRATE SOUTH TWENTY FOUR PARGANAS_IDA,2023-07-18,Action Pending,200000,Unsanctioned
MPLADS-056375,SHRI Sukhendu Sekhar Ray,Rajya Sabha,West Bengal,Sitting Rajya Sabha,,,CANNING-I,Matla (CT),Normal/Others,NA - Installing tube-wells and borewells,DISTRICT MAGISTRATE SOUTH TWENTY FOUR PARGANAS_IDA,2023-07-18,Action Pending,200000,Unsanctioned
MPLADS-056376,SHRI Sukhendu Sekhar Ray,Rajya Sabha,West Bengal,Sitting Rajya Sabha,,,CANNING-I,Matla (CT),Normal/Others,NA - Installing tube-wells and borewells,DISTRICT MAGISTRATE SOUTH TWENTY FOUR PARGANAS_IDA,2023-07-18,Action Pending,200000,Unsanctioned
MPLADS-056377,SHRI Sukhendu Sekhar Ray,Rajya Sabha,West Bengal,Sitting Rajya Sabha,,,CANNING-I,Matla (CT),Normal/Others,NA - Installing tube-wells and borewells,DISTRICT MAGISTRATE SOUTH TWENTY FOUR PARGANAS_IDA,2023-07-18,Action Pending,200000,Unsanctioned
MPLADS-056378,SHRI Sukhendu Sekhar Ray,Rajya Sabha,West Bengal,Sitting Rajya Sabha,,,CANNING-I,Matla (CT),Normal/Others,NA - Installing tube-wells and borewells,DISTRICT MAGISTRATE SOUTH TWENTY FOUR PARGANAS_IDA,2023-07-18,Action Pending,200000,Unsanctioned
MPLADS-056379,SHRI Sukhendu Sekhar Ray,Rajya Sabha,West Bengal,Sitting Rajya Sabha,,,CANNING-I,Dighirpar (CT),Normal/Others,NA - Installing tube-wells and borewells,DISTRICT MAGISTRATE SOUTH TWENTY FOUR PARGANAS_IDA,2023-07-18,Action Pending,200000,Unsanctioned
MPLADS-056380,SHRI Sukhendu Sekhar Ray,Rajya Sabha,West Bengal,Sitting Rajya Sabha,,,CANNING-I,Hat Pukhuria,Normal/Others,NA - Installing tube-wells and borewells,DISTRICT MAGISTRATE SOUTH TWENTY FOUR PARGANAS_IDA,2023-07-18,Action Pending,200000,Unsanctioned
MPLADS-056381,SHRI Sukhendu Sekhar Ray,Rajya Sabha,West Bengal,Sitting Rajya Sabha,,,CANNING-I,Nikarighata,Normal/Others,NA - Installing tube-wells and borewells,DISTRICT MAGISTRATE SOUTH TWENTY FOUR PARGANAS_IDA,2023-07-18,Action Pending,200000,Unsanctioned
MPLADS-056382,SHRI Sukhendu Sekhar Ray,Rajya Sabha,West Bengal,Sitting Rajya Sabha,,,CANNING-I,Taldi (CT),Normal/Others,NA - Installing tube-wells and borewells,DISTRICT MAGISTRATE SOUTH TWENTY FOUR PARGANAS_IDA,2023-07-18,Action Pending,200000,Unsanctioned
MPLADS-056383,SHRI Sukhendu Sekhar Ray,Rajya Sabha,West Bengal,Sitting Rajya Sabha,,,CANNING-I,Taldi (CT),Normal/Others,NA - Installing tube-wells and borewells,DISTRICT MAGISTRATE SOUTH TWENTY FOUR PARGANAS_IDA,2023-07-18,Action Pending,200000,Unsanctioned
MPLADS-056384,SHRI Sukhendu Sekhar Ray,Rajya Sabha,West Bengal,Sitting Rajya Sabha,,,CANNING-I,Dighirpar (CT),Normal/Others,NA - Installing tube-wells and borewells,DISTRICT MAGISTRATE SOUTH TWENTY FOUR PARGANAS_IDA,2023-07-18,Action Pending,200000,Unsanctioned
MPLADS-056385,SH Derek o Brien,Rajya Sabha,West Bengal,Sitting Rajya Sabha,,,PATHAR PRATIMA,Satyadaspur,Normal/Others,NA - Installing tube-wells and borewells,DISTRICT MAGISTRATE SOUTH TWENTY FOUR PARGANAS_IDA,2023-07-18,Action Pending,200000,Unsanctioned
MPLADS-056386,SH Derek o Brien,Rajya Sabha,West Bengal,Sitting Rajya Sabha,,,PURSURAH,Rasik Chak,Normal/Others,WS/MP220/2023-2024/4408 - Installing tube-wells and borewells,DISTRICT MAGISTRATE HOOGHLY_IDA,2023-07-18,Approved by IDA,200000,Unsanctioned
MPLADS-056387,SH Derek o Brien,Rajya Sabha,West Bengal,Sitting Rajya Sabha,,,PATHAR PRATIMA,Kumarpur,Normal/Others,NA - Installing tube-wells and borewells,DISTRICT MAGISTRATE SOUTH TWENTY FOUR PARGANAS_IDA,2023-07-18,Action Pending,200000,Unsanctioned
MPLADS-056388,SH Derek o Brien,Rajya Sabha,West Bengal,Sitting Rajya Sabha,,,FALTA,Abad Simulganaja,Normal/Others,NA - Installing tube-wells and borewells,DISTRICT MAGISTRATE SOUTH TWENTY FOUR PARGANAS_IDA,2023-07-18,Action Pending,200000,Unsanctioned
MPLADS-056389,SH Derek o Brien,Rajya Sabha,West Bengal,Sitting Rajya Sabha,,,FALTA,Chaluary,Normal/Others,NA - Installing tube-wells and borewells,DISTRICT MAGISTRATE SOUTH TWENTY FOUR PARGANAS_IDA,2023-07-18,Action Pending,200000,Unsanctioned
MPLADS-056390,SH Derek o Brien,Rajya Sabha,West Bengal,Sitting Rajya Sabha,,,FALTA,Baneshwarpur (CT),Normal/Others,NA - Installing tube-wells and borewells,DISTRICT MAGISTRATE SOUTH TWENTY FOUR PARGANAS_IDA,2023-07-18,Action Pending,200000,Unsanctioned
MPLADS-056391,SH Derek o Brien,Rajya Sabha,West Bengal,Sitting Rajya Sabha,,,FALTA,Belsingha,Normal/Others,NA - Installing tube-wells and borewells,DISTRICT MAGISTRATE SOUTH TWENTY FOUR PARGANAS_IDA,2023-07-18,Action Pending,200000,Unsanctioned
MPLADS-056392,SH Derek o Brien,Rajya Sabha,West Bengal,Sitting Rajya Sabha,,,FALTA,Dostapur,Normal/Others,NA - Installing tube-wells and borewells,DISTRICT MAGISTRATE SOUTH TWENTY FOUR PARGANAS_IDA,2023-07-18,Action Pending,200000,Unsanctioned
MPLADS-056393,SH Derek o Brien,Rajya Sabha,West Bengal,Sitting Rajya Sabha,,,FALTA,Dakshin Sargaria,Normal/Others,NA - Installing tube-wells and borewells,DISTRICT MAGISTRATE SOUTH TWENTY FOUR PARGANAS_IDA,2023-07-18,Action Pending,200000,Unsanctioned
MPLADS-056394,SH Derek o Brien,Rajya Sabha,West Bengal,Sitting Rajya Sabha,,,FALTA,Harindanga,Normal/Others,NA - Installing tube-wells and borewells,DISTRICT MAGISTRATE SOUTH TWENTY FOUR PARGANAS_IDA,2023-07-18,Action Pending,200000,Unsanctioned
MPLADS-056395,SH Derek o Brien,Rajya Sabha,West Bengal,Sitting Rajya Sabha,,,FALTA,Narayani,Normal/Others,NA - Installing tube-wells and borewells,DISTRICT MAGISTRATE SOUTH TWENTY FOUR PARGANAS_IDA,2023-07-18,Action Pending,200000,Unsanctioned
MPLADS-056396,SH Derek o Brien,Rajya Sabha,West Bengal,Sitting Rajya Sabha,,,FALTA,Bhagabanpur,Normal/Others,NA - Installing tube-wells and borewells,DISTRICT MAGISTRATE SOUTH TWENTY FOUR PARGANAS_IDA,2023-07-18,Action Pending,200000,Unsanctioned
MPLADS-056397,SH Derek o Brien,Rajya Sabha,West Bengal,Sitting Rajya Sabha,,,FALTA,Krishnapur,Normal/Others,NA - Installing tube-wells and borewells,DISTRICT MAGISTRATE SOUTH TWENTY FOUR PARGANAS_IDA,2023-07-18,Action Pending,200000,Unsanctioned
MPLADS-056398,SH Derek o Brien,Rajya Sabha,West Bengal,Sitting Rajya Sabha,,,FALTA,Kasirampur,Normal/Others,NA - Installing tube-wells and borewells,DISTRICT MAGISTRATE SOUTH TWENTY FOUR PARGANAS_IDA,2023-07-18,Action Pending,200000,Unsanctioned
MPLADS-056399,SH Derek o Brien,Rajya Sabha,West Bengal,Sitting Rajya Sabha,,,FALTA,Ram Lakha,Normal/Others,NA - Installing tube-wells and borewells,DISTRICT MAGISTRATE SOUTH TWENTY FOUR PARGANAS_IDA,2023-07-18,Action Pending,200000,Unsanctioned
MPLADS-056400,SH Derek o Brien,Rajya Sabha,West Bengal,Sitting Rajya Sabha,,,FALTA,Falta,Normal/Others,NA - Installing tube-wells and borewells,DISTRICT MAGISTRATE SOUTH TWENTY FOUR PARGANAS_IDA,2023-07-18,Action Pending,200000,Unsanctioned
MPLADS-056401,SH Derek o Brien,Rajya Sabha,West Bengal,Sitting Rajya Sabha,,,PATHAR PRATIMA,Kaorakhali,Normal/Others,NA - Installing tube-wells and borewells,DISTRICT MAGISTRATE SOUTH TWENTY FOUR PARGANAS_IDA,2023-07-18,Action Pending,200000,Unsanctioned
MPLADS-056402,SH Derek o Brien,Rajya Sabha,West Bengal,Sitting Rajya Sabha,,,PATHAR PRATIMA,Brojaballabpur,Normal/Others,NA - Installing tube-wells and borewells,DISTRICT MAGISTRATE SOUTH TWENTY FOUR PARGANAS_IDA,2023-07-18,Action Pending,200000,Unsanctioned
MPLADS-056403,SH Derek o Brien,Rajya Sabha,West Bengal,Sitting Rajya Sabha,,,PATHAR PRATIMA,Brojaballabpur,Normal/Others,NA - Installing tube-wells and borewells,DISTRICT MAGISTRATE SOUTH TWENTY FOUR PARGANAS_IDA,2023-07-18,Action Pending,200000,Unsanctioned
MPLADS-056404,SH Derek o Brien,Rajya Sabha,West Bengal,Sitting Rajya Sabha,,,PATHAR PRATIMA,Sagar Madhabpur,Normal/Others,NA - Installing tube-wells and borewells,DISTRICT MAGISTRATE SOUTH TWENTY FOUR PARGANAS_IDA,2023-07-18,Action Pending,200000,Unsanctioned
MPLADS-056405,SH Derek o Brien,Rajya Sabha,West Bengal,Sitting Rajya Sabha,,,PATHAR PRATIMA,Dakshin Raypur,Normal/Others,NA - Installing tube-wells and borewells,DISTRICT MAGISTRATE SOUTH TWENTY FOUR PARGANAS_IDA,2023-07-18,Action Pending,200000,Unsanctioned
MPLADS-056406,SH Derek o Brien,Rajya Sabha,West Bengal,Sitting Rajya Sabha,,,PATHAR PRATIMA,Krishnapur,Normal/Others,NA - Installing tube-wells and borewells,DISTRICT MAGISTRATE SOUTH TWENTY FOUR PARGANAS_IDA,2023-07-18,Action Pending,200000,Unsanctioned
MPLADS-056407,SH Derek o Brien,Rajya Sabha,West Bengal,Sitting Rajya Sabha,,,PATHAR PRATIMA,Bhajna,Normal/Others,NA - Installing tube-wells and borewells,DISTRICT MAGISTRATE SOUTH TWENTY FOUR PARGANAS_IDA,2023-07-18,Action Pending,200000,Unsanctioned
MPLADS-056408,SH Derek o Brien,Rajya Sabha,West Bengal,Sitting Rajya Sabha,,,PATHAR PRATIMA,Upendra Nagar,Normal/Others,NA - Installing tube-wells and borewells,DISTRICT MAGISTRATE SOUTH TWENTY FOUR PARGANAS_IDA,2023-07-18,Action Pending,200000,Unsanctioned
MPLADS-056409,SH Derek o Brien,Rajya Sabha,West Bengal,Sitting Rajya Sabha,,,PATHAR PRATIMA,Chhoto Banashyam Nagar,Normal/Others,NA - Installing tube-wells and borewells,DISTRICT MAGISTRATE SOUTH TWENTY FOUR PARGANAS_IDA,2023-07-18,Action Pending,200000,Unsanctioned
MPLADS-056410,SH Derek o Brien,Rajya Sabha,West Bengal,Sitting Rajya Sabha,,,PATHAR PRATIMA,Digambarpur,Normal/Others,NA - Installing tube-wells and borewells,DISTRICT MAGISTRATE SOUTH TWENTY FOUR PARGANAS_IDA,2023-07-18,Action Pending,200000,Unsanctioned
MPLADS-056411,SHRI Sukhendu Sekhar Ray,Rajya Sabha,West Bengal,Sitting Rajya Sabha,,,CANNING-I,Dighirpar (CT),Normal/Others,NA - Installing tube-wells and borewells,DISTRICT MAGISTRATE SOUTH TWENTY FOUR PARGANAS_IDA,2023-07-18,Action Pending,200000,Unsanctioned
MPLADS-056412,SH Derek o Brien,Rajya Sabha,West Bengal,Sitting Rajya Sabha,,,NAMKHANA,Lakshmipur Abad,Normal/Others,NA - Installing tube-wells and borewells,DISTRICT MAGISTRATE SOUTH TWENTY FOUR PARGANAS_IDA,2023-07-18,Action Pending,200000,Unsanctioned
MPLADS-056413,SHRI Sukhendu Sekhar Ray,Rajya Sabha,West Bengal,Sitting Rajya Sabha,,,BASANTI,Basanti (CT),Normal/Others,NA - Installing tube-wells and borewells,DISTRICT MAGISTRATE SOUTH TWENTY FOUR PARGANAS_IDA,2023-07-18,Action Pending,200000,Unsanctioned
MPLADS-056414,SH Derek o Brien,Rajya Sabha,West Bengal,Sitting Rajya Sabha,,,BUDGE BUDGE-II,Poali (CT),Normal/Others,NA - Installing tube-wells and borewells,DISTRICT MAGISTRATE SOUTH TWENTY FOUR PARGANAS_IDA,2023-07-18,Action Pending,200000,Unsanctioned
MPLADS-056415,SH Derek o Brien,Rajya Sabha,West Bengal,Sitting Rajya Sabha,,,BARUIPUR,Solgohalia (CT),Normal/Others,NA - Installing tube-wells and borewells,DISTRICT MAGISTRATE SOUTH TWENTY FOUR PARGANAS_IDA,2023-07-18,Action Pending,200000,Unsanctioned
MPLADS-056416,SH Derek o Brien,Rajya Sabha,West Bengal,Sitting Rajya Sabha,,,BARUIPUR,Brinda Khali,Normal/Others,NA - Installing tube-wells and borewells,DISTRICT MAGISTRATE SOUTH TWENTY FOUR PARGANAS_IDA,2023-07-18,Action Pending,200000,Unsanctioned
MPLADS-056417,SH Derek o Brien,Rajya Sabha,West Bengal,Sitting Rajya Sabha,,,BARUIPUR,Ramnagar,Normal/Others,NA - Installing tube-wells and borewells,DISTRICT MAGISTRATE SOUTH TWENTY FOUR PARGANAS_IDA,2023-07-18,Action Pending,200000,Unsanctioned
MPLADS-056418,SH Derek o Brien,Rajya Sabha,West Bengal,Sitting Rajya Sabha,,,BUDGE BUDGE-II,Dhanchebaria,Normal/Others,NA - Installing tube-wells and borewells,DISTRICT MAGISTRATE SOUTH TWENTY FOUR PARGANAS_IDA,2023-07-18,Action Pending,200000,Unsanctioned
MPLADS-056419,SH Derek o Brien,Rajya Sabha,West Bengal,Sitting Rajya Sabha,,,BUDGE BUDGE-II,Chak Paran,Normal/Others,NA - Installing tube-wells and borewells,DISTRICT MAGISTRATE SOUTH TWENTY FOUR PARGANAS_IDA,2023-07-18,Action Pending,200000,Unsanctioned
MPLADS-056420,SH Derek o Brien,Rajya Sabha,West Bengal,Sitting Rajya Sabha,,,BUDGE BUDGE-II,Burul,Normal/Others,NA - Installing tube-wells and borewells,DISTRICT MAGISTRATE SOUTH TWENTY FOUR PARGANAS_IDA,2023-07-18,Action Pending,200000,Unsanctioned
MPLADS-056421,SH Derek o Brien,Rajya Sabha,West Bengal,Sitting Rajya Sabha,,,BUDGE BUDGE-II,Dosatina,Normal/Others,NA - Installing tube-wells and borewells,DISTRICT MAGISTRATE SOUTH TWENTY FOUR PARGANAS_IDA,2023-07-18,Action Pending,200000,Unsanctioned
MPLADS-056422,SH Derek o Brien,Rajya Sabha,West Bengal,Sitting Rajya Sabha,,,BUDGE BUDGE-II,Kamra,Normal/Others,NA - Installing tube-wells and borewells,DISTRICT MAGISTRATE SOUTH TWENTY FOUR PARGANAS_IDA,2023-07-18,Action Pending,200000,Unsanctioned
MPLADS-056423,SH Derek o Brien,Rajya Sabha,West Bengal,Sitting Rajya Sabha,,,BUDGE BUDGE-II,Mahamayapur,Normal/Others,NA - Installing tube-wells and borewells,DISTRICT MAGISTRATE SOUTH TWENTY FOUR PARGANAS_IDA,2023-07-18,Action Pending,200000,Unsanctioned
MPLADS-056424,SH Derek o Brien,Rajya Sabha,West Bengal,Sitting Rajya Sabha,,,BUDGE BUDGE-I,Uttar Raypur (CT),Normal/Others,NA - Installing tube-wells and borewells,DISTRICT MAGISTRATE SOUTH TWENTY FOUR PARGANAS_IDA,2023-07-18,Action Pending,200000,Unsanctioned
MPLADS-056425,SH Derek o Brien,Rajya Sabha,West Bengal,Sitting Rajya Sabha,,,BARUIPUR,Bhanta,Normal/Others,NA - Installing tube-wells and borewells,DISTRICT MAGISTRATE SOUTH TWENTY FOUR PARGANAS_IDA,2023-07-18,Action Pending,200000,Unsanctioned
MPLADS-056426,SH Derek o Brien,Rajya Sabha,West Bengal,Sitting Rajya Sabha,,,BUDGE BUDGE-I,Uttar Raypur (CT),Normal/Others,NA - Installing tube-wells and borewells,DISTRICT MAGISTRATE SOUTH TWENTY FOUR PARGANAS_IDA,2023-07-18,Action Pending,200000,Unsanctioned
MPLADS-056427,SH Derek o Brien,Rajya Sabha,West Bengal,Sitting Rajya Sabha,,,BUDGE BUDGE-I,Durgapur,Normal/Others,NA - Installing tube-wells and borewells,DISTRICT MAGISTRATE SOUTH TWENTY FOUR PARGANAS_IDA,2023-07-18,Action Pending,200000,Unsanctioned
MPLADS-056428,SH Derek o Brien,Rajya Sabha,West Bengal,Sitting Rajya Sabha,,,BUDGE BUDGE-I,Durgapur,Normal/Others,NA - Installing tube-wells and borewells,DISTRICT MAGISTRATE SOUTH TWENTY FOUR PARGANAS_IDA,2023-07-18,Action Pending,200000,Unsanctioned
MPLADS-056429,SH Derek o Brien,Rajya Sabha,West Bengal,Sitting Rajya Sabha,,,BUDGE BUDGE-I,Jagatballavpur,Normal/Others,NA - Installing tube-wells and borewells,DISTRICT MAGISTRATE SOUTH TWENTY FOUR PARGANAS_IDA,2023-07-18,Action Pending,200000,Unsanctioned
MPLADS-056430,SH Derek o Brien,Rajya Sabha,West Bengal,Sitting Rajya Sabha,,,BUDGE BUDGE-I,Jagatballavpur,Normal/Others,NA - Installing tube-wells and borewells,DISTRICT MAGISTRATE SOUTH TWENTY FOUR PARGANAS_IDA,2023-07-18,Action Pending,200000,Unsanctioned
MPLADS-056431,SH Derek o Brien,Rajya Sabha,West Bengal,Sitting Rajya Sabha,,,BUDGE BUDGE-I,Durgapur,Normal/Others,NA - Installing tube-wells and borewells,DISTRICT MAGISTRATE SOUTH TWENTY FOUR PARGANAS_IDA,2023-07-18,Action Pending,200000,Unsanctioned
MPLADS-056432,SH Derek o Brien,Rajya Sabha,West Bengal,Sitting Rajya Sabha,,,BUDGE BUDGE-I,Durgapur,Normal/Others,NA - Installing tube-wells and borewells,DISTRICT MAGISTRATE SOUTH TWENTY FOUR PARGANAS_IDA,2023-07-18,Action Pending,200000,Unsanctioned
MPLADS-056433,SH Derek o Brien,Rajya Sabha,West Bengal,Sitting Rajya Sabha,,,BUDGE BUDGE-I,Durgapur,Normal/Others,NA - Installing tube-wells and borewells,DISTRICT MAGISTRATE SOUTH TWENTY FOUR PARGANAS_IDA,2023-07-18,Action Pending,200000,Unsanctioned
MPLADS-056434,SH Derek o Brien,Rajya Sabha,West Bengal,Sitting Rajya Sabha,,,BUDGE BUDGE-I,Durgapur,Normal/Others,NA - Installing tube-wells and borewells,DISTRICT MAGISTRATE SOUTH TWENTY FOUR PARGANAS_IDA,2023-07-18,Action Pending,200000,Unsanctioned
MPLADS-056435,SH Derek o Brien,Rajya Sabha,West Bengal,Sitting Rajya Sabha,,,BARUIPUR,Salipur (P) (CT),Normal/Others,NA - Installing tube-wells and borewells,DISTRICT MAGISTRATE SOUTH TWENTY FOUR PARGANAS_IDA,2023-07-18,Action Pending,200000,Unsanctioned
MPLADS-056436,SH Derek o Brien,Rajya Sabha,West Bengal,Sitting Rajya Sabha,,,BARUIPUR,Jelerhat,Normal/Others,NA - Installing tube-wells and borewells,DISTRICT MAGISTRATE SOUTH TWENTY FOUR PARGANAS_IDA,2023-07-18,Action Pending,200000,Unsanctioned
MPLADS-056437,SHRI Sukhendu Sekhar Ray,Rajya Sabha,West Bengal,Sitting Rajya Sabha,,,BASANTI,Basanti (CT),Normal/Others,NA - Installing tube-wells and borewells,DISTRICT MAGISTRATE SOUTH TWENTY FOUR PARGANAS_IDA,2023-07-18,Action Pending,200000,Unsanctioned
MPLADS-056438,SH Derek o Brien,Rajya Sabha,West Bengal,Sitting Rajya Sabha,,,BISHNUPUR-I,Bijoyrampur,Normal/Others,NA - Installing tube-wells and borewells,DISTRICT MAGISTRATE SOUTH TWENTY FOUR PARGANAS_IDA,2023-07-18,Action Pending,200000,Unsanctioned
MPLADS-056439,Ms Mahua Moitra,Lok Sabha,West Bengal,KRISHNANAGAR,,,TEHATTA-I,Pathar Ghata,Normal/Others,"WS/MP823/2023-2024/4282 - Construction of roads, link roads, pathways or any other road with or without drainage system",DISTRICT MAGISTRATE NADIA_IDA,2023-07-18,Approved by IDA,3800000,Sanctioned
MPLADS-056440,Ms Mahua Moitra,Lok Sabha,West Bengal,KRISHNANAGAR,,,KARIMPUR-II,Narayanpur,Normal/Others,"WS/MP823/2023-2024/4558 - Construction of roads, link roads, pathways or any other road with or without drainage system",DISTRICT MAGISTRATE NADIA_IDA,2023-07-18,Approved by IDA,2083419,Sanctioned
MPLADS-056441,Ms Mahua Moitra,Lok Sabha,West Bengal,KRISHNANAGAR,,,TEHATTA-I,Betai,Normal/Others,"WS/MP823/2023-2024/4559 - Purchase of smart boards, visual display units and projectors",DISTRICT MAGISTRATE NADIA_IDA,2023-07-18,Approved by IDA,300000,Sanctioned
MPLADS-056442,Shri Arjun Singh ,Lok Sabha,West Bengal,BARRACKPUR,Barrackpore,8,,,Normal/Others,NA - Development of public parks,DISTRICT MAGISTRATE NORTH TWENTY FOUR PARGANAS_IDA,2023-07-18,Action Pending,1200000,Unsanctioned
MPLADS-056448,SH Derek o Brien,Rajya Sabha,West Bengal,Sitting Rajya Sabha,,,BISHNUPUR-I,Rashkhali,Normal/Others,NA - Installing tube-wells and borewells,DISTRICT MAGISTRATE SOUTH TWENTY FOUR PARGANAS_IDA,2023-07-18,Action Pending,200000,Unsanctioned
MPLADS-056449,SH Derek o Brien,Rajya Sabha,West Bengal,Sitting Rajya Sabha,,,BARUIPUR,Hardaha,Normal/Others,NA - Installing tube-wells and borewells,DISTRICT MAGISTRATE SOUTH TWENTY FOUR PARGANAS_IDA,2023-07-18,Action Pending,200000,Unsanctioned
MPLADS-056450,SH Derek o Brien,Rajya Sabha,West Bengal,Sitting Rajya Sabha,,,BISHNUPUR-I,Mestakhali,Normal/Others,NA - Installing tube-wells and borewells,DISTRICT MAGISTRATE SOUTH TWENTY FOUR PARGANAS_IDA,2023-07-18,Action Pending,200000,Unsanctioned
MPLADS-056451,SH Derek o Brien,Rajya Sabha,West Bengal,Sitting Rajya Sabha,,,BISHNUPUR-I,Andharmanik,Normal/Others,NA - Installing tube-wells and borewells,DISTRICT MAGISTRATE SOUTH TWENTY FOUR PARGANAS_IDA,2023-07-18,Action Pending,200000,Unsanctioned
MPLADS-056452,SH Derek o Brien,Rajya Sabha,West Bengal,Sitting Rajya Sabha,,,BISHNUPUR-I,Amgachhi,Normal/Others,NA - Installing tube-wells and borewells,DISTRICT MAGISTRATE SOUTH TWENTY FOUR PARGANAS_IDA,2023-07-18,Action Pending,200000,Unsanctioned
MPLADS-056453,SH Derek o Brien,Rajya Sabha,West Bengal,Sitting Rajya Sabha,,,BISHNUPUR-I,Bagi,Normal/Others,NA - Installing tube-wells and borewells,DISTRICT MAGISTRATE SOUTH TWENTY FOUR PARGANAS_IDA,2023-07-18,Action Pending,200000,Unsanctioned
MPLADS-056454,SH Derek o Brien,Rajya Sabha,West Bengal,Sitting Rajya Sabha,,,BISHNUPUR-I,Bakeswar,Normal/Others,NA - Installing tube-wells and borewells,DISTRICT MAGISTRATE SOUTH TWENTY FOUR PARGANAS_IDA,2023-07-18,Action Pending,200000,Unsanctioned
MPLADS-056455,SH Derek o Brien,Rajya Sabha,West Bengal,Sitting Rajya Sabha,,,BISHNUPUR-I,Dakshin Gouripur,Normal/Others,NA - Installing tube-wells and borewells,DISTRICT MAGISTRATE SOUTH TWENTY FOUR PARGANAS_IDA,2023-07-18,Action Pending,200000,Unsanctioned
MPLADS-056456,SH Derek o Brien,Rajya Sabha,West Bengal,Sitting Rajya Sabha,,,BISHNUPUR-I,Kastikumari,Normal/Others,NA - Installing tube-wells and borewells,DISTRICT MAGISTRATE SOUTH TWENTY FOUR PARGANAS_IDA,2023-07-18,Action Pending,200000,Unsanctioned
MPLADS-056457,SH Derek o Brien,Rajya Sabha,West Bengal,Sitting Rajya Sabha,,,BISHNUPUR-I,Darikeoradanga,Normal/Others,NA - Installing tube-wells and borewells,DISTRICT MAGISTRATE SOUTH TWENTY FOUR PARGANAS_IDA,2023-07-18,Action Pending,200000,Unsanctioned
MPLADS-056458,SH Derek o Brien,Rajya Sabha,West Bengal,Sitting Rajya Sabha,,,BISHNUPUR-I,Goth Beria,Normal/Others,NA - Installing tube-wells and borewells,DISTRICT MAGISTRATE SOUTH TWENTY FOUR PARGANAS_IDA,2023-07-18,Action Pending,200000,Unsanctioned
MPLADS-056459,SH Derek o Brien,Rajya Sabha,West Bengal,Sitting Rajya Sabha,,,BUDGE BUDGE-I,Buita (CT),Normal/Others,NA - Installing tube-wells and borewells,DISTRICT MAGISTRATE SOUTH TWENTY FOUR PARGANAS_IDA,2023-07-18,Action Pending,200000,Unsanctioned
MPLADS-056460,SH Derek o Brien,Rajya Sabha,West Bengal,Sitting Rajya Sabha,,,BUDGE BUDGE-I,Buita (CT),Normal/Others,NA - Installing tube-wells and borewells,DISTRICT MAGISTRATE SOUTH TWENTY FOUR PARGANAS_IDA,2023-07-18,Action Pending,200000,Unsanctioned
MPLADS-056461,SH Derek o Brien,Rajya Sabha,West Bengal,Sitting Rajya Sabha,,,BUDGE BUDGE-I,Buita (CT),Normal/Others,NA - Installing tube-wells and borewells,DISTRICT MAGISTRATE SOUTH TWENTY FOUR PARGANAS_IDA,2023-07-18,Action Pending,200000,Unsanctioned
MPLADS-056462,SHRI Sukhendu Sekhar Ray,Rajya Sabha,West Bengal,Sitting Rajya Sabha,,,BASANTI,Naliakhali,Normal/Others,NA - Installing tube-wells and borewells,DISTRICT MAGISTRATE SOUTH TWENTY FOUR PARGANAS_IDA,2023-07-18,Action Pending,200000,Unsanctioned
MPLADS-056463,SHRI Sukhendu Sekhar Ray,Rajya Sabha,West Bengal,Sitting Rajya Sabha,,,BASANTI,Sachea Khali,Normal/Others,NA - Installing tube-wells and borewells,DISTRICT MAGISTRATE SOUTH TWENTY FOUR PARGANAS_IDA,2023-07-18,Action Pending,200000,Unsanctioned
MPLADS-056464,SHRI Sukhendu Sekhar Ray,Rajya Sabha,West Bengal,Sitting Rajya Sabha,,,BASANTI,Purba Bayar Siong,Normal/Others,NA - Installing tube-wells and borewells,DISTRICT MAGISTRATE SOUTH TWENTY FOUR PARGANAS_IDA,2023-07-18,Action Pending,200000,Unsanctioned
MPLADS-056465,SHRI Sukhendu Sekhar Ray,Rajya Sabha,West Bengal,Sitting Rajya Sabha,,,BASANTI,Bugulakhali,Normal/Others,NA - Installing tube-wells and borewells,DISTRICT MAGISTRATE SOUTH TWENTY FOUR PARGANAS_IDA,2023-07-18,Action Pending,200000,Unsanctioned
MPLADS-056466,SHRI Sukhendu Sekhar Ray,Rajya Sabha,West Bengal,Sitting Rajya Sabha,,,BASANTI,Sibganj,Normal/Others,NA - Installing tube-wells and borewells,DISTRICT MAGISTRATE SOUTH TWENTY FOUR PARGANAS_IDA,2023-07-18,Action Pending,200000,Unsanctioned
MPLADS-056467,SHRI Sukhendu Sekhar Ray,Rajya Sabha,West Bengal,Sitting Rajya Sabha,,,BASANTI,Sonakhali,Normal/Others,NA - Installing tube-wells and borewells,DISTRICT MAGISTRATE SOUTH TWENTY FOUR PARGANAS_IDA,2023-07-18,Action Pending,200000,Unsanctioned
MPLADS-056468,SHRI Sukhendu Sekhar Ray,Rajya Sabha,West Bengal,Sitting Rajya Sabha,,,BASANTI,Joygopalpur,Normal/Others,NA - Installing tube-wells and borewells,DISTRICT MAGISTRATE SOUTH TWENTY FOUR PARGANAS_IDA,2023-07-18,Action Pending,200000,Unsanctioned
MPLADS-056469,SHRI Sukhendu Sekhar Ray,Rajya Sabha,West Bengal,Sitting Rajya Sabha,,,BASANTI,Goran Bose,Normal/Others,NA - Installing tube-wells and borewells,DISTRICT MAGISTRATE SOUTH TWENTY FOUR PARGANAS_IDA,2023-07-18,Action Pending,200000,Unsanctioned
MPLADS-056470,SHRI Sukhendu Sekhar Ray,Rajya Sabha,West Bengal,Sitting Rajya Sabha,,,BASANTI,Bharatgar,Normal/Others,NA - Installing tube-wells and borewells,DISTRICT MAGISTRATE SOUTH TWENTY FOUR PARGANAS_IDA,2023-07-18,Action Pending,200000,Unsanctioned
MPLADS-056471,SHRI Sukhendu Sekhar Ray,Rajya Sabha,West Bengal,Sitting Rajya Sabha,,,BASANTI,Uttar Sonakhali,Normal/Others,NA - Installing tube-wells and borewells,DISTRICT MAGISTRATE SOUTH TWENTY FOUR PARGANAS_IDA,2023-07-18,Action Pending,200000,Unsanctioned
MPLADS-056472,SHRI Sukhendu Sekhar Ray,Rajya Sabha,West Bengal,Sitting Rajya Sabha,,,BASANTI,Krishnagar,Normal/Others,NA - Installing tube-wells and borewells,DISTRICT MAGISTRATE SOUTH TWENTY FOUR PARGANAS_IDA,2023-07-18,Action Pending,200000,Unsanctioned
MPLADS-056473,SH Derek o Brien,Rajya Sabha,West Bengal,Sitting Rajya Sabha,,,BUDGE BUDGE-I,Buita (CT),Normal/Others,NA - Installing tube-wells and borewells,DISTRICT MAGISTRATE SOUTH TWENTY FOUR PARGANAS_IDA,2023-07-18,Action Pending,200000,Unsanctioned
MPLADS-056474,SHRI Sukhendu Sekhar Ray,Rajya Sabha,West Bengal,Sitting Rajya Sabha,,,BASANTI,Sibganj,Normal/Others,NA - Installing tube-wells and borewells,DISTRICT MAGISTRATE SOUTH TWENTY FOUR PARGANAS_IDA,2023-07-18,Action Pending,200000,Unsanctioned
MPLADS-056475,SHRI Sukhendu Sekhar Ray,Rajya Sabha,West Bengal,Sitting Rajya Sabha,,,BASANTI,Bhangonkhali,Normal/Others,NA - Installing tube-wells and borewells,DISTRICT MAGISTRATE SOUTH TWENTY FOUR PARGANAS_IDA,2023-07-18,Action Pending,200000,Unsanctioned
MPLADS-056476,SHRI Sukhendu Sekhar Ray,Rajya Sabha,West Bengal,Sitting Rajya Sabha,,,BASANTI,Bhangonkhali,Normal/Others,NA - Installing tube-wells and borewells,DISTRICT MAGISTRATE SOUTH TWENTY FOUR PARGANAS_IDA,2023-07-18,Action Pending,200000,Unsanctioned
MPLADS-056477,SHRI Sukhendu Sekhar Ray,Rajya Sabha,West Bengal,Sitting Rajya Sabha,,,BASANTI,Kathalberia,Normal/Others,NA - Installing tube-wells and borewells,DISTRICT MAGISTRATE SOUTH TWENTY FOUR PARGANAS_IDA,2023-07-18,Action Pending,200000,Unsanctioned
MPLADS-056478,SHRI Sukhendu Sekhar Ray,Rajya Sabha,West Bengal,Sitting Rajya Sabha,,,BASANTI,Bhangonkhali,Normal/Others,NA - Installing tube-wells and borewells,DISTRICT MAGISTRATE SOUTH TWENTY FOUR PARGANAS_IDA,2023-07-18,Action Pending,200000,Unsanctioned
MPLADS-056479,SHRI Sukhendu Sekhar Ray,Rajya Sabha,West Bengal,Sitting Rajya Sabha,,,BASANTI,Purba Bayar Siong,Normal/Others,NA - Installing tube-wells and borewells,DISTRICT MAGISTRATE SOUTH TWENTY FOUR PARGANAS_IDA,2023-07-18,Action Pending,200000,Unsanctioned
MPLADS-056480,SHRI Sukhendu Sekhar Ray,Rajya Sabha,West Bengal,Sitting Rajya Sabha,,,BASANTI,Sonakhali,Normal/Others,NA - Installing tube-wells and borewells,DISTRICT MAGISTRATE SOUTH TWENTY FOUR PARGANAS_IDA,2023-07-18,Action Pending,200000,Unsanctioned
MPLADS-056481,SHRI Sukhendu Sekhar Ray,Rajya Sabha,West Bengal,Sitting Rajya Sabha,,,BASANTI,Basanti (CT),Normal/Others,NA - Installing tube-wells and borewells,DISTRICT MAGISTRATE SOUTH TWENTY FOUR PARGANAS_IDA,2023-07-18,Action Pending,200000,Unsanctioned
MPLADS-056482,SHRI Sukhendu Sekhar Ray,Rajya Sabha,West Bengal,Sitting Rajya Sabha,,,BASANTI,Radhaballavpur,Normal/Others,NA - Installing tube-wells and borewells,DISTRICT MAGISTRATE SOUTH TWENTY FOUR PARGANAS_IDA,2023-07-18,Action Pending,200000,Unsanctioned
MPLADS-056483,SHRI Sukhendu Sekhar Ray,Rajya Sabha,West Bengal,Sitting Rajya Sabha,,,BASANTI,Sachea Khali,Normal/Others,NA - Installing tube-wells and borewells,DISTRICT MAGISTRATE SOUTH TWENTY FOUR PARGANAS_IDA,2023-07-18,Action Pending,200000,Unsanctioned
MPLADS-056484,SHRI Sukhendu Sekhar Ray,Rajya Sabha,West Bengal,Sitting Rajya Sabha,,,BASANTI,Narayantala,Normal/Others,NA - Installing tube-wells and borewells,DISTRICT MAGISTRATE SOUTH TWENTY FOUR PARGANAS_IDA,2023-07-18,Action Pending,200000,Unsanctioned
MPLADS-056485,SHRI Sukhendu Sekhar Ray,Rajya Sabha,West Bengal,Sitting Rajya Sabha,,,CANNING-I,Gopalpur,Normal/Others,NA - Installing tube-wells and borewells,DISTRICT MAGISTRATE SOUTH TWENTY FOUR PARGANAS_IDA,2023-07-18,Action Pending,200000,Unsanctioned
MPLADS-056486,SH Derek o Brien,Rajya Sabha,West Bengal,Sitting Rajya Sabha,,,NAMKHANA,Amrabati,Normal/Others,NA - Installing tube-wells and borewells,DISTRICT MAGISTRATE SOUTH TWENTY FOUR PARGANAS_IDA,2023-07-18,Action Pending,200000,Unsanctioned
MPLADS-056487,SH Derek o Brien,Rajya Sabha,West Bengal,Sitting Rajya Sabha,,,NAMKHANA,Budhakhali,Normal/Others,NA - Installing tube-wells and borewells,DISTRICT MAGISTRATE SOUTH TWENTY FOUR PARGANAS_IDA,2023-07-18,Action Pending,200000,Unsanctioned
MPLADS-056488,SH Derek o Brien,Rajya Sabha,West Bengal,Sitting Rajya Sabha,,,NAMKHANA,Durganagar,Normal/Others,NA - Installing tube-wells and borewells,DISTRICT MAGISTRATE SOUTH TWENTY FOUR PARGANAS_IDA,2023-07-18,Action Pending,200000,Unsanctioned
MPLADS-056489,SH Derek o Brien,Rajya Sabha,West Bengal,Sitting Rajya Sabha,,,NAMKHANA,Debnagar,Normal/Others,NA - Installing tube-wells and borewells,DISTRICT MAGISTRATE SOUTH TWENTY FOUR PARGANAS_IDA,2023-07-18,Action Pending,200000,Unsanctioned
MPLADS-056490,SH Derek o Brien,Rajya Sabha,West Bengal,Sitting Rajya Sabha,,,NAMKHANA,Dakshin Chandanpiri,Normal/Others,NA - Installing tube-wells and borewells,DISTRICT MAGISTRATE SOUTH TWENTY FOUR PARGANAS_IDA,2023-07-18,Action Pending,200000,Unsanctioned
MPLADS-056491,SH Derek o Brien,Rajya Sabha,West Bengal,Sitting Rajya Sabha,,,NAMKHANA,Sibrampur,Normal/Others,NA - Installing tube-wells and borewells,DISTRICT MAGISTRATE SOUTH TWENTY FOUR PARGANAS_IDA,2023-07-18,Action Pending,200000,Unsanctioned
MPLADS-056492,SH Derek o Brien,Rajya Sabha,West Bengal,Sitting Rajya Sabha,,,NAMKHANA,Amrabati,Normal/Others,NA - Installing tube-wells and borewells,DISTRICT MAGISTRATE SOUTH TWENTY FOUR PARGANAS_IDA,2023-07-18,Action Pending,200000,Unsanctioned
MPLADS-056493,SH Derek o Brien,Rajya Sabha,West Bengal,Sitting Rajya Sabha,,,NAMKHANA,Kusumtala,Normal/Others,NA - Installing tube-wells and borewells,DISTRICT MAGISTRATE SOUTH TWENTY FOUR PARGANAS_IDA,2023-07-18,Action Pending,200000,Unsanctioned
MPLADS-056494,SH Derek o Brien,Rajya Sabha,West Bengal,Sitting Rajya Sabha,,,NAMKHANA,Bishalakshmipur,Normal/Others,NA - Installing tube-wells and borewells,DISTRICT MAGISTRATE SOUTH TWENTY FOUR PARGANAS_IDA,2023-07-18,Action Pending,200000,Unsanctioned
MPLADS-056495,SH Derek o Brien,Rajya Sabha,West Bengal,Sitting Rajya Sabha,,,NAMKHANA,Budhakhali,Normal/Others,NA - Installing tube-wells and borewells,DISTRICT MAGISTRATE SOUTH TWENTY FOUR PARGANAS_IDA,2023-07-18,Action Pending,200000,Unsanctioned
MPLADS-056496,SH Derek o Brien,Rajya Sabha,West Bengal,Sitting Rajya Sabha,,,NAMKHANA,Rajnagar Srinathgram,Normal/Others,NA - Installing tube-wells and borewells,DISTRICT MAGISTRATE SOUTH TWENTY FOUR PARGANAS_IDA,2023-07-18,Action Pending,200000,Unsanctioned
MPLADS-056497,SH Derek o Brien,Rajya Sabha,West Bengal,Sitting Rajya Sabha,,,NAMKHANA,Narayanpur,Normal/Others,NA - Installing tube-wells and borewells,DISTRICT MAGISTRATE SOUTH TWENTY FOUR PARGANAS_IDA,2023-07-18,Action Pending,200000,Unsanctioned
MPLADS-056498,SH Derek o Brien,Rajya Sabha,West Bengal,Sitting Rajya Sabha,,,NAMKHANA,Nadabhanga,Normal/Others,NA - Installing tube-wells and borewells,DISTRICT MAGISTRATE SOUTH TWENTY FOUR PARGANAS_IDA,2023-07-18,Action Pending,200000,Unsanctioned
MPLADS-056499,SH Derek o Brien,Rajya Sabha,West Bengal,Sitting Rajya Sabha,,,NAMKHANA,Sibnagar Abad,Normal/Others,NA - Installing tube-wells and borewells,DISTRICT MAGISTRATE SOUTH TWENTY FOUR PARGANAS_IDA,2023-07-18,Action Pending,200000,Unsanctioned
MPLADS-056500,SH Derek o Brien,Rajya Sabha,West Bengal,Sitting Rajya Sabha,,,NAMKHANA,Debnagar,Normal/Others,NA - Installing tube-wells and borewells,DISTRICT MAGISTRATE SOUTH TWENTY FOUR PARGANAS_IDA,2023-07-18,Action Pending,200000,Unsanctioned
MPLADS-056501,SH Derek o Brien,Rajya Sabha,West Bengal,Sitting Rajya Sabha,,,NAMKHANA,Madanganj,Normal/Others,NA - Installing tube-wells and borewells,DISTRICT MAGISTRATE SOUTH TWENTY FOUR PARGANAS_IDA,2023-07-18,Action Pending,200000,Unsanctioned
MPLADS-056502,SH Derek o Brien,Rajya Sabha,West Bengal,Sitting Rajya Sabha,,,NAMKHANA,Dakshin Chandranagar,Normal/Others,NA - Installing tube-wells and borewells,DISTRICT MAGISTRATE SOUTH TWENTY FOUR PARGANAS_IDA,2023-07-18,Action Pending,200000,Unsanctioned
MPLADS-056503,SH Derek o Brien,Rajya Sabha,West Bengal,Sitting Rajya Sabha,,,NAMKHANA,Uttar Chandanpiri,Normal/Others,NA - Installing tube-wells and borewells,DISTRICT MAGISTRATE SOUTH TWENTY FOUR PARGANAS_IDA,2023-07-18,Action Pending,200000,Unsanctioned
MPLADS-056504,SH Derek o Brien,Rajya Sabha,West Bengal,Sitting Rajya Sabha,,,NAMKHANA,Shibpur,Normal/Others,NA - Installing tube-wells and borewells,DISTRICT MAGISTRATE SOUTH TWENTY FOUR PARGANAS_IDA,2023-07-18,Action Pending,200000,Unsanctioned
MPLADS-056505,SH Derek o Brien,Rajya Sabha,West Bengal,Sitting Rajya Sabha,,,NAMKHANA,Dakshin Chandanpiri,Normal/Others,NA - Installing tube-wells and borewells,DISTRICT MAGISTRATE SOUTH TWENTY FOUR PARGANAS_IDA,2023-07-18,Action Pending,200000,Unsanctioned
MPLADS-056506,SHRI Sukhendu Sekhar Ray,Rajya Sabha,West Bengal,Sitting Rajya Sabha,,,CANNING-I,Nikarighata,Normal/Others,NA - Installing tube-wells and borewells,DISTRICT MAGISTRATE SOUTH TWENTY FOUR PARGANAS_IDA,2023-07-18,Action Pending,200000,Unsanctioned
MPLADS-056507,SH Derek o Brien,Rajya Sabha,West Bengal,Sitting Rajya Sabha,,,BARJORA,Shitla,Normal/Others,NA - Installing tube-wells and borewells,DISTRICT MAGISTRATE BANKURA_IDA,2023-07-18,Action Pending,200000,Unsanctioned
MPLADS-056508,SHRI Sukhendu Sekhar Ray,Rajya Sabha,West Bengal,Sitting Rajya Sabha,,,CANNING-I,Banshra (CT),Normal/Others,NA - Installing tube-wells and borewells,DISTRICT MAGISTRATE SOUTH TWENTY FOUR PARGANAS_IDA,2023-07-18,Action Pending,200000,Unsanctioned
MPLADS-056509,SHRI Sukhendu Sekhar Ray,Rajya Sabha,West Bengal,Sitting Rajya Sabha,,,MANDIRBAZAR,Mallikpratap (M),Normal/Others,NA - Installing tube-wells and borewells,DISTRICT MAGISTRATE SOUTH TWENTY FOUR PARGANAS_IDA,2023-07-18,Action Pending,200000,Unsanctioned
MPLADS-056525,SHRI Sukhendu Sekhar Ray,Rajya Sabha,West Bengal,Sitting Rajya Sabha,,,MANDIRBAZAR,Kalikapur (K),Normal/Others,NA - Installing tube-wells and borewells,DISTRICT MAGISTRATE SOUTH TWENTY FOUR PARGANAS_IDA,2023-07-18,Action Pending,200000,Unsanctioned
MPLADS-056526,SHRI Sukhendu Sekhar Ray,Rajya Sabha,West Bengal,Sitting Rajya Sabha,,,MANDIRBAZAR,Dhopahat (K),Normal/Others,NA - Installing tube-wells and borewells,DISTRICT MAGISTRATE SOUTH TWENTY FOUR PARGANAS_IDA,2023-07-18,Action Pending,200000,Unsanctioned
MPLADS-056527,SHRI Sukhendu Sekhar Ray,Rajya Sabha,West Bengal,Sitting Rajya Sabha,,,MANDIRBAZAR,Krishnanagar (K),Normal/Others,NA - Installing tube-wells and borewells,DISTRICT MAGISTRATE SOUTH TWENTY FOUR PARGANAS_IDA,2023-07-18,Action Pending,200000,Unsanctioned
MPLADS-056528,SHRI Sukhendu Sekhar Ray,Rajya Sabha,West Bengal,Sitting Rajya Sabha,,,MANDIRBAZAR,Bhabanipur (M),Normal/Others,NA - Installing tube-wells and borewells,DISTRICT MAGISTRATE SOUTH TWENTY FOUR PARGANAS_IDA,2023-07-18,Action Pending,200000,Unsanctioned
MPLADS-056529,SHRI Sukhendu Sekhar Ray,Rajya Sabha,West Bengal,Sitting Rajya Sabha,,,MANDIRBAZAR,Purba Bishnupur (M) (CT),Normal/Others,NA - Installing tube-wells and borewells,DISTRICT MAGISTRATE SOUTH TWENTY FOUR PARGANAS_IDA,2023-07-18,Action Pending,200000,Unsanctioned
MPLADS-056530,SHRI Sukhendu Sekhar Ray,Rajya Sabha,West Bengal,Sitting Rajya Sabha,,,MANDIRBAZAR,Kashipur (K),Normal/Others,NA - Installing tube-wells and borewells,DISTRICT MAGISTRATE SOUTH TWENTY FOUR PARGANAS_IDA,2023-07-18,Action Pending,200000,Unsanctioned
MPLADS-056531,SHRI Sukhendu Sekhar Ray,Rajya Sabha,West Bengal,Sitting Rajya Sabha,,,MANDIRBAZAR,Sutabecha (K),Normal/Others,NA - Installing tube-wells and borewells,DISTRICT MAGISTRATE SOUTH TWENTY FOUR PARGANAS_IDA,2023-07-18,Action Pending,200000,Unsanctioned
MPLADS-056532,SHRI Sukhendu Sekhar Ray,Rajya Sabha,West Bengal,Sitting Rajya Sabha,,,MANDIRBAZAR,Gumki (K),Normal/Others,NA - Installing tube-wells and borewells,DISTRICT MAGISTRATE SOUTH TWENTY FOUR PARGANAS_IDA,2023-07-18,Action Pending,200000,Unsanctioned
MPLADS-056558,SHRI Sukhendu Sekhar Ray,Rajya Sabha,West Bengal,Sitting Rajya Sabha,,,CANNING-I,Banshra (CT),Normal/Others,NA - Installing tube-wells and borewells,DISTRICT MAGISTRATE SOUTH TWENTY FOUR PARGANAS_IDA,2023-07-18,Action Pending,200000,Unsanctioned
MPLADS-056559,SHRI Sukhendu Sekhar Ray,Rajya Sabha,West Bengal,Sitting Rajya Sabha,,,MANDIRBAZAR,Krishnadebpur (M),Normal/Others,NA - Installing tube-wells and borewells,DISTRICT MAGISTRATE SOUTH TWENTY FOUR PARGANAS_IDA,2023-07-18,Action Pending,200000,Unsanctioned
MPLADS-056561,SHRI Sukhendu Sekhar Ray,Rajya Sabha,West Bengal,Sitting Rajya Sabha,,,KAK DWIP,Kalinagar,Normal/Others,NA - Installing tube-wells and borewells,DISTRICT MAGISTRATE SOUTH TWENTY FOUR PARGANAS_IDA,2023-07-18,Action Pending,200000,Unsanctioned
MPLADS-056562,SH Derek o Brien,Rajya Sabha,West Bengal,Sitting Rajya Sabha,,,GOSABA,Kamakhyapur,Normal/Others,NA - Installing tube-wells and borewells,DISTRICT MAGISTRATE SOUTH TWENTY FOUR PARGANAS_IDA,2023-07-18,Action Pending,200000,Unsanctioned
MPLADS-056563,SH Derek o Brien,Rajya Sabha,West Bengal,Sitting Rajya Sabha,,,GOSABA,Battali,Normal/Others,NA - Installing tube-wells and borewells,DISTRICT MAGISTRATE SOUTH TWENTY FOUR PARGANAS_IDA,2023-07-18,Action Pending,200000,Unsanctioned
MPLADS-056564,SH Derek o Brien,Rajya Sabha,West Bengal,Sitting Rajya Sabha,,,GOSABA,Chhota Molla Khali,Normal/Others,NA - Installing tube-wells and borewells,DISTRICT MAGISTRATE SOUTH TWENTY FOUR PARGANAS_IDA,2023-07-18,Action Pending,200000,Unsanctioned
MPLADS-056565,SH Derek o Brien,Rajya Sabha,West Bengal,Sitting Rajya Sabha,,,GOSABA,Satjalia,Normal/Others,NA - Installing tube-wells and borewells,DISTRICT MAGISTRATE SOUTH TWENTY FOUR PARGANAS_IDA,2023-07-18,Action Pending,200000,Unsanctioned
MPLADS-056566,SH Derek o Brien,Rajya Sabha,West Bengal,Sitting Rajya Sabha,,,GOSABA,Manmathanagar,Normal/Others,NA - Installing tube-wells and borewells,DISTRICT MAGISTRATE SOUTH TWENTY FOUR PARGANAS_IDA,2023-07-18,Action Pending,200000,Unsanctioned
MPLADS-056567,SH Derek o Brien,Rajya Sabha,West Bengal,Sitting Rajya Sabha,,,GOSABA,Satjalia,Normal/Others,NA - Installing tube-wells and borewells,DISTRICT MAGISTRATE SOUTH TWENTY FOUR PARGANAS_IDA,2023-07-18,Action Pending,200000,Unsanctioned
MPLADS-056568,SH Derek o Brien,Rajya Sabha,West Bengal,Sitting Rajya Sabha,,,GOSABA,Bijoynagar,Normal/Others,NA - Installing tube-wells and borewells,DISTRICT MAGISTRATE SOUTH TWENTY FOUR PARGANAS_IDA,2023-07-18,Action Pending,200000,Unsanctioned
MPLADS-056569,SH Derek o Brien,Rajya Sabha,West Bengal,Sitting Rajya Sabha,,,DIAMOND HARBOUR-I,Kuleshwar,Normal/Others,NA - Installing tube-wells and borewells,DISTRICT MAGISTRATE SOUTH TWENTY FOUR PARGANAS_IDA,2023-07-18,Action Pending,200000,Unsanctioned
MPLADS-056570,SH Derek o Brien,Rajya Sabha,West Bengal,Sitting Rajya Sabha,,,DIAMOND HARBOUR-II,Birpara,Normal/Others,NA - Installing tube-wells and borewells,DISTRICT MAGISTRATE SOUTH TWENTY FOUR PARGANAS_IDA,2023-07-18,Action Pending,200000,Unsanctioned
MPLADS-056571,SH Derek o Brien,Rajya Sabha,West Bengal,Sitting Rajya Sabha,,,DIAMOND HARBOUR-II,Kamarpol,Normal/Others,NA - Installing tube-wells and borewells,DISTRICT MAGISTRATE SOUTH TWENTY FOUR PARGANAS_IDA,2023-07-18,Action Pending,200000,Unsanctioned
MPLADS-056572,SH Derek o Brien,Rajya Sabha,West Bengal,Sitting Rajya Sabha,,,DIAMOND HARBOUR-II,Gandabaria,Normal/Others,NA - Installing tube-wells and borewells,DISTRICT MAGISTRATE SOUTH TWENTY FOUR PARGANAS_IDA,2023-07-18,Action Pending,200000,Unsanctioned
MPLADS-056573,SH Derek o Brien,Rajya Sabha,West Bengal,Sitting Rajya Sabha,,,DIAMOND HARBOUR-II,Karaibaria,Normal/Others,NA - Installing tube-wells and borewells,DISTRICT MAGISTRATE SOUTH TWENTY FOUR PARGANAS_IDA,2023-07-18,Action Pending,200000,Unsanctioned
MPLADS-056574,SH Derek o Brien,Rajya Sabha,West Bengal,Sitting Rajya Sabha,,,DIAMOND HARBOUR-II,Sarisha,Normal/Others,NA - Installing tube-wells and borewells,DISTRICT MAGISTRATE SOUTH TWENTY FOUR PARGANAS_IDA,2023-07-18,Action Pending,200000,Unsanctioned
MPLADS-056575,SH Derek o Brien,Rajya Sabha,West Bengal,Sitting Rajya Sabha,,,DIAMOND HARBOUR-II,Panchsata,Normal/Others,NA - Installing tube-wells and borewells,DISTRICT MAGISTRATE SOUTH TWENTY FOUR PARGANAS_IDA,2023-07-18,Action Pending,200000,Unsanctioned
MPLADS-056576,SH Derek o Brien,Rajya Sabha,West Bengal,Sitting Rajya Sabha,,,DIAMOND HARBOUR-II,Nurpur,Normal/Others,NA - Installing tube-wells and borewells,DISTRICT MAGISTRATE SOUTH TWENTY FOUR PARGANAS_IDA,2023-07-18,Action Pending,200000,Unsanctioned
MPLADS-056577,SH Derek o Brien,Rajya Sabha,West Bengal,Sitting Rajya Sabha,,,DIAMOND HARBOUR-II,Gopalpur,Normal/Others,NA - Installing tube-wells and borewells,DISTRICT MAGISTRATE SOUTH TWENTY FOUR PARGANAS_IDA,2023-07-18,Action Pending,200000,Unsanctioned
MPLADS-056578,SH Derek o Brien,Rajya Sabha,West Bengal,Sitting Rajya Sabha,,,DIAMOND HARBOUR-II,Barada,Normal/Others,NA - Installing tube-wells and borewells,DISTRICT MAGISTRATE SOUTH TWENTY FOUR PARGANAS_IDA,2023-07-18,Action Pending,200000,Unsanctioned
MPLADS-056579,SH Derek o Brien,Rajya Sabha,West Bengal,Sitting Rajya Sabha,,,DIAMOND HARBOUR-II,Purba Bhabanipur,Normal/Others,NA - Installing tube-wells and borewells,DISTRICT MAGISTRATE SOUTH TWENTY FOUR PARGANAS_IDA,2023-07-18,Action Pending,200000,Unsanctioned
MPLADS-056580,SH Derek o Brien,Rajya Sabha,West Bengal,Sitting Rajya Sabha,,,DIAMOND HARBOUR-I,Shatminsa,Normal/Others,NA - Installing tube-wells and borewells,DISTRICT MAGISTRATE SOUTH TWENTY FOUR PARGANAS_IDA,2023-07-18,Action Pending,200000,Unsanctioned
MPLADS-056581,SH Derek o Brien,Rajya Sabha,West Bengal,Sitting Rajya Sabha,,,DIAMOND HARBOUR-I,Bolsiddhi,Normal/Others,NA - Installing tube-wells and borewells,DISTRICT MAGISTRATE SOUTH TWENTY FOUR PARGANAS_IDA,2023-07-18,Action Pending,200000,Unsanctioned
MPLADS-056582,SH Derek o Brien,Rajya Sabha,West Bengal,Sitting Rajya Sabha,,,DIAMOND HARBOUR-I,Haridebpur,Normal/Others,NA - Installing tube-wells and borewells,DISTRICT MAGISTRATE SOUTH TWENTY FOUR PARGANAS_IDA,2023-07-18,Action Pending,200000,Unsanctioned
MPLADS-056583,SH Derek o Brien,Rajya Sabha,West Bengal,Sitting Rajya Sabha,,,DIAMOND HARBOUR-I,Darikrishnanagar,Normal/Others,NA - Installing tube-wells and borewells,DISTRICT MAGISTRATE SOUTH TWENTY FOUR PARGANAS_IDA,2023-07-18,Action Pending,200000,Unsanctioned
MPLADS-056584,SH Derek o Brien,Rajya Sabha,West Bengal,Sitting Rajya Sabha,,,DIAMOND HARBOUR-I,Parulia,Normal/Others,NA - Installing tube-wells and borewells,DISTRICT MAGISTRATE SOUTH TWENTY FOUR PARGANAS_IDA,2023-07-18,Action Pending,200000,Unsanctioned
MPLADS-056585,SHRI Sukhendu Sekhar Ray,Rajya Sabha,West Bengal,Sitting Rajya Sabha,,,KAK DWIP,Srinagar,Normal/Others,NA - Installing tube-wells and borewells,DISTRICT MAGISTRATE SOUTH TWENTY FOUR PARGANAS_IDA,2023-07-18,Action Pending,200000,Unsanctioned
MPLADS-056586,SH Derek o Brien,Rajya Sabha,West Bengal,Sitting Rajya Sabha,,,GOSABA,Radhanagar Purba,Normal/Others,NA - Installing tube-wells and borewells,DISTRICT MAGISTRATE SOUTH TWENTY FOUR PARGANAS_IDA,2023-07-18,Action Pending,200000,Unsanctioned
MPLADS-056587,SH Derek o Brien,Rajya Sabha,West Bengal,Sitting Rajya Sabha,,,DIAMOND HARBOUR-I,Jaydebpur,Normal/Others,NA - Installing tube-wells and borewells,DISTRICT MAGISTRATE SOUTH TWENTY FOUR PARGANAS_IDA,2023-07-18,Action Pending,200000,Unsanctioned
MPLADS-056588,SH Derek o Brien,Rajya Sabha,West Bengal,Sitting Rajya Sabha,,,DIAMOND HARBOUR-I,Krishnarampur,Normal/Others,NA - Installing tube-wells and borewells,DISTRICT MAGISTRATE SOUTH TWENTY FOUR PARGANAS_IDA,2023-07-18,Action Pending,200000,Unsanctioned
MPLADS-056589,SH Derek o Brien,Rajya Sabha,West Bengal,Sitting Rajya Sabha,,,DIAMOND HARBOUR-I,Masat (CT),Normal/Others,NA - Installing tube-wells and borewells,DISTRICT MAGISTRATE SOUTH TWENTY FOUR PARGANAS_IDA,2023-07-18,Action Pending,200000,Unsanctioned
MPLADS-056590,SH Derek o Brien,Rajya Sabha,West Bengal,Sitting Rajya Sabha,,,GOSABA,Pathankhali,Normal/Others,NA - Installing tube-wells and borewells,DISTRICT MAGISTRATE SOUTH TWENTY FOUR PARGANAS_IDA,2023-07-18,Action Pending,200000,Unsanctioned
MPLADS-056591,SH Derek o Brien,Rajya Sabha,West Bengal,Sitting Rajya Sabha,,,DIAMOND HARBOUR-I,Raghunathnagar,Normal/Others,NA - Installing tube-wells and borewells,DISTRICT MAGISTRATE SOUTH TWENTY FOUR PARGANAS_IDA,2023-07-18,Action Pending,200000,Unsanctioned
MPLADS-056592,SHRI Sukhendu Sekhar Ray,Rajya Sabha,West Bengal,Sitting Rajya Sabha,,,KAK DWIP,Sitarampur,Normal/Others,NA - Installing tube-wells and borewells,DISTRICT MAGISTRATE SOUTH TWENTY FOUR PARGANAS_IDA,2023-07-18,Action Pending,200000,Unsanctioned
MPLADS-056593,SHRI Sukhendu Sekhar Ray,Rajya Sabha,West Bengal,Sitting Rajya Sabha,,,CANNING-I,Dakshin Redokhali,Normal/Others,NA - Installing tube-wells and borewells,DISTRICT MAGISTRATE SOUTH TWENTY FOUR PARGANAS_IDA,2023-07-18,Action Pending,200000,Unsanctioned
MPLADS-056594,SHRI Sukhendu Sekhar Ray,Rajya Sabha,West Bengal,Sitting Rajya Sabha,,,KAK DWIP,Mrinalnagar,Normal/Others,NA - Installing tube-wells and borewells,DISTRICT MAGISTRATE SOUTH TWENTY FOUR PARGANAS_IDA,2023-07-18,Action Pending,200000,Unsanctioned
MPLADS-056595,SHRI Sukhendu Sekhar Ray,Rajya Sabha,West Bengal,Sitting Rajya Sabha,,,KAK DWIP,Ramchandranagar,Normal/Others,NA - Installing tube-wells and borewells,DISTRICT MAGISTRATE SOUTH TWENTY FOUR PARGANAS_IDA,2023-07-18,Action Pending,200000,Unsanctioned
MPLADS-056596,SHRI Sukhendu Sekhar Ray,Rajya Sabha,West Bengal,Sitting Rajya Sabha,,,KAK DWIP,Taktipur Abad,Normal/Others,NA - Installing tube-wells and borewells,DISTRICT MAGISTRATE SOUTH TWENTY FOUR PARGANAS_IDA,2023-07-18,Action Pending,200000,Unsanctioned
MPLADS-056597,SHRI Sukhendu Sekhar Ray,Rajya Sabha,West Bengal,Sitting Rajya Sabha,,,KAK DWIP,Sibkalinagar,Normal/Others,NA - Installing tube-wells and borewells,DISTRICT MAGISTRATE SOUTH TWENTY FOUR PARGANAS_IDA,2023-07-18,Action Pending,200000,Unsanctioned
MPLADS-056598,SHRI Sukhendu Sekhar Ray,Rajya Sabha,West Bengal,Sitting Rajya Sabha,,,KAK DWIP,Ganespur,Normal/Others,NA - Installing tube-wells and borewells,DISTRICT MAGISTRATE SOUTH TWENTY FOUR PARGANAS_IDA,2023-07-18,Action Pending,200000,Unsanctioned
MPLADS-056599,SHRI Sukhendu Sekhar Ray,Rajya Sabha,West Bengal,Sitting Rajya Sabha,,,KAK DWIP,Ramgopalpur,Normal/Others,NA - Installing tube-wells and borewells,DISTRICT MAGISTRATE SOUTH TWENTY FOUR PARGANAS_IDA,2023-07-18,Action Pending,200000,Unsanctioned
MPLADS-056600,SHRI Sukhendu Sekhar Ray,Rajya Sabha,West Bengal,Sitting Rajya Sabha,,,CANNING-I,Dighirpar (CT),Normal/Others,NA - Installing tube-wells and borewells,DISTRICT MAGISTRATE SOUTH TWENTY FOUR PARGANAS_IDA,2023-07-18,Action Pending,200000,Unsanctioned
MPLADS-056601,SHRI Sukhendu Sekhar Ray,Rajya Sabha,West Bengal,Sitting Rajya Sabha,,,KAK DWIP,Kakdwip,Normal/Others,NA - Installing tube-wells and borewells,DISTRICT MAGISTRATE SOUTH TWENTY FOUR PARGANAS_IDA,2023-07-18,Action Pending,200000,Unsanctioned
MPLADS-056602,SHRI Sukhendu Sekhar Ray,Rajya Sabha,West Bengal,Sitting Rajya Sabha,,,CANNING-I,Kripa Khali,Normal/Others,NA - Installing tube-wells and borewells,DISTRICT MAGISTRATE SOUTH TWENTY FOUR PARGANAS_IDA,2023-07-18,Action Pending,200000,Unsanctioned
MPLADS-056603,SHRI Sukhendu Sekhar Ray,Rajya Sabha,West Bengal,Sitting Rajya Sabha,,,CANNING-I,Gopalpur,Normal/Others,NA - Installing tube-wells and borewells,DISTRICT MAGISTRATE SOUTH TWENTY FOUR PARGANAS_IDA,2023-07-18,Action Pending,200000,Unsanctioned
MPLADS-056604,SHRI Sukhendu Sekhar Ray,Rajya Sabha,West Bengal,Sitting Rajya Sabha,,,KAK DWIP,Gobindarampur,Normal/Others,NA - Installing tube-wells and borewells,DISTRICT MAGISTRATE SOUTH TWENTY FOUR PARGANAS_IDA,2023-07-18,Action Pending,200000,Unsanctioned
MPLADS-056605,SHRI Sukhendu Sekhar Ray,Rajya Sabha,West Bengal,Sitting Rajya Sabha,,,CANNING-I,Daria,Normal/Others,NA - Installing tube-wells and borewells,DISTRICT MAGISTRATE SOUTH TWENTY FOUR PARGANAS_IDA,2023-07-18,Action Pending,200000,Unsanctioned
MPLADS-056606,SHRI Sukhendu Sekhar Ray,Rajya Sabha,West Bengal,Sitting Rajya Sabha,,,CANNING-I,Daria,Normal/Others,NA - Installing tube-wells and borewells,DISTRICT MAGISTRATE SOUTH TWENTY FOUR PARGANAS_IDA,2023-07-18,Action Pending,200000,Unsanctioned
MPLADS-056607,SHRI Sukhendu Sekhar Ray,Rajya Sabha,West Bengal,Sitting Rajya Sabha,,,CANNING-I,Dighirpar (CT),Normal/Others,NA - Installing tube-wells and borewells,DISTRICT MAGISTRATE SOUTH TWENTY FOUR PARGANAS_IDA,2023-07-18,Action Pending,200000,Unsanctioned
MPLADS-056608,SHRI Sukhendu Sekhar Ray,Rajya Sabha,West Bengal,Sitting Rajya Sabha,,,BASANTI,Kala Hazra,Normal/Others,NA - Installing tube-wells and borewells,DISTRICT MAGISTRATE SOUTH TWENTY FOUR PARGANAS_IDA,2023-07-17,Action Pending,200000,Unsanctioned
MPLADS-056609,SHRI Sukhendu Sekhar Ray,Rajya Sabha,West Bengal,Sitting Rajya Sabha,,,BASANTI,Chatrakhali,Normal/Others,NA - Installing tube-wells and borewells,DISTRICT MAGISTRATE SOUTH TWENTY FOUR PARGANAS_IDA,2023-07-17,Action Pending,200000,Unsanctioned
MPLADS-056610,SHRI Sukhendu Sekhar Ray,Rajya Sabha,West Bengal,Sitting Rajya Sabha,,,BASANTI,Amjhara,Normal/Others,NA - Installing tube-wells and borewells,DISTRICT MAGISTRATE SOUTH TWENTY FOUR PARGANAS_IDA,2023-07-17,Action Pending,200000,Unsanctioned
MPLADS-056611,SHRI Sukhendu Sekhar Ray,Rajya Sabha,West Bengal,Sitting Rajya Sabha,,,BASANTI,Amjhara,Normal/Others,NA - Installing tube-wells and borewells,DISTRICT MAGISTRATE SOUTH TWENTY FOUR PARGANAS_IDA,2023-07-17,Action Pending,200000,Unsanctioned
MPLADS-056612,SHRI Sukhendu Sekhar Ray,Rajya Sabha,West Bengal,Sitting Rajya Sabha,,,BASANTI,Ballartop,Normal/Others,NA - Installing tube-wells and borewells,DISTRICT MAGISTRATE SOUTH TWENTY FOUR PARGANAS_IDA,2023-07-17,Action Pending,200000,Unsanctioned
MPLADS-056613,SHRI Sukhendu Sekhar Ray,Rajya Sabha,West Bengal,Sitting Rajya Sabha,,,BASANTI,Bharatgar,Normal/Others,NA - Installing tube-wells and borewells,DISTRICT MAGISTRATE SOUTH TWENTY FOUR PARGANAS_IDA,2023-07-17,Action Pending,200000,Unsanctioned
MPLADS-056614,SHRI Sukhendu Sekhar Ray,Rajya Sabha,West Bengal,Sitting Rajya Sabha,,,BASANTI,Uttar Mokamberia,Normal/Others,NA - Installing tube-wells and borewells,DISTRICT MAGISTRATE SOUTH TWENTY FOUR PARGANAS_IDA,2023-07-17,Action Pending,200000,Unsanctioned
MPLADS-056615,SHRI Sukhendu Sekhar Ray,Rajya Sabha,West Bengal,Sitting Rajya Sabha,,,BASANTI,Goran Bose,Normal/Others,NA - Installing tube-wells and borewells,DISTRICT MAGISTRATE SOUTH TWENTY FOUR PARGANAS_IDA,2023-07-17,Action Pending,200000,Unsanctioned
MPLADS-056616,SHRI Sukhendu Sekhar Ray,Rajya Sabha,West Bengal,Sitting Rajya Sabha,,,BASANTI,Matgaran,Normal/Others,NA - Installing tube-wells and borewells,DISTRICT MAGISTRATE SOUTH TWENTY FOUR PARGANAS_IDA,2023-07-17,Action Pending,200000,Unsanctioned
MPLADS-056617,Dr Kakoli Ghosh Dastidar,Lok Sabha,West Bengal,BARASAT,Barasat,32,,,Normal/Others,WS/MP421/2023-2024/4089 - Street lights,DISTRICT MAGISTRATE NORTH TWENTY FOUR PARGANAS_IDA,2023-07-17,Approved by IDA,500000,Sanctioned
MPLADS-056618,SH Derek o Brien,Rajya Sabha,West Bengal,Sitting Rajya Sabha,,,HIRBANDH,Mosiara,Normal/Others,NA - Installing tube-wells and borewells,DISTRICT MAGISTRATE BANKURA_IDA,2023-07-17,Action Pending,200000,Unsanctioned
MPLADS-056619,SH Derek o Brien,Rajya Sabha,West Bengal,Sitting Rajya Sabha,,,HIRBANDH,Baharamuri,Normal/Others,NA - Installing tube-wells and borewells,DISTRICT MAGISTRATE BANKURA_IDA,2023-07-17,Action Pending,200000,Unsanctioned
MPLADS-056620,SH Derek o Brien,Rajya Sabha,West Bengal,Sitting Rajya Sabha,,,HIRBANDH,Gopalpur,Normal/Others,WS/MP220/2023-2024/4151 - Installing tube-wells and borewells,DISTRICT MAGISTRATE BANKURA_IDA,2023-07-17,Approved by IDA,200000,Unsanctioned
MPLADS-056621,SH Derek o Brien,Rajya Sabha,West Bengal,Sitting Rajya Sabha,,,KHATRA-I,Dhahala,Normal/Others,WS/MP220/2023-2024/4150 - Installing tube-wells and borewells,DISTRICT MAGISTRATE BANKURA_IDA,2023-07-17,Approved by IDA,200000,Unsanctioned
MPLADS-056622,SHRI Sukhendu Sekhar Ray,Rajya Sabha,West Bengal,Sitting Rajya Sabha,,,BASANTI,Parandar,Normal/Others,NA - Installing tube-wells and borewells,DISTRICT MAGISTRATE SOUTH TWENTY FOUR PARGANAS_IDA,2023-07-17,Action Pending,200000,Unsanctioned
MPLADS-056624,SH Derek o Brien,Rajya Sabha,West Bengal,Sitting Rajya Sabha,,,KHATRA-I,Dhanara,Normal/Others,WS/MP220/2023-2024/4148 - Installing tube-wells and borewells,DISTRICT MAGISTRATE BANKURA_IDA,2023-07-17,Approved by IDA,200000,Unsanctioned
MPLADS-056626,SH Derek o Brien,Rajya Sabha,West Bengal,Sitting Rajya Sabha,,,KHATRA-I,Dhahala,Normal/Others,NA - Installing tube-wells and borewells,DISTRICT MAGISTRATE BANKURA_IDA,2023-07-17,Action Pending,200000,Unsanctioned
MPLADS-056628,SHRI Sukhendu Sekhar Ray,Rajya Sabha,West Bengal,Sitting Rajya Sabha,,,BASANTI,Bhangonkhali,Normal/Others,NA - Installing tube-wells and borewells,DISTRICT MAGISTRATE SOUTH TWENTY FOUR PARGANAS_IDA,2023-07-17,Action Pending,200000,Unsanctioned
MPLADS-056629,SH Derek o Brien,Rajya Sabha,West Bengal,Sitting Rajya Sabha,,,SIMLAPAL,Parasol,Normal/Others,NA - Installing tube-wells and borewells,DISTRICT MAGISTRATE BANKURA_IDA,2023-07-17,Action Pending,200000,Unsanctioned
MPLADS-056630,SH Derek o Brien,Rajya Sabha,West Bengal,Sitting Rajya Sabha,,,CHHATNA,Bankati,Normal/Others,NA - Installing tube-wells and borewells,DISTRICT MAGISTRATE BANKURA_IDA,2023-07-17,Action Pending,200000,Unsanctioned
MPLADS-056631,SH Derek o Brien,Rajya Sabha,West Bengal,Sitting Rajya Sabha,,,CHHATNA,Gailabad,Normal/Others,NA - Installing tube-wells and borewells,DISTRICT MAGISTRATE BANKURA_IDA,2023-07-17,Action Pending,200000,Unsanctioned
MPLADS-056632,SH Derek o Brien,Rajya Sabha,West Bengal,Sitting Rajya Sabha,,,CHHATNA,Asurabad,Normal/Others,NA - Installing tube-wells and borewells,DISTRICT MAGISTRATE BANKURA_IDA,2023-07-17,Action Pending,200000,Unsanctioned
MPLADS-056633,SH Derek o Brien,Rajya Sabha,West Bengal,Sitting Rajya Sabha,,,CHHATNA,Dhaban,Normal/Others,NA - Installing tube-wells and borewells,DISTRICT MAGISTRATE BANKURA_IDA,2023-07-17,Action Pending,200000,Unsanctioned
MPLADS-056634,SH Derek o Brien,Rajya Sabha,West Bengal,Sitting Rajya Sabha,,,CHHATNA,Dhaban,Normal/Others,NA - Installing tube-wells and borewells,DISTRICT MAGISTRATE BANKURA_IDA,2023-07-17,Action Pending,200000,Unsanctioned
MPLADS-056635,SH Derek o Brien,Rajya Sabha,West Bengal,Sitting Rajya Sabha,,,RAIPUR-I,Dheko,Normal/Others,NA - Installing tube-wells and borewells,DISTRICT MAGISTRATE BANKURA_IDA,2023-07-17,Action Pending,200000,Unsanctioned
MPLADS-056636,SH Derek o Brien,Rajya Sabha,West Bengal,Sitting Rajya Sabha,,,RAIPUR-I,Laupara,Normal/Others,NA - Installing tube-wells and borewells,DISTRICT MAGISTRATE BANKURA_IDA,2023-07-17,Action Pending,200000,Unsanctioned
MPLADS-056637,SH Derek o Brien,Rajya Sabha,West Bengal,Sitting Rajya Sabha,,,RAIPUR-I,Siromanipur,Normal/Others,NA - Installing tube-wells and borewells,DISTRICT MAGISTRATE BANKURA_IDA,2023-07-17,Action Pending,200000,Unsanctioned
MPLADS-056638,SH Derek o Brien,Rajya Sabha,West Bengal,Sitting Rajya Sabha,,,SIMLAPAL,Bikrampur,Normal/Others,NA - Installing tube-wells and borewells,DISTRICT MAGISTRATE BANKURA_IDA,2023-07-17,Action Pending,200000,Unsanctioned
MPLADS-056639,SH Derek o Brien,Rajya Sabha,West Bengal,Sitting Rajya Sabha,,,SIMLAPAL,Jhumka,Normal/Others,NA - Installing tube-wells and borewells,DISTRICT MAGISTRATE BANKURA_IDA,2023-07-17,Action Pending,200000,Unsanctioned
MPLADS-056640,SH Derek o Brien,Rajya Sabha,West Bengal,Sitting Rajya Sabha,,,SIMLAPAL,Bikrampur,Normal/Others,NA - Installing tube-wells and borewells,DISTRICT MAGISTRATE BANKURA_IDA,2023-07-17,Action Pending,200000,Unsanctioned
MPLADS-056642,SH Derek o Brien,Rajya Sabha,West Bengal,Sitting Rajya Sabha,,,SIMLAPAL,Machatora,Normal/Others,NA - Installing tube-wells and borewells,DISTRICT MAGISTRATE BANKURA_IDA,2023-07-17,Action Pending,200000,Unsanctioned
MPLADS-056643,SH Derek o Brien,Rajya Sabha,West Bengal,Sitting Rajya Sabha,,,TALDANGRA,Asthasol,Normal/Others,NA - Installing tube-wells and borewells,DISTRICT MAGISTRATE BANKURA_IDA,2023-07-17,Action Pending,200000,Unsanctioned
MPLADS-056644,SH Derek o Brien,Rajya Sabha,West Bengal,Sitting Rajya Sabha,,,TALDANGRA,Shyamsundarpur,Normal/Others,NA - Installing tube-wells and borewells,DISTRICT MAGISTRATE BANKURA_IDA,2023-07-17,Action Pending,200000,Unsanctioned
MPLADS-056645,SH Derek o Brien,Rajya Sabha,West Bengal,Sitting Rajya Sabha,,,TALDANGRA,Resiagara,Normal/Others,NA - Installing tube-wells and borewells,DISTRICT MAGISTRATE BANKURA_IDA,2023-07-17,Action Pending,200000,Unsanctioned
MPLADS-056646,SH Derek o Brien,Rajya Sabha,West Bengal,Sitting Rajya Sabha,,,TALDANGRA,Bhedua,Normal/Others,NA - Installing tube-wells and borewells,DISTRICT MAGISTRATE BANKURA_IDA,2023-07-17,Action Pending,200000,Unsanctioned
MPLADS-056647,SH Derek o Brien,Rajya Sabha,West Bengal,Sitting Rajya Sabha,,,TALDANGRA,Khalgram,Normal/Others,NA - Installing tube-wells and borewells,DISTRICT MAGISTRATE BANKURA_IDA,2023-07-17,Action Pending,200000,Unsanctioned
MPLADS-056648,SHRI Sukhendu Sekhar Ray,Rajya Sabha,West Bengal,Sitting Rajya Sabha,,,BASANTI,Kathalberia,Normal/Others,NA - Installing tube-wells and borewells,DISTRICT MAGISTRATE SOUTH TWENTY FOUR PARGANAS_IDA,2023-07-17,Action Pending,200000,Unsanctioned
MPLADS-056649,SHRI Sukhendu Sekhar Ray,Rajya Sabha,West Bengal,Sitting Rajya Sabha,,,BASANTI,Bhangonkhali,Normal/Others,NA - Installing tube-wells and borewells,DISTRICT MAGISTRATE SOUTH TWENTY FOUR PARGANAS_IDA,2023-07-17,Action Pending,200000,Unsanctioned
MPLADS-056650,SHRI Sukhendu Sekhar Ray,Rajya Sabha,West Bengal,Sitting Rajya Sabha,,,BASANTI,Kathalberia,Normal/Others,NA - Installing tube-wells and borewells,DISTRICT MAGISTRATE SOUTH TWENTY FOUR PARGANAS_IDA,2023-07-17,Action Pending,200000,Unsanctioned
MPLADS-056651,SHRI Sukhendu Sekhar Ray,Rajya Sabha,West Bengal,Sitting Rajya Sabha,,,BASANTI,Kathalberia,Normal/Others,NA - Installing tube-wells and borewells,DISTRICT MAGISTRATE SOUTH TWENTY FOUR PARGANAS_IDA,2023-07-17,Action Pending,200000,Unsanctioned
MPLADS-056653,SH Derek o Brien,Rajya Sabha,West Bengal,Sitting Rajya Sabha,,,KHATRA-I,Supur,Normal/Others,WS/MP220/2023-2024/4147 - Installing tube-wells and borewells,DISTRICT MAGISTRATE BANKURA_IDA,2023-07-17,Approved by IDA,200000,Unsanctioned
MPLADS-056654,SH Derek o Brien,Rajya Sabha,West Bengal,Sitting Rajya Sabha,,,KHATRA-I,Dhahala,Normal/Others,WS/MP220/2023-2024/4146 - Installing tube-wells and borewells,DISTRICT MAGISTRATE BANKURA_IDA,2023-07-17,Approved by IDA,200000,Unsanctioned
MPLADS-056655,SH Derek o Brien,Rajya Sabha,West Bengal,Sitting Rajya Sabha,,,KHATRA-I,Dhahala,Normal/Others,WS/MP220/2023-2024/4145 - Installing tube-wells and borewells,DISTRICT MAGISTRATE BANKURA_IDA,2023-07-17,Approved by IDA,200000,Unsanctioned
MPLADS-056656,SHRI Sukhendu Sekhar Ray,Rajya Sabha,West Bengal,Sitting Rajya Sabha,,,KULTALI,Jalabaria,Normal/Others,NA - Installing tube-wells and borewells,DISTRICT MAGISTRATE SOUTH TWENTY FOUR PARGANAS_IDA,2023-07-17,Action Pending,200000,Unsanctioned
MPLADS-056657,SHRI Sukhendu Sekhar Ray,Rajya Sabha,West Bengal,Sitting Rajya Sabha,,,KULTALI,Katamari,Normal/Others,NA - Installing tube-wells and borewells,DISTRICT MAGISTRATE SOUTH TWENTY FOUR PARGANAS_IDA,2023-07-17,Action Pending,200000,Unsanctioned
MPLADS-056658,SHRI Sukhendu Sekhar Ray,Rajya Sabha,West Bengal,Sitting Rajya Sabha,,,KULTALI,Debipur Gurguria,Normal/Others,NA - Installing tube-wells and borewells,DISTRICT MAGISTRATE SOUTH TWENTY FOUR PARGANAS_IDA,2023-07-17,Action Pending,200000,Unsanctioned
MPLADS-056659,SHRI Sukhendu Sekhar Ray,Rajya Sabha,West Bengal,Sitting Rajya Sabha,,,KULTALI,Madhusudanpur,Normal/Others,NA - Installing tube-wells and borewells,DISTRICT MAGISTRATE SOUTH TWENTY FOUR PARGANAS_IDA,2023-07-17,Action Pending,200000,Unsanctioned
MPLADS-056660,SHRI Sukhendu Sekhar Ray,Rajya Sabha,West Bengal,Sitting Rajya Sabha,,,KULTALI,Jalabaria,Normal/Others,NA - Installing tube-wells and borewells,DISTRICT MAGISTRATE SOUTH TWENTY FOUR PARGANAS_IDA,2023-07-17,Action Pending,200000,Unsanctioned
MPLADS-056661,SHRI Sukhendu Sekhar Ray,Rajya Sabha,West Bengal,Sitting Rajya Sabha,,,KULTALI,Binodpur,Normal/Others,NA - Installing tube-wells and borewells,DISTRICT MAGISTRATE SOUTH TWENTY FOUR PARGANAS_IDA,2023-07-17,Action Pending,200000,Unsanctioned
MPLADS-056662,SHRI Sukhendu Sekhar Ray,Rajya Sabha,West Bengal,Sitting Rajya Sabha,,,KULTALI,Kisorimohanpur,Normal/Others,NA - Installing tube-wells and borewells,DISTRICT MAGISTRATE SOUTH TWENTY FOUR PARGANAS_IDA,2023-07-17,Action Pending,200000,Unsanctioned
MPLADS-056663,SHRI Sukhendu Sekhar Ray,Rajya Sabha,West Bengal,Sitting Rajya Sabha,,,KULTALI,Shyamnagar,Normal/Others,NA - Installing tube-wells and borewells,DISTRICT MAGISTRATE SOUTH TWENTY FOUR PARGANAS_IDA,2023-07-17,Action Pending,200000,Unsanctioned
MPLADS-056664,SHRI Sukhendu Sekhar Ray,Rajya Sabha,West Bengal,Sitting Rajya Sabha,,,KULTALI,Kirtankhola,Normal/Others,NA - Installing tube-wells and borewells,DISTRICT MAGISTRATE SOUTH TWENTY FOUR PARGANAS_IDA,2023-07-17,Action Pending,200000,Unsanctioned
MPLADS-056665,SHRI Sukhendu Sekhar Ray,Rajya Sabha,West Bengal,Sitting Rajya Sabha,,,KULTALI,Dongajora,Normal/Others,NA - Installing tube-wells and borewells,DISTRICT MAGISTRATE SOUTH TWENTY FOUR PARGANAS_IDA,2023-07-17,Action Pending,200000,Unsanctioned
MPLADS-056666,SHRI Sukhendu Sekhar Ray,Rajya Sabha,West Bengal,Sitting Rajya Sabha,,,KULTALI,Meraganj,Normal/Others,NA - Installing tube-wells and borewells,DISTRICT MAGISTRATE SOUTH TWENTY FOUR PARGANAS_IDA,2023-07-17,Action Pending,200000,Unsanctioned
MPLADS-056667,SHRI Sukhendu Sekhar Ray,Rajya Sabha,West Bengal,Sitting Rajya Sabha,,,KULTALI,Kisorimohanpur,Normal/Others,NA - Installing tube-wells and borewells,DISTRICT MAGISTRATE SOUTH TWENTY FOUR PARGANAS_IDA,2023-07-17,Action Pending,200000,Unsanctioned
MPLADS-056683,SHRI Sukhendu Sekhar Ray,Rajya Sabha,West Bengal,Sitting Rajya Sabha,,,KULTALI,Meraganj,Normal/Others,NA - Installing tube-wells and borewells,DISTRICT MAGISTRATE SOUTH TWENTY FOUR PARGANAS_IDA,2023-07-17,Action Pending,200000,Unsanctioned
MPLADS-056684,SHRI Sukhendu Sekhar Ray,Rajya Sabha,West Bengal,Sitting Rajya Sabha,,,KULTALI,Dongajora,Normal/Others,NA - Installing tube-wells and borewells,DISTRICT MAGISTRATE SOUTH TWENTY FOUR PARGANAS_IDA,2023-07-17,Action Pending,200000,Unsanctioned
MPLADS-056685,SHRI Sukhendu Sekhar Ray,Rajya Sabha,West Bengal,Sitting Rajya Sabha,,,KULTALI,Purba Shyamnagar,Normal/Others,NA - Installing tube-wells and borewells,DISTRICT MAGISTRATE SOUTH TWENTY FOUR PARGANAS_IDA,2023-07-17,Action Pending,200000,Unsanctioned
MPLADS-056686,SH Derek o Brien,Rajya Sabha,West Bengal,Sitting Rajya Sabha,,,BHANGAR-I,Dakshin Rajapur,Normal/Others,NA - Installing tube-wells and borewells,DISTRICT MAGISTRATE SOUTH TWENTY FOUR PARGANAS_IDA,2023-07-17,Action Pending,200000,Unsanctioned
MPLADS-056687,SH Derek o Brien,Rajya Sabha,West Bengal,Sitting Rajya Sabha,,,KHATRA-I,Guyanala,Normal/Others,WS/MP220/2023-2024/4144 - Installing tube-wells and borewells,DISTRICT MAGISTRATE BANKURA_IDA,2023-07-17,Approved by IDA,200000,Unsanctioned
MPLADS-056688,SH Derek o Brien,Rajya Sabha,West Bengal,Sitting Rajya Sabha,,,BHANGAR-II,Bhogali,Normal/Others,NA - Installing tube-wells and borewells,DISTRICT MAGISTRATE SOUTH TWENTY FOUR PARGANAS_IDA,2023-07-17,Action Pending,200000,Unsanctioned
MPLADS-056689,SH Derek o Brien,Rajya Sabha,West Bengal,Sitting Rajya Sabha,,,BHANGAR-II,Chalta Beria,Normal/Others,NA - Installing tube-wells and borewells,DISTRICT MAGISTRATE SOUTH TWENTY FOUR PARGANAS_IDA,2023-07-17,Action Pending,200000,Unsanctioned
MPLADS-056690,SH Derek o Brien,Rajya Sabha,West Bengal,Sitting Rajya Sabha,,,BHANGAR-II,Bhogali,Normal/Others,NA - Installing tube-wells and borewells,DISTRICT MAGISTRATE SOUTH TWENTY FOUR PARGANAS_IDA,2023-07-17,Action Pending,200000,Unsanctioned
MPLADS-056691,SH Derek o Brien,Rajya Sabha,West Bengal,Sitting Rajya Sabha,,,BHANGAR-II,Shyamnagar,Normal/Others,NA - Installing tube-wells and borewells,DISTRICT MAGISTRATE SOUTH TWENTY FOUR PARGANAS_IDA,2023-07-17,Action Pending,200000,Unsanctioned
MPLADS-056692,SH Derek o Brien,Rajya Sabha,West Bengal,Sitting Rajya Sabha,,,BHANGAR-II,Benota,Normal/Others,NA - Installing tube-wells and borewells,DISTRICT MAGISTRATE SOUTH TWENTY FOUR PARGANAS_IDA,2023-07-17,Action Pending,200000,Unsanctioned
MPLADS-056694,SH Derek o Brien,Rajya Sabha,West Bengal,Sitting Rajya Sabha,,,BHANGAR-II,Bhaga Banpur,Normal/Others,NA - Installing tube-wells and borewells,DISTRICT MAGISTRATE SOUTH TWENTY FOUR PARGANAS_IDA,2023-07-17,Action Pending,200000,Unsanctioned
MPLADS-056695,SH Derek o Brien,Rajya Sabha,West Bengal,Sitting Rajya Sabha,,,BHANGAR-II,Koch Pukur,Normal/Others,NA - Installing tube-wells and borewells,DISTRICT MAGISTRATE SOUTH TWENTY FOUR PARGANAS_IDA,2023-07-17,Action Pending,200000,Unsanctioned
MPLADS-056696,SH Derek o Brien,Rajya Sabha,West Bengal,Sitting Rajya Sabha,,,BHANGAR-II,Majerhat,Normal/Others,NA - Installing tube-wells and borewells,DISTRICT MAGISTRATE SOUTH TWENTY FOUR PARGANAS_IDA,2023-07-17,Action Pending,200000,Unsanctioned
MPLADS-056697,SH Derek o Brien,Rajya Sabha,West Bengal,Sitting Rajya Sabha,,,BHANGAR-II,Jamirgachhi,Normal/Others,NA - Installing tube-wells and borewells,DISTRICT MAGISTRATE SOUTH TWENTY FOUR PARGANAS_IDA,2023-07-17,Action Pending,200000,Unsanctioned
MPLADS-056698,SH Derek o Brien,Rajya Sabha,West Bengal,Sitting Rajya Sabha,,,BHANGAR-I,Satbaria,Normal/Others,NA - Installing tube-wells and borewells,DISTRICT MAGISTRATE SOUTH TWENTY FOUR PARGANAS_IDA,2023-07-17,Action Pending,200000,Unsanctioned
MPLADS-056700,SHRI Sukhendu Sekhar Ray,Rajya Sabha,West Bengal,Sitting Rajya Sabha,,,KULTALI,Gopalganj,Normal/Others,NA - Installing tube-wells and borewells,DISTRICT MAGISTRATE SOUTH TWENTY FOUR PARGANAS_IDA,2023-07-17,Action Pending,200000,Unsanctioned
MPLADS-056701,SH Derek o Brien,Rajya Sabha,West Bengal,Sitting Rajya Sabha,,,BHANGAR-I,Tardaha Kapasati,Normal/Others,NA - Installing tube-wells and borewells,DISTRICT MAGISTRATE SOUTH TWENTY FOUR PARGANAS_IDA,2023-07-17,Action Pending,200000,Unsanctioned
MPLADS-056702,SH Derek o Brien,Rajya Sabha,West Bengal,Sitting Rajya Sabha,,,BHANGAR-I,Kashinathpur,Normal/Others,NA - Installing tube-wells and borewells,DISTRICT MAGISTRATE SOUTH TWENTY FOUR PARGANAS_IDA,2023-07-17,Action Pending,200000,Unsanctioned
MPLADS-056703,SH Derek o Brien,Rajya Sabha,West Bengal,Sitting Rajya Sabha,,,BHANGAR-I,Naora,Normal/Others,NA - Installing tube-wells and borewells,DISTRICT MAGISTRATE SOUTH TWENTY FOUR PARGANAS_IDA,2023-07-17,Action Pending,200000,Unsanctioned
MPLADS-056704,SH Derek o Brien,Rajya Sabha,West Bengal,Sitting Rajya Sabha,,,BHANGAR-I,Jalalabad,Normal/Others,NA - Installing tube-wells and borewells,DISTRICT MAGISTRATE SOUTH TWENTY FOUR PARGANAS_IDA,2023-07-17,Action Pending,200000,Unsanctioned
MPLADS-056705,SH Derek o Brien,Rajya Sabha,West Bengal,Sitting Rajya Sabha,,,BHANGAR-I,Tardaha Kapasati,Normal/Others,NA - Installing tube-wells and borewells,DISTRICT MAGISTRATE SOUTH TWENTY FOUR PARGANAS_IDA,2023-07-17,Action Pending,200000,Unsanctioned
MPLADS-056706,SH Derek o Brien,Rajya Sabha,West Bengal,Sitting Rajya Sabha,,,BHANGAR-I,Badi,Normal/Others,NA - Installing tube-wells and borewells,DISTRICT MAGISTRATE SOUTH TWENTY FOUR PARGANAS_IDA,2023-07-17,Action Pending,200000,Unsanctioned
MPLADS-056707,SHRI Sukhendu Sekhar Ray,Rajya Sabha,West Bengal,Sitting Rajya Sabha,,,KULTALI,Debipur Gurguria,Normal/Others,NA - Installing tube-wells and borewells,DISTRICT MAGISTRATE SOUTH TWENTY FOUR PARGANAS_IDA,2023-07-17,Action Pending,200000,Unsanctioned
MPLADS-056708,SHRI Sukhendu Sekhar Ray,Rajya Sabha,West Bengal,Sitting Rajya Sabha,,,KULTALI,Debipur Gurguria,Normal/Others,NA - Installing tube-wells and borewells,DISTRICT MAGISTRATE SOUTH TWENTY FOUR PARGANAS_IDA,2023-07-17,Action Pending,200000,Unsanctioned
MPLADS-056709,SHRI Sukhendu Sekhar Ray,Rajya Sabha,West Bengal,Sitting Rajya Sabha,,,KULTALI,Kaikhali,Normal/Others,NA - Installing tube-wells and borewells,DISTRICT MAGISTRATE SOUTH TWENTY FOUR PARGANAS_IDA,2023-07-17,Action Pending,200000,Unsanctioned
MPLADS-056710,SHRI Sukhendu Sekhar Ray,Rajya Sabha,West Bengal,Sitting Rajya Sabha,,,KULTALI,Jalabaria,Normal/Others,NA - Installing tube-wells and borewells,DISTRICT MAGISTRATE SOUTH TWENTY FOUR PARGANAS_IDA,2023-07-17,Action Pending,200000,Unsanctioned
MPLADS-056711,SHRI Sukhendu Sekhar Ray,Rajya Sabha,West Bengal,Sitting Rajya Sabha,,,KULTALI,Kaikhali,Normal/Others,NA - Installing tube-wells and borewells,DISTRICT MAGISTRATE SOUTH TWENTY FOUR PARGANAS_IDA,2023-07-17,Action Pending,200000,Unsanctioned
MPLADS-056712,SHRI Sukhendu Sekhar Ray,Rajya Sabha,West Bengal,Sitting Rajya Sabha,,,KULTALI,Meraganj,Normal/Others,NA - Installing tube-wells and borewells,DISTRICT MAGISTRATE SOUTH TWENTY FOUR PARGANAS_IDA,2023-07-17,Action Pending,200000,Unsanctioned
MPLADS-056713,SH Derek o Brien,Rajya Sabha,West Bengal,Sitting Rajya Sabha,,,BHANGAR-I,Dari Madhabpur,Normal/Others,NA - Installing tube-wells and borewells,DISTRICT MAGISTRATE SOUTH TWENTY FOUR PARGANAS_IDA,2023-07-17,Action Pending,200000,Unsanctioned
MPLADS-056714,SH Derek o Brien,Rajya Sabha,West Bengal,Sitting Rajya Sabha,,,SIMLAPAL,Mathurakata,Normal/Others,NA - Installing tube-wells and borewells,DISTRICT MAGISTRATE BANKURA_IDA,2023-07-17,Action Pending,200000,Unsanctioned
MPLADS-056765,SH Derek o Brien,Rajya Sabha,West Bengal,Sitting Rajya Sabha,,,BALAGARH,Dakshin Gopalpur,Normal/Others,WS/MP220/2023-2024/4235 - Installing tube-wells and borewells,DISTRICT MAGISTRATE HOOGHLY_IDA,2023-07-17,Approved by IDA,200000,Unsanctioned
MPLADS-056766,SH Derek o Brien,Rajya Sabha,West Bengal,Sitting Rajya Sabha,,,GOGHAT-II,Paschim Chakla,Normal/Others,WS/MP220/2023-2024/4241 - Installing tube-wells and borewells,DISTRICT MAGISTRATE HOOGHLY_IDA,2023-07-17,Approved by IDA,200000,Unsanctioned
MPLADS-056767,SH Derek o Brien,Rajya Sabha,West Bengal,Sitting Rajya Sabha,,,KHANAKUL-I,Ghoshpur,Normal/Others,WS/MP220/2023-2024/4239 - Installing tube-wells and borewells,DISTRICT MAGISTRATE HOOGHLY_IDA,2023-07-17,Approved by IDA,200000,Unsanctioned
MPLADS-056768,SH Derek o Brien,Rajya Sabha,West Bengal,Sitting Rajya Sabha,,,JANGIPARA,Ajodhya,Normal/Others,WS/MP220/2023-2024/4238 - Installing tube-wells and borewells,DISTRICT MAGISTRATE HOOGHLY_IDA,2023-07-17,Approved by IDA,200000,Unsanctioned
MPLADS-056769,SH Derek o Brien,Rajya Sabha,West Bengal,Sitting Rajya Sabha,,,CHANDITALA-II,Naiti (CT),Normal/Others,WS/MP220/2023-2024/4237 - Installing tube-wells and borewells,DISTRICT MAGISTRATE HOOGHLY_IDA,2023-07-17,Approved by IDA,200000,Unsanctioned
MPLADS-056770,SH Derek o Brien,Rajya Sabha,West Bengal,Sitting Rajya Sabha,,,POLBA-DADPUR,Barakpur Naopara,Normal/Others,WS/MP220/2023-2024/4236 - Installing tube-wells and borewells,DISTRICT MAGISTRATE HOOGHLY_IDA,2023-07-17,Approved by IDA,200000,Unsanctioned
MPLADS-056771,SH Derek o Brien,Rajya Sabha,West Bengal,Sitting Rajya Sabha,,,CHINSURAH-MAGRAH,Dahar Chaklai,Normal/Others,WS/MP220/2023-2024/4234 - Installing tube-wells and borewells,DISTRICT MAGISTRATE HOOGHLY_IDA,2023-07-17,Approved by IDA,200000,Unsanctioned
MPLADS-056772,SH Derek o Brien,Rajya Sabha,West Bengal,Sitting Rajya Sabha,,,CHINSURAH-MAGRAH,Mamudpur,Normal/Others,WS/MP220/2023-2024/4233 - Installing tube-wells and borewells,DISTRICT MAGISTRATE HOOGHLY_IDA,2023-07-17,Approved by IDA,200000,Unsanctioned
MPLADS-056773,SH Derek o Brien,Rajya Sabha,West Bengal,Sitting Rajya Sabha,,,CHINSURAH-MAGRAH,Kabirhati,Normal/Others,WS/MP220/2023-2024/4232 - Installing tube-wells and borewells,DISTRICT MAGISTRATE HOOGHLY_IDA,2023-07-17,Approved by IDA,200000,Unsanctioned
MPLADS-056774,SH Derek o Brien,Rajya Sabha,West Bengal,Sitting Rajya Sabha,,,CHINSURAH-MAGRAH,Kola (CT),Normal/Others,WS/MP220/2023-2024/4231 - Installing tube-wells and borewells,DISTRICT MAGISTRATE HOOGHLY_IDA,2023-07-17,Approved by IDA,200000,Unsanctioned
MPLADS-056775,SH Derek o Brien,Rajya Sabha,West Bengal,Sitting Rajya Sabha,,,CHINSURAH-MAGRAH,Dadpur,Normal/Others,WS/MP220/2023-2024/4230 - Installing tube-wells and borewells,DISTRICT MAGISTRATE HOOGHLY_IDA,2023-07-17,Approved by IDA,200000,Unsanctioned
MPLADS-056776,SH Derek o Brien,Rajya Sabha,West Bengal,Sitting Rajya Sabha,,,CHHATNA,Ghoshergan,Normal/Others,NA - Installing tube-wells and borewells,DISTRICT MAGISTRATE BANKURA_IDA,2023-07-17,Action Pending,200000,Unsanctioned
MPLADS-056777,SH Derek o Brien,Rajya Sabha,West Bengal,Sitting Rajya Sabha,,,CHHATNA,Jirra,Normal/Others,NA - Installing tube-wells and borewells,DISTRICT MAGISTRATE BANKURA_IDA,2023-07-17,Action Pending,200000,Unsanctioned
MPLADS-056778,SH Derek o Brien,Rajya Sabha,West Bengal,Sitting Rajya Sabha,,,CHHATNA,Murgathol,Normal/Others,NA - Installing tube-wells and borewells,DISTRICT MAGISTRATE BANKURA_IDA,2023-07-17,Action Pending,200000,Unsanctioned
MPLADS-056779,SH Derek o Brien,Rajya Sabha,West Bengal,Sitting Rajya Sabha,,,CHHATNA,Ampahari,Normal/Others,NA - Installing tube-wells and borewells,DISTRICT MAGISTRATE BANKURA_IDA,2023-07-17,Action Pending,200000,Unsanctioned
MPLADS-056780,SH Derek o Brien,Rajya Sabha,West Bengal,Sitting Rajya Sabha,,,CHHATNA,Rangametia,Normal/Others,NA - Installing tube-wells and borewells,DISTRICT MAGISTRATE BANKURA_IDA,2023-07-17,Action Pending,200000,Unsanctioned
MPLADS-056781,SH Derek o Brien,Rajya Sabha,West Bengal,Sitting Rajya Sabha,,,CHHATNA,Dhaban,Normal/Others,NA - Installing tube-wells and borewells,DISTRICT MAGISTRATE BANKURA_IDA,2023-07-17,Action Pending,200000,Unsanctioned
MPLADS-056782,SH Derek o Brien,Rajya Sabha,West Bengal,Sitting Rajya Sabha,,,CHHATNA,Jorthol,Normal/Others,NA - Installing tube-wells and borewells,DISTRICT MAGISTRATE BANKURA_IDA,2023-07-17,Action Pending,200000,Unsanctioned
MPLADS-056783,SH Derek o Brien,Rajya Sabha,West Bengal,Sitting Rajya Sabha,,,CHHATNA,Jalhari,Normal/Others,NA - Installing tube-wells and borewells,DISTRICT MAGISTRATE BANKURA_IDA,2023-07-17,Action Pending,200000,Unsanctioned
MPLADS-056784,SH Derek o Brien,Rajya Sabha,West Bengal,Sitting Rajya Sabha,,,CHHATNA,Dhaban,Normal/Others,NA - Installing tube-wells and borewells,DISTRICT MAGISTRATE BANKURA_IDA,2023-07-17,Action Pending,200000,Unsanctioned
MPLADS-056786,SH Derek o Brien,Rajya Sabha,West Bengal,Sitting Rajya Sabha,,,KHANAKUL-II,Kushali,Normal/Others,WS/MP220/2023-2024/4240 - Installing tube-wells and borewells,DISTRICT MAGISTRATE HOOGHLY_IDA,2023-07-17,Approved by IDA,200000,Unsanctioned
MPLADS-056787,SH Derek o Brien,Rajya Sabha,West Bengal,Sitting Rajya Sabha,,,CHHATNA,Jorhira,Normal/Others,NA - Installing tube-wells and borewells,DISTRICT MAGISTRATE BANKURA_IDA,2023-07-17,Action Pending,200000,Unsanctioned
MPLADS-056945,SH Derek o Brien,Rajya Sabha,West Bengal,Sitting Rajya Sabha,,,JAYNAGAR-I,Ramchandrapur,Normal/Others,NA - Installing tube-wells and borewells,DISTRICT MAGISTRATE SOUTH TWENTY FOUR PARGANAS_IDA,2023-07-15,Action Pending,200000,Unsanctioned
MPLADS-056946,SH Derek o Brien,Rajya Sabha,West Bengal,Sitting Rajya Sabha,,,JAYNAGAR-I,Panchghora,Normal/Others,NA - Installing tube-wells and borewells,DISTRICT MAGISTRATE SOUTH TWENTY FOUR PARGANAS_IDA,2023-07-15,Action Pending,200000,Unsanctioned
MPLADS-056948,SH Derek o Brien,Rajya Sabha,West Bengal,Sitting Rajya Sabha,,,JAYNAGAR-I,Bantra,Normal/Others,NA - Installing tube-wells and borewells,DISTRICT MAGISTRATE SOUTH TWENTY FOUR PARGANAS_IDA,2023-07-15,Action Pending,200000,Unsanctioned
MPLADS-056949,SH Derek o Brien,Rajya Sabha,West Bengal,Sitting Rajya Sabha,,,JAYNAGAR-I,Charaghata,Normal/Others,NA - Installing tube-wells and borewells,DISTRICT MAGISTRATE SOUTH TWENTY FOUR PARGANAS_IDA,2023-07-15,Action Pending,200000,Unsanctioned
MPLADS-056950,SH Derek o Brien,Rajya Sabha,West Bengal,Sitting Rajya Sabha,,,JAYNAGAR-I,Uttarparanij (CT),Normal/Others,NA - Installing tube-wells and borewells,DISTRICT MAGISTRATE SOUTH TWENTY FOUR PARGANAS_IDA,2023-07-15,Action Pending,200000,Unsanctioned
MPLADS-056951,SH Derek o Brien,Rajya Sabha,West Bengal,Sitting Rajya Sabha,,,JAYNAGAR-I,Uttarparanij (CT),Normal/Others,NA - Installing tube-wells and borewells,DISTRICT MAGISTRATE SOUTH TWENTY FOUR PARGANAS_IDA,2023-07-15,Action Pending,200000,Unsanctioned
MPLADS-056952,SH Derek o Brien,Rajya Sabha,West Bengal,Sitting Rajya Sabha,,,JAYNAGAR-I,Ramkanta Bati,Normal/Others,NA - Installing tube-wells and borewells,DISTRICT MAGISTRATE SOUTH TWENTY FOUR PARGANAS_IDA,2023-07-15,Action Pending,200000,Unsanctioned
MPLADS-056953,SH Derek o Brien,Rajya Sabha,West Bengal,Sitting Rajya Sabha,,,JAYNAGAR-I,Mastikari,Normal/Others,NA - Installing tube-wells and borewells,DISTRICT MAGISTRATE SOUTH TWENTY FOUR PARGANAS_IDA,2023-07-15,Action Pending,200000,Unsanctioned
MPLADS-056954,SH Derek o Brien,Rajya Sabha,West Bengal,Sitting Rajya Sabha,,,JAYNAGAR-I,Padmerhat,Normal/Others,NA - Installing tube-wells and borewells,DISTRICT MAGISTRATE SOUTH TWENTY FOUR PARGANAS_IDA,2023-07-15,Action Pending,200000,Unsanctioned
MPLADS-056955,SH Derek o Brien,Rajya Sabha,West Bengal,Sitting Rajya Sabha,,,JAYNAGAR-I,Beladanga,Normal/Others,NA - Installing tube-wells and borewells,DISTRICT MAGISTRATE SOUTH TWENTY FOUR PARGANAS_IDA,2023-07-15,Action Pending,200000,Unsanctioned
MPLADS-056956,Ms Mahua Moitra,Lok Sabha,West Bengal,KRISHNANAGAR,,,KRISHNAGAR-II,Noapara,Normal/Others,"WS/MP823/2023-2024/3715 - Construction of roads, approach roads, link roads and pathways",DISTRICT MAGISTRATE NADIA_IDA,2023-07-15,Approved by IDA,3002104,Sanctioned
MPLADS-056960,SH Derek o Brien,Rajya Sabha,West Bengal,Sitting Rajya Sabha,,,JAYNAGAR-I,Uttar Durgapur (CT),Normal/Others,NA - Installing tube-wells and borewells,DISTRICT MAGISTRATE SOUTH TWENTY FOUR PARGANAS_IDA,2023-07-15,Action Pending,200000,Unsanctioned
MPLADS-056961,SH Derek o Brien,Rajya Sabha,West Bengal,Sitting Rajya Sabha,,,JAYNAGAR-I,Padmerhat,Normal/Others,NA - Installing tube-wells and borewells,DISTRICT MAGISTRATE SOUTH TWENTY FOUR PARGANAS_IDA,2023-07-15,Action Pending,200000,Unsanctioned
MPLADS-056973,SH Derek o Brien,Rajya Sabha,West Bengal,Sitting Rajya Sabha,,,JAYNAGAR-I,Joynagar (P),Normal/Others,NA - Installing tube-wells and borewells,DISTRICT MAGISTRATE SOUTH TWENTY FOUR PARGANAS_IDA,2023-07-15,Action Pending,200000,Unsanctioned
MPLADS-056974,SH Derek o Brien,Rajya Sabha,West Bengal,Sitting Rajya Sabha,,,JAYNAGAR-I,Baharu (CT),Normal/Others,NA - Installing tube-wells and borewells,DISTRICT MAGISTRATE SOUTH TWENTY FOUR PARGANAS_IDA,2023-07-15,Action Pending,200000,Unsanctioned
MPLADS-056975,SH Derek o Brien,Rajya Sabha,West Bengal,Sitting Rajya Sabha,,,JAYNAGAR-I,Santipur,Normal/Others,NA - Installing tube-wells and borewells,DISTRICT MAGISTRATE SOUTH TWENTY FOUR PARGANAS_IDA,2023-07-15,Action Pending,200000,Unsanctioned
MPLADS-056990,SH Derek o Brien,Rajya Sabha,West Bengal,Sitting Rajya Sabha,,,JAYNAGAR-I,Purba Gabberia,Normal/Others,NA - Installing tube-wells and borewells,DISTRICT MAGISTRATE SOUTH TWENTY FOUR PARGANAS_IDA,2023-07-15,Action Pending,200000,Unsanctioned
MPLADS-056997,SH Derek o Brien,Rajya Sabha,West Bengal,Sitting Rajya Sabha,,,JAYNAGAR-I,Uttar Durgapur (CT),Normal/Others,NA - Installing tube-wells and borewells,DISTRICT MAGISTRATE SOUTH TWENTY FOUR PARGANAS_IDA,2023-07-15,Action Pending,200000,Unsanctioned
MPLADS-057002,SH Derek o Brien,Rajya Sabha,West Bengal,Sitting Rajya Sabha,,,JAYNAGAR-I,Santipur,Normal/Others,NA - Installing tube-wells and borewells,DISTRICT MAGISTRATE SOUTH TWENTY FOUR PARGANAS_IDA,2023-07-15,Action Pending,200000,Unsanctioned
MPLADS-057005,SH Derek o Brien,Rajya Sabha,West Bengal,Sitting Rajya Sabha,,,JAYNAGAR-I,Baharu (CT),Normal/Others,NA - Installing tube-wells and borewells,DISTRICT MAGISTRATE SOUTH TWENTY FOUR PARGANAS_IDA,2023-07-15,Action Pending,200000,Unsanctioned
MPLADS-057007,SH Derek o Brien,Rajya Sabha,West Bengal,Sitting Rajya Sabha,,,JAYNAGAR-I,Panchghora,Normal/Others,NA - Installing tube-wells and borewells,DISTRICT MAGISTRATE SOUTH TWENTY FOUR PARGANAS_IDA,2023-07-15,Action Pending,200000,Unsanctioned
MPLADS-057008,SH Derek o Brien,Rajya Sabha,West Bengal,Sitting Rajya Sabha,,,JAYNAGAR-I,Dewanganj,Normal/Others,NA - Installing tube-wells and borewells,DISTRICT MAGISTRATE SOUTH TWENTY FOUR PARGANAS_IDA,2023-07-15,Action Pending,200000,Unsanctioned
MPLADS-057022,SH Derek o Brien,Rajya Sabha,West Bengal,Sitting Rajya Sabha,,,JAYNAGAR-I,Uttarpara Abad,Normal/Others,NA - Installing tube-wells and borewells,DISTRICT MAGISTRATE SOUTH TWENTY FOUR PARGANAS_IDA,2023-07-15,Action Pending,200000,Unsanctioned
MPLADS-057024,SH Derek o Brien,Rajya Sabha,West Bengal,Sitting Rajya Sabha,,,JAYNAGAR-I,Jangalia,Normal/Others,NA - Installing tube-wells and borewells,DISTRICT MAGISTRATE SOUTH TWENTY FOUR PARGANAS_IDA,2023-07-15,Action Pending,200000,Unsanctioned
MPLADS-057025,SH Derek o Brien,Rajya Sabha,West Bengal,Sitting Rajya Sabha,,,JAYNAGAR-I,Jangalia,Normal/Others,NA - Installing tube-wells and borewells,DISTRICT MAGISTRATE SOUTH TWENTY FOUR PARGANAS_IDA,2023-07-15,Action Pending,200000,Unsanctioned
MPLADS-057026,SH Derek o Brien,Rajya Sabha,West Bengal,Sitting Rajya Sabha,,,JAYNAGAR-I,Jangalia,Normal/Others,NA - Installing tube-wells and borewells,DISTRICT MAGISTRATE SOUTH TWENTY FOUR PARGANAS_IDA,2023-07-15,Action Pending,200000,Unsanctioned
MPLADS-057027,SH Derek o Brien,Rajya Sabha,West Bengal,Sitting Rajya Sabha,,,JAYNAGAR-I,Kamaria,Normal/Others,NA - Installing tube-wells and borewells,DISTRICT MAGISTRATE SOUTH TWENTY FOUR PARGANAS_IDA,2023-07-15,Action Pending,200000,Unsanctioned
MPLADS-057028,SH Derek o Brien,Rajya Sabha,West Bengal,Sitting Rajya Sabha,,,JAYNAGAR-I,Paschim Gabberia,Normal/Others,NA - Installing tube-wells and borewells,DISTRICT MAGISTRATE SOUTH TWENTY FOUR PARGANAS_IDA,2023-07-15,Action Pending,200000,Unsanctioned
MPLADS-057029,SH Derek o Brien,Rajya Sabha,West Bengal,Sitting Rajya Sabha,,,JAYNAGAR-I,Paschim Gabberia,Normal/Others,NA - Installing tube-wells and borewells,DISTRICT MAGISTRATE SOUTH TWENTY FOUR PARGANAS_IDA,2023-07-15,Action Pending,200000,Unsanctioned
MPLADS-057030,SH Derek o Brien,Rajya Sabha,West Bengal,Sitting Rajya Sabha,,,JAYNAGAR-I,Kamaria,Normal/Others,NA - Installing tube-wells and borewells,DISTRICT MAGISTRATE SOUTH TWENTY FOUR PARGANAS_IDA,2023-07-15,Action Pending,200000,Unsanctioned
MPLADS-057031,SH Derek o Brien,Rajya Sabha,West Bengal,Sitting Rajya Sabha,,,JAYNAGAR-I,Dhosa,Normal/Others,NA - Installing tube-wells and borewells,DISTRICT MAGISTRATE SOUTH TWENTY FOUR PARGANAS_IDA,2023-07-15,Action Pending,200000,Unsanctioned
MPLADS-057032,SH Derek o Brien,Rajya Sabha,West Bengal,Sitting Rajya Sabha,,,JAYNAGAR-I,Bejra,Normal/Others,NA - Installing tube-wells and borewells,DISTRICT MAGISTRATE SOUTH TWENTY FOUR PARGANAS_IDA,2023-07-15,Action Pending,200000,Unsanctioned
MPLADS-057033,SH Derek o Brien,Rajya Sabha,West Bengal,Sitting Rajya Sabha,,,JAYNAGAR-I,Narayani Tala,Normal/Others,NA - Installing tube-wells and borewells,DISTRICT MAGISTRATE SOUTH TWENTY FOUR PARGANAS_IDA,2023-07-15,Action Pending,200000,Unsanctioned
MPLADS-057034,SH Derek o Brien,Rajya Sabha,West Bengal,Sitting Rajya Sabha,,,JAYNAGAR-I,Khakurdaha,Normal/Others,NA - Installing tube-wells and borewells,DISTRICT MAGISTRATE SOUTH TWENTY FOUR PARGANAS_IDA,2023-07-15,Action Pending,200000,Unsanctioned
MPLADS-057035,SH Derek o Brien,Rajya Sabha,West Bengal,Sitting Rajya Sabha,,,JAYNAGAR-I,Santipur,Normal/Others,NA - Installing tube-wells and borewells,DISTRICT MAGISTRATE SOUTH TWENTY FOUR PARGANAS_IDA,2023-07-15,Action Pending,200000,Unsanctioned
MPLADS-057036,SH Derek o Brien,Rajya Sabha,West Bengal,Sitting Rajya Sabha,,,JAYNAGAR-I,Baharu (CT),Normal/Others,NA - Installing tube-wells and borewells,DISTRICT MAGISTRATE SOUTH TWENTY FOUR PARGANAS_IDA,2023-07-15,Action Pending,200000,Unsanctioned
MPLADS-057037,SH Derek o Brien,Rajya Sabha,West Bengal,Sitting Rajya Sabha,,,JAYNAGAR-I,Nurulpur,Normal/Others,NA - Installing tube-wells and borewells,DISTRICT MAGISTRATE SOUTH TWENTY FOUR PARGANAS_IDA,2023-07-15,Action Pending,200000,Unsanctioned
MPLADS-057038,SH Derek o Brien,Rajya Sabha,West Bengal,Sitting Rajya Sabha,,,JAYNAGAR-I,Uttar Durgapur (CT),Normal/Others,NA - Installing tube-wells and borewells,DISTRICT MAGISTRATE SOUTH TWENTY FOUR PARGANAS_IDA,2023-07-15,Action Pending,200000,Unsanctioned
MPLADS-057040,SH Derek o Brien,Rajya Sabha,West Bengal,Sitting Rajya Sabha,,,SONARPUR,Mathurapur,Normal/Others,NA - Installing tube-wells and borewells,DISTRICT MAGISTRATE SOUTH TWENTY FOUR PARGANAS_IDA,2023-07-15,Action Pending,200000,Unsanctioned
MPLADS-057046,Miss Dola Sen,Rajya Sabha,West Bengal,Sitting Rajya Sabha,Kolkata,071,,,Normal/Others,"WS/MP218/2023-2024/3717 - Construction of rooms and facilities for hospitals, FWC , PHC Centers and ANM centers",COMMISSIONER KOLKATA MUNICIPAL CORPORATION_IDA,2023-07-15,Approved by IDA,49000000,Unsanctioned
MPLADS-057047,SH Derek o Brien,Rajya Sabha,West Bengal,Sitting Rajya Sabha,,,SONARPUR,Kustia,Normal/Others,NA - Installing tube-wells and borewells,DISTRICT MAGISTRATE SOUTH TWENTY FOUR PARGANAS_IDA,2023-07-15,Action Pending,200000,Unsanctioned
MPLADS-057048,SH Derek o Brien,Rajya Sabha,West Bengal,Sitting Rajya Sabha,,,SONARPUR,Metiari,Normal/Others,NA - Installing tube-wells and borewells,DISTRICT MAGISTRATE SOUTH TWENTY FOUR PARGANAS_IDA,2023-07-15,Action Pending,200000,Unsanctioned
MPLADS-057049,SH Derek o Brien,Rajya Sabha,West Bengal,Sitting Rajya Sabha,,,SONARPUR,Nabhasan,Normal/Others,NA - Installing tube-wells and borewells,DISTRICT MAGISTRATE SOUTH TWENTY FOUR PARGANAS_IDA,2023-07-15,Action Pending,200000,Unsanctioned
MPLADS-057050,SH Derek o Brien,Rajya Sabha,West Bengal,Sitting Rajya Sabha,,,SONARPUR,Raypur,Normal/Others,NA - Installing tube-wells and borewells,DISTRICT MAGISTRATE SOUTH TWENTY FOUR PARGANAS_IDA,2023-07-15,Action Pending,200000,Unsanctioned
MPLADS-057051,SH Derek o Brien,Rajya Sabha,West Bengal,Sitting Rajya Sabha,,,SONARPUR,Raypur,Normal/Others,NA - Installing tube-wells and borewells,DISTRICT MAGISTRATE SOUTH TWENTY FOUR PARGANAS_IDA,2023-07-15,Action Pending,200000,Unsanctioned
MPLADS-057052,SH Derek o Brien,Rajya Sabha,West Bengal,Sitting Rajya Sabha,,,SONARPUR,Kalikapur (CT),Normal/Others,NA - Installing tube-wells and borewells,DISTRICT MAGISTRATE SOUTH TWENTY FOUR PARGANAS_IDA,2023-07-15,Action Pending,200000,Unsanctioned
MPLADS-057053,SH Derek o Brien,Rajya Sabha,West Bengal,Sitting Rajya Sabha,,,SONARPUR,Palghat,Normal/Others,NA - Installing tube-wells and borewells,DISTRICT MAGISTRATE SOUTH TWENTY FOUR PARGANAS_IDA,2023-07-15,Action Pending,200000,Unsanctioned
MPLADS-057054,SH Derek o Brien,Rajya Sabha,West Bengal,Sitting Rajya Sabha,,,SONARPUR,Rampur,Normal/Others,NA - Installing tube-wells and borewells,DISTRICT MAGISTRATE SOUTH TWENTY FOUR PARGANAS_IDA,2023-07-15,Action Pending,200000,Unsanctioned
MPLADS-057055,SH Derek o Brien,Rajya Sabha,West Bengal,Sitting Rajya Sabha,,,SONARPUR,Mali Pukuria,Normal/Others,NA - Installing tube-wells and borewells,DISTRICT MAGISTRATE SOUTH TWENTY FOUR PARGANAS_IDA,2023-07-15,Action Pending,200000,Unsanctioned
MPLADS-057056,SH Derek o Brien,Rajya Sabha,West Bengal,Sitting Rajya Sabha,,,JAYNAGAR-I,Tilpi,Normal/Others,NA - Installing tube-wells and borewells,DISTRICT MAGISTRATE SOUTH TWENTY FOUR PARGANAS_IDA,2023-07-15,Action Pending,200000,Unsanctioned
MPLADS-057057,SH Derek o Brien,Rajya Sabha,West Bengal,Sitting Rajya Sabha,,,SONARPUR,Dingelpota,Normal/Others,NA - Installing tube-wells and borewells,DISTRICT MAGISTRATE SOUTH TWENTY FOUR PARGANAS_IDA,2023-07-15,Action Pending,200000,Unsanctioned
MPLADS-057058,SH Derek o Brien,Rajya Sabha,West Bengal,Sitting Rajya Sabha,,,JAYNAGAR-II,Pat Pukur,Normal/Others,NA - Installing tube-wells and borewells,DISTRICT MAGISTRATE SOUTH TWENTY FOUR PARGANAS_IDA,2023-07-15,Action Pending,200000,Unsanctioned
MPLADS-057059,SH Derek o Brien,Rajya Sabha,West Bengal,Sitting Rajya Sabha,,,JAYNAGAR-II,Bijaynagar,Normal/Others,NA - Installing tube-wells and borewells,DISTRICT MAGISTRATE SOUTH TWENTY FOUR PARGANAS_IDA,2023-07-15,Action Pending,200000,Unsanctioned
MPLADS-057060,SH Derek o Brien,Rajya Sabha,West Bengal,Sitting Rajya Sabha,,,JAYNAGAR-II,Gordoani,Normal/Others,NA - Installing tube-wells and borewells,DISTRICT MAGISTRATE SOUTH TWENTY FOUR PARGANAS_IDA,2023-07-15,Action Pending,200000,Unsanctioned
MPLADS-057061,SH Derek o Brien,Rajya Sabha,West Bengal,Sitting Rajya Sabha,,,JAYNAGAR-II,Nalgora,Normal/Others,NA - Installing tube-wells and borewells,DISTRICT MAGISTRATE SOUTH TWENTY FOUR PARGANAS_IDA,2023-07-15,Action Pending,200000,Unsanctioned
MPLADS-057062,SH Derek o Brien,Rajya Sabha,West Bengal,Sitting Rajya Sabha,,,JAYNAGAR-I,Baharu (CT),Normal/Others,NA - Installing tube-wells and borewells,DISTRICT MAGISTRATE SOUTH TWENTY FOUR PARGANAS_IDA,2023-07-15,Action Pending,200000,Unsanctioned
MPLADS-057063,SH Derek o Brien,Rajya Sabha,West Bengal,Sitting Rajya Sabha,,,JAYNAGAR-II,Mayda,Normal/Others,NA - Installing tube-wells and borewells,DISTRICT MAGISTRATE SOUTH TWENTY FOUR PARGANAS_IDA,2023-07-15,Action Pending,200000,Unsanctioned
MPLADS-057064,SH Derek o Brien,Rajya Sabha,West Bengal,Sitting Rajya Sabha,,,JAYNAGAR-II,Karibaria,Normal/Others,NA - Installing tube-wells and borewells,DISTRICT MAGISTRATE SOUTH TWENTY FOUR PARGANAS_IDA,2023-07-15,Action Pending,200000,Unsanctioned
MPLADS-057065,SH Derek o Brien,Rajya Sabha,West Bengal,Sitting Rajya Sabha,,,JAYNAGAR-II,Radhaballabhpur,Normal/Others,NA - Installing tube-wells and borewells,DISTRICT MAGISTRATE SOUTH TWENTY FOUR PARGANAS_IDA,2023-07-15,Action Pending,200000,Unsanctioned
MPLADS-057066,SH Derek o Brien,Rajya Sabha,West Bengal,Sitting Rajya Sabha,,,JAYNAGAR-II,Nimpith (CT),Normal/Others,NA - Installing tube-wells and borewells,DISTRICT MAGISTRATE SOUTH TWENTY FOUR PARGANAS_IDA,2023-07-15,Action Pending,200000,Unsanctioned
MPLADS-057067,SH Derek o Brien,Rajya Sabha,West Bengal,Sitting Rajya Sabha,,,JAYNAGAR-II,Mayahauri,Normal/Others,NA - Installing tube-wells and borewells,DISTRICT MAGISTRATE SOUTH TWENTY FOUR PARGANAS_IDA,2023-07-15,Action Pending,200000,Unsanctioned
MPLADS-057068,SH Derek o Brien,Rajya Sabha,West Bengal,Sitting Rajya Sabha,,,JAYNAGAR-I,Rajapur,Normal/Others,NA - Installing tube-wells and borewells,DISTRICT MAGISTRATE SOUTH TWENTY FOUR PARGANAS_IDA,2023-07-15,Action Pending,200000,Unsanctioned
MPLADS-057069,SH Derek o Brien,Rajya Sabha,West Bengal,Sitting Rajya Sabha,,,JAYNAGAR-I,Maldari,Normal/Others,NA - Installing tube-wells and borewells,DISTRICT MAGISTRATE SOUTH TWENTY FOUR PARGANAS_IDA,2023-07-15,Action Pending,200000,Unsanctioned
MPLADS-057070,SH Derek o Brien,Rajya Sabha,West Bengal,Sitting Rajya Sabha,,,JAYNAGAR-I,Narayani Tala,Normal/Others,NA - Installing tube-wells and borewells,DISTRICT MAGISTRATE SOUTH TWENTY FOUR PARGANAS_IDA,2023-07-15,Action Pending,200000,Unsanctioned
MPLADS-057071,SH Derek o Brien,Rajya Sabha,West Bengal,Sitting Rajya Sabha,,,JAYNAGAR-II,Rupnagar,Normal/Others,NA - Installing tube-wells and borewells,DISTRICT MAGISTRATE SOUTH TWENTY FOUR PARGANAS_IDA,2023-07-15,Action Pending,200000,Unsanctioned
MPLADS-057390,SH Derek o Brien,Rajya Sabha,West Bengal,Sitting Rajya Sabha,,,GOPIBALLAVPUR-I,Dumuria,Normal/Others,NA - Installing tube-wells and borewells,DISTRICT MAGISTRATE JHARGRAM_IDA,2023-07-13,Action Pending,200000,Unsanctioned
MPLADS-057391,SH Derek o Brien,Rajya Sabha,West Bengal,Sitting Rajya Sabha,,,BINPUR-II,Jarda,Normal/Others,NA - Installing tube-wells and borewells,DISTRICT MAGISTRATE JHARGRAM_IDA,2023-07-13,Action Pending,200000,Unsanctioned
MPLADS-057392,SH Derek o Brien,Rajya Sabha,West Bengal,Sitting Rajya Sabha,,,BINPUR-II,Jhatiara,Normal/Others,NA - Installing tube-wells and borewells,DISTRICT MAGISTRATE JHARGRAM_IDA,2023-07-13,Action Pending,200000,Unsanctioned
MPLADS-057393,SH Derek o Brien,Rajya Sabha,West Bengal,Sitting Rajya Sabha,,,BINPUR-II,Astajuri,Normal/Others,NA - Installing tube-wells and borewells,DISTRICT MAGISTRATE JHARGRAM_IDA,2023-07-13,Action Pending,200000,Unsanctioned
MPLADS-057394,SH Derek o Brien,Rajya Sabha,West Bengal,Sitting Rajya Sabha,,,BINPUR-II,Gohalberya,Normal/Others,NA - Installing tube-wells and borewells,DISTRICT MAGISTRATE JHARGRAM_IDA,2023-07-13,Action Pending,200000,Unsanctioned
MPLADS-057395,SH Derek o Brien,Rajya Sabha,West Bengal,Sitting Rajya Sabha,,,BINPUR-II,Aguibil,Normal/Others,NA - Installing tube-wells and borewells,DISTRICT MAGISTRATE JHARGRAM_IDA,2023-07-13,Action Pending,200000,Unsanctioned
MPLADS-057396,SH Derek o Brien,Rajya Sabha,West Bengal,Sitting Rajya Sabha,,,BINPUR-I,Lalgarh,Normal/Others,NA - Installing tube-wells and borewells,DISTRICT MAGISTRATE JHARGRAM_IDA,2023-07-13,Action Pending,200000,Unsanctioned
MPLADS-057397,SH Derek o Brien,Rajya Sabha,West Bengal,Sitting Rajya Sabha,,,BINPUR-I,Dumurkata,Normal/Others,NA - Installing tube-wells and borewells,DISTRICT MAGISTRATE JHARGRAM_IDA,2023-07-13,Action Pending,200000,Unsanctioned
MPLADS-057398,SH Derek o Brien,Rajya Sabha,West Bengal,Sitting Rajya Sabha,,,BINPUR-I,Baita,Normal/Others,NA - Installing tube-wells and borewells,DISTRICT MAGISTRATE JHARGRAM_IDA,2023-07-13,Action Pending,200000,Unsanctioned
MPLADS-057399,SH Derek o Brien,Rajya Sabha,West Bengal,Sitting Rajya Sabha,,,BINPUR-I,Salbani,Normal/Others,NA - Installing tube-wells and borewells,DISTRICT MAGISTRATE JHARGRAM_IDA,2023-07-13,Action Pending,200000,Unsanctioned
MPLADS-057400,SH Derek o Brien,Rajya Sabha,West Bengal,Sitting Rajya Sabha,,,JAMBANI,Mamurda,Normal/Others,NA - Installing tube-wells and borewells,DISTRICT MAGISTRATE JHARGRAM_IDA,2023-07-13,Action Pending,200000,Unsanctioned
MPLADS-057401,SH Derek o Brien,Rajya Sabha,West Bengal,Sitting Rajya Sabha,,,JAMBANI,Parihati,Normal/Others,NA - Installing tube-wells and borewells,DISTRICT MAGISTRATE JHARGRAM_IDA,2023-07-13,Action Pending,200000,Unsanctioned
MPLADS-057402,SH Derek o Brien,Rajya Sabha,West Bengal,Sitting Rajya Sabha,,,JAMBANI,Dharsa,Normal/Others,NA - Installing tube-wells and borewells,DISTRICT MAGISTRATE JHARGRAM_IDA,2023-07-13,Action Pending,200000,Unsanctioned
MPLADS-057403,SH Derek o Brien,Rajya Sabha,West Bengal,Sitting Rajya Sabha,,,JAMBANI,Domahani,Normal/Others,NA - Installing tube-wells and borewells,DISTRICT MAGISTRATE JHARGRAM_IDA,2023-07-13,Action Pending,200000,Unsanctioned
MPLADS-057404,SH Derek o Brien,Rajya Sabha,West Bengal,Sitting Rajya Sabha,,,JAMBANI,Lakhia Pal,Normal/Others,NA - Installing tube-wells and borewells,DISTRICT MAGISTRATE JHARGRAM_IDA,2023-07-13,Action Pending,200000,Unsanctioned
MPLADS-057405,SH Derek o Brien,Rajya Sabha,West Bengal,Sitting Rajya Sabha,,,JAMBANI,Ladhanbani,Normal/Others,NA - Installing tube-wells and borewells,DISTRICT MAGISTRATE JHARGRAM_IDA,2023-07-13,Action Pending,200000,Unsanctioned
MPLADS-057406,SH Derek o Brien,Rajya Sabha,West Bengal,Sitting Rajya Sabha,,,JHARGRAM,Manikpara,Normal/Others,NA - Installing tube-wells and borewells,DISTRICT MAGISTRATE JHARGRAM_IDA,2023-07-13,Action Pending,200000,Unsanctioned
MPLADS-057407,SH Derek o Brien,Rajya Sabha,West Bengal,Sitting Rajya Sabha,,,JHARGRAM,Matihana,Normal/Others,NA - Installing tube-wells and borewells,DISTRICT MAGISTRATE JHARGRAM_IDA,2023-07-13,Action Pending,200000,Unsanctioned
MPLADS-057408,SH Derek o Brien,Rajya Sabha,West Bengal,Sitting Rajya Sabha,,,JHARGRAM,Chubka,Normal/Others,NA - Installing tube-wells and borewells,DISTRICT MAGISTRATE JHARGRAM_IDA,2023-07-13,Action Pending,200000,Unsanctioned
MPLADS-057409,SH Derek o Brien,Rajya Sabha,West Bengal,Sitting Rajya Sabha,,,JHARGRAM,Dhera Gerya,Normal/Others,NA - Installing tube-wells and borewells,DISTRICT MAGISTRATE JHARGRAM_IDA,2023-07-13,Action Pending,200000,Unsanctioned
MPLADS-057410,SH Derek o Brien,Rajya Sabha,West Bengal,Sitting Rajya Sabha,,,GOPIBALLAVPUR-I,Kapasia Mahanala,Normal/Others,NA - Installing tube-wells and borewells,DISTRICT MAGISTRATE JHARGRAM_IDA,2023-07-13,Action Pending,200000,Unsanctioned
MPLADS-057411,SH Derek o Brien,Rajya Sabha,West Bengal,Sitting Rajya Sabha,,,BINPUR-I,Baliguma,Normal/Others,NA - Installing tube-wells and borewells,DISTRICT MAGISTRATE JHARGRAM_IDA,2023-07-13,Action Pending,200000,Unsanctioned
MPLADS-057412,SH Derek o Brien,Rajya Sabha,West Bengal,Sitting Rajya Sabha,,,GOPIBALLAVPUR-I,Bakra Chitta Matia,Normal/Others,NA - Installing tube-wells and borewells,DISTRICT MAGISTRATE JHARGRAM_IDA,2023-07-13,Action Pending,200000,Unsanctioned
MPLADS-057414,SH Derek o Brien,Rajya Sabha,West Bengal,Sitting Rajya Sabha,,,GOPIBALLAVPUR-I,Nimdiha Kaptisol,Normal/Others,NA - Installing tube-wells and borewells,DISTRICT MAGISTRATE JHARGRAM_IDA,2023-07-13,Action Pending,200000,Unsanctioned
MPLADS-057429,SH Derek o Brien,Rajya Sabha,West Bengal,Sitting Rajya Sabha,,,GOPIBALLAVPUR-I,Dharam Pur,Normal/Others,NA - Installing tube-wells and borewells,DISTRICT MAGISTRATE JHARGRAM_IDA,2023-07-13,Action Pending,200000,Unsanctioned
MPLADS-057441,Smt Sajda Ahmed,Lok Sabha,West Bengal,ULUBERIA,,,AMTA-I,Chandrapur (CT),Normal/Others,WS/MP829/2023-2024/3232 - Street lights,DISTRICT MAGISTRATE HOWRAH_IDA,2023-07-12,Approved by IDA,630000,Sanctioned
MPLADS-057450,Smt Sajda Ahmed,Lok Sabha,West Bengal,ULUBERIA,,,SHYAMPUR-I,Radhapur (CT),Normal/Others,WS/MP829/2023-2024/3231 - Lighting of public spaces,DISTRICT MAGISTRATE HOWRAH_IDA,2023-07-12,Approved by IDA,150000,Sanctioned
MPLADS-057452,Smt Sajda Ahmed,Lok Sabha,West Bengal,ULUBERIA,,,AMTA-I,Chandrapur (CT),Normal/Others,WS/MP829/2023-2024/3234 - Street lights,DISTRICT MAGISTRATE HOWRAH_IDA,2023-07-12,Approved by IDA,150000,Sanctioned
MPLADS-057518,Smt Sajda Ahmed,Lok Sabha,West Bengal,ULUBERIA,,,AMTA-I,Chandrapur (CT),Normal/Others,WS/MP829/2023-2024/3233 - Lighting of public spaces,DISTRICT MAGISTRATE HOWRAH_IDA,2023-07-12,Approved by IDA,150000,Sanctioned
MPLADS-057536,Smt Sajda Ahmed,Lok Sabha,West Bengal,ULUBERIA,,,ULUBERIA-I,Dhulasimla (CT),Normal/Others,WS/MP829/2023-2024/3235 - Construction of culverts and bridges,DISTRICT MAGISTRATE HOWRAH_IDA,2023-07-12,Approved by IDA,150000,Completed
MPLADS-057566,Smt Sajda Ahmed,Lok Sabha,West Bengal,ULUBERIA,,,ULUBERIA-II,Tehatta (CT),Normal/Others,WS/MP829/2023-2024/3230 - Crematoriums or structures on burial/ cremation ground for public convenience,DISTRICT MAGISTRATE HOWRAH_IDA,2023-07-12,Approved by IDA,300000,Sanctioned
MPLADS-057578,Smt Sajda Ahmed,Lok Sabha,West Bengal,ULUBERIA,,,ULUBERIA-II,Tehatta (CT),Normal/Others,WS/MP829/2023-2024/3229 - Crematoriums or structures on burial/ cremation ground for public convenience,DISTRICT MAGISTRATE HOWRAH_IDA,2023-07-12,Approved by IDA,300000,Sanctioned
MPLADS-057606,Smt Sajda Ahmed,Lok Sabha,West Bengal,ULUBERIA,,,ULUBERIA-I,Kalinagar,Normal/Others,WS/MP829/2023-2024/3179 - Construction of culverts and bridges,DISTRICT MAGISTRATE HOWRAH_IDA,2023-07-11,Approved by IDA,360000,Sanctioned
MPLADS-057635,SHRI Sukhendu Sekhar Ray,Rajya Sabha,West Bengal,Sitting Rajya Sabha,,,HABRA-II,Bhurkunda,Normal/Others,NA - Installing tube-wells and borewells,DISTRICT MAGISTRATE NORTH TWENTY FOUR PARGANAS_IDA,2023-07-11,Action Pending,200000,Unsanctioned
MPLADS-057646,SH Derek o Brien,Rajya Sabha,West Bengal,Sitting Rajya Sabha,,,NAXAL BARI,Uttar Bagdogra (CT),Normal/Others,NA - Installing tube-wells and borewells,DISTRICT MAGISTRATE DARJEELING_IDA,2023-07-11,Action Pending,200000,Unsanctioned
MPLADS-057647,SH Derek o Brien,Rajya Sabha,West Bengal,Sitting Rajya Sabha,,,MATIGARA,Matigarahat,Normal/Others,NA - Installing tube-wells and borewells,DISTRICT MAGISTRATE DARJEELING_IDA,2023-07-11,Action Pending,200000,Unsanctioned
MPLADS-057648,SH Derek o Brien,Rajya Sabha,West Bengal,Sitting Rajya Sabha,,,MATIGARA,Matigarahat,Normal/Others,NA - Installing tube-wells and borewells,DISTRICT MAGISTRATE DARJEELING_IDA,2023-07-11,Action Pending,200000,Unsanctioned
MPLADS-057649,SHRI Sukhendu Sekhar Ray,Rajya Sabha,West Bengal,Sitting Rajya Sabha,,,BARASAT-I,Gangapur (CT),Normal/Others,NA - Installing tube-wells and borewells,DISTRICT MAGISTRATE NORTH TWENTY FOUR PARGANAS_IDA,2023-07-11,Action Pending,200000,Unsanctioned
MPLADS-057650,SHRI Sukhendu Sekhar Ray,Rajya Sabha,West Bengal,Sitting Rajya Sabha,,,BARRACKPUR-II,Jafarpur (CT),Normal/Others,NA - Installing tube-wells and borewells,DISTRICT MAGISTRATE NORTH TWENTY FOUR PARGANAS_IDA,2023-07-11,Action Pending,200000,Unsanctioned
MPLADS-057651,SHRI Sukhendu Sekhar Ray,Rajya Sabha,West Bengal,Sitting Rajya Sabha,,,BARRACKPUR-I,Ramchandrapur,Normal/Others,NA - Installing tube-wells and borewells,DISTRICT MAGISTRATE NORTH TWENTY FOUR PARGANAS_IDA,2023-07-11,Action Pending,200000,Unsanctioned
MPLADS-057652,SHRI Sukhendu Sekhar Ray,Rajya Sabha,West Bengal,Sitting Rajya Sabha,,,BONGAON,Mollahati,Normal/Others,NA - Installing tube-wells and borewells,DISTRICT MAGISTRATE NORTH TWENTY FOUR PARGANAS_IDA,2023-07-11,Action Pending,200000,Unsanctioned
MPLADS-057737,SH Derek o Brien,Rajya Sabha,West Bengal,Sitting Rajya Sabha,,,TAPAN,Kasibati,Normal/Others,NA - Installing tube-wells and borewells,DISTRICT MAGISTRATE DINAJPUR DAKSHIN_IDA,2023-07-08,Action Pending,200000,Unsanctioned
MPLADS-057738,SHRI Subrata Bakshi,Rajya Sabha,West Bengal,Sitting Rajya Sabha,Kolkata,071,,,Normal/Others,WS/MP213/2023-2024/3013 - Purchase of hospital equipment,COMMISSIONER KOLKATA MUNICIPAL CORPORATION_IDA,2023-07-08,Approved by IDA,2662500,Unsanctioned
MPLADS-057740,SHRI Sukhendu Sekhar Ray,Rajya Sabha,West Bengal,Sitting Rajya Sabha,,,GAIGHATA,Rampur,Normal/Others,NA - Installing tube-wells and borewells,DISTRICT MAGISTRATE NORTH TWENTY FOUR PARGANAS_IDA,2023-07-08,Action Pending,200000,Unsanctioned
MPLADS-057741,SHRI Sukhendu Sekhar Ray,Rajya Sabha,West Bengal,Sitting Rajya Sabha,,,BAGDA,Madhupur,Normal/Others,NA - Installing tube-wells and borewells,DISTRICT MAGISTRATE NORTH TWENTY FOUR PARGANAS_IDA,2023-07-08,Action Pending,200000,Unsanctioned
MPLADS-057742,SH Derek o Brien,Rajya Sabha,West Bengal,Sitting Rajya Sabha,,,TAPAN,Chenchoir,Normal/Others,NA - Installing tube-wells and borewells,DISTRICT MAGISTRATE DINAJPUR DAKSHIN_IDA,2023-07-08,Action Pending,200000,Unsanctioned
MPLADS-057749,SHRI Sukhendu Sekhar Ray,Rajya Sabha,West Bengal,Sitting Rajya Sabha,,,RAJARHAT,Raigachhi (CT),Normal/Others,NA - Installing tube-wells and borewells,DISTRICT MAGISTRATE NORTH TWENTY FOUR PARGANAS_IDA,2023-07-08,Action Pending,200000,Unsanctioned
MPLADS-057755,SH Derek o Brien,Rajya Sabha,West Bengal,Sitting Rajya Sabha,,,TAPAN,Dhundipara,Normal/Others,NA - Installing tube-wells and borewells,DISTRICT MAGISTRATE DINAJPUR DAKSHIN_IDA,2023-07-08,Action Pending,200000,Unsanctioned
MPLADS-057756,SH Derek o Brien,Rajya Sabha,West Bengal,Sitting Rajya Sabha,,,TAPAN,Dilalpur,Normal/Others,NA - Installing tube-wells and borewells,DISTRICT MAGISTRATE DINAJPUR DAKSHIN_IDA,2023-07-08,Action Pending,200000,Unsanctioned
MPLADS-057757,SH Derek o Brien,Rajya Sabha,West Bengal,Sitting Rajya Sabha,,,TAPAN,Dakshin Harsura,Normal/Others,NA - Installing tube-wells and borewells,DISTRICT MAGISTRATE DINAJPUR DAKSHIN_IDA,2023-07-08,Action Pending,200000,Unsanctioned
MPLADS-057758,SHRI Sukhendu Sekhar Ray,Rajya Sabha,West Bengal,Sitting Rajya Sabha,,,DEGANGA,Kamdebkati,Normal/Others,NA - Installing tube-wells and borewells,DISTRICT MAGISTRATE NORTH TWENTY FOUR PARGANAS_IDA,2023-07-08,Action Pending,200000,Unsanctioned
MPLADS-057759,SHRI Sukhendu Sekhar Ray,Rajya Sabha,West Bengal,Sitting Rajya Sabha,,,AMDANGA,Kushdanga,Normal/Others,NA - Installing tube-wells and borewells,DISTRICT MAGISTRATE NORTH TWENTY FOUR PARGANAS_IDA,2023-07-08,Action Pending,200000,Unsanctioned
MPLADS-057760,SHRI Sukhendu Sekhar Ray,Rajya Sabha,West Bengal,Sitting Rajya Sabha,,,HAROA,Mazampur,Normal/Others,NA - Installing tube-wells and borewells,DISTRICT MAGISTRATE NORTH TWENTY FOUR PARGANAS_IDA,2023-07-08,Action Pending,200000,Unsanctioned
MPLADS-057761,SHRI Sukhendu Sekhar Ray,Rajya Sabha,West Bengal,Sitting Rajya Sabha,,,SANDESHKHALI-I,Nityabaria,Normal/Others,NA - Installing tube-wells and borewells,DISTRICT MAGISTRATE NORTH TWENTY FOUR PARGANAS_IDA,2023-07-08,Action Pending,200000,Unsanctioned
MPLADS-057762,SHRI Sukhendu Sekhar Ray,Rajya Sabha,West Bengal,Sitting Rajya Sabha,,,SANDESHKHALI-II,Joygopalpur,Normal/Others,NA - Installing tube-wells and borewells,DISTRICT MAGISTRATE NORTH TWENTY FOUR PARGANAS_IDA,2023-07-08,Action Pending,200000,Unsanctioned
MPLADS-057763,SHRI Sukhendu Sekhar Ray,Rajya Sabha,West Bengal,Sitting Rajya Sabha,,,SANDESHKHALI-II,Bouthakurani,Normal/Others,NA - Installing tube-wells and borewells,DISTRICT MAGISTRATE NORTH TWENTY FOUR PARGANAS_IDA,2023-07-08,Action Pending,200000,Unsanctioned
MPLADS-057764,SHRI Sukhendu Sekhar Ray,Rajya Sabha,West Bengal,Sitting Rajya Sabha,,,SWARUPNAGAR,Purba Polta,Normal/Others,NA - Installing tube-wells and borewells,DISTRICT MAGISTRATE NORTH TWENTY FOUR PARGANAS_IDA,2023-07-08,Action Pending,200000,Unsanctioned
MPLADS-057765,SHRI Sukhendu Sekhar Ray,Rajya Sabha,West Bengal,Sitting Rajya Sabha,,,HASNABAD,Amlani,Normal/Others,NA - Installing tube-wells and borewells,DISTRICT MAGISTRATE NORTH TWENTY FOUR PARGANAS_IDA,2023-07-08,Action Pending,200000,Unsanctioned
MPLADS-057766,SHRI Sukhendu Sekhar Ray,Rajya Sabha,West Bengal,Sitting Rajya Sabha,,,MINAKHAN,Chanpali Abad,Normal/Others,NA - Installing tube-wells and borewells,DISTRICT MAGISTRATE NORTH TWENTY FOUR PARGANAS_IDA,2023-07-08,Action Pending,200000,Unsanctioned
MPLADS-057767,SH Derek o Brien,Rajya Sabha,West Bengal,Sitting Rajya Sabha,,,SANKRAIL,Nalpur (CT),Normal/Others,NA - Installing tube-wells and borewells,DISTRICT MAGISTRATE HOWRAH_IDA,2023-07-07,Action Pending,200000,Unsanctioned
MPLADS-057768,SH Derek o Brien,Rajya Sabha,West Bengal,Sitting Rajya Sabha,,,UDAYNARAYANPUR,Gar Bhabanipur,Normal/Others,WS/MP220/2023-2024/2898 - Installing tube-wells and borewells,DISTRICT MAGISTRATE HOWRAH_IDA,2023-07-07,Approved by IDA,200000,Unsanctioned
MPLADS-057769,SH Derek o Brien,Rajya Sabha,West Bengal,Sitting Rajya Sabha,,,UDAYNARAYANPUR,Sinti,Normal/Others,WS/MP220/2023-2024/2897 - Installing tube-wells and borewells,DISTRICT MAGISTRATE HOWRAH_IDA,2023-07-07,Approved by IDA,200000,Sanctioned
MPLADS-057776,SH Derek o Brien,Rajya Sabha,West Bengal,Sitting Rajya Sabha,,,SHYAMPUR-II,Bargram,Normal/Others,WS/MP220/2023-2024/2896 - Installing tube-wells and borewells,DISTRICT MAGISTRATE HOWRAH_IDA,2023-07-07,Approved by IDA,200000,Sanctioned
MPLADS-057777,SH Derek o Brien,Rajya Sabha,West Bengal,Sitting Rajya Sabha,,,SANKRAIL,Panchpara (CT),Normal/Others,NA - Installing tube-wells and borewells,DISTRICT MAGISTRATE HOWRAH_IDA,2023-07-07,Action Pending,200000,Unsanctioned
MPLADS-057778,SH Derek o Brien,Rajya Sabha,West Bengal,Sitting Rajya Sabha,,,SHYAMPUR-I,Dhandali,Normal/Others,WS/MP220/2023-2024/2894 - Installing tube-wells and borewells,DISTRICT MAGISTRATE HOWRAH_IDA,2023-07-07,Approved by IDA,200000,Sanctioned
MPLADS-057779,SH Derek o Brien,Rajya Sabha,West Bengal,Sitting Rajya Sabha,,,SHYAMPUR-I,Baneshwarpur,Normal/Others,WS/MP220/2023-2024/2895 - Installing tube-wells and borewells,DISTRICT MAGISTRATE HOWRAH_IDA,2023-07-07,Approved by IDA,200000,Sanctioned
MPLADS-057785,SH Derek o Brien,Rajya Sabha,West Bengal,Sitting Rajya Sabha,,,ULUBERIA-II,Tulsiberia,Normal/Others,WS/MP220/2023-2024/2900 - Installing tube-wells and borewells,DISTRICT MAGISTRATE HOWRAH_IDA,2023-07-07,Approved by IDA,200000,Unsanctioned
MPLADS-057786,SH Derek o Brien,Rajya Sabha,West Bengal,Sitting Rajya Sabha,,,ULUBERIA-I,Bahira,Normal/Others,WS/MP220/2023-2024/2899 - Installing tube-wells and borewells,DISTRICT MAGISTRATE HOWRAH_IDA,2023-07-07,Approved by IDA,200000,Unsanctioned
MPLADS-057790,SH Derek o Brien,Rajya Sabha,West Bengal,Sitting Rajya Sabha,,,ARSHA,Puara,Normal/Others,NA - Installing tube-wells and borewells,DISTRICT MAGISTRATE PURULIA_IDA,2023-07-07,Action Pending,200000,Unsanctioned
MPLADS-057791,SH Derek o Brien,Rajya Sabha,West Bengal,Sitting Rajya Sabha,,,ARSHA,Mankiari,Normal/Others,NA - Installing tube-wells and borewells,DISTRICT MAGISTRATE PURULIA_IDA,2023-07-07,Action Pending,200000,Unsanctioned
MPLADS-057792,SH Derek o Brien,Rajya Sabha,West Bengal,Sitting Rajya Sabha,,,BAGNAN-I,Bangalpur (CT),Normal/Others,WS/MP220/2023-2024/2889 - Installing tube-wells and borewells,DISTRICT MAGISTRATE HOWRAH_IDA,2023-07-07,Approved by IDA,200000,Unsanctioned
MPLADS-057793,SH Derek o Brien,Rajya Sabha,West Bengal,Sitting Rajya Sabha,,,AMTA-I,Khosalpur,Normal/Others,NA - Installing tube-wells and borewells,DISTRICT MAGISTRATE HOWRAH_IDA,2023-07-07,Action Pending,200000,Unsanctioned
MPLADS-057794,SH Derek o Brien,Rajya Sabha,West Bengal,Sitting Rajya Sabha,,,AMTA-I,Amta (CT),Normal/Others,WS/MP220/2023-2024/2887 - Installing tube-wells and borewells,DISTRICT MAGISTRATE HOWRAH_IDA,2023-07-07,Approved by IDA,200000,Sanctioned
MPLADS-057795,SH Derek o Brien,Rajya Sabha,West Bengal,Sitting Rajya Sabha,,,MADARIHAT,Bandapani Tea Garden,Normal/Others,NA - Installing tube-wells and borewells,DISTRICT MAGISTRATE ALIPURDUARS_IDA,2023-07-07,Action Pending,200000,Unsanctioned
MPLADS-057796,SH Derek o Brien,Rajya Sabha,West Bengal,Sitting Rajya Sabha,,,MADARIHAT,Birpara Tea Garden,Normal/Others,NA - Installing tube-wells and borewells,DISTRICT MAGISTRATE ALIPURDUARS_IDA,2023-07-07,Action Pending,200000,Unsanctioned
MPLADS-057797,SH Derek o Brien,Rajya Sabha,West Bengal,Sitting Rajya Sabha,,,MADARIHAT,Hantupara Tea Garden,Normal/Others,NA - Installing tube-wells and borewells,DISTRICT MAGISTRATE ALIPURDUARS_IDA,2023-07-07,Action Pending,200000,Unsanctioned
MPLADS-057798,SH Derek o Brien,Rajya Sabha,West Bengal,Sitting Rajya Sabha,,,MADARIHAT,Dumchipara Tea Garden,Normal/Others,NA - Installing tube-wells and borewells,DISTRICT MAGISTRATE ALIPURDUARS_IDA,2023-07-07,Action Pending,200000,Unsanctioned
MPLADS-057799,SH Derek o Brien,Rajya Sabha,West Bengal,Sitting Rajya Sabha,,,MADARIHAT,Garganda Tea Garden,Normal/Others,NA - Installing tube-wells and borewells,DISTRICT MAGISTRATE ALIPURDUARS_IDA,2023-07-07,Action Pending,200000,Unsanctioned
MPLADS-057800,SH Derek o Brien,Rajya Sabha,West Bengal,Sitting Rajya Sabha,,,BUNDWAN,Chirudi,Normal/Others,NA - Installing tube-wells and borewells,DISTRICT MAGISTRATE PURULIA_IDA,2023-07-07,Action Pending,200000,Unsanctioned
MPLADS-057801,SH Derek o Brien,Rajya Sabha,West Bengal,Sitting Rajya Sabha,,,SANTURI,Santuri,Normal/Others,NA - Installing tube-wells and borewells,DISTRICT MAGISTRATE PURULIA_IDA,2023-07-07,Action Pending,200000,Unsanctioned
MPLADS-057802,SH Derek o Brien,Rajya Sabha,West Bengal,Sitting Rajya Sabha,,,SANTURI,Baltora,Normal/Others,NA - Installing tube-wells and borewells,DISTRICT MAGISTRATE PURULIA_IDA,2023-07-07,Action Pending,200000,Unsanctioned
MPLADS-057803,SH Derek o Brien,Rajya Sabha,West Bengal,Sitting Rajya Sabha,,,MATIGARA,Matigarahat,Normal/Others,NA - Installing tube-wells and borewells,DISTRICT MAGISTRATE DARJEELING_IDA,2023-07-07,Action Pending,200000,Unsanctioned
MPLADS-057804,SH Derek o Brien,Rajya Sabha,West Bengal,Sitting Rajya Sabha,,,MATIGARA,Champasari,Normal/Others,NA - Installing tube-wells and borewells,DISTRICT MAGISTRATE DARJEELING_IDA,2023-07-07,Action Pending,200000,Unsanctioned
MPLADS-057805,SH Derek o Brien,Rajya Sabha,West Bengal,Sitting Rajya Sabha,,,MATIGARA,Matigarahat,Normal/Others,NA - Installing tube-wells and borewells,DISTRICT MAGISTRATE DARJEELING_IDA,2023-07-07,Action Pending,200000,Unsanctioned
MPLADS-057806,SH Derek o Brien,Rajya Sabha,West Bengal,Sitting Rajya Sabha,,,NAXAL BARI,Ranidanga,Normal/Others,NA - Installing tube-wells and borewells,DISTRICT MAGISTRATE DARJEELING_IDA,2023-07-07,Action Pending,200000,Unsanctioned
MPLADS-057807,SH Derek o Brien,Rajya Sabha,West Bengal,Sitting Rajya Sabha,,,NAXAL BARI,Rangapani,Normal/Others,NA - Installing tube-wells and borewells,DISTRICT MAGISTRATE DARJEELING_IDA,2023-07-07,Action Pending,200000,Unsanctioned
MPLADS-057811,SH Derek o Brien,Rajya Sabha,West Bengal,Sitting Rajya Sabha,,,MANBAZAR-II,Tamakhun,Normal/Others,NA - Installing tube-wells and borewells,DISTRICT MAGISTRATE PURULIA_IDA,2023-07-07,Action Pending,200000,Unsanctioned
MPLADS-057812,SH Derek o Brien,Rajya Sabha,West Bengal,Sitting Rajya Sabha,,,MANBAZAR-II,Poradi,Normal/Others,NA - Installing tube-wells and borewells,DISTRICT MAGISTRATE PURULIA_IDA,2023-07-07,Action Pending,200000,Unsanctioned
MPLADS-057813,SH Derek o Brien,Rajya Sabha,West Bengal,Sitting Rajya Sabha,,,MANBAZAR-II,Tamakhun,Normal/Others,NA - Installing tube-wells and borewells,DISTRICT MAGISTRATE PURULIA_IDA,2023-07-07,Action Pending,200000,Unsanctioned
MPLADS-057825,SH Derek o Brien,Rajya Sabha,West Bengal,Sitting Rajya Sabha,,,MANBAZAR-II,Kalapati,Normal/Others,NA - Installing tube-wells and borewells,DISTRICT MAGISTRATE PURULIA_IDA,2023-07-07,Action Pending,200000,Unsanctioned
MPLADS-057830,SH Derek o Brien,Rajya Sabha,West Bengal,Sitting Rajya Sabha,,,MATIGARA,Champasari,Normal/Others,NA - Installing tube-wells and borewells,DISTRICT MAGISTRATE DARJEELING_IDA,2023-07-07,Action Pending,200000,Unsanctioned
MPLADS-057831,SH Derek o Brien,Rajya Sabha,West Bengal,Sitting Rajya Sabha,,,MATIGARA,Champasari,Normal/Others,NA - Installing tube-wells and borewells,DISTRICT MAGISTRATE DARJEELING_IDA,2023-07-07,Action Pending,200000,Unsanctioned
MPLADS-057833,SH Derek o Brien,Rajya Sabha,West Bengal,Sitting Rajya Sabha,,,MANBAZAR-I,Patharmohra,Normal/Others,NA - Installing tube-wells and borewells,DISTRICT MAGISTRATE PURULIA_IDA,2023-07-07,Action Pending,200000,Unsanctioned
MPLADS-057834,SH Derek o Brien,Rajya Sabha,West Bengal,Sitting Rajya Sabha,,,MANBAZAR-I,Barmesya,Normal/Others,NA - Installing tube-wells and borewells,DISTRICT MAGISTRATE PURULIA_IDA,2023-07-07,Action Pending,200000,Unsanctioned
MPLADS-057836,SH Derek o Brien,Rajya Sabha,West Bengal,Sitting Rajya Sabha,,,PHANSIDEWA,Radha,Normal/Others,NA - Installing tube-wells and borewells,DISTRICT MAGISTRATE DARJEELING_IDA,2023-07-07,Action Pending,200000,Unsanctioned
MPLADS-057909,SHRI Sukhendu Sekhar Ray,Rajya Sabha,West Bengal,Sitting Rajya Sabha,,,HARISHCHANDRAPUR-II,Khopakati,Normal/Others,NA - Installing tube-wells and borewells,DISTRICT MAGISTRATE MALDA_IDA,2023-07-07,Action Pending,200000,Unsanctioned
MPLADS-057910,SHRI Sukhendu Sekhar Ray,Rajya Sabha,West Bengal,Sitting Rajya Sabha,,,KALIACHAK-I,Alipur (CT),Normal/Others,NA - Installing tube-wells and borewells,DISTRICT MAGISTRATE MALDA_IDA,2023-07-07,Action Pending,200000,Unsanctioned
MPLADS-057911,SHRI Sukhendu Sekhar Ray,Rajya Sabha,West Bengal,Sitting Rajya Sabha,,,CHANCHAL-II,Damaipur,Normal/Others,NA - Installing tube-wells and borewells,DISTRICT MAGISTRATE MALDA_IDA,2023-07-07,Action Pending,200000,Unsanctioned
MPLADS-057912,SHRI Sukhendu Sekhar Ray,Rajya Sabha,West Bengal,Sitting Rajya Sabha,,,HARISHCHANDRAPUR-I,Bairat,Normal/Others,NA - Installing tube-wells and borewells,DISTRICT MAGISTRATE MALDA_IDA,2023-07-07,Action Pending,200000,Unsanctioned
MPLADS-057913,SHRI Sukhendu Sekhar Ray,Rajya Sabha,West Bengal,Sitting Rajya Sabha,,,KALIACHAK-I,Jalalpur (CT),Normal/Others,NA - Installing tube-wells and borewells,DISTRICT MAGISTRATE MALDA_IDA,2023-07-07,Action Pending,200000,Unsanctioned
MPLADS-057914,SHRI Sukhendu Sekhar Ray,Rajya Sabha,West Bengal,Sitting Rajya Sabha,,,CHANCHAL-I,Kaligram,Normal/Others,NA - Installing tube-wells and borewells,DISTRICT MAGISTRATE MALDA_IDA,2023-07-07,Action Pending,200000,Unsanctioned
MPLADS-057915,SHRI Sukhendu Sekhar Ray,Rajya Sabha,West Bengal,Sitting Rajya Sabha,,,KALIACHAK-III,Lakshmipur,Normal/Others,NA - Installing tube-wells and borewells,DISTRICT MAGISTRATE MALDA_IDA,2023-07-07,Action Pending,200000,Unsanctioned
MPLADS-057916,SHRI Sukhendu Sekhar Ray,Rajya Sabha,West Bengal,Sitting Rajya Sabha,,,ENGLISH BAZAR,Narhatta,Normal/Others,NA - Installing tube-wells and borewells,DISTRICT MAGISTRATE MALDA_IDA,2023-07-07,Action Pending,200000,Unsanctioned
MPLADS-057917,SH Derek o Brien,Rajya Sabha,West Bengal,Sitting Rajya Sabha,,,KHARIBARI,Chunilal,Normal/Others,NA - Installing tube-wells and borewells,DISTRICT MAGISTRATE DARJEELING_IDA,2023-07-07,Action Pending,200000,Unsanctioned
MPLADS-057918,SHRI Sukhendu Sekhar Ray,Rajya Sabha,West Bengal,Sitting Rajya Sabha,,,HABIBPUR,Bahadurpur,Normal/Others,NA - Installing tube-wells and borewells,DISTRICT MAGISTRATE MALDA_IDA,2023-07-07,Action Pending,200000,Unsanctioned
MPLADS-057919,SHRI Sukhendu Sekhar Ray,Rajya Sabha,West Bengal,Sitting Rajya Sabha,,,HARISHCHANDRAPUR-II,Hardam Nagar,Normal/Others,NA - Installing tube-wells and borewells,DISTRICT MAGISTRATE MALDA_IDA,2023-07-07,Action Pending,200000,Unsanctioned
MPLADS-057920,SHRI Sukhendu Sekhar Ray,Rajya Sabha,West Bengal,Sitting Rajya Sabha,,,CHANCHAL-I,Chanchal (CT),Normal/Others,NA - Installing tube-wells and borewells,DISTRICT MAGISTRATE MALDA_IDA,2023-07-07,Action Pending,200000,Unsanctioned
MPLADS-057921,SHRI Sukhendu Sekhar Ray,Rajya Sabha,West Bengal,Sitting Rajya Sabha,,,BAMONGOLA,Datulipara,Normal/Others,NA - Installing tube-wells and borewells,DISTRICT MAGISTRATE MALDA_IDA,2023-07-07,Action Pending,200000,Unsanctioned
MPLADS-057922,SHRI Sukhendu Sekhar Ray,Rajya Sabha,West Bengal,Sitting Rajya Sabha,,,GAZOLE,Babupur,Normal/Others,NA - Installing tube-wells and borewells,DISTRICT MAGISTRATE MALDA_IDA,2023-07-07,Action Pending,200000,Unsanctioned
MPLADS-057923,SHRI Sukhendu Sekhar Ray,Rajya Sabha,West Bengal,Sitting Rajya Sabha,,,OLD MALDA,Jatradanga,Normal/Others,NA - Installing tube-wells and borewells,DISTRICT MAGISTRATE MALDA_IDA,2023-07-07,Action Pending,200000,Unsanctioned
MPLADS-057924,SHRI Sukhendu Sekhar Ray,Rajya Sabha,West Bengal,Sitting Rajya Sabha,,,OLD MALDA,Mabarakpur,Normal/Others,NA - Installing tube-wells and borewells,DISTRICT MAGISTRATE MALDA_IDA,2023-07-07,Action Pending,200000,Unsanctioned
MPLADS-057925,SH Derek o Brien,Rajya Sabha,West Bengal,Sitting Rajya Sabha,,,KHARIBARI,Gandagal,Normal/Others,NA - Installing tube-wells and borewells,DISTRICT MAGISTRATE DARJEELING_IDA,2023-07-07,Action Pending,200000,Unsanctioned
MPLADS-057926,SH Derek o Brien,Rajya Sabha,West Bengal,Sitting Rajya Sabha,,,PURULIA-II,Golamara,Normal/Others,NA - Installing tube-wells and borewells,DISTRICT MAGISTRATE PURULIA_IDA,2023-07-07,Action Pending,200000,Unsanctioned
MPLADS-057927,SH Derek o Brien,Rajya Sabha,West Bengal,Sitting Rajya Sabha,,,HURA,Hura,Normal/Others,NA - Installing tube-wells and borewells,DISTRICT MAGISTRATE PURULIA_IDA,2023-07-07,Action Pending,200000,Unsanctioned
MPLADS-057928,SH Derek o Brien,Rajya Sabha,West Bengal,Sitting Rajya Sabha,,,PURULIA-II,Ghongha,Normal/Others,NA - Installing tube-wells and borewells,DISTRICT MAGISTRATE PURULIA_IDA,2023-07-07,Action Pending,200000,Unsanctioned
MPLADS-057929,SH Derek o Brien,Rajya Sabha,West Bengal,Sitting Rajya Sabha,,,PURULIA-II,Ghongha,Normal/Others,NA - Installing tube-wells and borewells,DISTRICT MAGISTRATE PURULIA_IDA,2023-07-07,Action Pending,200000,Unsanctioned
MPLADS-057930,SH Derek o Brien,Rajya Sabha,West Bengal,Sitting Rajya Sabha,,,PURULIA-II,Golamara,Normal/Others,NA - Installing tube-wells and borewells,DISTRICT MAGISTRATE PURULIA_IDA,2023-07-07,Action Pending,200000,Unsanctioned
MPLADS-057931,SH Derek o Brien,Rajya Sabha,West Bengal,Sitting Rajya Sabha,,,PURULIA-II,Golamara,Normal/Others,NA - Installing tube-wells and borewells,DISTRICT MAGISTRATE PURULIA_IDA,2023-07-07,Action Pending,200000,Unsanctioned
MPLADS-057932,SH Derek o Brien,Rajya Sabha,West Bengal,Sitting Rajya Sabha,,,PURULIA-II,Raghabpur (P) (CT),Normal/Others,NA - Installing tube-wells and borewells,DISTRICT MAGISTRATE PURULIA_IDA,2023-07-07,Action Pending,200000,Unsanctioned
MPLADS-057933,SH Derek o Brien,Rajya Sabha,West Bengal,Sitting Rajya Sabha,,,PURULIA-II,Bhangra,Normal/Others,NA - Installing tube-wells and borewells,DISTRICT MAGISTRATE PURULIA_IDA,2023-07-07,Action Pending,200000,Unsanctioned
MPLADS-057934,SH Derek o Brien,Rajya Sabha,West Bengal,Sitting Rajya Sabha,,,HURA,Daldali,Normal/Others,NA - Installing tube-wells and borewells,DISTRICT MAGISTRATE PURULIA_IDA,2023-07-07,Action Pending,200000,Unsanctioned
MPLADS-057935,SH Derek o Brien,Rajya Sabha,West Bengal,Sitting Rajya Sabha,,,KHARIBARI,Madan,Normal/Others,NA - Installing tube-wells and borewells,DISTRICT MAGISTRATE DARJEELING_IDA,2023-07-07,Action Pending,200000,Unsanctioned
MPLADS-057936,SH Derek o Brien,Rajya Sabha,West Bengal,Sitting Rajya Sabha,,,HURA,Jabrra,Normal/Others,NA - Installing tube-wells and borewells,DISTRICT MAGISTRATE PURULIA_IDA,2023-07-07,Action Pending,200000,Unsanctioned
MPLADS-057937,SH Derek o Brien,Rajya Sabha,West Bengal,Sitting Rajya Sabha,,,HURA,Lakshanpur,Normal/Others,NA - Installing tube-wells and borewells,DISTRICT MAGISTRATE PURULIA_IDA,2023-07-07,Action Pending,200000,Unsanctioned
MPLADS-057938,SH Derek o Brien,Rajya Sabha,West Bengal,Sitting Rajya Sabha,,,JHALDA-I,Kalma,Normal/Others,NA - Installing tube-wells and borewells,DISTRICT MAGISTRATE PURULIA_IDA,2023-07-07,Action Pending,200000,Unsanctioned
MPLADS-057939,SH Derek o Brien,Rajya Sabha,West Bengal,Sitting Rajya Sabha,,,JHALDA-I,Tulin,Normal/Others,NA - Installing tube-wells and borewells,DISTRICT MAGISTRATE PURULIA_IDA,2023-07-07,Action Pending,200000,Unsanctioned
MPLADS-057940,SH Derek o Brien,Rajya Sabha,West Bengal,Sitting Rajya Sabha,,,NAXAL BARI,Kamala,Normal/Others,NA - Installing tube-wells and borewells,DISTRICT MAGISTRATE DARJEELING_IDA,2023-07-07,Action Pending,200000,Unsanctioned
MPLADS-057941,SH Derek o Brien,Rajya Sabha,West Bengal,Sitting Rajya Sabha,,,NAXAL BARI,Deomani,Normal/Others,NA - Installing tube-wells and borewells,DISTRICT MAGISTRATE DARJEELING_IDA,2023-07-07,Action Pending,200000,Unsanctioned
MPLADS-057942,SH Derek o Brien,Rajya Sabha,West Bengal,Sitting Rajya Sabha,,,KASHIPUR,Hadalda,Normal/Others,NA - Installing tube-wells and borewells,DISTRICT MAGISTRATE PURULIA_IDA,2023-07-07,Action Pending,200000,Unsanctioned
MPLADS-057943,SH Derek o Brien,Rajya Sabha,West Bengal,Sitting Rajya Sabha,,,KASHIPUR,Hadalda,Normal/Others,NA - Installing tube-wells and borewells,DISTRICT MAGISTRATE PURULIA_IDA,2023-07-07,Action Pending,200000,Unsanctioned
MPLADS-057944,SH Derek o Brien,Rajya Sabha,West Bengal,Sitting Rajya Sabha,,,KASHIPUR,Kashipur,Normal/Others,NA - Installing tube-wells and borewells,DISTRICT MAGISTRATE PURULIA_IDA,2023-07-07,Action Pending,200000,Unsanctioned
MPLADS-057945,SH Derek o Brien,Rajya Sabha,West Bengal,Sitting Rajya Sabha,,,JHALDA-I,Ilu,Normal/Others,NA - Installing tube-wells and borewells,DISTRICT MAGISTRATE PURULIA_IDA,2023-07-07,Action Pending,200000,Unsanctioned
MPLADS-057946,SH Derek o Brien,Rajya Sabha,West Bengal,Sitting Rajya Sabha,,,PHANSIDEWA,Madhya Bansgaon,Normal/Others,NA - Installing tube-wells and borewells,DISTRICT MAGISTRATE DARJEELING_IDA,2023-07-07,Action Pending,200000,Unsanctioned
MPLADS-057947,SH Derek o Brien,Rajya Sabha,West Bengal,Sitting Rajya Sabha,,,KHARIBARI,Kharibari (CT),Normal/Others,NA - Installing tube-wells and borewells,DISTRICT MAGISTRATE DARJEELING_IDA,2023-07-07,Action Pending,200000,Unsanctioned
MPLADS-057948,SH Derek o Brien,Rajya Sabha,West Bengal,Sitting Rajya Sabha,,,KHARIBARI,Kharibari (CT),Normal/Others,NA - Installing tube-wells and borewells,DISTRICT MAGISTRATE DARJEELING_IDA,2023-07-07,Action Pending,200000,Unsanctioned
MPLADS-057949,SH Derek o Brien,Rajya Sabha,West Bengal,Sitting Rajya Sabha,,,KHARIBARI,Kharibari (CT),Normal/Others,NA - Installing tube-wells and borewells,DISTRICT MAGISTRATE DARJEELING_IDA,2023-07-07,Action Pending,200000,Unsanctioned
MPLADS-057950,SH Derek o Brien,Rajya Sabha,West Bengal,Sitting Rajya Sabha,,,PHANSIDEWA,Banshgaon,Normal/Others,NA - Installing tube-wells and borewells,DISTRICT MAGISTRATE DARJEELING_IDA,2023-07-07,Action Pending,200000,Unsanctioned
MPLADS-057951,SH Derek o Brien,Rajya Sabha,West Bengal,Sitting Rajya Sabha,,,JHALDA-I,Jhalda (P) (CT),Normal/Others,NA - Installing tube-wells and borewells,DISTRICT MAGISTRATE PURULIA_IDA,2023-07-07,Action Pending,200000,Unsanctioned
MPLADS-057952,SH Derek o Brien,Rajya Sabha,West Bengal,Sitting Rajya Sabha,,,JHALDA-I,Ichag,Normal/Others,NA - Installing tube-wells and borewells,DISTRICT MAGISTRATE PURULIA_IDA,2023-07-07,Action Pending,200000,Unsanctioned
MPLADS-057953,SH Derek o Brien,Rajya Sabha,West Bengal,Sitting Rajya Sabha,,,KASHIPUR,Sonaojuri,Normal/Others,NA - Installing tube-wells and borewells,DISTRICT MAGISTRATE PURULIA_IDA,2023-07-07,Action Pending,200000,Unsanctioned
MPLADS-057954,SH Derek o Brien,Rajya Sabha,West Bengal,Sitting Rajya Sabha,,,JHALDA-I,Jhalda (P) (CT),Normal/Others,NA - Installing tube-wells and borewells,DISTRICT MAGISTRATE PURULIA_IDA,2023-07-07,Action Pending,200000,Unsanctioned
MPLADS-057955,SH Derek o Brien,Rajya Sabha,West Bengal,Sitting Rajya Sabha,,,JHALDA-I,Jhalda (P) (CT),Normal/Others,NA - Installing tube-wells and borewells,DISTRICT MAGISTRATE PURULIA_IDA,2023-07-07,Action Pending,200000,Unsanctioned
MPLADS-057956,SH Derek o Brien,Rajya Sabha,West Bengal,Sitting Rajya Sabha,,,PHANSIDEWA,Uttar Bansgaon Kismat,Normal/Others,NA - Installing tube-wells and borewells,DISTRICT MAGISTRATE DARJEELING_IDA,2023-07-07,Action Pending,200000,Unsanctioned
MPLADS-057957,SH Derek o Brien,Rajya Sabha,West Bengal,Sitting Rajya Sabha,,,PHANSIDEWA,Lahugaon,Normal/Others,NA - Installing tube-wells and borewells,DISTRICT MAGISTRATE DARJEELING_IDA,2023-07-07,Action Pending,200000,Unsanctioned
MPLADS-057958,SH Derek o Brien,Rajya Sabha,West Bengal,Sitting Rajya Sabha,,,PHANSIDEWA,Nirmmal,Normal/Others,NA - Installing tube-wells and borewells,DISTRICT MAGISTRATE DARJEELING_IDA,2023-07-07,Action Pending,200000,Unsanctioned
MPLADS-057959,SH Derek o Brien,Rajya Sabha,West Bengal,Sitting Rajya Sabha,,,PHANSIDEWA,Madhya Bansgaon,Normal/Others,NA - Installing tube-wells and borewells,DISTRICT MAGISTRATE DARJEELING_IDA,2023-07-07,Action Pending,200000,Unsanctioned
MPLADS-057960,SH Derek o Brien,Rajya Sabha,West Bengal,Sitting Rajya Sabha,,,PHANSIDEWA,Bara Pathuram,Normal/Others,NA - Installing tube-wells and borewells,DISTRICT MAGISTRATE DARJEELING_IDA,2023-07-07,Action Pending,200000,Unsanctioned
MPLADS-057961,SH Derek o Brien,Rajya Sabha,West Bengal,Sitting Rajya Sabha,,,PHANSIDEWA,Bansgaonchakla,Normal/Others,NA - Installing tube-wells and borewells,DISTRICT MAGISTRATE DARJEELING_IDA,2023-07-07,Action Pending,200000,Unsanctioned
MPLADS-057962,SH Derek o Brien,Rajya Sabha,West Bengal,Sitting Rajya Sabha,,,PHANSIDEWA,Liusipukuri,Normal/Others,NA - Installing tube-wells and borewells,DISTRICT MAGISTRATE DARJEELING_IDA,2023-07-07,Action Pending,200000,Unsanctioned
MPLADS-057963,SH Derek o Brien,Rajya Sabha,West Bengal,Sitting Rajya Sabha,,,KHARIBARI,Kharibari (CT),Normal/Others,NA - Installing tube-wells and borewells,DISTRICT MAGISTRATE DARJEELING_IDA,2023-07-07,Action Pending,200000,Unsanctioned
MPLADS-057964,SH Derek o Brien,Rajya Sabha,West Bengal,Sitting Rajya Sabha,,,JHALDA-I,Mathari,Normal/Others,NA - Installing tube-wells and borewells,DISTRICT MAGISTRATE PURULIA_IDA,2023-07-07,Action Pending,200000,Unsanctioned
MPLADS-057965,SH Derek o Brien,Rajya Sabha,West Bengal,Sitting Rajya Sabha,,,PARA,Anara,Normal/Others,NA - Installing tube-wells and borewells,DISTRICT MAGISTRATE PURULIA_IDA,2023-07-07,Action Pending,200000,Unsanctioned
MPLADS-057966,SH Derek o Brien,Rajya Sabha,West Bengal,Sitting Rajya Sabha,,,PARA,Bahara,Normal/Others,NA - Installing tube-wells and borewells,DISTRICT MAGISTRATE PURULIA_IDA,2023-07-07,Action Pending,200000,Unsanctioned
MPLADS-057967,SH Derek o Brien,Rajya Sabha,West Bengal,Sitting Rajya Sabha,,,PARA,Deuli,Normal/Others,NA - Installing tube-wells and borewells,DISTRICT MAGISTRATE PURULIA_IDA,2023-07-07,Action Pending,200000,Unsanctioned
MPLADS-057968,SH Derek o Brien,Rajya Sabha,West Bengal,Sitting Rajya Sabha,,,PARA,Dubra (CT),Normal/Others,NA - Installing tube-wells and borewells,DISTRICT MAGISTRATE PURULIA_IDA,2023-07-07,Action Pending,200000,Unsanctioned
MPLADS-057969,SH Derek o Brien,Rajya Sabha,West Bengal,Sitting Rajya Sabha,,,PARA,Jabarra,Normal/Others,NA - Installing tube-wells and borewells,DISTRICT MAGISTRATE PURULIA_IDA,2023-07-07,Action Pending,200000,Unsanctioned
MPLADS-057970,SH Derek o Brien,Rajya Sabha,West Bengal,Sitting Rajya Sabha,,,KASHIPUR,Sonaojuri,Normal/Others,NA - Installing tube-wells and borewells,DISTRICT MAGISTRATE PURULIA_IDA,2023-07-07,Action Pending,200000,Unsanctioned
MPLADS-057971,SH Derek o Brien,Rajya Sabha,West Bengal,Sitting Rajya Sabha,,,KASHIPUR,Barra,Normal/Others,NA - Installing tube-wells and borewells,DISTRICT MAGISTRATE PURULIA_IDA,2023-07-07,Action Pending,200000,Unsanctioned
MPLADS-057972,SH Derek o Brien,Rajya Sabha,West Bengal,Sitting Rajya Sabha,,,KASHIPUR,Simla,Normal/Others,NA - Installing tube-wells and borewells,DISTRICT MAGISTRATE PURULIA_IDA,2023-07-07,Action Pending,200000,Unsanctioned
MPLADS-057973,SH Derek o Brien,Rajya Sabha,West Bengal,Sitting Rajya Sabha,,,KASHIPUR,Beko,Normal/Others,NA - Installing tube-wells and borewells,DISTRICT MAGISTRATE PURULIA_IDA,2023-07-07,Action Pending,200000,Unsanctioned
MPLADS-057974,SH Derek o Brien,Rajya Sabha,West Bengal,Sitting Rajya Sabha,,,KASHIPUR,Gourangadih,Normal/Others,NA - Installing tube-wells and borewells,DISTRICT MAGISTRATE PURULIA_IDA,2023-07-07,Action Pending,200000,Unsanctioned
MPLADS-057975,SH Derek o Brien,Rajya Sabha,West Bengal,Sitting Rajya Sabha,,,KASHIPUR,Rangamati,Normal/Others,NA - Installing tube-wells and borewells,DISTRICT MAGISTRATE PURULIA_IDA,2023-07-07,Action Pending,200000,Unsanctioned
MPLADS-057976,SH Derek o Brien,Rajya Sabha,West Bengal,Sitting Rajya Sabha,,,KASHIPUR,Manihara,Normal/Others,NA - Installing tube-wells and borewells,DISTRICT MAGISTRATE PURULIA_IDA,2023-07-07,Action Pending,200000,Unsanctioned
MPLADS-057977,SH Derek o Brien,Rajya Sabha,West Bengal,Sitting Rajya Sabha,,,PURULIA-II,Bhangra,Normal/Others,NA - Installing tube-wells and borewells,DISTRICT MAGISTRATE PURULIA_IDA,2023-07-07,Action Pending,200000,Unsanctioned
MPLADS-057978,SH Derek o Brien,Rajya Sabha,West Bengal,Sitting Rajya Sabha,,,JAIPUR,Baragram,Normal/Others,NA - Installing tube-wells and borewells,DISTRICT MAGISTRATE PURULIA_IDA,2023-07-07,Action Pending,200000,Unsanctioned
MPLADS-057980,SH Derek o Brien,Rajya Sabha,West Bengal,Sitting Rajya Sabha,,,NETURIA,Sarbari,Normal/Others,NA - Installing tube-wells and borewells,DISTRICT MAGISTRATE PURULIA_IDA,2023-07-07,Action Pending,200000,Unsanctioned
MPLADS-057981,SH Derek o Brien,Rajya Sabha,West Bengal,Sitting Rajya Sabha,,,SANTURI,Baltora,Normal/Others,NA - Installing tube-wells and borewells,DISTRICT MAGISTRATE PURULIA_IDA,2023-07-07,Action Pending,200000,Unsanctioned
MPLADS-057982,SH Derek o Brien,Rajya Sabha,West Bengal,Sitting Rajya Sabha,,,SANTURI,Ramchandrapur,Normal/Others,NA - Installing tube-wells and borewells,DISTRICT MAGISTRATE PURULIA_IDA,2023-07-07,Action Pending,200000,Unsanctioned
MPLADS-057983,SH Derek o Brien,Rajya Sabha,West Bengal,Sitting Rajya Sabha,,,BAGNAN-II,Halyan (CT),Normal/Others,WS/MP220/2023-2024/2890 - Installing tube-wells and borewells,DISTRICT MAGISTRATE HOWRAH_IDA,2023-07-07,Approved by IDA,200000,Unsanctioned
MPLADS-057984,SH Derek o Brien,Rajya Sabha,West Bengal,Sitting Rajya Sabha,,,NETURIA,Bhamaria,Normal/Others,NA - Installing tube-wells and borewells,DISTRICT MAGISTRATE PURULIA_IDA,2023-07-07,Action Pending,200000,Unsanctioned
MPLADS-057985,SH Derek o Brien,Rajya Sabha,West Bengal,Sitting Rajya Sabha,,,NETURIA,Saltor (CT),Normal/Others,NA - Installing tube-wells and borewells,DISTRICT MAGISTRATE PURULIA_IDA,2023-07-07,Action Pending,200000,Unsanctioned
MPLADS-057986,SH Derek o Brien,Rajya Sabha,West Bengal,Sitting Rajya Sabha,,,NETURIA,Sarbari,Normal/Others,NA - Installing tube-wells and borewells,DISTRICT MAGISTRATE PURULIA_IDA,2023-07-07,Action Pending,200000,Unsanctioned
MPLADS-057987,SH Derek o Brien,Rajya Sabha,West Bengal,Sitting Rajya Sabha,,,NETURIA,Digha,Normal/Others,NA - Installing tube-wells and borewells,DISTRICT MAGISTRATE PURULIA_IDA,2023-07-07,Action Pending,200000,Unsanctioned
MPLADS-057989,SH Derek o Brien,Rajya Sabha,West Bengal,Sitting Rajya Sabha,,,NETURIA,Sarbari,Normal/Others,NA - Installing tube-wells and borewells,DISTRICT MAGISTRATE PURULIA_IDA,2023-07-07,Action Pending,200000,Unsanctioned
MPLADS-057990,SH Derek o Brien,Rajya Sabha,West Bengal,Sitting Rajya Sabha,,,NETURIA,Sarbari,Normal/Others,NA - Installing tube-wells and borewells,DISTRICT MAGISTRATE PURULIA_IDA,2023-07-07,Action Pending,200000,Unsanctioned
MPLADS-057991,SH Derek o Brien,Rajya Sabha,West Bengal,Sitting Rajya Sabha,,,NETURIA,Sarbari,Normal/Others,NA - Installing tube-wells and borewells,DISTRICT MAGISTRATE PURULIA_IDA,2023-07-07,Action Pending,200000,Unsanctioned
MPLADS-057992,SH Derek o Brien,Rajya Sabha,West Bengal,Sitting Rajya Sabha,,,NETURIA,Digha,Normal/Others,NA - Installing tube-wells and borewells,DISTRICT MAGISTRATE PURULIA_IDA,2023-07-07,Action Pending,200000,Unsanctioned
MPLADS-057993,SH Derek o Brien,Rajya Sabha,West Bengal,Sitting Rajya Sabha,,,NETURIA,Digha,Normal/Others,NA - Installing tube-wells and borewells,DISTRICT MAGISTRATE PURULIA_IDA,2023-07-07,Action Pending,200000,Unsanctioned
MPLADS-057994,SH Derek o Brien,Rajya Sabha,West Bengal,Sitting Rajya Sabha,,,NETURIA,Bhamaria,Normal/Others,NA - Installing tube-wells and borewells,DISTRICT MAGISTRATE PURULIA_IDA,2023-07-07,Action Pending,200000,Unsanctioned
MPLADS-057995,SH Derek o Brien,Rajya Sabha,West Bengal,Sitting Rajya Sabha,,,SANTURI,Tarabari,Normal/Others,NA - Installing tube-wells and borewells,DISTRICT MAGISTRATE PURULIA_IDA,2023-07-07,Action Pending,200000,Unsanctioned
MPLADS-057997,SH Derek o Brien,Rajya Sabha,West Bengal,Sitting Rajya Sabha,,,JAIPUR,Ghaghra,Normal/Others,NA - Installing tube-wells and borewells,DISTRICT MAGISTRATE PURULIA_IDA,2023-07-07,Action Pending,200000,Unsanctioned
MPLADS-057998,SH Derek o Brien,Rajya Sabha,West Bengal,Sitting Rajya Sabha,,,NAXAL BARI,Sebdella,Normal/Others,NA - Installing tube-wells and borewells,DISTRICT MAGISTRATE DARJEELING_IDA,2023-07-07,Action Pending,200000,Unsanctioned
MPLADS-058005,SH Derek o Brien,Rajya Sabha,West Bengal,Sitting Rajya Sabha,,,NAXAL BARI,Naksalbari,Normal/Others,NA - Installing tube-wells and borewells,DISTRICT MAGISTRATE DARJEELING_IDA,2023-07-07,Action Pending,200000,Unsanctioned
MPLADS-058007,SH Derek o Brien,Rajya Sabha,West Bengal,Sitting Rajya Sabha,,,NAXAL BARI,Naksalbari,Normal/Others,NA - Installing tube-wells and borewells,DISTRICT MAGISTRATE DARJEELING_IDA,2023-07-07,Action Pending,200000,Unsanctioned
MPLADS-058008,SH Derek o Brien,Rajya Sabha,West Bengal,Sitting Rajya Sabha,,,PHANSIDEWA,Helakadam Chhat,Normal/Others,NA - Installing tube-wells and borewells,DISTRICT MAGISTRATE DARJEELING_IDA,2023-07-07,Action Pending,200000,Unsanctioned
MPLADS-058009,SH Derek o Brien,Rajya Sabha,West Bengal,Sitting Rajya Sabha,,,PHANSIDEWA,Purbba Bansgaon Kismat,Normal/Others,NA - Installing tube-wells and borewells,DISTRICT MAGISTRATE DARJEELING_IDA,2023-07-07,Action Pending,200000,Unsanctioned
MPLADS-058011,SH Derek o Brien,Rajya Sabha,West Bengal,Sitting Rajya Sabha,,,PHANSIDEWA,Purba Bansgaon,Normal/Others,NA - Installing tube-wells and borewells,DISTRICT MAGISTRATE DARJEELING_IDA,2023-07-07,Action Pending,200000,Unsanctioned
MPLADS-058013,SH Derek o Brien,Rajya Sabha,West Bengal,Sitting Rajya Sabha,,,RAGHUNATH PUR-I,Nutandi,Normal/Others,NA - Installing tube-wells and borewells,DISTRICT MAGISTRATE PURULIA_IDA,2023-07-07,Action Pending,200000,Unsanctioned
MPLADS-058014,SH Derek o Brien,Rajya Sabha,West Bengal,Sitting Rajya Sabha,,,RAGHUNATH PUR-I,Nutandi,Normal/Others,NA - Installing tube-wells and borewells,DISTRICT MAGISTRATE PURULIA_IDA,2023-07-07,Action Pending,200000,Unsanctioned
MPLADS-058015,SH Derek o Brien,Rajya Sabha,West Bengal,Sitting Rajya Sabha,,,RAGHUNATH PUR-I,Khajura,Normal/Others,NA - Installing tube-wells and borewells,DISTRICT MAGISTRATE PURULIA_IDA,2023-07-07,Action Pending,200000,Unsanctioned
MPLADS-058016,SH Derek o Brien,Rajya Sabha,West Bengal,Sitting Rajya Sabha,,,BARABAZAR,Latpada,Normal/Others,NA - Installing tube-wells and borewells,DISTRICT MAGISTRATE PURULIA_IDA,2023-07-07,Action Pending,200000,Unsanctioned
MPLADS-058017,SH Derek o Brien,Rajya Sabha,West Bengal,Sitting Rajya Sabha,,,BARABAZAR,Banjora,Normal/Others,NA - Installing tube-wells and borewells,DISTRICT MAGISTRATE PURULIA_IDA,2023-07-07,Action Pending,200000,Unsanctioned
MPLADS-058018,SH Derek o Brien,Rajya Sabha,West Bengal,Sitting Rajya Sabha,,,BARABAZAR,Basbera,Normal/Others,NA - Installing tube-wells and borewells,DISTRICT MAGISTRATE PURULIA_IDA,2023-07-07,Action Pending,200000,Unsanctioned
MPLADS-058019,SH Derek o Brien,Rajya Sabha,West Bengal,Sitting Rajya Sabha,,,BARABAZAR,Barabazar (CT),Normal/Others,NA - Installing tube-wells and borewells,DISTRICT MAGISTRATE PURULIA_IDA,2023-07-07,Action Pending,200000,Unsanctioned
MPLADS-058020,SH Derek o Brien,Rajya Sabha,West Bengal,Sitting Rajya Sabha,,,BARABAZAR,Berada,Normal/Others,NA - Installing tube-wells and borewells,DISTRICT MAGISTRATE PURULIA_IDA,2023-07-07,Action Pending,200000,Unsanctioned
MPLADS-058021,SH Derek o Brien,Rajya Sabha,West Bengal,Sitting Rajya Sabha,,,BARABAZAR,Bagalbandh,Normal/Others,NA - Installing tube-wells and borewells,DISTRICT MAGISTRATE PURULIA_IDA,2023-07-07,Action Pending,200000,Unsanctioned
MPLADS-058022,SH Derek o Brien,Rajya Sabha,West Bengal,Sitting Rajya Sabha,,,BARABAZAR,Dhelatbamu,Normal/Others,NA - Installing tube-wells and borewells,DISTRICT MAGISTRATE PURULIA_IDA,2023-07-07,Action Pending,200000,Unsanctioned
MPLADS-058023,SH Derek o Brien,Rajya Sabha,West Bengal,Sitting Rajya Sabha,,,BARABAZAR,Latpada,Normal/Others,NA - Installing tube-wells and borewells,DISTRICT MAGISTRATE PURULIA_IDA,2023-07-07,Action Pending,200000,Unsanctioned
MPLADS-058024,SHRI Sukhendu Sekhar Ray,Rajya Sabha,West Bengal,Sitting Rajya Sabha,,,CHANCHAL-I,Chanchal (CT),Normal/Others,NA - Installing tube-wells and borewells,DISTRICT MAGISTRATE MALDA_IDA,2023-07-07,Action Pending,200000,Unsanctioned
MPLADS-058025,SH Derek o Brien,Rajya Sabha,West Bengal,Sitting Rajya Sabha,,,BARABAZAR,Sindri,Normal/Others,NA - Installing tube-wells and borewells,DISTRICT MAGISTRATE PURULIA_IDA,2023-07-07,Action Pending,200000,Unsanctioned
MPLADS-058026,SH Derek o Brien,Rajya Sabha,West Bengal,Sitting Rajya Sabha,,,JAIPUR,Baragram,Normal/Others,NA - Installing tube-wells and borewells,DISTRICT MAGISTRATE PURULIA_IDA,2023-07-07,Action Pending,200000,Unsanctioned
MPLADS-058027,SH Derek o Brien,Rajya Sabha,West Bengal,Sitting Rajya Sabha,,,JAIPUR,Sidhi,Normal/Others,NA - Installing tube-wells and borewells,DISTRICT MAGISTRATE PURULIA_IDA,2023-07-07,Action Pending,200000,Unsanctioned
MPLADS-058028,SH Derek o Brien,Rajya Sabha,West Bengal,Sitting Rajya Sabha,,,JAIPUR,Rop,Normal/Others,NA - Installing tube-wells and borewells,DISTRICT MAGISTRATE PURULIA_IDA,2023-07-07,Action Pending,200000,Unsanctioned
MPLADS-058029,SH Derek o Brien,Rajya Sabha,West Bengal,Sitting Rajya Sabha,,,JAIPUR,Rop,Normal/Others,NA - Installing tube-wells and borewells,DISTRICT MAGISTRATE PURULIA_IDA,2023-07-07,Action Pending,200000,Unsanctioned
MPLADS-058030,SH Derek o Brien,Rajya Sabha,West Bengal,Sitting Rajya Sabha,,,JAIPUR,Sidhi,Normal/Others,NA - Installing tube-wells and borewells,DISTRICT MAGISTRATE PURULIA_IDA,2023-07-07,Action Pending,200000,Unsanctioned
MPLADS-058044,SHRI Sukhendu Sekhar Ray,Rajya Sabha,West Bengal,Sitting Rajya Sabha,,,RATUA-I,Bahirkap,Normal/Others,NA - Installing tube-wells and borewells,DISTRICT MAGISTRATE MALDA_IDA,2023-07-07,Action Pending,200000,Unsanctioned
MPLADS-058045,SHRI Sukhendu Sekhar Ray,Rajya Sabha,West Bengal,Sitting Rajya Sabha,,,HARISHCHANDRAPUR-II,Mashaldaha,Normal/Others,NA - Installing tube-wells and borewells,DISTRICT MAGISTRATE MALDA_IDA,2023-07-07,Action Pending,200000,Unsanctioned
MPLADS-058046,SHRI Sukhendu Sekhar Ray,Rajya Sabha,West Bengal,Sitting Rajya Sabha,,,RATUA-II,Shripur,Normal/Others,NA - Installing tube-wells and borewells,DISTRICT MAGISTRATE MALDA_IDA,2023-07-07,Action Pending,200000,Unsanctioned
MPLADS-058047,SHRI Sukhendu Sekhar Ray,Rajya Sabha,West Bengal,Sitting Rajya Sabha,,,KALIACHAK-III,Chari Anantapur,Normal/Others,NA - Installing tube-wells and borewells,DISTRICT MAGISTRATE MALDA_IDA,2023-07-07,Action Pending,200000,Unsanctioned
MPLADS-058049,SH Derek o Brien,Rajya Sabha,West Bengal,Sitting Rajya Sabha,,,PANCHLA,Ban Harishpur (CT),Normal/Others,WS/MP220/2023-2024/2891 - Installing tube-wells and borewells,DISTRICT MAGISTRATE HOWRAH_IDA,2023-07-07,Approved by IDA,200000,Unsanctioned
MPLADS-058055,SH Derek o Brien,Rajya Sabha,West Bengal,Sitting Rajya Sabha,,,KESHPUR,Ajodhya Bar,Normal/Others,NA - Installing tube-wells and borewells,DISTRICT MAGISTRATE PASCHIM MEDINIPUR_IDA,2023-07-06,Action Pending,200000,Unsanctioned
MPLADS-058057,SH Derek o Brien,Rajya Sabha,West Bengal,Sitting Rajya Sabha,,,KESHPUR,Anandapur,Normal/Others,NA - Installing tube-wells and borewells,DISTRICT MAGISTRATE PASCHIM MEDINIPUR_IDA,2023-07-06,Action Pending,200000,Unsanctioned
MPLADS-058058,SH Derek o Brien,Rajya Sabha,West Bengal,Sitting Rajya Sabha,,,KESHPUR,Abhi Arjjuni,Normal/Others,NA - Installing tube-wells and borewells,DISTRICT MAGISTRATE PASCHIM MEDINIPUR_IDA,2023-07-06,Action Pending,200000,Unsanctioned
MPLADS-058059,SH Derek o Brien,Rajya Sabha,West Bengal,Sitting Rajya Sabha,,,CHANDRAKONA-I,Agra,Normal/Others,NA - Installing tube-wells and borewells,DISTRICT MAGISTRATE PASCHIM MEDINIPUR_IDA,2023-07-06,Action Pending,200000,Unsanctioned
MPLADS-058060,SH Derek o Brien,Rajya Sabha,West Bengal,Sitting Rajya Sabha,,,CHANDRAKONA-I,Chaltabandi,Normal/Others,NA - Installing tube-wells and borewells,DISTRICT MAGISTRATE PASCHIM MEDINIPUR_IDA,2023-07-06,Action Pending,200000,Unsanctioned
MPLADS-058061,SH Derek o Brien,Rajya Sabha,West Bengal,Sitting Rajya Sabha,,,CHANDRAKONA-I,Amdhere,Normal/Others,NA - Installing tube-wells and borewells,DISTRICT MAGISTRATE PASCHIM MEDINIPUR_IDA,2023-07-06,Action Pending,200000,Unsanctioned
MPLADS-058062,SH Derek o Brien,Rajya Sabha,West Bengal,Sitting Rajya Sabha,,,KESHPUR,Adam Chak,Normal/Others,NA - Installing tube-wells and borewells,DISTRICT MAGISTRATE PASCHIM MEDINIPUR_IDA,2023-07-06,Action Pending,200000,Unsanctioned
MPLADS-058063,SH Derek o Brien,Rajya Sabha,West Bengal,Sitting Rajya Sabha,,,KESHPUR,Akhra Pota,Normal/Others,NA - Installing tube-wells and borewells,DISTRICT MAGISTRATE PASCHIM MEDINIPUR_IDA,2023-07-06,Action Pending,200000,Unsanctioned
MPLADS-058064,SH Derek o Brien,Rajya Sabha,West Bengal,Sitting Rajya Sabha,,,KESHPUR,Akandi,Normal/Others,NA - Installing tube-wells and borewells,DISTRICT MAGISTRATE PASCHIM MEDINIPUR_IDA,2023-07-06,Action Pending,200000,Unsanctioned
MPLADS-058066,SH Derek o Brien,Rajya Sabha,West Bengal,Sitting Rajya Sabha,,,KESHPUR,Akmura,Normal/Others,NA - Installing tube-wells and borewells,DISTRICT MAGISTRATE PASCHIM MEDINIPUR_IDA,2023-07-06,Action Pending,200000,Unsanctioned
MPLADS-058067,SH Derek o Brien,Rajya Sabha,West Bengal,Sitting Rajya Sabha,,,KHARAGPUR-II,Lachhmapur,Normal/Others,NA - Installing tube-wells and borewells,DISTRICT MAGISTRATE PASCHIM MEDINIPUR_IDA,2023-07-06,Action Pending,200000,Unsanctioned
MPLADS-058068,SH Derek o Brien,Rajya Sabha,West Bengal,Sitting Rajya Sabha,,,KHARAGPUR-II,Paparara,Normal/Others,NA - Installing tube-wells and borewells,DISTRICT MAGISTRATE PASCHIM MEDINIPUR_IDA,2023-07-06,Action Pending,200000,Unsanctioned
MPLADS-058069,SH Derek o Brien,Rajya Sabha,West Bengal,Sitting Rajya Sabha,,,KHARAGPUR-II,Abhirampur,Normal/Others,NA - Installing tube-wells and borewells,DISTRICT MAGISTRATE PASCHIM MEDINIPUR_IDA,2023-07-06,Action Pending,200000,Unsanctioned
MPLADS-058070,SH Derek o Brien,Rajya Sabha,West Bengal,Sitting Rajya Sabha,,,KHARAGPUR-II,Akasya,Normal/Others,NA - Installing tube-wells and borewells,DISTRICT MAGISTRATE PASCHIM MEDINIPUR_IDA,2023-07-06,Action Pending,200000,Unsanctioned
MPLADS-058071,SH Derek o Brien,Rajya Sabha,West Bengal,Sitting Rajya Sabha,,,KHARAGPUR-II,Alichak,Normal/Others,NA - Installing tube-wells and borewells,DISTRICT MAGISTRATE PASCHIM MEDINIPUR_IDA,2023-07-06,Action Pending,200000,Unsanctioned
MPLADS-058084,SH Derek o Brien,Rajya Sabha,West Bengal,Sitting Rajya Sabha,,,KHARAGPUR-II,Amodpur,Normal/Others,NA - Installing tube-wells and borewells,DISTRICT MAGISTRATE PASCHIM MEDINIPUR_IDA,2023-07-06,Action Pending,200000,Unsanctioned
MPLADS-058092,SH Derek o Brien,Rajya Sabha,West Bengal,Sitting Rajya Sabha,,,KHARAGPUR-II,Amchhata,Normal/Others,NA - Installing tube-wells and borewells,DISTRICT MAGISTRATE PASCHIM MEDINIPUR_IDA,2023-07-06,Action Pending,200000,Unsanctioned
MPLADS-058093,SH Derek o Brien,Rajya Sabha,West Bengal,Sitting Rajya Sabha,,,KHARAGPUR-II,Atra,Normal/Others,NA - Installing tube-wells and borewells,DISTRICT MAGISTRATE PASCHIM MEDINIPUR_IDA,2023-07-06,Action Pending,200000,Unsanctioned
MPLADS-058094,SH Derek o Brien,Rajya Sabha,West Bengal,Sitting Rajya Sabha,,,KHARAGPUR-II,Amulpur,Normal/Others,NA - Installing tube-wells and borewells,DISTRICT MAGISTRATE PASCHIM MEDINIPUR_IDA,2023-07-06,Action Pending,200000,Unsanctioned
MPLADS-058095,SH Derek o Brien,Rajya Sabha,West Bengal,Sitting Rajya Sabha,,,DEBRA,Jalimanda,Normal/Others,NA - Installing tube-wells and borewells,DISTRICT MAGISTRATE PASCHIM MEDINIPUR_IDA,2023-07-06,Action Pending,200000,Unsanctioned
MPLADS-058096,SHRI Sukhendu Sekhar Ray,Rajya Sabha,West Bengal,Sitting Rajya Sabha,,,MAYNAGURI,Saptibari,Normal/Others,NA - Installing tube-wells and borewells,DISTRICT MAGISTRATE JALPAIGURI_IDA,2023-07-06,Action Pending,200000,Unsanctioned
MPLADS-058097,SHRI Sukhendu Sekhar Ray,Rajya Sabha,West Bengal,Sitting Rajya Sabha,,,JALPAIGURI,Bhelakoba,Normal/Others,NA - Installing tube-wells and borewells,DISTRICT MAGISTRATE JALPAIGURI_IDA,2023-07-06,Action Pending,200000,Unsanctioned
MPLADS-058098,SH Derek o Brien,Rajya Sabha,West Bengal,Sitting Rajya Sabha,,,DEBRA,Aikola,Normal/Others,NA - Installing tube-wells and borewells,DISTRICT MAGISTRATE PASCHIM MEDINIPUR_IDA,2023-07-06,Action Pending,200000,Unsanctioned
MPLADS-058099,SH Derek o Brien,Rajya Sabha,West Bengal,Sitting Rajya Sabha,,,DEBRA,Ajmatpur,Normal/Others,NA - Installing tube-wells and borewells,DISTRICT MAGISTRATE PASCHIM MEDINIPUR_IDA,2023-07-06,Action Pending,200000,Unsanctioned
MPLADS-058100,SH Derek o Brien,Rajya Sabha,West Bengal,Sitting Rajya Sabha,,,DEBRA,Abdalipur,Normal/Others,NA - Installing tube-wells and borewells,DISTRICT MAGISTRATE PASCHIM MEDINIPUR_IDA,2023-07-06,Action Pending,200000,Unsanctioned
MPLADS-058101,SH Derek o Brien,Rajya Sabha,West Bengal,Sitting Rajya Sabha,,,DEBRA,Ajodhyapur,Normal/Others,NA - Installing tube-wells and borewells,DISTRICT MAGISTRATE PASCHIM MEDINIPUR_IDA,2023-07-06,Action Pending,200000,Unsanctioned
MPLADS-058102,SH Derek o Brien,Rajya Sabha,West Bengal,Sitting Rajya Sabha,,,DEBRA,Jalimanda,Normal/Others,NA - Installing tube-wells and borewells,DISTRICT MAGISTRATE PASCHIM MEDINIPUR_IDA,2023-07-06,Action Pending,200000,Unsanctioned
MPLADS-058103,SH Derek o Brien,Rajya Sabha,West Bengal,Sitting Rajya Sabha,,,DEBRA,Golgram,Normal/Others,NA - Installing tube-wells and borewells,DISTRICT MAGISTRATE PASCHIM MEDINIPUR_IDA,2023-07-06,Action Pending,200000,Unsanctioned
MPLADS-058105,SH Derek o Brien,Rajya Sabha,West Bengal,Sitting Rajya Sabha,,,DEBRA,Golgram,Normal/Others,NA - Installing tube-wells and borewells,DISTRICT MAGISTRATE PASCHIM MEDINIPUR_IDA,2023-07-06,Action Pending,200000,Unsanctioned
MPLADS-058106,SH Derek o Brien,Rajya Sabha,West Bengal,Sitting Rajya Sabha,,,MIDNAPORE,Chandra,Normal/Others,NA - Installing tube-wells and borewells,DISTRICT MAGISTRATE PASCHIM MEDINIPUR_IDA,2023-07-06,Action Pending,200000,Unsanctioned
MPLADS-058107,SH Derek o Brien,Rajya Sabha,West Bengal,Sitting Rajya Sabha,,,MIDNAPORE,Chandra,Normal/Others,NA - Installing tube-wells and borewells,DISTRICT MAGISTRATE PASCHIM MEDINIPUR_IDA,2023-07-06,Action Pending,200000,Unsanctioned
MPLADS-058108,SH Derek o Brien,Rajya Sabha,West Bengal,Sitting Rajya Sabha,,,MIDNAPORE,Kankabati,Normal/Others,NA - Installing tube-wells and borewells,DISTRICT MAGISTRATE PASCHIM MEDINIPUR_IDA,2023-07-06,Action Pending,200000,Unsanctioned
MPLADS-058109,SH Derek o Brien,Rajya Sabha,West Bengal,Sitting Rajya Sabha,,,MIDNAPORE,Kachra,Normal/Others,NA - Installing tube-wells and borewells,DISTRICT MAGISTRATE PASCHIM MEDINIPUR_IDA,2023-07-06,Action Pending,200000,Unsanctioned
MPLADS-058110,SH Derek o Brien,Rajya Sabha,West Bengal,Sitting Rajya Sabha,,,MIDNAPORE,Panchkhuri,Normal/Others,NA - Installing tube-wells and borewells,DISTRICT MAGISTRATE PASCHIM MEDINIPUR_IDA,2023-07-06,Action Pending,200000,Unsanctioned
MPLADS-058111,SH Derek o Brien,Rajya Sabha,West Bengal,Sitting Rajya Sabha,,,MIDNAPORE,Panchkhuri,Normal/Others,NA - Installing tube-wells and borewells,DISTRICT MAGISTRATE PASCHIM MEDINIPUR_IDA,2023-07-06,Action Pending,200000,Unsanctioned
MPLADS-058112,SHRI Sukhendu Sekhar Ray,Rajya Sabha,West Bengal,Sitting Rajya Sabha,,,MAYNAGURI,Saptibari,Normal/Others,NA - Installing tube-wells and borewells,DISTRICT MAGISTRATE JALPAIGURI_IDA,2023-07-06,Action Pending,200000,Unsanctioned
MPLADS-058113,SHRI Sukhendu Sekhar Ray,Rajya Sabha,West Bengal,Sitting Rajya Sabha,,,MAYNAGURI,Saptibari,Normal/Others,NA - Installing tube-wells and borewells,DISTRICT MAGISTRATE JALPAIGURI_IDA,2023-07-06,Action Pending,200000,Unsanctioned
MPLADS-058114,SHRI Sukhendu Sekhar Ray,Rajya Sabha,West Bengal,Sitting Rajya Sabha,,,MAYNAGURI,Saptibari,Normal/Others,NA - Installing tube-wells and borewells,DISTRICT MAGISTRATE JALPAIGURI_IDA,2023-07-06,Action Pending,200000,Unsanctioned
MPLADS-058115,SHRI Sukhendu Sekhar Ray,Rajya Sabha,West Bengal,Sitting Rajya Sabha,,,JALPAIGURI,Kharija Berubari,Normal/Others,NA - Installing tube-wells and borewells,DISTRICT MAGISTRATE JALPAIGURI_IDA,2023-07-06,Action Pending,200000,Unsanctioned
MPLADS-058116,SH Derek o Brien,Rajya Sabha,West Bengal,Sitting Rajya Sabha,,,KHARAGPUR-II,Atrakhi,Normal/Others,NA - Installing tube-wells and borewells,DISTRICT MAGISTRATE PASCHIM MEDINIPUR_IDA,2023-07-06,Action Pending,200000,Unsanctioned
MPLADS-058117,SHRI Sukhendu Sekhar Ray,Rajya Sabha,West Bengal,Sitting Rajya Sabha,,,RAJGANJ,Dabgram (P) (CT),Normal/Others,NA - Installing tube-wells and borewells,DISTRICT MAGISTRATE JALPAIGURI_IDA,2023-07-06,Action Pending,200000,Unsanctioned
MPLADS-058118,SHRI Sukhendu Sekhar Ray,Rajya Sabha,West Bengal,Sitting Rajya Sabha,,,RAJGANJ,Dabgram (P) (CT),Normal/Others,NA - Installing tube-wells and borewells,DISTRICT MAGISTRATE JALPAIGURI_IDA,2023-07-06,Action Pending,200000,Unsanctioned
MPLADS-058119,SHRI Sukhendu Sekhar Ray,Rajya Sabha,West Bengal,Sitting Rajya Sabha,,,RAJGANJ,Dabgram (P) (CT),Normal/Others,NA - Installing tube-wells and borewells,DISTRICT MAGISTRATE JALPAIGURI_IDA,2023-07-06,Action Pending,200000,Unsanctioned
MPLADS-058120,SHRI Sukhendu Sekhar Ray,Rajya Sabha,West Bengal,Sitting Rajya Sabha,,,RAJGANJ,Dabgram (P) (CT),Normal/Others,NA - Installing tube-wells and borewells,DISTRICT MAGISTRATE JALPAIGURI_IDA,2023-07-06,Action Pending,200000,Unsanctioned
MPLADS-058121,SHRI Sukhendu Sekhar Ray,Rajya Sabha,West Bengal,Sitting Rajya Sabha,,,RAJGANJ,Dabgram (P) (CT),Normal/Others,NA - Installing tube-wells and borewells,DISTRICT MAGISTRATE JALPAIGURI_IDA,2023-07-06,Action Pending,200000,Unsanctioned
MPLADS-058122,SHRI Sukhendu Sekhar Ray,Rajya Sabha,West Bengal,Sitting Rajya Sabha,,,RAJGANJ,Binnaguri (CT),Normal/Others,NA - Installing tube-wells and borewells,DISTRICT MAGISTRATE JALPAIGURI_IDA,2023-07-06,Action Pending,200000,Unsanctioned
MPLADS-058123,SHRI Sukhendu Sekhar Ray,Rajya Sabha,West Bengal,Sitting Rajya Sabha,,,RAJGANJ,Binnaguri (CT),Normal/Others,NA - Installing tube-wells and borewells,DISTRICT MAGISTRATE JALPAIGURI_IDA,2023-07-06,Action Pending,200000,Unsanctioned
MPLADS-058124,SHRI Sukhendu Sekhar Ray,Rajya Sabha,West Bengal,Sitting Rajya Sabha,,,RAJGANJ,Binnaguri (CT),Normal/Others,NA - Installing tube-wells and borewells,DISTRICT MAGISTRATE JALPAIGURI_IDA,2023-07-06,Action Pending,200000,Unsanctioned
MPLADS-058125,SHRI Sukhendu Sekhar Ray,Rajya Sabha,West Bengal,Sitting Rajya Sabha,,,RAJGANJ,Binnaguri (CT),Normal/Others,NA - Installing tube-wells and borewells,DISTRICT MAGISTRATE JALPAIGURI_IDA,2023-07-06,Action Pending,200000,Unsanctioned
MPLADS-058126,SHRI Sukhendu Sekhar Ray,Rajya Sabha,West Bengal,Sitting Rajya Sabha,,,RAJGANJ,Binnaguri (CT),Normal/Others,NA - Installing tube-wells and borewells,DISTRICT MAGISTRATE JALPAIGURI_IDA,2023-07-06,Action Pending,200000,Unsanctioned
MPLADS-058127,SHRI Sukhendu Sekhar Ray,Rajya Sabha,West Bengal,Sitting Rajya Sabha,,,JALPAIGURI,Kharija Berubari,Normal/Others,NA - Installing tube-wells and borewells,DISTRICT MAGISTRATE JALPAIGURI_IDA,2023-07-06,Action Pending,200000,Unsanctioned
MPLADS-058128,SHRI Sukhendu Sekhar Ray,Rajya Sabha,West Bengal,Sitting Rajya Sabha,,,JALPAIGURI,Kharija Berubari,Normal/Others,NA - Installing tube-wells and borewells,DISTRICT MAGISTRATE JALPAIGURI_IDA,2023-07-06,Action Pending,200000,Unsanctioned
MPLADS-058129,SHRI Sukhendu Sekhar Ray,Rajya Sabha,West Bengal,Sitting Rajya Sabha,,,JALPAIGURI,Kharija Berubari,Normal/Others,NA - Installing tube-wells and borewells,DISTRICT MAGISTRATE JALPAIGURI_IDA,2023-07-06,Action Pending,200000,Unsanctioned
MPLADS-058130,SHRI Sukhendu Sekhar Ray,Rajya Sabha,West Bengal,Sitting Rajya Sabha,,,JALPAIGURI,Kharija Berubari,Normal/Others,NA - Installing tube-wells and borewells,DISTRICT MAGISTRATE JALPAIGURI_IDA,2023-07-06,Action Pending,200000,Unsanctioned
MPLADS-058173,SH Derek o Brien,Rajya Sabha,West Bengal,Sitting Rajya Sabha,,,MIDNAPORE,Pathra,Normal/Others,NA - Installing tube-wells and borewells,DISTRICT MAGISTRATE PASCHIM MEDINIPUR_IDA,2023-07-06,Action Pending,200000,Unsanctioned
MPLADS-058211,SH Derek o Brien,Rajya Sabha,West Bengal,Sitting Rajya Sabha,,,MIDNAPORE,Panchkhuri,Normal/Others,NA - Installing tube-wells and borewells,DISTRICT MAGISTRATE PASCHIM MEDINIPUR_IDA,2023-07-06,Action Pending,200000,Unsanctioned
MPLADS-058212,SHRI Sukhendu Sekhar Ray,Rajya Sabha,West Bengal,Sitting Rajya Sabha,,,JALPAIGURI,Kharija Berubari,Normal/Others,NA - Installing tube-wells and borewells,DISTRICT MAGISTRATE JALPAIGURI_IDA,2023-07-06,Action Pending,200000,Unsanctioned
MPLADS-058213,SH Derek o Brien,Rajya Sabha,West Bengal,Sitting Rajya Sabha,,,MIDNAPORE,Pathra,Normal/Others,NA - Installing tube-wells and borewells,DISTRICT MAGISTRATE PASCHIM MEDINIPUR_IDA,2023-07-06,Action Pending,200000,Unsanctioned
MPLADS-058214,SH Derek o Brien,Rajya Sabha,West Bengal,Sitting Rajya Sabha,,,MIDNAPORE,Chandra,Normal/Others,NA - Installing tube-wells and borewells,DISTRICT MAGISTRATE PASCHIM MEDINIPUR_IDA,2023-07-06,Action Pending,200000,Unsanctioned
MPLADS-058215,SH Derek o Brien,Rajya Sabha,West Bengal,Sitting Rajya Sabha,,,KESHPUR,Golar,Normal/Others,NA - Installing tube-wells and borewells,DISTRICT MAGISTRATE PASCHIM MEDINIPUR_IDA,2023-07-06,Action Pending,200000,Unsanctioned
MPLADS-058216,SH Derek o Brien,Rajya Sabha,West Bengal,Sitting Rajya Sabha,,,KESHPUR,Golar,Normal/Others,NA - Installing tube-wells and borewells,DISTRICT MAGISTRATE PASCHIM MEDINIPUR_IDA,2023-07-06,Action Pending,200000,Unsanctioned
MPLADS-058217,SH Derek o Brien,Rajya Sabha,West Bengal,Sitting Rajya Sabha,,,KESHPUR,Sirsa,Normal/Others,NA - Installing tube-wells and borewells,DISTRICT MAGISTRATE PASCHIM MEDINIPUR_IDA,2023-07-06,Action Pending,200000,Unsanctioned
MPLADS-058218,SH Derek o Brien,Rajya Sabha,West Bengal,Sitting Rajya Sabha,,,KESHPUR,Sirsa,Normal/Others,NA - Installing tube-wells and borewells,DISTRICT MAGISTRATE PASCHIM MEDINIPUR_IDA,2023-07-06,Action Pending,200000,Unsanctioned
MPLADS-058219,SH Derek o Brien,Rajya Sabha,West Bengal,Sitting Rajya Sabha,,,MIDNAPORE,Shiromani,Normal/Others,NA - Installing tube-wells and borewells,DISTRICT MAGISTRATE PASCHIM MEDINIPUR_IDA,2023-07-06,Action Pending,200000,Unsanctioned
MPLADS-058220,SH Derek o Brien,Rajya Sabha,West Bengal,Sitting Rajya Sabha,,,MIDNAPORE,Pathra,Normal/Others,NA - Installing tube-wells and borewells,DISTRICT MAGISTRATE PASCHIM MEDINIPUR_IDA,2023-07-06,Action Pending,200000,Unsanctioned
MPLADS-058221,SH Derek o Brien,Rajya Sabha,West Bengal,Sitting Rajya Sabha,,,MIDNAPORE,Dherua,Normal/Others,NA - Installing tube-wells and borewells,DISTRICT MAGISTRATE PASCHIM MEDINIPUR_IDA,2023-07-06,Action Pending,200000,Unsanctioned
MPLADS-058222,SH Derek o Brien,Rajya Sabha,West Bengal,Sitting Rajya Sabha,,,MIDNAPORE,Chandra,Normal/Others,NA - Installing tube-wells and borewells,DISTRICT MAGISTRATE PASCHIM MEDINIPUR_IDA,2023-07-06,Action Pending,200000,Unsanctioned
MPLADS-058223,SHRI Sukhendu Sekhar Ray,Rajya Sabha,West Bengal,Sitting Rajya Sabha,,,MURARAI-I,Kalitara,Normal/Others,WS/MP214/2023-2024/2570 - Installing tube-wells and borewells,DISTRICT MAGISTRATE BIRBHUM_IDA,2023-07-06,Approved by IDA,200000,Sanctioned
MPLADS-058224,SH Derek o Brien,Rajya Sabha,West Bengal,Sitting Rajya Sabha,,,MIDNAPORE,Chandra,Normal/Others,NA - Installing tube-wells and borewells,DISTRICT MAGISTRATE PASCHIM MEDINIPUR_IDA,2023-07-06,Action Pending,200000,Unsanctioned
MPLADS-058225,SH Derek o Brien,Rajya Sabha,West Bengal,Sitting Rajya Sabha,,,MIDNAPORE,Chandra,Normal/Others,NA - Installing tube-wells and borewells,DISTRICT MAGISTRATE PASCHIM MEDINIPUR_IDA,2023-07-06,Action Pending,200000,Unsanctioned
MPLADS-058226,SH Derek o Brien,Rajya Sabha,West Bengal,Sitting Rajya Sabha,,,MIDNAPORE,Chandra,Normal/Others,NA - Installing tube-wells and borewells,DISTRICT MAGISTRATE PASCHIM MEDINIPUR_IDA,2023-07-06,Action Pending,200000,Unsanctioned
MPLADS-058227,SH Derek o Brien,Rajya Sabha,West Bengal,Sitting Rajya Sabha,,,MIDNAPORE,Chandra,Normal/Others,NA - Installing tube-wells and borewells,DISTRICT MAGISTRATE PASCHIM MEDINIPUR_IDA,2023-07-06,Action Pending,200000,Unsanctioned
MPLADS-058228,SH Derek o Brien,Rajya Sabha,West Bengal,Sitting Rajya Sabha,,,MIDNAPORE,Chandra,Normal/Others,NA - Installing tube-wells and borewells,DISTRICT MAGISTRATE PASCHIM MEDINIPUR_IDA,2023-07-06,Action Pending,200000,Unsanctioned
MPLADS-058229,SH Derek o Brien,Rajya Sabha,West Bengal,Sitting Rajya Sabha,,,MIDNAPORE,Chandra,Normal/Others,NA - Installing tube-wells and borewells,DISTRICT MAGISTRATE PASCHIM MEDINIPUR_IDA,2023-07-06,Action Pending,200000,Unsanctioned
MPLADS-058230,SH Derek o Brien,Rajya Sabha,West Bengal,Sitting Rajya Sabha,,,MIDNAPORE,Chandra,Normal/Others,NA - Installing tube-wells and borewells,DISTRICT MAGISTRATE PASCHIM MEDINIPUR_IDA,2023-07-06,Action Pending,200000,Unsanctioned
MPLADS-058231,SH Derek o Brien,Rajya Sabha,West Bengal,Sitting Rajya Sabha,,,KESHPUR,Amanpur,Normal/Others,NA - Installing tube-wells and borewells,DISTRICT MAGISTRATE PASCHIM MEDINIPUR_IDA,2023-07-06,Action Pending,200000,Unsanctioned
MPLADS-058232,SH Derek o Brien,Rajya Sabha,West Bengal,Sitting Rajya Sabha,,,DASPUR-II,Chanipat,Normal/Others,NA - Installing tube-wells and borewells,DISTRICT MAGISTRATE PASCHIM MEDINIPUR_IDA,2023-07-06,Action Pending,200000,Unsanctioned
MPLADS-058233,SH Derek o Brien,Rajya Sabha,West Bengal,Sitting Rajya Sabha,,,DASPUR-II,Benai,Normal/Others,NA - Installing tube-wells and borewells,DISTRICT MAGISTRATE PASCHIM MEDINIPUR_IDA,2023-07-06,Action Pending,200000,Unsanctioned
MPLADS-058234,SH Derek o Brien,Rajya Sabha,West Bengal,Sitting Rajya Sabha,,,DASPUR-II,Sahachak,Normal/Others,NA - Installing tube-wells and borewells,DISTRICT MAGISTRATE PASCHIM MEDINIPUR_IDA,2023-07-06,Action Pending,200000,Unsanctioned
MPLADS-058235,SHRI Sukhendu Sekhar Ray,Rajya Sabha,West Bengal,Sitting Rajya Sabha,,,MURARAI-I,Dalima,Normal/Others,WS/MP214/2023-2024/2572 - Installing tube-wells and borewells,DISTRICT MAGISTRATE BIRBHUM_IDA,2023-07-06,Approved by IDA,200000,Sanctioned
MPLADS-058236,SHRI Sukhendu Sekhar Ray,Rajya Sabha,West Bengal,Sitting Rajya Sabha,,,MURARAI-II,Kathia,Normal/Others,NA - Installing tube-wells and borewells,DISTRICT MAGISTRATE BIRBHUM_IDA,2023-07-06,Action Pending,200000,Unsanctioned
MPLADS-058237,SH Derek o Brien,Rajya Sabha,West Bengal,Sitting Rajya Sabha,,,MIDNAPORE,Pathra,Normal/Others,NA - Installing tube-wells and borewells,DISTRICT MAGISTRATE PASCHIM MEDINIPUR_IDA,2023-07-06,Action Pending,200000,Unsanctioned
MPLADS-058238,SH Derek o Brien,Rajya Sabha,West Bengal,Sitting Rajya Sabha,,,KHARAGPUR-I,Kalaikunda (CT),Normal/Others,NA - Installing tube-wells and borewells,DISTRICT MAGISTRATE PASCHIM MEDINIPUR_IDA,2023-07-06,Action Pending,200000,Unsanctioned
MPLADS-058239,SH Derek o Brien,Rajya Sabha,West Bengal,Sitting Rajya Sabha,,,KHARAGPUR-I,Kalaikunda (CT),Normal/Others,NA - Installing tube-wells and borewells,DISTRICT MAGISTRATE PASCHIM MEDINIPUR_IDA,2023-07-06,Action Pending,200000,Unsanctioned
MPLADS-058240,SH Derek o Brien,Rajya Sabha,West Bengal,Sitting Rajya Sabha,,,KHARAGPUR-I,Khelar,Normal/Others,NA - Installing tube-wells and borewells,DISTRICT MAGISTRATE PASCHIM MEDINIPUR_IDA,2023-07-06,Action Pending,200000,Unsanctioned
MPLADS-058241,SH Derek o Brien,Rajya Sabha,West Bengal,Sitting Rajya Sabha,,,KHARAGPUR-I,Hariatara,Normal/Others,NA - Installing tube-wells and borewells,DISTRICT MAGISTRATE PASCHIM MEDINIPUR_IDA,2023-07-06,Action Pending,200000,Unsanctioned
MPLADS-058242,SH Derek o Brien,Rajya Sabha,West Bengal,Sitting Rajya Sabha,,,KHARAGPUR-I,Hariatara,Normal/Others,NA - Installing tube-wells and borewells,DISTRICT MAGISTRATE PASCHIM MEDINIPUR_IDA,2023-07-06,Action Pending,200000,Unsanctioned
MPLADS-058243,SH Derek o Brien,Rajya Sabha,West Bengal,Sitting Rajya Sabha,,,KHARAGPUR-I,Hariatara,Normal/Others,NA - Installing tube-wells and borewells,DISTRICT MAGISTRATE PASCHIM MEDINIPUR_IDA,2023-07-06,Action Pending,200000,Unsanctioned
MPLADS-058244,SH Derek o Brien,Rajya Sabha,West Bengal,Sitting Rajya Sabha,,,KHARAGPUR-I,Arjuni,Normal/Others,NA - Installing tube-wells and borewells,DISTRICT MAGISTRATE PASCHIM MEDINIPUR_IDA,2023-07-06,Action Pending,200000,Unsanctioned
MPLADS-058245,SH Derek o Brien,Rajya Sabha,West Bengal,Sitting Rajya Sabha,,,KHARAGPUR-I,Arjuni,Normal/Others,NA - Installing tube-wells and borewells,DISTRICT MAGISTRATE PASCHIM MEDINIPUR_IDA,2023-07-06,Action Pending,200000,Unsanctioned
MPLADS-058246,SH Derek o Brien,Rajya Sabha,West Bengal,Sitting Rajya Sabha,,,KHARAGPUR-I,Arjuni,Normal/Others,NA - Installing tube-wells and borewells,DISTRICT MAGISTRATE PASCHIM MEDINIPUR_IDA,2023-07-06,Action Pending,200000,Unsanctioned
MPLADS-058247,SH Derek o Brien,Rajya Sabha,West Bengal,Sitting Rajya Sabha,,,DASPUR-II,Khanjapur,Normal/Others,NA - Installing tube-wells and borewells,DISTRICT MAGISTRATE PASCHIM MEDINIPUR_IDA,2023-07-06,Action Pending,200000,Unsanctioned
MPLADS-058248,SH Derek o Brien,Rajya Sabha,West Bengal,Sitting Rajya Sabha,,,DASPUR-II,Ranichak,Normal/Others,NA - Installing tube-wells and borewells,DISTRICT MAGISTRATE PASCHIM MEDINIPUR_IDA,2023-07-06,Action Pending,200000,Unsanctioned
MPLADS-058249,SH Derek o Brien,Rajya Sabha,West Bengal,Sitting Rajya Sabha,,,DASPUR-II,Ranichak,Normal/Others,NA - Installing tube-wells and borewells,DISTRICT MAGISTRATE PASCHIM MEDINIPUR_IDA,2023-07-06,Action Pending,200000,Unsanctioned
MPLADS-058250,SH Derek o Brien,Rajya Sabha,West Bengal,Sitting Rajya Sabha,,,MIDNAPORE,Chandra,Normal/Others,NA - Installing tube-wells and borewells,DISTRICT MAGISTRATE PASCHIM MEDINIPUR_IDA,2023-07-06,Action Pending,200000,Unsanctioned
MPLADS-058251,SH Derek o Brien,Rajya Sabha,West Bengal,Sitting Rajya Sabha,,,MIDNAPORE,Chandra,Normal/Others,NA - Installing tube-wells and borewells,DISTRICT MAGISTRATE PASCHIM MEDINIPUR_IDA,2023-07-06,Action Pending,200000,Unsanctioned
MPLADS-058252,SH Derek o Brien,Rajya Sabha,West Bengal,Sitting Rajya Sabha,,,MIDNAPORE,Kankabati,Normal/Others,NA - Installing tube-wells and borewells,DISTRICT MAGISTRATE PASCHIM MEDINIPUR_IDA,2023-07-06,Action Pending,200000,Unsanctioned
MPLADS-058253,SHRI Sukhendu Sekhar Ray,Rajya Sabha,West Bengal,Sitting Rajya Sabha,,,SURI-I,Dhulla,Normal/Others,WS/MP214/2023-2024/2660 - Installing tube-wells and borewells,DISTRICT MAGISTRATE BIRBHUM_IDA,2023-07-06,Approved by IDA,200000,Unsanctioned
MPLADS-058269,SHRI Sukhendu Sekhar Ray,Rajya Sabha,West Bengal,Sitting Rajya Sabha,,,SURI-I,Singur,Normal/Others,WS/MP214/2023-2024/2661 - Installing tube-wells and borewells,DISTRICT MAGISTRATE BIRBHUM_IDA,2023-07-06,Approved by IDA,200000,Unsanctioned
MPLADS-058270,SHRI Sukhendu Sekhar Ray,Rajya Sabha,West Bengal,Sitting Rajya Sabha,,,NALHATI-I,Laskarpur,Normal/Others,NA - Installing tube-wells and borewells,DISTRICT MAGISTRATE BIRBHUM_IDA,2023-07-06,Action Pending,200000,Unsanctioned
MPLADS-058271,SHRI Sukhendu Sekhar Ray,Rajya Sabha,West Bengal,Sitting Rajya Sabha,,,NALHATI-I,Banior,Normal/Others,NA - Installing tube-wells and borewells,DISTRICT MAGISTRATE BIRBHUM_IDA,2023-07-06,Action Pending,200000,Unsanctioned
MPLADS-058272,SHRI Sukhendu Sekhar Ray,Rajya Sabha,West Bengal,Sitting Rajya Sabha,,,KHOYRASOL,Amlakuri,Normal/Others,NA - Installing tube-wells and borewells,DISTRICT MAGISTRATE BIRBHUM_IDA,2023-07-06,Action Pending,200000,Unsanctioned
MPLADS-058273,SHRI Sukhendu Sekhar Ray,Rajya Sabha,West Bengal,Sitting Rajya Sabha,,,NALHATI-I,Bautia,Normal/Others,NA - Installing tube-wells and borewells,DISTRICT MAGISTRATE BIRBHUM_IDA,2023-07-06,Action Pending,200000,Unsanctioned
MPLADS-058274,SHRI Sukhendu Sekhar Ray,Rajya Sabha,West Bengal,Sitting Rajya Sabha,,,SURI-I,Adda,Normal/Others,WS/MP214/2023-2024/2644 - Installing tube-wells and borewells,DISTRICT MAGISTRATE BIRBHUM_IDA,2023-07-06,Approved by IDA,200000,Unsanctioned
MPLADS-058275,SHRI Sukhendu Sekhar Ray,Rajya Sabha,West Bengal,Sitting Rajya Sabha,,,SURI-I,Joka,Normal/Others,WS/MP214/2023-2024/2645 - Installing tube-wells and borewells,DISTRICT MAGISTRATE BIRBHUM_IDA,2023-07-06,Approved by IDA,200000,Unsanctioned
MPLADS-058276,SHRI Sukhendu Sekhar Ray,Rajya Sabha,West Bengal,Sitting Rajya Sabha,,,RAJNAGAR,Patalpur,Normal/Others,NA - Installing tube-wells and borewells,DISTRICT MAGISTRATE BIRBHUM_IDA,2023-07-06,Action Pending,200000,Unsanctioned
MPLADS-058277,SHRI Sukhendu Sekhar Ray,Rajya Sabha,West Bengal,Sitting Rajya Sabha,,,RAJNAGAR,Jaypur,Normal/Others,NA - Installing tube-wells and borewells,DISTRICT MAGISTRATE BIRBHUM_IDA,2023-07-06,Action Pending,200000,Unsanctioned
MPLADS-058278,SHRI Sukhendu Sekhar Ray,Rajya Sabha,West Bengal,Sitting Rajya Sabha,,,MOHAMMAD BAZAR,Chanda,Normal/Others,NA - Installing tube-wells and borewells,DISTRICT MAGISTRATE BIRBHUM_IDA,2023-07-06,Action Pending,200000,Unsanctioned
MPLADS-058279,SHRI Sukhendu Sekhar Ray,Rajya Sabha,West Bengal,Sitting Rajya Sabha,,,MOHAMMAD BAZAR,Alinagar,Normal/Others,NA - Installing tube-wells and borewells,DISTRICT MAGISTRATE BIRBHUM_IDA,2023-07-06,Action Pending,200000,Unsanctioned
MPLADS-058280,SHRI Sukhendu Sekhar Ray,Rajya Sabha,West Bengal,Sitting Rajya Sabha,,,MAYURESWAR-I,Amba,Normal/Others,NA - Installing tube-wells and borewells,DISTRICT MAGISTRATE BIRBHUM_IDA,2023-07-06,Action Pending,200000,Unsanctioned
MPLADS-058281,SHRI Sukhendu Sekhar Ray,Rajya Sabha,West Bengal,Sitting Rajya Sabha,,,MAYURESWAR-I,Bahina,Normal/Others,NA - Installing tube-wells and borewells,DISTRICT MAGISTRATE BIRBHUM_IDA,2023-07-06,Action Pending,200000,Unsanctioned
MPLADS-058282,SHRI Sukhendu Sekhar Ray,Rajya Sabha,West Bengal,Sitting Rajya Sabha,,,MAYURESWAR-II,Balur,Normal/Others,WS/MP214/2023-2024/2652 - Installing tube-wells and borewells,DISTRICT MAGISTRATE BIRBHUM_IDA,2023-07-06,Approved by IDA,200000,Unsanctioned
MPLADS-058283,SHRI Sukhendu Sekhar Ray,Rajya Sabha,West Bengal,Sitting Rajya Sabha,,,MAYURESWAR-II,Akulpur,Normal/Others,WS/MP214/2023-2024/2653 - Installing tube-wells and borewells,DISTRICT MAGISTRATE BIRBHUM_IDA,2023-07-06,Approved by IDA,200000,Unsanctioned
MPLADS-058284,SHRI Sukhendu Sekhar Ray,Rajya Sabha,West Bengal,Sitting Rajya Sabha,,,RAMPURHAT-II,Chandipur,Normal/Others,NA - Installing tube-wells and borewells,DISTRICT MAGISTRATE BIRBHUM_IDA,2023-07-06,Action Pending,200000,Unsanctioned
MPLADS-058285,SHRI Sukhendu Sekhar Ray,Rajya Sabha,West Bengal,Sitting Rajya Sabha,,,RAMPURHAT-II,Tarapur,Normal/Others,NA - Installing tube-wells and borewells,DISTRICT MAGISTRATE BIRBHUM_IDA,2023-07-06,Action Pending,200000,Unsanctioned
MPLADS-058286,SHRI Sukhendu Sekhar Ray,Rajya Sabha,West Bengal,Sitting Rajya Sabha,,,RAMPURHAT-II,Nabagram,Normal/Others,NA - Installing tube-wells and borewells,DISTRICT MAGISTRATE BIRBHUM_IDA,2023-07-06,Action Pending,200000,Unsanctioned
MPLADS-058287,SHRI Sukhendu Sekhar Ray,Rajya Sabha,West Bengal,Sitting Rajya Sabha,,,KHOYRASOL,Aliat,Normal/Others,NA - Installing tube-wells and borewells,DISTRICT MAGISTRATE BIRBHUM_IDA,2023-07-06,Action Pending,200000,Unsanctioned
MPLADS-058288,SHRI Sukhendu Sekhar Ray,Rajya Sabha,West Bengal,Sitting Rajya Sabha,,,MURARAI-I,Bandhaipur,Normal/Others,WS/MP214/2023-2024/2571 - Installing tube-wells and borewells,DISTRICT MAGISTRATE BIRBHUM_IDA,2023-07-06,Approved by IDA,200000,Sanctioned
MPLADS-058289,SHRI Sukhendu Sekhar Ray,Rajya Sabha,West Bengal,Sitting Rajya Sabha,,,MURARAI-II,Amdol,Normal/Others,NA - Installing tube-wells and borewells,DISTRICT MAGISTRATE BIRBHUM_IDA,2023-07-06,Action Pending,200000,Unsanctioned
MPLADS-058290,SH Derek o Brien,Rajya Sabha,West Bengal,Sitting Rajya Sabha,,,GARBETA-I,Nalbana,Normal/Others,NA - Installing tube-wells and borewells,DISTRICT MAGISTRATE PASCHIM MEDINIPUR_IDA,2023-07-06,Action Pending,200000,Unsanctioned
MPLADS-058291,SHRI Sukhendu Sekhar Ray,Rajya Sabha,West Bengal,Sitting Rajya Sabha,,,MURARAI-I,Harinduba,Normal/Others,WS/MP214/2023-2024/2560 - Installing tube-wells and borewells,DISTRICT MAGISTRATE BIRBHUM_IDA,2023-07-06,Approved by IDA,200000,Unsanctioned
MPLADS-058292,SHRI Sukhendu Sekhar Ray,Rajya Sabha,West Bengal,Sitting Rajya Sabha,,,MURARAI-I,Birnagar,Normal/Others,WS/MP214/2023-2024/2555 - Installing tube-wells and borewells,DISTRICT MAGISTRATE BIRBHUM_IDA,2023-07-06,Approved by IDA,200000,Unsanctioned
MPLADS-058293,SHRI Sukhendu Sekhar Ray,Rajya Sabha,West Bengal,Sitting Rajya Sabha,,,MURARAI-I,Chandanpur,Normal/Others,WS/MP214/2023-2024/2556 - Installing tube-wells and borewells,DISTRICT MAGISTRATE BIRBHUM_IDA,2023-07-06,Approved by IDA,200000,Sanctioned
MPLADS-058294,SHRI Sukhendu Sekhar Ray,Rajya Sabha,West Bengal,Sitting Rajya Sabha,,,MAYNAGURI,Saptibari,Normal/Others,NA - Installing tube-wells and borewells,DISTRICT MAGISTRATE JALPAIGURI_IDA,2023-07-06,Action Pending,200000,Unsanctioned
MPLADS-058295,SHRI Sukhendu Sekhar Ray,Rajya Sabha,West Bengal,Sitting Rajya Sabha,,,MURARAI-I,Ballabhpur,Normal/Others,WS/MP214/2023-2024/2557 - Installing tube-wells and borewells,DISTRICT MAGISTRATE BIRBHUM_IDA,2023-07-06,Approved by IDA,200000,Unsanctioned
MPLADS-058296,SHRI Sukhendu Sekhar Ray,Rajya Sabha,West Bengal,Sitting Rajya Sabha,,,MURARAI-I,Dulandi,Normal/Others,WS/MP214/2023-2024/2558 - Installing tube-wells and borewells,DISTRICT MAGISTRATE BIRBHUM_IDA,2023-07-06,Approved by IDA,200000,Sanctioned
MPLADS-058297,SHRI Sukhendu Sekhar Ray,Rajya Sabha,West Bengal,Sitting Rajya Sabha,,,MURARAI-I,Kanaipur,Normal/Others,WS/MP214/2023-2024/2559 - Installing tube-wells and borewells,DISTRICT MAGISTRATE BIRBHUM_IDA,2023-07-06,Approved by IDA,200000,Sanctioned
MPLADS-058298,SHRI Sukhendu Sekhar Ray,Rajya Sabha,West Bengal,Sitting Rajya Sabha,,,MURARAI-I,Mahurapur,Normal/Others,WS/MP214/2023-2024/2561 - Installing tube-wells and borewells,DISTRICT MAGISTRATE BIRBHUM_IDA,2023-07-06,Approved by IDA,200000,Sanctioned
MPLADS-058299,SHRI Sukhendu Sekhar Ray,Rajya Sabha,West Bengal,Sitting Rajya Sabha,,,MURARAI-I,Gorsa,Normal/Others,WS/MP214/2023-2024/2569 - Installing tube-wells and borewells,DISTRICT MAGISTRATE BIRBHUM_IDA,2023-07-06,Approved by IDA,200000,Sanctioned
MPLADS-058300,SHRI Sukhendu Sekhar Ray,Rajya Sabha,West Bengal,Sitting Rajya Sabha,,,MURARAI-I,Mahimuji,Normal/Others,WS/MP214/2023-2024/2562 - Installing tube-wells and borewells,DISTRICT MAGISTRATE BIRBHUM_IDA,2023-07-06,Approved by IDA,200000,Unsanctioned
MPLADS-058301,SHRI Sukhendu Sekhar Ray,Rajya Sabha,West Bengal,Sitting Rajya Sabha,,,MURARAI-I,Chandrapara,Normal/Others,WS/MP214/2023-2024/2563 - Installing tube-wells and borewells,DISTRICT MAGISTRATE BIRBHUM_IDA,2023-07-06,Approved by IDA,200000,Unsanctioned
MPLADS-058302,SHRI Sukhendu Sekhar Ray,Rajya Sabha,West Bengal,Sitting Rajya Sabha,,,MURARAI-I,Lakargram,Normal/Others,WS/MP214/2023-2024/2564 - Installing tube-wells and borewells,DISTRICT MAGISTRATE BIRBHUM_IDA,2023-07-06,Approved by IDA,200000,Sanctioned
MPLADS-058303,SHRI Sukhendu Sekhar Ray,Rajya Sabha,West Bengal,Sitting Rajya Sabha,,,MURARAI-I,Mukundapur,Normal/Others,WS/MP214/2023-2024/2565 - Installing tube-wells and borewells,DISTRICT MAGISTRATE BIRBHUM_IDA,2023-07-06,Approved by IDA,200000,Unsanctioned
MPLADS-058304,SHRI Sukhendu Sekhar Ray,Rajya Sabha,West Bengal,Sitting Rajya Sabha,,,MURARAI-I,Banarampur,Normal/Others,WS/MP214/2023-2024/2566 - Installing tube-wells and borewells,DISTRICT MAGISTRATE BIRBHUM_IDA,2023-07-06,Approved by IDA,200000,Sanctioned
MPLADS-058305,SHRI Sukhendu Sekhar Ray,Rajya Sabha,West Bengal,Sitting Rajya Sabha,,,MURARAI-I,Santoshpur,Normal/Others,WS/MP214/2023-2024/2567 - Installing tube-wells and borewells,DISTRICT MAGISTRATE BIRBHUM_IDA,2023-07-06,Approved by IDA,200000,Sanctioned
MPLADS-058306,SH Derek o Brien,Rajya Sabha,West Bengal,Sitting Rajya Sabha,,,MOHANPUR,Sautia,Normal/Others,NA - Installing tube-wells and borewells,DISTRICT MAGISTRATE PASCHIM MEDINIPUR_IDA,2023-07-06,Action Pending,200000,Unsanctioned
MPLADS-058307,SH Derek o Brien,Rajya Sabha,West Bengal,Sitting Rajya Sabha,,,MOHANPUR,Sautia,Normal/Others,NA - Installing tube-wells and borewells,DISTRICT MAGISTRATE PASCHIM MEDINIPUR_IDA,2023-07-06,Action Pending,200000,Unsanctioned
MPLADS-058308,SH Derek o Brien,Rajya Sabha,West Bengal,Sitting Rajya Sabha,,,MOHANPUR,Sautia,Normal/Others,NA - Installing tube-wells and borewells,DISTRICT MAGISTRATE PASCHIM MEDINIPUR_IDA,2023-07-06,Action Pending,200000,Unsanctioned
MPLADS-058309,SH Derek o Brien,Rajya Sabha,West Bengal,Sitting Rajya Sabha,,,MOHANPUR,Sautia,Normal/Others,NA - Installing tube-wells and borewells,DISTRICT MAGISTRATE PASCHIM MEDINIPUR_IDA,2023-07-06,Action Pending,200000,Unsanctioned
MPLADS-058310,SH Derek o Brien,Rajya Sabha,West Bengal,Sitting Rajya Sabha,,,MOHANPUR,Tanuya,Normal/Others,NA - Installing tube-wells and borewells,DISTRICT MAGISTRATE PASCHIM MEDINIPUR_IDA,2023-07-06,Action Pending,200000,Unsanctioned
MPLADS-058311,SH Derek o Brien,Rajya Sabha,West Bengal,Sitting Rajya Sabha,,,MOHANPUR,Tanuya,Normal/Others,NA - Installing tube-wells and borewells,DISTRICT MAGISTRATE PASCHIM MEDINIPUR_IDA,2023-07-06,Action Pending,200000,Unsanctioned
MPLADS-058312,SH Derek o Brien,Rajya Sabha,West Bengal,Sitting Rajya Sabha,,,GARBETA-III,Nalbona,Normal/Others,NA - Installing tube-wells and borewells,DISTRICT MAGISTRATE PASCHIM MEDINIPUR_IDA,2023-07-06,Action Pending,200000,Unsanctioned
MPLADS-058313,SHRI Sukhendu Sekhar Ray,Rajya Sabha,West Bengal,Sitting Rajya Sabha,,,RAJGANJ,Dabgram (P) (CT),Normal/Others,NA - Installing tube-wells and borewells,DISTRICT MAGISTRATE JALPAIGURI_IDA,2023-07-06,Action Pending,200000,Unsanctioned
MPLADS-058314,SHRI Sukhendu Sekhar Ray,Rajya Sabha,West Bengal,Sitting Rajya Sabha,,,RAJGANJ,Dabgram (P) (CT),Normal/Others,NA - Installing tube-wells and borewells,DISTRICT MAGISTRATE JALPAIGURI_IDA,2023-07-06,Action Pending,200000,Unsanctioned
MPLADS-058315,SHRI Sukhendu Sekhar Ray,Rajya Sabha,West Bengal,Sitting Rajya Sabha,,,RAJGANJ,Binnaguri (CT),Normal/Others,NA - Installing tube-wells and borewells,DISTRICT MAGISTRATE JALPAIGURI_IDA,2023-07-06,Action Pending,200000,Unsanctioned
MPLADS-058316,SH Derek o Brien,Rajya Sabha,West Bengal,Sitting Rajya Sabha,,,GARBETA-III,Nalbona,Normal/Others,NA - Installing tube-wells and borewells,DISTRICT MAGISTRATE PASCHIM MEDINIPUR_IDA,2023-07-06,Action Pending,200000,Unsanctioned
MPLADS-058317,SH Derek o Brien,Rajya Sabha,West Bengal,Sitting Rajya Sabha,,,GARBETA-III,Raskunda,Normal/Others,NA - Installing tube-wells and borewells,DISTRICT MAGISTRATE PASCHIM MEDINIPUR_IDA,2023-07-06,Action Pending,200000,Unsanctioned
MPLADS-058318,SH Derek o Brien,Rajya Sabha,West Bengal,Sitting Rajya Sabha,,,GARBETA-III,Raskunda,Normal/Others,NA - Installing tube-wells and borewells,DISTRICT MAGISTRATE PASCHIM MEDINIPUR_IDA,2023-07-06,Action Pending,200000,Unsanctioned
MPLADS-058319,SH Derek o Brien,Rajya Sabha,West Bengal,Sitting Rajya Sabha,,,GARBETA-III,Raskunda,Normal/Others,NA - Installing tube-wells and borewells,DISTRICT MAGISTRATE PASCHIM MEDINIPUR_IDA,2023-07-06,Action Pending,200000,Unsanctioned
MPLADS-058320,SH Derek o Brien,Rajya Sabha,West Bengal,Sitting Rajya Sabha,,,GARBETA-III,Amsol,Normal/Others,NA - Installing tube-wells and borewells,DISTRICT MAGISTRATE PASCHIM MEDINIPUR_IDA,2023-07-06,Action Pending,200000,Unsanctioned
MPLADS-058321,SH Derek o Brien,Rajya Sabha,West Bengal,Sitting Rajya Sabha,,,GARBETA-III,Amsol,Normal/Others,NA - Installing tube-wells and borewells,DISTRICT MAGISTRATE PASCHIM MEDINIPUR_IDA,2023-07-06,Action Pending,200000,Unsanctioned
MPLADS-058322,SH Derek o Brien,Rajya Sabha,West Bengal,Sitting Rajya Sabha,,,GARBETA-I,Nalbana,Normal/Others,NA - Installing tube-wells and borewells,DISTRICT MAGISTRATE PASCHIM MEDINIPUR_IDA,2023-07-06,Action Pending,200000,Unsanctioned
MPLADS-058323,SHRI Sukhendu Sekhar Ray,Rajya Sabha,West Bengal,Sitting Rajya Sabha,,,RAJGANJ,Binnaguri (CT),Normal/Others,NA - Installing tube-wells and borewells,DISTRICT MAGISTRATE JALPAIGURI_IDA,2023-07-06,Action Pending,200000,Unsanctioned
MPLADS-058324,SHRI Sukhendu Sekhar Ray,Rajya Sabha,West Bengal,Sitting Rajya Sabha,,,MURARAI-I,Uttar Kasila,Normal/Others,WS/MP214/2023-2024/2568 - Installing tube-wells and borewells,DISTRICT MAGISTRATE BIRBHUM_IDA,2023-07-06,Approved by IDA,200000,Sanctioned
MPLADS-058325,SHRI Sukhendu Sekhar Ray,Rajya Sabha,West Bengal,Sitting Rajya Sabha,,,RAJGANJ,Binnaguri (CT),Normal/Others,NA - Installing tube-wells and borewells,DISTRICT MAGISTRATE JALPAIGURI_IDA,2023-07-06,Action Pending,200000,Unsanctioned
MPLADS-058326,SHRI Sukhendu Sekhar Ray,Rajya Sabha,West Bengal,Sitting Rajya Sabha,,,JALPAIGURI,Bhelakoba,Normal/Others,NA - Installing tube-wells and borewells,DISTRICT MAGISTRATE JALPAIGURI_IDA,2023-07-06,Action Pending,200000,Unsanctioned
MPLADS-058327,SHRI Sukhendu Sekhar Ray,Rajya Sabha,West Bengal,Sitting Rajya Sabha,,,MAYNAGURI,Saptibari,Normal/Others,NA - Installing tube-wells and borewells,DISTRICT MAGISTRATE JALPAIGURI_IDA,2023-07-06,Action Pending,200000,Unsanctioned
MPLADS-058328,SHRI Sukhendu Sekhar Ray,Rajya Sabha,West Bengal,Sitting Rajya Sabha,,,JALPAIGURI,Bhelakoba,Normal/Others,NA - Installing tube-wells and borewells,DISTRICT MAGISTRATE JALPAIGURI_IDA,2023-07-06,Action Pending,200000,Unsanctioned
MPLADS-058329,SHRI Sukhendu Sekhar Ray,Rajya Sabha,West Bengal,Sitting Rajya Sabha,,,JALPAIGURI,Bhelakoba,Normal/Others,NA - Installing tube-wells and borewells,DISTRICT MAGISTRATE JALPAIGURI_IDA,2023-07-06,Action Pending,200000,Unsanctioned
MPLADS-058330,SHRI Sukhendu Sekhar Ray,Rajya Sabha,West Bengal,Sitting Rajya Sabha,,,JALPAIGURI,Bhelakoba,Normal/Others,NA - Installing tube-wells and borewells,DISTRICT MAGISTRATE JALPAIGURI_IDA,2023-07-06,Action Pending,200000,Unsanctioned
MPLADS-058331,SHRI Sukhendu Sekhar Ray,Rajya Sabha,West Bengal,Sitting Rajya Sabha,,,MAYNAGURI,Saptibari,Normal/Others,NA - Installing tube-wells and borewells,DISTRICT MAGISTRATE JALPAIGURI_IDA,2023-07-06,Action Pending,200000,Unsanctioned
MPLADS-058332,SHRI Sukhendu Sekhar Ray,Rajya Sabha,West Bengal,Sitting Rajya Sabha,,,JALPAIGURI,Bhelakoba,Normal/Others,NA - Installing tube-wells and borewells,DISTRICT MAGISTRATE JALPAIGURI_IDA,2023-07-06,Action Pending,200000,Unsanctioned
MPLADS-058333,SHRI Sukhendu Sekhar Ray,Rajya Sabha,West Bengal,Sitting Rajya Sabha,,,JALPAIGURI,Bhelakoba,Normal/Others,NA - Installing tube-wells and borewells,DISTRICT MAGISTRATE JALPAIGURI_IDA,2023-07-06,Action Pending,200000,Unsanctioned
MPLADS-058334,SH Derek o Brien,Rajya Sabha,West Bengal,Sitting Rajya Sabha,,,MIDNAPORE,Chandra,Normal/Others,NA - Installing tube-wells and borewells,DISTRICT MAGISTRATE PASCHIM MEDINIPUR_IDA,2023-07-06,Action Pending,200000,Unsanctioned
MPLADS-058335,SH Derek o Brien,Rajya Sabha,West Bengal,Sitting Rajya Sabha,,,MIDNAPORE,Chandra,Normal/Others,NA - Installing tube-wells and borewells,DISTRICT MAGISTRATE PASCHIM MEDINIPUR_IDA,2023-07-06,Action Pending,200000,Unsanctioned
MPLADS-058590,SHRI P Bhattacharya,Rajya Sabha,West Bengal,Sitting Rajya Sabha,Kolkata,65,,,Normal/Others,"NA - Construction of rooms and facilities for hospitals, FWC , PHC Centers and ANM centers",COMMISSIONER KOLKATA MUNICIPAL CORPORATION_IDA,2023-07-02,Action Pending,2500000,Unsanctioned
MPLADS-058592,SHRI P Bhattacharya,Rajya Sabha,West Bengal,Sitting Rajya Sabha,Haora,55,,,Normal/Others,NA - Street lights,DISTRICT MAGISTRATE HOWRAH_IDA,2023-07-02,Action Pending,2742651,Unsanctioned
MPLADS-058593,SHRI P Bhattacharya,Rajya Sabha,West Bengal,Sitting Rajya Sabha,Kolkata,45,,,Normal/Others,NA - Purchase of immovable sports equipment,COMMISSIONER KOLKATA MUNICIPAL CORPORATION_IDA,2023-07-02,Action Pending,500000,Unsanctioned
MPLADS-058781,Shri Arjun Singh ,Lok Sabha,West Bengal,BARRACKPUR,Barrackpore,2,,,Normal/Others,"NA - Construction of roads, approach roads, link roads and pathways",DISTRICT MAGISTRATE NORTH TWENTY FOUR PARGANAS_IDA,2023-06-30,Action Pending,498529,Unsanctioned
MPLADS-058782,Shri Arjun Singh ,Lok Sabha,West Bengal,BARRACKPUR,Garulia,12,,,Normal/Others,WS/MP247/2023-2024/1860 - Development of playfields and sports grounds,DISTRICT MAGISTRATE NORTH TWENTY FOUR PARGANAS_IDA,2023-06-30,Approved by IDA,1740983,Unsanctioned
MPLADS-058840,SHRI P Bhattacharya,Rajya Sabha,West Bengal,Sitting Rajya Sabha,,,BARJORA,Barjora (CT),Normal/Others,NA - Construction of community centers and community halls,DISTRICT MAGISTRATE BANKURA_IDA,2023-06-29,Action Pending,2000000,Unsanctioned
MPLADS-058843,SHRI P Bhattacharya,Rajya Sabha,West Bengal,Sitting Rajya Sabha,Asansol,31,,,Normal/Others,WS/MP221/2023-2024/1827 - Construction of community centers and community halls,DISTRICT MAGISTRATE PASCHIM BARDHAMAN_IDA,2023-06-29,Approved by IDA,2574613,Unsanctioned
MPLADS-058851,SHRI P Bhattacharya,Rajya Sabha,West Bengal,Sitting Rajya Sabha,Puruliya,5,,,Normal/Others,"WS/MP221/2023-2024/1830 - Construction of roads, link roads, pathways or any other road with or without drainage system",DISTRICT MAGISTRATE PURULIA_IDA,2023-06-29,Approved by IDA,693194,Unsanctioned
MPLADS-058856,SHRI P Bhattacharya,Rajya Sabha,West Bengal,Sitting Rajya Sabha,Asansol,30,,,Normal/Others,"NA - Purchase of IT systems, including hardware and software for educational purposes",DISTRICT MAGISTRATE PASCHIM BARDHAMAN_IDA,2023-06-29,Action Pending,1619751,Unsanctioned
MPLADS-058859,SHRI P Bhattacharya,Rajya Sabha,West Bengal,Sitting Rajya Sabha,Taki,4,,,Normal/Others,NA - Construction of community centers and community halls,DISTRICT MAGISTRATE NORTH TWENTY FOUR PARGANAS_IDA,2023-06-29,Action Pending,479603,Unsanctioned
MPLADS-058861,SHRI P Bhattacharya,Rajya Sabha,West Bengal,Sitting Rajya Sabha,Rajpur Sonarpur,16,,,Normal/Others,"NA - Construction of roads, approach roads, link roads and pathways",DISTRICT MAGISTRATE SOUTH TWENTY FOUR PARGANAS_IDA,2023-06-29,Action Pending,902756,Unsanctioned
MPLADS-058862,SHRI P Bhattacharya,Rajya Sabha,West Bengal,Sitting Rajya Sabha,Kalna,17,,,Normal/Others,WS/MP221/2023-2024/1832 - Construction of rooms and halls in school and colleges,DISTRICT MAGISTRATE PURBA BARDHAMAN_IDA,2023-06-29,Approved by IDA,1000000,Unsanctioned
MPLADS-058878,SHRI P Bhattacharya,Rajya Sabha,West Bengal,Sitting Rajya Sabha,Kolkata,45,,,Normal/Others,"NA - Purchase of IT systems, including hardware and software for educational purposes",COMMISSIONER KOLKATA MUNICIPAL CORPORATION_IDA,2023-06-29,Action Pending,1500000,Unsanctioned
MPLADS-058879,SHRI P Bhattacharya,Rajya Sabha,West Bengal,Sitting Rajya Sabha,Rajpur Sonarpur,17,,,Normal/Others,"NA - Construction of roads, approach roads, link roads and pathways",DISTRICT MAGISTRATE SOUTH TWENTY FOUR PARGANAS_IDA,2023-06-29,Action Pending,1050000,Unsanctioned
MPLADS-058880,SHRI P Bhattacharya,Rajya Sabha,West Bengal,Sitting Rajya Sabha,,,MAYURESWAR-I,Ghoshgram,Normal/Others,NA - Construction of additional rooms and halls in the existing public and community building,DISTRICT MAGISTRATE BIRBHUM_IDA,2023-06-29,Action Pending,1336161,Unsanctioned
MPLADS-058881,SHRI P Bhattacharya,Rajya Sabha,West Bengal,Sitting Rajya Sabha,Champdani,7,,,Normal/Others,NA - Construction of additional rooms and halls in the existing public and community building,DISTRICT MAGISTRATE HOOGHLY_IDA,2023-06-29,Action Pending,748095,Unsanctioned
MPLADS-058882,SHRI P Bhattacharya,Rajya Sabha,West Bengal,Sitting Rajya Sabha,,,GANGAJAL GHATI,Ramnagar,Normal/Others,NA - Construction of rooms and halls in school and colleges,DISTRICT MAGISTRATE BANKURA_IDA,2023-06-29,Action Pending,1382411,Unsanctioned
MPLADS-058883,SHRI P Bhattacharya,Rajya Sabha,West Bengal,Sitting Rajya Sabha,Bidhannagar,14,,,Normal/Others,"NA - Construction of roads, approach roads, link roads and pathways",DISTRICT MAGISTRATE NORTH TWENTY FOUR PARGANAS_IDA,2023-06-29,Action Pending,2500958,Unsanctioned
MPLADS-059042,Shri Arjun Singh ,Lok Sabha,West Bengal,BARRACKPUR,,,AMDANGA,Beraberia,Normal/Others,"WS/MP425/2023-2024/1576 - Construction of roads, approach roads, link roads and pathways",DISTRICT MAGISTRATE NORTH TWENTY FOUR PARGANAS_IDA,2023-06-24,Approved by IDA,2200000,Sanctioned
MPLADS-059064,Shri Arjun Singh ,Lok Sabha,West Bengal,BARRACKPUR,Barrackpore,24,,,Normal/Others,NA - Development of public parks,DISTRICT MAGISTRATE NORTH TWENTY FOUR PARGANAS_IDA,2023-06-24,Action Pending,1200000,Unsanctioned
MPLADS-059065,Shri Arjun Singh ,Lok Sabha,West Bengal,BARRACKPUR,Titagarh,22,,,Normal/Others,WS/MP425/2023-2024/1575 - Development of playground,DISTRICT MAGISTRATE NORTH TWENTY FOUR PARGANAS_IDA,2023-06-24,Approved by IDA,4389798,Sanctioned
MPLADS-059066,Shri Arjun Singh ,Lok Sabha,West Bengal,BARRACKPUR,North Barrackpur,15,,,Normal/Others,NA - Construction of community centers and community halls,DISTRICT MAGISTRATE NORTH TWENTY FOUR PARGANAS_IDA,2023-06-24,Action Pending,2231000,Unsanctioned
MPLADS-059067,Shri Arjun Singh ,Lok Sabha,West Bengal,BARRACKPUR,,,BARASAT-I,Chhota Jagulia,Normal/Others,WS/MP425/2023-2024/1579 - Construction of rooms and halls in school and colleges,DISTRICT MAGISTRATE NORTH TWENTY FOUR PARGANAS_IDA,2023-06-24,Approved by IDA,1200000,Sanctioned
MPLADS-059068,Shri Arjun Singh ,Lok Sabha,West Bengal,BARRACKPUR,,,AMDANGA,Amdanga,Normal/Others,"WS/MP425/2023-2024/1577 - Construction of roads, approach roads, link roads and pathways",DISTRICT MAGISTRATE NORTH TWENTY FOUR PARGANAS_IDA,2023-06-24,Approved by IDA,6000000,Sanctioned
MPLADS-059321,Shri Arjun Singh ,Lok Sabha,West Bengal,BARRACKPUR,Bhatpara,17,,,Normal/Others,WS/MP247/2023-2024/1291 - Lighting of public spaces,DISTRICT MAGISTRATE NORTH TWENTY FOUR PARGANAS_IDA,2023-06-17,Approved by IDA,1700000,Unsanctioned
MPLADS-059322,Shri Arjun Singh ,Lok Sabha,West Bengal,BARRACKPUR,Kanchrapara,13,,,Normal/Others,NA - Development of playground,DISTRICT MAGISTRATE NORTH TWENTY FOUR PARGANAS_IDA,2023-06-17,Action Pending,1800000,Unsanctioned
MPLADS-059323,Shri Arjun Singh ,Lok Sabha,West Bengal,BARRACKPUR,New Barrackpur,5,,,Normal/Others,NA - Construction of additional rooms and halls in the existing public and community building,DISTRICT MAGISTRATE NORTH TWENTY FOUR PARGANAS_IDA,2023-06-17,Action Pending,2663000,Unsanctioned
MPLADS-059324,Shri Arjun Singh ,Lok Sabha,West Bengal,BARRACKPUR,Barrackpore,8,,,Normal/Others,NA - Construction of public libraries and reading rooms,DISTRICT MAGISTRATE NORTH TWENTY FOUR PARGANAS_IDA,2023-06-17,Action Pending,498055,Unsanctioned
MPLADS-059325,Shri Arjun Singh ,Lok Sabha,West Bengal,BARRACKPUR,Barasat,2,,,Normal/Others,NA - Development of playground,DISTRICT MAGISTRATE NORTH TWENTY FOUR PARGANAS_IDA,2023-06-17,Action Pending,1298253,Unsanctioned
MPLADS-059326,Shri Arjun Singh ,Lok Sabha,West Bengal,BARRACKPUR,Bhatpara,23,,,Normal/Others,NA - Construction of buildings for multi-gym,DISTRICT MAGISTRATE NORTH TWENTY FOUR PARGANAS_IDA,2023-06-17,Action Pending,599580,Unsanctioned
MPLADS-059327,Shri Arjun Singh ,Lok Sabha,West Bengal,BARRACKPUR,Bhatpara,21,,,Normal/Others,NA - Common work sheds for artisans,DISTRICT MAGISTRATE NORTH TWENTY FOUR PARGANAS_IDA,2023-06-17,Action Pending,850000,Unsanctioned
MPLADS-059335,SHRI P Bhattacharya,Rajya Sabha,West Bengal,Sitting Rajya Sabha,Haringhata,8,,,Normal/Others,"NA - Purchase of IT systems, including hardware and software for educational purposes",DISTRICT MAGISTRATE NADIA_IDA,2023-06-17,Action Pending,1000000,Unsanctioned
MPLADS-059336,SHRI P Bhattacharya,Rajya Sabha,West Bengal,Sitting Rajya Sabha,,,BHATAR,Sotkhali,Normal/Others,WS/MP221/2023-2024/1286 - Construction of rooms and halls in school and colleges,DISTRICT MAGISTRATE PURBA BARDHAMAN_IDA,2023-06-17,Approved by IDA,3100000,Unsanctioned
MPLADS-059337,Shri Arjun Singh ,Lok Sabha,West Bengal,BARRACKPUR,Bhatpara,23,,,Normal/Others,NA - Development of playfields and sports grounds,DISTRICT MAGISTRATE NORTH TWENTY FOUR PARGANAS_IDA,2023-06-17,Action Pending,1486212,Unsanctioned
MPLADS-059338,Shri Arjun Singh ,Lok Sabha,West Bengal,BARRACKPUR,Barrackpore,23,,,Normal/Others,WS/MP425/2023-2024/1292 - Construction of rooms and halls in school and colleges,DISTRICT MAGISTRATE NORTH TWENTY FOUR PARGANAS_IDA,2023-06-17,Approved by IDA,3000000,Sanctioned
MPLADS-059343,SHRI P Bhattacharya,Rajya Sabha,West Bengal,Sitting Rajya Sabha,,,DINHATA-I,Bara Atiabari Pratham Khanda (P),Normal/Others,"NA - Construction of roads, link roads, pathways or any other road with or without drainage system",DISTRICT MAGISTRATE COOCHBEHAR_IDA,2023-06-16,Action Pending,5162106,Unsanctioned
MPLADS-059347,SHRI P Bhattacharya,Rajya Sabha,West Bengal,Sitting Rajya Sabha,Kolkata,74,,,Normal/Others,WS/MP221/2023-2024/1249 - Providing CCTV camera system for security of public areas,COMMISSIONER KOLKATA MUNICIPAL CORPORATION_IDA,2023-06-16,Approved by IDA,959930,Unsanctioned
MPLADS-059348,SHRI P Bhattacharya,Rajya Sabha,West Bengal,Sitting Rajya Sabha,,,SURI-I,Kalipur (CT),Normal/Others,WS/MP221/2023-2024/1250 - Construction of community centers and community halls,DISTRICT MAGISTRATE BIRBHUM_IDA,2023-06-16,Approved by IDA,511019,Sanctioned
MPLADS-059351,SHRI P Bhattacharya,Rajya Sabha,West Bengal,Sitting Rajya Sabha,,,MATHURAPUR-II,Nandakumarpur,Normal/Others,WS/MP221/2023-2024/1251 - Construction of public toilets and bathrooms,DISTRICT MAGISTRATE SOUTH TWENTY FOUR PARGANAS_IDA,2023-06-16,Approved by IDA,900000,Unsanctioned
MPLADS-059352,SHRI P Bhattacharya,Rajya Sabha,West Bengal,Sitting Rajya Sabha,,,NAXAL BARI,Bhujia Bani,Normal/Others,"NA - Construction of roads, approach roads, link roads and pathways",DISTRICT MAGISTRATE DARJEELING_IDA,2023-06-16,Action Pending,1531957,Unsanctioned
MPLADS-059353,SHRI P Bhattacharya,Rajya Sabha,West Bengal,Sitting Rajya Sabha,,,BARRACKPUR-II,Teleni Para (CT),Normal/Others,NA - Providing drains and gutters for public drainage,DISTRICT MAGISTRATE NORTH TWENTY FOUR PARGANAS_IDA,2023-06-16,Action Pending,650000,Unsanctioned
MPLADS-059354,SHRI P Bhattacharya,Rajya Sabha,West Bengal,Sitting Rajya Sabha,,,NAXAL BARI,Ord Terai Tea Garden,Normal/Others,"NA - Construction of roads, approach roads, link roads and pathways",DISTRICT MAGISTRATE DARJEELING_IDA,2023-06-16,Action Pending,582251,Unsanctioned
MPLADS-059355,SHRI P Bhattacharya,Rajya Sabha,West Bengal,Sitting Rajya Sabha,,,JHALDA-I,Ilu,Normal/Others,NA - Construction of community centers and community halls,DISTRICT MAGISTRATE PURULIA_IDA,2023-06-16,Action Pending,490000,Unsanctioned
MPLADS-059356,SHRI P Bhattacharya,Rajya Sabha,West Bengal,Sitting Rajya Sabha,Konnagar,13,,,Normal/Others,"WS/MP221/2023-2024/1262 - Construction of roads, link roads, pathways or any other road with or without drainage system",DISTRICT MAGISTRATE HOOGHLY_IDA,2023-06-16,Approved by IDA,615138,Unsanctioned
MPLADS-059357,SHRI P Bhattacharya,Rajya Sabha,West Bengal,Sitting Rajya Sabha,Konnagar,13,,,Normal/Others,WS/MP221/2023-2024/1263 - Providing drains and gutters for public drainage,DISTRICT MAGISTRATE HOOGHLY_IDA,2023-06-16,Approved by IDA,432305,Unsanctioned
MPLADS-059358,SHRI P Bhattacharya,Rajya Sabha,West Bengal,Sitting Rajya Sabha,,,BOLPUR-SRINIKETAN,Karpatikuri,Normal/Others,"WS/MP221/2023-2024/1264 - Construction of rooms and facilities for hospitals, FWC , PHC Centers and ANM centers",DISTRICT MAGISTRATE BIRBHUM_IDA,2023-06-16,Approved by IDA,1000000,Unsanctioned
MPLADS-059359,SHRI P Bhattacharya,Rajya Sabha,West Bengal,Sitting Rajya Sabha,,,KRISHNAGAR-I,Kulgachhi,Normal/Others,NA - Construction of rooms and halls in school and colleges,DISTRICT MAGISTRATE NADIA_IDA,2023-06-16,Action Pending,694480,Unsanctioned
MPLADS-059590,Shri Arjun Singh ,Lok Sabha,West Bengal,BARRACKPUR,North Barrackpur,10,,,Normal/Others,NA - Purchase of hospital equipment,DISTRICT MAGISTRATE NORTH TWENTY FOUR PARGANAS_IDA,2023-06-11,Action Pending,4800000,Unsanctioned
MPLADS-059591,Shri Arjun Singh ,Lok Sabha,West Bengal,BARRACKPUR,Barrackpore,23,,,Normal/Others,WS/MP247/2023-2024/1023 - Setting up of community effluent treatment plants,DISTRICT MAGISTRATE NORTH TWENTY FOUR PARGANAS_IDA,2023-06-11,Approved by IDA,1800000,Sanctioned
MPLADS-059592,Shri Arjun Singh ,Lok Sabha,West Bengal,BARRACKPUR,Barrackpore,23,,,Normal/Others,"NA - Purchase of ambulances (Four, three and two wheelers)",DISTRICT MAGISTRATE NORTH TWENTY FOUR PARGANAS_IDA,2023-06-11,Action Pending,1500000,Unsanctioned
MPLADS-059593,Shri Arjun Singh ,Lok Sabha,West Bengal,BARRACKPUR,Naihati,12,,,Normal/Others,NA - Construction of rooms and halls in school and colleges,DISTRICT MAGISTRATE NORTH TWENTY FOUR PARGANAS_IDA,2023-06-11,Action Pending,460000,Unsanctioned
MPLADS-059595,Shri Arjun Singh ,Lok Sabha,West Bengal,BARRACKPUR,Bhatpara,5,,,Normal/Others,NA - Construction of buildings for sports facilities,DISTRICT MAGISTRATE NORTH TWENTY FOUR PARGANAS_IDA,2023-06-11,Action Pending,373716,Unsanctioned
MPLADS-059596,Shri Arjun Singh ,Lok Sabha,West Bengal,BARRACKPUR,Kanchrapara,2,,,Normal/Others,NA - Construction of buildings for multi-gym,DISTRICT MAGISTRATE NORTH TWENTY FOUR PARGANAS_IDA,2023-06-11,Action Pending,3554930,Unsanctioned
MPLADS-059626,Shri Arjun Singh ,Lok Sabha,West Bengal,BARRACKPUR,Halisahar,15,,,Normal/Others,"NA - Purchase of IT systems, including hardware and software for educational purposes",DISTRICT MAGISTRATE NORTH TWENTY FOUR PARGANAS_IDA,2023-06-10,Action Pending,174480,Unsanctioned
MPLADS-059627,Shri Arjun Singh ,Lok Sabha,West Bengal,BARRACKPUR,Bhatpara,35,,,Normal/Others,NA - Construction of buildings for training institutions,DISTRICT MAGISTRATE NORTH TWENTY FOUR PARGANAS_IDA,2023-06-10,Action Pending,531576,Unsanctioned
MPLADS-059628,Shri Arjun Singh ,Lok Sabha,West Bengal,BARRACKPUR,Bhatpara,7,,,Normal/Others,NA - Development of public parks,DISTRICT MAGISTRATE NORTH TWENTY FOUR PARGANAS_IDA,2023-06-10,Action Pending,203503,Unsanctioned
MPLADS-059647,Shri Arjun Singh ,Lok Sabha,West Bengal,BARRACKPUR,Bhatpara,11,,,Normal/Others,NA - Retrofitting in essential lifeline buildings,DISTRICT MAGISTRATE NORTH TWENTY FOUR PARGANAS_IDA,2023-06-10,Action Pending,500000,Unsanctioned
MPLADS-059648,Shri Arjun Singh ,Lok Sabha,West Bengal,BARRACKPUR,Bhatpara,9,,,Normal/Others,NA - Crematoriums or structures on burial/ cremation ground for public convenience,DISTRICT MAGISTRATE NORTH TWENTY FOUR PARGANAS_IDA,2023-06-10,Action Pending,2591962,Unsanctioned
MPLADS-059649,Shri Arjun Singh ,Lok Sabha,West Bengal,BARRACKPUR,Barrackpore,23,,,Repair and Renovation,WS/MP247/2023-2024/907 - Construction of additional rooms and halls in the existing public and community building,DISTRICT MAGISTRATE NORTH TWENTY FOUR PARGANAS_IDA,2023-06-10,Approved by IDA,5000000,Unsanctioned
MPLADS-059988,Dr Kakoli Ghosh Dastidar,Lok Sabha,West Bengal,BARASAT,Barasat,30,,,Normal/Others,"WS/MP421/2023-2024/650 - Construction of roads, approach roads, link roads and pathways",DISTRICT MAGISTRATE NORTH TWENTY FOUR PARGANAS_IDA,2023-06-07,Approved by IDA,850000,Sanctioned
MPLADS-059989,Dr Kakoli Ghosh Dastidar,Lok Sabha,West Bengal,BARASAT,Barasat,Dumping ground,,,Normal/Others,WS/MP421/2023-2024/651 - Lighting of public spaces,DISTRICT MAGISTRATE NORTH TWENTY FOUR PARGANAS_IDA,2023-06-07,Approved by IDA,1315000,Sanctioned
MPLADS-059990,Dr Kakoli Ghosh Dastidar,Lok Sabha,West Bengal,BARASAT,Habra,17,,,Normal/Others,NA - Construction of community centers and community halls,DISTRICT MAGISTRATE NORTH TWENTY FOUR PARGANAS_IDA,2023-06-07,Action Pending,4000000,Unsanctioned
MPLADS-060075,Dr Kakoli Ghosh Dastidar,Lok Sabha,West Bengal,BARASAT,Barasat,20,,,Normal/Others,"WS/MP421/2023-2024/494 - Construction of roads, approach roads, link roads and pathways",DISTRICT MAGISTRATE NORTH TWENTY FOUR PARGANAS_IDA,2023-05-25,Approved by IDA,500000,Sanctioned
MPLADS-060076,Dr Kakoli Ghosh Dastidar,Lok Sabha,West Bengal,BARASAT,Barasat,24,,,Normal/Others,"WS/MP421/2023-2024/493 - Construction of roads, approach roads, link roads and pathways",DISTRICT MAGISTRATE NORTH TWENTY FOUR PARGANAS_IDA,2023-05-25,Approved by IDA,600000,Sanctioned
MPLADS-060077,Dr Kakoli Ghosh Dastidar,Lok Sabha,West Bengal,BARASAT,Barasat,13,,,Normal/Others,"WS/MP421/2023-2024/495 - Construction of roads, approach roads, link roads and pathways",DISTRICT MAGISTRATE NORTH TWENTY FOUR PARGANAS_IDA,2023-05-25,Approved by IDA,500000,Sanctioned
MPLADS-060078,Dr Kakoli Ghosh Dastidar,Lok Sabha,West Bengal,BARASAT,Barasat,33,,,Normal/Others,"WS/MP421/2023-2024/496 - Construction of roads, approach roads, link roads and pathways",DISTRICT MAGISTRATE NORTH TWENTY FOUR PARGANAS_IDA,2023-05-25,Approved by IDA,500000,Sanctioned
MPLADS-060079,Dr Kakoli Ghosh Dastidar,Lok Sabha,West Bengal,BARASAT,Barasat,21,,,Normal/Others,"WS/MP421/2023-2024/497 - Construction of roads, approach roads, link roads and pathways",DISTRICT MAGISTRATE NORTH TWENTY FOUR PARGANAS_IDA,2023-05-25,Approved by IDA,600000,Sanctioned
MPLADS-060080,Dr Kakoli Ghosh Dastidar,Lok Sabha,West Bengal,BARASAT,Barasat,5,,,Normal/Others,"WS/MP421/2023-2024/498 - Construction of roads, approach roads, link roads and pathways",DISTRICT MAGISTRATE NORTH TWENTY FOUR PARGANAS_IDA,2023-05-25,Approved by IDA,600000,Sanctioned
MPLADS-060081,Dr Kakoli Ghosh Dastidar,Lok Sabha,West Bengal,BARASAT,Ashoknagar Kalyangarh,1 -23,,,Normal/Others,WS/MP421/2023-2024/499 - Street lights,DISTRICT MAGISTRATE NORTH TWENTY FOUR PARGANAS_IDA,2023-05-25,Approved by IDA,1035000,Sanctioned
MPLADS-060082,Dr Kakoli Ghosh Dastidar,Lok Sabha,West Bengal,BARASAT,Madhyamgram,23,,,Normal/Others,"NA - Construction of roads, approach roads, link roads and pathways",DISTRICT MAGISTRATE NORTH TWENTY FOUR PARGANAS_IDA,2023-05-25,Action Pending,1200000,Unsanctioned
MPLADS-060083,Dr Kakoli Ghosh Dastidar,Lok Sabha,West Bengal,BARASAT,,,HABRA-II,Dighra,Normal/Others,"WS/MP421/2023-2024/503 - Construction of roads, approach roads, link roads and pathways",DISTRICT MAGISTRATE NORTH TWENTY FOUR PARGANAS_IDA,2023-05-25,Approved by IDA,784000,Sanctioned
MPLADS-060084,Dr Kakoli Ghosh Dastidar,Lok Sabha,West Bengal,BARASAT,Barasat,4,,,Normal/Others,NA - Construction of boundary walls of existing public and community buildings,DISTRICT MAGISTRATE NORTH TWENTY FOUR PARGANAS_IDA,2023-05-11,Action Pending,611238,Unsanctioned
MPLADS-060085,Dr Kakoli Ghosh Dastidar,Lok Sabha,West Bengal,BARASAT,Barasat,2,,,Normal/Others,NA - Construction of community centers and community halls,DISTRICT MAGISTRATE NORTH TWENTY FOUR PARGANAS_IDA,2023-05-11,Rejected by IDA,973348,Unsanctioned
MPLADS-060086,Dr Kakoli Ghosh Dastidar,Lok Sabha,West Bengal,BARASAT,Barasat,7,,,Normal/Others,NA - Construction of buildings for community cultural activities,DISTRICT MAGISTRATE NORTH TWENTY FOUR PARGANAS_IDA,2023-05-11,Action Pending,748410,Unsanctioned
MPLADS-060087,Dr Kakoli Ghosh Dastidar,Lok Sabha,West Bengal,BARASAT,Barasat,3,,,Normal/Others,"WS/MP421/2023-2024/480 - Construction of roads, approach roads, link roads and pathways",DISTRICT MAGISTRATE NORTH TWENTY FOUR PARGANAS_IDA,2023-05-11,Approved by IDA,558378,Sanctioned
MPLADS-060088,Dr Kakoli Ghosh Dastidar,Lok Sabha,West Bengal,BARASAT,Barasat,25,,,Normal/Others,"WS/MP421/2023-2024/479 - Construction of roads, approach roads, link roads and pathways",DISTRICT MAGISTRATE NORTH TWENTY FOUR PARGANAS_IDA,2023-05-11,Approved by IDA,727866,Sanctioned
MPLADS-060089,Dr Kakoli Ghosh Dastidar,Lok Sabha,West Bengal,BARASAT,Barasat,19,,,Normal/Others,"WS/MP421/2023-2024/478 - Construction of roads, approach roads, link roads and pathways",DISTRICT MAGISTRATE NORTH TWENTY FOUR PARGANAS_IDA,2023-05-11,Approved by IDA,614352,Sanctioned
MPLADS-060090,Dr Kakoli Ghosh Dastidar,Lok Sabha,West Bengal,BARASAT,Barasat,34,,,Normal/Others,"NA - Construction of roads, approach roads, link roads and pathways",DISTRICT MAGISTRATE NORTH TWENTY FOUR PARGANAS_IDA,2023-05-11,Rejected by IDA,1200000,Unsanctioned
MPLADS-060091,Dr Kakoli Ghosh Dastidar,Lok Sabha,West Bengal,BARASAT,Barasat,Jessore road to Habra,,,Normal/Others,WS/MP421/2023-2024/475 - Purchase of non-conventional energy system and devices for community use,DISTRICT MAGISTRATE NORTH TWENTY FOUR PARGANAS_IDA,2023-05-11,Approved by IDA,11385000,Unsanctioned
MPLADS-060092,Dr Kakoli Ghosh Dastidar,Lok Sabha,West Bengal,BARASAT,Barasat,29,,,Normal/Others,"WS/MP421/2023-2024/485 - Construction of roads, approach roads, link roads and pathways",DISTRICT MAGISTRATE NORTH TWENTY FOUR PARGANAS_IDA,2023-05-11,Approved by IDA,800000,Sanctioned
MPLADS-060093,Dr Kakoli Ghosh Dastidar,Lok Sabha,West Bengal,BARASAT,Barasat,34,,,Normal/Others,"WS/MP421/2023-2024/486 - Construction of roads, approach roads, link roads and pathways",DISTRICT MAGISTRATE NORTH TWENTY FOUR PARGANAS_IDA,2023-05-11,Approved by IDA,1100000,Sanctioned
MPLADS-060094,Dr Kakoli Ghosh Dastidar,Lok Sabha,West Bengal,BARASAT,Barasat,22,,,Normal/Others,"WS/MP421/2023-2024/487 - Construction of roads, approach roads, link roads and pathways",DISTRICT MAGISTRATE NORTH TWENTY FOUR PARGANAS_IDA,2023-05-11,Approved by IDA,447435,Sanctioned
MPLADS-060095,Dr Kakoli Ghosh Dastidar,Lok Sabha,West Bengal,BARASAT,Barasat,1,,,Normal/Others,"WS/MP421/2023-2024/488 - Construction of roads, approach roads, link roads and pathways",DISTRICT MAGISTRATE NORTH TWENTY FOUR PARGANAS_IDA,2023-05-11,Approved by IDA,577602,Sanctioned
MPLADS-060096,Dr Kakoli Ghosh Dastidar,Lok Sabha,West Bengal,BARASAT,Habra,17,,,Normal/Others,WS/MP421/2023-2024/489 - Construction of buildings for community cultural activities,DISTRICT MAGISTRATE NORTH TWENTY FOUR PARGANAS_IDA,2023-05-11,Approved by IDA,5000000,Unsanctioned
MPLADS-060097,Dr Kakoli Ghosh Dastidar,Lok Sabha,West Bengal,BARASAT,Madhyamgram,10,,,Normal/Others,"WS/MP421/2023-2024/490 - Construction of roads, approach roads, link roads and pathways",DISTRICT MAGISTRATE NORTH TWENTY FOUR PARGANAS_IDA,2023-05-11,Approved by IDA,1550705,Unsanctioned
MPLADS-060098,Dr Kakoli Ghosh Dastidar,Lok Sabha,West Bengal,BARASAT,Madhyamgram,4,,,Normal/Others,WS/MP421/2023-2024/492 - Development of public parks,DISTRICT MAGISTRATE NORTH TWENTY FOUR PARGANAS_IDA,2023-05-11,Approved by IDA,500000,Sanctioned
MPLADS-060099,Dr Kakoli Ghosh Dastidar,Lok Sabha,West Bengal,BARASAT,Barasat,10,,,Normal/Others,NA - Construction of community centers and community halls,DISTRICT MAGISTRATE NORTH TWENTY FOUR PARGANAS_IDA,2023-05-11,Action Pending,2500000,Unsanctioned
MPLADS-060100,Dr Kakoli Ghosh Dastidar,Lok Sabha,West Bengal,BARASAT,Barasat,8,,,Normal/Others,WS/MP421/2023-2024/474 - Purchase of hospital equipment,DISTRICT MAGISTRATE NORTH TWENTY FOUR PARGANAS_IDA,2023-05-10,Approved by IDA,1200000,Sanctioned
