WORK_ID,MP_NAME,HOUSE,STATE,CONSTITUENCY,CITY,WARD,BLOCK,VILLAGE,WORK_CATEGORY,WORK_DESCRIPTION,IMPLEMENTING_AUTHORITY,RECOMMENDED_DATE,IDA_APPROVAL,ALLOCATION_AMOUNT,STATUS
MPLADS-000001,Manoj Rajoria,Lok Sabha,Rajasthan,KARAULI-DHOLPUR(SC),,,Rajakhera,Nadauli,Normal/Others,NA - Installing community drinking water plants,DISTRICT COLLECTOR DHOLPUR_IDA,2024-03-04,Action Pending,100000,Unsanctioned
MPLADS-000003,Manoj Rajoria,Lok Sabha,Rajasthan,KARAULI-DHOLPUR(SC),,,Sepau,Kaithri,Normal/Others,"NA - Construction of roads, link roads, pathways or any other road with or without drainage system",DISTRICT COLLECTOR DHOLPUR_IDA,2024-03-04,Action Pending,500000,Unsanctioned
MPLADS-000023,Manoj Rajoria,Lok Sabha,Rajasthan,KARAULI-DHOLPUR(SC),,,Sepau,Kookara,Normal/Others,NA - Installing community drinking water plants,DISTRICT COLLECTOR DHOLPUR_IDA,2024-03-04,Action Pending,600000,Unsanctioned
MPLADS-000025,Manoj Rajoria,Lok Sabha,Rajasthan,KARAULI-DHOLPUR(SC),,,Sepau,Sepau 2,Normal/Others,NA - Installing community drinking water plants,DISTRICT COLLECTOR DHOLPUR_IDA,2024-03-04,Action Pending,100000,Unsanctioned
MPLADS-000026,Manoj Rajoria,Lok Sabha,Rajasthan,KARAULI-DHOLPUR(SC),,,Bari,Norha,Normal/Others,NA - Installing community drinking water plants,DISTRICT COLLECTOR DHOLPUR_IDA,2024-03-04,Action Pending,600000,Unsanctioned
MPLADS-000027,Manoj Rajoria,Lok Sabha,Rajasthan,KARAULI-DHOLPUR(SC),,,Rajakhera,Rahsena,Normal/Others,"NA - Construction of roads, link roads, pathways or any other road with or without drainage system",DISTRICT COLLECTOR DHOLPUR_IDA,2024-03-04,Action Pending,1000000,Unsanctioned
MPLADS-000029,Manoj Rajoria,Lok Sabha,Rajasthan,KARAULI-DHOLPUR(SC),Dhaulpur,Dhaulpur (M) - Ward No.10,,,Normal/Others,NA - Installing community drinking water plants,DISTRICT COLLECTOR DHOLPUR_IDA,2024-03-04,Action Pending,150000,Unsanctioned
MPLADS-000034,Manoj Rajoria,Lok Sabha,Rajasthan,KARAULI-DHOLPUR(SC),,,Mania,Marha Bhau,Normal/Others,NA - Construction of community centers and community halls,DISTRICT COLLECTOR DHOLPUR_IDA,2024-03-04,Action Pending,600000,Unsanctioned
MPLADS-000035,Manoj Rajoria,Lok Sabha,Rajasthan,KARAULI-DHOLPUR(SC),,,Sepau,Sakhwara,Normal/Others,NA - Construction of community centers and community halls,DISTRICT COLLECTOR DHOLPUR_IDA,2024-03-04,Action Pending,700000,Unsanctioned
MPLADS-000058,Rahul Kaswan,Lok Sabha,Rajasthan,CHURU,,,Bhanipura,Sawar,Normal/Others,NA - Construction of rooms and halls in school and colleges,DISTRICT COLLECTOR CHURU_IDA,2024-03-03,Action Pending,850000,Unsanctioned
MPLADS-000059,Rahul Kaswan,Lok Sabha,Rajasthan,CHURU,,,Bhanipura,Rajasar Panwaran,Normal/Others,NA - Construction of additional rooms and halls in the existing public and community building,DISTRICT COLLECTOR CHURU_IDA,2024-03-03,Action Pending,650000,Unsanctioned
MPLADS-000073,Rahul Kaswan,Lok Sabha,Rajasthan,CHURU,,,Churu,Gajsar,Normal/Others,NA - Improvement of electricity distribution infrastructure,DISTRICT COLLECTOR CHURU_IDA,2024-03-03,Action Pending,185000,Unsanctioned
MPLADS-000077,Rahul Kaswan,Lok Sabha,Rajasthan,CHURU,,,Taranagar,Buchawas,Normal/Others,NA - Construction of additional rooms and halls in the existing public and community building,DISTRICT COLLECTOR CHURU_IDA,2024-03-03,Action Pending,650000,Unsanctioned
MPLADS-000079,Rahul Kaswan,Lok Sabha,Rajasthan,CHURU,,,Sardarshahar,Patlisar Purohitan,Normal/Others,NA - Construction of additional rooms and halls in the existing public and community building,DISTRICT COLLECTOR CHURU_IDA,2024-03-03,Action Pending,650000,Unsanctioned
MPLADS-000080,Rahul Kaswan,Lok Sabha,Rajasthan,CHURU,,,Ratangarh,Parihara,Normal/Others,NA - Construction of boundary walls of existing public and community buildings,DISTRICT COLLECTOR CHURU_IDA,2024-03-03,Action Pending,1000000,Unsanctioned
MPLADS-000085,Smt Ranjeeta Koli,Lok Sabha,Rajasthan,BHARATPUR(SC),,,Bharatpur,Garhi Zalimsingh,Normal/Others,"NA - Construction of roads, link roads, pathways or any other road with or without drainage system",DISTRICT COLLECTOR BHARATPUR_IDA,2024-03-03,Action Pending,400000,Unsanctioned
MPLADS-000086,Rahul Kaswan,Lok Sabha,Rajasthan,CHURU,,,Ratangarh,Menasar,Normal/Others,NA - Improvement of electricity distribution infrastructure,DISTRICT COLLECTOR CHURU_IDA,2024-03-03,Action Pending,200000,Unsanctioned
MPLADS-000087,Rahul Kaswan,Lok Sabha,Rajasthan,CHURU,,,Ratangarh,Chainpura,Normal/Others,NA - Construction of rooms and halls in school and colleges,DISTRICT COLLECTOR CHURU_IDA,2024-03-03,Action Pending,850000,Unsanctioned
MPLADS-000088,Rahul Kaswan,Lok Sabha,Rajasthan,CHURU,,,Ratangarh,Gogasar,Normal/Others,NA - Development of playfields and sports grounds,DISTRICT COLLECTOR CHURU_IDA,2024-03-03,Action Pending,500000,Unsanctioned
MPLADS-000089,Smt Ranjeeta Koli,Lok Sabha,Rajasthan,BHARATPUR(SC),,,Kathumar,Titpuri,Normal/Others,"NA - Construction of roads, link roads, pathways or any other road with or without drainage system",DISTRICT COLLECTOR ALWAR_IDA,2024-03-03,Action Pending,700000,Unsanctioned
MPLADS-000090,Smt Ranjeeta Koli,Lok Sabha,Rajasthan,BHARATPUR(SC),,,Kathumar,Maithna,Normal/Others,"NA - Construction of roads, link roads, pathways or any other road with or without drainage system",DISTRICT COLLECTOR ALWAR_IDA,2024-03-03,Action Pending,400000,Unsanctioned
MPLADS-000091,Smt Ranjeeta Koli,Lok Sabha,Rajasthan,BHARATPUR(SC),,,Kathumar,Pisai,Normal/Others,"NA - Construction of roads, link roads, pathways or any other road with or without drainage system",DISTRICT COLLECTOR ALWAR_IDA,2024-03-03,Action Pending,600000,Unsanctioned
MPLADS-000092,Smt Ranjeeta Koli,Lok Sabha,Rajasthan,BHARATPUR(SC),,,Nadbai,Gadauli,Normal/Others,NA - Crematoriums or structures on burial/ cremation ground for public convenience,DISTRICT COLLECTOR BHARATPUR_IDA,2024-03-03,Action Pending,300000,Unsanctioned
MPLADS-000093,Smt Ranjeeta Koli,Lok Sabha,Rajasthan,BHARATPUR(SC),,,Nadbai,Gadauli,Normal/Others,"NA - Construction of roads, link roads, pathways or any other road with or without drainage system",DISTRICT COLLECTOR BHARATPUR_IDA,2024-03-03,Action Pending,500000,Unsanctioned
MPLADS-000094,Rahul Kaswan,Lok Sabha,Rajasthan,CHURU,,,Rajgarh,Bas Mundi,Normal/Others,NA - Improvement of electricity distribution infrastructure,DISTRICT COLLECTOR CHURU_IDA,2024-03-03,Action Pending,488000,Unsanctioned
MPLADS-000095,Sukhbir Singh Jaunapuria,Lok Sabha,Rajasthan,TONK-SAWAI MADHOPUR,,,Sawai Madhopur,Rawanjna Chaur,Normal/Others,"NA - Construction of roads, link roads, pathways or any other road with or without drainage system",DISTRICT COLLECTOR SAWAI MADHOPUR_IDA,2024-03-03,Action Pending,250000,Unsanctioned
MPLADS-000096,Sukhbir Singh Jaunapuria,Lok Sabha,Rajasthan,TONK-SAWAI MADHOPUR,,,Peeplu,Janwali,Normal/Others,NA - Construction of community centers and community halls,DISTRICT COLLECTOR TONK_IDA,2024-03-03,Action Pending,500000,Unsanctioned
MPLADS-000097,Devji Mansingram Patel,Lok Sabha,Rajasthan,JALORE,,,Sanchore,Kilawa,Normal/Others,NA - Purchase of other aids / devices required for P/ M/ V/ H impaired for differently abled persons,DISTRICT COLLECTOR Sanchor_IDA,2024-03-03,Action Pending,110000,Unsanctioned
MPLADS-000098,Devji Mansingram Patel,Lok Sabha,Rajasthan,JALORE,,,Bagora,Bagora,Normal/Others,NA - Street lights,DISTRICT COLLECTOR Sanchor_IDA,2024-03-03,Action Pending,400000,Unsanctioned
MPLADS-000099,Devji Mansingram Patel,Lok Sabha,Rajasthan,JALORE,,,Raniwara,Doongri,Normal/Others,NA - Construction of common work sheds/ common covered sitting area,DISTRICT COLLECTOR Sanchor_IDA,2024-03-03,Action Pending,500000,Unsanctioned
MPLADS-000100,Rahul Kaswan,Lok Sabha,Rajasthan,CHURU,,,Taranagar,Poonras,Normal/Others,NA - Development of playfields and sports grounds,DISTRICT COLLECTOR CHURU_IDA,2024-03-03,Action Pending,650000,Unsanctioned
MPLADS-000101,Rahul Kaswan,Lok Sabha,Rajasthan,CHURU,,,Bidasar,Parewara,Normal/Others,NA - Construction of rooms and halls in school and colleges,DISTRICT COLLECTOR CHURU_IDA,2024-03-03,Action Pending,850000,Unsanctioned
MPLADS-000102,Rahul Kaswan,Lok Sabha,Rajasthan,CHURU,,,Taranagar,Kharathwasiya,Normal/Others,NA - Construction of rooms and halls in school and colleges,DISTRICT COLLECTOR CHURU_IDA,2024-03-03,Action Pending,700000,Unsanctioned
MPLADS-000103,Rahul Kaswan,Lok Sabha,Rajasthan,CHURU,,,Ratangarh,Menasar,Normal/Others,NA - Improvement of electricity distribution infrastructure,DISTRICT COLLECTOR CHURU_IDA,2024-03-03,Action Pending,142000,Unsanctioned
MPLADS-000104,Rahul Kaswan,Lok Sabha,Rajasthan,CHURU,,,Ratangarh,Ladhasar,Normal/Others,NA - Construction of rooms and halls in school and colleges,DISTRICT COLLECTOR CHURU_IDA,2024-03-03,Action Pending,850000,Unsanctioned
MPLADS-000105,Rahul Kaswan,Lok Sabha,Rajasthan,CHURU,,,Sardarshahar,Bhojoosar Upadhiiyan,Normal/Others,NA - Construction of rooms and halls in school and colleges,DISTRICT COLLECTOR CHURU_IDA,2024-03-03,Action Pending,850000,Unsanctioned
MPLADS-000114,Smt Ranjeeta Koli,Lok Sabha,Rajasthan,BHARATPUR(SC),,,Bharatpur,Jharoli,Normal/Others,"NA - Construction of roads, link roads, pathways or any other road with or without drainage system",DISTRICT COLLECTOR BHARATPUR_IDA,2024-03-03,Action Pending,500000,Unsanctioned
MPLADS-000115,Rahul Kaswan,Lok Sabha,Rajasthan,CHURU,,,Rajgarh,Bhuwari,Normal/Others,NA - Improvement of electricity distribution infrastructure,DISTRICT COLLECTOR CHURU_IDA,2024-03-03,Action Pending,280000,Unsanctioned
MPLADS-000116,Smt Ranjeeta Koli,Lok Sabha,Rajasthan,BHARATPUR(SC),,,Bharatpur,Nagla Gopal ( Rural ),Normal/Others,"NA - Construction of roads, link roads, pathways or any other road with or without drainage system",DISTRICT COLLECTOR BHARATPUR_IDA,2024-03-03,Action Pending,750000,Unsanctioned
MPLADS-000120,Rahul Kaswan,Lok Sabha,Rajasthan,CHURU,,,Sardarshahar,Gajoosar,Normal/Others,NA - Construction of rooms and halls in school and colleges,DISTRICT COLLECTOR CHURU_IDA,2024-03-03,Action Pending,850000,Unsanctioned
MPLADS-000122,Rahul Kaswan,Lok Sabha,Rajasthan,CHURU,,,Sardarshahar,Bhojrasar,Normal/Others,NA - Construction of rooms and halls in school and colleges,DISTRICT COLLECTOR CHURU_IDA,2024-03-03,Action Pending,1000000,Unsanctioned
MPLADS-000123,Smt Ranjeeta Koli,Lok Sabha,Rajasthan,BHARATPUR(SC),,,Bharatpur,Garhi Zalimsingh,Normal/Others,"NA - Construction of roads, link roads, pathways or any other road with or without drainage system",DISTRICT COLLECTOR BHARATPUR_IDA,2024-03-03,Action Pending,600000,Unsanctioned
MPLADS-000124,Smt Ranjeeta Koli,Lok Sabha,Rajasthan,BHARATPUR(SC),,,Nadbai,Dahra,Normal/Others,"NA - Construction of roads, link roads, pathways or any other road with or without drainage system",DISTRICT COLLECTOR BHARATPUR_IDA,2024-03-03,Action Pending,500000,Unsanctioned
MPLADS-000145,Rahul Kaswan,Lok Sabha,Rajasthan,CHURU,,,Sardarshahar,Sawai Bari,Normal/Others,NA - Construction of additional rooms and halls in the existing public and community building,DISTRICT COLLECTOR CHURU_IDA,2024-03-03,Action Pending,650000,Unsanctioned
MPLADS-000146,Rahul Kaswan,Lok Sabha,Rajasthan,CHURU,,,Churu,Sahnali Chhoti,Normal/Others,NA - Construction of rooms and halls in school and colleges,DISTRICT COLLECTOR CHURU_IDA,2024-03-03,Action Pending,1000000,Unsanctioned
MPLADS-000156,Rahul Kaswan,Lok Sabha,Rajasthan,CHURU,,,Churu,Ghanghoo,Normal/Others,NA - Construction of rooms and halls in school and colleges,DISTRICT COLLECTOR CHURU_IDA,2024-03-03,Action Pending,1000000,Unsanctioned
MPLADS-000160,Smt Ranjeeta Koli,Lok Sabha,Rajasthan,BHARATPUR(SC),,,Nadbai,Dahra,Normal/Others,"NA - Construction of roads, link roads, pathways or any other road with or without drainage system",DISTRICT COLLECTOR BHARATPUR_IDA,2024-03-03,Action Pending,300000,Unsanctioned
MPLADS-000161,Smt Ranjeeta Koli,Lok Sabha,Rajasthan,BHARATPUR(SC),,,Nadbai,Kareeli,Normal/Others,"NA - Construction of roads, link roads, pathways or any other road with or without drainage system",DISTRICT COLLECTOR BHARATPUR_IDA,2024-03-03,Action Pending,300000,Unsanctioned
MPLADS-000162,Smt Ranjeeta Koli,Lok Sabha,Rajasthan,BHARATPUR(SC),,,Nadbai,Nagla Kurwariya,Normal/Others,"NA - Construction of roads, link roads, pathways or any other road with or without drainage system",DISTRICT COLLECTOR BHARATPUR_IDA,2024-03-03,Action Pending,500000,Unsanctioned
MPLADS-000163,Rahul Kaswan,Lok Sabha,Rajasthan,CHURU,,,Sujangarh,Mundra,Normal/Others,NA - Construction of rooms and halls in school and colleges,DISTRICT COLLECTOR CHURU_IDA,2024-03-03,Action Pending,1000000,Unsanctioned
MPLADS-000302,Manoj Rajoria,Lok Sabha,Rajasthan,KARAULI-DHOLPUR(SC),,,Karauli,Karauli,Normal/Others,NA - Construction of public libraries and reading rooms,DISTRICT COLLECTOR KARAULI_IDA,2024-03-02,Action Pending,2000000,Unsanctioned
MPLADS-000304,Manoj Rajoria,Lok Sabha,Rajasthan,KARAULI-DHOLPUR(SC),,,Mandrayal,Makanpur,Normal/Others,NA - Installing community drinking water plants,DISTRICT COLLECTOR KARAULI_IDA,2024-03-02,Action Pending,350000,Unsanctioned
MPLADS-001000,SHRI Rajendra Gehlot,Rajya Sabha,Rajasthan,Sitting Rajya Sabha,,,Jalor,Narnawas,Normal/Others,"NA - Construction of roads, link roads, pathways or any other road with or without drainage system",DISTRICT COLLECTOR JALORE_IDA,2024-02-24,Action Pending,1000000,Unsanctioned
MPLADS-001012,Shri Pramod Tiwari,Rajya Sabha,Rajasthan,Sitting Rajya Sabha,,,Jaisalmer,Dhaysar,Normal/Others,NA - Construction of public libraries and reading rooms,DISTRICT COLLECTOR JAISLAMER_IDA,2024-02-23,Action Pending,1000000,Unsanctioned
MPLADS-001015,Om Birla,Lok Sabha,Rajasthan,KOTA,,,Nainwa,Manpura,Normal/Others,WS/MP727/2023-2024/113693 - Construction of rooms and halls in school and colleges,DISTRICT COLLECTOR BUNDI_IDA,2024-02-23,Approved by IDA,600000,Unsanctioned
MPLADS-001029,Manoj Rajoria,Lok Sabha,Rajasthan,KARAULI-DHOLPUR(SC),,,Sepau,Kolari,Normal/Others,NA - Street lights,DISTRICT COLLECTOR DHOLPUR_IDA,2024-02-22,Action Pending,266033,Unsanctioned
MPLADS-001030,Manoj Rajoria,Lok Sabha,Rajasthan,KARAULI-DHOLPUR(SC),,,Dhaulpur,Odi Ka Pura,Normal/Others,NA - Street lights,DISTRICT COLLECTOR DHOLPUR_IDA,2024-02-22,Action Pending,266033,Unsanctioned
MPLADS-001031,Manoj Rajoria,Lok Sabha,Rajasthan,KARAULI-DHOLPUR(SC),,,Baseri,Peepripura,Normal/Others,NA - Street lights,DISTRICT COLLECTOR DHOLPUR_IDA,2024-02-22,Action Pending,266033,Unsanctioned
MPLADS-001032,Manoj Rajoria,Lok Sabha,Rajasthan,KARAULI-DHOLPUR(SC),,,Bari,Amolpura,Normal/Others,NA - Street lights,DISTRICT COLLECTOR DHOLPUR_IDA,2024-02-22,Action Pending,266033,Unsanctioned
MPLADS-001033,Manoj Rajoria,Lok Sabha,Rajasthan,KARAULI-DHOLPUR(SC),,,Bari,Bainpura Khalsa,Normal/Others,NA - Street lights,DISTRICT COLLECTOR DHOLPUR_IDA,2024-02-22,Action Pending,266033,Unsanctioned
MPLADS-001034,Manoj Rajoria,Lok Sabha,Rajasthan,KARAULI-DHOLPUR(SC),,,Rajakhera,Katarpura,Normal/Others,NA - Street lights,DISTRICT COLLECTOR DHOLPUR_IDA,2024-02-22,Action Pending,266033,Unsanctioned
MPLADS-001035,Manoj Rajoria,Lok Sabha,Rajasthan,KARAULI-DHOLPUR(SC),,,Rajakhera,Basai Kare,Normal/Others,NA - Street lights,DISTRICT COLLECTOR DHOLPUR_IDA,2024-02-22,Action Pending,266033,Unsanctioned
MPLADS-001036,Manoj Rajoria,Lok Sabha,Rajasthan,KARAULI-DHOLPUR(SC),,,Baseri,Bharli,Normal/Others,NA - Street lights,DISTRICT COLLECTOR DHOLPUR_IDA,2024-02-22,Action Pending,266033,Unsanctioned
MPLADS-001037,Manoj Rajoria,Lok Sabha,Rajasthan,KARAULI-DHOLPUR(SC),,,Baseri,Ekta,Normal/Others,NA - Street lights,DISTRICT COLLECTOR DHOLPUR_IDA,2024-02-22,Action Pending,266033,Unsanctioned
MPLADS-001038,Manoj Rajoria,Lok Sabha,Rajasthan,KARAULI-DHOLPUR(SC),,,Bari,Saheri No. 1,Normal/Others,NA - Street lights,DISTRICT COLLECTOR DHOLPUR_IDA,2024-02-22,Action Pending,266033,Unsanctioned
MPLADS-001039,Manoj Rajoria,Lok Sabha,Rajasthan,KARAULI-DHOLPUR(SC),,,Mania,Kasganj,Normal/Others,NA - Street lights,DISTRICT COLLECTOR DHOLPUR_IDA,2024-02-22,Action Pending,266033,Unsanctioned
MPLADS-001040,Manoj Rajoria,Lok Sabha,Rajasthan,KARAULI-DHOLPUR(SC),,,Basai Nawab,Nagla Kharagpur,Normal/Others,NA - Street lights,DISTRICT COLLECTOR DHOLPUR_IDA,2024-02-22,Action Pending,266033,Unsanctioned
MPLADS-001041,Manoj Rajoria,Lok Sabha,Rajasthan,KARAULI-DHOLPUR(SC),,,Sepau,Kaithri,Normal/Others,NA - Street lights,DISTRICT COLLECTOR DHOLPUR_IDA,2024-02-22,Action Pending,266033,Unsanctioned
MPLADS-001042,Manoj Rajoria,Lok Sabha,Rajasthan,KARAULI-DHOLPUR(SC),,,Dhaulpur,Kasimpur,Normal/Others,NA - Street lights,DISTRICT COLLECTOR DHOLPUR_IDA,2024-02-22,Action Pending,266033,Unsanctioned
MPLADS-001043,Manoj Rajoria,Lok Sabha,Rajasthan,KARAULI-DHOLPUR(SC),,,Baseri,Tajpur,Normal/Others,NA - Street lights,DISTRICT COLLECTOR DHOLPUR_IDA,2024-02-22,Action Pending,266033,Unsanctioned
MPLADS-001044,Manoj Rajoria,Lok Sabha,Rajasthan,KARAULI-DHOLPUR(SC),,,Basai Nawab,Bhadiyana,Normal/Others,NA - Street lights,DISTRICT COLLECTOR DHOLPUR_IDA,2024-02-22,Action Pending,266033,Unsanctioned
MPLADS-001045,Manoj Rajoria,Lok Sabha,Rajasthan,KARAULI-DHOLPUR(SC),,,Rajakhera,Marena,Normal/Others,NA - Street lights,DISTRICT COLLECTOR DHOLPUR_IDA,2024-02-22,Action Pending,266033,Unsanctioned
MPLADS-001046,Manoj Rajoria,Lok Sabha,Rajasthan,KARAULI-DHOLPUR(SC),,,Basai Nawab,Nagla Harlal,Normal/Others,NA - Street lights,DISTRICT COLLECTOR DHOLPUR_IDA,2024-02-22,Action Pending,266033,Unsanctioned
MPLADS-001047,Manoj Rajoria,Lok Sabha,Rajasthan,KARAULI-DHOLPUR(SC),,,Sepau,Manpur,Normal/Others,NA - Street lights,DISTRICT COLLECTOR DHOLPUR_IDA,2024-02-22,Action Pending,266033,Unsanctioned
MPLADS-001048,Manoj Rajoria,Lok Sabha,Rajasthan,KARAULI-DHOLPUR(SC),,,Rajakhera,Kathoomri,Normal/Others,NA - Street lights,DISTRICT COLLECTOR DHOLPUR_IDA,2024-02-22,Action Pending,266033,Unsanctioned
MPLADS-001049,Manoj Rajoria,Lok Sabha,Rajasthan,KARAULI-DHOLPUR(SC),,,Sepau,Pathaina,Normal/Others,NA - Street lights,DISTRICT COLLECTOR DHOLPUR_IDA,2024-02-22,Action Pending,266033,Unsanctioned
MPLADS-001050,Manoj Rajoria,Lok Sabha,Rajasthan,KARAULI-DHOLPUR(SC),,,Rajakhera,Atroli,Normal/Others,NA - Street lights,DISTRICT COLLECTOR DHOLPUR_IDA,2024-02-22,Action Pending,266033,Unsanctioned
MPLADS-001051,Manoj Rajoria,Lok Sabha,Rajasthan,KARAULI-DHOLPUR(SC),,,Bari,Majhauwa,Normal/Others,NA - Street lights,DISTRICT COLLECTOR DHOLPUR_IDA,2024-02-22,Action Pending,266033,Unsanctioned
MPLADS-001052,Manoj Rajoria,Lok Sabha,Rajasthan,KARAULI-DHOLPUR(SC),,,Dhaulpur,Mustfabad,Normal/Others,NA - Street lights,DISTRICT COLLECTOR DHOLPUR_IDA,2024-02-22,Action Pending,266033,Unsanctioned
MPLADS-001053,Manoj Rajoria,Lok Sabha,Rajasthan,KARAULI-DHOLPUR(SC),,,Baseri,Daupura,Normal/Others,NA - Street lights,DISTRICT COLLECTOR DHOLPUR_IDA,2024-02-22,Action Pending,266033,Unsanctioned
MPLADS-001054,Manoj Rajoria,Lok Sabha,Rajasthan,KARAULI-DHOLPUR(SC),,,Baseri,Nagla Raijeet,Normal/Others,NA - Street lights,DISTRICT COLLECTOR DHOLPUR_IDA,2024-02-22,Action Pending,266033,Unsanctioned
MPLADS-001055,Manoj Rajoria,Lok Sabha,Rajasthan,KARAULI-DHOLPUR(SC),,,Dhaulpur,Kotra,Normal/Others,NA - Street lights,DISTRICT COLLECTOR DHOLPUR_IDA,2024-02-22,Action Pending,266033,Unsanctioned
MPLADS-001056,Manoj Rajoria,Lok Sabha,Rajasthan,KARAULI-DHOLPUR(SC),,,Sepau,Kanasil,Normal/Others,NA - Street lights,DISTRICT COLLECTOR DHOLPUR_IDA,2024-02-22,Action Pending,266033,Unsanctioned
MPLADS-001057,Manoj Rajoria,Lok Sabha,Rajasthan,KARAULI-DHOLPUR(SC),,,Dhaulpur,Bishnoda,Normal/Others,NA - Street lights,DISTRICT COLLECTOR DHOLPUR_IDA,2024-02-22,Action Pending,266033,Unsanctioned
MPLADS-001058,Manoj Rajoria,Lok Sabha,Rajasthan,KARAULI-DHOLPUR(SC),,,Sarmathura,Chandpura,Normal/Others,NA - Street lights,DISTRICT COLLECTOR DHOLPUR_IDA,2024-02-22,Action Pending,266033,Unsanctioned
MPLADS-001059,Manoj Rajoria,Lok Sabha,Rajasthan,KARAULI-DHOLPUR(SC),,,Baseri,Raiviyapura,Normal/Others,NA - Street lights,DISTRICT COLLECTOR DHOLPUR_IDA,2024-02-22,Action Pending,266033,Unsanctioned
MPLADS-001060,Manoj Rajoria,Lok Sabha,Rajasthan,KARAULI-DHOLPUR(SC),,,Rajakhera,Babarpur,Normal/Others,WS/MP717/2023-2024/112231 - Street lights,DISTRICT COLLECTOR DHOLPUR_IDA,2024-02-22,Approved by IDA,266033,Unsanctioned
MPLADS-001061,Manoj Rajoria,Lok Sabha,Rajasthan,KARAULI-DHOLPUR(SC),,,Dhaulpur,Masoodpur,Normal/Others,WS/MP717/2023-2024/112220 - Street lights,DISTRICT COLLECTOR DHOLPUR_IDA,2024-02-22,Approved by IDA,266033,Unsanctioned
MPLADS-001062,Manoj Rajoria,Lok Sabha,Rajasthan,KARAULI-DHOLPUR(SC),,,Bari,Garhi Khirana,Normal/Others,WS/MP717/2023-2024/112221 - Street lights,DISTRICT COLLECTOR DHOLPUR_IDA,2024-02-22,Approved by IDA,266033,Unsanctioned
MPLADS-001063,Manoj Rajoria,Lok Sabha,Rajasthan,KARAULI-DHOLPUR(SC),,,Mania,Birondha,Normal/Others,WS/MP717/2023-2024/112225 - Street lights,DISTRICT COLLECTOR DHOLPUR_IDA,2024-02-22,Approved by IDA,266033,Unsanctioned
MPLADS-001064,Manoj Rajoria,Lok Sabha,Rajasthan,KARAULI-DHOLPUR(SC),,,Bari,Laloni,Normal/Others,WS/MP717/2023-2024/112226 - Street lights,DISTRICT COLLECTOR DHOLPUR_IDA,2024-02-22,Approved by IDA,266033,Unsanctioned
MPLADS-001065,Manoj Rajoria,Lok Sabha,Rajasthan,KARAULI-DHOLPUR(SC),,,Bari,Chila Chaund,Normal/Others,WS/MP717/2023-2024/112227 - Street lights,DISTRICT COLLECTOR DHOLPUR_IDA,2024-02-22,Approved by IDA,266033,Unsanctioned
MPLADS-001066,Manoj Rajoria,Lok Sabha,Rajasthan,KARAULI-DHOLPUR(SC),,,Mania,Bretha,Normal/Others,WS/MP717/2023-2024/112230 - Street lights,DISTRICT COLLECTOR DHOLPUR_IDA,2024-02-22,Approved by IDA,266033,Unsanctioned
MPLADS-001067,Manoj Rajoria,Lok Sabha,Rajasthan,KARAULI-DHOLPUR(SC),,,Baseri,Salempur Rawatpati,Normal/Others,WS/MP717/2023-2024/112233 - Street lights,DISTRICT COLLECTOR DHOLPUR_IDA,2024-02-22,Approved by IDA,266033,Unsanctioned
MPLADS-001068,Manoj Rajoria,Lok Sabha,Rajasthan,KARAULI-DHOLPUR(SC),,,Mania,Maniyan,Normal/Others,NA - Street lights,DISTRICT COLLECTOR DHOLPUR_IDA,2024-02-22,Action Pending,266033,Unsanctioned
MPLADS-001075,Manoj Rajoria,Lok Sabha,Rajasthan,KARAULI-DHOLPUR(SC),,,Dhaulpur,Basai Neem,Normal/Others,WS/MP717/2023-2024/112219 - Street lights,DISTRICT COLLECTOR DHOLPUR_IDA,2024-02-22,Approved by IDA,266033,Unsanctioned
MPLADS-001076,Manoj Rajoria,Lok Sabha,Rajasthan,KARAULI-DHOLPUR(SC),,,Dhaulpur,Naya Gaon,Normal/Others,WS/MP717/2023-2024/112218 - Street lights,DISTRICT COLLECTOR DHOLPUR_IDA,2024-02-22,Approved by IDA,266033,Unsanctioned
MPLADS-001077,Manoj Rajoria,Lok Sabha,Rajasthan,KARAULI-DHOLPUR(SC),,,Rajakhera,Chaudhari Ka Pura,Normal/Others,NA - Street lights,DISTRICT COLLECTOR DHOLPUR_IDA,2024-02-22,Action Pending,266033,Unsanctioned
MPLADS-001078,Manoj Rajoria,Lok Sabha,Rajasthan,KARAULI-DHOLPUR(SC),,,Bari,Aligarh,Normal/Others,NA - Street lights,DISTRICT COLLECTOR DHOLPUR_IDA,2024-02-22,Action Pending,266033,Unsanctioned
MPLADS-001079,Manoj Rajoria,Lok Sabha,Rajasthan,KARAULI-DHOLPUR(SC),,,Sepau,Kareempur Ka Pura,Normal/Others,NA - Street lights,DISTRICT COLLECTOR DHOLPUR_IDA,2024-02-22,Action Pending,266033,Unsanctioned
MPLADS-001080,Manoj Rajoria,Lok Sabha,Rajasthan,KARAULI-DHOLPUR(SC),,,Baseri,Kharagpura,Normal/Others,NA - Street lights,DISTRICT COLLECTOR DHOLPUR_IDA,2024-02-22,Action Pending,266033,Unsanctioned
MPLADS-001081,Manoj Rajoria,Lok Sabha,Rajasthan,KARAULI-DHOLPUR(SC),,,Sepau,Nandpura,Normal/Others,NA - Street lights,DISTRICT COLLECTOR DHOLPUR_IDA,2024-02-22,Action Pending,266033,Unsanctioned
MPLADS-001082,Manoj Rajoria,Lok Sabha,Rajasthan,KARAULI-DHOLPUR(SC),,,Mania,Mangrol,Normal/Others,NA - Street lights,DISTRICT COLLECTOR DHOLPUR_IDA,2024-02-22,Action Pending,266033,Unsanctioned
MPLADS-001083,Manoj Rajoria,Lok Sabha,Rajasthan,KARAULI-DHOLPUR(SC),,,Dhaulpur,Dogarpur,Normal/Others,NA - Street lights,DISTRICT COLLECTOR DHOLPUR_IDA,2024-02-22,Action Pending,266033,Unsanctioned
MPLADS-001084,Manoj Rajoria,Lok Sabha,Rajasthan,KARAULI-DHOLPUR(SC),,,Dhaulpur,Purani Chhawni (Og),Normal/Others,NA - Street lights,DISTRICT COLLECTOR DHOLPUR_IDA,2024-02-22,Action Pending,266033,Unsanctioned
MPLADS-001085,Manoj Rajoria,Lok Sabha,Rajasthan,KARAULI-DHOLPUR(SC),,,Sepau,Chitaura,Normal/Others,NA - Street lights,DISTRICT COLLECTOR DHOLPUR_IDA,2024-02-22,Action Pending,266033,Unsanctioned
MPLADS-001086,Manoj Rajoria,Lok Sabha,Rajasthan,KARAULI-DHOLPUR(SC),,,Sarmathura,Dhaundh,Normal/Others,NA - Street lights,DISTRICT COLLECTOR DHOLPUR_IDA,2024-02-22,Action Pending,266033,Unsanctioned
MPLADS-001087,Manoj Rajoria,Lok Sabha,Rajasthan,KARAULI-DHOLPUR(SC),,,Sepau,Hajipur,Normal/Others,NA - Street lights,DISTRICT COLLECTOR DHOLPUR_IDA,2024-02-22,Action Pending,266033,Unsanctioned
MPLADS-001088,Manoj Rajoria,Lok Sabha,Rajasthan,KARAULI-DHOLPUR(SC),,,Mania,Jalalpur,Normal/Others,NA - Street lights,DISTRICT COLLECTOR DHOLPUR_IDA,2024-02-22,Action Pending,266033,Unsanctioned
MPLADS-001089,Manoj Rajoria,Lok Sabha,Rajasthan,KARAULI-DHOLPUR(SC),,,Sepau,Tahri,Normal/Others,NA - Street lights,DISTRICT COLLECTOR DHOLPUR_IDA,2024-02-22,Action Pending,266033,Unsanctioned
MPLADS-001090,Manoj Rajoria,Lok Sabha,Rajasthan,KARAULI-DHOLPUR(SC),,,Baseri,Dhaur,Normal/Others,NA - Street lights,DISTRICT COLLECTOR DHOLPUR_IDA,2024-02-22,Action Pending,266033,Unsanctioned
MPLADS-001091,Manoj Rajoria,Lok Sabha,Rajasthan,KARAULI-DHOLPUR(SC),,,Sepau,Taseemo,Normal/Others,NA - Street lights,DISTRICT COLLECTOR DHOLPUR_IDA,2024-02-22,Action Pending,266033,Unsanctioned
MPLADS-001092,Manoj Rajoria,Lok Sabha,Rajasthan,KARAULI-DHOLPUR(SC),,,Baseri,Hingota,Normal/Others,NA - Street lights,DISTRICT COLLECTOR DHOLPUR_IDA,2024-02-22,Action Pending,266033,Unsanctioned
MPLADS-001094,Manoj Rajoria,Lok Sabha,Rajasthan,KARAULI-DHOLPUR(SC),,,Sarmathura,Baragaon,Normal/Others,NA - Street lights,DISTRICT COLLECTOR DHOLPUR_IDA,2024-02-22,Action Pending,266033,Unsanctioned
MPLADS-001095,Manoj Rajoria,Lok Sabha,Rajasthan,KARAULI-DHOLPUR(SC),,,Bari,Basai Dang,Normal/Others,NA - Street lights,DISTRICT COLLECTOR DHOLPUR_IDA,2024-02-22,Action Pending,266033,Unsanctioned
MPLADS-001096,Manoj Rajoria,Lok Sabha,Rajasthan,KARAULI-DHOLPUR(SC),,,Basai Nawab,Basai Navab-A,Normal/Others,NA - Street lights,DISTRICT COLLECTOR DHOLPUR_IDA,2024-02-22,Action Pending,266033,Unsanctioned
MPLADS-001097,Manoj Rajoria,Lok Sabha,Rajasthan,KARAULI-DHOLPUR(SC),,,Sepau,Donari,Normal/Others,NA - Street lights,DISTRICT COLLECTOR DHOLPUR_IDA,2024-02-22,Action Pending,266033,Unsanctioned
MPLADS-001098,Manoj Rajoria,Lok Sabha,Rajasthan,KARAULI-DHOLPUR(SC),,,Basai Nawab,Maloni Panwar,Normal/Others,NA - Street lights,DISTRICT COLLECTOR DHOLPUR_IDA,2024-02-22,Action Pending,266033,Unsanctioned
MPLADS-001099,Manoj Rajoria,Lok Sabha,Rajasthan,KARAULI-DHOLPUR(SC),,,Sepau,Garhi Chatola,Normal/Others,NA - Street lights,DISTRICT COLLECTOR DHOLPUR_IDA,2024-02-22,Action Pending,266033,Unsanctioned
MPLADS-001100,Manoj Rajoria,Lok Sabha,Rajasthan,KARAULI-DHOLPUR(SC),,,Sarmathura,Madanpur,Normal/Others,NA - Street lights,DISTRICT COLLECTOR DHOLPUR_IDA,2024-02-22,Action Pending,266033,Unsanctioned
MPLADS-001101,Manoj Rajoria,Lok Sabha,Rajasthan,KARAULI-DHOLPUR(SC),,,Sepau,Umrara,Normal/Others,NA - Street lights,DISTRICT COLLECTOR DHOLPUR_IDA,2024-02-22,Action Pending,266033,Unsanctioned
MPLADS-001102,Manoj Rajoria,Lok Sabha,Rajasthan,KARAULI-DHOLPUR(SC),,,Baseri,Jarga,Normal/Others,NA - Street lights,DISTRICT COLLECTOR DHOLPUR_IDA,2024-02-22,Action Pending,266033,Unsanctioned
MPLADS-001103,Manoj Rajoria,Lok Sabha,Rajasthan,KARAULI-DHOLPUR(SC),,,Baseri,Harjoopura,Normal/Others,NA - Street lights,DISTRICT COLLECTOR DHOLPUR_IDA,2024-02-22,Action Pending,266033,Unsanctioned
MPLADS-001104,Manoj Rajoria,Lok Sabha,Rajasthan,KARAULI-DHOLPUR(SC),,,Sepau,Sahroli,Normal/Others,NA - Street lights,DISTRICT COLLECTOR DHOLPUR_IDA,2024-02-22,Action Pending,266033,Unsanctioned
MPLADS-001105,Manoj Rajoria,Lok Sabha,Rajasthan,KARAULI-DHOLPUR(SC),,,Sarmathura,Jhiri,Normal/Others,NA - Street lights,DISTRICT COLLECTOR DHOLPUR_IDA,2024-02-22,Action Pending,266033,Unsanctioned
MPLADS-001106,Manoj Rajoria,Lok Sabha,Rajasthan,KARAULI-DHOLPUR(SC),,,Rajakhera,Kachhiyara Bidar,Normal/Others,NA - Street lights,DISTRICT COLLECTOR DHOLPUR_IDA,2024-02-22,Action Pending,266033,Unsanctioned
MPLADS-001107,Manoj Rajoria,Lok Sabha,Rajasthan,KARAULI-DHOLPUR(SC),,,Sepau,Kolua,Normal/Others,NA - Street lights,DISTRICT COLLECTOR DHOLPUR_IDA,2024-02-22,Action Pending,266033,Unsanctioned
MPLADS-001108,Manoj Rajoria,Lok Sabha,Rajasthan,KARAULI-DHOLPUR(SC),,,Sepau,Kankoli,Normal/Others,NA - Street lights,DISTRICT COLLECTOR DHOLPUR_IDA,2024-02-22,Action Pending,266033,Unsanctioned
MPLADS-001109,Manoj Rajoria,Lok Sabha,Rajasthan,KARAULI-DHOLPUR(SC),,,Mania,Kotpura,Normal/Others,NA - Street lights,DISTRICT COLLECTOR DHOLPUR_IDA,2024-02-22,Action Pending,266033,Unsanctioned
MPLADS-001110,Manoj Rajoria,Lok Sabha,Rajasthan,KARAULI-DHOLPUR(SC),,,Baseri,Bagthar,Normal/Others,NA - Street lights,DISTRICT COLLECTOR DHOLPUR_IDA,2024-02-22,Action Pending,266033,Unsanctioned
MPLADS-001111,Manoj Rajoria,Lok Sabha,Rajasthan,KARAULI-DHOLPUR(SC),,,Sepau,Sakhwara,Normal/Others,NA - Street lights,DISTRICT COLLECTOR DHOLPUR_IDA,2024-02-22,Action Pending,266033,Unsanctioned
MPLADS-001112,Manoj Rajoria,Lok Sabha,Rajasthan,KARAULI-DHOLPUR(SC),,,Dhaulpur,Firozpur,Normal/Others,NA - Street lights,DISTRICT COLLECTOR DHOLPUR_IDA,2024-02-22,Action Pending,266033,Unsanctioned
MPLADS-001113,Manoj Rajoria,Lok Sabha,Rajasthan,KARAULI-DHOLPUR(SC),,,Mania,Darupura,Normal/Others,NA - Street lights,DISTRICT COLLECTOR DHOLPUR_IDA,2024-02-22,Action Pending,266033,Unsanctioned
MPLADS-001114,Manoj Rajoria,Lok Sabha,Rajasthan,KARAULI-DHOLPUR(SC),,,Rajakhera,Nahila,Normal/Others,NA - Street lights,DISTRICT COLLECTOR DHOLPUR_IDA,2024-02-22,Action Pending,266033,Unsanctioned
MPLADS-001117,Manoj Rajoria,Lok Sabha,Rajasthan,KARAULI-DHOLPUR(SC),,,Dhaulpur,Nainokhar,Normal/Others,NA - Street lights,DISTRICT COLLECTOR DHOLPUR_IDA,2024-02-22,Action Pending,266033,Unsanctioned
MPLADS-001118,Manoj Rajoria,Lok Sabha,Rajasthan,KARAULI-DHOLPUR(SC),,,Rajakhera,Hathwari,Normal/Others,NA - Street lights,DISTRICT COLLECTOR DHOLPUR_IDA,2024-02-22,Action Pending,266033,Unsanctioned
MPLADS-001119,Manoj Rajoria,Lok Sabha,Rajasthan,KARAULI-DHOLPUR(SC),,,Dhaulpur,Singhawali,Normal/Others,NA - Street lights,DISTRICT COLLECTOR DHOLPUR_IDA,2024-02-22,Action Pending,266033,Unsanctioned
MPLADS-001120,Manoj Rajoria,Lok Sabha,Rajasthan,KARAULI-DHOLPUR(SC),,,Rajakhera,Dihauli,Normal/Others,NA - Street lights,DISTRICT COLLECTOR DHOLPUR_IDA,2024-02-22,Action Pending,266033,Unsanctioned
MPLADS-001121,Manoj Rajoria,Lok Sabha,Rajasthan,KARAULI-DHOLPUR(SC),,,Mania,Dulhara,Normal/Others,NA - Street lights,DISTRICT COLLECTOR DHOLPUR_IDA,2024-02-22,Action Pending,266033,Unsanctioned
MPLADS-001122,Manoj Rajoria,Lok Sabha,Rajasthan,KARAULI-DHOLPUR(SC),,,Sepau,Chaura Khera,Normal/Others,NA - Street lights,DISTRICT COLLECTOR DHOLPUR_IDA,2024-02-22,Action Pending,266033,Unsanctioned
MPLADS-001123,Manoj Rajoria,Lok Sabha,Rajasthan,KARAULI-DHOLPUR(SC),,,Mania,Dubati,Normal/Others,NA - Street lights,DISTRICT COLLECTOR DHOLPUR_IDA,2024-02-22,Action Pending,266033,Unsanctioned
MPLADS-001124,Manoj Rajoria,Lok Sabha,Rajasthan,KARAULI-DHOLPUR(SC),,,Rajakhera,Sadapur,Normal/Others,NA - Street lights,DISTRICT COLLECTOR DHOLPUR_IDA,2024-02-22,Action Pending,266033,Unsanctioned
MPLADS-001125,Manoj Rajoria,Lok Sabha,Rajasthan,KARAULI-DHOLPUR(SC),,,Dhaulpur,Moroli,Normal/Others,NA - Street lights,DISTRICT COLLECTOR DHOLPUR_IDA,2024-02-22,Action Pending,266033,Unsanctioned
MPLADS-001126,Manoj Rajoria,Lok Sabha,Rajasthan,KARAULI-DHOLPUR(SC),,,Baseri,Salempur,Normal/Others,NA - Street lights,DISTRICT COLLECTOR DHOLPUR_IDA,2024-02-22,Action Pending,266033,Unsanctioned
MPLADS-001127,Manoj Rajoria,Lok Sabha,Rajasthan,KARAULI-DHOLPUR(SC),,,Rajakhera,Silawat,Normal/Others,NA - Street lights,DISTRICT COLLECTOR DHOLPUR_IDA,2024-02-22,Action Pending,266033,Unsanctioned
MPLADS-001128,Manoj Rajoria,Lok Sabha,Rajasthan,KARAULI-DHOLPUR(SC),,,Bari,Kudinna,Normal/Others,NA - Street lights,DISTRICT COLLECTOR DHOLPUR_IDA,2024-02-22,Action Pending,266033,Unsanctioned
MPLADS-001129,Manoj Rajoria,Lok Sabha,Rajasthan,KARAULI-DHOLPUR(SC),,,Baseri,Kunkuta,Normal/Others,NA - Street lights,DISTRICT COLLECTOR DHOLPUR_IDA,2024-02-22,Action Pending,266033,Unsanctioned
MPLADS-001130,Manoj Rajoria,Lok Sabha,Rajasthan,KARAULI-DHOLPUR(SC),,,Dhaulpur,Bhaisena,Normal/Others,NA - Street lights,DISTRICT COLLECTOR DHOLPUR_IDA,2024-02-22,Action Pending,266033,Unsanctioned
MPLADS-001131,Manoj Rajoria,Lok Sabha,Rajasthan,KARAULI-DHOLPUR(SC),,,Sepau,Jharpura,Normal/Others,NA - Street lights,DISTRICT COLLECTOR DHOLPUR_IDA,2024-02-22,Action Pending,266033,Unsanctioned
MPLADS-001132,Manoj Rajoria,Lok Sabha,Rajasthan,KARAULI-DHOLPUR(SC),,,Sepau,Poothpura,Normal/Others,NA - Street lights,DISTRICT COLLECTOR DHOLPUR_IDA,2024-02-22,Action Pending,266033,Unsanctioned
MPLADS-001133,Manoj Rajoria,Lok Sabha,Rajasthan,KARAULI-DHOLPUR(SC),,,Bari,Lahakpur,Normal/Others,NA - Street lights,DISTRICT COLLECTOR DHOLPUR_IDA,2024-02-22,Action Pending,266033,Unsanctioned
MPLADS-001134,Manoj Rajoria,Lok Sabha,Rajasthan,KARAULI-DHOLPUR(SC),,,Rajakhera,Garhi Jonawad,Normal/Others,NA - Street lights,DISTRICT COLLECTOR DHOLPUR_IDA,2024-02-22,Action Pending,266033,Unsanctioned
MPLADS-001135,Manoj Rajoria,Lok Sabha,Rajasthan,KARAULI-DHOLPUR(SC),,,Sepau,Saipau,Normal/Others,NA - Street lights,DISTRICT COLLECTOR DHOLPUR_IDA,2024-02-22,Action Pending,266033,Unsanctioned
MPLADS-001136,Manoj Rajoria,Lok Sabha,Rajasthan,KARAULI-DHOLPUR(SC),,,Baseri,Nadanpur,Normal/Others,NA - Street lights,DISTRICT COLLECTOR DHOLPUR_IDA,2024-02-22,Action Pending,266033,Unsanctioned
MPLADS-001137,Manoj Rajoria,Lok Sabha,Rajasthan,KARAULI-DHOLPUR(SC),,,Sepau,Rajaura Kalan,Normal/Others,NA - Street lights,DISTRICT COLLECTOR DHOLPUR_IDA,2024-02-22,Action Pending,266033,Unsanctioned
MPLADS-001138,Manoj Rajoria,Lok Sabha,Rajasthan,KARAULI-DHOLPUR(SC),,,Bari,Badraitha,Normal/Others,NA - Street lights,DISTRICT COLLECTOR DHOLPUR_IDA,2024-02-22,Action Pending,266033,Unsanctioned
MPLADS-001139,Manoj Rajoria,Lok Sabha,Rajasthan,KARAULI-DHOLPUR(SC),,,Sepau,Bara,Normal/Others,NA - Street lights,DISTRICT COLLECTOR DHOLPUR_IDA,2024-02-22,Action Pending,266033,Unsanctioned
MPLADS-001140,Manoj Rajoria,Lok Sabha,Rajasthan,KARAULI-DHOLPUR(SC),,,Basai Nawab,Piphera,Normal/Others,NA - Street lights,DISTRICT COLLECTOR DHOLPUR_IDA,2024-02-22,Action Pending,266033,Unsanctioned
MPLADS-001141,Manoj Rajoria,Lok Sabha,Rajasthan,KARAULI-DHOLPUR(SC),,,Sarmathura,Angai,Normal/Others,NA - Street lights,DISTRICT COLLECTOR DHOLPUR_IDA,2024-02-22,Action Pending,266033,Unsanctioned
MPLADS-001142,Manoj Rajoria,Lok Sabha,Rajasthan,KARAULI-DHOLPUR(SC),,,Baseri,Mamodhan,Normal/Others,NA - Street lights,DISTRICT COLLECTOR DHOLPUR_IDA,2024-02-22,Action Pending,266033,Unsanctioned
MPLADS-001143,Manoj Rajoria,Lok Sabha,Rajasthan,KARAULI-DHOLPUR(SC),,,Rajakhera,Basai Gheeyaram,Normal/Others,NA - Street lights,DISTRICT COLLECTOR DHOLPUR_IDA,2024-02-22,Action Pending,266033,Unsanctioned
MPLADS-001144,Manoj Rajoria,Lok Sabha,Rajasthan,KARAULI-DHOLPUR(SC),,,Baseri,Tursipura,Normal/Others,NA - Street lights,DISTRICT COLLECTOR DHOLPUR_IDA,2024-02-22,Action Pending,266033,Unsanctioned
MPLADS-001145,Manoj Rajoria,Lok Sabha,Rajasthan,KARAULI-DHOLPUR(SC),,,Mania,Bagcholi Khar,Normal/Others,NA - Street lights,DISTRICT COLLECTOR DHOLPUR_IDA,2024-02-22,Action Pending,266033,Unsanctioned
MPLADS-001146,Manoj Rajoria,Lok Sabha,Rajasthan,KARAULI-DHOLPUR(SC),,,Baseri,Jheel,Normal/Others,NA - Street lights,DISTRICT COLLECTOR DHOLPUR_IDA,2024-02-22,Action Pending,266033,Unsanctioned
MPLADS-001147,Manoj Rajoria,Lok Sabha,Rajasthan,KARAULI-DHOLPUR(SC),,,Rajakhera,Didwar,Normal/Others,NA - Street lights,DISTRICT COLLECTOR DHOLPUR_IDA,2024-02-22,Action Pending,266033,Unsanctioned
MPLADS-001148,Manoj Rajoria,Lok Sabha,Rajasthan,KARAULI-DHOLPUR(SC),,,Bari,Sikarra,Normal/Others,NA - Street lights,DISTRICT COLLECTOR DHOLPUR_IDA,2024-02-22,Action Pending,266033,Unsanctioned
MPLADS-001149,Manoj Rajoria,Lok Sabha,Rajasthan,KARAULI-DHOLPUR(SC),,,Baseri,Moorik,Normal/Others,NA - Street lights,DISTRICT COLLECTOR DHOLPUR_IDA,2024-02-22,Action Pending,266033,Unsanctioned
MPLADS-001150,Manoj Rajoria,Lok Sabha,Rajasthan,KARAULI-DHOLPUR(SC),,,Rajakhera,Gunpur,Normal/Others,NA - Street lights,DISTRICT COLLECTOR DHOLPUR_IDA,2024-02-22,Action Pending,266033,Unsanctioned
MPLADS-001151,Manoj Rajoria,Lok Sabha,Rajasthan,KARAULI-DHOLPUR(SC),,,Mania,Edalpur,Normal/Others,NA - Street lights,DISTRICT COLLECTOR DHOLPUR_IDA,2024-02-22,Action Pending,266033,Unsanctioned
MPLADS-001152,Manoj Rajoria,Lok Sabha,Rajasthan,KARAULI-DHOLPUR(SC),,,Bari,Kudinna,Normal/Others,NA - Street lights,DISTRICT COLLECTOR DHOLPUR_IDA,2024-02-22,Action Pending,266033,Unsanctioned
MPLADS-001153,Manoj Rajoria,Lok Sabha,Rajasthan,KARAULI-DHOLPUR(SC),,,Baseri,Boreli,Normal/Others,NA - Street lights,DISTRICT COLLECTOR DHOLPUR_IDA,2024-02-22,Action Pending,266033,Unsanctioned
MPLADS-001154,Manoj Rajoria,Lok Sabha,Rajasthan,KARAULI-DHOLPUR(SC),,,Sepau,Nidhaira Kalan,Normal/Others,NA - Street lights,DISTRICT COLLECTOR DHOLPUR_IDA,2024-02-22,Action Pending,266033,Unsanctioned
MPLADS-001155,Manoj Rajoria,Lok Sabha,Rajasthan,KARAULI-DHOLPUR(SC),,,Baseri,Kuiya,Normal/Others,NA - Street lights,DISTRICT COLLECTOR DHOLPUR_IDA,2024-02-22,Action Pending,266033,Unsanctioned
MPLADS-001156,Manoj Rajoria,Lok Sabha,Rajasthan,KARAULI-DHOLPUR(SC),,,Sepau,Saipau,Normal/Others,NA - Street lights,DISTRICT COLLECTOR DHOLPUR_IDA,2024-02-22,Action Pending,266033,Unsanctioned
MPLADS-001157,Manoj Rajoria,Lok Sabha,Rajasthan,KARAULI-DHOLPUR(SC),,,Basai Nawab,Indoli,Normal/Others,NA - Street lights,DISTRICT COLLECTOR DHOLPUR_IDA,2024-02-22,Action Pending,266033,Unsanctioned
MPLADS-001158,Manoj Rajoria,Lok Sabha,Rajasthan,KARAULI-DHOLPUR(SC),,,Baseri,Khanpura,Normal/Others,NA - Street lights,DISTRICT COLLECTOR DHOLPUR_IDA,2024-02-22,Action Pending,266033,Unsanctioned
MPLADS-001159,Manoj Rajoria,Lok Sabha,Rajasthan,KARAULI-DHOLPUR(SC),,,Rajakhera,Gohdupura,Normal/Others,NA - Street lights,DISTRICT COLLECTOR DHOLPUR_IDA,2024-02-22,Action Pending,266033,Unsanctioned
MPLADS-001160,Manoj Rajoria,Lok Sabha,Rajasthan,KARAULI-DHOLPUR(SC),,,Sepau,Bala Ka Nagla,Normal/Others,NA - Street lights,DISTRICT COLLECTOR DHOLPUR_IDA,2024-02-22,Action Pending,266033,Unsanctioned
MPLADS-001161,Manoj Rajoria,Lok Sabha,Rajasthan,KARAULI-DHOLPUR(SC),,,Dhaulpur,Luhari,Normal/Others,NA - Street lights,DISTRICT COLLECTOR DHOLPUR_IDA,2024-02-22,Action Pending,266033,Unsanctioned
MPLADS-001162,Manoj Rajoria,Lok Sabha,Rajasthan,KARAULI-DHOLPUR(SC),,,Dhaulpur,Chainapura,Normal/Others,NA - Street lights,DISTRICT COLLECTOR DHOLPUR_IDA,2024-02-22,Action Pending,266033,Unsanctioned
MPLADS-001163,Manoj Rajoria,Lok Sabha,Rajasthan,KARAULI-DHOLPUR(SC),,,Dhaulpur,Pachgaon,Normal/Others,NA - Street lights,DISTRICT COLLECTOR DHOLPUR_IDA,2024-02-22,Action Pending,266033,Unsanctioned
MPLADS-001164,Manoj Rajoria,Lok Sabha,Rajasthan,KARAULI-DHOLPUR(SC),,,Bari,Barpura,Normal/Others,NA - Street lights,DISTRICT COLLECTOR DHOLPUR_IDA,2024-02-22,Action Pending,266033,Unsanctioned
MPLADS-001165,Manoj Rajoria,Lok Sabha,Rajasthan,KARAULI-DHOLPUR(SC),,,Rajakhera,Samauna,Normal/Others,NA - Street lights,DISTRICT COLLECTOR DHOLPUR_IDA,2024-02-22,Action Pending,266033,Unsanctioned
MPLADS-001166,Manoj Rajoria,Lok Sabha,Rajasthan,KARAULI-DHOLPUR(SC),,,Mania,Radhepura,Normal/Others,NA - Street lights,DISTRICT COLLECTOR DHOLPUR_IDA,2024-02-22,Action Pending,266033,Unsanctioned
MPLADS-001167,Manoj Rajoria,Lok Sabha,Rajasthan,KARAULI-DHOLPUR(SC),,,Sarmathura,Bharkunjra,Normal/Others,NA - Street lights,DISTRICT COLLECTOR DHOLPUR_IDA,2024-02-22,Action Pending,266033,Unsanctioned
MPLADS-001178,Smt Jaskaur Meena ,Lok Sabha,Rajasthan,DAUSA(ST),,,Lalsot,Digo,Normal/Others,NA - Construction of rooms and halls in school and colleges,DISTRICT COLLECTOR DAUSA_IDA,2024-02-20,Action Pending,500000,Unsanctioned
MPLADS-001179,Smt Jaskaur Meena ,Lok Sabha,Rajasthan,DAUSA(ST),,,Lalsot,Jonpa,Normal/Others,NA - Construction of rooms and halls in school and colleges,DISTRICT COLLECTOR DAUSA_IDA,2024-02-20,Action Pending,500000,Unsanctioned
MPLADS-001600,Arjunlal Meena,Lok Sabha,Rajasthan,UDAIPUR(ST),,,Gogunda,Palasama,Normal/Others,NA - Construction of boundary walls of existing public and community buildings,DISTRICT COLLECTOR UDAIPUR_IDA,2024-02-17,Action Pending,1000000,Unsanctioned
MPLADS-001601,Arjunlal Meena,Lok Sabha,Rajasthan,UDAIPUR(ST),,,Gogunda,Ghanawal,Normal/Others,"NA - Construction of roads, link roads, pathways or any other road with or without drainage system",DISTRICT COLLECTOR UDAIPUR_IDA,2024-02-17,Action Pending,1000000,Unsanctioned
MPLADS-001603,Arjunlal Meena,Lok Sabha,Rajasthan,UDAIPUR(ST),Udaipur,Udaipur (M Ci) - Ward No.49,,,Normal/Others,"NA - Purchase of ambulances (Four, three and two wheelers)",DISTRICT COLLECTOR UDAIPUR_IDA,2024-02-17,Action Pending,896000,Unsanctioned
MPLADS-001624,Arjunlal Meena,Lok Sabha,Rajasthan,UDAIPUR(ST),,,Kherwara,Bagpur,Normal/Others,"NA - Construction of roads, link roads, pathways or any other road with or without drainage system",DISTRICT COLLECTOR UDAIPUR_IDA,2024-02-17,Action Pending,1000000,Unsanctioned
MPLADS-001638,Gajendra Singh Shekhawat,Lok Sabha,Rajasthan,JODHPUR,,,Lohawat,Pali- I,Normal/Others,NA - Construction of rooms and halls in school and colleges,DISTRICT COLLECTOR PHALODI_IDA,2024-02-16,Action Pending,500000,Unsanctioned
MPLADS-001642,Gajendra Singh Shekhawat,Lok Sabha,Rajasthan,JODHPUR,,,Shergarh,Premsagar,Normal/Others,NA - Construction of rooms and halls in school and colleges,DISTRICT COLLECTOR JODHPUR RURAL_IDA,2024-02-16,Action Pending,500000,Unsanctioned
MPLADS-001643,Gajendra Singh Shekhawat,Lok Sabha,Rajasthan,JODHPUR,,,Balesar,Paboo Nagar,Normal/Others,NA - Construction of public libraries and reading rooms,DISTRICT COLLECTOR JODHPUR RURAL_IDA,2024-02-16,Action Pending,500000,Unsanctioned
MPLADS-001644,Gajendra Singh Shekhawat,Lok Sabha,Rajasthan,JODHPUR,,,Dechu,Dechoo,Normal/Others,NA - Construction of public libraries and reading rooms,DISTRICT COLLECTOR PHALODI_IDA,2024-02-16,Action Pending,1000000,Unsanctioned
MPLADS-001645,Gajendra Singh Shekhawat,Lok Sabha,Rajasthan,JODHPUR,,,Setrawa,Asarlai,Normal/Others,NA - Construction of boundary walls of existing public and community buildings,DISTRICT COLLECTOR PHALODI_IDA,2024-02-16,Action Pending,500000,Unsanctioned
MPLADS-001646,Gajendra Singh Shekhawat,Lok Sabha,Rajasthan,JODHPUR,,,Shergarh,Somesar,Normal/Others,"NA - Construction of roads, link roads, pathways or any other road with or without drainage system",DISTRICT COLLECTOR JODHPUR RURAL_IDA,2024-02-16,Action Pending,500000,Unsanctioned
MPLADS-001647,Gajendra Singh Shekhawat,Lok Sabha,Rajasthan,JODHPUR,,,Setrawa,Setrawa,Normal/Others,"NA - Construction of roads, link roads, pathways or any other road with or without drainage system",DISTRICT COLLECTOR PHALODI_IDA,2024-02-16,Action Pending,800000,Unsanctioned
MPLADS-001671,Gajendra Singh Shekhawat,Lok Sabha,Rajasthan,JODHPUR,,,Dechu,Madla Khurd,Normal/Others,NA - Construction of boundary walls of existing public and community buildings,DISTRICT COLLECTOR PHALODI_IDA,2024-02-16,Action Pending,500000,Unsanctioned
MPLADS-001735,Dushyant Singh,Lok Sabha,Rajasthan,JHALAWAR-BARAN,,,Chhipabarod,Dholam,Normal/Others,NA - Construction of rooms and halls in school and colleges,DISTRICT COLLECTOR BARAN_IDA,2024-02-14,Action Pending,1000000,Unsanctioned
MPLADS-001743,Dushyant Singh,Lok Sabha,Rajasthan,JHALAWAR-BARAN,,,Antah,Barkhera,Normal/Others,NA - Construction of rooms and halls in school and colleges,DISTRICT COLLECTOR BARAN_IDA,2024-02-14,Action Pending,1000000,Unsanctioned
MPLADS-001789,Smt Jaskaur Meena ,Lok Sabha,Rajasthan,DAUSA(ST),,,Baswa,Barh Bishanpura,Normal/Others,"NA - Construction of roads, link roads, pathways or any other road with or without drainage system",DISTRICT COLLECTOR DAUSA_IDA,2024-02-13,Action Pending,500000,Unsanctioned
MPLADS-001886,Rahul Kaswan,Lok Sabha,Rajasthan,CHURU,Sujangarh,Sujangarh (M) - Ward No.3,,,Normal/Others,NA - Improvement of electricity distribution infrastructure,DISTRICT COLLECTOR CHURU_IDA,2024-02-12,Action Pending,360000,Unsanctioned
MPLADS-001893,Shri PP Chaudhary ,Lok Sabha,Rajasthan,PALI,,,Bilara,Udaliyawas,Normal/Others,NA - Purchase of furniture and fixtures for educational purposes,DISTRICT COLLECTOR JODHPUR RURAL_IDA,2024-02-12,Action Pending,500000,Unsanctioned
MPLADS-002257,Shri Pramod Tiwari,Rajya Sabha,Rajasthan,Sitting Rajya Sabha,,,Kathumar,Nangal Roopa,Normal/Others,"NA - Construction of roads, link roads, pathways or any other road with or without drainage system",DISTRICT COLLECTOR ALWAR_IDA,2024-02-10,Action Pending,1000000,Unsanctioned
MPLADS-002274,Sukhbir Singh Jaunapuria,Lok Sabha,Rajasthan,TONK-SAWAI MADHOPUR,,,Sawai Madhopur,Dhumon Kalan,Normal/Others,NA - Crematoriums or structures on burial/ cremation ground for public convenience,DISTRICT COLLECTOR SAWAI MADHOPUR_IDA,2024-02-09,Action Pending,150000,Unsanctioned
MPLADS-002277,Sukhbir Singh Jaunapuria,Lok Sabha,Rajasthan,TONK-SAWAI MADHOPUR,,,Chauth Ka Barwara,Rajwana,Normal/Others,NA - Construction of community centers and community halls,DISTRICT COLLECTOR SAWAI MADHOPUR_IDA,2024-02-09,Action Pending,50000,Unsanctioned
MPLADS-002279,Sukhbir Singh Jaunapuria,Lok Sabha,Rajasthan,TONK-SAWAI MADHOPUR,,,Sawai Madhopur,Dhumon Kalan,Normal/Others,"NA - Construction of roads, link roads, pathways or any other road with or without drainage system",DISTRICT COLLECTOR SAWAI MADHOPUR_IDA,2024-02-09,Action Pending,350000,Unsanctioned
MPLADS-002280,Sukhbir Singh Jaunapuria,Lok Sabha,Rajasthan,TONK-SAWAI MADHOPUR,,,Sawai Madhopur,Bhadlao,Normal/Others,"NA - Construction of roads, link roads, pathways or any other road with or without drainage system",DISTRICT COLLECTOR SAWAI MADHOPUR_IDA,2024-02-09,Action Pending,400000,Unsanctioned
MPLADS-002281,Sukhbir Singh Jaunapuria,Lok Sabha,Rajasthan,TONK-SAWAI MADHOPUR,,,Sawai Madhopur,Bhadlao,Normal/Others,NA - Crematoriums or structures on burial/ cremation ground for public convenience,DISTRICT COLLECTOR SAWAI MADHOPUR_IDA,2024-02-09,Action Pending,100000,Unsanctioned
MPLADS-002282,Sukhbir Singh Jaunapuria,Lok Sabha,Rajasthan,TONK-SAWAI MADHOPUR,,,Chauth Ka Barwara,Peeplya,Normal/Others,NA - Construction of community centers and community halls,DISTRICT COLLECTOR SAWAI MADHOPUR_IDA,2024-02-09,Action Pending,500000,Unsanctioned
MPLADS-002284,Sukhbir Singh Jaunapuria,Lok Sabha,Rajasthan,TONK-SAWAI MADHOPUR,,,Sawai Madhopur,Endwa,Normal/Others,NA - Construction of common work sheds/ common covered sitting area,DISTRICT COLLECTOR SAWAI MADHOPUR_IDA,2024-02-09,Action Pending,250000,Unsanctioned
MPLADS-002285,Sukhbir Singh Jaunapuria,Lok Sabha,Rajasthan,TONK-SAWAI MADHOPUR,,,Sawai Madhopur,Niwadi,Normal/Others,NA - Construction of common work sheds/ common covered sitting area,DISTRICT COLLECTOR SAWAI MADHOPUR_IDA,2024-02-09,Action Pending,250000,Unsanctioned
MPLADS-002286,Sukhbir Singh Jaunapuria,Lok Sabha,Rajasthan,TONK-SAWAI MADHOPUR,,,Chauth Ka Barwara,Bhedoli,Normal/Others,NA - Crematoriums or structures on burial/ cremation ground for public convenience,DISTRICT COLLECTOR SAWAI MADHOPUR_IDA,2024-02-09,Action Pending,500000,Unsanctioned
MPLADS-002287,Sukhbir Singh Jaunapuria,Lok Sabha,Rajasthan,TONK-SAWAI MADHOPUR,,,Malarna Doongar,Donaycha,Normal/Others,NA - Construction of community centers and community halls,DISTRICT COLLECTOR SAWAI MADHOPUR_IDA,2024-02-09,Action Pending,500000,Unsanctioned
MPLADS-002289,Sukhbir Singh Jaunapuria,Lok Sabha,Rajasthan,TONK-SAWAI MADHOPUR,,,Niwai,Jodhpuriya,Normal/Others,"NA - Construction of roads, link roads, pathways or any other road with or without drainage system",DISTRICT COLLECTOR TONK_IDA,2024-02-09,Action Pending,1500000,Unsanctioned
MPLADS-002290,Sukhbir Singh Jaunapuria,Lok Sabha,Rajasthan,TONK-SAWAI MADHOPUR,,,Chauth Ka Barwara,Kanwarpura,Normal/Others,NA - Construction of community centers and community halls,DISTRICT COLLECTOR SAWAI MADHOPUR_IDA,2024-02-09,Action Pending,500000,Unsanctioned
MPLADS-002301,Devji Mansingram Patel,Lok Sabha,Rajasthan,JALORE,,,Sanchore,Virol Chhoti,Normal/Others,NA - Construction of public libraries and reading rooms,DISTRICT COLLECTOR Sanchor_IDA,2024-02-09,Action Pending,500000,Unsanctioned
MPLADS-002303,Sukhbir Singh Jaunapuria,Lok Sabha,Rajasthan,TONK-SAWAI MADHOPUR,,,Malarna Doongar,Gojari,Normal/Others,NA - Construction of community centers and community halls,DISTRICT COLLECTOR SAWAI MADHOPUR_IDA,2024-02-09,Action Pending,500000,Unsanctioned
MPLADS-002304,Sukhbir Singh Jaunapuria,Lok Sabha,Rajasthan,TONK-SAWAI MADHOPUR,,,Bamanwas,Goth,Normal/Others,NA - Construction of boundary walls of existing public and community buildings,DISTRICT COLLECTOR Gangapur City_IDA,2024-02-09,Action Pending,500000,Unsanctioned
MPLADS-002305,Sukhbir Singh Jaunapuria,Lok Sabha,Rajasthan,TONK-SAWAI MADHOPUR,,,Barnala,Morpa,Normal/Others,NA - Construction of community centers and community halls,DISTRICT COLLECTOR Gangapur City_IDA,2024-02-09,Action Pending,500000,Unsanctioned
MPLADS-002307,Sukhbir Singh Jaunapuria,Lok Sabha,Rajasthan,TONK-SAWAI MADHOPUR,,,Malarna Doongar,Barh Bichchhi Dona,Normal/Others,"NA - Construction of roads, link roads, pathways or any other road with or without drainage system",DISTRICT COLLECTOR SAWAI MADHOPUR_IDA,2024-02-09,Action Pending,500000,Unsanctioned
MPLADS-002309,Shri Subhash Chandra Baheria ,Lok Sabha,Rajasthan,BHILWARA,,,Nainwa,Seesola,Normal/Others,NA - Crematoriums or structures on burial/ cremation ground for public convenience,DISTRICT COLLECTOR BUNDI_IDA,2024-02-09,Action Pending,500000,Unsanctioned
MPLADS-002333,Arjunlal Meena,Lok Sabha,Rajasthan,UDAIPUR(ST),,,Girwa,Manwa Khera (Rural),Normal/Others,NA - Construction of public toilets and bathrooms,DISTRICT COLLECTOR UDAIPUR_IDA,2024-02-09,Action Pending,300000,Unsanctioned
MPLADS-002335,Shri PP Chaudhary ,Lok Sabha,Rajasthan,PALI,,,Rani,Jawali,Normal/Others,NA - Purchase of furniture and fixtures for educational purposes,DISTRICT COLLECTOR PALI_IDA,2024-02-09,Action Pending,1500000,Unsanctioned
MPLADS-002683,Narendra Kumar,Lok Sabha,Rajasthan,JHUNJHUNU,,,Fatehpur,Udansar,Normal/Others,NA - Construction of water tanks,DISTRICT COLLECTOR SIKAR_IDA,2024-02-08,Action Pending,250000,Unsanctioned
MPLADS-002718,Shri PP Chaudhary ,Lok Sabha,Rajasthan,PALI,,,Marwar Junction,Banta,Normal/Others,NA - Purchase of furniture and fixtures for educational purposes,DISTRICT COLLECTOR PALI_IDA,2024-02-07,Action Pending,700000,Unsanctioned
MPLADS-002738,Manoj Rajoria,Lok Sabha,Rajasthan,KARAULI-DHOLPUR(SC),,,Rajakhera,Nahila,Normal/Others,NA - Installing community drinking water plants,DISTRICT COLLECTOR DHOLPUR_IDA,2024-02-07,Action Pending,150000,Unsanctioned
MPLADS-002744,Shri PP Chaudhary ,Lok Sabha,Rajasthan,PALI,,,Pali,Gurdai,Normal/Others,NA - Purchase of furniture and fixtures for educational purposes,DISTRICT COLLECTOR PALI_IDA,2024-02-07,Action Pending,500000,Unsanctioned
MPLADS-002758,Shri PP Chaudhary ,Lok Sabha,Rajasthan,PALI,,,Bali,Sewari,Normal/Others,NA - Purchase of furniture and fixtures for educational purposes,DISTRICT COLLECTOR PALI_IDA,2024-02-07,Action Pending,500000,Unsanctioned
MPLADS-002760,Shri PP Chaudhary ,Lok Sabha,Rajasthan,PALI,,,Rohat,Dhabar,Normal/Others,NA - Purchase of furniture and fixtures for educational purposes,DISTRICT COLLECTOR PALI_IDA,2024-02-07,Action Pending,500000,Unsanctioned
MPLADS-002763,Shri PP Chaudhary ,Lok Sabha,Rajasthan,PALI,,,Pali,Bhanwri,Normal/Others,NA - Purchase of furniture and fixtures for educational purposes,DISTRICT COLLECTOR PALI_IDA,2024-02-07,Action Pending,900000,Unsanctioned
MPLADS-002800,SH Bhupender Yadav,Rajya Sabha,Rajasthan,Sitting Rajya Sabha,,,Reni,Bahadko Kalan,Normal/Others,"NA - Construction of roads, link roads, pathways or any other road with or without drainage system",DISTRICT COLLECTOR ALWAR_IDA,2024-02-06,Action Pending,600000,Unsanctioned
MPLADS-002801,Shri Pramod Tiwari,Rajya Sabha,Rajasthan,Sitting Rajya Sabha,,,Banswara,Jhupel,Normal/Others,NA - Construction of public libraries and reading rooms,DISTRICT COLLECTOR BANSWARA_IDA,2024-02-06,Action Pending,1000000,Unsanctioned
MPLADS-002878,Ramcharan Bohra,Lok Sabha,Rajasthan,JAIPUR,Greater Jaipur,"For installation of tube well in Shaheed Hemu Kalani Park, Sindhi Colony under Adarsh Nagar Assembly.",,,Normal/Others,NA - Installing tube-wells and borewells,DISTRICT COLLECTOR JAIPUR_IDA,2024-02-05,Action Pending,700000,Unsanctioned
MPLADS-002934,Gajendra Singh Shekhawat,Lok Sabha,Rajasthan,JODHPUR,,,Shergarh,Deorajgarh,Normal/Others,NA - Construction of rooms and halls in school and colleges,DISTRICT COLLECTOR JODHPUR RURAL_IDA,2024-02-04,Action Pending,500000,Unsanctioned
MPLADS-003257,Gajendra Singh Shekhawat,Lok Sabha,Rajasthan,JODHPUR,,,Bhaniyana,Teliwara,Normal/Others,NA - Construction of community centers and community halls,DISTRICT COLLECTOR JAISLAMER_IDA,2024-02-03,Action Pending,500000,Unsanctioned
MPLADS-003319,Shri Ghanshyam Tiwari,Rajya Sabha,Rajasthan,Sitting Rajya Sabha,Sikar,42,,,Normal/Others,NA - Construction of New Building,DISTRICT COLLECTOR SIKAR_IDA,2024-02-02,Action Pending,3000000,Unsanctioned
MPLADS-003338,Shri Ghanshyam Tiwari,Rajya Sabha,Rajasthan,Sitting Rajya Sabha,Sikar,54,,,Trust and Society,NA - Construction of rooms and halls in school and colleges,DISTRICT COLLECTOR SIKAR_IDA,2024-02-02,Action Pending,500000,Unsanctioned
MPLADS-003379,Sukhbir Singh Jaunapuria,Lok Sabha,Rajasthan,TONK-SAWAI MADHOPUR,,,Sawai Madhopur,Chitara,Normal/Others,"NA - Construction of roads, link roads, pathways or any other road with or without drainage system",DISTRICT COLLECTOR SAWAI MADHOPUR_IDA,2024-02-01,Action Pending,500000,Unsanctioned
MPLADS-003385,Sukhbir Singh Jaunapuria,Lok Sabha,Rajasthan,TONK-SAWAI MADHOPUR,,,Sawai Madhopur,Lahsoda,Normal/Others,NA - Construction of community centers and community halls,DISTRICT COLLECTOR SAWAI MADHOPUR_IDA,2024-02-01,Action Pending,500000,Unsanctioned
MPLADS-003386,Sukhbir Singh Jaunapuria,Lok Sabha,Rajasthan,TONK-SAWAI MADHOPUR,,,Malarna Doongar,Maksoodanpura,Normal/Others,"NA - Construction of roads, link roads, pathways or any other road with or without drainage system",DISTRICT COLLECTOR SAWAI MADHOPUR_IDA,2024-02-01,Action Pending,250000,Unsanctioned
MPLADS-003433,Rahul Kaswan,Lok Sabha,Rajasthan,CHURU,,,Rajdelsar,Alsar Bas,Normal/Others,NA - Construction of community centers and community halls,DISTRICT COLLECTOR CHURU_IDA,2024-01-30,Action Pending,1355000,Unsanctioned
MPLADS-003465,SH Bhupender Yadav,Rajya Sabha,Rajasthan,Sitting Rajya Sabha,Sagwara,0,,,Normal/Others,NA - Construction of rooms and halls in school and colleges,DISTRICT COLLECTOR DUNGARPUR_IDA,2024-01-29,Action Pending,1500000,Unsanctioned
MPLADS-003607,Sumedhanand Saraswati,Lok Sabha,Rajasthan,SIKAR,,,Sikar,Beri,Normal/Others,NA - Installing tube-wells and borewells,DISTRICT COLLECTOR SIKAR_IDA,2024-01-28,Action Pending,400000,Unsanctioned
MPLADS-003622,Sumedhanand Saraswati,Lok Sabha,Rajasthan,SIKAR,,,Reengus,Vijaipura,Normal/Others,NA - Lighting of public spaces,DISTRICT COLLECTOR SIKAR_IDA,2024-01-28,Action Pending,500000,Unsanctioned
MPLADS-003624,Sumedhanand Saraswati,Lok Sabha,Rajasthan,SIKAR,,,Neem-Ka-Thana,Puranabas,Normal/Others,"NA - Construction of roads, link roads, pathways or any other road with or without drainage system",DISTRICT COLLECTOR Neem Ka Thana_IDA,2024-01-28,Action Pending,500000,Unsanctioned
MPLADS-003625,Sumedhanand Saraswati,Lok Sabha,Rajasthan,SIKAR,,,Patan,Patan,Normal/Others,"NA - Construction of roads, link roads, pathways or any other road with or without drainage system",DISTRICT COLLECTOR Neem Ka Thana_IDA,2024-01-28,Action Pending,800000,Unsanctioned
MPLADS-003628,Sumedhanand Saraswati,Lok Sabha,Rajasthan,SIKAR,,,Neem-Ka-Thana,Mawanda Khurd,Normal/Others,NA - Construction of buildings for multi-gym,DISTRICT COLLECTOR Neem Ka Thana_IDA,2024-01-28,Action Pending,800000,Unsanctioned
MPLADS-003629,Sumedhanand Saraswati,Lok Sabha,Rajasthan,SIKAR,,,Sri Madhopur,Bagariyavas,Normal/Others,NA - Purchase Books for Library,DISTRICT COLLECTOR Neem Ka Thana_IDA,2024-01-28,Action Pending,150000,Unsanctioned
MPLADS-003632,Sumedhanand Saraswati,Lok Sabha,Rajasthan,SIKAR,,,Khendela,Rampura,Normal/Others,NA - Construction of common work sheds/ common covered sitting area,DISTRICT COLLECTOR SIKAR_IDA,2024-01-28,Action Pending,700000,Unsanctioned
MPLADS-003633,Sumedhanand Saraswati,Lok Sabha,Rajasthan,SIKAR,,,Patan,Raipur Patan,Normal/Others,NA - Installing tube-wells and borewells,DISTRICT COLLECTOR Neem Ka Thana_IDA,2024-01-28,Action Pending,500000,Unsanctioned
MPLADS-003668,Kanakmal Katara,Lok Sabha,Rajasthan,BANSWARA(ST),,,Sagwara,Vamasa,Normal/Others,NA - Crematoriums or structures on burial/ cremation ground for public convenience,DISTRICT COLLECTOR DUNGARPUR_IDA,2024-01-27,Action Pending,900000,Unsanctioned
MPLADS-003669,Kanakmal Katara,Lok Sabha,Rajasthan,BANSWARA(ST),,,Chikhali,Dhoondi,Normal/Others,"NA - Construction of roads, link roads, pathways or any other road with or without drainage system",DISTRICT COLLECTOR DUNGARPUR_IDA,2024-01-27,Action Pending,900000,Unsanctioned
MPLADS-003670,Kanakmal Katara,Lok Sabha,Rajasthan,BANSWARA(ST),,,Sagwara,Gowari,Normal/Others,NA - Construction of community centers and community halls,DISTRICT COLLECTOR DUNGARPUR_IDA,2024-01-27,Action Pending,500000,Unsanctioned
MPLADS-003671,Kanakmal Katara,Lok Sabha,Rajasthan,BANSWARA(ST),,,Bichiwara,Ged,Normal/Others,NA - Construction of community centers and community halls,DISTRICT COLLECTOR DUNGARPUR_IDA,2024-01-27,Action Pending,400000,Unsanctioned
MPLADS-004001,Bhagirath Chaudhary,Lok Sabha,Rajasthan,AJMER,,,Arain,Ankauriya,Normal/Others,NA - Lighting of public spaces,DISTRICT COLLECTOR AJMER_IDA,2024-01-25,Action Pending,500000,Unsanctioned
MPLADS-004129,Smt Jaskaur Meena ,Lok Sabha,Rajasthan,DAUSA(ST),,,Bandikui,Pratappura,Normal/Others,NA - Construction of boundary walls of existing public and community buildings,DISTRICT COLLECTOR DAUSA_IDA,2024-01-25,Action Pending,500000,Unsanctioned
MPLADS-004130,Smt Jaskaur Meena ,Lok Sabha,Rajasthan,DAUSA(ST),,,Bandikui,Dwarapura,Normal/Others,NA - Construction of boundary walls of existing public and community buildings,DISTRICT COLLECTOR DAUSA_IDA,2024-01-25,Action Pending,800000,Unsanctioned
MPLADS-004131,Smt Jaskaur Meena ,Lok Sabha,Rajasthan,DAUSA(ST),,,Bandikui,Un Baragaon,Normal/Others,"NA - Construction of roads, link roads, pathways or any other road with or without drainage system",DISTRICT COLLECTOR DAUSA_IDA,2024-01-25,Action Pending,500000,Unsanctioned
MPLADS-004132,Dushyant Singh,Lok Sabha,Rajasthan,JHALAWAR-BARAN,,,Antah,Barkhera,Normal/Others,NA - Construction of rooms and halls in school and colleges,DISTRICT COLLECTOR BARAN_IDA,2024-01-25,Action Pending,1000000,Unsanctioned
MPLADS-004139,Bhagirath Chaudhary,Lok Sabha,Rajasthan,AJMER,,,Roopangarh,Sursura,Normal/Others,NA - Construction of community centers and community halls,DISTRICT COLLECTOR AJMER_IDA,2024-01-25,Action Pending,500000,Unsanctioned
MPLADS-004140,Smt Ranjeeta Koli,Lok Sabha,Rajasthan,BHARATPUR(SC),Bharatpur,patpara mohalla,,,Normal/Others,NA - Installation of multi-gym equipment,DISTRICT COLLECTOR BHARATPUR_IDA,2024-01-25,Action Pending,756888,Unsanctioned
MPLADS-004141,Smt Ranjeeta Koli,Lok Sabha,Rajasthan,BHARATPUR(SC),Bayana,"Gandhi Chowk Ambedkar Park , Bayana",,,Normal/Others,NA - Installation of multi-gym equipment,DISTRICT COLLECTOR BHARATPUR_IDA,2024-01-25,Action Pending,756888,Unsanctioned
MPLADS-004142,Smt Ranjeeta Koli,Lok Sabha,Rajasthan,BHARATPUR(SC),Bhusawar,"Amar Shaheed, Shri Ramesh Swami Park,Bhusawar nagar Palika",,,Normal/Others,NA - Installation of multi-gym equipment,DISTRICT COLLECTOR BHARATPUR_IDA,2024-01-25,Action Pending,756888,Unsanctioned
MPLADS-004143,Smt Ranjeeta Koli,Lok Sabha,Rajasthan,BHARATPUR(SC),,,Bayana,Brahmawad,Normal/Others,NA - Installation of multi-gym equipment,DISTRICT COLLECTOR BHARATPUR_IDA,2024-01-25,Action Pending,756888,Unsanctioned
MPLADS-004144,Smt Ranjeeta Koli,Lok Sabha,Rajasthan,BHARATPUR(SC),,,Bhusawar,Barauli,Normal/Others,NA - Installation of multi-gym equipment,DISTRICT COLLECTOR BHARATPUR_IDA,2024-01-25,Action Pending,756888,Unsanctioned
MPLADS-004148,Smt Ranjeeta Koli,Lok Sabha,Rajasthan,BHARATPUR(SC),Weir,"Ambedkar Park, weri Nagar Palika weri",,,Normal/Others,NA - Installation of multi-gym equipment,DISTRICT COLLECTOR BHARATPUR_IDA,2024-01-25,Action Pending,756888,Unsanctioned
MPLADS-004149,Smt Ranjeeta Koli,Lok Sabha,Rajasthan,BHARATPUR(SC),Nadbai,9,,,Normal/Others,NA - Installation of multi-gym equipment,DISTRICT COLLECTOR BHARATPUR_IDA,2024-01-25,Action Pending,756888,Unsanctioned
MPLADS-004150,Smt Ranjeeta Koli,Lok Sabha,Rajasthan,BHARATPUR(SC),,,Bhusawar,Suhari,Normal/Others,NA - Installation of multi-gym equipment,DISTRICT COLLECTOR BHARATPUR_IDA,2024-01-25,Action Pending,756888,Unsanctioned
MPLADS-004152,Dushyant Singh,Lok Sabha,Rajasthan,JHALAWAR-BARAN,,,Mangrol,Padaliya,Normal/Others,"NA - Construction of roads, link roads, pathways or any other road with or without drainage system",DISTRICT COLLECTOR BARAN_IDA,2024-01-25,Action Pending,700000,Unsanctioned
MPLADS-004227,Bhagirath Chaudhary,Lok Sabha,Rajasthan,AJMER,,,Arain,Ankauriya,Normal/Others,NA - Construction of community centers and community halls,DISTRICT COLLECTOR AJMER_IDA,2024-01-25,Action Pending,500000,Unsanctioned
MPLADS-004267,Shri Pramod Tiwari,Rajya Sabha,Rajasthan,Sitting Rajya Sabha,,,Shekhala,Ketoo Hama,Normal/Others,"NA - Construction of roads, link roads, pathways or any other road with or without drainage system",DISTRICT COLLECTOR JODHPUR RURAL_IDA,2024-01-25,Action Pending,1000000,Unsanctioned
MPLADS-004715,Gajendra Singh Shekhawat,Lok Sabha,Rajasthan,JODHPUR,,,Chamu,Ramsar,Normal/Others,NA - Construction of rooms and halls in school and colleges,DISTRICT COLLECTOR JODHPUR RURAL_IDA,2024-01-24,Action Pending,500000,Unsanctioned
MPLADS-004716,Gajendra Singh Shekhawat,Lok Sabha,Rajasthan,JODHPUR,,,Chamu,Rajsagar,Normal/Others,NA - Construction of rooms and halls in school and colleges,DISTRICT COLLECTOR JODHPUR RURAL_IDA,2024-01-24,Action Pending,500000,Unsanctioned
MPLADS-004717,Gajendra Singh Shekhawat,Lok Sabha,Rajasthan,JODHPUR,,,Chamu,Ma Sati Nagar,Normal/Others,NA - Construction of rooms and halls in school and colleges,DISTRICT COLLECTOR JODHPUR RURAL_IDA,2024-01-24,Action Pending,500000,Unsanctioned
MPLADS-004718,Gajendra Singh Shekhawat,Lok Sabha,Rajasthan,JODHPUR,,,Chamu,Bhaloo Ratangarh,Normal/Others,NA - Construction of rooms and halls in school and colleges,DISTRICT COLLECTOR JODHPUR RURAL_IDA,2024-01-24,Action Pending,500000,Unsanctioned
MPLADS-004727,Gajendra Singh Shekhawat,Lok Sabha,Rajasthan,JODHPUR,,,Chamu,Barnau,Normal/Others,NA - Construction of rooms and halls in school and colleges,DISTRICT COLLECTOR JODHPUR RURAL_IDA,2024-01-24,Action Pending,500000,Unsanctioned
MPLADS-004728,Gajendra Singh Shekhawat,Lok Sabha,Rajasthan,JODHPUR,,,Chamu,Panditon Ka Bas,Normal/Others,NA - Construction of rooms and halls in school and colleges,DISTRICT COLLECTOR JODHPUR RURAL_IDA,2024-01-24,Action Pending,500000,Unsanctioned
MPLADS-004729,Gajendra Singh Shekhawat,Lok Sabha,Rajasthan,JODHPUR,,,Lohawat,Roopana Jaitana,Normal/Others,NA - Construction of rooms and halls in school and colleges,DISTRICT COLLECTOR PHALODI_IDA,2024-01-24,Action Pending,500000,Unsanctioned
MPLADS-004730,Gajendra Singh Shekhawat,Lok Sabha,Rajasthan,JODHPUR,,,Bapini,Lakheta,Normal/Others,NA - Construction of rooms and halls in school and colleges,DISTRICT COLLECTOR PHALODI_IDA,2024-01-24,Action Pending,500000,Unsanctioned
MPLADS-004731,Gajendra Singh Shekhawat,Lok Sabha,Rajasthan,JODHPUR,,,Bapini,Unawara,Normal/Others,NA - Construction of rooms and halls in school and colleges,DISTRICT COLLECTOR PHALODI_IDA,2024-01-24,Action Pending,500000,Unsanctioned
MPLADS-004732,Gajendra Singh Shekhawat,Lok Sabha,Rajasthan,JODHPUR,,,Bapini,Peethasar,Normal/Others,NA - Construction of rooms and halls in school and colleges,DISTRICT COLLECTOR PHALODI_IDA,2024-01-24,Action Pending,500000,Unsanctioned
MPLADS-004733,Gajendra Singh Shekhawat,Lok Sabha,Rajasthan,JODHPUR,,,Bapini,Poonasar Khurd,Normal/Others,NA - Construction of rooms and halls in school and colleges,DISTRICT COLLECTOR PHALODI_IDA,2024-01-24,Action Pending,500000,Unsanctioned
MPLADS-004734,Gajendra Singh Shekhawat,Lok Sabha,Rajasthan,JODHPUR,,,Bapini,Poonasar,Normal/Others,NA - Construction of rooms and halls in school and colleges,DISTRICT COLLECTOR PHALODI_IDA,2024-01-24,Action Pending,500000,Unsanctioned
MPLADS-004737,Shri Subhash Chandra Baheria ,Lok Sabha,Rajasthan,BHILWARA,,,Nainwa,Manpura,Normal/Others,NA - Construction of rooms and halls in school and colleges,DISTRICT COLLECTOR BUNDI_IDA,2024-01-24,Action Pending,400000,Unsanctioned
MPLADS-004739,Shri Subhash Chandra Baheria ,Lok Sabha,Rajasthan,BHILWARA,,,Hameergarh,Bardod,Normal/Others,NA - Construction of buildings for community cultural activities,DISTRICT COLLECTOR BHILWARA_IDA,2024-01-24,Action Pending,300000,Unsanctioned
MPLADS-004740,Dushyant Singh,Lok Sabha,Rajasthan,JHALAWAR-BARAN,Baran,24,,,Normal/Others,"NA - Construction of roads, link roads, pathways or any other road with or without drainage system",DISTRICT COLLECTOR BARAN_IDA,2024-01-24,Action Pending,350000,Unsanctioned
MPLADS-004741,Dushyant Singh,Lok Sabha,Rajasthan,JHALAWAR-BARAN,Baran,58,,,Normal/Others,"NA - Construction of roads, link roads, pathways or any other road with or without drainage system",DISTRICT COLLECTOR BARAN_IDA,2024-01-24,Action Pending,500000,Unsanctioned
MPLADS-004742,Dushyant Singh,Lok Sabha,Rajasthan,JHALAWAR-BARAN,Baran,56,,,Normal/Others,"NA - Construction of roads, link roads, pathways or any other road with or without drainage system",DISTRICT COLLECTOR BARAN_IDA,2024-01-24,Action Pending,400000,Unsanctioned
MPLADS-004743,Dushyant Singh,Lok Sabha,Rajasthan,JHALAWAR-BARAN,Baran,54,,,Normal/Others,"NA - Construction of roads, link roads, pathways or any other road with or without drainage system",DISTRICT COLLECTOR BARAN_IDA,2024-01-24,Action Pending,500000,Unsanctioned
MPLADS-004750,Dushyant Singh,Lok Sabha,Rajasthan,JHALAWAR-BARAN,Baran,49,,,Normal/Others,"NA - Construction of roads, link roads, pathways or any other road with or without drainage system",DISTRICT COLLECTOR BARAN_IDA,2024-01-24,Action Pending,100000,Unsanctioned
MPLADS-004751,Dushyant Singh,Lok Sabha,Rajasthan,JHALAWAR-BARAN,Baran,46,,,Normal/Others,"NA - Construction of roads, link roads, pathways or any other road with or without drainage system",DISTRICT COLLECTOR BARAN_IDA,2024-01-24,Action Pending,500000,Unsanctioned
MPLADS-004752,Dushyant Singh,Lok Sabha,Rajasthan,JHALAWAR-BARAN,Baran,45,,,Normal/Others,"NA - Construction of roads, link roads, pathways or any other road with or without drainage system",DISTRICT COLLECTOR BARAN_IDA,2024-01-24,Action Pending,500000,Unsanctioned
MPLADS-004753,Dushyant Singh,Lok Sabha,Rajasthan,JHALAWAR-BARAN,Baran,38,,,Normal/Others,"NA - Construction of roads, link roads, pathways or any other road with or without drainage system",DISTRICT COLLECTOR BARAN_IDA,2024-01-24,Action Pending,500000,Unsanctioned
MPLADS-004754,Gajendra Singh Shekhawat,Lok Sabha,Rajasthan,JODHPUR,,,Balesar,Dhadhaniya Bhayla,Normal/Others,NA - Construction of rooms and halls in school and colleges,DISTRICT COLLECTOR JODHPUR RURAL_IDA,2024-01-24,Action Pending,500000,Unsanctioned
MPLADS-004755,Gajendra Singh Shekhawat,Lok Sabha,Rajasthan,JODHPUR,,,Balesar,Chanchalwa,Normal/Others,NA - Construction of rooms and halls in school and colleges,DISTRICT COLLECTOR JODHPUR RURAL_IDA,2024-01-24,Action Pending,500000,Unsanctioned
MPLADS-004756,Gajendra Singh Shekhawat,Lok Sabha,Rajasthan,JODHPUR,,,Balesar,Udaisar,Normal/Others,NA - Construction of rooms and halls in school and colleges,DISTRICT COLLECTOR JODHPUR RURAL_IDA,2024-01-24,Action Pending,500000,Unsanctioned
MPLADS-004757,Gajendra Singh Shekhawat,Lok Sabha,Rajasthan,JODHPUR,,,Chamu,Sukhmandla,Normal/Others,NA - Construction of rooms and halls in school and colleges,DISTRICT COLLECTOR JODHPUR RURAL_IDA,2024-01-24,Action Pending,500000,Unsanctioned
MPLADS-004764,Gajendra Singh Shekhawat,Lok Sabha,Rajasthan,JODHPUR,,,Bapini,Karwan,Normal/Others,NA - Construction of rooms and halls in school and colleges,DISTRICT COLLECTOR PHALODI_IDA,2024-01-24,Action Pending,500000,Unsanctioned
MPLADS-004765,Gajendra Singh Shekhawat,Lok Sabha,Rajasthan,JODHPUR,,,Dechu,Rawat Nagar,Normal/Others,NA - Construction of rooms and halls in school and colleges,DISTRICT COLLECTOR PHALODI_IDA,2024-01-24,Action Pending,500000,Unsanctioned
MPLADS-004771,SHRI Rajendra Gehlot,Rajya Sabha,Rajasthan,Sitting Rajya Sabha,,,Bap,Krishan Nagar Kalan,Normal/Others,NA - Construction of boundary walls of existing public and community buildings,DISTRICT COLLECTOR PHALODI_IDA,2024-01-24,Action Pending,1000000,Unsanctioned
MPLADS-004772,SHRI Rajendra Gehlot,Rajya Sabha,Rajasthan,Sitting Rajya Sabha,,,Bap,Krishan Nagar Kalan,Normal/Others,NA - Construction of public libraries and reading rooms,DISTRICT COLLECTOR PHALODI_IDA,2024-01-24,Action Pending,1000000,Unsanctioned
MPLADS-004773,SHRI Rajendra Gehlot,Rajya Sabha,Rajasthan,Sitting Rajya Sabha,,,Bhopalgarh,Dhandhora,Normal/Others,NA - Crematoriums or structures on burial/ cremation ground for public convenience,DISTRICT COLLECTOR JODHPUR RURAL_IDA,2024-01-24,Action Pending,500000,Unsanctioned
MPLADS-004775,SHRI Neeraj Dangi,Rajya Sabha,Rajasthan,Sitting Rajya Sabha,,,Chauth Ka Barwara,Jola,Normal/Others,NA - Construction of boundary walls of existing public and community buildings,DISTRICT COLLECTOR SAWAI MADHOPUR_IDA,2024-01-24,Action Pending,1000000,Unsanctioned
MPLADS-004776,SHRI Neeraj Dangi,Rajya Sabha,Rajasthan,Sitting Rajya Sabha,,,Chauth Ka Barwara,Jola,Normal/Others,"NA - Construction of roads, link roads, pathways or any other road with or without drainage system",DISTRICT COLLECTOR SAWAI MADHOPUR_IDA,2024-01-24,Action Pending,500000,Unsanctioned
MPLADS-004777,SHRI Neeraj Dangi,Rajya Sabha,Rajasthan,Sitting Rajya Sabha,,,Chauth Ka Barwara,Teendoo,Normal/Others,"NA - Construction of roads, link roads, pathways or any other road with or without drainage system",DISTRICT COLLECTOR SAWAI MADHOPUR_IDA,2024-01-24,Action Pending,500000,Unsanctioned
MPLADS-004781,Gajendra Singh Shekhawat,Lok Sabha,Rajasthan,JODHPUR,,,Dechu,Utwaliya,Normal/Others,NA - Construction of rooms and halls in school and colleges,DISTRICT COLLECTOR PHALODI_IDA,2024-01-24,Action Pending,500000,Unsanctioned
MPLADS-004782,Gajendra Singh Shekhawat,Lok Sabha,Rajasthan,JODHPUR,,,Aau,Sri Lachhamannagar,Normal/Others,NA - Construction of rooms and halls in school and colleges,DISTRICT COLLECTOR PHALODI_IDA,2024-01-24,Action Pending,500000,Unsanctioned
MPLADS-004783,Gajendra Singh Shekhawat,Lok Sabha,Rajasthan,JODHPUR,,,Aau,Munjasar,Repair and Renovation,NA - Construction of rooms and halls in school and colleges,DISTRICT COLLECTOR PHALODI_IDA,2024-01-24,Action Pending,500000,Unsanctioned
MPLADS-004784,Gajendra Singh Shekhawat,Lok Sabha,Rajasthan,JODHPUR,,,Aau,Nokhra Patawatan,Normal/Others,NA - Construction of rooms and halls in school and colleges,DISTRICT COLLECTOR PHALODI_IDA,2024-01-24,Action Pending,500000,Unsanctioned
MPLADS-004785,Gajendra Singh Shekhawat,Lok Sabha,Rajasthan,JODHPUR,,,Aau,Kerla,Normal/Others,NA - Construction of rooms and halls in school and colleges,DISTRICT COLLECTOR PHALODI_IDA,2024-01-24,Action Pending,500000,Unsanctioned
MPLADS-004786,Gajendra Singh Shekhawat,Lok Sabha,Rajasthan,JODHPUR,,,Pokaran,Loharki,Normal/Others,NA - Construction of rooms and halls in school and colleges,DISTRICT COLLECTOR JAISLAMER_IDA,2024-01-24,Action Pending,1000000,Unsanctioned
MPLADS-004787,Gajendra Singh Shekhawat,Lok Sabha,Rajasthan,JODHPUR,,,Phalodi,Kheechan,Normal/Others,"NA - Construction of roads, link roads, pathways or any other road with or without drainage system",DISTRICT COLLECTOR PHALODI_IDA,2024-01-24,Action Pending,500000,Unsanctioned
MPLADS-004788,Gajendra Singh Shekhawat,Lok Sabha,Rajasthan,JODHPUR,,,Phalodi,Hopardi,Normal/Others,NA - Crematoriums or structures on burial/ cremation ground for public convenience,DISTRICT COLLECTOR PHALODI_IDA,2024-01-24,Action Pending,800000,Unsanctioned
MPLADS-004789,Gajendra Singh Shekhawat,Lok Sabha,Rajasthan,JODHPUR,,,Bap,Malamsingh Ki Sid,Normal/Others,NA - Purchase of furniture and fixtures for educational purposes,DISTRICT COLLECTOR PHALODI_IDA,2024-01-24,Action Pending,500000,Unsanctioned
MPLADS-004790,Gajendra Singh Shekhawat,Lok Sabha,Rajasthan,JODHPUR,,,Balesar,Utambar,Normal/Others,NA - Construction of public libraries and reading rooms,DISTRICT COLLECTOR JODHPUR RURAL_IDA,2024-01-24,Action Pending,400000,Unsanctioned
MPLADS-004791,Gajendra Singh Shekhawat,Lok Sabha,Rajasthan,JODHPUR,,,Phalodi,Beethri,Normal/Others,NA - Crematoriums or structures on burial/ cremation ground for public convenience,DISTRICT COLLECTOR PHALODI_IDA,2024-01-24,Action Pending,500000,Unsanctioned
MPLADS-004796,Gajendra Singh Shekhawat,Lok Sabha,Rajasthan,JODHPUR,,,Dechu,Fatehgarh,Normal/Others,NA - Construction of rooms and halls in school and colleges,DISTRICT COLLECTOR PHALODI_IDA,2024-01-24,Action Pending,500000,Unsanctioned
MPLADS-004801,Gajendra Singh Shekhawat,Lok Sabha,Rajasthan,JODHPUR,,,Dechu,Ram Nagar,Normal/Others,NA - Construction of rooms and halls in school and colleges,DISTRICT COLLECTOR PHALODI_IDA,2024-01-24,Action Pending,500000,Unsanctioned
MPLADS-004807,Gajendra Singh Shekhawat,Lok Sabha,Rajasthan,JODHPUR,,,Dechu,Burkiya,Normal/Others,NA - Construction of rooms and halls in school and colleges,DISTRICT COLLECTOR PHALODI_IDA,2024-01-24,Action Pending,500000,Unsanctioned
MPLADS-004808,Gajendra Singh Shekhawat,Lok Sabha,Rajasthan,JODHPUR,,,Dechu,Peelwa,Normal/Others,NA - Construction of rooms and halls in school and colleges,DISTRICT COLLECTOR PHALODI_IDA,2024-01-24,Action Pending,500000,Unsanctioned
MPLADS-004810,Gajendra Singh Shekhawat,Lok Sabha,Rajasthan,JODHPUR,,,Setrawa,Chordiya,Normal/Others,NA - Construction of rooms and halls in school and colleges,DISTRICT COLLECTOR PHALODI_IDA,2024-01-24,Action Pending,500000,Unsanctioned
MPLADS-004811,Gajendra Singh Shekhawat,Lok Sabha,Rajasthan,JODHPUR,,,Dechu,Gumanpura,Normal/Others,NA - Construction of rooms and halls in school and colleges,DISTRICT COLLECTOR PHALODI_IDA,2024-01-24,Action Pending,500000,Unsanctioned
MPLADS-004812,Gajendra Singh Shekhawat,Lok Sabha,Rajasthan,JODHPUR,,,Dechu,Rode Ji Ki Dhani,Normal/Others,NA - Construction of rooms and halls in school and colleges,DISTRICT COLLECTOR PHALODI_IDA,2024-01-24,Action Pending,500000,Unsanctioned
MPLADS-004821,Shri Subhash Chandra Baheria ,Lok Sabha,Rajasthan,BHILWARA,Nainwa,Nainwa,,,Normal/Others,NA - Purchase of ambulance to transport sick and injured animals,DISTRICT COLLECTOR BUNDI_IDA,2024-01-24,Action Pending,665148,Unsanctioned
MPLADS-004822,Dushyant Singh,Lok Sabha,Rajasthan,JHALAWAR-BARAN,Baran,11,,,Normal/Others,"NA - Construction of roads, link roads, pathways or any other road with or without drainage system",DISTRICT COLLECTOR BARAN_IDA,2024-01-24,Action Pending,100000,Unsanctioned
MPLADS-004823,Gajendra Singh Shekhawat,Lok Sabha,Rajasthan,JODHPUR,,,Ghantiyali,Khariya Kansingh,Normal/Others,NA - Construction of rooms and halls in school and colleges,DISTRICT COLLECTOR PHALODI_IDA,2024-01-24,Action Pending,600000,Unsanctioned
MPLADS-004852,Dushyant Singh,Lok Sabha,Rajasthan,JHALAWAR-BARAN,Baran,11,,,Normal/Others,"NA - Construction of roads, link roads, pathways or any other road with or without drainage system",DISTRICT COLLECTOR BARAN_IDA,2024-01-24,Action Pending,500000,Unsanctioned
MPLADS-004853,Shri Subhash Chandra Baheria ,Lok Sabha,Rajasthan,BHILWARA,,,Mandalgarh,Mohanpura,Normal/Others,NA - Construction of buildings for community cultural activities,DISTRICT COLLECTOR BHILWARA_IDA,2024-01-24,Action Pending,500000,Unsanctioned
MPLADS-004861,Shri Subhash Chandra Baheria ,Lok Sabha,Rajasthan,BHILWARA,,,Kareda,Thana,Normal/Others,NA - Construction of buildings for community cultural activities,DISTRICT COLLECTOR BHILWARA_IDA,2024-01-24,Action Pending,200000,Unsanctioned
MPLADS-004862,Sumedhanand Saraswati,Lok Sabha,Rajasthan,SIKAR,,,Reengus,Baori,Normal/Others,NA - Purchase of sports equipment,DISTRICT COLLECTOR SIKAR_IDA,2024-01-24,Action Pending,300000,Unsanctioned
MPLADS-004863,Sumedhanand Saraswati,Lok Sabha,Rajasthan,SIKAR,,,Khendela,Chaukri,Normal/Others,NA - Construction of community centers and community halls,DISTRICT COLLECTOR SIKAR_IDA,2024-01-24,Action Pending,1000000,Unsanctioned
MPLADS-004877,Shri Subhash Chandra Baheria ,Lok Sabha,Rajasthan,BHILWARA,,,Kareda,Thana,Normal/Others,NA - Construction of buildings for community cultural activities,DISTRICT COLLECTOR BHILWARA_IDA,2024-01-24,Action Pending,300000,Unsanctioned
MPLADS-004878,Shri Subhash Chandra Baheria ,Lok Sabha,Rajasthan,BHILWARA,Bhilwara,R C Vyas Colony,,,Normal/Others,NA - Construction of community centers and community halls,DISTRICT COLLECTOR BHILWARA_IDA,2024-01-24,Action Pending,1000000,Unsanctioned
MPLADS-004883,Gajendra Singh Shekhawat,Lok Sabha,Rajasthan,JODHPUR,,,Shergarh,Kishor Nagar,Normal/Others,NA - Construction of rooms and halls in school and colleges,DISTRICT COLLECTOR JODHPUR RURAL_IDA,2024-01-24,Action Pending,500000,Unsanctioned
MPLADS-004884,Sumedhanand Saraswati,Lok Sabha,Rajasthan,SIKAR,,,Lachhmangarh,Alakhpura Bogan,Normal/Others,"NA - Construction of roads, link roads, pathways or any other road with or without drainage system",DISTRICT COLLECTOR SIKAR_IDA,2024-01-24,Action Pending,500000,Unsanctioned
MPLADS-004885,Sumedhanand Saraswati,Lok Sabha,Rajasthan,SIKAR,,,Lachhmangarh,Alakhpura Bogan,Normal/Others,NA - Installation of multi-gym equipment,DISTRICT COLLECTOR SIKAR_IDA,2024-01-24,Action Pending,500000,Unsanctioned
MPLADS-004886,Shri Subhash Chandra Baheria ,Lok Sabha,Rajasthan,BHILWARA,,,Sahara,Sargaon,Normal/Others,NA - Construction of common work sheds/ common covered sitting area,DISTRICT COLLECTOR BHILWARA_IDA,2024-01-24,Action Pending,500000,Unsanctioned
MPLADS-004887,Gajendra Singh Shekhawat,Lok Sabha,Rajasthan,JODHPUR,,,Shekhala,Bhaloo Rajwa,Normal/Others,NA - Construction of rooms and halls in school and colleges,DISTRICT COLLECTOR JODHPUR RURAL_IDA,2024-01-24,Action Pending,500000,Unsanctioned
MPLADS-004888,Shri Subhash Chandra Baheria ,Lok Sabha,Rajasthan,BHILWARA,,,Hindoli,Theekarda,Normal/Others,NA - Construction of footpaths and pedestrian ways,DISTRICT COLLECTOR BUNDI_IDA,2024-01-24,Action Pending,500000,Unsanctioned
MPLADS-004889,Gajendra Singh Shekhawat,Lok Sabha,Rajasthan,JODHPUR,,,Shergarh,Bhandoo Jati,Normal/Others,NA - Construction of rooms and halls in school and colleges,DISTRICT COLLECTOR JODHPUR RURAL_IDA,2024-01-24,Action Pending,500000,Unsanctioned
MPLADS-004890,Shri Subhash Chandra Baheria ,Lok Sabha,Rajasthan,BHILWARA,,,Hameergarh,Khera Bad,Normal/Others,NA - Construction of common work sheds/ common covered sitting area,DISTRICT COLLECTOR BHILWARA_IDA,2024-01-24,Action Pending,300000,Unsanctioned
MPLADS-004891,Gajendra Singh Shekhawat,Lok Sabha,Rajasthan,JODHPUR,,,Balesar,Doodabera,Normal/Others,NA - Construction of rooms and halls in school and colleges,DISTRICT COLLECTOR JODHPUR RURAL_IDA,2024-01-24,Action Pending,500000,Unsanctioned
MPLADS-004892,Shri Subhash Chandra Baheria ,Lok Sabha,Rajasthan,BHILWARA,,,Hameergarh,Jhopariya,Normal/Others,NA - Construction of community centers and community halls,DISTRICT COLLECTOR BHILWARA_IDA,2024-01-24,Action Pending,500000,Unsanctioned
MPLADS-004893,Shri Subhash Chandra Baheria ,Lok Sabha,Rajasthan,BHILWARA,,,Hurda,Hajiyas,Normal/Others,"NA - Construction of roads, link roads, pathways or any other road with or without drainage system",DISTRICT COLLECTOR BHILWARA_IDA,2024-01-24,Action Pending,500000,Unsanctioned
MPLADS-004894,Sumedhanand Saraswati,Lok Sabha,Rajasthan,SIKAR,,,Danta Ramgarh,Lamiyan,Normal/Others,NA - Construction of rooms and halls in school and colleges,DISTRICT COLLECTOR SIKAR_IDA,2024-01-24,Action Pending,800000,Unsanctioned
MPLADS-004895,Shri Subhash Chandra Baheria ,Lok Sabha,Rajasthan,BHILWARA,,,Hindoli,Hindoli,Normal/Others,"NA - Purchase of prosthetics, wheel chairs, tricycles (manual or motorized), elect scooties, hearing aids",DISTRICT COLLECTOR BUNDI_IDA,2024-01-24,Action Pending,540000,Unsanctioned
MPLADS-004896,Sumedhanand Saraswati,Lok Sabha,Rajasthan,SIKAR,,,Sikar Gramin,Kadma Ka Bas,Normal/Others,NA - Lighting of public spaces,DISTRICT COLLECTOR SIKAR_IDA,2024-01-24,Action Pending,600000,Unsanctioned
MPLADS-004897,Shri Subhash Chandra Baheria ,Lok Sabha,Rajasthan,BHILWARA,,,Nainwa,Dodi,Normal/Others,NA - Setting up of kitchen and pantries,DISTRICT COLLECTOR BUNDI_IDA,2024-01-24,Action Pending,200000,Unsanctioned
MPLADS-004898,Dushyant Singh,Lok Sabha,Rajasthan,JHALAWAR-BARAN,Baran,55,,,Normal/Others,"NA - Construction of roads, link roads, pathways or any other road with or without drainage system",DISTRICT COLLECTOR BARAN_IDA,2024-01-24,Action Pending,500000,Unsanctioned
MPLADS-004899,Dushyant Singh,Lok Sabha,Rajasthan,JHALAWAR-BARAN,Baran,43,,,Normal/Others,"NA - Construction of roads, link roads, pathways or any other road with or without drainage system",DISTRICT COLLECTOR BARAN_IDA,2024-01-24,Action Pending,500000,Unsanctioned
MPLADS-004900,Dushyant Singh,Lok Sabha,Rajasthan,JHALAWAR-BARAN,Baran,31,,,Normal/Others,"NA - Construction of roads, link roads, pathways or any other road with or without drainage system",DISTRICT COLLECTOR BARAN_IDA,2024-01-24,Action Pending,410000,Unsanctioned
MPLADS-004901,Dushyant Singh,Lok Sabha,Rajasthan,JHALAWAR-BARAN,Baran,6,,,Normal/Others,"NA - Construction of roads, link roads, pathways or any other road with or without drainage system",DISTRICT COLLECTOR BARAN_IDA,2024-01-24,Action Pending,500000,Unsanctioned
MPLADS-004902,Sumedhanand Saraswati,Lok Sabha,Rajasthan,SIKAR,,,Sikar,Purohit Ka Bas,Normal/Others,NA - Construction of rooms and halls in school and colleges,DISTRICT COLLECTOR SIKAR_IDA,2024-01-24,Action Pending,800000,Unsanctioned
MPLADS-004903,Dushyant Singh,Lok Sabha,Rajasthan,JHALAWAR-BARAN,Baran,36,,,Normal/Others,"NA - Construction of roads, link roads, pathways or any other road with or without drainage system",DISTRICT COLLECTOR BARAN_IDA,2024-01-24,Action Pending,320000,Unsanctioned
MPLADS-004904,Dushyant Singh,Lok Sabha,Rajasthan,JHALAWAR-BARAN,Baran,33,,,Normal/Others,"NA - Construction of roads, link roads, pathways or any other road with or without drainage system",DISTRICT COLLECTOR BARAN_IDA,2024-01-24,Action Pending,410000,Unsanctioned
MPLADS-004905,Dushyant Singh,Lok Sabha,Rajasthan,JHALAWAR-BARAN,Baran,24,,,Normal/Others,"NA - Construction of roads, link roads, pathways or any other road with or without drainage system",DISTRICT COLLECTOR BARAN_IDA,2024-01-24,Action Pending,800000,Unsanctioned
MPLADS-004906,Dushyant Singh,Lok Sabha,Rajasthan,JHALAWAR-BARAN,Baran,14,,,Normal/Others,"NA - Construction of roads, link roads, pathways or any other road with or without drainage system",DISTRICT COLLECTOR BARAN_IDA,2024-01-24,Action Pending,500000,Unsanctioned
MPLADS-004907,Dushyant Singh,Lok Sabha,Rajasthan,JHALAWAR-BARAN,Baran,13,,,Normal/Others,"NA - Construction of roads, link roads, pathways or any other road with or without drainage system",DISTRICT COLLECTOR BARAN_IDA,2024-01-24,Action Pending,500000,Unsanctioned
MPLADS-004908,Gajendra Singh Shekhawat,Lok Sabha,Rajasthan,JODHPUR,,,Shergarh,Dasaniyan,Normal/Others,NA - Construction of rooms and halls in school and colleges,DISTRICT COLLECTOR JODHPUR RURAL_IDA,2024-01-24,Action Pending,500000,Unsanctioned
MPLADS-004909,Gajendra Singh Shekhawat,Lok Sabha,Rajasthan,JODHPUR,,,Shergarh,Pugaliya,Normal/Others,NA - Construction of rooms and halls in school and colleges,DISTRICT COLLECTOR JODHPUR RURAL_IDA,2024-01-24,Action Pending,500000,Unsanctioned
MPLADS-004911,Shri Subhash Chandra Baheria ,Lok Sabha,Rajasthan,BHILWARA,,,Hurda,Roopaheli,Normal/Others,NA - Construction of buildings for community cultural activities,DISTRICT COLLECTOR BHILWARA_IDA,2024-01-24,Action Pending,400000,Unsanctioned
MPLADS-004921,Sumedhanand Saraswati,Lok Sabha,Rajasthan,SIKAR,,,Danta Ramgarh,Sheeshyoo,Normal/Others,NA - Construction of rooms and halls in school and colleges,DISTRICT COLLECTOR SIKAR_IDA,2024-01-24,Action Pending,800000,Unsanctioned
MPLADS-004922,Sumedhanand Saraswati,Lok Sabha,Rajasthan,SIKAR,,,Danta Ramgarh,Guwardi,Normal/Others,NA - Construction of buildings for multi-gym,DISTRICT COLLECTOR SIKAR_IDA,2024-01-24,Action Pending,600000,Unsanctioned
MPLADS-004923,Gajendra Singh Shekhawat,Lok Sabha,Rajasthan,JODHPUR,,,Shekhala,Jawahar Nagar,Normal/Others,NA - Construction of rooms and halls in school and colleges,DISTRICT COLLECTOR JODHPUR RURAL_IDA,2024-01-24,Action Pending,500000,Unsanctioned
MPLADS-004925,Gajendra Singh Shekhawat,Lok Sabha,Rajasthan,JODHPUR,,,Bap,Rawra,Normal/Others,NA - Construction of rooms and halls in school and colleges,DISTRICT COLLECTOR PHALODI_IDA,2024-01-24,Action Pending,500000,Unsanctioned
MPLADS-004926,Gajendra Singh Shekhawat,Lok Sabha,Rajasthan,JODHPUR,,,Lohawat,Dhakanagar Lohawat,Normal/Others,NA - Construction of rooms and halls in school and colleges,DISTRICT COLLECTOR PHALODI_IDA,2024-01-24,Action Pending,500000,Unsanctioned
MPLADS-004927,Gajendra Singh Shekhawat,Lok Sabha,Rajasthan,JODHPUR,,,Shergarh,Meerpura,Normal/Others,NA - Construction of rooms and halls in school and colleges,DISTRICT COLLECTOR JODHPUR RURAL_IDA,2024-01-24,Action Pending,500000,Unsanctioned
MPLADS-004928,Gajendra Singh Shekhawat,Lok Sabha,Rajasthan,JODHPUR,,,Shergarh,Paboosar,Normal/Others,NA - Construction of rooms and halls in school and colleges,DISTRICT COLLECTOR JODHPUR RURAL_IDA,2024-01-24,Action Pending,500000,Unsanctioned
MPLADS-004937,SHRI Neeraj Dangi,Rajya Sabha,Rajasthan,Sitting Rajya Sabha,,,Jaisalmer,Chandhan,Normal/Others,"NA - Construction of roads, link roads, pathways or any other road with or without drainage system",DISTRICT COLLECTOR JAISLAMER_IDA,2024-01-24,Action Pending,2000000,Unsanctioned
MPLADS-004940,Kanakmal Katara,Lok Sabha,Rajasthan,BANSWARA(ST),,,Sagwara,Selota,Normal/Others,NA - Construction of community centers and community halls,DISTRICT COLLECTOR DUNGARPUR_IDA,2024-01-24,Action Pending,800000,Unsanctioned
MPLADS-004941,Kanakmal Katara,Lok Sabha,Rajasthan,BANSWARA(ST),,,Sagwara,Gowari,Normal/Others,NA - Construction of community centers and community halls,DISTRICT COLLECTOR DUNGARPUR_IDA,2024-01-24,Action Pending,800000,Unsanctioned
MPLADS-004942,Kanakmal Katara,Lok Sabha,Rajasthan,BANSWARA(ST),,,Galiyakot,Likhatiya,Normal/Others,"NA - Construction of roads, link roads, pathways or any other road with or without drainage system",DISTRICT COLLECTOR DUNGARPUR_IDA,2024-01-24,Action Pending,600000,Unsanctioned
MPLADS-004943,Kanakmal Katara,Lok Sabha,Rajasthan,BANSWARA(ST),,,Sagwara,Kariyana,Normal/Others,NA - Construction of community centers and community halls,DISTRICT COLLECTOR DUNGARPUR_IDA,2024-01-24,Action Pending,900000,Unsanctioned
MPLADS-004944,Kanakmal Katara,Lok Sabha,Rajasthan,BANSWARA(ST),,,Galiyakot,Semaliyaghata,Normal/Others,NA - Construction of community centers and community halls,DISTRICT COLLECTOR DUNGARPUR_IDA,2024-01-24,Action Pending,900000,Unsanctioned
MPLADS-004960,Kanakmal Katara,Lok Sabha,Rajasthan,BANSWARA(ST),,,Simalwara,Ramsor Joona,Normal/Others,NA - Construction of flood control embankments,DISTRICT COLLECTOR DUNGARPUR_IDA,2024-01-24,Action Pending,900000,Unsanctioned
MPLADS-004961,Kanakmal Katara,Lok Sabha,Rajasthan,BANSWARA(ST),,,Simalwara,Ramsor Joona,Normal/Others,NA - Retrofitting in essential lifeline buildings,DISTRICT COLLECTOR DUNGARPUR_IDA,2024-01-24,Action Pending,900000,Unsanctioned
MPLADS-004962,Kanakmal Katara,Lok Sabha,Rajasthan,BANSWARA(ST),,,Simalwara,Charoli,Normal/Others,NA - Construction of common work sheds/ common covered sitting area,DISTRICT COLLECTOR DUNGARPUR_IDA,2024-01-24,Action Pending,600000,Unsanctioned
MPLADS-004963,Kanakmal Katara,Lok Sabha,Rajasthan,BANSWARA(ST),,,Chikhali,Kochri,Normal/Others,NA - Construction of community centers and community halls,DISTRICT COLLECTOR DUNGARPUR_IDA,2024-01-24,Action Pending,800000,Unsanctioned
MPLADS-004965,Kanakmal Katara,Lok Sabha,Rajasthan,BANSWARA(ST),,,Sagwara,Vamasa,Normal/Others,NA - Construction of community centers and community halls,DISTRICT COLLECTOR DUNGARPUR_IDA,2024-01-24,Action Pending,1300000,Unsanctioned
MPLADS-004979,Kanakmal Katara,Lok Sabha,Rajasthan,BANSWARA(ST),,,Sagwara,Vanori,Normal/Others,NA - Construction of community centers and community halls,DISTRICT COLLECTOR DUNGARPUR_IDA,2024-01-24,Action Pending,800000,Unsanctioned
MPLADS-004980,Kanakmal Katara,Lok Sabha,Rajasthan,BANSWARA(ST),,,Sagwara,Vanori,Normal/Others,NA - Construction of community centers and community halls,DISTRICT COLLECTOR DUNGARPUR_IDA,2024-01-24,Action Pending,800000,Unsanctioned
MPLADS-004981,Kanakmal Katara,Lok Sabha,Rajasthan,BANSWARA(ST),,,Galiyakot,Lembriya,Normal/Others,NA - Construction of community centers and community halls,DISTRICT COLLECTOR DUNGARPUR_IDA,2024-01-24,Action Pending,700000,Unsanctioned
MPLADS-004982,Kanakmal Katara,Lok Sabha,Rajasthan,BANSWARA(ST),,,Chikhali,Dhoondi,Normal/Others,NA - Construction of road under bridge,DISTRICT COLLECTOR DUNGARPUR_IDA,2024-01-24,Action Pending,900000,Unsanctioned
MPLADS-004985,Shri Subhash Chandra Baheria ,Lok Sabha,Rajasthan,BHILWARA,,,Sahara,Mandpiya,Normal/Others,NA - Construction of community centers and community halls,DISTRICT COLLECTOR BHILWARA_IDA,2024-01-24,Action Pending,125000,Unsanctioned
MPLADS-005030,Kanakmal Katara,Lok Sabha,Rajasthan,BANSWARA(ST),,,Peepalkhoont,Ghantali,Normal/Others,NA - Construction of community centers and community halls,DISTRICT COLLECTOR PRATAPGARH_IDA,2024-01-24,Action Pending,180000,Unsanctioned
MPLADS-005032,Sumedhanand Saraswati,Lok Sabha,Rajasthan,SIKAR,,,Danta Ramgarh,Mandha,Normal/Others,NA - Construction of common work sheds/ common covered sitting area,DISTRICT COLLECTOR SIKAR_IDA,2024-01-24,Action Pending,500000,Unsanctioned
MPLADS-005044,Shri Subhash Chandra Baheria ,Lok Sabha,Rajasthan,BHILWARA,Mandalgarh,nai aabadi,,,Normal/Others,NA - Crematoriums or structures on burial/ cremation ground for public convenience,DISTRICT COLLECTOR BHILWARA_IDA,2024-01-24,Action Pending,500000,Unsanctioned
MPLADS-005048,Sumedhanand Saraswati,Lok Sabha,Rajasthan,SIKAR,,,Sikar,Sikar,Normal/Others,"NA - Purchase of prosthetics, wheel chairs, tricycles (manual or motorized), elect scooties, hearing aids",DISTRICT COLLECTOR SIKAR_IDA,2024-01-24,Action Pending,210000,Unsanctioned
MPLADS-005049,Shri Subhash Chandra Baheria ,Lok Sabha,Rajasthan,BHILWARA,Mandalgarh,01,,,Normal/Others,NA - Construction of public libraries and reading rooms,DISTRICT COLLECTOR BHILWARA_IDA,2024-01-24,Action Pending,500000,Unsanctioned
MPLADS-005050,Shri Subhash Chandra Baheria ,Lok Sabha,Rajasthan,BHILWARA,,,Nainwa,Bansi,Normal/Others,NA - Providing garbage collection and disposal systems,DISTRICT COLLECTOR BUNDI_IDA,2024-01-24,Action Pending,500000,Unsanctioned
MPLADS-005051,Sumedhanand Saraswati,Lok Sabha,Rajasthan,SIKAR,,,Sikar,Katrathal,Normal/Others,"NA - Construction of roads, link roads, pathways or any other road with or without drainage system",DISTRICT COLLECTOR SIKAR_IDA,2024-01-24,Action Pending,1000000,Unsanctioned
MPLADS-005052,Shri Subhash Chandra Baheria ,Lok Sabha,Rajasthan,BHILWARA,,,Hindoli,Borda,Normal/Others,NA - Construction of culverts and bridges,DISTRICT COLLECTOR BUNDI_IDA,2024-01-24,Action Pending,500000,Unsanctioned
MPLADS-005053,Shri Subhash Chandra Baheria ,Lok Sabha,Rajasthan,BHILWARA,,,Kareda,Sahnunda,Normal/Others,NA - Construction of buildings for community cultural activities,DISTRICT COLLECTOR BHILWARA_IDA,2024-01-24,Action Pending,500000,Unsanctioned
MPLADS-005058,Gajendra Singh Shekhawat,Lok Sabha,Rajasthan,JODHPUR,,,Bap,Bari Dhani,Normal/Others,NA - Installing community drinking water plants,DISTRICT COLLECTOR PHALODI_IDA,2024-01-24,Action Pending,500000,Unsanctioned
MPLADS-005059,Gajendra Singh Shekhawat,Lok Sabha,Rajasthan,JODHPUR,,,Setrawa,Nayasara,Normal/Others,"NA - Construction of roads, link roads, pathways or any other road with or without drainage system",DISTRICT COLLECTOR PHALODI_IDA,2024-01-24,Action Pending,500000,Unsanctioned
MPLADS-005060,Gajendra Singh Shekhawat,Lok Sabha,Rajasthan,JODHPUR,,,Aau,Indon Ka Bas,Normal/Others,NA - Construction of boundary walls of existing public and community buildings,DISTRICT COLLECTOR PHALODI_IDA,2024-01-24,Action Pending,500000,Unsanctioned
MPLADS-005061,Gajendra Singh Shekhawat,Lok Sabha,Rajasthan,JODHPUR,,,Phalodi,Sanwreej,Normal/Others,NA - Construction of boundary walls of existing public and community buildings,DISTRICT COLLECTOR PHALODI_IDA,2024-01-24,Action Pending,500000,Unsanctioned
MPLADS-005077,Sumedhanand Saraswati,Lok Sabha,Rajasthan,SIKAR,,,Sikar,Charan Ka Bas,Normal/Others,"NA - Construction of roads, link roads, pathways or any other road with or without drainage system",DISTRICT COLLECTOR SIKAR_IDA,2024-01-24,Action Pending,800000,Unsanctioned
MPLADS-005078,Sumedhanand Saraswati,Lok Sabha,Rajasthan,SIKAR,,,Sikar Gramin,Kudan,Normal/Others,"NA - Purchase of IT systems, including hardware and software for educational purposes",DISTRICT COLLECTOR SIKAR_IDA,2024-01-24,Action Pending,76000,Unsanctioned
MPLADS-005079,Shri Subhash Chandra Baheria ,Lok Sabha,Rajasthan,BHILWARA,,,Mandalgarh,Singoli,Normal/Others,NA - Construction of buildings for community cultural activities,DISTRICT COLLECTOR BHILWARA_IDA,2024-01-24,Action Pending,500000,Unsanctioned
MPLADS-005163,SHRI Rajendra Gehlot,Rajya Sabha,Rajasthan,Sitting Rajya Sabha,,,Lohawat,Rajala,Normal/Others,NA - Crematoriums or structures on burial/ cremation ground for public convenience,DISTRICT COLLECTOR PHALODI_IDA,2024-01-23,Action Pending,1000000,Unsanctioned
MPLADS-005164,Shri Mukul Balkrishna Wasnik,Rajya Sabha,Rajasthan,Sitting Rajya Sabha,Jalore,MCH Jalore,,,Normal/Others,NA - Purchase of hospital equipment,DISTRICT COLLECTOR JALORE_IDA,2024-01-23,Action Pending,2531200,Unsanctioned
MPLADS-005298,Smt Ranjeeta Koli,Lok Sabha,Rajasthan,BHARATPUR(SC),,,Rudawal,Madapura,Normal/Others,NA - Installation of multi-gym equipment,DISTRICT COLLECTOR BHARATPUR_IDA,2024-01-23,Action Pending,756888,Unsanctioned
MPLADS-005299,Smt Ranjeeta Koli,Lok Sabha,Rajasthan,BHARATPUR(SC),,,Nadbai,Dahra,Normal/Others,NA - Installation of multi-gym equipment,DISTRICT COLLECTOR BHARATPUR_IDA,2024-01-23,Action Pending,756888,Unsanctioned
MPLADS-005300,Smt Ranjeeta Koli,Lok Sabha,Rajasthan,BHARATPUR(SC),,,Bharatpur,Jharoli,Normal/Others,NA - Installation of multi-gym equipment,DISTRICT COLLECTOR BHARATPUR_IDA,2024-01-23,Action Pending,756888,Unsanctioned
MPLADS-005301,Smt Ranjeeta Koli,Lok Sabha,Rajasthan,BHARATPUR(SC),,,Bayana,Nahroli,Normal/Others,NA - Installation of multi-gym equipment,DISTRICT COLLECTOR BHARATPUR_IDA,2024-01-23,Action Pending,756888,Unsanctioned
MPLADS-005302,Smt Ranjeeta Koli,Lok Sabha,Rajasthan,BHARATPUR(SC),,,Bharatpur,Ghusyari,Normal/Others,NA - Installation of multi-gym equipment,DISTRICT COLLECTOR BHARATPUR_IDA,2024-01-23,Action Pending,756888,Unsanctioned
MPLADS-005303,Smt Ranjeeta Koli,Lok Sabha,Rajasthan,BHARATPUR(SC),,,Bharatpur,Madarpur,Normal/Others,NA - Installation of multi-gym equipment,DISTRICT COLLECTOR BHARATPUR_IDA,2024-01-23,Action Pending,756888,Unsanctioned
MPLADS-005306,Smt Ranjeeta Koli,Lok Sabha,Rajasthan,BHARATPUR(SC),,,Bharatpur,Par,Normal/Others,NA - Installation of multi-gym equipment,DISTRICT COLLECTOR BHARATPUR_IDA,2024-01-23,Action Pending,756888,Unsanctioned
MPLADS-005322,Smt Ranjeeta Koli,Lok Sabha,Rajasthan,BHARATPUR(SC),,,Nadbai,Karhi,Normal/Others,NA - Installation of multi-gym equipment,DISTRICT COLLECTOR BHARATPUR_IDA,2024-01-23,Action Pending,756888,Unsanctioned
MPLADS-005323,Smt Ranjeeta Koli,Lok Sabha,Rajasthan,BHARATPUR(SC),,,Bharatpur,Bahnera,Normal/Others,NA - Installation of multi-gym equipment,DISTRICT COLLECTOR BHARATPUR_IDA,2024-01-23,Action Pending,756888,Unsanctioned
MPLADS-005342,Smt Ranjeeta Koli,Lok Sabha,Rajasthan,BHARATPUR(SC),,,Bayana,Kherli Gadasiya,Normal/Others,NA - Installation of multi-gym equipment,DISTRICT COLLECTOR BHARATPUR_IDA,2024-01-23,Action Pending,756888,Unsanctioned
MPLADS-005343,Gajendra Singh Shekhawat,Lok Sabha,Rajasthan,JODHPUR,,,Phalodi,Asolai,Normal/Others,NA - Construction of boundary walls of existing public and community buildings,DISTRICT COLLECTOR PHALODI_IDA,2024-01-23,Action Pending,800000,Unsanctioned
MPLADS-005344,Smt Ranjeeta Koli,Lok Sabha,Rajasthan,BHARATPUR(SC),Bhusawar,Badshah ki hoj bhusawar,,,Normal/Others,NA - Installation of multi-gym equipment,DISTRICT COLLECTOR BHARATPUR_IDA,2024-01-23,Action Pending,756888,Unsanctioned
MPLADS-005345,Smt Ranjeeta Koli,Lok Sabha,Rajasthan,BHARATPUR(SC),Deeg,bandha chouth,,,Normal/Others,"WS/MP734/2023-2024/87115 - Construction of roads, link roads, pathways or any other road with or without drainage system",DISTRICT COLLECTOR BHARATPUR_IDA,2024-01-23,Approved by IDA,500000,Unsanctioned
MPLADS-005346,Smt Ranjeeta Koli,Lok Sabha,Rajasthan,BHARATPUR(SC),Deeg,bandha chouth,,,Normal/Others,"WS/MP734/2023-2024/87116 - Construction of roads, link roads, pathways or any other road with or without drainage system",DISTRICT COLLECTOR BHARATPUR_IDA,2024-01-23,Approved by IDA,500000,Unsanctioned
MPLADS-005347,Gajendra Singh Shekhawat,Lok Sabha,Rajasthan,JODHPUR,,,Phalsund,Phalsoond,Normal/Others,NA - Construction of community centers and community halls,DISTRICT COLLECTOR JAISLAMER_IDA,2024-01-23,Action Pending,1000000,Unsanctioned
MPLADS-005348,Gajendra Singh Shekhawat,Lok Sabha,Rajasthan,JODHPUR,,,Shergarh,Khirjan Fatehsingh,Normal/Others,NA - Installing community drinking water plants,DISTRICT COLLECTOR JODHPUR RURAL_IDA,2024-01-23,Action Pending,750000,Unsanctioned
MPLADS-005349,Gajendra Singh Shekhawat,Lok Sabha,Rajasthan,JODHPUR,,,Dechu,Chand Sama,Normal/Others,NA - Crematoriums or structures on burial/ cremation ground for public convenience,DISTRICT COLLECTOR PHALODI_IDA,2024-01-23,Action Pending,500000,Unsanctioned
MPLADS-005350,Gajendra Singh Shekhawat,Lok Sabha,Rajasthan,JODHPUR,,,Ghantiyali,Dhadharwala,Normal/Others,NA - Construction of rooms and halls in school and colleges,DISTRICT COLLECTOR PHALODI_IDA,2024-01-23,Action Pending,600000,Unsanctioned
MPLADS-005352,Gajendra Singh Shekhawat,Lok Sabha,Rajasthan,JODHPUR,,,Phalodi,Nokhra Godara,Normal/Others,NA - Purchase of furniture and fixtures for educational purposes,DISTRICT COLLECTOR PHALODI_IDA,2024-01-23,Action Pending,600000,Unsanctioned
MPLADS-005353,Gajendra Singh Shekhawat,Lok Sabha,Rajasthan,JODHPUR,,,Phalodi,Ugras,Normal/Others,NA - Construction of public libraries and reading rooms,DISTRICT COLLECTOR PHALODI_IDA,2024-01-23,Action Pending,500000,Unsanctioned
MPLADS-005354,Gajendra Singh Shekhawat,Lok Sabha,Rajasthan,JODHPUR,,,Phalodi,Udaniyon Ki Dhani,Normal/Others,NA - Construction of rooms and halls in school and colleges,DISTRICT COLLECTOR PHALODI_IDA,2024-01-23,Action Pending,600000,Unsanctioned
MPLADS-005355,Gajendra Singh Shekhawat,Lok Sabha,Rajasthan,JODHPUR,,,Phalodi,Kundal,Normal/Others,NA - Construction of rooms and halls in school and colleges,DISTRICT COLLECTOR PHALODI_IDA,2024-01-23,Action Pending,600000,Unsanctioned
MPLADS-005402,Dushyant Singh,Lok Sabha,Rajasthan,JHALAWAR-BARAN,,,Khanpur,Kanwalda,Normal/Others,NA - Installation of fixed garden gym equipment,DISTRICT COLLECTOR JHALAWAR_IDA,2024-01-22,Action Pending,500000,Unsanctioned
MPLADS-005403,Devji Mansingram Patel,Lok Sabha,Rajasthan,JALORE,Bhinmal,00,,,Normal/Others,NA - Installing community drinking water plants,DISTRICT COLLECTOR JALORE_IDA,2024-01-22,Action Pending,1100000,Unsanctioned
MPLADS-005404,Devji Mansingram Patel,Lok Sabha,Rajasthan,JALORE,Bhinmal,00,,,Normal/Others,NA - Construction of rooms and halls in school and colleges,DISTRICT COLLECTOR JALORE_IDA,2024-01-22,Action Pending,1100000,Unsanctioned
MPLADS-005592,Smt Jaskaur Meena ,Lok Sabha,Rajasthan,DAUSA(ST),,,Rajgarh,Rajgarh (Rural),Normal/Others,"NA - Construction of roads, link roads, pathways or any other road with or without drainage system",DISTRICT COLLECTOR ALWAR_IDA,2024-01-21,Action Pending,500000,Unsanctioned
MPLADS-005611,Smt Jaskaur Meena ,Lok Sabha,Rajasthan,DAUSA(ST),,,Nangal Rajawatan,Bagpura,Normal/Others,NA - Construction of rooms and halls in school and colleges,DISTRICT COLLECTOR DAUSA_IDA,2024-01-21,Action Pending,500000,Unsanctioned
MPLADS-005622,Smt Jaskaur Meena ,Lok Sabha,Rajasthan,DAUSA(ST),,,Nangal Rajawatan,Nangal Rajawatan,Normal/Others,NA - Installing hand pumps,DISTRICT COLLECTOR DAUSA_IDA,2024-01-21,Action Pending,125000,Unsanctioned
MPLADS-005624,Smt Jaskaur Meena ,Lok Sabha,Rajasthan,DAUSA(ST),,,Nangal Rajawatan,Chharera,Normal/Others,NA - Installing tube-wells and borewells,DISTRICT COLLECTOR DAUSA_IDA,2024-01-21,Action Pending,200000,Unsanctioned
MPLADS-005625,Smt Jaskaur Meena ,Lok Sabha,Rajasthan,DAUSA(ST),,,Nangal Rajawatan,Chharera,Normal/Others,NA - Installing hand pumps,DISTRICT COLLECTOR DAUSA_IDA,2024-01-21,Action Pending,125000,Unsanctioned
MPLADS-005635,Smt Jaskaur Meena ,Lok Sabha,Rajasthan,DAUSA(ST),,,Nangal Rajawatan,Alooda,Normal/Others,NA - Installing tube-wells and borewells,DISTRICT COLLECTOR DAUSA_IDA,2024-01-21,Action Pending,200000,Unsanctioned
MPLADS-005828,Smt Jaskaur Meena ,Lok Sabha,Rajasthan,DAUSA(ST),,,Sikrai,Sikandara,Normal/Others,"NA - Construction of roads, link roads, pathways or any other road with or without drainage system",DISTRICT COLLECTOR DAUSA_IDA,2024-01-20,Action Pending,500000,Unsanctioned
MPLADS-005830,Smt Jaskaur Meena ,Lok Sabha,Rajasthan,DAUSA(ST),,,Sikrai,Sikandara,Normal/Others,"NA - Construction of roads, link roads, pathways or any other road with or without drainage system",DISTRICT COLLECTOR DAUSA_IDA,2024-01-20,Action Pending,500000,Unsanctioned
MPLADS-005831,Sumedhanand Saraswati,Lok Sabha,Rajasthan,SIKAR,,,Danta Ramgarh,Likhma Ka Bas,Normal/Others,NA - Construction of rooms and halls in school and colleges,DISTRICT COLLECTOR SIKAR_IDA,2024-01-20,Action Pending,750000,Unsanctioned
MPLADS-005832,Sumedhanand Saraswati,Lok Sabha,Rajasthan,SIKAR,,,Sikar Gramin,Sanwaloda Ladkhani,Normal/Others,"NA - Construction of roads, link roads, pathways or any other road with or without drainage system",DISTRICT COLLECTOR SIKAR_IDA,2024-01-20,Action Pending,800000,Unsanctioned
MPLADS-005833,Sumedhanand Saraswati,Lok Sabha,Rajasthan,SIKAR,,,Lachhmangarh,Palri,Normal/Others,NA - Construction of common work sheds/ common covered sitting area,DISTRICT COLLECTOR SIKAR_IDA,2024-01-20,Action Pending,800000,Unsanctioned
MPLADS-005954,Shri Pramod Tiwari,Rajya Sabha,Rajasthan,Sitting Rajya Sabha,,,Bhaniyana,Barath Ka Gaon,Normal/Others,NA - Construction of public libraries and reading rooms,DISTRICT COLLECTOR JAISLAMER_IDA,2024-01-20,Action Pending,1000000,Unsanctioned
MPLADS-006187,Sumedhanand Saraswati,Lok Sabha,Rajasthan,SIKAR,,,Sikar Gramin,Jerthi,Normal/Others,"NA - Construction of roads, link roads, pathways or any other road with or without drainage system",DISTRICT COLLECTOR SIKAR_IDA,2024-01-19,Action Pending,1000000,Unsanctioned
MPLADS-006188,Shri Subhash Chandra Baheria ,Lok Sabha,Rajasthan,BHILWARA,,,Mandalgarh,Jojwa,Normal/Others,NA - Construction of boundary walls of existing public and community buildings,DISTRICT COLLECTOR BHILWARA_IDA,2024-01-19,Action Pending,500000,Unsanctioned
MPLADS-006190,Nihal Chand Chauhan,Lok Sabha,Rajasthan,GANGANAGAR(SC),,,Karanpur,2 F-C,Normal/Others,NA - Purchase of furniture and fixtures for educational purposes,DISTRICT COLLECTOR SRIGANGANAGAR_IDA,2024-01-19,Action Pending,200000,Unsanctioned
MPLADS-006191,Nihal Chand Chauhan,Lok Sabha,Rajasthan,GANGANAGAR(SC),,,Karanpur,2 MM,Normal/Others,NA - Development of playfields and sports grounds,DISTRICT COLLECTOR SRIGANGANAGAR_IDA,2024-01-19,Action Pending,1000000,Unsanctioned
MPLADS-006192,Nihal Chand Chauhan,Lok Sabha,Rajasthan,GANGANAGAR(SC),,,Suratgarh,Gopalsar,Normal/Others,NA - Development of playfields and sports grounds,DISTRICT COLLECTOR SRIGANGANAGAR_IDA,2024-01-19,Action Pending,1000000,Unsanctioned
MPLADS-006223,Shri Pramod Tiwari,Rajya Sabha,Rajasthan,Sitting Rajya Sabha,,,Nasirabad,Nyara,Normal/Others,NA - Street lights,DISTRICT COLLECTOR AJMER_IDA,2024-01-19,Action Pending,25000,Unsanctioned
MPLADS-006241,Shri Pramod Tiwari,Rajya Sabha,Rajasthan,Sitting Rajya Sabha,,,Nokha,Gajroopdesar,Normal/Others,NA - Street lights,DISTRICT COLLECTOR BIKANER_IDA,2024-01-19,Action Pending,25000,Unsanctioned
MPLADS-006242,Sumedhanand Saraswati,Lok Sabha,Rajasthan,SIKAR,,,Sikar Gramin,Tajsar Karnawatan,Normal/Others,NA - Construction of rooms and halls in school and colleges,DISTRICT COLLECTOR SIKAR_IDA,2024-01-19,Action Pending,850000,Unsanctioned
MPLADS-006245,Shri Pramod Tiwari,Rajya Sabha,Rajasthan,Sitting Rajya Sabha,Alwar,"House no. 37, Two Feeta Road, Jat Colony",,,Normal/Others,NA - Street lights,DISTRICT COLLECTOR ALWAR_IDA,2024-01-19,Action Pending,25000,Unsanctioned
MPLADS-006247,Sumedhanand Saraswati,Lok Sabha,Rajasthan,SIKAR,,,Khendela,Loharwara,Normal/Others,NA - Providing drains and gutters for public drainage,DISTRICT COLLECTOR SIKAR_IDA,2024-01-19,Action Pending,800000,Unsanctioned
MPLADS-006248,Shri Ghanshyam Tiwari,Rajya Sabha,Rajasthan,Sitting Rajya Sabha,Sikar,27,,,Trust and Society,NA - Construction of toilet blocks,DISTRICT COLLECTOR SIKAR_IDA,2024-01-19,Action Pending,1500000,Unsanctioned
MPLADS-006456,Kanakmal Katara,Lok Sabha,Rajasthan,BANSWARA(ST),,,Bagidora,Naugama,Normal/Others,NA - Construction of community centers and community halls,DISTRICT COLLECTOR BANSWARA_IDA,2024-01-18,Action Pending,600000,Unsanctioned
MPLADS-006458,Kanakmal Katara,Lok Sabha,Rajasthan,BANSWARA(ST),,,Ghatol,Badana,Normal/Others,"WS/MP724/2023-2024/84135 - Construction of roads, link roads, pathways or any other road with or without drainage system",DISTRICT COLLECTOR BANSWARA_IDA,2024-01-18,Approved by IDA,1000000,Sanctioned
MPLADS-006459,Kanakmal Katara,Lok Sabha,Rajasthan,BANSWARA(ST),,,Gangadtalai,Gamaniya Hameera,Normal/Others,NA - Construction of community centers and community halls,DISTRICT COLLECTOR BANSWARA_IDA,2024-01-18,Action Pending,500000,Unsanctioned
MPLADS-006460,Kanakmal Katara,Lok Sabha,Rajasthan,BANSWARA(ST),,,Garhi,Bedwa,Normal/Others,NA - Construction of community centers and community halls,DISTRICT COLLECTOR BANSWARA_IDA,2024-01-18,Action Pending,600000,Unsanctioned
MPLADS-006461,Kanakmal Katara,Lok Sabha,Rajasthan,BANSWARA(ST),,,Garhi,Vajwana,Normal/Others,"NA - Construction of Government office buildings (Post office, Police station, Police chauki, etc.)",DISTRICT COLLECTOR BANSWARA_IDA,2024-01-18,Action Pending,400000,Unsanctioned
MPLADS-006462,Kanakmal Katara,Lok Sabha,Rajasthan,BANSWARA(ST),,,Garhi,Sujaji Ka Gara,Normal/Others,NA - Construction of common work sheds/ common covered sitting area,DISTRICT COLLECTOR BANSWARA_IDA,2024-01-18,Action Pending,1000000,Unsanctioned
MPLADS-006463,Kanakmal Katara,Lok Sabha,Rajasthan,BANSWARA(ST),,,Garhi,Bhagora,Normal/Others,"WS/MP724/2023-2024/84149 - Construction of roads, link roads, pathways or any other road with or without drainage system",DISTRICT COLLECTOR BANSWARA_IDA,2024-01-18,Approved by IDA,1000000,Sanctioned
MPLADS-006510,Kanakmal Katara,Lok Sabha,Rajasthan,BANSWARA(ST),,,Ghatol,Badana,Normal/Others,"NA - Construction of roads, link roads, pathways or any other road with or without drainage system",DISTRICT COLLECTOR BANSWARA_IDA,2024-01-18,Action Pending,1000000,Unsanctioned
MPLADS-006511,Kanakmal Katara,Lok Sabha,Rajasthan,BANSWARA(ST),,,Artuna,Itauwa,Normal/Others,"NA - Construction of roads, link roads, pathways or any other road with or without drainage system",DISTRICT COLLECTOR BANSWARA_IDA,2024-01-18,Action Pending,800000,Unsanctioned
MPLADS-006531,Kanakmal Katara,Lok Sabha,Rajasthan,BANSWARA(ST),,,Sajjangarh,Andeshwar,Normal/Others,NA - Construction of artificial reef,DISTRICT COLLECTOR BANSWARA_IDA,2024-01-18,Action Pending,500000,Unsanctioned
MPLADS-006552,Kanakmal Katara,Lok Sabha,Rajasthan,BANSWARA(ST),,,Artuna,Ora,Normal/Others,NA - Construction of community centers and community halls,DISTRICT COLLECTOR BANSWARA_IDA,2024-01-18,Action Pending,400000,Unsanctioned
MPLADS-006553,Kanakmal Katara,Lok Sabha,Rajasthan,BANSWARA(ST),,,Ganoda,Ganora,Normal/Others,NA - Construction of community centers and community halls,DISTRICT COLLECTOR BANSWARA_IDA,2024-01-18,Action Pending,500000,Unsanctioned
MPLADS-006554,Kanakmal Katara,Lok Sabha,Rajasthan,BANSWARA(ST),,,Garhi,Metwala,Normal/Others,NA - Renovation of ponds and lakes,DISTRICT COLLECTOR BANSWARA_IDA,2024-01-18,Action Pending,500000,Unsanctioned
MPLADS-006555,Kanakmal Katara,Lok Sabha,Rajasthan,BANSWARA(ST),,,Garhi,Rohniya Khera,Normal/Others,NA - Construction of cycle tracks and segregated non-motorized vehicle (NMV) lanes,DISTRICT COLLECTOR BANSWARA_IDA,2024-01-18,Action Pending,900000,Unsanctioned
MPLADS-006556,Kanakmal Katara,Lok Sabha,Rajasthan,BANSWARA(ST),,,Garhi,Karanpur,Normal/Others,"NA - Construction of roads, link roads, pathways or any other road with or without drainage system",DISTRICT COLLECTOR BANSWARA_IDA,2024-01-18,Action Pending,900000,Unsanctioned
MPLADS-006557,Kanakmal Katara,Lok Sabha,Rajasthan,BANSWARA(ST),,,Garhi,Madlada,Normal/Others,"NA - Construction of roads, link roads, pathways or any other road with or without drainage system",DISTRICT COLLECTOR BANSWARA_IDA,2024-01-18,Action Pending,900000,Unsanctioned
MPLADS-006558,Kanakmal Katara,Lok Sabha,Rajasthan,BANSWARA(ST),,,Ghatol,Padal Chhoti,Normal/Others,WS/MP724/2023-2024/84059 - Construction of artificial reef,DISTRICT COLLECTOR BANSWARA_IDA,2024-01-18,Approved by IDA,500000,Sanctioned
MPLADS-006559,Kanakmal Katara,Lok Sabha,Rajasthan,BANSWARA(ST),,,Ganoda,Bichhawara,Normal/Others,NA - Construction of community centers and community halls,DISTRICT COLLECTOR BANSWARA_IDA,2024-01-18,Action Pending,1000000,Unsanctioned
MPLADS-006560,Kanakmal Katara,Lok Sabha,Rajasthan,BANSWARA(ST),,,Ganoda,Baman Para,Normal/Others,WS/MP724/2023-2024/84067 - Construction of boundary walls of existing public and community buildings,DISTRICT COLLECTOR BANSWARA_IDA,2024-01-18,Approved by IDA,900000,Sanctioned
MPLADS-006561,Kanakmal Katara,Lok Sabha,Rajasthan,BANSWARA(ST),,,Ganoda,Baman Para,Normal/Others,WS/MP724/2023-2024/84090 - Construction of community centers and community halls,DISTRICT COLLECTOR BANSWARA_IDA,2024-01-18,Approved by IDA,1200000,Sanctioned
MPLADS-006562,Kanakmal Katara,Lok Sabha,Rajasthan,BANSWARA(ST),,,Ghatol,Rughnath Singh Ka Garha,Normal/Others,"WS/MP724/2023-2024/84095 - Construction of roads, link roads, pathways or any other road with or without drainage system",DISTRICT COLLECTOR BANSWARA_IDA,2024-01-18,Approved by IDA,900000,Sanctioned
MPLADS-006563,Kanakmal Katara,Lok Sabha,Rajasthan,BANSWARA(ST),,,Ghatol,Narwali,Normal/Others,NA - Construction of community centers and community halls,DISTRICT COLLECTOR BANSWARA_IDA,2024-01-18,Action Pending,900000,Unsanctioned
MPLADS-006564,Kanakmal Katara,Lok Sabha,Rajasthan,BANSWARA(ST),,,Ganoda,Motagaon,Normal/Others,NA - Construction of community centers and community halls,DISTRICT COLLECTOR BANSWARA_IDA,2024-01-18,Action Pending,900000,Unsanctioned
MPLADS-006565,Kanakmal Katara,Lok Sabha,Rajasthan,BANSWARA(ST),,,Chhoti Sarwan,Fefar,Normal/Others,NA - Construction of community centers and community halls,DISTRICT COLLECTOR BANSWARA_IDA,2024-01-18,Action Pending,400000,Unsanctioned
MPLADS-006566,Kanakmal Katara,Lok Sabha,Rajasthan,BANSWARA(ST),,,Chhoti Sarwan,Fefar,Normal/Others,"NA - Construction of roads, link roads, pathways or any other road with or without drainage system",DISTRICT COLLECTOR BANSWARA_IDA,2024-01-18,Action Pending,400000,Unsanctioned
MPLADS-006567,Kanakmal Katara,Lok Sabha,Rajasthan,BANSWARA(ST),,,Artuna,Anjana,Normal/Others,WS/MP724/2023-2024/83956 - Construction of common work sheds/ common covered sitting area,DISTRICT COLLECTOR BANSWARA_IDA,2024-01-18,Approved by IDA,1000000,Unsanctioned
MPLADS-006568,Kanakmal Katara,Lok Sabha,Rajasthan,BANSWARA(ST),,,Artuna,Gamri Narayan,Normal/Others,NA - Renovation of ponds and lakes,DISTRICT COLLECTOR BANSWARA_IDA,2024-01-18,Action Pending,900000,Unsanctioned
MPLADS-006569,Rahul Kaswan,Lok Sabha,Rajasthan,CHURU,,,Bhanipura,Malaksar,Normal/Others,NA - Construction of boundary walls of existing public and community buildings,DISTRICT COLLECTOR CHURU_IDA,2024-01-18,Action Pending,500000,Unsanctioned
MPLADS-006578,Rahul Kaswan,Lok Sabha,Rajasthan,CHURU,,,Churu,Ginri Patta Lohsana,Normal/Others,WS/MP728/2023-2024/83790 - Improvement of electricity distribution infrastructure,DISTRICT COLLECTOR CHURU_IDA,2024-01-18,Approved by IDA,665300,Unsanctioned
MPLADS-006584,Sumedhanand Saraswati,Lok Sabha,Rajasthan,SIKAR,Chomu,52,,,Normal/Others,NA - Construction of community centers and community halls,DISTRICT COLLECTOR JAIPUR_IDA,2024-01-18,Action Pending,1000000,Unsanctioned
MPLADS-006942,Shri Pramod Tiwari,Rajya Sabha,Rajasthan,Sitting Rajya Sabha,,,Dhorimanna,Meethra Khurd,Normal/Others,"NA - Construction of roads, link roads, pathways or any other road with or without drainage system",DISTRICT COLLECTOR BARMER_IDA,2024-01-17,Action Pending,1000000,Unsanctioned
MPLADS-007004,Gajendra Singh Shekhawat,Lok Sabha,Rajasthan,JODHPUR,,,Pokaran,Baiteena,Normal/Others,NA - Purchase of furniture and fixtures for educational purposes,DISTRICT COLLECTOR JAISLAMER_IDA,2024-01-16,Action Pending,400000,Unsanctioned
MPLADS-007020,Gajendra Singh Shekhawat,Lok Sabha,Rajasthan,JODHPUR,,,Pokaran,Didaniya,Normal/Others,NA - Purchase of furniture and fixtures for educational purposes,DISTRICT COLLECTOR JAISLAMER_IDA,2024-01-16,Action Pending,300000,Unsanctioned
MPLADS-007022,Gajendra Singh Shekhawat,Lok Sabha,Rajasthan,JODHPUR,,,Pokaran,Naiguddi,Normal/Others,NA - Construction of community centers and community halls,DISTRICT COLLECTOR JAISLAMER_IDA,2024-01-16,Action Pending,1100000,Unsanctioned
MPLADS-007023,Gajendra Singh Shekhawat,Lok Sabha,Rajasthan,JODHPUR,Pokaran,1,,,Normal/Others,NA - Construction of public libraries and reading rooms,DISTRICT COLLECTOR JAISLAMER_IDA,2024-01-16,Action Pending,1100000,Unsanctioned
MPLADS-007024,Gajendra Singh Shekhawat,Lok Sabha,Rajasthan,JODHPUR,,,Pokaran,Didhoo,Normal/Others,NA - Purchase of furniture and fixtures for educational purposes,DISTRICT COLLECTOR JAISLAMER_IDA,2024-01-16,Action Pending,300000,Unsanctioned
MPLADS-007025,Gajendra Singh Shekhawat,Lok Sabha,Rajasthan,JODHPUR,,,Bhaniyana,Kheenwsar,Normal/Others,NA - Construction of public libraries and reading rooms,DISTRICT COLLECTOR JAISLAMER_IDA,2024-01-16,Action Pending,500000,Unsanctioned
MPLADS-007026,Gajendra Singh Shekhawat,Lok Sabha,Rajasthan,JODHPUR,,,Pokaran,Chhayan-Ii,Normal/Others,NA - Construction of public libraries and reading rooms,DISTRICT COLLECTOR JAISLAMER_IDA,2024-01-16,Action Pending,500000,Unsanctioned
MPLADS-007027,Gajendra Singh Shekhawat,Lok Sabha,Rajasthan,JODHPUR,,,Pokaran,Askandra,Normal/Others,NA - Construction of public libraries and reading rooms,DISTRICT COLLECTOR JAISLAMER_IDA,2024-01-16,Action Pending,400000,Unsanctioned
MPLADS-007028,Gajendra Singh Shekhawat,Lok Sabha,Rajasthan,JODHPUR,,,Phalsund,Parasar,Normal/Others,NA - Purchase of furniture and fixtures for educational purposes,DISTRICT COLLECTOR JAISLAMER_IDA,2024-01-16,Action Pending,200000,Unsanctioned
MPLADS-007029,Gajendra Singh Shekhawat,Lok Sabha,Rajasthan,JODHPUR,,,Pokaran,Sanawara,Normal/Others,NA - Purchase of furniture and fixtures for educational purposes,DISTRICT COLLECTOR JAISLAMER_IDA,2024-01-16,Action Pending,500000,Unsanctioned
MPLADS-007031,Gajendra Singh Shekhawat,Lok Sabha,Rajasthan,JODHPUR,,,Pokaran,Didaniya,Normal/Others,WS/MP723/2023-2024/82575 - Purchase of furniture and fixtures for educational purposes,DISTRICT COLLECTOR JAISLAMER_IDA,2024-01-16,Approved by IDA,200000,Sanctioned
MPLADS-007032,Shri Pramod Tiwari,Rajya Sabha,Rajasthan,Sitting Rajya Sabha,Balesar Satta,Ketu Hema,,,Normal/Others,"NA - Construction of roads, link roads, pathways or any other road with or without drainage system",DISTRICT COLLECTOR JODHPUR_IDA,2024-01-16,Action Pending,1000000,Unsanctioned
MPLADS-007034,Gajendra Singh Shekhawat,Lok Sabha,Rajasthan,JODHPUR,,,Phalsund,Prabhupura,Normal/Others,NA - Construction of rooms and halls in school and colleges,DISTRICT COLLECTOR JAISLAMER_IDA,2024-01-16,Action Pending,600000,Unsanctioned
MPLADS-007035,Gajendra Singh Shekhawat,Lok Sabha,Rajasthan,JODHPUR,,,Bhaniyana,Padrora,Normal/Others,NA - Construction of public libraries and reading rooms,DISTRICT COLLECTOR JAISLAMER_IDA,2024-01-16,Action Pending,400000,Unsanctioned
MPLADS-007036,Gajendra Singh Shekhawat,Lok Sabha,Rajasthan,JODHPUR,,,Phalsund,Subhashnagar,Normal/Others,NA - Construction of public libraries and reading rooms,DISTRICT COLLECTOR JAISLAMER_IDA,2024-01-16,Action Pending,400000,Unsanctioned
MPLADS-007037,Gajendra Singh Shekhawat,Lok Sabha,Rajasthan,JODHPUR,,,Phalsund,Premasar,Normal/Others,NA - Construction of public libraries and reading rooms,DISTRICT COLLECTOR JAISLAMER_IDA,2024-01-16,Action Pending,400000,Unsanctioned
MPLADS-007038,Gajendra Singh Shekhawat,Lok Sabha,Rajasthan,JODHPUR,,,Pokaran,Nananyai,Normal/Others,NA - Construction of public libraries and reading rooms,DISTRICT COLLECTOR JAISLAMER_IDA,2024-01-16,Action Pending,400000,Unsanctioned
MPLADS-007039,Gajendra Singh Shekhawat,Lok Sabha,Rajasthan,JODHPUR,,,Bhaniyana,Jhalariya,Normal/Others,NA - Construction of public libraries and reading rooms,DISTRICT COLLECTOR JAISLAMER_IDA,2024-01-16,Action Pending,800000,Unsanctioned
MPLADS-007041,Gajendra Singh Shekhawat,Lok Sabha,Rajasthan,JODHPUR,,,Pokaran,Shaktinagar,Normal/Others,NA - Purchase of furniture and fixtures for educational purposes,DISTRICT COLLECTOR JAISLAMER_IDA,2024-01-16,Action Pending,400000,Unsanctioned
MPLADS-007057,Gajendra Singh Shekhawat,Lok Sabha,Rajasthan,JODHPUR,,,Pokaran,Pratappura,Normal/Others,NA - Construction of public libraries and reading rooms,DISTRICT COLLECTOR JAISLAMER_IDA,2024-01-16,Action Pending,400000,Unsanctioned
MPLADS-007068,Gajendra Singh Shekhawat,Lok Sabha,Rajasthan,JODHPUR,,,Pokaran,Nachna,Normal/Others,NA - Construction of public libraries and reading rooms,DISTRICT COLLECTOR JAISLAMER_IDA,2024-01-16,Action Pending,500000,Unsanctioned
MPLADS-007069,Gajendra Singh Shekhawat,Lok Sabha,Rajasthan,JODHPUR,,,Phalsund,Karni Nagar,Normal/Others,NA - Construction of public libraries and reading rooms,DISTRICT COLLECTOR JAISLAMER_IDA,2024-01-16,Action Pending,400000,Unsanctioned
MPLADS-007070,Gajendra Singh Shekhawat,Lok Sabha,Rajasthan,JODHPUR,,,Phalsund,Dantal,Normal/Others,NA - Construction of public libraries and reading rooms,DISTRICT COLLECTOR JAISLAMER_IDA,2024-01-16,Action Pending,800000,Unsanctioned
MPLADS-007071,Gajendra Singh Shekhawat,Lok Sabha,Rajasthan,JODHPUR,,,Bhaniyana,Doodhiya,Normal/Others,NA - Construction of public libraries and reading rooms,DISTRICT COLLECTOR JAISLAMER_IDA,2024-01-16,Action Pending,400000,Unsanctioned
MPLADS-007147,Shri PP Chaudhary ,Lok Sabha,Rajasthan,PALI,,,Jodhpur,Ram Nagar,Normal/Others,NA - Purchase of furniture and fixtures for educational purposes,DISTRICT COLLECTOR JODHPUR_IDA,2024-01-15,Action Pending,500000,Unsanctioned
MPLADS-007168,Narendra Kumar,Lok Sabha,Rajasthan,JHUNJHUNU,,,Fatehpur,Beer Fatehpur,Normal/Others,NA - Construction of community centers and community halls,DISTRICT COLLECTOR SIKAR_IDA,2024-01-15,Action Pending,1000000,Unsanctioned
MPLADS-007176,Gajendra Singh Shekhawat,Lok Sabha,Rajasthan,JODHPUR,Jodhpur-North,65,,,Trust and Society,NA - Construction of community centers and community halls,DISTRICT COLLECTOR JODHPUR_IDA,2024-01-15,Action Pending,1600000,Unsanctioned
MPLADS-007177,Gajendra Singh Shekhawat,Lok Sabha,Rajasthan,JODHPUR,,,Pokaran,Ramdeora,Trust and Society,WS/MP723/2023-2024/82196 - Construction of community centers and community halls,DISTRICT COLLECTOR JAISLAMER_IDA,2024-01-15,Approved by IDA,1000000,Ongoing
MPLADS-007178,Smt Jaskaur Meena ,Lok Sabha,Rajasthan,DAUSA(ST),,,Dausa,Dausa Rural,Normal/Others,NA - Installing tube-wells and borewells,DISTRICT COLLECTOR DAUSA_IDA,2024-01-15,Action Pending,150000,Unsanctioned
MPLADS-007179,Smt Jaskaur Meena ,Lok Sabha,Rajasthan,DAUSA(ST),,,Dausa,Dausa Rural,Normal/Others,NA - Installing community drinking water plants,DISTRICT COLLECTOR DAUSA_IDA,2024-01-15,Action Pending,625900,Unsanctioned
MPLADS-007180,Smt Jaskaur Meena ,Lok Sabha,Rajasthan,DAUSA(ST),Thanagaji,Ward No. 1 Nyam ki Dhani,,,Normal/Others,NA - Installing tube-wells and borewells,DISTRICT COLLECTOR ALWAR_IDA,2024-01-15,Action Pending,150000,Unsanctioned
MPLADS-007181,Smt Jaskaur Meena ,Lok Sabha,Rajasthan,DAUSA(ST),Alwar,Ward No. 1 Nyam ki Dhani,,,Normal/Others,NA - Installing community drinking water plants,DISTRICT COLLECTOR ALWAR_IDA,2024-01-15,Action Pending,550000,Unsanctioned
MPLADS-007182,Shri PP Chaudhary ,Lok Sabha,Rajasthan,PALI,,,Desuri,Sindarli,Normal/Others,NA - Purchase of furniture and fixtures for educational purposes,DISTRICT COLLECTOR PALI_IDA,2024-01-15,Action Pending,700000,Unsanctioned
MPLADS-007183,Gajendra Singh Shekhawat,Lok Sabha,Rajasthan,JODHPUR,Pokaran,1,,,Trust and Society,NA - Construction of community centers and community halls,DISTRICT COLLECTOR JAISLAMER_IDA,2024-01-15,Action Pending,750000,Unsanctioned
MPLADS-008017,SH Bhupender Yadav,Rajya Sabha,Rajasthan,Sitting Rajya Sabha,Kota-North,20,,,Normal/Others,NA - Construction of rooms and halls in school and colleges,DISTRICT COLLECTOR KOTA_IDA,2024-01-12,Action Pending,1000000,Unsanctioned
MPLADS-008443,Sumedhanand Saraswati,Lok Sabha,Rajasthan,SIKAR,,,Sikar Gramin,Bhairoopura,Normal/Others,"NA - Construction of roads, link roads, pathways or any other road with or without drainage system",DISTRICT COLLECTOR SIKAR_IDA,2024-01-11,Action Pending,450000,Unsanctioned
MPLADS-008444,Sumedhanand Saraswati,Lok Sabha,Rajasthan,SIKAR,,,Lachhmangarh,Singodara,Normal/Others,NA - Lighting of public spaces,DISTRICT COLLECTOR SIKAR_IDA,2024-01-11,Action Pending,380000,Unsanctioned
MPLADS-008445,Sumedhanand Saraswati,Lok Sabha,Rajasthan,SIKAR,,,Khendela,Kerpura,Normal/Others,"NA - Construction of roads, link roads, pathways or any other road with or without drainage system",DISTRICT COLLECTOR SIKAR_IDA,2024-01-11,Action Pending,600000,Unsanctioned
MPLADS-008447,Sumedhanand Saraswati,Lok Sabha,Rajasthan,SIKAR,,,Khendela,Kerpura,Normal/Others,"NA - Construction of roads, link roads, pathways or any other road with or without drainage system",DISTRICT COLLECTOR SIKAR_IDA,2024-01-11,Action Pending,250000,Unsanctioned
MPLADS-008479,Shri PP Chaudhary ,Lok Sabha,Rajasthan,PALI,,,Sumerpur,Bamnera,Normal/Others,NA - Purchase of furniture and fixtures for educational purposes,DISTRICT COLLECTOR PALI_IDA,2024-01-10,Action Pending,500000,Unsanctioned
MPLADS-008480,Shri PP Chaudhary ,Lok Sabha,Rajasthan,PALI,,,Bali,Doodni,Normal/Others,NA - Purchase of furniture and fixtures for educational purposes,DISTRICT COLLECTOR PALI_IDA,2024-01-10,Action Pending,700000,Unsanctioned
MPLADS-008481,Shri PP Chaudhary ,Lok Sabha,Rajasthan,PALI,,,Sojat,Peeplad,Normal/Others,NA - Purchase of furniture and fixtures for educational purposes,DISTRICT COLLECTOR PALI_IDA,2024-01-10,Action Pending,500000,Unsanctioned
MPLADS-008482,Sumedhanand Saraswati,Lok Sabha,Rajasthan,SIKAR,,,Danta Ramgarh,Bhagatpura,Normal/Others,NA - Installing tube-wells and borewells,DISTRICT COLLECTOR SIKAR_IDA,2024-01-10,Action Pending,1100000,Unsanctioned
MPLADS-008484,Sumedhanand Saraswati,Lok Sabha,Rajasthan,SIKAR,,,Reengus,Lakhni,Normal/Others,NA - Construction of common work sheds/ common covered sitting area,DISTRICT COLLECTOR SIKAR_IDA,2024-01-10,Action Pending,800000,Unsanctioned
MPLADS-008508,Sukhbir Singh Jaunapuria,Lok Sabha,Rajasthan,TONK-SAWAI MADHOPUR,,,Khandar,Talawara,Normal/Others,NA - Construction of community centers and community halls,DISTRICT COLLECTOR SAWAI MADHOPUR_IDA,2024-01-10,Action Pending,500000,Unsanctioned
MPLADS-008526,Sukhbir Singh Jaunapuria,Lok Sabha,Rajasthan,TONK-SAWAI MADHOPUR,,,Khandar,Sanwata,Normal/Others,NA - Construction of community centers and community halls,DISTRICT COLLECTOR SAWAI MADHOPUR_IDA,2024-01-10,Action Pending,250000,Unsanctioned
MPLADS-008564,Sukhbir Singh Jaunapuria,Lok Sabha,Rajasthan,TONK-SAWAI MADHOPUR,,,Malarna Doongar,Shyamoli,Normal/Others,NA - Construction of community centers and community halls,DISTRICT COLLECTOR SAWAI MADHOPUR_IDA,2024-01-10,Action Pending,500000,Unsanctioned
MPLADS-008577,Sukhbir Singh Jaunapuria,Lok Sabha,Rajasthan,TONK-SAWAI MADHOPUR,,,Malarna Doongar,Shyamoli,Normal/Others,"NA - Construction of roads, link roads, pathways or any other road with or without drainage system",DISTRICT COLLECTOR SAWAI MADHOPUR_IDA,2024-01-10,Action Pending,250000,Unsanctioned
MPLADS-008578,Sukhbir Singh Jaunapuria,Lok Sabha,Rajasthan,TONK-SAWAI MADHOPUR,,,Malarna Doongar,Shyamoli,Normal/Others,"NA - Construction of roads, link roads, pathways or any other road with or without drainage system",DISTRICT COLLECTOR SAWAI MADHOPUR_IDA,2024-01-10,Action Pending,250000,Unsanctioned
MPLADS-008641,Sumedhanand Saraswati,Lok Sabha,Rajasthan,SIKAR,,,Sikar,Kudli,Normal/Others,"NA - Construction of roads, link roads, pathways or any other road with or without drainage system",DISTRICT COLLECTOR SIKAR_IDA,2024-01-09,Action Pending,500000,Unsanctioned
MPLADS-008660,Smt Jaskaur Meena ,Lok Sabha,Rajasthan,DAUSA(ST),,,Lawan,Dugrawata,Normal/Others,NA - Construction of community centers and community halls,DISTRICT COLLECTOR DAUSA_IDA,2024-01-09,Action Pending,500000,Unsanctioned
MPLADS-008661,Smt Jaskaur Meena ,Lok Sabha,Rajasthan,DAUSA(ST),,,Nangal Rajawatan,Khatiyara,Normal/Others,NA - Construction of boundary walls of existing public and community buildings,DISTRICT COLLECTOR DAUSA_IDA,2024-01-09,Action Pending,500000,Unsanctioned
MPLADS-008662,Smt Jaskaur Meena ,Lok Sabha,Rajasthan,DAUSA(ST),,,Dausa,Surajpura,Normal/Others,NA - Construction of rooms and halls in school and colleges,DISTRICT COLLECTOR DAUSA_IDA,2024-01-09,Action Pending,500000,Unsanctioned
MPLADS-008671,Smt Jaskaur Meena ,Lok Sabha,Rajasthan,DAUSA(ST),,,Lalsot,Indawa,Normal/Others,NA - Construction of rooms and halls in school and colleges,DISTRICT COLLECTOR DAUSA_IDA,2024-01-09,Action Pending,500000,Unsanctioned
MPLADS-008693,Shri PP Chaudhary ,Lok Sabha,Rajasthan,PALI,,,Bali,Punariya,Normal/Others,NA - Purchase of furniture and fixtures for educational purposes,DISTRICT COLLECTOR PALI_IDA,2024-01-09,Action Pending,300000,Unsanctioned
MPLADS-008694,Shri PP Chaudhary ,Lok Sabha,Rajasthan,PALI,,,Marwar Junction,Dadiya,Normal/Others,NA - Purchase of furniture and fixtures for educational purposes,DISTRICT COLLECTOR PALI_IDA,2024-01-09,Action Pending,500000,Unsanctioned
MPLADS-008880,Sumedhanand Saraswati,Lok Sabha,Rajasthan,SIKAR,Sikar,Ward No 37,,,Normal/Others,NA - Construction of toilet blocks,DISTRICT COLLECTOR SIKAR_IDA,2024-01-08,Action Pending,250000,Unsanctioned
MPLADS-008881,Sumedhanand Saraswati,Lok Sabha,Rajasthan,SIKAR,,,Danta Ramgarh,Roopgarh,Normal/Others,NA - Purchase Books for Library,DISTRICT COLLECTOR SIKAR_IDA,2024-01-08,Action Pending,200000,Unsanctioned
MPLADS-008882,Sumedhanand Saraswati,Lok Sabha,Rajasthan,SIKAR,,,Sikar,Dasa Ki Dhani,Normal/Others,NA - Construction of rooms and halls in school and colleges,DISTRICT COLLECTOR SIKAR_IDA,2024-01-08,Action Pending,2100000,Unsanctioned
MPLADS-008883,Sumedhanand Saraswati,Lok Sabha,Rajasthan,SIKAR,,,Lachhmangarh,Manasi,Normal/Others,NA - Construction of community centers and community halls,DISTRICT COLLECTOR SIKAR_IDA,2024-01-08,Action Pending,675000,Unsanctioned
MPLADS-008884,Sumedhanand Saraswati,Lok Sabha,Rajasthan,SIKAR,,,Lachhmangarh,Jajod,Normal/Others,NA - Installing tube-wells and borewells,DISTRICT COLLECTOR SIKAR_IDA,2024-01-08,Action Pending,500000,Unsanctioned
MPLADS-008885,Sumedhanand Saraswati,Lok Sabha,Rajasthan,SIKAR,,,Danta Ramgarh,Sangalya,Normal/Others,NA - Lighting of public spaces,DISTRICT COLLECTOR SIKAR_IDA,2024-01-08,Action Pending,380000,Unsanctioned
MPLADS-008886,Sumedhanand Saraswati,Lok Sabha,Rajasthan,SIKAR,,,Danta Ramgarh,Khora,Normal/Others,"NA - Construction of roads, link roads, pathways or any other road with or without drainage system",DISTRICT COLLECTOR SIKAR_IDA,2024-01-08,Action Pending,500000,Unsanctioned
MPLADS-008887,Sumedhanand Saraswati,Lok Sabha,Rajasthan,SIKAR,,,Sikar,Dadiya,Normal/Others,NA - Development of playfields and sports grounds,DISTRICT COLLECTOR SIKAR_IDA,2024-01-08,Action Pending,950000,Unsanctioned
MPLADS-009134,Sumedhanand Saraswati,Lok Sabha,Rajasthan,SIKAR,,,Nechwa,Kachhwa,Normal/Others,NA - Construction of water tanks,DISTRICT COLLECTOR SIKAR_IDA,2024-01-07,Action Pending,250000,Unsanctioned
MPLADS-009135,Sumedhanand Saraswati,Lok Sabha,Rajasthan,SIKAR,,,Sikar,Gokulpura,Normal/Others,"NA - Construction of roads, link roads, pathways or any other road with or without drainage system",DISTRICT COLLECTOR SIKAR_IDA,2024-01-07,Action Pending,1000000,Unsanctioned
MPLADS-009136,Sumedhanand Saraswati,Lok Sabha,Rajasthan,SIKAR,,,Sikar,Gokulpura,Normal/Others,"NA - Construction of roads, link roads, pathways or any other road with or without drainage system",DISTRICT COLLECTOR SIKAR_IDA,2024-01-07,Action Pending,500000,Unsanctioned
MPLADS-009411,Shri Pramod Tiwari,Rajya Sabha,Rajasthan,Sitting Rajya Sabha,,,Gadraroad,Tanumanji,Normal/Others,NA - Construction of public libraries and reading rooms,DISTRICT COLLECTOR BARMER_IDA,2024-01-06,Action Pending,1000000,Unsanctioned
MPLADS-009700,Om Birla,Lok Sabha,Rajasthan,KOTA,,,Ramganj Mandi,Chechat (Ct),Normal/Others,NA - Crematoriums or structures on burial/ cremation ground for public convenience,DISTRICT COLLECTOR KOTA_IDA,2024-01-05,Action Pending,200000,Unsanctioned
MPLADS-009701,Om Birla,Lok Sabha,Rajasthan,KOTA,,,Ramganj Mandi,Chechat (Ct),Normal/Others,NA - Crematoriums or structures on burial/ cremation ground for public convenience,DISTRICT COLLECTOR KOTA_IDA,2024-01-05,Action Pending,200000,Unsanctioned
MPLADS-009702,Om Birla,Lok Sabha,Rajasthan,KOTA,,,Ramganj Mandi,Motipura Kalan,Normal/Others,NA - Construction of community centers and community halls,DISTRICT COLLECTOR KOTA_IDA,2024-01-05,Action Pending,500000,Unsanctioned
MPLADS-009703,Om Birla,Lok Sabha,Rajasthan,KOTA,,,Pipalda,Rajopa,Normal/Others,NA - Crematoriums or structures on burial/ cremation ground for public convenience,DISTRICT COLLECTOR KOTA_IDA,2024-01-05,Action Pending,500000,Unsanctioned
MPLADS-009704,Om Birla,Lok Sabha,Rajasthan,KOTA,Kota-North,1,,,Normal/Others,NA - Construction of rooms and halls in school and colleges,DISTRICT COLLECTOR KOTA_IDA,2024-01-05,Action Pending,1000000,Unsanctioned
MPLADS-009705,Sumedhanand Saraswati,Lok Sabha,Rajasthan,SIKAR,,,Nechwa,Ghana,Normal/Others,"NA - Construction of roads, link roads, pathways or any other road with or without drainage system",DISTRICT COLLECTOR SIKAR_IDA,2024-01-05,Action Pending,1000000,Unsanctioned
MPLADS-009706,Smt Ranjeeta Koli,Lok Sabha,Rajasthan,BHARATPUR(SC),,,Nadbai,Dayawali,Normal/Others,"NA - Construction of roads, link roads, pathways or any other road with or without drainage system",DISTRICT COLLECTOR BHARATPUR_IDA,2024-01-05,Action Pending,500000,Unsanctioned
MPLADS-009707,Smt Ranjeeta Koli,Lok Sabha,Rajasthan,BHARATPUR(SC),,,Nadbai,Paraswara,Normal/Others,"NA - Construction of roads, link roads, pathways or any other road with or without drainage system",DISTRICT COLLECTOR BHARATPUR_IDA,2024-01-05,Action Pending,300000,Unsanctioned
MPLADS-009882,Shri Ghanshyam Tiwari,Rajya Sabha,Rajasthan,Sitting Rajya Sabha,Greater Jaipur,90,,,Normal/Others,"NA - Construction of roads, approach roads, link roads and pathways",DISTRICT COLLECTOR JAIPUR_IDA,2024-01-04,Action Pending,1200000,Unsanctioned
MPLADS-009916,Shri Ghanshyam Tiwari,Rajya Sabha,Rajasthan,Sitting Rajya Sabha,Sikar,27,,,Trust and Society,NA - Construction of toilet blocks,DISTRICT COLLECTOR SIKAR_IDA,2024-01-04,Action Pending,1500000,Unsanctioned
MPLADS-010178,Sumedhanand Saraswati,Lok Sabha,Rajasthan,SIKAR,,,Lachhmangarh,Alakhpura Bogan,Normal/Others,"NA - Construction of roads, approach roads, link roads and pathways",DISTRICT COLLECTOR SIKAR_IDA,2024-01-04,Action Pending,990000,Unsanctioned
MPLADS-010196,Sumedhanand Saraswati,Lok Sabha,Rajasthan,SIKAR,,,Reengus,Baori,Normal/Others,"NA - Construction of roads, approach roads, link roads and pathways",DISTRICT COLLECTOR SIKAR_IDA,2024-01-04,Action Pending,1100000,Unsanctioned
MPLADS-010235,Sumedhanand Saraswati,Lok Sabha,Rajasthan,SIKAR,,,Danta Ramgarh,Palsana,Normal/Others,"NA - Construction of roads, approach roads, link roads and pathways",DISTRICT COLLECTOR SIKAR_IDA,2024-01-04,Action Pending,990000,Unsanctioned
MPLADS-010237,Smt Jaskaur Meena ,Lok Sabha,Rajasthan,DAUSA(ST),Bassi,Gram Filsan Biharipura,,,Normal/Others,NA - Construction of boundary walls of existing public and community buildings,DISTRICT COLLECTOR JAIPUR_IDA,2024-01-04,Action Pending,1000000,Unsanctioned
MPLADS-010240,Sumedhanand Saraswati,Lok Sabha,Rajasthan,SIKAR,,,Sikar,Bhadwasi,Normal/Others,"NA - Construction of roads, approach roads, link roads and pathways",DISTRICT COLLECTOR SIKAR_IDA,2024-01-04,Action Pending,950000,Unsanctioned
MPLADS-010255,Smt Jaskaur Meena ,Lok Sabha,Rajasthan,DAUSA(ST),Chaksu,Block madhorajpura,,,Normal/Others,NA - Construction of rooms and halls in school and colleges,DISTRICT COLLECTOR JAIPUR_IDA,2024-01-04,Action Pending,700000,Unsanctioned
MPLADS-010256,Smt Jaskaur Meena ,Lok Sabha,Rajasthan,DAUSA(ST),,,Dausa,Lotwara,Normal/Others,NA - Construction of community centers and community halls,DISTRICT COLLECTOR DAUSA_IDA,2024-01-04,Action Pending,1000000,Unsanctioned
MPLADS-010258,Smt Jaskaur Meena ,Lok Sabha,Rajasthan,DAUSA(ST),Dausa,Gram Kableshwar,,,Normal/Others,NA - Construction of boundary walls of existing public and community buildings,DISTRICT COLLECTOR DAUSA_IDA,2024-01-04,Action Pending,600000,Unsanctioned
MPLADS-010259,Sumedhanand Saraswati,Lok Sabha,Rajasthan,SIKAR,,,Sikar Gramin,Mandawara,Normal/Others,"NA - Construction of roads, link roads, pathways or any other road with or without drainage system",DISTRICT COLLECTOR SIKAR_IDA,2024-01-04,Action Pending,1500000,Unsanctioned
MPLADS-010400,Smt Jaskaur Meena ,Lok Sabha,Rajasthan,DAUSA(ST),Bassi,Mansukh ki dhani Gram Panchyat lalgarh,,,Normal/Others,NA - Installing community drinking water plants,DISTRICT COLLECTOR JAIPUR_IDA,2024-01-03,Action Pending,420000,Unsanctioned
MPLADS-010424,SHRI Neeraj Dangi,Rajya Sabha,Rajasthan,Sitting Rajya Sabha,Bali,Bali,,,Normal/Others,NA - Purchase Books for Library,DISTRICT COLLECTOR PALI_IDA,2024-01-03,Action Pending,4000000,Unsanctioned
MPLADS-010597,Shri Subhash Chandra Baheria ,Lok Sabha,Rajasthan,BHILWARA,,,Hindoli,Gopalpura,Normal/Others,NA - Construction of community centers and community halls,DISTRICT COLLECTOR BUNDI_IDA,2024-01-02,Action Pending,500000,Unsanctioned
MPLADS-010598,Shri Subhash Chandra Baheria ,Lok Sabha,Rajasthan,BHILWARA,,,Hindoli,Hindoli,Normal/Others,NA - Construction of buildings for community cultural activities,DISTRICT COLLECTOR BUNDI_IDA,2024-01-02,Action Pending,600000,Unsanctioned
MPLADS-010599,Smt Ranjeeta Koli,Lok Sabha,Rajasthan,BHARATPUR(SC),Weir,jahanpur,,,Normal/Others,NA - Construction of rooms and halls in school and colleges,DISTRICT COLLECTOR BHARATPUR_IDA,2024-01-02,Action Pending,500000,Unsanctioned
MPLADS-010600,Smt Ranjeeta Koli,Lok Sabha,Rajasthan,BHARATPUR(SC),,,Bhusawar,Chaintoli,Normal/Others,"NA - Construction of roads, link roads, pathways or any other road with or without drainage system",DISTRICT COLLECTOR BHARATPUR_IDA,2024-01-02,Action Pending,1000000,Unsanctioned
MPLADS-010601,Smt Ranjeeta Koli,Lok Sabha,Rajasthan,BHARATPUR(SC),Bhusawar,bhusawar,,,Normal/Others,NA - Installing tube-wells and borewells,DISTRICT COLLECTOR BHARATPUR_IDA,2024-01-02,Action Pending,500000,Unsanctioned
MPLADS-010602,Smt Ranjeeta Koli,Lok Sabha,Rajasthan,BHARATPUR(SC),Bhusawar,bhusawar,,,Normal/Others,NA - Installing tube-wells and borewells,DISTRICT COLLECTOR BHARATPUR_IDA,2024-01-02,Action Pending,600000,Unsanctioned
MPLADS-010615,Shri Subhash Chandra Baheria ,Lok Sabha,Rajasthan,BHILWARA,,,Nainwa,Dei,Normal/Others,NA - Purchase of ambulance to transport sick and injured animals,DISTRICT COLLECTOR BUNDI_IDA,2024-01-02,Action Pending,665148,Unsanctioned
MPLADS-010616,Shri Subhash Chandra Baheria ,Lok Sabha,Rajasthan,BHILWARA,,,Asind,Sareri,Normal/Others,NA - Construction of public toilets and bathrooms,DISTRICT COLLECTOR BHILWARA_IDA,2024-01-02,Action Pending,600000,Unsanctioned
MPLADS-010617,Shri Subhash Chandra Baheria ,Lok Sabha,Rajasthan,BHILWARA,,,Kareda,Baliya Khera,Normal/Others,NA - Crematoriums or structures on burial/ cremation ground for public convenience,DISTRICT COLLECTOR BHILWARA_IDA,2024-01-02,Action Pending,400000,Unsanctioned
MPLADS-010618,Shri Subhash Chandra Baheria ,Lok Sabha,Rajasthan,BHILWARA,,,Mandalgarh,Jhanjhola,Normal/Others,NA - Construction of buildings for community cultural activities,DISTRICT COLLECTOR BHILWARA_IDA,2024-01-02,Action Pending,400000,Unsanctioned
MPLADS-010635,Shri Subhash Chandra Baheria ,Lok Sabha,Rajasthan,BHILWARA,,,Hurda,Bhojras,Normal/Others,NA - Construction of buildings for community cultural activities,DISTRICT COLLECTOR BHILWARA_IDA,2024-01-02,Action Pending,500000,Unsanctioned
MPLADS-010784,Shri Pramod Tiwari,Rajya Sabha,Rajasthan,Sitting Rajya Sabha,Nagar,GRAM PANCHAYAT- JALALPUR,,,Normal/Others,"NA - Construction of roads, approach roads, link roads and pathways",DISTRICT COLLECTOR BHARATPUR_IDA,2024-01-01,Action Pending,1500000,Unsanctioned
MPLADS-010820,Shri PP Chaudhary ,Lok Sabha,Rajasthan,PALI,,,Sojat,Guda Kalan,Normal/Others,NA - Construction of cycle tracks and segregated non-motorized vehicle (NMV) lanes,DISTRICT COLLECTOR PALI_IDA,2024-01-01,Action Pending,300000,Unsanctioned
MPLADS-010821,Shri Subhash Chandra Baheria ,Lok Sabha,Rajasthan,BHILWARA,Bhilwara,29,,,Normal/Others,NA - Construction of rooms and halls in school and colleges,DISTRICT COLLECTOR BHILWARA_IDA,2024-01-01,Action Pending,750000,Unsanctioned
MPLADS-010822,Shri Subhash Chandra Baheria ,Lok Sabha,Rajasthan,BHILWARA,,,Asind,Rampuriya,Normal/Others,NA - Crematoriums or structures on burial/ cremation ground for public convenience,DISTRICT COLLECTOR BHILWARA_IDA,2024-01-01,Action Pending,300000,Unsanctioned
MPLADS-010823,Shri Subhash Chandra Baheria ,Lok Sabha,Rajasthan,BHILWARA,,,Asind,Jodhras,Normal/Others,NA - Construction of buildings for community cultural activities,DISTRICT COLLECTOR BHILWARA_IDA,2024-01-01,Action Pending,300000,Unsanctioned
MPLADS-010824,Shri Subhash Chandra Baheria ,Lok Sabha,Rajasthan,BHILWARA,,,Mandal,Almas,Normal/Others,NA - Construction of common work sheds/ common covered sitting area,DISTRICT COLLECTOR BHILWARA_IDA,2024-01-01,Action Pending,400000,Unsanctioned
MPLADS-010829,Shri Pramod Tiwari,Rajya Sabha,Rajasthan,Sitting Rajya Sabha,,,Gadraroad,Ratreri Kalan,Normal/Others,WS/MP147/2023-2024/72918 - Construction of boundary walls of existing public and community buildings,DISTRICT COLLECTOR BARMER_IDA,2024-01-01,Approved by IDA,1000000,Sanctioned
MPLADS-011296,Shri Pramod Tiwari,Rajya Sabha,Rajasthan,Sitting Rajya Sabha,Jodhpur-North,Ward 58,,,Normal/Others,NA - Construction of additional rooms and halls in the existing public and community building,DISTRICT COLLECTOR JODHPUR_IDA,2023-12-30,Action Pending,2000000,Unsanctioned
MPLADS-011297,Smt Ranjeeta Koli,Lok Sabha,Rajasthan,BHARATPUR(SC),,,Kathumar,Doroli,Normal/Others,"NA - Construction of roads, approach roads, link roads and pathways",DISTRICT COLLECTOR ALWAR_IDA,2023-12-30,Action Pending,250000,Unsanctioned
MPLADS-011298,Shri Subhash Chandra Baheria ,Lok Sabha,Rajasthan,BHILWARA,,,Raipur,Panotiya,Normal/Others,NA - Construction of community centers and community halls,DISTRICT COLLECTOR BHILWARA_IDA,2023-12-30,Action Pending,300000,Unsanctioned
MPLADS-011299,Shri Subhash Chandra Baheria ,Lok Sabha,Rajasthan,BHILWARA,,,Raipur,Jogras,Normal/Others,NA - Construction of community centers and community halls,DISTRICT COLLECTOR BHILWARA_IDA,2023-12-30,Action Pending,300000,Unsanctioned
MPLADS-011300,Smt Ranjeeta Koli,Lok Sabha,Rajasthan,BHARATPUR(SC),,,Bayana,Nagla Khushaliram,Normal/Others,NA - Installing tube-wells and borewells,DISTRICT COLLECTOR BHARATPUR_IDA,2023-12-30,Action Pending,300000,Unsanctioned
MPLADS-011301,Shri Subhash Chandra Baheria ,Lok Sabha,Rajasthan,BHILWARA,,,Hurda,Jalampura,Normal/Others,NA - Crematoriums or structures on burial/ cremation ground for public convenience,DISTRICT COLLECTOR BHILWARA_IDA,2023-12-30,Action Pending,500000,Unsanctioned
MPLADS-011302,Shri Subhash Chandra Baheria ,Lok Sabha,Rajasthan,BHILWARA,,,Sahara,Arjunpura,Normal/Others,NA - Construction of buildings for community cultural activities,DISTRICT COLLECTOR BHILWARA_IDA,2023-12-30,Action Pending,300000,Unsanctioned
MPLADS-011303,Sumedhanand Saraswati,Lok Sabha,Rajasthan,SIKAR,,,Lachhmangarh,Bhuma Bara,Normal/Others,"NA - Construction of roads, link roads, pathways or any other road with or without drainage system",DISTRICT COLLECTOR SIKAR_IDA,2023-12-30,Action Pending,1100000,Unsanctioned
MPLADS-011313,Shri Subhash Chandra Baheria ,Lok Sabha,Rajasthan,BHILWARA,Bhilwara,30,,,Normal/Others,NA - Construction of buildings for community cultural activities,DISTRICT COLLECTOR BHILWARA_IDA,2023-12-30,Action Pending,300000,Unsanctioned
MPLADS-011360,Smt Ranjeeta Koli,Lok Sabha,Rajasthan,BHARATPUR(SC),,,Kathumar,Doroli,Normal/Others,"NA - Construction of roads, approach roads, link roads and pathways",DISTRICT COLLECTOR ALWAR_IDA,2023-12-30,Action Pending,500000,Unsanctioned
MPLADS-011392,Shri Subhash Chandra Baheria ,Lok Sabha,Rajasthan,BHILWARA,,,Raipur,Khakhar Mala,Normal/Others,NA - Construction of community centers and community halls,DISTRICT COLLECTOR BHILWARA_IDA,2023-12-30,Action Pending,300000,Unsanctioned
MPLADS-011600,Shri Subhash Chandra Baheria ,Lok Sabha,Rajasthan,BHILWARA,,,Mandalgarh,Khachrol,Normal/Others,NA - Construction of buildings for community cultural activities,DISTRICT COLLECTOR BHILWARA_IDA,2023-12-29,Action Pending,250000,Unsanctioned
MPLADS-011622,Smt Ranjeeta Koli,Lok Sabha,Rajasthan,BHARATPUR(SC),,,Bayana,Kapoora Malooka,Normal/Others,NA - Installation of multi-gym equipment,DISTRICT COLLECTOR BHARATPUR_IDA,2023-12-28,Action Pending,756888,Unsanctioned
MPLADS-011624,Smt Ranjeeta Koli,Lok Sabha,Rajasthan,BHARATPUR(SC),,,Bayana,Jaspura Moroli,Normal/Others,NA - Installation of multi-gym equipment,DISTRICT COLLECTOR BHARATPUR_IDA,2023-12-28,Action Pending,756888,Unsanctioned
MPLADS-011625,Smt Ranjeeta Koli,Lok Sabha,Rajasthan,BHARATPUR(SC),,,Bayana,Gazipur,Normal/Others,NA - Installation of multi-gym equipment,DISTRICT COLLECTOR BHARATPUR_IDA,2023-12-28,Rejected by IDA,756888,Unsanctioned
MPLADS-011626,Smt Ranjeeta Koli,Lok Sabha,Rajasthan,BHARATPUR(SC),,,Bayana,Jaisora,Normal/Others,NA - Installation of multi-gym equipment,DISTRICT COLLECTOR BHARATPUR_IDA,2023-12-28,Action Pending,756888,Unsanctioned
MPLADS-011837,Shri Pramod Tiwari,Rajya Sabha,Rajasthan,Sitting Rajya Sabha,,,Kolayat,Mandal Charnan,Normal/Others,NA - Construction of additional rooms and halls in the existing public and community building,DISTRICT COLLECTOR BIKANER_IDA,2023-12-28,Action Pending,1000000,Unsanctioned
MPLADS-011845,Shri Pramod Tiwari,Rajya Sabha,Rajasthan,Sitting Rajya Sabha,,,Dhanaau,Meethe Ka Tala,Normal/Others,NA - Construction of additional rooms and halls in the existing public and community building,DISTRICT COLLECTOR BARMER_IDA,2023-12-28,Action Pending,1000000,Unsanctioned
MPLADS-011865,Smt Jaskaur Meena ,Lok Sabha,Rajasthan,DAUSA(ST),,,Ramgarh Pachwara,Ramgarh Pachwara,Normal/Others,NA - Crematoriums or structures on burial/ cremation ground for public convenience,DISTRICT COLLECTOR DAUSA_IDA,2023-12-28,Action Pending,1000000,Unsanctioned
MPLADS-011866,Smt Ranjeeta Koli,Lok Sabha,Rajasthan,BHARATPUR(SC),Bhusawar,bhusawar,,,Normal/Others,NA - Installation of multi-gym equipment,DISTRICT COLLECTOR BHARATPUR_IDA,2023-12-28,Action Pending,756888,Unsanctioned
MPLADS-011867,Smt Ranjeeta Koli,Lok Sabha,Rajasthan,BHARATPUR(SC),,,Uchhain,Jaichauli,Normal/Others,NA - Installation of multi-gym equipment,DISTRICT COLLECTOR BHARATPUR_IDA,2023-12-28,Action Pending,756888,Unsanctioned
MPLADS-011868,Smt Ranjeeta Koli,Lok Sabha,Rajasthan,BHARATPUR(SC),,,Rupbas,Barigha,Normal/Others,NA - Installation of multi-gym equipment,DISTRICT COLLECTOR BHARATPUR_IDA,2023-12-28,Action Pending,756888,Unsanctioned
MPLADS-011869,Smt Ranjeeta Koli,Lok Sabha,Rajasthan,BHARATPUR(SC),,,Uchhain,Uchchain,Normal/Others,NA - Installation of multi-gym equipment,DISTRICT COLLECTOR BHARATPUR_IDA,2023-12-28,Action Pending,756888,Unsanctioned
MPLADS-011870,Smt Jaskaur Meena ,Lok Sabha,Rajasthan,DAUSA(ST),,,Bejupada,Lotwara,Normal/Others,NA - Installing community drinking water plants,DISTRICT COLLECTOR DAUSA_IDA,2023-12-28,Action Pending,420000,Unsanctioned
MPLADS-011871,Smt Jaskaur Meena ,Lok Sabha,Rajasthan,DAUSA(ST),,,Bandikui,Bandikui Jageer(Rural),Normal/Others,NA - Installing community drinking water plants,DISTRICT COLLECTOR DAUSA_IDA,2023-12-28,Action Pending,420000,Unsanctioned
MPLADS-011872,Smt Jaskaur Meena ,Lok Sabha,Rajasthan,DAUSA(ST),,,Nangal Rajawatan,Khawa Raoji,Normal/Others,NA - Crematoriums or structures on burial/ cremation ground for public convenience,DISTRICT COLLECTOR DAUSA_IDA,2023-12-28,Action Pending,500000,Unsanctioned
MPLADS-011873,Smt Ranjeeta Koli,Lok Sabha,Rajasthan,BHARATPUR(SC),,,Bhusawar,Barauli,Normal/Others,NA - Installation of multi-gym equipment,DISTRICT COLLECTOR BHARATPUR_IDA,2023-12-28,Action Pending,756888,Unsanctioned
MPLADS-011880,Smt Ranjeeta Koli,Lok Sabha,Rajasthan,BHARATPUR(SC),,,Bhusawar,Chhokarwara Kalan,Normal/Others,NA - Installation of multi-gym equipment,DISTRICT COLLECTOR BHARATPUR_IDA,2023-12-28,Action Pending,756888,Unsanctioned
MPLADS-011881,Smt Ranjeeta Koli,Lok Sabha,Rajasthan,BHARATPUR(SC),,,Nadbai,Akhaigarh,Normal/Others,NA - Installation of multi-gym equipment,DISTRICT COLLECTOR BHARATPUR_IDA,2023-12-28,Action Pending,756888,Unsanctioned
MPLADS-011891,Smt Ranjeeta Koli,Lok Sabha,Rajasthan,BHARATPUR(SC),,,Nadbai,Barauli Chhar,Normal/Others,NA - Installation of multi-gym equipment,DISTRICT COLLECTOR BHARATPUR_IDA,2023-12-28,Action Pending,756888,Unsanctioned
MPLADS-011896,Smt Ranjeeta Koli,Lok Sabha,Rajasthan,BHARATPUR(SC),,,Bayana,Tarsooma,Normal/Others,NA - Installation of multi-gym equipment,DISTRICT COLLECTOR BHARATPUR_IDA,2023-12-28,Action Pending,756888,Unsanctioned
MPLADS-011899,Smt Ranjeeta Koli,Lok Sabha,Rajasthan,BHARATPUR(SC),,,Nadbai,Enchera,Normal/Others,NA - Installation of multi-gym equipment,DISTRICT COLLECTOR BHARATPUR_IDA,2023-12-28,Action Pending,756888,Unsanctioned
MPLADS-012168,SH Bhupender Yadav,Rajya Sabha,Rajasthan,Sitting Rajya Sabha,Behror,-,,,Trust and Society,NA - Construction of public libraries and reading rooms,DISTRICT COLLECTOR ALWAR_IDA,2023-12-27,Action Pending,3000000,Unsanctioned
MPLADS-012169,SHRI Rajendra Gehlot,Rajya Sabha,Rajasthan,Sitting Rajya Sabha,,,Jodhpur,Banar,Normal/Others,WS/MP151/2023-2024/70299 - Construction of Rainwater Harvesting Parks –demo projects – subject to only one per municipality,DISTRICT COLLECTOR JODHPUR_IDA,2023-12-27,Approved by IDA,3500000,Ongoing
MPLADS-012170,SHRI Rajendra Gehlot,Rajya Sabha,Rajasthan,Sitting Rajya Sabha,,,Jodhpur,Banar,Normal/Others,WS/MP151/2023-2024/70300 - Development of public parks,DISTRICT COLLECTOR JODHPUR_IDA,2023-12-27,Approved by IDA,1500000,Sanctioned
MPLADS-012171,SHRI Rajendra Gehlot,Rajya Sabha,Rajasthan,Sitting Rajya Sabha,,,Jodhpur,Banar,Normal/Others,NA - Construction of Rainwater Harvesting Parks –demo projects – subject to only one per municipality,DISTRICT COLLECTOR JODHPUR_IDA,2023-12-27,Action Pending,1,Unsanctioned
MPLADS-012628,Sumedhanand Saraswati,Lok Sabha,Rajasthan,SIKAR,,,Sikar Gramin,Raseedpura,Normal/Others,"NA - Construction of roads, approach roads, link roads and pathways",DISTRICT COLLECTOR SIKAR_IDA,2023-12-25,Action Pending,500000,Unsanctioned
MPLADS-012735,Sukhbir Singh Jaunapuria,Lok Sabha,Rajasthan,TONK-SAWAI MADHOPUR,,,Niwai,Shri Rajdhanpura,Normal/Others,"NA - Construction of roads, approach roads, link roads and pathways",DISTRICT COLLECTOR TONK_IDA,2023-12-24,Action Pending,100000,Unsanctioned
MPLADS-012742,Sukhbir Singh Jaunapuria,Lok Sabha,Rajasthan,TONK-SAWAI MADHOPUR,,,Deoli,Alexanderpura,Normal/Others,NA - Construction of community centers and community halls,DISTRICT COLLECTOR TONK_IDA,2023-12-24,Action Pending,500000,Unsanctioned
MPLADS-012746,Sukhbir Singh Jaunapuria,Lok Sabha,Rajasthan,TONK-SAWAI MADHOPUR,,,Niwai,Barh Gor Khurd,Normal/Others,"NA - Construction of roads, approach roads, link roads and pathways",DISTRICT COLLECTOR TONK_IDA,2023-12-24,Action Pending,200000,Unsanctioned
MPLADS-012751,Sumedhanand Saraswati,Lok Sabha,Rajasthan,SIKAR,,,Sikar,Shivsinghpura (Og),Normal/Others,"NA - Construction of roads, link roads, pathways or any other road with or without drainage system",DISTRICT COLLECTOR SIKAR_IDA,2023-12-24,Action Pending,400000,Unsanctioned
MPLADS-012753,Sukhbir Singh Jaunapuria,Lok Sabha,Rajasthan,TONK-SAWAI MADHOPUR,,,Niwai,Barhgor Kalan,Normal/Others,"NA - Construction of roads, approach roads, link roads and pathways",DISTRICT COLLECTOR TONK_IDA,2023-12-24,Action Pending,50000,Unsanctioned
MPLADS-012754,Sukhbir Singh Jaunapuria,Lok Sabha,Rajasthan,TONK-SAWAI MADHOPUR,,,Niwai,Mothooka,Normal/Others,"NA - Construction of roads, approach roads, link roads and pathways",DISTRICT COLLECTOR TONK_IDA,2023-12-24,Action Pending,200000,Unsanctioned
MPLADS-012761,Sukhbir Singh Jaunapuria,Lok Sabha,Rajasthan,TONK-SAWAI MADHOPUR,,,Uniara,Khelniya,Normal/Others,NA - Construction of rooms and halls in school and colleges,DISTRICT COLLECTOR TONK_IDA,2023-12-24,Action Pending,1000000,Unsanctioned
MPLADS-012768,Sukhbir Singh Jaunapuria,Lok Sabha,Rajasthan,TONK-SAWAI MADHOPUR,,,Tonk,Maliyon Ki Jhonpariyan,Normal/Others,"NA - Construction of roads, approach roads, link roads and pathways",DISTRICT COLLECTOR TONK_IDA,2023-12-24,Action Pending,200000,Unsanctioned
MPLADS-012770,Sukhbir Singh Jaunapuria,Lok Sabha,Rajasthan,TONK-SAWAI MADHOPUR,,,Tonk,Mandawar,Normal/Others,"NA - Construction of roads, approach roads, link roads and pathways",DISTRICT COLLECTOR TONK_IDA,2023-12-24,Action Pending,200000,Unsanctioned
MPLADS-012772,Sukhbir Singh Jaunapuria,Lok Sabha,Rajasthan,TONK-SAWAI MADHOPUR,,,Niwai,Churada,Normal/Others,NA - Construction of community centers and community halls,DISTRICT COLLECTOR TONK_IDA,2023-12-24,Action Pending,500000,Unsanctioned
MPLADS-012824,Sumedhanand Saraswati,Lok Sabha,Rajasthan,SIKAR,,,Danta Ramgarh,Pachar,Normal/Others,NA - Purchase of other aids / devices required for P/ M/ V/ H impaired for differently abled persons,DISTRICT COLLECTOR SIKAR_IDA,2023-12-23,Action Pending,500000,Unsanctioned
MPLADS-012825,Sumedhanand Saraswati,Lok Sabha,Rajasthan,SIKAR,Sikar,Ward No 27,,,Normal/Others,NA - Purchase of furniture and fixtures for educational purposes,DISTRICT COLLECTOR SIKAR_IDA,2023-12-23,Action Pending,1000000,Unsanctioned
MPLADS-012826,Sumedhanand Saraswati,Lok Sabha,Rajasthan,SIKAR,,,Dhod,Nagwa,Normal/Others,NA - Construction of public staircase to access road over bridge,DISTRICT COLLECTOR SIKAR_IDA,2023-12-23,Action Pending,600000,Unsanctioned
MPLADS-012827,Sumedhanand Saraswati,Lok Sabha,Rajasthan,SIKAR,,,Dhod,Nagwa,Normal/Others,"NA - Construction of roads, approach roads, link roads and pathways",DISTRICT COLLECTOR SIKAR_IDA,2023-12-23,Action Pending,600000,Unsanctioned
MPLADS-012828,Sumedhanand Saraswati,Lok Sabha,Rajasthan,SIKAR,,,Dhod,Nagwa,Normal/Others,"NA - Construction of roads, approach roads, link roads and pathways",DISTRICT COLLECTOR SIKAR_IDA,2023-12-23,Action Pending,600000,Unsanctioned
MPLADS-012836,Sumedhanand Saraswati,Lok Sabha,Rajasthan,SIKAR,,,Dhod,Bosana,Normal/Others,"NA - Construction of roads, link roads, pathways or any other road with or without drainage system",DISTRICT COLLECTOR SIKAR_IDA,2023-12-23,Action Pending,600000,Unsanctioned
MPLADS-012848,Sumedhanand Saraswati,Lok Sabha,Rajasthan,SIKAR,,,Danta Ramgarh,Motlawas,Normal/Others,NA - Construction of additional rooms and halls in the existing public and community building,DISTRICT COLLECTOR SIKAR_IDA,2023-12-23,Action Pending,1500000,Unsanctioned
MPLADS-012849,Sumedhanand Saraswati,Lok Sabha,Rajasthan,SIKAR,Sikar,Ward No 27,,,Normal/Others,NA - Development of playground,DISTRICT COLLECTOR SIKAR_IDA,2023-12-23,Action Pending,1000000,Unsanctioned
MPLADS-013493,Smt Ranjeeta Koli,Lok Sabha,Rajasthan,BHARATPUR(SC),,,Uchhain,Nagla Tehriyan Mafi,Normal/Others,NA - Purchase of mobile water tankers,DISTRICT COLLECTOR BHARATPUR_IDA,2023-12-22,Action Pending,267960,Unsanctioned
MPLADS-013500,Smt Ranjeeta Koli,Lok Sabha,Rajasthan,BHARATPUR(SC),,,Nadbai,Dahra,Normal/Others,NA - Purchase of mobile water tankers,DISTRICT COLLECTOR BHARATPUR_IDA,2023-12-22,Action Pending,267960,Unsanctioned
MPLADS-013501,Sukhbir Singh Jaunapuria,Lok Sabha,Rajasthan,TONK-SAWAI MADHOPUR,,,Chauth Ka Barwara,Abhaipura,Normal/Others,"NA - Construction of roads, approach roads, link roads and pathways",DISTRICT COLLECTOR SAWAI MADHOPUR_IDA,2023-12-22,Action Pending,250000,Unsanctioned
MPLADS-013502,Sukhbir Singh Jaunapuria,Lok Sabha,Rajasthan,TONK-SAWAI MADHOPUR,,,Chauth Ka Barwara,Abhaipura,Normal/Others,"NA - Construction of roads, approach roads, link roads and pathways",DISTRICT COLLECTOR SAWAI MADHOPUR_IDA,2023-12-22,Action Pending,250000,Unsanctioned
MPLADS-013503,Sukhbir Singh Jaunapuria,Lok Sabha,Rajasthan,TONK-SAWAI MADHOPUR,,,Mitrapura,Rungti,Normal/Others,"NA - Construction of roads, approach roads, link roads and pathways",DISTRICT COLLECTOR SAWAI MADHOPUR_IDA,2023-12-22,Action Pending,250000,Unsanctioned
MPLADS-013504,Sukhbir Singh Jaunapuria,Lok Sabha,Rajasthan,TONK-SAWAI MADHOPUR,,,Mitrapura,Mitrapura,Normal/Others,"NA - Construction of roads, approach roads, link roads and pathways",DISTRICT COLLECTOR SAWAI MADHOPUR_IDA,2023-12-22,Action Pending,250000,Unsanctioned
MPLADS-013529,Sukhbir Singh Jaunapuria,Lok Sabha,Rajasthan,TONK-SAWAI MADHOPUR,,,Malarna Doongar,Karel,Normal/Others,"NA - Construction of roads, approach roads, link roads and pathways",DISTRICT COLLECTOR SAWAI MADHOPUR_IDA,2023-12-22,Action Pending,250000,Unsanctioned
MPLADS-013530,Sukhbir Singh Jaunapuria,Lok Sabha,Rajasthan,TONK-SAWAI MADHOPUR,,,Malarna Doongar,Karel,Normal/Others,"NA - Construction of roads, approach roads, link roads and pathways",DISTRICT COLLECTOR SAWAI MADHOPUR_IDA,2023-12-22,Action Pending,250000,Unsanctioned
MPLADS-013531,Sukhbir Singh Jaunapuria,Lok Sabha,Rajasthan,TONK-SAWAI MADHOPUR,,,Malarna Doongar,Didwara,Normal/Others,"NA - Construction of roads, approach roads, link roads and pathways",DISTRICT COLLECTOR SAWAI MADHOPUR_IDA,2023-12-22,Action Pending,500000,Unsanctioned
MPLADS-013552,Sukhbir Singh Jaunapuria,Lok Sabha,Rajasthan,TONK-SAWAI MADHOPUR,,,Malarna Doongar,Bariyara,Normal/Others,"NA - Construction of roads, approach roads, link roads and pathways",DISTRICT COLLECTOR SAWAI MADHOPUR_IDA,2023-12-22,Action Pending,250000,Unsanctioned
MPLADS-013553,Sukhbir Singh Jaunapuria,Lok Sabha,Rajasthan,TONK-SAWAI MADHOPUR,,,Malarna Doongar,Bariyara,Normal/Others,"NA - Construction of roads, approach roads, link roads and pathways",DISTRICT COLLECTOR SAWAI MADHOPUR_IDA,2023-12-22,Action Pending,250000,Unsanctioned
MPLADS-013555,Sukhbir Singh Jaunapuria,Lok Sabha,Rajasthan,TONK-SAWAI MADHOPUR,,,Chauth Ka Barwara,Isarda,Normal/Others,NA - Construction of boundary walls of existing public and community buildings,DISTRICT COLLECTOR SAWAI MADHOPUR_IDA,2023-12-22,Action Pending,250000,Unsanctioned
MPLADS-013556,Sukhbir Singh Jaunapuria,Lok Sabha,Rajasthan,TONK-SAWAI MADHOPUR,,,Chauth Ka Barwara,Isarda,Normal/Others,NA - Construction of boundary walls of existing public and community buildings,DISTRICT COLLECTOR SAWAI MADHOPUR_IDA,2023-12-22,Action Pending,250000,Unsanctioned
MPLADS-013557,Sukhbir Singh Jaunapuria,Lok Sabha,Rajasthan,TONK-SAWAI MADHOPUR,,,Chauth Ka Barwara,Sarsop,Normal/Others,NA - Construction of boundary walls of existing public and community buildings,DISTRICT COLLECTOR SAWAI MADHOPUR_IDA,2023-12-22,Action Pending,500000,Unsanctioned
MPLADS-013576,Sukhbir Singh Jaunapuria,Lok Sabha,Rajasthan,TONK-SAWAI MADHOPUR,,,Bonli,Bagdoli,Normal/Others,NA - Construction of common work sheds/ common covered sitting area,DISTRICT COLLECTOR SAWAI MADHOPUR_IDA,2023-12-22,Action Pending,500000,Unsanctioned
MPLADS-013578,Sukhbir Singh Jaunapuria,Lok Sabha,Rajasthan,TONK-SAWAI MADHOPUR,,,Malarna Doongar,Malarna Doongar,Normal/Others,NA - Construction of common work sheds/ common covered sitting area,DISTRICT COLLECTOR SAWAI MADHOPUR_IDA,2023-12-22,Action Pending,1500000,Unsanctioned
MPLADS-013579,Sukhbir Singh Jaunapuria,Lok Sabha,Rajasthan,TONK-SAWAI MADHOPUR,,,Chauth Ka Barwara,Nahri Khurd With Jharkund,Normal/Others,"NA - Construction of roads, approach roads, link roads and pathways",DISTRICT COLLECTOR SAWAI MADHOPUR_IDA,2023-12-22,Action Pending,500000,Unsanctioned
MPLADS-013580,Sukhbir Singh Jaunapuria,Lok Sabha,Rajasthan,TONK-SAWAI MADHOPUR,,,Malarna Doongar,Deoli,Normal/Others,NA - Construction of rooms and halls in school and colleges,DISTRICT COLLECTOR SAWAI MADHOPUR_IDA,2023-12-22,Action Pending,500000,Unsanctioned
MPLADS-013581,Sukhbir Singh Jaunapuria,Lok Sabha,Rajasthan,TONK-SAWAI MADHOPUR,,,Bonli,Hathdoli,Normal/Others,NA - Construction of bus-sheds or bus-stops,DISTRICT COLLECTOR SAWAI MADHOPUR_IDA,2023-12-22,Action Pending,500000,Unsanctioned
MPLADS-013582,Sukhbir Singh Jaunapuria,Lok Sabha,Rajasthan,TONK-SAWAI MADHOPUR,,,Bonli,Thadi,Normal/Others,NA - Construction of common work sheds/ common covered sitting area,DISTRICT COLLECTOR SAWAI MADHOPUR_IDA,2023-12-22,Action Pending,500000,Unsanctioned
MPLADS-013583,Sukhbir Singh Jaunapuria,Lok Sabha,Rajasthan,TONK-SAWAI MADHOPUR,,,Bonli,Harsota,Normal/Others,NA - Construction of community centers and community halls,DISTRICT COLLECTOR SAWAI MADHOPUR_IDA,2023-12-22,Action Pending,500000,Unsanctioned
MPLADS-013584,Sukhbir Singh Jaunapuria,Lok Sabha,Rajasthan,TONK-SAWAI MADHOPUR,,,Mitrapura,Bapui,Normal/Others,NA - Construction of community centers and community halls,DISTRICT COLLECTOR SAWAI MADHOPUR_IDA,2023-12-22,Action Pending,500000,Unsanctioned
MPLADS-013585,Sukhbir Singh Jaunapuria,Lok Sabha,Rajasthan,TONK-SAWAI MADHOPUR,,,Mitrapura,Majhewla,Normal/Others,"NA - Construction of roads, link roads, pathways or any other road with or without drainage system",DISTRICT COLLECTOR SAWAI MADHOPUR_IDA,2023-12-22,Action Pending,500000,Unsanctioned
MPLADS-013586,Sukhbir Singh Jaunapuria,Lok Sabha,Rajasthan,TONK-SAWAI MADHOPUR,,,Mitrapura,Datuli,Normal/Others,NA - Construction of community centers and community halls,DISTRICT COLLECTOR SAWAI MADHOPUR_IDA,2023-12-22,Action Pending,500000,Unsanctioned
MPLADS-013587,Sukhbir Singh Jaunapuria,Lok Sabha,Rajasthan,TONK-SAWAI MADHOPUR,,,Bonli,Devpura,Normal/Others,NA - Construction of community centers and community halls,DISTRICT COLLECTOR SAWAI MADHOPUR_IDA,2023-12-22,Action Pending,500000,Unsanctioned
MPLADS-013588,Sukhbir Singh Jaunapuria,Lok Sabha,Rajasthan,TONK-SAWAI MADHOPUR,,,Khandar,Khidarpur Jatan,Normal/Others,NA - Crematoriums or structures on burial/ cremation ground for public convenience,DISTRICT COLLECTOR SAWAI MADHOPUR_IDA,2023-12-22,Action Pending,250000,Unsanctioned
MPLADS-013589,Sukhbir Singh Jaunapuria,Lok Sabha,Rajasthan,TONK-SAWAI MADHOPUR,,,Khandar,Seengor Kalan,Normal/Others,NA - Construction of rooms and halls in school and colleges,DISTRICT COLLECTOR SAWAI MADHOPUR_IDA,2023-12-22,Action Pending,500000,Unsanctioned
MPLADS-013590,Sukhbir Singh Jaunapuria,Lok Sabha,Rajasthan,TONK-SAWAI MADHOPUR,,,Khandar,Khidarpur Jadon,Normal/Others,NA - Construction of community centers and community halls,DISTRICT COLLECTOR SAWAI MADHOPUR_IDA,2023-12-22,Rejected by IDA,500000,Unsanctioned
MPLADS-013625,Sukhbir Singh Jaunapuria,Lok Sabha,Rajasthan,TONK-SAWAI MADHOPUR,,,Mitrapura,Gotod,Normal/Others,"NA - Construction of roads, approach roads, link roads and pathways",DISTRICT COLLECTOR SAWAI MADHOPUR_IDA,2023-12-22,Action Pending,500000,Unsanctioned
MPLADS-013626,Sukhbir Singh Jaunapuria,Lok Sabha,Rajasthan,TONK-SAWAI MADHOPUR,,,Bonli,Shahpura,Normal/Others,NA - Construction of boundary walls of existing public and community buildings,DISTRICT COLLECTOR SAWAI MADHOPUR_IDA,2023-12-22,Action Pending,250000,Unsanctioned
MPLADS-013640,Smt Ranjeeta Koli,Lok Sabha,Rajasthan,BHARATPUR(SC),,,Bayana,Gazipur,Normal/Others,NA - Purchase of mobile water tankers,DISTRICT COLLECTOR BHARATPUR_IDA,2023-12-22,Action Pending,267960,Unsanctioned
MPLADS-013663,Smt Ranjeeta Koli,Lok Sabha,Rajasthan,BHARATPUR(SC),,,Rupbas,Marauli,Normal/Others,NA - Purchase of mobile water tankers,DISTRICT COLLECTOR BHARATPUR_IDA,2023-12-22,Action Pending,267960,Unsanctioned
MPLADS-013664,Smt Ranjeeta Koli,Lok Sabha,Rajasthan,BHARATPUR(SC),,,Rupbas,Dahina Gaon,Normal/Others,NA - Purchase of mobile water tankers,DISTRICT COLLECTOR BHARATPUR_IDA,2023-12-22,Action Pending,267960,Unsanctioned
MPLADS-013665,Smt Ranjeeta Koli,Lok Sabha,Rajasthan,BHARATPUR(SC),,,Rupbas,Burana,Normal/Others,NA - Purchase of mobile water tankers,DISTRICT COLLECTOR BHARATPUR_IDA,2023-12-22,Action Pending,267960,Unsanctioned
MPLADS-013666,Smt Ranjeeta Koli,Lok Sabha,Rajasthan,BHARATPUR(SC),,,Rupbas,Mahalpur Kachhi,Normal/Others,NA - Purchase of mobile water tankers,DISTRICT COLLECTOR BHARATPUR_IDA,2023-12-22,Action Pending,267960,Unsanctioned
MPLADS-013667,Smt Ranjeeta Koli,Lok Sabha,Rajasthan,BHARATPUR(SC),,,Nadbai,Kheri Devisingh,Normal/Others,NA - Purchase of mobile water tankers,DISTRICT COLLECTOR BHARATPUR_IDA,2023-12-22,Action Pending,267960,Unsanctioned
MPLADS-013668,Smt Ranjeeta Koli,Lok Sabha,Rajasthan,BHARATPUR(SC),,,Bayana,Shergarh,Normal/Others,NA - Purchase of mobile water tankers,DISTRICT COLLECTOR BHARATPUR_IDA,2023-12-22,Action Pending,267960,Unsanctioned
MPLADS-013669,Smt Ranjeeta Koli,Lok Sabha,Rajasthan,BHARATPUR(SC),,,Bhusawar,Itamada,Normal/Others,NA - Purchase of mobile water tankers,DISTRICT COLLECTOR BHARATPUR_IDA,2023-12-22,Action Pending,267960,Unsanctioned
MPLADS-013670,Smt Ranjeeta Koli,Lok Sabha,Rajasthan,BHARATPUR(SC),,,Bayana,Khohra,Normal/Others,NA - Purchase of mobile water tankers,DISTRICT COLLECTOR BHARATPUR_IDA,2023-12-22,Action Pending,267960,Unsanctioned
MPLADS-013671,Smt Ranjeeta Koli,Lok Sabha,Rajasthan,BHARATPUR(SC),,,Rupbas,Barigha,Normal/Others,NA - Purchase of mobile water tankers,DISTRICT COLLECTOR BHARATPUR_IDA,2023-12-22,Action Pending,267960,Unsanctioned
MPLADS-013672,Smt Ranjeeta Koli,Lok Sabha,Rajasthan,BHARATPUR(SC),,,Uchhain,Fatehpur,Normal/Others,NA - Purchase of mobile water tankers,DISTRICT COLLECTOR BHARATPUR_IDA,2023-12-22,Action Pending,267960,Unsanctioned
MPLADS-013673,Smt Ranjeeta Koli,Lok Sabha,Rajasthan,BHARATPUR(SC),,,Uchhain,Barah Mafi,Normal/Others,NA - Purchase of mobile water tankers,DISTRICT COLLECTOR BHARATPUR_IDA,2023-12-22,Action Pending,267960,Unsanctioned
MPLADS-013674,Smt Ranjeeta Koli,Lok Sabha,Rajasthan,BHARATPUR(SC),,,Uchhain,Bahra Rekhpura,Normal/Others,NA - Purchase of mobile water tankers,DISTRICT COLLECTOR BHARATPUR_IDA,2023-12-22,Action Pending,267960,Unsanctioned
MPLADS-013675,Smt Ranjeeta Koli,Lok Sabha,Rajasthan,BHARATPUR(SC),,,Bayana,Kherli Gadasiya,Normal/Others,NA - Purchase of mobile water tankers,DISTRICT COLLECTOR BHARATPUR_IDA,2023-12-22,Action Pending,267960,Unsanctioned
MPLADS-013676,Smt Ranjeeta Koli,Lok Sabha,Rajasthan,BHARATPUR(SC),,,Bayana,Samogar,Normal/Others,NA - Purchase of mobile water tankers,DISTRICT COLLECTOR BHARATPUR_IDA,2023-12-22,Action Pending,267960,Unsanctioned
MPLADS-013677,Smt Ranjeeta Koli,Lok Sabha,Rajasthan,BHARATPUR(SC),,,Bayana,Kapoora Malooka,Normal/Others,NA - Purchase of mobile water tankers,DISTRICT COLLECTOR BHARATPUR_IDA,2023-12-22,Action Pending,267960,Unsanctioned
MPLADS-013678,Smt Ranjeeta Koli,Lok Sabha,Rajasthan,BHARATPUR(SC),,,Bayana,Singhara,Normal/Others,NA - Purchase of mobile water tankers,DISTRICT COLLECTOR BHARATPUR_IDA,2023-12-22,Action Pending,267960,Unsanctioned
MPLADS-013679,Smt Ranjeeta Koli,Lok Sabha,Rajasthan,BHARATPUR(SC),,,Bayana,Karwari,Normal/Others,NA - Purchase of mobile water tankers,DISTRICT COLLECTOR BHARATPUR_IDA,2023-12-22,Action Pending,267960,Unsanctioned
MPLADS-013680,Smt Ranjeeta Koli,Lok Sabha,Rajasthan,BHARATPUR(SC),,,Bayana,Palidang,Normal/Others,NA - Purchase of mobile water tankers,DISTRICT COLLECTOR BHARATPUR_IDA,2023-12-22,Action Pending,267960,Unsanctioned
MPLADS-013681,Smt Ranjeeta Koli,Lok Sabha,Rajasthan,BHARATPUR(SC),,,Bayana,Shahpur,Normal/Others,NA - Purchase of mobile water tankers,DISTRICT COLLECTOR BHARATPUR_IDA,2023-12-22,Action Pending,267960,Unsanctioned
MPLADS-013682,Smt Ranjeeta Koli,Lok Sabha,Rajasthan,BHARATPUR(SC),,,Bayana,Purabai Khera,Normal/Others,NA - Purchase of mobile water tankers,DISTRICT COLLECTOR BHARATPUR_IDA,2023-12-22,Action Pending,267960,Unsanctioned
MPLADS-013683,Smt Ranjeeta Koli,Lok Sabha,Rajasthan,BHARATPUR(SC),,,Bayana,Harnagar,Normal/Others,NA - Purchase of mobile water tankers,DISTRICT COLLECTOR BHARATPUR_IDA,2023-12-22,Action Pending,267960,Unsanctioned
MPLADS-013684,Smt Ranjeeta Koli,Lok Sabha,Rajasthan,BHARATPUR(SC),,,Bayana,Dhadren,Normal/Others,NA - Purchase of mobile water tankers,DISTRICT COLLECTOR BHARATPUR_IDA,2023-12-22,Action Pending,267960,Unsanctioned
MPLADS-013709,Smt Ranjeeta Koli,Lok Sabha,Rajasthan,BHARATPUR(SC),,,Bayana,Tarsooma,Normal/Others,NA - Purchase of mobile water tankers,DISTRICT COLLECTOR BHARATPUR_IDA,2023-12-22,Action Pending,267960,Unsanctioned
MPLADS-013710,Smt Ranjeeta Koli,Lok Sabha,Rajasthan,BHARATPUR(SC),,,Bayana,Seedpur,Normal/Others,NA - Purchase of mobile water tankers,DISTRICT COLLECTOR BHARATPUR_IDA,2023-12-22,Action Pending,267960,Unsanctioned
MPLADS-013711,Smt Ranjeeta Koli,Lok Sabha,Rajasthan,BHARATPUR(SC),,,Bayana,Milakpur,Normal/Others,NA - Purchase of mobile water tankers,DISTRICT COLLECTOR BHARATPUR_IDA,2023-12-22,Action Pending,267960,Unsanctioned
MPLADS-013712,Smt Ranjeeta Koli,Lok Sabha,Rajasthan,BHARATPUR(SC),,,Bayana,Brahmawad,Normal/Others,NA - Purchase of mobile water tankers,DISTRICT COLLECTOR BHARATPUR_IDA,2023-12-22,Action Pending,267960,Unsanctioned
MPLADS-013713,Sukhbir Singh Jaunapuria,Lok Sabha,Rajasthan,TONK-SAWAI MADHOPUR,,,Deoli,Ambapura,Normal/Others,"NA - Construction of roads, link roads, pathways or any other road with or without drainage system",DISTRICT COLLECTOR TONK_IDA,2023-12-22,Action Pending,500000,Unsanctioned
MPLADS-013714,Sukhbir Singh Jaunapuria,Lok Sabha,Rajasthan,TONK-SAWAI MADHOPUR,,,Nagarfort,Baloonda,Normal/Others,"NA - Construction of roads, approach roads, link roads and pathways",DISTRICT COLLECTOR TONK_IDA,2023-12-22,Action Pending,500000,Unsanctioned
MPLADS-013715,Sukhbir Singh Jaunapuria,Lok Sabha,Rajasthan,TONK-SAWAI MADHOPUR,,,Duni,Khawaspura,Normal/Others,"NA - Construction of roads, approach roads, link roads and pathways",DISTRICT COLLECTOR TONK_IDA,2023-12-22,Action Pending,500000,Unsanctioned
MPLADS-013716,Sukhbir Singh Jaunapuria,Lok Sabha,Rajasthan,TONK-SAWAI MADHOPUR,,,KHANDAR,Bichpuri Goojran,Normal/Others,"NA - Construction of roads, approach roads, link roads and pathways",DISTRICT COLLECTOR SAWAI MADHOPUR_IDA,2023-12-22,Action Pending,500000,Unsanctioned
MPLADS-013717,Sukhbir Singh Jaunapuria,Lok Sabha,Rajasthan,TONK-SAWAI MADHOPUR,,,BAMANWAS,Liwali,Normal/Others,"NA - Construction of roads, approach roads, link roads and pathways",DISTRICT COLLECTOR SAWAI MADHOPUR_IDA,2023-12-22,Action Pending,250000,Unsanctioned
MPLADS-013718,Sukhbir Singh Jaunapuria,Lok Sabha,Rajasthan,TONK-SAWAI MADHOPUR,,,BAMANWAS,Liwali,Normal/Others,NA - Construction of common work sheds/ common covered sitting area,DISTRICT COLLECTOR SAWAI MADHOPUR_IDA,2023-12-22,Action Pending,250000,Unsanctioned
MPLADS-013719,Smt Ranjeeta Koli,Lok Sabha,Rajasthan,BHARATPUR(SC),,,Bharatpur,Ekta,Normal/Others,NA - Purchase of mobile water tankers,DISTRICT COLLECTOR BHARATPUR_IDA,2023-12-22,Action Pending,267960,Unsanctioned
MPLADS-013842,Sukhbir Singh Jaunapuria,Lok Sabha,Rajasthan,TONK-SAWAI MADHOPUR,,,MALPURA,Doongri Kalan,Normal/Others,"NA - Construction of roads, approach roads, link roads and pathways",DISTRICT COLLECTOR TONK_IDA,2023-12-21,Action Pending,200000,Unsanctioned
MPLADS-013843,Bhagirath Chaudhary,Lok Sabha,Rajasthan,AJMER,Kishangarh,31,,,Normal/Others,NA - Setting up of kitchen and pantries,DISTRICT COLLECTOR AJMER_IDA,2023-12-21,Action Pending,600000,Unsanctioned
MPLADS-013957,Shri Subhash Chandra Baheria ,Lok Sabha,Rajasthan,BHILWARA,,,ASIND,Darawat,Normal/Others,WS/MP385/2023-2024/67516 - Construction of buildings for community cultural activities,DISTRICT COLLECTOR BHILWARA_IDA,2023-12-21,Approved by IDA,300000,Sanctioned
MPLADS-013958,Sukhbir Singh Jaunapuria,Lok Sabha,Rajasthan,TONK-SAWAI MADHOPUR,,,PEEPLU,Jhirana,Normal/Others,NA - Street lights,DISTRICT COLLECTOR TONK_IDA,2023-12-21,Action Pending,1000000,Unsanctioned
MPLADS-013978,Sukhbir Singh Jaunapuria,Lok Sabha,Rajasthan,TONK-SAWAI MADHOPUR,,,TONK,Lamba,Normal/Others,NA - Crematoriums or structures on burial/ cremation ground for public convenience,DISTRICT COLLECTOR TONK_IDA,2023-12-21,Action Pending,500000,Unsanctioned
MPLADS-013979,Sukhbir Singh Jaunapuria,Lok Sabha,Rajasthan,TONK-SAWAI MADHOPUR,,,DEOLI,Santhali,Normal/Others,"NA - Construction of roads, approach roads, link roads and pathways",DISTRICT COLLECTOR TONK_IDA,2023-12-21,Action Pending,500000,Unsanctioned
MPLADS-013980,Sukhbir Singh Jaunapuria,Lok Sabha,Rajasthan,TONK-SAWAI MADHOPUR,,,DEOLI,Barla,Normal/Others,NA - Crematoriums or structures on burial/ cremation ground for public convenience,DISTRICT COLLECTOR TONK_IDA,2023-12-21,Action Pending,500000,Unsanctioned
MPLADS-013981,Sukhbir Singh Jaunapuria,Lok Sabha,Rajasthan,TONK-SAWAI MADHOPUR,,,DEOLI,Madhosinghpura @ Daulta,Normal/Others,"NA - Construction of roads, approach roads, link roads and pathways",DISTRICT COLLECTOR TONK_IDA,2023-12-21,Action Pending,500000,Unsanctioned
MPLADS-013982,Sukhbir Singh Jaunapuria,Lok Sabha,Rajasthan,TONK-SAWAI MADHOPUR,,,UNIARA,Rampura,Normal/Others,"NA - Construction of roads, approach roads, link roads and pathways",DISTRICT COLLECTOR TONK_IDA,2023-12-21,Action Pending,500000,Unsanctioned
MPLADS-013983,Sukhbir Singh Jaunapuria,Lok Sabha,Rajasthan,TONK-SAWAI MADHOPUR,,,UNIARA,Kunder,Normal/Others,"NA - Construction of roads, approach roads, link roads and pathways",DISTRICT COLLECTOR TONK_IDA,2023-12-21,Action Pending,500000,Unsanctioned
MPLADS-013986,Sukhbir Singh Jaunapuria,Lok Sabha,Rajasthan,TONK-SAWAI MADHOPUR,,,TONK,Shuklpura,Normal/Others,"NA - Construction of roads, approach roads, link roads and pathways",DISTRICT COLLECTOR TONK_IDA,2023-12-21,Action Pending,500000,Unsanctioned
MPLADS-013988,Shri Subhash Chandra Baheria ,Lok Sabha,Rajasthan,BHILWARA,,,RAIPUR,Gadri Khera,Normal/Others,NA - Construction of buildings for community cultural activities,DISTRICT COLLECTOR BHILWARA_IDA,2023-12-21,Action Pending,300000,Unsanctioned
MPLADS-013989,Shri Subhash Chandra Baheria ,Lok Sabha,Rajasthan,BHILWARA,,,KOTRI,Shopura (Sawaipura),Normal/Others,NA - Construction of buildings for community cultural activities,DISTRICT COLLECTOR BHILWARA_IDA,2023-12-21,Action Pending,400000,Unsanctioned
MPLADS-013990,Shri Subhash Chandra Baheria ,Lok Sabha,Rajasthan,BHILWARA,,,KOTRI,Redwas,Normal/Others,NA - Construction of buildings for community cultural activities,DISTRICT COLLECTOR BHILWARA_IDA,2023-12-21,Action Pending,300000,Unsanctioned
MPLADS-013991,Shri Subhash Chandra Baheria ,Lok Sabha,Rajasthan,BHILWARA,,,MANDALGARH,Kachhola,Normal/Others,NA - Construction of community centers and community halls,DISTRICT COLLECTOR BHILWARA_IDA,2023-12-21,Action Pending,300000,Unsanctioned
MPLADS-013992,Shri Subhash Chandra Baheria ,Lok Sabha,Rajasthan,BHILWARA,,,MANDALGARH,Biharipura,Normal/Others,NA - Construction of buildings for community cultural activities,DISTRICT COLLECTOR BHILWARA_IDA,2023-12-21,Action Pending,400000,Unsanctioned
MPLADS-013993,Shri Subhash Chandra Baheria ,Lok Sabha,Rajasthan,BHILWARA,,,SHAHPURA,Phooliya Kalan,Normal/Others,"WS/MP385/2023-2024/67411 - Purchase of IT systems, including hardware and software for educational purposes",DISTRICT COLLECTOR BHILWARA_IDA,2023-12-21,Approved by IDA,140000,Sanctioned
MPLADS-013994,Shri Subhash Chandra Baheria ,Lok Sabha,Rajasthan,BHILWARA,,,SAHARA,Sargaon,Normal/Others,NA - Construction of buildings for community cultural activities,DISTRICT COLLECTOR BHILWARA_IDA,2023-12-21,Action Pending,300000,Unsanctioned
MPLADS-014001,Shri Subhash Chandra Baheria ,Lok Sabha,Rajasthan,BHILWARA,,,RAIPUR,Boriyapura,Normal/Others,NA - Construction of community centers and community halls,DISTRICT COLLECTOR BHILWARA_IDA,2023-12-21,Action Pending,500000,Unsanctioned
MPLADS-014002,Shri Subhash Chandra Baheria ,Lok Sabha,Rajasthan,BHILWARA,,,HURDA,Madera,Normal/Others,NA - Construction of community centers and community halls,DISTRICT COLLECTOR BHILWARA_IDA,2023-12-21,Action Pending,500000,Unsanctioned
MPLADS-014003,Shri Subhash Chandra Baheria ,Lok Sabha,Rajasthan,BHILWARA,,,BANERA,Lambia Khurd,Normal/Others,NA - Construction of rooms and halls in school and colleges,DISTRICT COLLECTOR BHILWARA_IDA,2023-12-21,Action Pending,300000,Unsanctioned
MPLADS-014004,Shri Subhash Chandra Baheria ,Lok Sabha,Rajasthan,BHILWARA,,,BANERA,Banera,Normal/Others,NA - Development of playground,DISTRICT COLLECTOR BHILWARA_IDA,2023-12-21,Action Pending,200000,Unsanctioned
MPLADS-014005,Shri Subhash Chandra Baheria ,Lok Sabha,Rajasthan,BHILWARA,,,RAIPUR,Tejya Kheri,Normal/Others,NA - Construction of boundary walls of existing public and community buildings,DISTRICT COLLECTOR BHILWARA_IDA,2023-12-21,Action Pending,300000,Unsanctioned
MPLADS-014006,Shri Subhash Chandra Baheria ,Lok Sabha,Rajasthan,BHILWARA,,,SUWANA,Jagdari,Normal/Others,NA - Construction of community centers and community halls,DISTRICT COLLECTOR BHILWARA_IDA,2023-12-21,Action Pending,300000,Unsanctioned
MPLADS-014007,Shri Subhash Chandra Baheria ,Lok Sabha,Rajasthan,BHILWARA,,,SAHARA,Thekla,Normal/Others,NA - Construction of buildings for community cultural activities,DISTRICT COLLECTOR BHILWARA_IDA,2023-12-21,Action Pending,500000,Unsanctioned
MPLADS-014008,Shri Subhash Chandra Baheria ,Lok Sabha,Rajasthan,BHILWARA,,,SUWANA,Richada,Normal/Others,NA - Crematoriums or structures on burial/ cremation ground for public convenience,DISTRICT COLLECTOR BHILWARA_IDA,2023-12-21,Action Pending,300000,Unsanctioned
MPLADS-014009,Sukhbir Singh Jaunapuria,Lok Sabha,Rajasthan,TONK-SAWAI MADHOPUR,,,UNIARA,Choru,Normal/Others,NA - Construction of boundary walls of existing public and community buildings,DISTRICT COLLECTOR TONK_IDA,2023-12-21,Action Pending,500000,Unsanctioned
MPLADS-014010,Sukhbir Singh Jaunapuria,Lok Sabha,Rajasthan,TONK-SAWAI MADHOPUR,,,MALPURA,Kalmanda,Normal/Others,NA - Construction of community centers and community halls,DISTRICT COLLECTOR TONK_IDA,2023-12-21,Action Pending,500000,Unsanctioned
MPLADS-014011,Sukhbir Singh Jaunapuria,Lok Sabha,Rajasthan,TONK-SAWAI MADHOPUR,,,UNIARA,Dobariya,Normal/Others,NA - Development of public parks,DISTRICT COLLECTOR TONK_IDA,2023-12-21,Action Pending,500000,Unsanctioned
MPLADS-014012,Sukhbir Singh Jaunapuria,Lok Sabha,Rajasthan,TONK-SAWAI MADHOPUR,,,UNIARA,Jhoondwa,Normal/Others,"NA - Construction of roads, approach roads, link roads and pathways",DISTRICT COLLECTOR TONK_IDA,2023-12-21,Action Pending,500000,Unsanctioned
MPLADS-014013,Sukhbir Singh Jaunapuria,Lok Sabha,Rajasthan,TONK-SAWAI MADHOPUR,,,NEWAI,Ganeshpura @ Hathathali,Normal/Others,NA - Crematoriums or structures on burial/ cremation ground for public convenience,DISTRICT COLLECTOR TONK_IDA,2023-12-21,Action Pending,500000,Unsanctioned
MPLADS-014015,Sukhbir Singh Jaunapuria,Lok Sabha,Rajasthan,TONK-SAWAI MADHOPUR,,,NEWAI,Hanotiya Bujurg,Normal/Others,"NA - Construction of roads, approach roads, link roads and pathways",DISTRICT COLLECTOR TONK_IDA,2023-12-21,Action Pending,500000,Unsanctioned
MPLADS-014045,Sukhbir Singh Jaunapuria,Lok Sabha,Rajasthan,TONK-SAWAI MADHOPUR,,,NEWAI,Gunsi,Normal/Others,NA - Construction of rooms and halls in school and colleges,DISTRICT COLLECTOR TONK_IDA,2023-12-21,Action Pending,500000,Unsanctioned
MPLADS-014046,Sukhbir Singh Jaunapuria,Lok Sabha,Rajasthan,TONK-SAWAI MADHOPUR,,,MALPURA,Dheebru,Normal/Others,NA - Construction of rooms and halls in school and colleges,DISTRICT COLLECTOR TONK_IDA,2023-12-21,Action Pending,500000,Unsanctioned
MPLADS-014047,Sukhbir Singh Jaunapuria,Lok Sabha,Rajasthan,TONK-SAWAI MADHOPUR,,,TODARAISINGH,Uniyara Khurd,Normal/Others,"NA - Construction of roads, approach roads, link roads and pathways",DISTRICT COLLECTOR TONK_IDA,2023-12-21,Action Pending,300000,Unsanctioned
MPLADS-014048,Sukhbir Singh Jaunapuria,Lok Sabha,Rajasthan,TONK-SAWAI MADHOPUR,,,UNIARA,Barudhan,Normal/Others,"NA - Construction of roads, approach roads, link roads and pathways",DISTRICT COLLECTOR TONK_IDA,2023-12-21,Action Pending,250000,Unsanctioned
MPLADS-014049,Sukhbir Singh Jaunapuria,Lok Sabha,Rajasthan,TONK-SAWAI MADHOPUR,,,UNIARA,Deori,Normal/Others,"NA - Construction of roads, approach roads, link roads and pathways",DISTRICT COLLECTOR TONK_IDA,2023-12-21,Action Pending,250000,Unsanctioned
MPLADS-014050,Sukhbir Singh Jaunapuria,Lok Sabha,Rajasthan,TONK-SAWAI MADHOPUR,,,UNIARA,Sahadat Nagar,Normal/Others,NA - Construction of common work sheds/ common covered sitting area,DISTRICT COLLECTOR TONK_IDA,2023-12-21,Action Pending,300000,Unsanctioned
MPLADS-014051,Sukhbir Singh Jaunapuria,Lok Sabha,Rajasthan,TONK-SAWAI MADHOPUR,,,UNIARA,Bosariya,Normal/Others,"NA - Construction of roads, approach roads, link roads and pathways",DISTRICT COLLECTOR TONK_IDA,2023-12-21,Action Pending,500000,Unsanctioned
MPLADS-014052,Sukhbir Singh Jaunapuria,Lok Sabha,Rajasthan,TONK-SAWAI MADHOPUR,,,UNIARA,Bamniya,Normal/Others,"NA - Construction of roads, approach roads, link roads and pathways",DISTRICT COLLECTOR TONK_IDA,2023-12-21,Action Pending,250000,Unsanctioned
MPLADS-014053,Sukhbir Singh Jaunapuria,Lok Sabha,Rajasthan,TONK-SAWAI MADHOPUR,,,UNIARA,Dabla,Normal/Others,"NA - Construction of roads, approach roads, link roads and pathways",DISTRICT COLLECTOR TONK_IDA,2023-12-21,Action Pending,250000,Unsanctioned
MPLADS-014054,Sukhbir Singh Jaunapuria,Lok Sabha,Rajasthan,TONK-SAWAI MADHOPUR,,,PEEPLU,Naner,Normal/Others,"NA - Construction of roads, approach roads, link roads and pathways",DISTRICT COLLECTOR TONK_IDA,2023-12-21,Action Pending,500000,Unsanctioned
MPLADS-014055,Sukhbir Singh Jaunapuria,Lok Sabha,Rajasthan,TONK-SAWAI MADHOPUR,,,MALPURA,Morla,Normal/Others,NA - Construction of community centers and community halls,DISTRICT COLLECTOR TONK_IDA,2023-12-21,Action Pending,500000,Unsanctioned
MPLADS-014056,Sukhbir Singh Jaunapuria,Lok Sabha,Rajasthan,TONK-SAWAI MADHOPUR,,,TODARAISINGH,Baori,Normal/Others,NA - Construction of common work sheds/ common covered sitting area,DISTRICT COLLECTOR TONK_IDA,2023-12-21,Action Pending,500000,Unsanctioned
MPLADS-014070,Bhagirath Chaudhary,Lok Sabha,Rajasthan,AJMER,Ajmer,0,,,Normal/Others,NA - Improvement of electricity distribution infrastructure,DISTRICT COLLECTOR AJMER_IDA,2023-12-21,Action Pending,274388,Unsanctioned
MPLADS-014374,Shri Subhash Chandra Baheria ,Lok Sabha,Rajasthan,BHILWARA,,,SHAHPURA,Naya Khera,Normal/Others,NA - Construction of buildings for community cultural activities,DISTRICT COLLECTOR BHILWARA_IDA,2023-12-20,Action Pending,400000,Unsanctioned
MPLADS-014443,Shri Subhash Chandra Baheria ,Lok Sabha,Rajasthan,BHILWARA,,,SAHARA,Sahara (Rural),Normal/Others,NA - Construction of additional rooms and halls in the existing public and community building,DISTRICT COLLECTOR BHILWARA_IDA,2023-12-20,Action Pending,500000,Unsanctioned
MPLADS-014446,Sukhbir Singh Jaunapuria,Lok Sabha,Rajasthan,TONK-SAWAI MADHOPUR,,,NEWAI,Chatarbhuj Pura,Normal/Others,NA - Construction of culverts and bridges,DISTRICT COLLECTOR TONK_IDA,2023-12-20,Action Pending,300000,Unsanctioned
MPLADS-014467,Sukhbir Singh Jaunapuria,Lok Sabha,Rajasthan,TONK-SAWAI MADHOPUR,,,MALPURA,Kadeela,Normal/Others,"WS/MP731/2023-2024/66693 - Construction of roads, approach roads, link roads and pathways",DISTRICT COLLECTOR TONK_IDA,2023-12-20,Approved by IDA,500000,Unsanctioned
MPLADS-014468,Shri Subhash Chandra Baheria ,Lok Sabha,Rajasthan,BHILWARA,,,SAHARA,Rooppura,Normal/Others,NA - Construction of community centers and community halls,DISTRICT COLLECTOR BHILWARA_IDA,2023-12-20,Action Pending,400000,Unsanctioned
MPLADS-014470,Sukhbir Singh Jaunapuria,Lok Sabha,Rajasthan,TONK-SAWAI MADHOPUR,,,TODARAISINGH,Kuhara Bujurg,Normal/Others,"WS/MP731/2023-2024/66486 - Construction of roads, approach roads, link roads and pathways",DISTRICT COLLECTOR TONK_IDA,2023-12-20,Approved by IDA,500000,Unsanctioned
MPLADS-014471,Shri Subhash Chandra Baheria ,Lok Sabha,Rajasthan,BHILWARA,,,SHAHPURA,Hukampura,Normal/Others,NA - Construction of rooms and halls in school and colleges,DISTRICT COLLECTOR BHILWARA_IDA,2023-12-20,Action Pending,400000,Unsanctioned
MPLADS-014472,Shri Subhash Chandra Baheria ,Lok Sabha,Rajasthan,BHILWARA,,,MANDALGARH,Manganj,Normal/Others,"NA - Construction of roads, approach roads, link roads and pathways",DISTRICT COLLECTOR BHILWARA_IDA,2023-12-20,Action Pending,300000,Unsanctioned
MPLADS-014473,Shri Subhash Chandra Baheria ,Lok Sabha,Rajasthan,BHILWARA,,,BIJOLIYA,Mangtala,Normal/Others,NA - Construction of additional rooms and halls in the existing public and community building,DISTRICT COLLECTOR BHILWARA_IDA,2023-12-20,Action Pending,250000,Unsanctioned
MPLADS-014474,Shri Subhash Chandra Baheria ,Lok Sabha,Rajasthan,BHILWARA,,,KOTRI,Gehuli,Normal/Others,"NA - Construction of roads, approach roads, link roads and pathways",DISTRICT COLLECTOR BHILWARA_IDA,2023-12-20,Action Pending,300000,Unsanctioned
MPLADS-014475,Shri Subhash Chandra Baheria ,Lok Sabha,Rajasthan,BHILWARA,Bhilwara,Nehru road,,,Normal/Others,NA - Construction of buildings for community cultural activities,DISTRICT COLLECTOR BHILWARA_IDA,2023-12-20,Action Pending,500000,Unsanctioned
MPLADS-014476,Shri Subhash Chandra Baheria ,Lok Sabha,Rajasthan,BHILWARA,,,KAREDA,Kidimal,Normal/Others,NA - Construction of buildings for community cultural activities,DISTRICT COLLECTOR BHILWARA_IDA,2023-12-20,Action Pending,300000,Unsanctioned
MPLADS-014477,Shri Subhash Chandra Baheria ,Lok Sabha,Rajasthan,BHILWARA,,,SUWANA,Dholiya Khera,Normal/Others,NA - Construction of buildings for community cultural activities,DISTRICT COLLECTOR BHILWARA_IDA,2023-12-20,Action Pending,300000,Unsanctioned
MPLADS-014478,Shri Subhash Chandra Baheria ,Lok Sabha,Rajasthan,BHILWARA,,,SHAHPURA,Kothiya,Normal/Others,NA - Development of public parks,DISTRICT COLLECTOR BHILWARA_IDA,2023-12-20,Action Pending,500000,Unsanctioned
MPLADS-014479,Sukhbir Singh Jaunapuria,Lok Sabha,Rajasthan,TONK-SAWAI MADHOPUR,,,UNIARA,Mahuwa,Normal/Others,NA - Construction of culverts and bridges,DISTRICT COLLECTOR TONK_IDA,2023-12-20,Rejected by IDA,800000,Unsanctioned
MPLADS-014480,Sukhbir Singh Jaunapuria,Lok Sabha,Rajasthan,TONK-SAWAI MADHOPUR,,,UNIARA,Shop,Normal/Others,"WS/MP731/2023-2024/65902 - Construction of roads, approach roads, link roads and pathways",DISTRICT COLLECTOR TONK_IDA,2023-12-20,Approved by IDA,250000,Unsanctioned
MPLADS-014481,Sukhbir Singh Jaunapuria,Lok Sabha,Rajasthan,TONK-SAWAI MADHOPUR,,,UNIARA,Shop,Normal/Others,"WS/MP731/2023-2024/65903 - Construction of roads, approach roads, link roads and pathways",DISTRICT COLLECTOR TONK_IDA,2023-12-20,Approved by IDA,250000,Unsanctioned
MPLADS-014482,Shri Subhash Chandra Baheria ,Lok Sabha,Rajasthan,BHILWARA,,,ASIND,Malaseri,Normal/Others,NA - Construction of buildings for community cultural activities,DISTRICT COLLECTOR BHILWARA_IDA,2023-12-20,Action Pending,225000,Unsanctioned
MPLADS-014483,Shri Subhash Chandra Baheria ,Lok Sabha,Rajasthan,BHILWARA,,,KAREDA,Dod Khera,Normal/Others,NA - Construction of buildings for community cultural activities,DISTRICT COLLECTOR BHILWARA_IDA,2023-12-20,Action Pending,75000,Unsanctioned
MPLADS-014484,Shri Subhash Chandra Baheria ,Lok Sabha,Rajasthan,BHILWARA,,,KOTRI,Satola Ka Khera,Normal/Others,NA - Construction of community centers and community halls,DISTRICT COLLECTOR BHILWARA_IDA,2023-12-20,Action Pending,400000,Unsanctioned
MPLADS-014485,Shri Subhash Chandra Baheria ,Lok Sabha,Rajasthan,BHILWARA,,,MANDAL,Sidriyas,Normal/Others,NA - Construction of buildings for community cultural activities,DISTRICT COLLECTOR BHILWARA_IDA,2023-12-20,Action Pending,50000,Unsanctioned
MPLADS-014486,Shri Subhash Chandra Baheria ,Lok Sabha,Rajasthan,BHILWARA,,,MANDALGARH,Ralayata,Normal/Others,NA - Construction of buildings for community cultural activities,DISTRICT COLLECTOR BHILWARA_IDA,2023-12-20,Action Pending,87500,Unsanctioned
MPLADS-014487,Shri Subhash Chandra Baheria ,Lok Sabha,Rajasthan,BHILWARA,,,MANDALGARH,Suras,Normal/Others,NA - Construction of buildings for community cultural activities,DISTRICT COLLECTOR BHILWARA_IDA,2023-12-20,Action Pending,125000,Unsanctioned
MPLADS-014488,Shri Subhash Chandra Baheria ,Lok Sabha,Rajasthan,BHILWARA,,,MANDALGARH,Manpura,Normal/Others,NA - Construction of buildings for community cultural activities,DISTRICT COLLECTOR BHILWARA_IDA,2023-12-20,Action Pending,75000,Unsanctioned
MPLADS-014489,Shri Subhash Chandra Baheria ,Lok Sabha,Rajasthan,BHILWARA,,,RAIPUR,Dhool Khera,Normal/Others,NA - Construction of community centers and community halls,DISTRICT COLLECTOR BHILWARA_IDA,2023-12-20,Action Pending,400000,Unsanctioned
MPLADS-014490,Sukhbir Singh Jaunapuria,Lok Sabha,Rajasthan,TONK-SAWAI MADHOPUR,,,TODARAISINGH,Mehroo,Normal/Others,"NA - Construction of roads, approach roads, link roads and pathways",DISTRICT COLLECTOR TONK_IDA,2023-12-20,Action Pending,375000,Unsanctioned
MPLADS-014491,Sukhbir Singh Jaunapuria,Lok Sabha,Rajasthan,TONK-SAWAI MADHOPUR,,,TODARAISINGH,Balapura,Normal/Others,"NA - Construction of roads, approach roads, link roads and pathways",DISTRICT COLLECTOR TONK_IDA,2023-12-20,Action Pending,375000,Unsanctioned
MPLADS-014492,Shri Subhash Chandra Baheria ,Lok Sabha,Rajasthan,BHILWARA,,,SHAHPURA,Shivpuri,Normal/Others,NA - Construction of community centers and community halls,DISTRICT COLLECTOR BHILWARA_IDA,2023-12-20,Action Pending,500000,Unsanctioned
MPLADS-014493,Sukhbir Singh Jaunapuria,Lok Sabha,Rajasthan,TONK-SAWAI MADHOPUR,,,TODARAISINGH,Chhan Bassorya,Normal/Others,"NA - Construction of roads, approach roads, link roads and pathways",DISTRICT COLLECTOR TONK_IDA,2023-12-20,Action Pending,500000,Unsanctioned
MPLADS-014494,Sukhbir Singh Jaunapuria,Lok Sabha,Rajasthan,TONK-SAWAI MADHOPUR,,,DEOLI,Hisampur,Normal/Others,"WS/MP731/2023-2024/66672 - Construction of roads, approach roads, link roads and pathways",DISTRICT COLLECTOR TONK_IDA,2023-12-20,Approved by IDA,500000,Unsanctioned
MPLADS-014495,Shri Subhash Chandra Baheria ,Lok Sabha,Rajasthan,BHILWARA,,,SUWANA,Mangrop,Normal/Others,NA - Construction of additional rooms and halls in the existing public and community building,DISTRICT COLLECTOR BHILWARA_IDA,2023-12-20,Action Pending,500000,Unsanctioned
MPLADS-014496,Sukhbir Singh Jaunapuria,Lok Sabha,Rajasthan,TONK-SAWAI MADHOPUR,,,DEOLI,Nasirda,Normal/Others,"WS/MP731/2023-2024/66664 - Construction of roads, approach roads, link roads and pathways",DISTRICT COLLECTOR TONK_IDA,2023-12-20,Approved by IDA,500000,Unsanctioned
MPLADS-014497,Sukhbir Singh Jaunapuria,Lok Sabha,Rajasthan,TONK-SAWAI MADHOPUR,,,DEOLI,GOVINDPURA,Normal/Others,"WS/MP731/2023-2024/66658 - Construction of roads, approach roads, link roads and pathways",DISTRICT COLLECTOR TONK_IDA,2023-12-20,Approved by IDA,500000,Unsanctioned
MPLADS-014498,Shri Subhash Chandra Baheria ,Lok Sabha,Rajasthan,BHILWARA,,,SAHARA,Satliyas,Normal/Others,NA - Construction of buildings for community cultural activities,DISTRICT COLLECTOR BHILWARA_IDA,2023-12-20,Action Pending,300000,Unsanctioned
MPLADS-014499,Sukhbir Singh Jaunapuria,Lok Sabha,Rajasthan,TONK-SAWAI MADHOPUR,,,DEOLI,Banthali,Normal/Others,NA - Construction of common work sheds/ common covered sitting area,DISTRICT COLLECTOR TONK_IDA,2023-12-20,Action Pending,500000,Unsanctioned
MPLADS-014500,Sukhbir Singh Jaunapuria,Lok Sabha,Rajasthan,TONK-SAWAI MADHOPUR,,,DEOLI,Theekariya Kalan,Normal/Others,"WS/MP731/2023-2024/66639 - Construction of roads, approach roads, link roads and pathways",DISTRICT COLLECTOR TONK_IDA,2023-12-20,Approved by IDA,500000,Unsanctioned
MPLADS-014501,Shri Subhash Chandra Baheria ,Lok Sabha,Rajasthan,BHILWARA,,,Sahara,Tapariya Kheri,Normal/Others,NA - Construction of buildings for community cultural activities,DISTRICT COLLECTOR BHILWARA_IDA,2023-12-20,Action Pending,75000,Unsanctioned
MPLADS-014502,Shri Subhash Chandra Baheria ,Lok Sabha,Rajasthan,BHILWARA,,,Sahara,Cheed Khera,Normal/Others,"NA - Construction of roads, approach roads, link roads and pathways",DISTRICT COLLECTOR BHILWARA_IDA,2023-12-20,Action Pending,125000,Unsanctioned
MPLADS-014503,Shri Subhash Chandra Baheria ,Lok Sabha,Rajasthan,BHILWARA,,,Mandal,Dhunwala (Mandal),Normal/Others,NA - Construction of buildings for community cultural activities,DISTRICT COLLECTOR BHILWARA_IDA,2023-12-20,Action Pending,75000,Unsanctioned
MPLADS-014504,Shri Subhash Chandra Baheria ,Lok Sabha,Rajasthan,BHILWARA,,,Mandal,Bhanwalas,Normal/Others,"NA - Construction of roads, approach roads, link roads and pathways",DISTRICT COLLECTOR BHILWARA_IDA,2023-12-20,Action Pending,72494,Unsanctioned
MPLADS-014505,Shri Subhash Chandra Baheria ,Lok Sabha,Rajasthan,BHILWARA,,,Mandal,Mandal,Normal/Others,NA - Construction of buildings for community cultural activities,DISTRICT COLLECTOR BHILWARA_IDA,2023-12-20,Action Pending,125000,Unsanctioned
MPLADS-014506,Sukhbir Singh Jaunapuria,Lok Sabha,Rajasthan,TONK-SAWAI MADHOPUR,,,UNIARA,Kalyanpura,Normal/Others,"WS/MP731/2023-2024/66543 - Construction of roads, approach roads, link roads and pathways",DISTRICT COLLECTOR TONK_IDA,2023-12-20,Approved by IDA,500000,Unsanctioned
MPLADS-014507,Shri Subhash Chandra Baheria ,Lok Sabha,Rajasthan,BHILWARA,,,Mandal,Mandal,Normal/Others,NA - Crematoriums or structures on burial/ cremation ground for public convenience,DISTRICT COLLECTOR BHILWARA_IDA,2023-12-20,Action Pending,300000,Unsanctioned
MPLADS-014508,Sukhbir Singh Jaunapuria,Lok Sabha,Rajasthan,TONK-SAWAI MADHOPUR,,,UNIARA,Ramnagar,Normal/Others,"NA - Construction of roads, approach roads, link roads and pathways",DISTRICT COLLECTOR TONK_IDA,2023-12-20,Action Pending,250000,Unsanctioned
MPLADS-014509,Shri Subhash Chandra Baheria ,Lok Sabha,Rajasthan,BHILWARA,,,Kareda,Kesarpura,Normal/Others,NA - Construction of buildings for community cultural activities,DISTRICT COLLECTOR BHILWARA_IDA,2023-12-20,Action Pending,125000,Unsanctioned
MPLADS-014510,Shri Subhash Chandra Baheria ,Lok Sabha,Rajasthan,BHILWARA,,,Kareda,Bemali,Normal/Others,NA - Construction of buildings for community cultural activities,DISTRICT COLLECTOR BHILWARA_IDA,2023-12-20,Action Pending,75000,Unsanctioned
MPLADS-014511,Sukhbir Singh Jaunapuria,Lok Sabha,Rajasthan,TONK-SAWAI MADHOPUR,,,TODARAISINGH,Mor,Normal/Others,"NA - Construction of roads, approach roads, link roads and pathways",DISTRICT COLLECTOR TONK_IDA,2023-12-20,Action Pending,400000,Unsanctioned
MPLADS-014512,Om Birla,Lok Sabha,Rajasthan,KOTA,,,ITAWA,Luhawad,Normal/Others,NA - Construction of community centers and community halls,DISTRICT COLLECTOR KOTA_IDA,2023-12-20,Action Pending,1000000,Unsanctioned
MPLADS-014605,Shri Subhash Chandra Baheria ,Lok Sabha,Rajasthan,BHILWARA,,,RAIPUR,Devriya,Normal/Others,NA - Construction of buildings for community cultural activities,DISTRICT COLLECTOR BHILWARA_IDA,2023-12-20,Action Pending,300000,Unsanctioned
MPLADS-015306,Smt Jaskaur Meena ,Lok Sabha,Rajasthan,DAUSA(ST),,,RAMGARH PACHWARA,Dholawas,Normal/Others,WS/MP387/2023-2024/65521 - Installing tube-wells and borewells,DISTRICT COLLECTOR DAUSA_IDA,2023-12-19,Approved by IDA,150000,Sanctioned
MPLADS-015329,Smt Ranjeeta Koli,Lok Sabha,Rajasthan,BHARATPUR(SC),,,KATHUMAR,Toda,Normal/Others,"NA - Construction of roads, approach roads, link roads and pathways",DISTRICT COLLECTOR ALWAR_IDA,2023-12-19,Action Pending,800000,Unsanctioned
MPLADS-015332,Smt Ranjeeta Koli,Lok Sabha,Rajasthan,BHARATPUR(SC),,,KATHUMAR,Toda,Normal/Others,"NA - Construction of roads, approach roads, link roads and pathways",DISTRICT COLLECTOR ALWAR_IDA,2023-12-19,Action Pending,400000,Unsanctioned
MPLADS-015672,SH Bhupender Yadav,Rajya Sabha,Rajasthan,Sitting Rajya Sabha,Ajmer,0,,,Normal/Others,NA - Construction of rooms and halls in school and colleges,DISTRICT COLLECTOR AJMER_IDA,2023-12-18,Action Pending,3000000,Unsanctioned
MPLADS-015680,SH Bhupender Yadav,Rajya Sabha,Rajasthan,Sitting Rajya Sabha,,,SAGWARA,Barboodaniya,Normal/Others,NA - Construction of rooms and halls in school and colleges,DISTRICT COLLECTOR DUNGARPUR_IDA,2023-12-18,Action Pending,1500000,Unsanctioned
MPLADS-016461,Smt Jaskaur Meena ,Lok Sabha,Rajasthan,DAUSA(ST),,,NANGAL RAJAWATAN,Khawa Raoji,Normal/Others,NA - Construction of community centers and community halls,DISTRICT COLLECTOR DAUSA_IDA,2023-12-16,Action Pending,500000,Unsanctioned
MPLADS-016462,Smt Jaskaur Meena ,Lok Sabha,Rajasthan,DAUSA(ST),,,Bandikui,Jhoonpdi,Normal/Others,NA - Construction of boundary walls of existing public and community buildings,DISTRICT COLLECTOR DAUSA_IDA,2023-12-16,Action Pending,500000,Unsanctioned
MPLADS-016463,Smt Jaskaur Meena ,Lok Sabha,Rajasthan,DAUSA(ST),,,DAUSA,Kableshwar,Normal/Others,NA - Construction of boundary walls of existing public and community buildings,DISTRICT COLLECTOR DAUSA_IDA,2023-12-16,Action Pending,600000,Unsanctioned
MPLADS-016597,Shri Subhash Chandra Baheria ,Lok Sabha,Rajasthan,BHILWARA,,,NAINWA,Khanpura,Normal/Others,NA - Construction of buildings for community cultural activities,DISTRICT COLLECTOR BUNDI_IDA,2023-12-15,Action Pending,500000,Unsanctioned
MPLADS-016605,Shri Subhash Chandra Baheria ,Lok Sabha,Rajasthan,BHILWARA,,,NAINWA,Dei,Normal/Others,NA - Construction of rooms and halls in school and colleges,DISTRICT COLLECTOR BUNDI_IDA,2023-12-15,Action Pending,500000,Unsanctioned
MPLADS-016606,Shri Subhash Chandra Baheria ,Lok Sabha,Rajasthan,BHILWARA,,,HINDOLI,Sathoor,Normal/Others,NA - Providing garbage collection and disposal systems,DISTRICT COLLECTOR BUNDI_IDA,2023-12-15,Action Pending,400000,Unsanctioned
MPLADS-016607,Shri Subhash Chandra Baheria ,Lok Sabha,Rajasthan,BHILWARA,,,HINDOLI,Talab Gaon,Normal/Others,"NA - Construction of roads, approach roads, link roads and pathways",DISTRICT COLLECTOR BUNDI_IDA,2023-12-15,Action Pending,200000,Unsanctioned
MPLADS-016608,Shri Subhash Chandra Baheria ,Lok Sabha,Rajasthan,BHILWARA,,,HINDOLI,Gothra,Normal/Others,NA - Construction of rooms and halls in school and colleges,DISTRICT COLLECTOR BUNDI_IDA,2023-12-15,Action Pending,400000,Unsanctioned
MPLADS-016616,Shri Hanuman Beniwal ,Lok Sabha,Rajasthan,NAGAUR,,,JAYAL,Rotoo,Normal/Others,NA - Construction of shelters for animals,DISTRICT COLLECTOR NAGAUR_IDA,2023-12-15,Action Pending,1060000,Unsanctioned
MPLADS-016618,Shri Hanuman Beniwal ,Lok Sabha,Rajasthan,NAGAUR,,,KHINVSAR,Panchla Siddha,Normal/Others,NA - Construction of public libraries and reading rooms,DISTRICT COLLECTOR NAGAUR_IDA,2023-12-15,Action Pending,1500000,Unsanctioned
MPLADS-016619,Shri Subhash Chandra Baheria ,Lok Sabha,Rajasthan,BHILWARA,,,HINDOLI,Dabla,Normal/Others,NA - Construction of shelters for animals,DISTRICT COLLECTOR BUNDI_IDA,2023-12-15,Action Pending,300000,Unsanctioned
MPLADS-016738,Shri Subhash Chandra Baheria ,Lok Sabha,Rajasthan,BHILWARA,,,HINDOLI,Hindoli,Normal/Others,NA - Installation of multi-gym equipment,DISTRICT COLLECTOR BUNDI_IDA,2023-12-15,Action Pending,300000,Unsanctioned
MPLADS-016739,Shri Subhash Chandra Baheria ,Lok Sabha,Rajasthan,BHILWARA,,,HINDOLI,Aklor,Normal/Others,NA - Construction of buildings for community cultural activities,DISTRICT COLLECTOR BUNDI_IDA,2023-12-15,Action Pending,500000,Unsanctioned
MPLADS-016786,Shri Subhash Chandra Baheria ,Lok Sabha,Rajasthan,BHILWARA,,,NAINWA,Dei,Normal/Others,NA - Purchase of ambulance to transport sick and injured animals,DISTRICT COLLECTOR BUNDI_IDA,2023-12-15,Action Pending,514722,Unsanctioned
MPLADS-016788,Shri Subhash Chandra Baheria ,Lok Sabha,Rajasthan,BHILWARA,,,NAINWA,Rethoda,Normal/Others,NA - Construction of buildings for community cultural activities,DISTRICT COLLECTOR BUNDI_IDA,2023-12-15,Action Pending,500000,Unsanctioned
MPLADS-016804,Shri Subhash Chandra Baheria ,Lok Sabha,Rajasthan,BHILWARA,,,HINDOLI,Borkhandi,Normal/Others,NA - Construction of community centers and community halls,DISTRICT COLLECTOR BUNDI_IDA,2023-12-15,Action Pending,300000,Unsanctioned
MPLADS-016805,Shri Subhash Chandra Baheria ,Lok Sabha,Rajasthan,BHILWARA,,,HINDOLI,Dhagariya,Normal/Others,NA - Construction of community centers and community halls,DISTRICT COLLECTOR BUNDI_IDA,2023-12-15,Action Pending,500000,Unsanctioned
MPLADS-016810,Shri Subhash Chandra Baheria ,Lok Sabha,Rajasthan,BHILWARA,,,HINDOLI,Dhanpuriya,Normal/Others,NA - Installation of fixed garden gym equipment,DISTRICT COLLECTOR BUNDI_IDA,2023-12-15,Action Pending,500000,Unsanctioned
MPLADS-016811,Shri Subhash Chandra Baheria ,Lok Sabha,Rajasthan,BHILWARA,,,HINDOLI,Hindoli,Normal/Others,NA - Construction of additional rooms and halls in the existing public and community building,DISTRICT COLLECTOR BUNDI_IDA,2023-12-15,Action Pending,500000,Unsanctioned
MPLADS-017275,Shri Subhash Chandra Baheria ,Lok Sabha,Rajasthan,BHILWARA,,,SUWANA,Rajpura,Normal/Others,"WS/MP385/2023-2024/61486 - Purchase of prosthetics, wheel chairs, tricycles (manual or motorized), elect scooties, hearing aids",DISTRICT COLLECTOR BHILWARA_IDA,2023-12-13,Approved by IDA,520000,Unsanctioned
MPLADS-018816,Ramcharan Bohra,Lok Sabha,Rajasthan,JAIPUR,Jaipur Heritage,Kishanpole,,,Normal/Others,NA - Construction of community centers and community halls,DISTRICT COLLECTOR JAIPUR_IDA,2023-12-08,Action Pending,2000000,Unsanctioned
MPLADS-018817,Ramcharan Bohra,Lok Sabha,Rajasthan,JAIPUR,Jaipur Heritage,26,,,Normal/Others,NA - Construction of community centers and community halls,DISTRICT COLLECTOR JAIPUR_IDA,2023-12-08,Action Pending,2000000,Unsanctioned
MPLADS-018818,Ramcharan Bohra,Lok Sabha,Rajasthan,JAIPUR,Greater Jaipur,26,,,Normal/Others,NA - Construction of rooms and halls in school and colleges,DISTRICT COLLECTOR JAIPUR_IDA,2023-12-08,Action Pending,800000,Unsanctioned
MPLADS-018819,Ramcharan Bohra,Lok Sabha,Rajasthan,JAIPUR,Greater Jaipur,26,,,Normal/Others,NA - Construction of community centers and community halls,DISTRICT COLLECTOR JAIPUR_IDA,2023-12-08,Action Pending,2000000,Unsanctioned
MPLADS-034669,Ramcharan Bohra,Lok Sabha,Rajasthan,JAIPUR,Greater Jaipur,16,,,Normal/Others,NA - Installing tube-wells and borewells,DISTRICT COLLECTOR JAIPUR_IDA,2023-10-10,Action Pending,500000,Unsanctioned
MPLADS-034670,Nihal Chand Chauhan,Lok Sabha,Rajasthan,GANGANAGAR(SC),,,KARANPUR,61 F,Normal/Others,NA - Construction of common work sheds/ common covered sitting area,DISTRICT COLLECTOR SRIGANGANAGAR_IDA,2023-10-10,Action Pending,1000000,Unsanctioned
MPLADS-034671,Nihal Chand Chauhan,Lok Sabha,Rajasthan,GANGANAGAR(SC),,,RAISINGHNAGAR,6 Lc,Normal/Others,NA - Construction of rooms and halls in school and colleges,DISTRICT COLLECTOR SRIGANGANAGAR_IDA,2023-10-10,Action Pending,600000,Unsanctioned
MPLADS-034672,Nihal Chand Chauhan,Lok Sabha,Rajasthan,GANGANAGAR(SC),,,VIJAINAGAR,7 Apd,Normal/Others,NA - Common work sheds for artisans,DISTRICT COLLECTOR SRIGANGANAGAR_IDA,2023-10-10,Action Pending,500000,Unsanctioned
MPLADS-034673,Nihal Chand Chauhan,Lok Sabha,Rajasthan,GANGANAGAR(SC),,,VIJAINAGAR,7 Apd,Normal/Others,NA - Construction of boundary walls of existing public and community buildings,DISTRICT COLLECTOR SRIGANGANAGAR_IDA,2023-10-10,Action Pending,200000,Unsanctioned
MPLADS-034674,Shri Subhash Chandra Baheria ,Lok Sabha,Rajasthan,BHILWARA,Bhilwara,43,,,Trust and Society,WS/MP385/2023-2024/35311 - Construction of additional rooms and halls in the existing public and community building,DISTRICT COLLECTOR BHILWARA_IDA,2023-10-10,Approved by IDA,500000,Sanctioned
MPLADS-034675,Ramcharan Bohra,Lok Sabha,Rajasthan,JAIPUR,Bagru,Abhaypura,,,Normal/Others,NA - Construction of boundary walls of existing public and community buildings,DISTRICT COLLECTOR JAIPUR_IDA,2023-10-10,Action Pending,300000,Unsanctioned
MPLADS-034676,Ramcharan Bohra,Lok Sabha,Rajasthan,JAIPUR,Bagru,Muhana,,,Normal/Others,NA - Installing tube-wells and borewells,DISTRICT COLLECTOR JAIPUR_IDA,2023-10-10,Action Pending,300000,Unsanctioned
MPLADS-034677,Ramcharan Bohra,Lok Sabha,Rajasthan,JAIPUR,Jaipur Heritage,53,,,Normal/Others,NA - Construction of community centers and community halls,DISTRICT COLLECTOR JAIPUR_IDA,2023-10-10,Action Pending,300000,Unsanctioned
MPLADS-034678,Ramcharan Bohra,Lok Sabha,Rajasthan,JAIPUR,Greater Jaipur,12,,,Normal/Others,NA - Installing tube-wells and borewells,DISTRICT COLLECTOR JAIPUR_IDA,2023-10-10,Action Pending,500000,Unsanctioned
MPLADS-034679,Ramcharan Bohra,Lok Sabha,Rajasthan,JAIPUR,Greater Jaipur,39,,,Normal/Others,NA - Installing tube-wells and borewells,DISTRICT COLLECTOR JAIPUR_IDA,2023-10-10,Action Pending,500000,Unsanctioned
MPLADS-034681,Ramcharan Bohra,Lok Sabha,Rajasthan,JAIPUR,Bagru,Panwaliya,,,Normal/Others,NA - Construction of additional rooms and halls in the existing public and community building,DISTRICT COLLECTOR JAIPUR_IDA,2023-10-10,Action Pending,500000,Unsanctioned
MPLADS-034682,Ramcharan Bohra,Lok Sabha,Rajasthan,JAIPUR,Greater Jaipur,Durgapura,,,Normal/Others,NA - Construction of additional rooms and halls in the existing public and community building,DISTRICT COLLECTOR JAIPUR_IDA,2023-10-10,Action Pending,500000,Unsanctioned
MPLADS-034683,Ramcharan Bohra,Lok Sabha,Rajasthan,JAIPUR,Greater Jaipur,Gurjar Ki Thadi,,,Normal/Others,NA - Construction of community centers and community halls,DISTRICT COLLECTOR JAIPUR_IDA,2023-10-10,Action Pending,1000000,Unsanctioned
MPLADS-034813,Bhagirath Chaudhary,Lok Sabha,Rajasthan,AJMER,Ajmer,10,,,Normal/Others,NA - Providing supply pipelines for drinking water,DISTRICT COLLECTOR AJMER_IDA,2023-10-09,Action Pending,1100000,Unsanctioned
MPLADS-034839,Bhagirath Chaudhary,Lok Sabha,Rajasthan,AJMER,,,PISANGAN,Reechhmaliya,Normal/Others,NA - Improvement of electricity distribution infrastructure,DISTRICT COLLECTOR AJMER_IDA,2023-10-09,Action Pending,153000,Unsanctioned
MPLADS-034840,Bhagirath Chaudhary,Lok Sabha,Rajasthan,AJMER,,,PISANGAN,Pagara,Normal/Others,NA - Improvement of electricity distribution infrastructure,DISTRICT COLLECTOR AJMER_IDA,2023-10-09,Action Pending,192000,Unsanctioned
MPLADS-034862,Chandra Prakash Joshi,Lok Sabha,Rajasthan,CHITTORGARH,,,BHOPALSAGAR,AKOLA,Normal/Others,NA - Construction of community centers and community halls,DISTRICT COLLECTOR CHITTORGARH_IDA,2023-10-09,Action Pending,300000,Unsanctioned
MPLADS-034863,Shri Hanuman Beniwal ,Lok Sabha,Rajasthan,NAGAUR,,,DIDWANA,Palot,Normal/Others,"NA - Construction of roads, link roads, pathways or any other road with or without drainage system",DISTRICT COLLECTOR NAGAUR_IDA,2023-10-09,Action Pending,1000000,Unsanctioned
MPLADS-034864,Bhagirath Chaudhary,Lok Sabha,Rajasthan,AJMER,Kishangarh,30,,,Normal/Others,NA - Construction of community centers and community halls,DISTRICT COLLECTOR AJMER_IDA,2023-10-09,Action Pending,750000,Unsanctioned
MPLADS-034865,Bhagirath Chaudhary,Lok Sabha,Rajasthan,AJMER,,,ARAIN,Bhagwanpura,Normal/Others,NA - Construction of rooms and halls in school and colleges,DISTRICT COLLECTOR AJMER_IDA,2023-10-09,Action Pending,500000,Unsanctioned
MPLADS-034866,Dushyant Singh,Lok Sabha,Rajasthan,JHALAWAR-BARAN,,,BARAN (FULL),Piliya,Normal/Others,NA - Providing drains and gutters for public drainage,DISTRICT COLLECTOR BARAN_IDA,2023-10-09,Action Pending,350000,Unsanctioned
MPLADS-034867,Shri Hanuman Beniwal ,Lok Sabha,Rajasthan,NAGAUR,,,MUNDWA,Inana,Normal/Others,NA - Construction of rooms and halls in school and colleges,DISTRICT COLLECTOR NAGAUR_IDA,2023-10-09,Action Pending,650000,Unsanctioned
MPLADS-034868,Nihal Chand Chauhan,Lok Sabha,Rajasthan,GANGANAGAR(SC),,,PILIBANGA,19 SPD,Normal/Others,NA - Construction of community centers and community halls,DISTRICT COLLECTOR HANUMANGARH_IDA,2023-10-09,Action Pending,1000000,Unsanctioned
MPLADS-034869,Bhagirath Chaudhary,Lok Sabha,Rajasthan,AJMER,Kishangarh,54,,,Normal/Others,NA - Construction of community centers and community halls,DISTRICT COLLECTOR AJMER_IDA,2023-10-09,Action Pending,250000,Unsanctioned
MPLADS-034870,Bhagirath Chaudhary,Lok Sabha,Rajasthan,AJMER,Pushkar,1,,,Normal/Others,NA - Crematoriums or structures on burial/ cremation ground for public convenience,DISTRICT COLLECTOR AJMER_IDA,2023-10-09,Action Pending,500000,Unsanctioned
MPLADS-034871,Chandra Prakash Joshi,Lok Sabha,Rajasthan,CHITTORGARH,,,CHITTORGARH,Sawa (CT),Normal/Others,NA - Construction of community centers and community halls,DISTRICT COLLECTOR CHITTORGARH_IDA,2023-10-09,Action Pending,300000,Unsanctioned
MPLADS-034872,Chandra Prakash Joshi,Lok Sabha,Rajasthan,CHITTORGARH,,,GANGRAR,Bolo Ka Sanwata,Normal/Others,NA - Construction of community centers and community halls,DISTRICT COLLECTOR CHITTORGARH_IDA,2023-10-09,Action Pending,400000,Unsanctioned
MPLADS-034873,Shri Hanuman Beniwal ,Lok Sabha,Rajasthan,NAGAUR,,,MERTA,Bhatiyon Ki Dhani,Normal/Others,"NA - Construction of roads, link roads, pathways or any other road with or without drainage system",DISTRICT COLLECTOR NAGAUR_IDA,2023-10-09,Action Pending,800000,Unsanctioned
MPLADS-034874,Chandra Prakash Joshi,Lok Sabha,Rajasthan,CHITTORGARH,,,GANGRAR,Chongawari,Normal/Others,NA - Construction of community centers and community halls,DISTRICT COLLECTOR CHITTORGARH_IDA,2023-10-09,Action Pending,300000,Unsanctioned
MPLADS-034875,Chandra Prakash Joshi,Lok Sabha,Rajasthan,CHITTORGARH,,,GANGRAR,Rughnathpura,Normal/Others,NA - Construction of community centers and community halls,DISTRICT COLLECTOR CHITTORGARH_IDA,2023-10-09,Action Pending,300000,Unsanctioned
MPLADS-034876,Chandra Prakash Joshi,Lok Sabha,Rajasthan,CHITTORGARH,,,BHADESAR,Khodeep,Normal/Others,NA - Construction of community centers and community halls,DISTRICT COLLECTOR CHITTORGARH_IDA,2023-10-09,Action Pending,300000,Unsanctioned
MPLADS-034883,Shri Hanuman Beniwal ,Lok Sabha,Rajasthan,NAGAUR,,,MOLASAR,Sudrasan,Normal/Others,NA - Construction of rooms and halls in school and colleges,DISTRICT COLLECTOR NAGAUR_IDA,2023-10-09,Action Pending,1000000,Unsanctioned
MPLADS-034884,Shri Hanuman Beniwal ,Lok Sabha,Rajasthan,NAGAUR,,,MERTA,Bhatiyon Ki Dhani,Normal/Others,"NA - Construction of roads, link roads, pathways or any other road with or without drainage system",DISTRICT COLLECTOR NAGAUR_IDA,2023-10-09,Action Pending,800000,Unsanctioned
MPLADS-034897,Shri Hanuman Beniwal ,Lok Sabha,Rajasthan,NAGAUR,,,KHINVSAR,Charnisara,Normal/Others,NA - Construction of community centers and community halls,DISTRICT COLLECTOR NAGAUR_IDA,2023-10-09,Action Pending,1000000,Unsanctioned
MPLADS-034906,Bhagirath Chaudhary,Lok Sabha,Rajasthan,AJMER,Kishangarh,53,,,Normal/Others,NA - Construction of community centers and community halls,DISTRICT COLLECTOR AJMER_IDA,2023-10-09,Action Pending,100000,Unsanctioned
MPLADS-034907,Bhagirath Chaudhary,Lok Sabha,Rajasthan,AJMER,,,BHINAY,Gurha Khurd,Normal/Others,NA - Improvement of electricity distribution infrastructure,DISTRICT COLLECTOR AJMER_IDA,2023-10-09,Action Pending,200000,Unsanctioned
MPLADS-035005,Bhagirath Chaudhary,Lok Sabha,Rajasthan,AJMER,Kishangarh,31,,,Normal/Others,NA - Construction of rooms and halls in school and colleges,DISTRICT COLLECTOR AJMER_IDA,2023-10-09,Action Pending,1000000,Unsanctioned
MPLADS-035236,SHRI Neeraj Dangi,Rajya Sabha,Rajasthan,Sitting Rajya Sabha,Greater Jaipur,Jagatpura,,,Trust and Society,NA - Construction of additional rooms and halls in the existing public and community building,DISTRICT COLLECTOR JAIPUR_IDA,2023-10-08,Action Pending,1000000,Unsanctioned
MPLADS-035237,SHRI Kirodi Lal,Rajya Sabha,Rajasthan,Sitting Rajya Sabha,Mahwa,Mahwa,,,Repair and Renovation,NA - Construction of common work sheds/ common covered sitting area,DISTRICT COLLECTOR DAUSA_IDA,2023-10-08,Action Pending,1000000,Unsanctioned
MPLADS-035238,Smt Jaskaur Meena ,Lok Sabha,Rajasthan,DAUSA(ST),,,RAJGARH,Rajor,Normal/Others,NA - Installing community drinking water plants,DISTRICT COLLECTOR ALWAR_IDA,2023-10-08,Action Pending,550000,Unsanctioned
MPLADS-035239,Smt Jaskaur Meena ,Lok Sabha,Rajasthan,DAUSA(ST),Thanagaji,Payla ki dhani,,,Normal/Others,NA - Installing community drinking water plants,DISTRICT COLLECTOR ALWAR_IDA,2023-10-08,Action Pending,550000,Unsanctioned
MPLADS-035240,Smt Jaskaur Meena ,Lok Sabha,Rajasthan,DAUSA(ST),Thanagaji,Payla ki dhani,,,Normal/Others,NA - Installing tube-wells and borewells,DISTRICT COLLECTOR ALWAR_IDA,2023-10-08,Action Pending,150000,Unsanctioned
MPLADS-035241,Smt Jaskaur Meena ,Lok Sabha,Rajasthan,DAUSA(ST),,,THANAGAZI,Guwara Bhopala,Normal/Others,NA - Providing supply pipelines for drinking water,DISTRICT COLLECTOR ALWAR_IDA,2023-10-08,Action Pending,500000,Unsanctioned
MPLADS-035242,Smt Jaskaur Meena ,Lok Sabha,Rajasthan,DAUSA(ST),,,THANAGAZI,Ajabgarh,Normal/Others,"NA - Construction of roads, approach roads, link roads and pathways",DISTRICT COLLECTOR ALWAR_IDA,2023-10-08,Action Pending,500000,Unsanctioned
MPLADS-035243,Smt Jaskaur Meena ,Lok Sabha,Rajasthan,DAUSA(ST),,,RAJGARH,Sakat,Normal/Others,NA - Construction of rooms and halls in school and colleges,DISTRICT COLLECTOR ALWAR_IDA,2023-10-08,Action Pending,1000000,Unsanctioned
MPLADS-035244,Chandra Prakash Joshi,Lok Sabha,Rajasthan,CHITTORGARH,,,DALOT,Jeerawata,Normal/Others,NA - Construction of community centers and community halls,DISTRICT COLLECTOR PRATAPGARH_IDA,2023-10-08,Action Pending,300000,Unsanctioned
MPLADS-035246,Chandra Prakash Joshi,Lok Sabha,Rajasthan,CHITTORGARH,,,DALOT,Sewana,Normal/Others,"NA - Construction of roads, link roads, pathways or any other road with or without drainage system",DISTRICT COLLECTOR PRATAPGARH_IDA,2023-10-08,Action Pending,300000,Unsanctioned
MPLADS-035247,Chandra Prakash Joshi,Lok Sabha,Rajasthan,CHITTORGARH,,,DALOT,Bari Sakhthali,Normal/Others,NA - Construction of boundary walls of existing public and community buildings,DISTRICT COLLECTOR PRATAPGARH_IDA,2023-10-08,Action Pending,300000,Unsanctioned
MPLADS-035248,Chandra Prakash Joshi,Lok Sabha,Rajasthan,CHITTORGARH,,,DALOT,Bhat Bhamriya,Normal/Others,NA - Construction of rooms and halls in school and colleges,DISTRICT COLLECTOR PRATAPGARH_IDA,2023-10-08,Action Pending,500000,Unsanctioned
MPLADS-035249,Chandra Prakash Joshi,Lok Sabha,Rajasthan,CHITTORGARH,,,DHAMOTAR,Chirwa,Normal/Others,NA - Construction of community centers and community halls,DISTRICT COLLECTOR PRATAPGARH_IDA,2023-10-08,Action Pending,300000,Unsanctioned
MPLADS-035250,Chandra Prakash Joshi,Lok Sabha,Rajasthan,CHITTORGARH,,,PRATAPGARH,Panmodi,Normal/Others,NA - Construction of community centers and community halls,DISTRICT COLLECTOR PRATAPGARH_IDA,2023-10-08,Action Pending,500000,Unsanctioned
MPLADS-035251,Chandra Prakash Joshi,Lok Sabha,Rajasthan,CHITTORGARH,,,CHHOTI SADRI,Jaloda Jageer,Normal/Others,NA - Construction of community centers and community halls,DISTRICT COLLECTOR PRATAPGARH_IDA,2023-10-08,Action Pending,130000,Unsanctioned
MPLADS-035252,Chandra Prakash Joshi,Lok Sabha,Rajasthan,CHITTORGARH,,,PRATAPGARH,Kalyanpura,Normal/Others,NA - Construction of community centers and community halls,DISTRICT COLLECTOR PRATAPGARH_IDA,2023-10-08,Action Pending,300000,Unsanctioned
MPLADS-035253,Chandra Prakash Joshi,Lok Sabha,Rajasthan,CHITTORGARH,,,PRATAPGARH,Bajrang Garh,Normal/Others,NA - Construction of community centers and community halls,DISTRICT COLLECTOR PRATAPGARH_IDA,2023-10-08,Action Pending,400000,Unsanctioned
MPLADS-035369,Bhagirath Chaudhary,Lok Sabha,Rajasthan,AJMER,,,KEKRI,Jal Ka Khera,Normal/Others,"NA - Purchase of prosthetics, wheel chairs, tricycles (manual or motorized), elect scooties, hearing aids",DISTRICT COLLECTOR AJMER_IDA,2023-10-07,Action Pending,50000,Unsanctioned
MPLADS-035385,SHRI Kirodi Lal,Rajya Sabha,Rajasthan,Sitting Rajya Sabha,,,TODABHIM,Moondiya,Normal/Others,NA - Construction of community centers and community halls,DISTRICT COLLECTOR KARAULI_IDA,2023-10-07,Action Pending,1000000,Unsanctioned
MPLADS-035386,Shri Ghanshyam Tiwari,Rajya Sabha,Rajasthan,Sitting Rajya Sabha,,,PIPRALI,Sakrai,Normal/Others,NA - Construction of additional rooms and halls in the existing public and community building,DISTRICT COLLECTOR SIKAR_IDA,2023-10-07,Action Pending,1000000,Unsanctioned
MPLADS-035389,Shri Ghanshyam Tiwari,Rajya Sabha,Rajasthan,Sitting Rajya Sabha,Kota-South,7,,,Normal/Others,NA - Installing tube-wells and borewells,DISTRICT COLLECTOR KOTA_IDA,2023-10-07,Action Pending,1007000,Unsanctioned
MPLADS-035406,Shri Ghanshyam Tiwari,Rajya Sabha,Rajasthan,Sitting Rajya Sabha,Kota-South,7,,,Normal/Others,NA - Installing tube-wells and borewells,DISTRICT COLLECTOR KOTA_IDA,2023-10-07,Action Pending,1007000,Unsanctioned
MPLADS-035407,SHRI Neeraj Dangi,Rajya Sabha,Rajasthan,Sitting Rajya Sabha,,,BANSUR,Todiya Ka Bas,Normal/Others,NA - Construction of community centers and community halls,DISTRICT COLLECTOR ALWAR_IDA,2023-10-07,Action Pending,1000000,Unsanctioned
MPLADS-035427,SHRI Neeraj Dangi,Rajya Sabha,Rajasthan,Sitting Rajya Sabha,,,BANSUR,Bas Dayal,Normal/Others,NA - Construction of community centers and community halls,DISTRICT COLLECTOR ALWAR_IDA,2023-10-07,Action Pending,1000000,Unsanctioned
MPLADS-035523,Smt Jaskaur Meena ,Lok Sabha,Rajasthan,DAUSA(ST),Chaksu,"kamdhenu gaushala, Garudwasi road chaksu",,,Normal/Others,NA - Installing community drinking water plants,DISTRICT COLLECTOR JAIPUR_IDA,2023-10-07,Action Pending,550000,Unsanctioned
MPLADS-035530,Shri PP Chaudhary ,Lok Sabha,Rajasthan,PALI,,,PEEPAD SAHAR,Khariya Anawas,Normal/Others,NA - Purchase of furniture and fixtures for educational purposes,DISTRICT COLLECTOR JODHPUR_IDA,2023-10-07,Action Pending,500000,Unsanctioned
MPLADS-035531,Nihal Chand Chauhan,Lok Sabha,Rajasthan,GANGANAGAR(SC),,,GANGANAGAR,4 Z,Normal/Others,NA - Construction of shelters for animals,DISTRICT COLLECTOR SRIGANGANAGAR_IDA,2023-10-07,Action Pending,1000000,Unsanctioned
MPLADS-035532,Smt Jaskaur Meena ,Lok Sabha,Rajasthan,DAUSA(ST),,,DAUSA,Dhai,Normal/Others,NA - Construction of community centers and community halls,DISTRICT COLLECTOR DAUSA_IDA,2023-10-07,Action Pending,800000,Unsanctioned
MPLADS-035533,Smt Jaskaur Meena ,Lok Sabha,Rajasthan,DAUSA(ST),,,BASSI,Kanota (CT),Normal/Others,NA - Construction of rooms and halls in school and colleges,DISTRICT COLLECTOR JAIPUR_IDA,2023-10-07,Action Pending,500000,Unsanctioned
MPLADS-035535,Smt Jaskaur Meena ,Lok Sabha,Rajasthan,DAUSA(ST),,,BASSI,Tahatara,Normal/Others,NA - Construction of rooms and halls in school and colleges,DISTRICT COLLECTOR JAIPUR_IDA,2023-10-07,Action Pending,1000000,Unsanctioned
MPLADS-035536,Smt Jaskaur Meena ,Lok Sabha,Rajasthan,DAUSA(ST),,,BASSI,Apreta,Normal/Others,NA - Installing community drinking water plants,DISTRICT COLLECTOR JAIPUR_IDA,2023-10-07,Action Pending,200000,Unsanctioned
MPLADS-035537,Smt Jaskaur Meena ,Lok Sabha,Rajasthan,DAUSA(ST),,,BASSI,Kaneta,Normal/Others,NA - Installing community drinking water plants,DISTRICT COLLECTOR JAIPUR_IDA,2023-10-07,Action Pending,200000,Unsanctioned
MPLADS-035538,Smt Jaskaur Meena ,Lok Sabha,Rajasthan,DAUSA(ST),,,TUNGA,Doobli,Normal/Others,NA - Construction of rooms and halls in school and colleges,DISTRICT COLLECTOR JAIPUR_IDA,2023-10-07,Action Pending,500000,Unsanctioned
MPLADS-035539,Smt Jaskaur Meena ,Lok Sabha,Rajasthan,DAUSA(ST),,,BASSI,Ramsar Palawala,Normal/Others,NA - Installing tube-wells and borewells,DISTRICT COLLECTOR JAIPUR_IDA,2023-10-07,Action Pending,200000,Unsanctioned
MPLADS-035540,Smt Jaskaur Meena ,Lok Sabha,Rajasthan,DAUSA(ST),,,BASSI,Dudawala,Normal/Others,NA - Installing tube-wells and borewells,DISTRICT COLLECTOR JAIPUR_IDA,2023-10-07,Action Pending,200000,Unsanctioned
MPLADS-035541,Smt Jaskaur Meena ,Lok Sabha,Rajasthan,DAUSA(ST),,,BASSI,Jeetawala,Normal/Others,NA - Installing tube-wells and borewells,DISTRICT COLLECTOR JAIPUR_IDA,2023-10-07,Action Pending,200000,Unsanctioned
MPLADS-035542,Smt Jaskaur Meena ,Lok Sabha,Rajasthan,DAUSA(ST),,,BASSI,Vijai Mukundpura @ Hirawala,Normal/Others,NA - Construction of rooms and halls in school and colleges,DISTRICT COLLECTOR JAIPUR_IDA,2023-10-07,Action Pending,600000,Unsanctioned
MPLADS-035543,Smt Jaskaur Meena ,Lok Sabha,Rajasthan,DAUSA(ST),,,BASSI,Sankh Shyopuri,Normal/Others,NA - Construction of rooms and halls in school and colleges,DISTRICT COLLECTOR JAIPUR_IDA,2023-10-07,Action Pending,1000000,Unsanctioned
MPLADS-035567,Smt Jaskaur Meena ,Lok Sabha,Rajasthan,DAUSA(ST),,,TUNGA,Danau Khurd,Normal/Others,NA - Construction of community centers and community halls,DISTRICT COLLECTOR JAIPUR_IDA,2023-10-07,Action Pending,500000,Unsanctioned
MPLADS-035568,Smt Jaskaur Meena ,Lok Sabha,Rajasthan,DAUSA(ST),,,TUNGA,Abhay Pura,Normal/Others,NA - Installing tube-wells and borewells,DISTRICT COLLECTOR JAIPUR_IDA,2023-10-07,Action Pending,300000,Unsanctioned
MPLADS-035569,Smt Jaskaur Meena ,Lok Sabha,Rajasthan,DAUSA(ST),,,BANDIKUI,Keeratpura,Normal/Others,NA - Installing community drinking water plants,DISTRICT COLLECTOR DAUSA_IDA,2023-10-07,Action Pending,550000,Unsanctioned
MPLADS-035592,Smt Jaskaur Meena ,Lok Sabha,Rajasthan,DAUSA(ST),,,LALSOT,Thanpura,Normal/Others,NA - Construction of shelters for animals,DISTRICT COLLECTOR DAUSA_IDA,2023-10-07,Action Pending,700000,Unsanctioned
MPLADS-035594,Smt Jaskaur Meena ,Lok Sabha,Rajasthan,DAUSA(ST),Dausa,Dausa (M) - Ward No.34,,,Normal/Others,NA - Construction of rooms and halls in school and colleges,DISTRICT COLLECTOR DAUSA_IDA,2023-10-07,Action Pending,1000000,Unsanctioned
MPLADS-035595,Smt Jaskaur Meena ,Lok Sabha,Rajasthan,DAUSA(ST),,,DAUSA,Khuri Kalan,Normal/Others,NA - Construction of rooms and halls in school and colleges,DISTRICT COLLECTOR DAUSA_IDA,2023-10-07,Action Pending,1000000,Unsanctioned
MPLADS-035596,Smt Jaskaur Meena ,Lok Sabha,Rajasthan,DAUSA(ST),,,LALSOT,Digo,Normal/Others,NA - Construction of rooms and halls in school and colleges,DISTRICT COLLECTOR DAUSA_IDA,2023-10-07,Action Pending,500000,Unsanctioned
MPLADS-035597,Smt Jaskaur Meena ,Lok Sabha,Rajasthan,DAUSA(ST),,,LALSOT,Jhanpda,Normal/Others,NA - Construction of rooms and halls in school and colleges,DISTRICT COLLECTOR DAUSA_IDA,2023-10-07,Action Pending,500000,Unsanctioned
MPLADS-035598,Smt Jaskaur Meena ,Lok Sabha,Rajasthan,DAUSA(ST),,,DAUSA,Dharampura,Normal/Others,NA - Installing community drinking water plants,DISTRICT COLLECTOR DAUSA_IDA,2023-10-07,Action Pending,550000,Unsanctioned
MPLADS-035599,Smt Jaskaur Meena ,Lok Sabha,Rajasthan,DAUSA(ST),,,LALSOT,Khatwa,Normal/Others,NA - Installing community drinking water plants,DISTRICT COLLECTOR DAUSA_IDA,2023-10-07,Action Pending,550000,Unsanctioned
MPLADS-035600,Smt Jaskaur Meena ,Lok Sabha,Rajasthan,DAUSA(ST),,,LALSOT,Khatwa,Normal/Others,NA - Installing tube-wells and borewells,DISTRICT COLLECTOR DAUSA_IDA,2023-10-07,Action Pending,150000,Unsanctioned
MPLADS-035601,Smt Jaskaur Meena ,Lok Sabha,Rajasthan,DAUSA(ST),,,RAMGARH PACHWARA,Kallawas Khalsa,Normal/Others,NA - Installing community drinking water plants,DISTRICT COLLECTOR DAUSA_IDA,2023-10-07,Action Pending,550000,Unsanctioned
MPLADS-035602,Smt Jaskaur Meena ,Lok Sabha,Rajasthan,DAUSA(ST),,,RAMGARH PACHWARA,Kallawas Khalsa,Normal/Others,NA - Installing tube-wells and borewells,DISTRICT COLLECTOR DAUSA_IDA,2023-10-07,Action Pending,150000,Unsanctioned
MPLADS-035603,Smt Jaskaur Meena ,Lok Sabha,Rajasthan,DAUSA(ST),,,NANGAL RAJAWATAN,Lahri Ka Was,Normal/Others,NA - Installing community drinking water plants,DISTRICT COLLECTOR DAUSA_IDA,2023-10-07,Action Pending,550000,Unsanctioned
MPLADS-035604,Smt Jaskaur Meena ,Lok Sabha,Rajasthan,DAUSA(ST),,,NANGAL RAJAWATAN,Lahri Ka Was,Normal/Others,NA - Installing tube-wells and borewells,DISTRICT COLLECTOR DAUSA_IDA,2023-10-07,Action Pending,150000,Unsanctioned
MPLADS-035605,Smt Jaskaur Meena ,Lok Sabha,Rajasthan,DAUSA(ST),,,LALSOT,Thaloj,Normal/Others,NA - Installing community drinking water plants,DISTRICT COLLECTOR DAUSA_IDA,2023-10-07,Action Pending,550000,Unsanctioned
MPLADS-035606,Rajyavardhan Singh Rathore,Lok Sabha,Rajasthan,JAIPUR RURAL,,,BANSUR,Ratanpura @ Karana,Normal/Others,NA - Development of playground,DISTRICT COLLECTOR ALWAR_IDA,2023-10-07,Action Pending,1500000,Unsanctioned
MPLADS-035723,Bhagirath Chaudhary,Lok Sabha,Rajasthan,AJMER,,,ARAIN,Chota Lamba,Normal/Others,NA - Construction of community centers and community halls,DISTRICT COLLECTOR AJMER_IDA,2023-10-07,Action Pending,500000,Unsanctioned
MPLADS-035724,Bhagirath Chaudhary,Lok Sabha,Rajasthan,AJMER,Kishangarh,14,,,Normal/Others,NA - Construction of community centers and community halls,DISTRICT COLLECTOR AJMER_IDA,2023-10-07,Action Pending,1000000,Unsanctioned
MPLADS-035725,Om Birla,Lok Sabha,Rajasthan,KOTA,,,BUNDI,Daulat Pura,Normal/Others,WS/MP727/2023-2024/33634 - Construction of community centers and community halls,DISTRICT COLLECTOR BUNDI_IDA,2023-10-07,Approved by IDA,800000,Unsanctioned
MPLADS-035726,Om Birla,Lok Sabha,Rajasthan,KOTA,,,BUNDI,Bhawani Pura @ Bangamata,Normal/Others,"WS/MP727/2023-2024/33633 - Construction of roads, approach roads, link roads and pathways",DISTRICT COLLECTOR BUNDI_IDA,2023-10-07,Approved by IDA,500000,Unsanctioned
MPLADS-035748,Om Birla,Lok Sabha,Rajasthan,KOTA,,,BUNDI,Jakhana,Normal/Others,NA - Installing hand pumps,DISTRICT COLLECTOR BUNDI_IDA,2023-10-07,Action Pending,100000,Unsanctioned
MPLADS-035749,Om Birla,Lok Sabha,Rajasthan,KOTA,,,Bundi,Gudha Nathawatan,Normal/Others,NA - Crematoriums or structures on burial/ cremation ground for public convenience,DISTRICT COLLECTOR BUNDI_IDA,2023-10-07,Action Pending,300000,Unsanctioned
MPLADS-035750,Om Birla,Lok Sabha,Rajasthan,KOTA,,,KESHORAIPATAN,Kota Khurd,Normal/Others,NA - Crematoriums or structures on burial/ cremation ground for public convenience,DISTRICT COLLECTOR BUNDI_IDA,2023-10-07,Action Pending,500000,Unsanctioned
MPLADS-035751,Bhagirath Chaudhary,Lok Sabha,Rajasthan,AJMER,,,Kishangarh SILORA,CHOTA NARENA,Normal/Others,"NA - Purchase of prosthetics, wheel chairs, tricycles (manual or motorized), elect scooties, hearing aids",DISTRICT COLLECTOR AJMER_IDA,2023-10-07,Action Pending,50000,Unsanctioned
MPLADS-035752,Bhagirath Chaudhary,Lok Sabha,Rajasthan,AJMER,,,PISANGAN,Makrera,Normal/Others,"NA - Purchase of prosthetics, wheel chairs, tricycles (manual or motorized), elect scooties, hearing aids",DISTRICT COLLECTOR AJMER_IDA,2023-10-07,Action Pending,50000,Unsanctioned
MPLADS-035753,Bhagirath Chaudhary,Lok Sabha,Rajasthan,AJMER,,,PISANGAN,Makrera,Normal/Others,"NA - Purchase of prosthetics, wheel chairs, tricycles (manual or motorized), elect scooties, hearing aids",DISTRICT COLLECTOR AJMER_IDA,2023-10-07,Action Pending,50000,Unsanctioned
MPLADS-035769,Bhagirath Chaudhary,Lok Sabha,Rajasthan,AJMER,,,Kishangarh SILORA,CHOTA NARENA,Normal/Others,"NA - Purchase of prosthetics, wheel chairs, tricycles (manual or motorized), elect scooties, hearing aids",DISTRICT COLLECTOR AJMER_IDA,2023-10-07,Action Pending,50000,Unsanctioned
MPLADS-035770,Bhagirath Chaudhary,Lok Sabha,Rajasthan,AJMER,,,Kishangarh SILORA,Tyod,Normal/Others,"NA - Purchase of prosthetics, wheel chairs, tricycles (manual or motorized), elect scooties, hearing aids",DISTRICT COLLECTOR AJMER_IDA,2023-10-07,Action Pending,50000,Unsanctioned
MPLADS-035771,Om Birla,Lok Sabha,Rajasthan,KOTA,,,KESHORAIPATAN,Gendoli Kalan,Normal/Others,WS/MP727/2023-2024/33620 - Construction of additional rooms and halls in the existing public and community building,DISTRICT COLLECTOR BUNDI_IDA,2023-10-07,Approved by IDA,800000,Unsanctioned
MPLADS-035772,Bhagirath Chaudhary,Lok Sabha,Rajasthan,AJMER,,,PISANGAN,Dholadanta Nyara,Normal/Others,"NA - Purchase of prosthetics, wheel chairs, tricycles (manual or motorized), elect scooties, hearing aids",DISTRICT COLLECTOR AJMER_IDA,2023-10-07,Action Pending,50000,Unsanctioned
MPLADS-035773,Om Birla,Lok Sabha,Rajasthan,KOTA,,,TALERA,Teerath,Normal/Others,"NA - Construction of roads, approach roads, link roads and pathways",DISTRICT COLLECTOR BUNDI_IDA,2023-10-07,Action Pending,800000,Unsanctioned
MPLADS-035774,Om Birla,Lok Sabha,Rajasthan,KOTA,,,SANGOD,Awan,Repair and Renovation,NA - Construction of rooms and halls in school and colleges,DISTRICT COLLECTOR KOTA_IDA,2023-10-07,Action Pending,500000,Unsanctioned
MPLADS-035775,Om Birla,Lok Sabha,Rajasthan,KOTA,,,LADPURA,Baori Khera,Normal/Others,NA - Crematoriums or structures on burial/ cremation ground for public convenience,DISTRICT COLLECTOR KOTA_IDA,2023-10-07,Action Pending,300000,Unsanctioned
MPLADS-035776,Om Birla,Lok Sabha,Rajasthan,KOTA,,,LADPURA,Gaonri,Normal/Others,"NA - Construction of roads, approach roads, link roads and pathways",DISTRICT COLLECTOR KOTA_IDA,2023-10-07,Action Pending,700000,Unsanctioned
MPLADS-035777,Om Birla,Lok Sabha,Rajasthan,KOTA,,,LADPURA,Rangpur,Normal/Others,NA - Crematoriums or structures on burial/ cremation ground for public convenience,DISTRICT COLLECTOR KOTA_IDA,2023-10-07,Action Pending,800000,Unsanctioned
MPLADS-035780,Om Birla,Lok Sabha,Rajasthan,KOTA,,,SULTANPUR,Takarwara,Normal/Others,NA - Construction of flood control embankments,DISTRICT COLLECTOR KOTA_IDA,2023-10-07,Action Pending,1500000,Unsanctioned
MPLADS-035781,Bhagirath Chaudhary,Lok Sabha,Rajasthan,AJMER,,,KEKRI,Jal Ka Khera,Normal/Others,"NA - Purchase of prosthetics, wheel chairs, tricycles (manual or motorized), elect scooties, hearing aids",DISTRICT COLLECTOR AJMER_IDA,2023-10-07,Action Pending,50000,Unsanctioned
MPLADS-035782,Om Birla,Lok Sabha,Rajasthan,KOTA,,,SULTANPUR,Banethiya,Normal/Others,NA - Crematoriums or structures on burial/ cremation ground for public convenience,DISTRICT COLLECTOR KOTA_IDA,2023-10-07,Action Pending,500000,Unsanctioned
MPLADS-035783,Om Birla,Lok Sabha,Rajasthan,KOTA,,,SULTANPUR,Girdharpura,Normal/Others,NA - Crematoriums or structures on burial/ cremation ground for public convenience,DISTRICT COLLECTOR KOTA_IDA,2023-10-07,Action Pending,1000000,Unsanctioned
MPLADS-035784,Om Birla,Lok Sabha,Rajasthan,KOTA,,,SULTANPUR,Saneeja Baori,Normal/Others,NA - Crematoriums or structures on burial/ cremation ground for public convenience,DISTRICT COLLECTOR KOTA_IDA,2023-10-07,Action Pending,500000,Unsanctioned
MPLADS-035785,Om Birla,Lok Sabha,Rajasthan,KOTA,,,KESHORAIPATAN,Padra,Normal/Others,WS/MP727/2023-2024/33586 - Crematoriums or structures on burial/ cremation ground for public convenience,DISTRICT COLLECTOR BUNDI_IDA,2023-10-07,Approved by IDA,500000,Unsanctioned
MPLADS-035786,Om Birla,Lok Sabha,Rajasthan,KOTA,,,KESHORAIPATAN,Padra,Normal/Others,NA - Construction of rooms and halls in school and colleges,DISTRICT COLLECTOR BUNDI_IDA,2023-10-07,Action Pending,400000,Unsanctioned
MPLADS-035787,Bhagirath Chaudhary,Lok Sabha,Rajasthan,AJMER,,,ARAIN,Dadiya,Normal/Others,"NA - Purchase of prosthetics, wheel chairs, tricycles (manual or motorized), elect scooties, hearing aids",DISTRICT COLLECTOR AJMER_IDA,2023-10-07,Action Pending,50000,Unsanctioned
MPLADS-035788,Bhagirath Chaudhary,Lok Sabha,Rajasthan,AJMER,,,Kishangarh SILORA,Brijpura,Normal/Others,"NA - Purchase of prosthetics, wheel chairs, tricycles (manual or motorized), elect scooties, hearing aids",DISTRICT COLLECTOR AJMER_IDA,2023-10-07,Action Pending,50000,Unsanctioned
MPLADS-035789,Bhagirath Chaudhary,Lok Sabha,Rajasthan,AJMER,,,Kishangarh SILORA,Kucheel,Normal/Others,"NA - Purchase of prosthetics, wheel chairs, tricycles (manual or motorized), elect scooties, hearing aids",DISTRICT COLLECTOR AJMER_IDA,2023-10-07,Action Pending,50000,Unsanctioned
MPLADS-035793,Bhagirath Chaudhary,Lok Sabha,Rajasthan,AJMER,,,Ajmer Rural,Ramner Dhani,Normal/Others,NA - Construction of community centers and community halls,DISTRICT COLLECTOR AJMER_IDA,2023-10-07,Action Pending,500000,Unsanctioned
MPLADS-035871,Chandra Prakash Joshi,Lok Sabha,Rajasthan,CHITTORGARH,,,DUNGLA,Bilot,Normal/Others,NA - Construction of community centers and community halls,DISTRICT COLLECTOR CHITTORGARH_IDA,2023-10-06,Action Pending,400000,Unsanctioned
MPLADS-035872,Chandra Prakash Joshi,Lok Sabha,Rajasthan,CHITTORGARH,,,DUNGLA,Arned,Normal/Others,NA - Construction of community centers and community halls,DISTRICT COLLECTOR CHITTORGARH_IDA,2023-10-06,Action Pending,400000,Unsanctioned
MPLADS-035873,Bhagirath Chaudhary,Lok Sabha,Rajasthan,AJMER,Kishangarh,17,,,Normal/Others,NA - Construction of rooms and halls in school and colleges,DISTRICT COLLECTOR AJMER_IDA,2023-10-06,Action Pending,600000,Unsanctioned
MPLADS-035874,Chandra Prakash Joshi,Lok Sabha,Rajasthan,CHITTORGARH,,,DUNGLA,Sangesara,Normal/Others,NA - Construction of road under bridge,DISTRICT COLLECTOR CHITTORGARH_IDA,2023-10-06,Action Pending,500000,Unsanctioned
MPLADS-035881,Chandra Prakash Joshi,Lok Sabha,Rajasthan,CHITTORGARH,,,PRATAPGARH,Bamotar,Normal/Others,NA - Construction of rooms and halls in school and colleges,DISTRICT COLLECTOR PRATAPGARH_IDA,2023-10-06,Action Pending,500000,Unsanctioned
MPLADS-035883,Bhagirath Chaudhary,Lok Sabha,Rajasthan,AJMER,,,ARAIN,Bhogadeet,Normal/Others,NA - Construction of community centers and community halls,DISTRICT COLLECTOR AJMER_IDA,2023-10-06,Action Pending,500000,Unsanctioned
MPLADS-035884,Chandra Prakash Joshi,Lok Sabha,Rajasthan,CHITTORGARH,,,PRATAPGARH,Kalyanpura,Normal/Others,NA - Construction of community centers and community halls,DISTRICT COLLECTOR PRATAPGARH_IDA,2023-10-06,Action Pending,500000,Unsanctioned
MPLADS-035885,Bhagirath Chaudhary,Lok Sabha,Rajasthan,AJMER,Ajmer,10,,,Normal/Others,NA - Construction of community centers and community halls,DISTRICT COLLECTOR AJMER_IDA,2023-10-06,Action Pending,500000,Unsanctioned
MPLADS-035886,Bhagirath Chaudhary,Lok Sabha,Rajasthan,AJMER,,,Kishangarh SILORA,Sursura,Normal/Others,NA - Construction of community centers and community halls,DISTRICT COLLECTOR AJMER_IDA,2023-10-06,Action Pending,500000,Unsanctioned
MPLADS-035887,Chandra Prakash Joshi,Lok Sabha,Rajasthan,CHITTORGARH,,,PRATAPGARH,Gadola,Normal/Others,NA - Construction of common work sheds/ common covered sitting area,DISTRICT COLLECTOR PRATAPGARH_IDA,2023-10-06,Action Pending,300000,Unsanctioned
MPLADS-035888,Chandra Prakash Joshi,Lok Sabha,Rajasthan,CHITTORGARH,,,PRATAPGARH,Bari,Normal/Others,NA - Construction of rooms and halls in school and colleges,DISTRICT COLLECTOR PRATAPGARH_IDA,2023-10-06,Action Pending,500000,Unsanctioned
MPLADS-035889,Bhagirath Chaudhary,Lok Sabha,Rajasthan,AJMER,,,MAUZAMABAD,Gidani,Normal/Others,NA - Construction of community centers and community halls,DISTRICT COLLECTOR JAIPUR_IDA,2023-10-06,Action Pending,500000,Unsanctioned
MPLADS-035890,Chandra Prakash Joshi,Lok Sabha,Rajasthan,CHITTORGARH,,,DALOT,Ambeerama,Normal/Others,NA - Construction of rooms and halls in school and colleges,DISTRICT COLLECTOR PRATAPGARH_IDA,2023-10-06,Action Pending,500000,Unsanctioned
MPLADS-035891,Bhagirath Chaudhary,Lok Sabha,Rajasthan,AJMER,,,MAUZAMABAD,Mauzamabad,Normal/Others,NA - Construction of community centers and community halls,DISTRICT COLLECTOR JAIPUR_IDA,2023-10-06,Action Pending,500000,Unsanctioned
MPLADS-035892,Chandra Prakash Joshi,Lok Sabha,Rajasthan,CHITTORGARH,,,SUHAGPURA,Phoolda,Normal/Others,NA - Construction of community centers and community halls,DISTRICT COLLECTOR PRATAPGARH_IDA,2023-10-06,Action Pending,500000,Unsanctioned
MPLADS-035893,Chandra Prakash Joshi,Lok Sabha,Rajasthan,CHITTORGARH,,,SUHAGPURA,Padaliya,Normal/Others,NA - Construction of community centers and community halls,DISTRICT COLLECTOR PRATAPGARH_IDA,2023-10-06,Action Pending,400000,Unsanctioned
MPLADS-035900,Bhagirath Chaudhary,Lok Sabha,Rajasthan,AJMER,,,Kishangarh SILORA,Kucheel,Normal/Others,NA - Construction of community centers and community halls,DISTRICT COLLECTOR AJMER_IDA,2023-10-06,Action Pending,500000,Unsanctioned
MPLADS-035902,Chandra Prakash Joshi,Lok Sabha,Rajasthan,CHITTORGARH,,,DHAMOTAR,Nakor,Normal/Others,NA - Construction of rooms and halls in school and colleges,DISTRICT COLLECTOR PRATAPGARH_IDA,2023-10-06,Action Pending,500000,Unsanctioned
MPLADS-035903,Bhagirath Chaudhary,Lok Sabha,Rajasthan,AJMER,,,Kishangarh SILORA,Harmara,Normal/Others,"NA - Purchase of prosthetics, wheel chairs, tricycles (manual or motorized), elect scooties, hearing aids",DISTRICT COLLECTOR AJMER_IDA,2023-10-06,Action Pending,50000,Unsanctioned
MPLADS-035904,Shri Subhash Chandra Baheria ,Lok Sabha,Rajasthan,BHILWARA,,,KAREDA,Chansen,Normal/Others,NA - Construction of buildings for community cultural activities,DISTRICT COLLECTOR BHILWARA_IDA,2023-10-06,Action Pending,400000,Unsanctioned
MPLADS-035905,Bhagirath Chaudhary,Lok Sabha,Rajasthan,AJMER,,,Ajmer Rural,Jatli,Normal/Others,"NA - Purchase of prosthetics, wheel chairs, tricycles (manual or motorized), elect scooties, hearing aids",DISTRICT COLLECTOR AJMER_IDA,2023-10-06,Action Pending,50000,Unsanctioned
MPLADS-035906,Shri Subhash Chandra Baheria ,Lok Sabha,Rajasthan,BHILWARA,,,ASIND,Jhalra,Normal/Others,WS/MP385/2023-2024/32887 - Construction of buildings for community cultural activities,DISTRICT COLLECTOR BHILWARA_IDA,2023-10-06,Approved by IDA,250000,Sanctioned
MPLADS-035907,Chandra Prakash Joshi,Lok Sabha,Rajasthan,CHITTORGARH,,,DHAMOTAR,Bihara,Normal/Others,NA - Construction of rooms and halls in school and colleges,DISTRICT COLLECTOR PRATAPGARH_IDA,2023-10-06,Action Pending,300000,Unsanctioned
MPLADS-035908,Shri Subhash Chandra Baheria ,Lok Sabha,Rajasthan,BHILWARA,,,ASIND,Jhalra,Normal/Others,WS/MP385/2023-2024/32885 - Construction of buildings for community cultural activities,DISTRICT COLLECTOR BHILWARA_IDA,2023-10-06,Approved by IDA,250000,Sanctioned
MPLADS-035909,Bhagirath Chaudhary,Lok Sabha,Rajasthan,AJMER,,,Kishangarh SILORA,Patan,Normal/Others,"NA - Purchase of prosthetics, wheel chairs, tricycles (manual or motorized), elect scooties, hearing aids",DISTRICT COLLECTOR AJMER_IDA,2023-10-06,Action Pending,50000,Unsanctioned
MPLADS-035910,Chandra Prakash Joshi,Lok Sabha,Rajasthan,CHITTORGARH,,,DHAMOTAR,Khoontgarh,Normal/Others,NA - Construction of community centers and community halls,DISTRICT COLLECTOR PRATAPGARH_IDA,2023-10-06,Action Pending,300000,Unsanctioned
MPLADS-035911,Bhagirath Chaudhary,Lok Sabha,Rajasthan,AJMER,,,Kishangarh SILORA,Patan,Normal/Others,"NA - Purchase of prosthetics, wheel chairs, tricycles (manual or motorized), elect scooties, hearing aids",DISTRICT COLLECTOR AJMER_IDA,2023-10-06,Action Pending,50000,Unsanctioned
MPLADS-035912,Bhagirath Chaudhary,Lok Sabha,Rajasthan,AJMER,,,Kishangarh SILORA,Deendwara,Normal/Others,"NA - Purchase of prosthetics, wheel chairs, tricycles (manual or motorized), elect scooties, hearing aids",DISTRICT COLLECTOR AJMER_IDA,2023-10-06,Action Pending,50000,Unsanctioned
MPLADS-035913,Bhagirath Chaudhary,Lok Sabha,Rajasthan,AJMER,,,Kishangarh SILORA,Bandar Seendri,Normal/Others,"NA - Purchase of prosthetics, wheel chairs, tricycles (manual or motorized), elect scooties, hearing aids",DISTRICT COLLECTOR AJMER_IDA,2023-10-06,Action Pending,50000,Unsanctioned
MPLADS-035914,Chandra Prakash Joshi,Lok Sabha,Rajasthan,CHITTORGARH,,,PRATAPGARH,Samli Phatar,Normal/Others,NA - Construction of road under bridge,DISTRICT COLLECTOR PRATAPGARH_IDA,2023-10-06,Action Pending,300000,Unsanctioned
MPLADS-035915,Chandra Prakash Joshi,Lok Sabha,Rajasthan,CHITTORGARH,,,CHHOTI SADRI,Haripura,Normal/Others,NA - Construction of rooms and halls in school and colleges,DISTRICT COLLECTOR PRATAPGARH_IDA,2023-10-06,Action Pending,500000,Unsanctioned
MPLADS-035916,Narendra Kumar,Lok Sabha,Rajasthan,JHUNJHUNU,,,FATEHPUR,Nabipura,Normal/Others,NA - Construction of boundary walls of existing public and community buildings,DISTRICT COLLECTOR SIKAR_IDA,2023-10-06,Action Pending,500000,Unsanctioned
MPLADS-035917,Bhagirath Chaudhary,Lok Sabha,Rajasthan,AJMER,,,DUDU,Marwa,Normal/Others,"NA - Purchase of prosthetics, wheel chairs, tricycles (manual or motorized), elect scooties, hearing aids",DISTRICT COLLECTOR JAIPUR_IDA,2023-10-06,Action Pending,50000,Unsanctioned
MPLADS-035918,Chandra Prakash Joshi,Lok Sabha,Rajasthan,CHITTORGARH,,,CHHOTI SADRI,Inton Ka Talab,Normal/Others,NA - Construction of rooms and halls in school and colleges,DISTRICT COLLECTOR PRATAPGARH_IDA,2023-10-06,Action Pending,500000,Unsanctioned
MPLADS-035919,Chandra Prakash Joshi,Lok Sabha,Rajasthan,CHITTORGARH,,,CHHOTI SADRI,Karjoo,Normal/Others,NA - Installing tube-wells and borewells,DISTRICT COLLECTOR PRATAPGARH_IDA,2023-10-06,Action Pending,150000,Unsanctioned
MPLADS-035920,Bhagirath Chaudhary,Lok Sabha,Rajasthan,AJMER,Kishangarh,9,,,Normal/Others,"NA - Purchase of prosthetics, wheel chairs, tricycles (manual or motorized), elect scooties, hearing aids",DISTRICT COLLECTOR AJMER_IDA,2023-10-06,Action Pending,50000,Unsanctioned
MPLADS-035921,Bhagirath Chaudhary,Lok Sabha,Rajasthan,AJMER,,,BHINAY,Deoliya Kalan,Normal/Others,"NA - Purchase of prosthetics, wheel chairs, tricycles (manual or motorized), elect scooties, hearing aids",DISTRICT COLLECTOR AJMER_IDA,2023-10-06,Action Pending,50000,Unsanctioned
MPLADS-035922,Gajendra Singh Shekhawat,Lok Sabha,Rajasthan,JODHPUR,,,Lohawat,Pali- I,Normal/Others,NA - Construction of boundary walls of existing public and community buildings,DISTRICT COLLECTOR PHALODI_IDA,2023-10-06,Action Pending,500000,Unsanctioned
MPLADS-035923,Chandra Prakash Joshi,Lok Sabha,Rajasthan,CHITTORGARH,,,DHAMOTAR,Mand Kalan,Normal/Others,NA - Construction of community centers and community halls,DISTRICT COLLECTOR PRATAPGARH_IDA,2023-10-06,Action Pending,300000,Unsanctioned
MPLADS-035924,Shri Subhash Chandra Baheria ,Lok Sabha,Rajasthan,BHILWARA,,,KOTRI,Barliyas,Normal/Others,NA - Crematoriums or structures on burial/ cremation ground for public convenience,DISTRICT COLLECTOR BHILWARA_IDA,2023-10-06,Action Pending,600000,Unsanctioned
MPLADS-035926,Bhagirath Chaudhary,Lok Sabha,Rajasthan,AJMER,,,Kishangarh SILORA,Sursura,Normal/Others,NA - Installing tube-wells and borewells,DISTRICT COLLECTOR AJMER_IDA,2023-10-06,Action Pending,400000,Unsanctioned
MPLADS-035935,Chandra Prakash Joshi,Lok Sabha,Rajasthan,CHITTORGARH,,,SUHAGPURA,Kachotiya,Normal/Others,NA - Construction of community centers and community halls,DISTRICT COLLECTOR PRATAPGARH_IDA,2023-10-06,Action Pending,400000,Unsanctioned
MPLADS-035936,Chandra Prakash Joshi,Lok Sabha,Rajasthan,CHITTORGARH,,,MAVLI,Salera Kalan,Normal/Others,NA - Construction of community centers and community halls,DISTRICT COLLECTOR UDAIPUR_IDA,2023-10-06,Action Pending,300000,Unsanctioned
MPLADS-035937,Bhagirath Chaudhary,Lok Sabha,Rajasthan,AJMER,Kishangarh,46,,,Normal/Others,"NA - Purchase of prosthetics, wheel chairs, tricycles (manual or motorized), elect scooties, hearing aids",DISTRICT COLLECTOR AJMER_IDA,2023-10-06,Action Pending,50000,Unsanctioned
MPLADS-035938,Bhagirath Chaudhary,Lok Sabha,Rajasthan,AJMER,,,Ajmer Rural,Boraj-Kazipura (CT),Normal/Others,NA - Construction of community centers and community halls,DISTRICT COLLECTOR AJMER_IDA,2023-10-06,Action Pending,1000000,Unsanctioned
MPLADS-035939,Bhagirath Chaudhary,Lok Sabha,Rajasthan,AJMER,,,SRINAGAR,Dhal,Normal/Others,NA - Construction of community centers and community halls,DISTRICT COLLECTOR AJMER_IDA,2023-10-06,Action Pending,500000,Unsanctioned
MPLADS-035940,Bhagirath Chaudhary,Lok Sabha,Rajasthan,AJMER,Kishangarh,9,,,Normal/Others,"NA - Purchase of prosthetics, wheel chairs, tricycles (manual or motorized), elect scooties, hearing aids",DISTRICT COLLECTOR AJMER_IDA,2023-10-06,Action Pending,50000,Unsanctioned
MPLADS-035941,Chandra Prakash Joshi,Lok Sabha,Rajasthan,CHITTORGARH,,,MAVLI,Sakroda,Normal/Others,NA - Construction of boundary walls of existing public and community buildings,DISTRICT COLLECTOR UDAIPUR_IDA,2023-10-06,Action Pending,400000,Unsanctioned
MPLADS-035942,Bhagirath Chaudhary,Lok Sabha,Rajasthan,AJMER,Kishangarh,51,,,Normal/Others,"NA - Purchase of prosthetics, wheel chairs, tricycles (manual or motorized), elect scooties, hearing aids",DISTRICT COLLECTOR AJMER_IDA,2023-10-06,Action Pending,50000,Unsanctioned
MPLADS-035943,Chandra Prakash Joshi,Lok Sabha,Rajasthan,CHITTORGARH,,,MAVLI,Chandesara,Normal/Others,NA - Construction of boundary walls of existing public and community buildings,DISTRICT COLLECTOR UDAIPUR_IDA,2023-10-06,Action Pending,400000,Unsanctioned
MPLADS-035944,Bhagirath Chaudhary,Lok Sabha,Rajasthan,AJMER,Kishangarh,51,,,Normal/Others,"NA - Purchase of prosthetics, wheel chairs, tricycles (manual or motorized), elect scooties, hearing aids",DISTRICT COLLECTOR AJMER_IDA,2023-10-06,Action Pending,50000,Unsanctioned
MPLADS-035945,Chandra Prakash Joshi,Lok Sabha,Rajasthan,CHITTORGARH,,,MAVLI,Bariyar,Normal/Others,NA - Construction of road under bridge,DISTRICT COLLECTOR UDAIPUR_IDA,2023-10-06,Action Pending,400000,Unsanctioned
MPLADS-035946,Shri Subhash Chandra Baheria ,Lok Sabha,Rajasthan,BHILWARA,,,BANERA,Lotiyas,Normal/Others,WS/MP385/2023-2024/32971 - Construction of rooms and halls in school and colleges,DISTRICT COLLECTOR BHILWARA_IDA,2023-10-06,Approved by IDA,350000,Unsanctioned
MPLADS-035947,Chandra Prakash Joshi,Lok Sabha,Rajasthan,CHITTORGARH,,,DUNGLA,Idra,Normal/Others,NA - Setting up of electric vehicle charging stations,DISTRICT COLLECTOR CHITTORGARH_IDA,2023-10-06,Action Pending,500000,Unsanctioned
MPLADS-035949,Chandra Prakash Joshi,Lok Sabha,Rajasthan,CHITTORGARH,,,BARI SADRI,Khardeola,Normal/Others,NA - Lighting of public spaces,DISTRICT COLLECTOR CHITTORGARH_IDA,2023-10-06,Action Pending,100000,Unsanctioned
MPLADS-035951,Chandra Prakash Joshi,Lok Sabha,Rajasthan,CHITTORGARH,,,RASHMI,Bawlas,Normal/Others,NA - Construction of community centers and community halls,DISTRICT COLLECTOR CHITTORGARH_IDA,2023-10-06,Action Pending,200000,Unsanctioned
MPLADS-035952,Chandra Prakash Joshi,Lok Sabha,Rajasthan,CHITTORGARH,,,BHAINSRORGARH,Jal Khera,Normal/Others,NA - Construction of community centers and community halls,DISTRICT COLLECTOR CHITTORGARH_IDA,2023-10-06,Action Pending,300000,Unsanctioned
MPLADS-035953,Chandra Prakash Joshi,Lok Sabha,Rajasthan,CHITTORGARH,,,GANGRAR,Gangrar,Normal/Others,NA - Construction of community centers and community halls,DISTRICT COLLECTOR CHITTORGARH_IDA,2023-10-06,Action Pending,400000,Unsanctioned
MPLADS-035954,Chandra Prakash Joshi,Lok Sabha,Rajasthan,CHITTORGARH,,,BEGUN,Mandawari,Normal/Others,NA - Construction of common work sheds/ common covered sitting area,DISTRICT COLLECTOR CHITTORGARH_IDA,2023-10-06,Action Pending,400000,Unsanctioned
MPLADS-035955,Chandra Prakash Joshi,Lok Sabha,Rajasthan,CHITTORGARH,,,KAPASAN,Hathiyana,Normal/Others,NA - Construction of community centers and community halls,DISTRICT COLLECTOR CHITTORGARH_IDA,2023-10-06,Action Pending,300000,Unsanctioned
MPLADS-035956,Chandra Prakash Joshi,Lok Sabha,Rajasthan,CHITTORGARH,,,NIMBAHERA,Arniya Joshi,Normal/Others,NA - Construction of community centers and community halls,DISTRICT COLLECTOR CHITTORGARH_IDA,2023-10-06,Action Pending,400000,Unsanctioned
MPLADS-035957,Chandra Prakash Joshi,Lok Sabha,Rajasthan,CHITTORGARH,,,NIMBAHERA,Bangera Ghata,Normal/Others,NA - Construction of community centers and community halls,DISTRICT COLLECTOR CHITTORGARH_IDA,2023-10-06,Action Pending,300000,Unsanctioned
MPLADS-035958,Chandra Prakash Joshi,Lok Sabha,Rajasthan,CHITTORGARH,,,CHITTORGARH,Songar,Normal/Others,NA - Construction of community centers and community halls,DISTRICT COLLECTOR CHITTORGARH_IDA,2023-10-06,Action Pending,400000,Unsanctioned
MPLADS-035959,Chandra Prakash Joshi,Lok Sabha,Rajasthan,CHITTORGARH,,,CHITTORGARH,Dagla Ka Khera,Normal/Others,NA - Construction of community centers and community halls,DISTRICT COLLECTOR CHITTORGARH_IDA,2023-10-06,Action Pending,300000,Unsanctioned
MPLADS-035960,Chandra Prakash Joshi,Lok Sabha,Rajasthan,CHITTORGARH,,,BARI SADRI,Bhatoli,Normal/Others,NA - Construction of community centers and community halls,DISTRICT COLLECTOR CHITTORGARH_IDA,2023-10-06,Action Pending,400000,Unsanctioned
MPLADS-035961,Chandra Prakash Joshi,Lok Sabha,Rajasthan,CHITTORGARH,,,CHITTORGARH,Deori,Normal/Others,NA - Construction of community centers and community halls,DISTRICT COLLECTOR CHITTORGARH_IDA,2023-10-06,Action Pending,300000,Unsanctioned
MPLADS-035962,Chandra Prakash Joshi,Lok Sabha,Rajasthan,CHITTORGARH,,,BARI SADRI,Bhatoli,Normal/Others,NA - Construction of community centers and community halls,DISTRICT COLLECTOR CHITTORGARH_IDA,2023-10-06,Action Pending,400000,Unsanctioned
MPLADS-035966,Chandra Prakash Joshi,Lok Sabha,Rajasthan,CHITTORGARH,,,CHITTORGARH,Sawa (CT),Normal/Others,NA - Construction of additional rooms and halls in the existing public and community building,DISTRICT COLLECTOR CHITTORGARH_IDA,2023-10-06,Action Pending,250000,Unsanctioned
MPLADS-035967,Chandra Prakash Joshi,Lok Sabha,Rajasthan,CHITTORGARH,,,BHAINSRORGARH,Rajpura,Normal/Others,NA - Construction of community centers and community halls,DISTRICT COLLECTOR CHITTORGARH_IDA,2023-10-06,Action Pending,400000,Unsanctioned
MPLADS-035968,Chandra Prakash Joshi,Lok Sabha,Rajasthan,CHITTORGARH,,,BHADESAR,Rewaliya Khurd,Normal/Others,NA - Construction of community centers and community halls,DISTRICT COLLECTOR CHITTORGARH_IDA,2023-10-06,Action Pending,300000,Unsanctioned
MPLADS-035969,Shri Subhash Chandra Baheria ,Lok Sabha,Rajasthan,BHILWARA,,,MANDAL,Santoshpura,Normal/Others,WS/MP385/2023-2024/33288 - Crematoriums or structures on burial/ cremation ground for public convenience,DISTRICT COLLECTOR BHILWARA_IDA,2023-10-06,Approved by IDA,500000,Unsanctioned
MPLADS-035970,Chandra Prakash Joshi,Lok Sabha,Rajasthan,CHITTORGARH,,,KURABAD,Bambora,Normal/Others,NA - Construction of community centers and community halls,DISTRICT COLLECTOR UDAIPUR_IDA,2023-10-06,Action Pending,400000,Unsanctioned
MPLADS-035971,Shri Subhash Chandra Baheria ,Lok Sabha,Rajasthan,BHILWARA,,,BIJOLIYA,Kharipur,Normal/Others,NA - Construction of buildings for community cultural activities,DISTRICT COLLECTOR BHILWARA_IDA,2023-10-06,Action Pending,525000,Unsanctioned
MPLADS-035972,Shri Subhash Chandra Baheria ,Lok Sabha,Rajasthan,BHILWARA,,,MANDAL,Bawadi,Normal/Others,NA - Construction of buildings for community cultural activities,DISTRICT COLLECTOR BHILWARA_IDA,2023-10-06,Action Pending,300000,Unsanctioned
MPLADS-035973,Chandra Prakash Joshi,Lok Sabha,Rajasthan,CHITTORGARH,,,BARI SADRI,Jaisinghpura,Normal/Others,NA - Construction of boundary walls of existing public and community buildings,DISTRICT COLLECTOR CHITTORGARH_IDA,2023-10-06,Action Pending,400000,Unsanctioned
MPLADS-035974,Shri Subhash Chandra Baheria ,Lok Sabha,Rajasthan,BHILWARA,,,MANDAL,Bhairoo Khera,Normal/Others,NA - Setting up of kitchen and pantries,DISTRICT COLLECTOR BHILWARA_IDA,2023-10-06,Action Pending,300000,Unsanctioned
MPLADS-035975,Chandra Prakash Joshi,Lok Sabha,Rajasthan,CHITTORGARH,,,DUNGLA,Lothiyana,Normal/Others,NA - Construction of community centers and community halls,DISTRICT COLLECTOR CHITTORGARH_IDA,2023-10-06,Action Pending,400000,Unsanctioned
MPLADS-035976,Chandra Prakash Joshi,Lok Sabha,Rajasthan,CHITTORGARH,,,CHITTORGARH,Gilund,Normal/Others,NA - Construction of community centers and community halls,DISTRICT COLLECTOR CHITTORGARH_IDA,2023-10-06,Action Pending,400000,Unsanctioned
MPLADS-035977,Chandra Prakash Joshi,Lok Sabha,Rajasthan,CHITTORGARH,,,BEGUN,Nandwai,Normal/Others,NA - Installing tube-wells and borewells,DISTRICT COLLECTOR CHITTORGARH_IDA,2023-10-06,Action Pending,500000,Unsanctioned
MPLADS-035978,Shri Subhash Chandra Baheria ,Lok Sabha,Rajasthan,BHILWARA,,,MANDALGARH,Khatwara,Normal/Others,NA - Construction of additional rooms and halls in the existing public and community building,DISTRICT COLLECTOR BHILWARA_IDA,2023-10-06,Action Pending,400000,Unsanctioned
MPLADS-035979,Chandra Prakash Joshi,Lok Sabha,Rajasthan,CHITTORGARH,,,GANGRAR,Rughnathpura,Normal/Others,NA - Construction of community centers and community halls,DISTRICT COLLECTOR CHITTORGARH_IDA,2023-10-06,Action Pending,300000,Unsanctioned
MPLADS-035980,Shri Subhash Chandra Baheria ,Lok Sabha,Rajasthan,BHILWARA,,,RAIPUR,Khemana,Normal/Others,NA - Construction of buildings for community cultural activities,DISTRICT COLLECTOR BHILWARA_IDA,2023-10-06,Action Pending,300000,Unsanctioned
MPLADS-035981,Chandra Prakash Joshi,Lok Sabha,Rajasthan,CHITTORGARH,,,BEGUN,Rajpura,Normal/Others,NA - Construction of community centers and community halls,DISTRICT COLLECTOR CHITTORGARH_IDA,2023-10-06,Action Pending,500000,Unsanctioned
MPLADS-035982,Chandra Prakash Joshi,Lok Sabha,Rajasthan,CHITTORGARH,,,BEGUN,Anwalhera,Normal/Others,NA - Construction of community centers and community halls,DISTRICT COLLECTOR CHITTORGARH_IDA,2023-10-06,Action Pending,400000,Unsanctioned
MPLADS-035983,Chandra Prakash Joshi,Lok Sabha,Rajasthan,CHITTORGARH,,,RASHMI,Uncha,Normal/Others,NA - Construction of boundary walls of existing public and community buildings,DISTRICT COLLECTOR CHITTORGARH_IDA,2023-10-06,Action Pending,500000,Unsanctioned
MPLADS-035986,Chandra Prakash Joshi,Lok Sabha,Rajasthan,CHITTORGARH,,,BARI SADRI,Mahoora,Normal/Others,NA - Lighting of public spaces,DISTRICT COLLECTOR CHITTORGARH_IDA,2023-10-06,Action Pending,200000,Unsanctioned
MPLADS-036021,Chandra Prakash Joshi,Lok Sabha,Rajasthan,CHITTORGARH,,,KURABAD,Ramaj,Normal/Others,NA - Construction of community centers and community halls,DISTRICT COLLECTOR UDAIPUR_IDA,2023-10-06,Action Pending,400000,Unsanctioned
MPLADS-036022,Chandra Prakash Joshi,Lok Sabha,Rajasthan,CHITTORGARH,,,KURABAD,Basu,Normal/Others,NA - Construction of community centers and community halls,DISTRICT COLLECTOR UDAIPUR_IDA,2023-10-06,Action Pending,400000,Unsanctioned
MPLADS-036023,Chandra Prakash Joshi,Lok Sabha,Rajasthan,CHITTORGARH,,,KURABAD,Wali,Normal/Others,NA - Construction of community centers and community halls,DISTRICT COLLECTOR UDAIPUR_IDA,2023-10-06,Action Pending,400000,Unsanctioned
MPLADS-036024,Chandra Prakash Joshi,Lok Sabha,Rajasthan,CHITTORGARH,,,VALLABHNAGAR,Batharda Kalan,Normal/Others,NA - Construction of rooms and halls in school and colleges,DISTRICT COLLECTOR UDAIPUR_IDA,2023-10-06,Action Pending,500000,Unsanctioned
MPLADS-036025,Narendra Kumar,Lok Sabha,Rajasthan,JHUNJHUNU,,,ALSISAR,Khariya,Normal/Others,"NA - Construction of roads, approach roads, link roads and pathways",DISTRICT COLLECTOR JHUNJHUNU_IDA,2023-10-06,Action Pending,1300000,Unsanctioned
MPLADS-036026,Narendra Kumar,Lok Sabha,Rajasthan,JHUNJHUNU,,,FATEHPUR,Theemoli,Normal/Others,"NA - Construction of roads, approach roads, link roads and pathways",DISTRICT COLLECTOR SIKAR_IDA,2023-10-06,Action Pending,1350000,Unsanctioned
MPLADS-036027,Narendra Kumar,Lok Sabha,Rajasthan,JHUNJHUNU,,,ALSISAR,Jhatawa Khurd,Normal/Others,"NA - Construction of roads, approach roads, link roads and pathways",DISTRICT COLLECTOR JHUNJHUNU_IDA,2023-10-06,Action Pending,900000,Unsanctioned
MPLADS-036028,Narendra Kumar,Lok Sabha,Rajasthan,JHUNJHUNU,,,ALSISAR,Bas Haripura,Normal/Others,"NA - Construction of roads, approach roads, link roads and pathways",DISTRICT COLLECTOR JHUNJHUNU_IDA,2023-10-06,Action Pending,600000,Unsanctioned
MPLADS-036029,Chandra Prakash Joshi,Lok Sabha,Rajasthan,CHITTORGARH,,,GANGRAR,Kanti,Normal/Others,NA - Construction of community centers and community halls,DISTRICT COLLECTOR CHITTORGARH_IDA,2023-10-06,Action Pending,400000,Unsanctioned
MPLADS-036030,Chandra Prakash Joshi,Lok Sabha,Rajasthan,CHITTORGARH,,,NIMBAHERA,Narsingh Garh,Normal/Others,NA - Construction of community centers and community halls,DISTRICT COLLECTOR CHITTORGARH_IDA,2023-10-06,Action Pending,400000,Unsanctioned
MPLADS-036031,Chandra Prakash Joshi,Lok Sabha,Rajasthan,CHITTORGARH,,,NIMBAHERA,Sarsi,Normal/Others,NA - Construction of community centers and community halls,DISTRICT COLLECTOR CHITTORGARH_IDA,2023-10-06,Action Pending,500000,Unsanctioned
MPLADS-036032,Chandra Prakash Joshi,Lok Sabha,Rajasthan,CHITTORGARH,,,NIMBAHERA,Bari,Normal/Others,NA - Construction of community centers and community halls,DISTRICT COLLECTOR CHITTORGARH_IDA,2023-10-06,Action Pending,400000,Unsanctioned
MPLADS-036033,Chandra Prakash Joshi,Lok Sabha,Rajasthan,CHITTORGARH,,,NIMBAHERA,Tai,Normal/Others,NA - Construction of community centers and community halls,DISTRICT COLLECTOR CHITTORGARH_IDA,2023-10-06,Action Pending,400000,Unsanctioned
MPLADS-036034,Chandra Prakash Joshi,Lok Sabha,Rajasthan,CHITTORGARH,,,NIMBAHERA,Keli,Normal/Others,NA - Construction of community centers and community halls,DISTRICT COLLECTOR CHITTORGARH_IDA,2023-10-06,Action Pending,400000,Unsanctioned
MPLADS-036035,Chandra Prakash Joshi,Lok Sabha,Rajasthan,CHITTORGARH,,,NIMBAHERA,Lasrawan,Normal/Others,NA - Construction of community centers and community halls,DISTRICT COLLECTOR CHITTORGARH_IDA,2023-10-06,Action Pending,400000,Unsanctioned
MPLADS-036036,Chandra Prakash Joshi,Lok Sabha,Rajasthan,CHITTORGARH,,,NIMBAHERA,Bhawaliya,Normal/Others,NA - Common work sheds for artisans,DISTRICT COLLECTOR CHITTORGARH_IDA,2023-10-06,Action Pending,300000,Unsanctioned
MPLADS-036037,Chandra Prakash Joshi,Lok Sabha,Rajasthan,CHITTORGARH,,,NIMBAHERA,Mandla Charan,Normal/Others,NA - Construction of boundary walls of existing public and community buildings,DISTRICT COLLECTOR CHITTORGARH_IDA,2023-10-06,Action Pending,500000,Unsanctioned
MPLADS-036038,Chandra Prakash Joshi,Lok Sabha,Rajasthan,CHITTORGARH,,,BHADESAR,Potla Kalan,Normal/Others,NA - Construction of community centers and community halls,DISTRICT COLLECTOR CHITTORGARH_IDA,2023-10-06,Action Pending,250000,Unsanctioned
MPLADS-036039,Chandra Prakash Joshi,Lok Sabha,Rajasthan,CHITTORGARH,,,BHADESAR,Kanthariya,Normal/Others,NA - Construction of community centers and community halls,DISTRICT COLLECTOR CHITTORGARH_IDA,2023-10-06,Action Pending,250000,Unsanctioned
MPLADS-036040,Narendra Kumar,Lok Sabha,Rajasthan,JHUNJHUNU,,,MANDAWA,Sesu,Normal/Others,"NA - Construction of roads, approach roads, link roads and pathways",DISTRICT COLLECTOR JHUNJHUNU_IDA,2023-10-06,Action Pending,400000,Unsanctioned
MPLADS-036041,Narendra Kumar,Lok Sabha,Rajasthan,JHUNJHUNU,,,MANDAWA,Kuharoo,Normal/Others,"NA - Construction of roads, approach roads, link roads and pathways",DISTRICT COLLECTOR JHUNJHUNU_IDA,2023-10-06,Action Pending,450000,Unsanctioned
MPLADS-036042,Chandra Prakash Joshi,Lok Sabha,Rajasthan,CHITTORGARH,,,GANGRAR,Kharkhanda,Normal/Others,NA - Construction of community centers and community halls,DISTRICT COLLECTOR CHITTORGARH_IDA,2023-10-06,Action Pending,400000,Unsanctioned
MPLADS-036043,Smt Jaskaur Meena ,Lok Sabha,Rajasthan,DAUSA(ST),,,Bandikui,Pamadi,Normal/Others,NA - Development of playground,DISTRICT COLLECTOR DAUSA_IDA,2023-10-06,Action Pending,500000,Unsanctioned
MPLADS-036044,Chandra Prakash Joshi,Lok Sabha,Rajasthan,CHITTORGARH,,,BARI SADRI,Payri,Normal/Others,NA - Construction of boundary walls of existing public and community buildings,DISTRICT COLLECTOR CHITTORGARH_IDA,2023-10-06,Rejected by IDA,500000,Unsanctioned
MPLADS-036045,Chandra Prakash Joshi,Lok Sabha,Rajasthan,CHITTORGARH,,,BARI SADRI,Chainpuriya,Normal/Others,NA - Installing tube-wells and borewells,DISTRICT COLLECTOR CHITTORGARH_IDA,2023-10-06,Action Pending,300000,Unsanctioned
MPLADS-036046,Chandra Prakash Joshi,Lok Sabha,Rajasthan,CHITTORGARH,Bari Sadri,11,,,Normal/Others,NA - Construction of community centers and community halls,DISTRICT COLLECTOR CHITTORGARH_IDA,2023-10-06,Action Pending,400000,Unsanctioned
MPLADS-036047,Chandra Prakash Joshi,Lok Sabha,Rajasthan,CHITTORGARH,,,BHAINSRORGARH,Bhainsrorgarh,Normal/Others,NA - Construction of community centers and community halls,DISTRICT COLLECTOR CHITTORGARH_IDA,2023-10-06,Rejected by IDA,300000,Unsanctioned
MPLADS-036048,Chandra Prakash Joshi,Lok Sabha,Rajasthan,CHITTORGARH,,,BHAINSRORGARH,Bhainsrorgarh,Normal/Others,NA - Construction of community centers and community halls,DISTRICT COLLECTOR CHITTORGARH_IDA,2023-10-06,Action Pending,300000,Unsanctioned
MPLADS-036049,Smt Jaskaur Meena ,Lok Sabha,Rajasthan,DAUSA(ST),,,Bandikui,Pamadi,Normal/Others,NA - Construction of boundary walls of existing public and community buildings,DISTRICT COLLECTOR DAUSA_IDA,2023-10-06,Action Pending,500000,Unsanctioned
MPLADS-036050,Chandra Prakash Joshi,Lok Sabha,Rajasthan,CHITTORGARH,,,BEGUN,Shadi,Normal/Others,NA - Construction of community centers and community halls,DISTRICT COLLECTOR CHITTORGARH_IDA,2023-10-06,Rejected by IDA,400000,Unsanctioned
MPLADS-036051,Chandra Prakash Joshi,Lok Sabha,Rajasthan,CHITTORGARH,,,GANGRAR,Pootholi,Normal/Others,NA - Setting up of electric vehicle charging stations,DISTRICT COLLECTOR CHITTORGARH_IDA,2023-10-06,Action Pending,500000,Unsanctioned
MPLADS-036052,Chandra Prakash Joshi,Lok Sabha,Rajasthan,CHITTORGARH,,,BEGUN,Thukrai,Normal/Others,NA - Construction of community centers and community halls,DISTRICT COLLECTOR CHITTORGARH_IDA,2023-10-06,Rejected by IDA,500000,Unsanctioned
MPLADS-036053,Chandra Prakash Joshi,Lok Sabha,Rajasthan,CHITTORGARH,,,BEGUN,Meghpura,Normal/Others,NA - Construction of community centers and community halls,DISTRICT COLLECTOR CHITTORGARH_IDA,2023-10-06,Action Pending,400000,Unsanctioned
MPLADS-036054,Chandra Prakash Joshi,Lok Sabha,Rajasthan,CHITTORGARH,,,BEGUN,Dorai,Normal/Others,NA - Construction of community centers and community halls,DISTRICT COLLECTOR CHITTORGARH_IDA,2023-10-06,Action Pending,400000,Unsanctioned
MPLADS-036055,Chandra Prakash Joshi,Lok Sabha,Rajasthan,CHITTORGARH,,,GANGRAR,Gowaliya,Normal/Others,NA - Construction of community centers and community halls,DISTRICT COLLECTOR CHITTORGARH_IDA,2023-10-06,Action Pending,400000,Unsanctioned
MPLADS-036056,Chandra Prakash Joshi,Lok Sabha,Rajasthan,CHITTORGARH,,,GANGRAR,Sudri,Normal/Others,NA - Construction of community centers and community halls,DISTRICT COLLECTOR CHITTORGARH_IDA,2023-10-06,Action Pending,400000,Unsanctioned
MPLADS-036057,Chandra Prakash Joshi,Lok Sabha,Rajasthan,CHITTORGARH,,,GANGRAR,Sadas,Normal/Others,NA - Construction of community centers and community halls,DISTRICT COLLECTOR CHITTORGARH_IDA,2023-10-06,Action Pending,400000,Unsanctioned
MPLADS-036058,Chandra Prakash Joshi,Lok Sabha,Rajasthan,CHITTORGARH,,,BHADESAR,Akya,Normal/Others,NA - Lighting of public spaces,DISTRICT COLLECTOR CHITTORGARH_IDA,2023-10-06,Action Pending,500000,Unsanctioned
MPLADS-036059,Chandra Prakash Joshi,Lok Sabha,Rajasthan,CHITTORGARH,,,BHOPALSAGAR,Gundli,Normal/Others,NA - Construction of community centers and community halls,DISTRICT COLLECTOR CHITTORGARH_IDA,2023-10-06,Action Pending,250000,Unsanctioned
MPLADS-036060,Chandra Prakash Joshi,Lok Sabha,Rajasthan,CHITTORGARH,,,BHOPALSAGAR,Usrol,Normal/Others,NA - Construction of community centers and community halls,DISTRICT COLLECTOR CHITTORGARH_IDA,2023-10-06,Action Pending,300000,Unsanctioned
MPLADS-036061,Chandra Prakash Joshi,Lok Sabha,Rajasthan,CHITTORGARH,,,BHINDER,Panoond,Normal/Others,NA - Construction of community centers and community halls,DISTRICT COLLECTOR UDAIPUR_IDA,2023-10-06,Action Pending,400000,Unsanctioned
MPLADS-036062,Chandra Prakash Joshi,Lok Sabha,Rajasthan,CHITTORGARH,,,KURABAD,Bichhri (CT),Normal/Others,NA - Construction of community centers and community halls,DISTRICT COLLECTOR UDAIPUR_IDA,2023-10-06,Action Pending,300000,Unsanctioned
MPLADS-036063,Chandra Prakash Joshi,Lok Sabha,Rajasthan,CHITTORGARH,,,BHINDER,Vaniya Talai,Normal/Others,NA - Construction of community centers and community halls,DISTRICT COLLECTOR UDAIPUR_IDA,2023-10-06,Action Pending,400000,Unsanctioned
MPLADS-036064,Chandra Prakash Joshi,Lok Sabha,Rajasthan,CHITTORGARH,,,BHINDER,Sawna,Normal/Others,NA - Construction of community centers and community halls,DISTRICT COLLECTOR UDAIPUR_IDA,2023-10-06,Action Pending,400000,Unsanctioned
MPLADS-036065,Chandra Prakash Joshi,Lok Sabha,Rajasthan,CHITTORGARH,,,BHINDER,Motida,Normal/Others,NA - Construction of rooms and halls in school and colleges,DISTRICT COLLECTOR UDAIPUR_IDA,2023-10-06,Action Pending,500000,Unsanctioned
MPLADS-036068,Chandra Prakash Joshi,Lok Sabha,Rajasthan,CHITTORGARH,,,BHINDER,Bhopa Khera,Normal/Others,NA - Construction of community centers and community halls,DISTRICT COLLECTOR UDAIPUR_IDA,2023-10-06,Action Pending,400000,Unsanctioned
MPLADS-036069,Chandra Prakash Joshi,Lok Sabha,Rajasthan,CHITTORGARH,,,BARGAON,Bedla Khurd,Normal/Others,NA - Construction of community centers and community halls,DISTRICT COLLECTOR UDAIPUR_IDA,2023-10-06,Action Pending,300000,Unsanctioned
MPLADS-036070,Chandra Prakash Joshi,Lok Sabha,Rajasthan,CHITTORGARH,,,BHINDER,Heenta,Normal/Others,NA - Construction of community centers and community halls,DISTRICT COLLECTOR UDAIPUR_IDA,2023-10-06,Action Pending,300000,Unsanctioned
MPLADS-036071,Chandra Prakash Joshi,Lok Sabha,Rajasthan,CHITTORGARH,,,BHINDER,Bargaon,Normal/Others,NA - Construction of road under bridge,DISTRICT COLLECTOR UDAIPUR_IDA,2023-10-06,Action Pending,200000,Unsanctioned
MPLADS-036072,Chandra Prakash Joshi,Lok Sabha,Rajasthan,CHITTORGARH,,,BHINDER,Amarpura,Normal/Others,NA - Construction of community centers and community halls,DISTRICT COLLECTOR UDAIPUR_IDA,2023-10-06,Action Pending,400000,Unsanctioned
MPLADS-036073,Chandra Prakash Joshi,Lok Sabha,Rajasthan,CHITTORGARH,,,BHINDER,Amarpura,Normal/Others,NA - Lighting of public spaces,DISTRICT COLLECTOR UDAIPUR_IDA,2023-10-06,Action Pending,200000,Unsanctioned
MPLADS-036074,Chandra Prakash Joshi,Lok Sabha,Rajasthan,CHITTORGARH,,,BHINDER,Nagaliya,Normal/Others,NA - Construction of community centers and community halls,DISTRICT COLLECTOR UDAIPUR_IDA,2023-10-06,Action Pending,400000,Unsanctioned
MPLADS-036075,Chandra Prakash Joshi,Lok Sabha,Rajasthan,CHITTORGARH,,,VALLABHNAGAR,Rundera,Normal/Others,NA - Construction of community centers and community halls,DISTRICT COLLECTOR UDAIPUR_IDA,2023-10-06,Action Pending,500000,Unsanctioned
MPLADS-036076,Chandra Prakash Joshi,Lok Sabha,Rajasthan,CHITTORGARH,,,BARGAON,Bedla (CT),Normal/Others,NA - Construction of common work sheds/ common covered sitting area,DISTRICT COLLECTOR UDAIPUR_IDA,2023-10-06,Action Pending,200000,Unsanctioned
MPLADS-036077,Bhagirath Chaudhary,Lok Sabha,Rajasthan,AJMER,,,SARWAR,Bhagwantpura,Normal/Others,"NA - Purchase of prosthetics, wheel chairs, tricycles (manual or motorized), elect scooties, hearing aids",DISTRICT COLLECTOR AJMER_IDA,2023-10-06,Action Pending,50000,Unsanctioned
MPLADS-036079,Chandra Prakash Joshi,Lok Sabha,Rajasthan,CHITTORGARH,,,MAVLI,Bhansol,Normal/Others,NA - Construction of community centers and community halls,DISTRICT COLLECTOR UDAIPUR_IDA,2023-10-06,Action Pending,300000,Unsanctioned
MPLADS-036084,Bhagirath Chaudhary,Lok Sabha,Rajasthan,AJMER,,,ARAIN,Chota Lamba,Normal/Others,"NA - Purchase of prosthetics, wheel chairs, tricycles (manual or motorized), elect scooties, hearing aids",DISTRICT COLLECTOR AJMER_IDA,2023-10-06,Action Pending,50000,Unsanctioned
MPLADS-036085,Chandra Prakash Joshi,Lok Sabha,Rajasthan,CHITTORGARH,,,MAVLI,Noorda,Normal/Others,NA - Construction of boundary walls of existing public and community buildings,DISTRICT COLLECTOR UDAIPUR_IDA,2023-10-06,Action Pending,300000,Unsanctioned
MPLADS-036086,Chandra Prakash Joshi,Lok Sabha,Rajasthan,CHITTORGARH,,,MAVLI,Ghasa,Normal/Others,NA - Construction of community centers and community halls,DISTRICT COLLECTOR UDAIPUR_IDA,2023-10-06,Action Pending,300000,Unsanctioned
MPLADS-036087,Bhagirath Chaudhary,Lok Sabha,Rajasthan,AJMER,,,DUDU,Gahlota,Normal/Others,"NA - Purchase of prosthetics, wheel chairs, tricycles (manual or motorized), elect scooties, hearing aids",DISTRICT COLLECTOR JAIPUR_IDA,2023-10-06,Action Pending,50000,Unsanctioned
MPLADS-036088,Bhagirath Chaudhary,Lok Sabha,Rajasthan,AJMER,,,MAUZAMABAD,Lordi,Normal/Others,"NA - Purchase of prosthetics, wheel chairs, tricycles (manual or motorized), elect scooties, hearing aids",DISTRICT COLLECTOR JAIPUR_IDA,2023-10-06,Action Pending,50000,Unsanctioned
MPLADS-036089,Bhagirath Chaudhary,Lok Sabha,Rajasthan,AJMER,,,DUDU,Sali,Normal/Others,"NA - Purchase of prosthetics, wheel chairs, tricycles (manual or motorized), elect scooties, hearing aids",DISTRICT COLLECTOR JAIPUR_IDA,2023-10-06,Action Pending,50000,Unsanctioned
MPLADS-036090,Bhagirath Chaudhary,Lok Sabha,Rajasthan,AJMER,,,DUDU,Sali,Normal/Others,"NA - Purchase of prosthetics, wheel chairs, tricycles (manual or motorized), elect scooties, hearing aids",DISTRICT COLLECTOR JAIPUR_IDA,2023-10-06,Action Pending,50000,Unsanctioned
MPLADS-036091,Chandra Prakash Joshi,Lok Sabha,Rajasthan,CHITTORGARH,,,MAVLI,Mahura,Normal/Others,NA - Construction of community centers and community halls,DISTRICT COLLECTOR UDAIPUR_IDA,2023-10-06,Action Pending,400000,Unsanctioned
MPLADS-036092,Bhagirath Chaudhary,Lok Sabha,Rajasthan,AJMER,,,DUDU,Gahlota,Normal/Others,"NA - Purchase of prosthetics, wheel chairs, tricycles (manual or motorized), elect scooties, hearing aids",DISTRICT COLLECTOR JAIPUR_IDA,2023-10-06,Action Pending,50000,Unsanctioned
MPLADS-036093,Chandra Prakash Joshi,Lok Sabha,Rajasthan,CHITTORGARH,,,MAVLI,Dholi Magri,Normal/Others,NA - Construction of community centers and community halls,DISTRICT COLLECTOR UDAIPUR_IDA,2023-10-06,Action Pending,300000,Unsanctioned
MPLADS-036095,Bhagirath Chaudhary,Lok Sabha,Rajasthan,AJMER,,,Kishangarh SILORA,Mohan Pura,Normal/Others,"NA - Purchase of prosthetics, wheel chairs, tricycles (manual or motorized), elect scooties, hearing aids",DISTRICT COLLECTOR AJMER_IDA,2023-10-06,Action Pending,50000,Unsanctioned
MPLADS-036102,SHRI Kirodi Lal,Rajya Sabha,Rajasthan,Sitting Rajya Sabha,,,TODABHIM,Kanjoli,Normal/Others,NA - Construction of community centers and community halls,DISTRICT COLLECTOR KARAULI_IDA,2023-10-06,Action Pending,1000000,Unsanctioned
MPLADS-036103,SHRI Kirodi Lal,Rajya Sabha,Rajasthan,Sitting Rajya Sabha,,,TODABHIM,Singhniya,Normal/Others,NA - Construction of community centers and community halls,DISTRICT COLLECTOR KARAULI_IDA,2023-10-06,Action Pending,700000,Unsanctioned
MPLADS-036104,SHRI Kirodi Lal,Rajya Sabha,Rajasthan,Sitting Rajya Sabha,,,TODABHIM,Nisoora,Normal/Others,"NA - Construction of roads, approach roads, link roads and pathways",DISTRICT COLLECTOR KARAULI_IDA,2023-10-06,Rejected by IDA,700000,Unsanctioned
MPLADS-036350,Chandra Prakash Joshi,Lok Sabha,Rajasthan,CHITTORGARH,,,MAVLI,Noorda,Normal/Others,NA - Construction of community centers and community halls,DISTRICT COLLECTOR UDAIPUR_IDA,2023-10-06,Action Pending,300000,Unsanctioned
MPLADS-036768,Chandra Prakash Joshi,Lok Sabha,Rajasthan,CHITTORGARH,,,RASHMI,Rood,Normal/Others,NA - Construction of community centers and community halls,DISTRICT COLLECTOR CHITTORGARH_IDA,2023-10-05,Action Pending,400000,Unsanctioned
MPLADS-036769,Chandra Prakash Joshi,Lok Sabha,Rajasthan,CHITTORGARH,,,RASHMI,Rewara,Normal/Others,NA - Construction of community centers and community halls,DISTRICT COLLECTOR CHITTORGARH_IDA,2023-10-05,Action Pending,300000,Unsanctioned
MPLADS-036770,Chandra Prakash Joshi,Lok Sabha,Rajasthan,CHITTORGARH,,,RASHMI,Somarwalon Ka Khera,Normal/Others,NA - Construction of community centers and community halls,DISTRICT COLLECTOR CHITTORGARH_IDA,2023-10-05,Action Pending,500000,Unsanctioned
MPLADS-036771,Chandra Prakash Joshi,Lok Sabha,Rajasthan,CHITTORGARH,,,RASHMI,Dindoli,Normal/Others,NA - Construction of community centers and community halls,DISTRICT COLLECTOR CHITTORGARH_IDA,2023-10-05,Action Pending,400000,Unsanctioned
MPLADS-036772,Chandra Prakash Joshi,Lok Sabha,Rajasthan,CHITTORGARH,,,RASHMI,Baroo,Normal/Others,NA - Construction of community centers and community halls,DISTRICT COLLECTOR CHITTORGARH_IDA,2023-10-05,Action Pending,300000,Unsanctioned
MPLADS-036773,Gajendra Singh Shekhawat,Lok Sabha,Rajasthan,JODHPUR,,,MANDOR,Nandri (CT),Normal/Others,WS/MP723/2023-2024/32309 - Purchase of furniture and fixtures for educational purposes,DISTRICT COLLECTOR JODHPUR_IDA,2023-10-05,Approved by IDA,1000000,Unsanctioned
MPLADS-036774,Gajendra Singh Shekhawat,Lok Sabha,Rajasthan,JODHPUR,,,GHANTIYALI,Chhitar Bera,Normal/Others,NA - Purchase of furniture and fixtures for educational purposes,DISTRICT COLLECTOR JODHPUR_IDA,2023-10-05,Action Pending,500000,Unsanctioned
MPLADS-036969,Chandra Prakash Joshi,Lok Sabha,Rajasthan,CHITTORGARH,,,RASHMI,Lasadiya Kalan,Normal/Others,NA - Construction of community centers and community halls,DISTRICT COLLECTOR CHITTORGARH_IDA,2023-10-04,Action Pending,300000,Unsanctioned
MPLADS-036970,Chandra Prakash Joshi,Lok Sabha,Rajasthan,CHITTORGARH,,,KAPASAN,Nimbahera,Normal/Others,NA - Construction of common work sheds/ common covered sitting area,DISTRICT COLLECTOR CHITTORGARH_IDA,2023-10-04,Rejected by IDA,300000,Unsanctioned
MPLADS-036971,Chandra Prakash Joshi,Lok Sabha,Rajasthan,CHITTORGARH,,,RASHMI,Upreda,Normal/Others,NA - Construction of community centers and community halls,DISTRICT COLLECTOR CHITTORGARH_IDA,2023-10-04,Action Pending,300000,Unsanctioned
MPLADS-036972,Chandra Prakash Joshi,Lok Sabha,Rajasthan,CHITTORGARH,,,KAPASAN,Dowani,Normal/Others,NA - Construction of boundary walls of existing public and community buildings,DISTRICT COLLECTOR CHITTORGARH_IDA,2023-10-04,Action Pending,300000,Unsanctioned
MPLADS-036973,Chandra Prakash Joshi,Lok Sabha,Rajasthan,CHITTORGARH,,,KAPASAN,Surpur,Normal/Others,NA - Construction of community centers and community halls,DISTRICT COLLECTOR CHITTORGARH_IDA,2023-10-04,Action Pending,300000,Unsanctioned
MPLADS-036974,Chandra Prakash Joshi,Lok Sabha,Rajasthan,CHITTORGARH,,,RASHMI,Adana,Normal/Others,NA - Construction of community centers and community halls,DISTRICT COLLECTOR CHITTORGARH_IDA,2023-10-04,Action Pending,300000,Unsanctioned
MPLADS-036975,Chandra Prakash Joshi,Lok Sabha,Rajasthan,CHITTORGARH,,,KAPASAN,Langach,Normal/Others,NA - Construction of community centers and community halls,DISTRICT COLLECTOR CHITTORGARH_IDA,2023-10-04,Action Pending,300000,Unsanctioned
MPLADS-036976,Chandra Prakash Joshi,Lok Sabha,Rajasthan,CHITTORGARH,,,RASHMI,Somi,Normal/Others,NA - Construction of community centers and community halls,DISTRICT COLLECTOR CHITTORGARH_IDA,2023-10-04,Action Pending,300000,Unsanctioned
MPLADS-036977,Chandra Prakash Joshi,Lok Sabha,Rajasthan,CHITTORGARH,,,RASHMI,Pahoona,Normal/Others,NA - Setting up of electric vehicle charging stations,DISTRICT COLLECTOR CHITTORGARH_IDA,2023-10-04,Action Pending,500000,Unsanctioned
MPLADS-036978,Chandra Prakash Joshi,Lok Sabha,Rajasthan,CHITTORGARH,,,RASHMI,Sankhli,Normal/Others,NA - Retrofitting in essential lifeline buildings,DISTRICT COLLECTOR CHITTORGARH_IDA,2023-10-04,Action Pending,300000,Unsanctioned
MPLADS-036983,Chandra Prakash Joshi,Lok Sabha,Rajasthan,CHITTORGARH,,,KAPASAN,Umand,Normal/Others,NA - Construction of community centers and community halls,DISTRICT COLLECTOR CHITTORGARH_IDA,2023-10-04,Action Pending,300000,Unsanctioned
MPLADS-036985,Chandra Prakash Joshi,Lok Sabha,Rajasthan,CHITTORGARH,,,BHADESAR,Bhalundi,Normal/Others,NA - Construction of community centers and community halls,DISTRICT COLLECTOR CHITTORGARH_IDA,2023-10-04,Action Pending,400000,Unsanctioned
MPLADS-036995,Chandra Prakash Joshi,Lok Sabha,Rajasthan,CHITTORGARH,,,CHITTORGARH,Pal,Normal/Others,NA - Construction of community centers and community halls,DISTRICT COLLECTOR CHITTORGARH_IDA,2023-10-04,Action Pending,400000,Unsanctioned
MPLADS-036996,Chandra Prakash Joshi,Lok Sabha,Rajasthan,CHITTORGARH,,,CHITTORGARH,Manpura,Normal/Others,NA - Construction of community centers and community halls,DISTRICT COLLECTOR CHITTORGARH_IDA,2023-10-04,Action Pending,400000,Unsanctioned
MPLADS-036997,Chandra Prakash Joshi,Lok Sabha,Rajasthan,CHITTORGARH,,,BHADESAR,Sukhwara,Normal/Others,NA - Construction of community centers and community halls,DISTRICT COLLECTOR CHITTORGARH_IDA,2023-10-04,Action Pending,300000,Unsanctioned
MPLADS-036998,Chandra Prakash Joshi,Lok Sabha,Rajasthan,CHITTORGARH,,,CHITTORGARH,Netawal Maharaj,Normal/Others,NA - Construction of community centers and community halls,DISTRICT COLLECTOR CHITTORGARH_IDA,2023-10-04,Action Pending,400000,Unsanctioned
MPLADS-036999,Chandra Prakash Joshi,Lok Sabha,Rajasthan,CHITTORGARH,,,CHITTORGARH,Ochhari,Normal/Others,NA - Construction of boundary walls of existing public and community buildings,DISTRICT COLLECTOR CHITTORGARH_IDA,2023-10-04,Rejected by IDA,700000,Unsanctioned
MPLADS-037000,Chandra Prakash Joshi,Lok Sabha,Rajasthan,CHITTORGARH,,,CHITTORGARH,Udpura,Normal/Others,NA - Construction of community centers and community halls,DISTRICT COLLECTOR CHITTORGARH_IDA,2023-10-04,Action Pending,400000,Unsanctioned
MPLADS-037001,Chandra Prakash Joshi,Lok Sabha,Rajasthan,CHITTORGARH,,,CHITTORGARH,Ghosunda,Normal/Others,NA - Construction of community centers and community halls,DISTRICT COLLECTOR CHITTORGARH_IDA,2023-10-04,Rejected by IDA,400000,Unsanctioned
MPLADS-037002,Chandra Prakash Joshi,Lok Sabha,Rajasthan,CHITTORGARH,,,CHITTORGARH,Songar,Normal/Others,NA - Construction of community centers and community halls,DISTRICT COLLECTOR CHITTORGARH_IDA,2023-10-04,Action Pending,300000,Unsanctioned
MPLADS-037003,Chandra Prakash Joshi,Lok Sabha,Rajasthan,CHITTORGARH,,,CHITTORGARH,Bassi,Normal/Others,NA - Construction of community centers and community halls,DISTRICT COLLECTOR CHITTORGARH_IDA,2023-10-04,Action Pending,400000,Unsanctioned
MPLADS-037004,Chandra Prakash Joshi,Lok Sabha,Rajasthan,CHITTORGARH,,,CHITTORGARH,Netawalgarh Pachhli,Normal/Others,NA - Construction of boundary walls of existing public and community buildings,DISTRICT COLLECTOR CHITTORGARH_IDA,2023-10-04,Rejected by IDA,500000,Unsanctioned
MPLADS-037005,Chandra Prakash Joshi,Lok Sabha,Rajasthan,CHITTORGARH,Chittaurgarh,28,,,Normal/Others,NA - Construction of community centers and community halls,DISTRICT COLLECTOR CHITTORGARH_IDA,2023-10-04,Action Pending,600000,Unsanctioned
MPLADS-037006,Chandra Prakash Joshi,Lok Sabha,Rajasthan,CHITTORGARH,,,BHADESAR,Sukhwara,Normal/Others,NA - Construction of community centers and community halls,DISTRICT COLLECTOR CHITTORGARH_IDA,2023-10-04,Action Pending,300000,Unsanctioned
MPLADS-037054,Shri Hanuman Beniwal ,Lok Sabha,Rajasthan,NAGAUR,,,NAGAUR,Jindas,Normal/Others,NA - Construction of rooms and halls in school and colleges,DISTRICT COLLECTOR NAGAUR_IDA,2023-10-04,Action Pending,1500000,Unsanctioned
MPLADS-037056,Shri Hanuman Beniwal ,Lok Sabha,Rajasthan,NAGAUR,,,NAGAUR,Sadokan,Normal/Others,NA - Construction of community centers and community halls,DISTRICT COLLECTOR NAGAUR_IDA,2023-10-04,Action Pending,1500000,Unsanctioned
MPLADS-037064,Shri Hanuman Beniwal ,Lok Sabha,Rajasthan,NAGAUR,,,NAGAUR,Jodhiyasi,Normal/Others,NA - Construction of rooms and halls in school and colleges,DISTRICT COLLECTOR NAGAUR_IDA,2023-10-04,Action Pending,1000000,Unsanctioned
MPLADS-037066,Shri Hanuman Beniwal ,Lok Sabha,Rajasthan,NAGAUR,,,NAGAUR,Amarpura,Normal/Others,NA - Construction of rooms and halls in school and colleges,DISTRICT COLLECTOR NAGAUR_IDA,2023-10-04,Action Pending,1000000,Unsanctioned
MPLADS-037067,Shri Hanuman Beniwal ,Lok Sabha,Rajasthan,NAGAUR,,,NAGAUR,Satheran,Normal/Others,"NA - Construction of roads, approach roads, link roads and pathways",DISTRICT COLLECTOR NAGAUR_IDA,2023-10-04,Action Pending,700000,Unsanctioned
MPLADS-037068,Shri Hanuman Beniwal ,Lok Sabha,Rajasthan,NAGAUR,,,NAGAUR,Manjhwas,Normal/Others,NA - Construction of community centers and community halls,DISTRICT COLLECTOR NAGAUR_IDA,2023-10-04,Action Pending,1000000,Unsanctioned
MPLADS-037069,Shri Hanuman Beniwal ,Lok Sabha,Rajasthan,NAGAUR,,,NAGAUR,Tausar,Normal/Others,NA - Construction of shelters for animals,DISTRICT COLLECTOR NAGAUR_IDA,2023-10-04,Action Pending,1000000,Unsanctioned
MPLADS-037070,Shri Hanuman Beniwal ,Lok Sabha,Rajasthan,NAGAUR,,,LADNU,Dhyawa,Normal/Others,NA - Street lights,DISTRICT COLLECTOR NAGAUR_IDA,2023-10-04,Action Pending,500000,Unsanctioned
MPLADS-037071,Shri Hanuman Beniwal ,Lok Sabha,Rajasthan,NAGAUR,,,LADNU,Kasumbi Alipur,Repair and Renovation,NA - Construction of community centers and community halls,DISTRICT COLLECTOR NAGAUR_IDA,2023-10-04,Action Pending,500000,Unsanctioned
MPLADS-037072,Shri Hanuman Beniwal ,Lok Sabha,Rajasthan,NAGAUR,,,LADNU,Sardi,Normal/Others,WS/MP386/2023-2024/31020 - Construction of boundary walls of existing public and community buildings,DISTRICT COLLECTOR NAGAUR_IDA,2023-10-04,Approved by IDA,1000000,Sanctioned
MPLADS-037075,Shri Hanuman Beniwal ,Lok Sabha,Rajasthan,NAGAUR,Ladnu,10,,,Normal/Others,NA - Construction of public libraries and reading rooms,DISTRICT COLLECTOR NAGAUR_IDA,2023-10-04,Action Pending,1000000,Unsanctioned
MPLADS-037076,Shri Hanuman Beniwal ,Lok Sabha,Rajasthan,NAGAUR,Nagaur,55,,,Normal/Others,NA - Construction of rooms and halls in school and colleges,DISTRICT COLLECTOR NAGAUR_IDA,2023-10-04,Action Pending,500000,Unsanctioned
MPLADS-037077,Shri Hanuman Beniwal ,Lok Sabha,Rajasthan,NAGAUR,,,MUNDWA,Kharnal,Normal/Others,NA - Construction of public toilets and bathrooms,DISTRICT COLLECTOR NAGAUR_IDA,2023-10-04,Action Pending,2000000,Unsanctioned
MPLADS-037078,Shri Hanuman Beniwal ,Lok Sabha,Rajasthan,NAGAUR,,,MUNDWA,Inana,Normal/Others,NA - Construction of rooms and halls in school and colleges,DISTRICT COLLECTOR NAGAUR_IDA,2023-10-04,Action Pending,850000,Unsanctioned
MPLADS-037081,Shri Hanuman Beniwal ,Lok Sabha,Rajasthan,NAGAUR,,,MUNDWA,Khur Khura Kalan,Normal/Others,NA - Construction of rooms and halls in school and colleges,DISTRICT COLLECTOR NAGAUR_IDA,2023-10-04,Action Pending,700000,Unsanctioned
MPLADS-037082,Shri Hanuman Beniwal ,Lok Sabha,Rajasthan,NAGAUR,,,MUNDWA,Phirod,Normal/Others,NA - Construction of rooms and halls in school and colleges,DISTRICT COLLECTOR NAGAUR_IDA,2023-10-04,Action Pending,500000,Unsanctioned
MPLADS-037083,Shri Hanuman Beniwal ,Lok Sabha,Rajasthan,NAGAUR,Nagaur,55,,,Normal/Others,NA - Construction of community centers and community halls,DISTRICT COLLECTOR NAGAUR_IDA,2023-10-04,Action Pending,500000,Unsanctioned
MPLADS-037084,Shri Hanuman Beniwal ,Lok Sabha,Rajasthan,NAGAUR,Nagaur,11,,,Normal/Others,NA - Construction of public libraries and reading rooms,DISTRICT COLLECTOR NAGAUR_IDA,2023-10-04,Action Pending,1000000,Unsanctioned
MPLADS-037086,Shri Hanuman Beniwal ,Lok Sabha,Rajasthan,NAGAUR,,,NAGAUR,Surajaniyawas,Repair and Renovation,NA - Construction of community centers and community halls,DISTRICT COLLECTOR NAGAUR_IDA,2023-10-04,Action Pending,500000,Unsanctioned
MPLADS-037087,Shri Hanuman Beniwal ,Lok Sabha,Rajasthan,NAGAUR,,,NAGAUR,Alay,Normal/Others,NA - Construction of rooms and halls in school and colleges,DISTRICT COLLECTOR NAGAUR_IDA,2023-10-04,Action Pending,1500000,Unsanctioned
MPLADS-037093,Shri Hanuman Beniwal ,Lok Sabha,Rajasthan,NAGAUR,,,LADNU,Sanwrad,Normal/Others,WS/MP386/2023-2024/31019 - Street lights,DISTRICT COLLECTOR NAGAUR_IDA,2023-10-04,Approved by IDA,500000,Sanctioned
MPLADS-037094,Shri Hanuman Beniwal ,Lok Sabha,Rajasthan,NAGAUR,,,LADNU,Toki,Normal/Others,"NA - Construction of roads, link roads, pathways or any other road with or without drainage system",DISTRICT COLLECTOR NAGAUR_IDA,2023-10-04,Action Pending,700000,Unsanctioned
MPLADS-037115,Shri Hanuman Beniwal ,Lok Sabha,Rajasthan,NAGAUR,,,LADNU,Odeet,Normal/Others,WS/MP386/2023-2024/31016 - Street lights,DISTRICT COLLECTOR NAGAUR_IDA,2023-10-04,Approved by IDA,500000,Sanctioned
MPLADS-037133,Shri Hanuman Beniwal ,Lok Sabha,Rajasthan,NAGAUR,,,JAYAL,Deediya Kalan,Normal/Others,NA - Construction of rooms and halls in school and colleges,DISTRICT COLLECTOR NAGAUR_IDA,2023-10-04,Action Pending,1000000,Unsanctioned
MPLADS-037134,Shri Hanuman Beniwal ,Lok Sabha,Rajasthan,NAGAUR,,,JAYAL,Lunsara,Normal/Others,NA - Construction of rooms and halls in school and colleges,DISTRICT COLLECTOR NAGAUR_IDA,2023-10-04,Action Pending,1000000,Unsanctioned
MPLADS-037135,Shri Hanuman Beniwal ,Lok Sabha,Rajasthan,NAGAUR,,,JAYAL,Deediya Kalan,Normal/Others,NA - Construction of rooms and halls in school and colleges,DISTRICT COLLECTOR NAGAUR_IDA,2023-10-04,Action Pending,500000,Unsanctioned
MPLADS-037155,Shri Hanuman Beniwal ,Lok Sabha,Rajasthan,NAGAUR,,,DEGANA,Dhadhariya Kalan,Normal/Others,NA - Construction of rooms and halls in school and colleges,DISTRICT COLLECTOR NAGAUR_IDA,2023-10-04,Action Pending,1000000,Unsanctioned
MPLADS-037191,Shri Hanuman Beniwal ,Lok Sabha,Rajasthan,NAGAUR,,,MUNDWA,Palri Jodha,Normal/Others,NA - Construction of community centers and community halls,DISTRICT COLLECTOR NAGAUR_IDA,2023-10-04,Action Pending,1000000,Unsanctioned
MPLADS-037192,Shri Hanuman Beniwal ,Lok Sabha,Rajasthan,NAGAUR,,,JAYAL,Rol,Normal/Others,NA - Construction of community centers and community halls,DISTRICT COLLECTOR NAGAUR_IDA,2023-10-04,Action Pending,1500000,Unsanctioned
MPLADS-037193,Shri Hanuman Beniwal ,Lok Sabha,Rajasthan,NAGAUR,,,MUNDWA,Jhoojhanda,Normal/Others,NA - Construction of rooms and halls in school and colleges,DISTRICT COLLECTOR NAGAUR_IDA,2023-10-04,Action Pending,1000000,Unsanctioned
MPLADS-037194,Shri Hanuman Beniwal ,Lok Sabha,Rajasthan,NAGAUR,,,MUNDWA,Basni Khaleel,Normal/Others,NA - Construction of rooms and halls in school and colleges,DISTRICT COLLECTOR NAGAUR_IDA,2023-10-04,Action Pending,300000,Unsanctioned
MPLADS-037195,Shri Hanuman Beniwal ,Lok Sabha,Rajasthan,NAGAUR,,,MUNDWA,Gawaloo,Normal/Others,NA - Construction of rooms and halls in school and colleges,DISTRICT COLLECTOR NAGAUR_IDA,2023-10-04,Action Pending,700000,Unsanctioned
MPLADS-037196,Shri Hanuman Beniwal ,Lok Sabha,Rajasthan,NAGAUR,,,MUNDWA,Asawari,Normal/Others,NA - Construction of rooms and halls in school and colleges,DISTRICT COLLECTOR NAGAUR_IDA,2023-10-04,Action Pending,500000,Unsanctioned
MPLADS-037202,Smt Jaskaur Meena ,Lok Sabha,Rajasthan,DAUSA(ST),,,SIKRAI,Gerota,Normal/Others,NA - Installing hand pumps,DISTRICT COLLECTOR DAUSA_IDA,2023-10-04,Action Pending,180000,Unsanctioned
MPLADS-037203,Chandra Prakash Joshi,Lok Sabha,Rajasthan,CHITTORGARH,,,CHITTORGARH,Netawalgarh Pachhli,Normal/Others,NA - Construction of community centers and community halls,DISTRICT COLLECTOR CHITTORGARH_IDA,2023-10-04,Action Pending,400000,Unsanctioned
MPLADS-037204,Gajendra Singh Shekhawat,Lok Sabha,Rajasthan,JODHPUR,Jodhpur-North,"Ward No. 53, MCJ-North, Jodhpur",,,Trust and Society,NA - Construction of public libraries and reading rooms,DISTRICT COLLECTOR JODHPUR_IDA,2023-10-04,Action Pending,2100000,Unsanctioned
MPLADS-037205,Kailash Choudhary,Lok Sabha,Rajasthan,BARMER,Barmer,32,,,Normal/Others,NA - Construction of rooms and halls in school and colleges,DISTRICT COLLECTOR BARMER_IDA,2023-10-04,Action Pending,500000,Unsanctioned
MPLADS-037206,Kailash Choudhary,Lok Sabha,Rajasthan,BARMER,,,BARMER RURAL,Barmer Magra,Normal/Others,NA - Construction of shelters for animals,DISTRICT COLLECTOR BARMER_IDA,2023-10-04,Action Pending,500000,Unsanctioned
MPLADS-037207,Kailash Choudhary,Lok Sabha,Rajasthan,BARMER,Jaisalmer,.,,,Normal/Others,NA - Construction of public toilets and bathrooms,DISTRICT COLLECTOR JAISLAMER_IDA,2023-10-04,Action Pending,300000,Unsanctioned
MPLADS-037208,Kailash Choudhary,Lok Sabha,Rajasthan,BARMER,,,SHEO,Bisoo Kalan,Normal/Others,NA - Construction of community centers and community halls,DISTRICT COLLECTOR BARMER_IDA,2023-10-04,Action Pending,500000,Unsanctioned
MPLADS-037209,Kailash Choudhary,Lok Sabha,Rajasthan,BARMER,,,Patodi,Patodi,Normal/Others,NA - Construction of community centers and community halls,DISTRICT COLLECTOR BARMER_IDA,2023-10-04,Action Pending,600000,Unsanctioned
MPLADS-037210,Kailash Choudhary,Lok Sabha,Rajasthan,BARMER,,,BAYTOO,Lilala,Normal/Others,WS/MP733/2023-2024/31121 - Construction of public libraries and reading rooms,DISTRICT COLLECTOR BARMER_IDA,2023-10-04,Approved by IDA,500000,Unsanctioned
MPLADS-037211,Shri Hanuman Beniwal ,Lok Sabha,Rajasthan,NAGAUR,,,MUNDWA,Karloo,Normal/Others,"NA - Construction of roads, approach roads, link roads and pathways",DISTRICT COLLECTOR NAGAUR_IDA,2023-10-04,Action Pending,1000000,Unsanctioned
MPLADS-037385,SHRI Neeraj Dangi,Rajya Sabha,Rajasthan,Sitting Rajya Sabha,,,BILARA,Jaswantpura,Normal/Others,WS/MP236/2023-2024/31563 - Crematoriums or structures on burial/ cremation ground for public convenience,DISTRICT COLLECTOR JODHPUR_IDA,2023-10-04,Approved by IDA,500000,Unsanctioned
MPLADS-037392,SHRI Rajendra Gehlot,Rajya Sabha,Rajasthan,Sitting Rajya Sabha,,,BAWADI,Dhanari Khurd,Normal/Others,"WS/MP151/2023-2024/31361 - Construction of roads, approach roads, link roads and pathways",DISTRICT COLLECTOR JODHPUR_IDA,2023-10-04,Approved by IDA,800000,Unsanctioned
MPLADS-037393,SHRI Rajendra Gehlot,Rajya Sabha,Rajasthan,Sitting Rajya Sabha,,,BAWADI,Dhanari Khurd,Normal/Others,WS/MP151/2023-2024/31362 - Crematoriums or structures on burial/ cremation ground for public convenience,DISTRICT COLLECTOR JODHPUR_IDA,2023-10-04,Approved by IDA,800000,Unsanctioned
MPLADS-037394,SHRI Neeraj Dangi,Rajya Sabha,Rajasthan,Sitting Rajya Sabha,,,BILARA,Jaswantpura,Normal/Others,WS/MP236/2023-2024/31562 - Crematoriums or structures on burial/ cremation ground for public convenience,DISTRICT COLLECTOR JODHPUR_IDA,2023-10-04,Approved by IDA,500000,Sanctioned
MPLADS-037395,SHRI Neeraj Dangi,Rajya Sabha,Rajasthan,Sitting Rajya Sabha,,,KHINVSAR,Abhaynagar,Normal/Others,WS/MP236/2023-2024/31564 - Construction of community centers and community halls,DISTRICT COLLECTOR NAGAUR_IDA,2023-10-04,Approved by IDA,2000000,Unsanctioned
MPLADS-037512,Shri Ghanshyam Tiwari,Rajya Sabha,Rajasthan,Sitting Rajya Sabha,,,SANGANER,Goner,Normal/Others,NA - Construction of additional rooms and halls in the existing public and community building,DISTRICT COLLECTOR JAIPUR_IDA,2023-10-03,Action Pending,2100000,Unsanctioned
MPLADS-037531,SHRI Rajendra Gehlot,Rajya Sabha,Rajasthan,Sitting Rajya Sabha,,,BAP,Krishan Nagar Kalan,Normal/Others,NA - Crematoriums or structures on burial/ cremation ground for public convenience,DISTRICT COLLECTOR JODHPUR_IDA,2023-10-03,Action Pending,1000000,Unsanctioned
MPLADS-037532,SHRI Rajendra Gehlot,Rajya Sabha,Rajasthan,Sitting Rajya Sabha,,,BAP,Krishan Nagar Kalan,Normal/Others,NA - Construction of rooms and halls in school and colleges,DISTRICT COLLECTOR JODHPUR_IDA,2023-10-03,Action Pending,1000000,Unsanctioned
MPLADS-037533,SHRI Rajendra Gehlot,Rajya Sabha,Rajasthan,Sitting Rajya Sabha,,,LOHAWAT,Bhajan Nagar,Normal/Others,"WS/MP151/2023-2024/30662 - Construction of roads, approach roads, link roads and pathways",DISTRICT COLLECTOR JODHPUR_IDA,2023-10-03,Approved by IDA,1000000,Unsanctioned
MPLADS-037534,SHRI Rajendra Gehlot,Rajya Sabha,Rajasthan,Sitting Rajya Sabha,,,DECHU,Madla Kalan,Normal/Others,"WS/MP151/2023-2024/30663 - Construction of roads, link roads, pathways or any other road with or without drainage system",DISTRICT COLLECTOR JODHPUR_IDA,2023-10-03,Approved by IDA,500000,Sanctioned
MPLADS-037535,SHRI Rajendra Gehlot,Rajya Sabha,Rajasthan,Sitting Rajya Sabha,,,ROHAT,Kalali,Normal/Others,"NA - Construction of roads, link roads, pathways or any other road with or without drainage system",DISTRICT COLLECTOR PALI_IDA,2023-10-03,Action Pending,1000000,Unsanctioned
MPLADS-037536,Shri Ghanshyam Tiwari,Rajya Sabha,Rajasthan,Sitting Rajya Sabha,,,RAJGARH,Jirawali,Normal/Others,NA - Installing tube-wells and borewells,DISTRICT COLLECTOR ALWAR_IDA,2023-10-03,Action Pending,600000,Unsanctioned
MPLADS-037537,Shri Ghanshyam Tiwari,Rajya Sabha,Rajasthan,Sitting Rajya Sabha,,,SEWAR,Bahnera,Normal/Others,"NA - Construction of roads, approach roads, link roads and pathways",DISTRICT COLLECTOR BHARATPUR_IDA,2023-10-03,Action Pending,500000,Unsanctioned
MPLADS-037538,Shri Ghanshyam Tiwari,Rajya Sabha,Rajasthan,Sitting Rajya Sabha,,,SEWAR,Bhandor,Normal/Others,"NA - Construction of roads, approach roads, link roads and pathways",DISTRICT COLLECTOR BHARATPUR_IDA,2023-10-03,Action Pending,500000,Unsanctioned
MPLADS-037539,Shri Ghanshyam Tiwari,Rajya Sabha,Rajasthan,Sitting Rajya Sabha,,,SEWAR,Nagla Parsram,Normal/Others,"NA - Construction of roads, link roads, pathways or any other road with or without drainage system",DISTRICT COLLECTOR BHARATPUR_IDA,2023-10-03,Action Pending,500000,Unsanctioned
MPLADS-037540,Shri Ghanshyam Tiwari,Rajya Sabha,Rajasthan,Sitting Rajya Sabha,,,UCHAIN,Nagla Kalyanpur,Normal/Others,NA - Construction of boundary walls of existing public and community buildings,DISTRICT COLLECTOR BHARATPUR_IDA,2023-10-03,Action Pending,500000,Unsanctioned
MPLADS-037541,Shri Ghanshyam Tiwari,Rajya Sabha,Rajasthan,Sitting Rajya Sabha,Chomu,20,,,Normal/Others,NA - Installing tube-wells and borewells,DISTRICT COLLECTOR JAIPUR_IDA,2023-10-03,Action Pending,800000,Unsanctioned
MPLADS-037562,Bhagirath Chaudhary,Lok Sabha,Rajasthan,AJMER,,,Kishangarh SILORA,CHOTA NARENA,Normal/Others,NA - Construction of community centers and community halls,DISTRICT COLLECTOR AJMER_IDA,2023-10-03,Action Pending,500000,Unsanctioned
MPLADS-037563,Bhagirath Chaudhary,Lok Sabha,Rajasthan,AJMER,,,ARAIN,Indoli,Normal/Others,NA - Construction of community centers and community halls,DISTRICT COLLECTOR AJMER_IDA,2023-10-03,Action Pending,500000,Unsanctioned
MPLADS-037564,Bhagirath Chaudhary,Lok Sabha,Rajasthan,AJMER,,,Kishangarh SILORA,RAMNAGAR,Normal/Others,NA - Construction of community centers and community halls,DISTRICT COLLECTOR AJMER_IDA,2023-10-03,Action Pending,500000,Unsanctioned
MPLADS-037565,Bhagirath Chaudhary,Lok Sabha,Rajasthan,AJMER,,,BHINAY,Boobkiya,Normal/Others,NA - Construction of community centers and community halls,DISTRICT COLLECTOR AJMER_IDA,2023-10-03,Action Pending,500000,Unsanctioned
MPLADS-037577,Bhagirath Chaudhary,Lok Sabha,Rajasthan,AJMER,,,Kishangarh SILORA,Roopangarh,Normal/Others,NA - Lighting of public spaces,DISTRICT COLLECTOR AJMER_IDA,2023-10-03,Action Pending,237000,Unsanctioned
MPLADS-037585,Shri Hanuman Beniwal ,Lok Sabha,Rajasthan,NAGAUR,,,MUNDWA,Inana,Normal/Others,NA - Construction of rooms and halls in school and colleges,DISTRICT COLLECTOR NAGAUR_IDA,2023-10-03,Action Pending,1100000,Unsanctioned
MPLADS-037586,Shri Hanuman Beniwal ,Lok Sabha,Rajasthan,NAGAUR,,,NAGAUR,Dhundhwalon Ki Dhani,Normal/Others,WS/MP386/2023-2024/30450 - Construction of rooms and halls in school and colleges,DISTRICT COLLECTOR NAGAUR_IDA,2023-10-03,Approved by IDA,1000000,Sanctioned
MPLADS-037587,Shri Hanuman Beniwal ,Lok Sabha,Rajasthan,NAGAUR,,,NAWA,Lichana,Repair and Renovation,WS/MP386/2023-2024/30451 - Construction of rooms and halls in school and colleges,DISTRICT COLLECTOR NAGAUR_IDA,2023-10-03,Approved by IDA,1000000,Sanctioned
MPLADS-037588,Bhagirath Chaudhary,Lok Sabha,Rajasthan,AJMER,,,ARAIN,Chota Lamba,Normal/Others,NA - Construction of culverts and bridges,DISTRICT COLLECTOR AJMER_IDA,2023-10-03,Action Pending,500000,Unsanctioned
MPLADS-037589,Bhagirath Chaudhary,Lok Sabha,Rajasthan,AJMER,,,Kishangarh SILORA,Singara,Normal/Others,NA - Construction of community centers and community halls,DISTRICT COLLECTOR AJMER_IDA,2023-10-03,Action Pending,300000,Unsanctioned
MPLADS-037590,Bhagirath Chaudhary,Lok Sabha,Rajasthan,AJMER,,,KEKRI,Lallai,Normal/Others,NA - Construction of rooms and halls in school and colleges,DISTRICT COLLECTOR AJMER_IDA,2023-10-03,Action Pending,500000,Unsanctioned
MPLADS-037591,Bhagirath Chaudhary,Lok Sabha,Rajasthan,AJMER,Kishangarh,0,,,Normal/Others,NA - Construction of community centers and community halls,DISTRICT COLLECTOR AJMER_IDA,2023-10-03,Action Pending,1000000,Unsanctioned
MPLADS-037592,Bhagirath Chaudhary,Lok Sabha,Rajasthan,AJMER,,,MAUZAMABAD,Ugariyawas,Normal/Others,NA - Construction of community centers and community halls,DISTRICT COLLECTOR JAIPUR_IDA,2023-10-03,Action Pending,500000,Unsanctioned
MPLADS-037595,Bhagirath Chaudhary,Lok Sabha,Rajasthan,AJMER,,,MASOODA,Kalyan Pura,Normal/Others,NA - Construction of community centers and community halls,DISTRICT COLLECTOR AJMER_IDA,2023-10-03,Action Pending,500000,Unsanctioned
MPLADS-037606,Bhagirath Chaudhary,Lok Sabha,Rajasthan,AJMER,,,BHINAY,Bhinay,Normal/Others,NA - Construction of community centers and community halls,DISTRICT COLLECTOR AJMER_IDA,2023-10-03,Action Pending,500000,Unsanctioned
MPLADS-037607,Bhagirath Chaudhary,Lok Sabha,Rajasthan,AJMER,,,BHINAY,Bhinay,Normal/Others,NA - Construction of community centers and community halls,DISTRICT COLLECTOR AJMER_IDA,2023-10-03,Action Pending,300000,Unsanctioned
MPLADS-037608,Bhagirath Chaudhary,Lok Sabha,Rajasthan,AJMER,,,Ajmer Rural,Doomara,Normal/Others,NA - Construction of community centers and community halls,DISTRICT COLLECTOR AJMER_IDA,2023-10-03,Action Pending,1500000,Unsanctioned
MPLADS-037609,Bhagirath Chaudhary,Lok Sabha,Rajasthan,AJMER,,,MASOODA,Lodiyana,Normal/Others,NA - Construction of community centers and community halls,DISTRICT COLLECTOR AJMER_IDA,2023-10-03,Action Pending,500000,Unsanctioned
MPLADS-037680,Bhagirath Chaudhary,Lok Sabha,Rajasthan,AJMER,,,Kishangarh SILORA,Tyod,Normal/Others,NA - Construction of community centers and community halls,DISTRICT COLLECTOR AJMER_IDA,2023-10-03,Action Pending,500000,Unsanctioned
MPLADS-037681,Shri Hanuman Beniwal ,Lok Sabha,Rajasthan,NAGAUR,,,JAYAL,Phardod,Normal/Others,NA - Construction of rooms and halls in school and colleges,DISTRICT COLLECTOR NAGAUR_IDA,2023-10-03,Action Pending,1500000,Unsanctioned
MPLADS-037682,Shri Hanuman Beniwal ,Lok Sabha,Rajasthan,NAGAUR,,,JAYAL,Kamediya,Normal/Others,NA - Construction of shelters for animals,DISTRICT COLLECTOR NAGAUR_IDA,2023-10-03,Action Pending,1000000,Unsanctioned
MPLADS-037683,Shri Hanuman Beniwal ,Lok Sabha,Rajasthan,NAGAUR,,,JAYAL,Jalniyasar,Normal/Others,NA - Installing tube-wells and borewells,DISTRICT COLLECTOR NAGAUR_IDA,2023-10-03,Action Pending,400000,Unsanctioned
MPLADS-037690,Om Birla,Lok Sabha,Rajasthan,KOTA,Sangod,18,,,Normal/Others,NA - Construction of rooms and halls in school and colleges,DISTRICT COLLECTOR KOTA_IDA,2023-10-03,Action Pending,1000000,Unsanctioned
MPLADS-037691,Om Birla,Lok Sabha,Rajasthan,KOTA,,,KHAIRABAD,Hanotya,Normal/Others,NA - Construction of community centers and community halls,DISTRICT COLLECTOR KOTA_IDA,2023-10-03,Action Pending,700000,Unsanctioned
MPLADS-037692,Om Birla,Lok Sabha,Rajasthan,KOTA,,,KHAIRABAD,Gadiya,Normal/Others,NA - Construction of community centers and community halls,DISTRICT COLLECTOR KOTA_IDA,2023-10-03,Action Pending,1000000,Unsanctioned
MPLADS-037693,Bhagirath Chaudhary,Lok Sabha,Rajasthan,AJMER,Kishangarh,55,,,Normal/Others,NA - Construction of community centers and community halls,DISTRICT COLLECTOR AJMER_IDA,2023-10-03,Action Pending,1000000,Unsanctioned
MPLADS-037694,Bhagirath Chaudhary,Lok Sabha,Rajasthan,AJMER,Kishangarh,47,,,Normal/Others,NA - Construction of community centers and community halls,DISTRICT COLLECTOR AJMER_IDA,2023-10-03,Action Pending,500000,Unsanctioned
MPLADS-037695,Smt Jaskaur Meena ,Lok Sabha,Rajasthan,DAUSA(ST),,,CHAKSU,Janki Ballabhpura,Normal/Others,NA - Construction of rooms and halls in school and colleges,DISTRICT COLLECTOR JAIPUR_IDA,2023-10-03,Action Pending,750000,Unsanctioned
MPLADS-037696,Shri Hanuman Beniwal ,Lok Sabha,Rajasthan,NAGAUR,,,JAYAL,Rajod,Normal/Others,NA - Construction of community centers and community halls,DISTRICT COLLECTOR NAGAUR_IDA,2023-10-03,Action Pending,1000000,Unsanctioned
MPLADS-037697,Bhagirath Chaudhary,Lok Sabha,Rajasthan,AJMER,,,Kishangarh SILORA,Naya Gaon,Normal/Others,NA - Crematoriums or structures on burial/ cremation ground for public convenience,DISTRICT COLLECTOR AJMER_IDA,2023-10-03,Action Pending,250000,Unsanctioned
MPLADS-037698,Om Birla,Lok Sabha,Rajasthan,KOTA,,,KESHORAIPATAN,Padra,Repair and Renovation,NA - Construction of rooms and halls in school and colleges,DISTRICT COLLECTOR BUNDI_IDA,2023-10-03,Action Pending,400000,Unsanctioned
MPLADS-037699,Om Birla,Lok Sabha,Rajasthan,KOTA,,,KESHORAIPATAN,Padra,Normal/Others,NA - Crematoriums or structures on burial/ cremation ground for public convenience,DISTRICT COLLECTOR BUNDI_IDA,2023-10-03,Action Pending,500000,Unsanctioned
MPLADS-037700,Om Birla,Lok Sabha,Rajasthan,KOTA,,,SULTANPUR,Saneeja Baori,Normal/Others,NA - Crematoriums or structures on burial/ cremation ground for public convenience,DISTRICT COLLECTOR KOTA_IDA,2023-10-03,Action Pending,500000,Unsanctioned
MPLADS-037701,Bhagirath Chaudhary,Lok Sabha,Rajasthan,AJMER,,,ARAIN,Gahalpur,Normal/Others,NA - Construction of community centers and community halls,DISTRICT COLLECTOR AJMER_IDA,2023-10-03,Action Pending,600000,Unsanctioned
MPLADS-037702,Bhagirath Chaudhary,Lok Sabha,Rajasthan,AJMER,,,MAUZAMABAD,Raseeli,Normal/Others,NA - Construction of community centers and community halls,DISTRICT COLLECTOR JAIPUR_IDA,2023-10-03,Action Pending,500000,Unsanctioned
MPLADS-037711,Shri Hanuman Beniwal ,Lok Sabha,Rajasthan,NAGAUR,,,JAYAL,Manglod,Normal/Others,NA - Construction of public libraries and reading rooms,DISTRICT COLLECTOR NAGAUR_IDA,2023-10-03,Action Pending,1500000,Unsanctioned
MPLADS-037712,Shri Hanuman Beniwal ,Lok Sabha,Rajasthan,NAGAUR,,,JAYAL,Rajod,Normal/Others,NA - Street lights,DISTRICT COLLECTOR NAGAUR_IDA,2023-10-03,Action Pending,500000,Unsanctioned
MPLADS-037714,Shri Hanuman Beniwal ,Lok Sabha,Rajasthan,NAGAUR,,,MAKRANA,Gehda Kala,Normal/Others,NA - Construction of shelters for animals,DISTRICT COLLECTOR NAGAUR_IDA,2023-10-03,Action Pending,1000000,Unsanctioned
MPLADS-037715,Shri Hanuman Beniwal ,Lok Sabha,Rajasthan,NAGAUR,,,PARBATSAR,Harnawa Patti,Normal/Others,NA - Installing tube-wells and borewells,DISTRICT COLLECTOR NAGAUR_IDA,2023-10-03,Action Pending,450000,Unsanctioned
MPLADS-037716,Shri Hanuman Beniwal ,Lok Sabha,Rajasthan,NAGAUR,,,PARBATSAR,Bidiyad,Normal/Others,NA - Construction of shelters for animals,DISTRICT COLLECTOR NAGAUR_IDA,2023-10-03,Action Pending,1000000,Unsanctioned
MPLADS-037717,Shri Hanuman Beniwal ,Lok Sabha,Rajasthan,NAGAUR,,,MERTA,Oladan,Normal/Others,NA - Purchase of furniture and fixtures for educational purposes,DISTRICT COLLECTOR NAGAUR_IDA,2023-10-03,Action Pending,150000,Unsanctioned
MPLADS-037718,Shri Hanuman Beniwal ,Lok Sabha,Rajasthan,NAGAUR,,,MERTA,Dadhwara,Normal/Others,NA - Providing drains and gutters for public drainage,DISTRICT COLLECTOR NAGAUR_IDA,2023-10-03,Action Pending,200000,Unsanctioned
MPLADS-037719,Shri Hanuman Beniwal ,Lok Sabha,Rajasthan,NAGAUR,,,MERTA,Siradhana,Normal/Others,NA - Construction of boundary walls of existing public and community buildings,DISTRICT COLLECTOR NAGAUR_IDA,2023-10-03,Action Pending,800000,Unsanctioned
MPLADS-037720,Shri Hanuman Beniwal ,Lok Sabha,Rajasthan,NAGAUR,,,MERTA,Sangva Ki Dhani,Normal/Others,NA - Construction of rooms and halls in school and colleges,DISTRICT COLLECTOR NAGAUR_IDA,2023-10-03,Action Pending,700000,Unsanctioned
MPLADS-037721,Shri Hanuman Beniwal ,Lok Sabha,Rajasthan,NAGAUR,,,MERTA,Karwasaron Ki Dhani,Normal/Others,NA - Construction of rooms and halls in school and colleges,DISTRICT COLLECTOR NAGAUR_IDA,2023-10-03,Action Pending,700000,Unsanctioned
MPLADS-037722,Shri Hanuman Beniwal ,Lok Sabha,Rajasthan,NAGAUR,,,MERTA,Riya-Shyamdas,Normal/Others,WS/MP386/2023-2024/30910 - Construction of rooms and halls in school and colleges,DISTRICT COLLECTOR NAGAUR_IDA,2023-10-03,Approved by IDA,300000,Unsanctioned
MPLADS-037723,Shri Hanuman Beniwal ,Lok Sabha,Rajasthan,NAGAUR,,,MERTA,Riya-Shyamdas,Normal/Others,WS/MP386/2023-2024/30909 - Construction of community centers and community halls,DISTRICT COLLECTOR NAGAUR_IDA,2023-10-03,Approved by IDA,700000,Unsanctioned
MPLADS-037724,Shri Hanuman Beniwal ,Lok Sabha,Rajasthan,NAGAUR,,,MERTA,Rol Chandawata,Normal/Others,NA - Construction of rooms and halls in school and colleges,DISTRICT COLLECTOR NAGAUR_IDA,2023-10-03,Action Pending,800000,Unsanctioned
MPLADS-037725,Shri Hanuman Beniwal ,Lok Sabha,Rajasthan,NAGAUR,,,MERTA,Harsolao,Normal/Others,NA - Construction of boundary walls of existing public and community buildings,DISTRICT COLLECTOR NAGAUR_IDA,2023-10-03,Action Pending,500000,Unsanctioned
MPLADS-037726,Shri Hanuman Beniwal ,Lok Sabha,Rajasthan,NAGAUR,,,MERTA,Harsolao,Normal/Others,"NA - Construction of rooms and facilities for hospitals, FWC , PHC Centers and ANM centers",DISTRICT COLLECTOR NAGAUR_IDA,2023-10-03,Action Pending,1000000,Unsanctioned
MPLADS-037727,Shri Hanuman Beniwal ,Lok Sabha,Rajasthan,NAGAUR,,,MAKRANA,Mamdoli,Normal/Others,"NA - Construction of roads, approach roads, link roads and pathways",DISTRICT COLLECTOR NAGAUR_IDA,2023-10-03,Action Pending,1000000,Unsanctioned
MPLADS-037728,Shri Hanuman Beniwal ,Lok Sabha,Rajasthan,NAGAUR,,,MAKRANA,Barwala,Normal/Others,NA - Construction of shelters for animals,DISTRICT COLLECTOR NAGAUR_IDA,2023-10-03,Action Pending,800000,Unsanctioned
MPLADS-037729,Shri Hanuman Beniwal ,Lok Sabha,Rajasthan,NAGAUR,,,MAKRANA,Nosariya,Normal/Others,"NA - Construction of roads, approach roads, link roads and pathways",DISTRICT COLLECTOR NAGAUR_IDA,2023-10-03,Action Pending,1000000,Unsanctioned
MPLADS-037730,Shri Hanuman Beniwal ,Lok Sabha,Rajasthan,NAGAUR,,,JAYAL,Deh,Normal/Others,NA - Construction of community centers and community halls,DISTRICT COLLECTOR NAGAUR_IDA,2023-10-03,Action Pending,800000,Unsanctioned
MPLADS-037731,Shri Hanuman Beniwal ,Lok Sabha,Rajasthan,NAGAUR,,,MAKRANA,Noondara,Normal/Others,NA - Construction of shelters for animals,DISTRICT COLLECTOR NAGAUR_IDA,2023-10-03,Action Pending,600000,Unsanctioned
MPLADS-037732,Shri Hanuman Beniwal ,Lok Sabha,Rajasthan,NAGAUR,,,MAKRANA,Mangalpura,Normal/Others,NA - Construction of shelters for animals,DISTRICT COLLECTOR NAGAUR_IDA,2023-10-03,Action Pending,600000,Unsanctioned
MPLADS-037733,Shri Hanuman Beniwal ,Lok Sabha,Rajasthan,NAGAUR,,,MAKRANA,Nandoli Mertiya,Normal/Others,NA - Construction of rooms and halls in school and colleges,DISTRICT COLLECTOR NAGAUR_IDA,2023-10-03,Action Pending,500000,Unsanctioned
MPLADS-037734,Shri Hanuman Beniwal ,Lok Sabha,Rajasthan,NAGAUR,,,MAKRANA,Laroli,Normal/Others,NA - Construction of boundary walls of existing public and community buildings,DISTRICT COLLECTOR NAGAUR_IDA,2023-10-03,Action Pending,500000,Unsanctioned
MPLADS-037735,Shri Hanuman Beniwal ,Lok Sabha,Rajasthan,NAGAUR,,,JAYAL,Bugarda,Normal/Others,NA - Construction of rooms and halls in school and colleges,DISTRICT COLLECTOR NAGAUR_IDA,2023-10-03,Action Pending,800000,Unsanctioned
MPLADS-037736,Shri Hanuman Beniwal ,Lok Sabha,Rajasthan,NAGAUR,,,JAYAL,Anwaliyasar,Normal/Others,NA - Construction of rooms and halls in school and colleges,DISTRICT COLLECTOR NAGAUR_IDA,2023-10-03,Action Pending,1000000,Unsanctioned
MPLADS-037737,Shri Hanuman Beniwal ,Lok Sabha,Rajasthan,NAGAUR,,,JAYAL,Dugastau,Normal/Others,WS/MP386/2023-2024/30802 - Construction of public libraries and reading rooms,DISTRICT COLLECTOR NAGAUR_IDA,2023-10-03,Approved by IDA,1100000,Sanctioned
MPLADS-037738,Shri Hanuman Beniwal ,Lok Sabha,Rajasthan,NAGAUR,,,JAYAL,Pindiya,Normal/Others,NA - Providing drains and gutters for public drainage,DISTRICT COLLECTOR NAGAUR_IDA,2023-10-03,Action Pending,800000,Unsanctioned
MPLADS-037739,Shri Hanuman Beniwal ,Lok Sabha,Rajasthan,NAGAUR,,,JAYAL,Pindiya,Normal/Others,NA - Street lights,DISTRICT COLLECTOR NAGAUR_IDA,2023-10-03,Action Pending,500000,Unsanctioned
MPLADS-037740,Shri Hanuman Beniwal ,Lok Sabha,Rajasthan,NAGAUR,,,JAYAL,Tarnau,Normal/Others,"NA - Construction of roads, approach roads, link roads and pathways",DISTRICT COLLECTOR NAGAUR_IDA,2023-10-03,Action Pending,1500000,Unsanctioned
MPLADS-037741,Shri Hanuman Beniwal ,Lok Sabha,Rajasthan,NAGAUR,,,JAYAL,Burdi,Normal/Others,NA - Construction of rooms and halls in school and colleges,DISTRICT COLLECTOR NAGAUR_IDA,2023-10-03,Action Pending,800000,Unsanctioned
MPLADS-037742,Shri Hanuman Beniwal ,Lok Sabha,Rajasthan,NAGAUR,,,JAYAL,Deh,Normal/Others,NA - Street lights,DISTRICT COLLECTOR NAGAUR_IDA,2023-10-03,Action Pending,300000,Unsanctioned
MPLADS-037743,Shri Hanuman Beniwal ,Lok Sabha,Rajasthan,NAGAUR,,,JAYAL,Deh,Normal/Others,NA - Construction of community centers and community halls,DISTRICT COLLECTOR NAGAUR_IDA,2023-10-03,Action Pending,800000,Unsanctioned
MPLADS-037744,Shri Hanuman Beniwal ,Lok Sabha,Rajasthan,NAGAUR,,,JAYAL,Deh,Normal/Others,NA - Setting up public non-conventional energy plants,DISTRICT COLLECTOR NAGAUR_IDA,2023-10-03,Action Pending,500000,Unsanctioned
MPLADS-037747,Shri Hanuman Beniwal ,Lok Sabha,Rajasthan,NAGAUR,,,PARBATSAR,Peeplad,Normal/Others,NA - Construction of community centers and community halls,DISTRICT COLLECTOR NAGAUR_IDA,2023-10-03,Action Pending,500000,Unsanctioned
MPLADS-037748,Shri Hanuman Beniwal ,Lok Sabha,Rajasthan,NAGAUR,,,JAYAL,Gorau,Normal/Others,NA - Construction of rooms and halls in school and colleges,DISTRICT COLLECTOR NAGAUR_IDA,2023-10-03,Action Pending,1500000,Unsanctioned
MPLADS-037758,Bhagirath Chaudhary,Lok Sabha,Rajasthan,AJMER,Kishangarh,31,,,Normal/Others,NA - Construction of community centers and community halls,DISTRICT COLLECTOR AJMER_IDA,2023-10-03,Action Pending,500000,Unsanctioned
MPLADS-037759,Smt Jaskaur Meena ,Lok Sabha,Rajasthan,DAUSA(ST),,,Sikrai,Boojot,Normal/Others,NA - Construction of boundary walls of existing public and community buildings,DISTRICT COLLECTOR DAUSA_IDA,2023-10-03,Action Pending,600000,Unsanctioned
MPLADS-037760,Smt Jaskaur Meena ,Lok Sabha,Rajasthan,DAUSA(ST),,,BANDIKUI,Mund Ghisya,Normal/Others,NA - Construction of boundary walls of existing public and community buildings,DISTRICT COLLECTOR DAUSA_IDA,2023-10-03,Action Pending,500000,Unsanctioned
MPLADS-037763,Shri Hanuman Beniwal ,Lok Sabha,Rajasthan,NAGAUR,,,JAYAL,Arsinga,Normal/Others,NA - Construction of rooms and halls in school and colleges,DISTRICT COLLECTOR NAGAUR_IDA,2023-10-03,Action Pending,600000,Unsanctioned
MPLADS-037765,Shri Hanuman Beniwal ,Lok Sabha,Rajasthan,NAGAUR,,,JAYAL,Jalniyasar,Normal/Others,NA - Construction of rooms and halls in school and colleges,DISTRICT COLLECTOR NAGAUR_IDA,2023-10-03,Action Pending,1100000,Unsanctioned
MPLADS-037813,Shri Hanuman Beniwal ,Lok Sabha,Rajasthan,NAGAUR,,,PARBATSAR,Peeplad,Normal/Others,NA - Construction of community centers and community halls,DISTRICT COLLECTOR NAGAUR_IDA,2023-10-03,Action Pending,500000,Unsanctioned
MPLADS-037814,Shri Hanuman Beniwal ,Lok Sabha,Rajasthan,NAGAUR,,,DIDWANA,Bakwas,Normal/Others,"NA - Construction of roads, approach roads, link roads and pathways",DISTRICT COLLECTOR NAGAUR_IDA,2023-10-03,Action Pending,1000000,Unsanctioned
MPLADS-037826,Bhagirath Chaudhary,Lok Sabha,Rajasthan,AJMER,,,Kishangarh SILORA,Silora,Normal/Others,NA - Construction of community centers and community halls,DISTRICT COLLECTOR AJMER_IDA,2023-10-03,Action Pending,500000,Unsanctioned
MPLADS-037827,Bhagirath Chaudhary,Lok Sabha,Rajasthan,AJMER,,,ARAIN,Jhadol,Normal/Others,NA - Construction of community centers and community halls,DISTRICT COLLECTOR AJMER_IDA,2023-10-03,Action Pending,500000,Unsanctioned
MPLADS-037828,Bhagirath Chaudhary,Lok Sabha,Rajasthan,AJMER,,,Kishangarh SILORA,MALION KI BARI,Normal/Others,NA - Construction of community centers and community halls,DISTRICT COLLECTOR AJMER_IDA,2023-10-03,Action Pending,500000,Unsanctioned
MPLADS-037830,Bhagirath Chaudhary,Lok Sabha,Rajasthan,AJMER,,,ARAIN,Balapura,Normal/Others,NA - Construction of rooms and halls in school and colleges,DISTRICT COLLECTOR AJMER_IDA,2023-10-03,Action Pending,600000,Unsanctioned
MPLADS-037835,Shri Hanuman Beniwal ,Lok Sabha,Rajasthan,NAGAUR,,,DIDWANA,Sherani Abad,Repair and Renovation,NA - Construction of community centers and community halls,DISTRICT COLLECTOR NAGAUR_IDA,2023-10-03,Action Pending,1000000,Unsanctioned
MPLADS-037837,Bhagirath Chaudhary,Lok Sabha,Rajasthan,AJMER,,,PHAGI,Chauru,Normal/Others,NA - Construction of community centers and community halls,DISTRICT COLLECTOR JAIPUR_IDA,2023-10-03,Action Pending,1000000,Unsanctioned
MPLADS-037856,Bhagirath Chaudhary,Lok Sabha,Rajasthan,AJMER,,,PHAGI,Bhojpura,Normal/Others,NA - Construction of community centers and community halls,DISTRICT COLLECTOR JAIPUR_IDA,2023-10-03,Action Pending,500000,Unsanctioned
MPLADS-037857,Bhagirath Chaudhary,Lok Sabha,Rajasthan,AJMER,,,BHINAY,Barla Khera,Normal/Others,NA - Construction of public libraries and reading rooms,DISTRICT COLLECTOR AJMER_IDA,2023-10-03,Action Pending,500000,Unsanctioned
MPLADS-037858,Bhagirath Chaudhary,Lok Sabha,Rajasthan,AJMER,Ajmer,0,,,Normal/Others,NA - Construction of rooms and halls in school and colleges,DISTRICT COLLECTOR AJMER_IDA,2023-10-03,Action Pending,1200000,Unsanctioned
MPLADS-037859,Bhagirath Chaudhary,Lok Sabha,Rajasthan,AJMER,,,Ajmer Rural,Khori,Normal/Others,NA - Construction of public libraries and reading rooms,DISTRICT COLLECTOR AJMER_IDA,2023-10-03,Action Pending,500000,Unsanctioned
MPLADS-037860,Bhagirath Chaudhary,Lok Sabha,Rajasthan,AJMER,,,PISANGAN,Bhairoo Khera,Normal/Others,NA - Crematoriums or structures on burial/ cremation ground for public convenience,DISTRICT COLLECTOR AJMER_IDA,2023-10-03,Action Pending,250000,Unsanctioned
MPLADS-037861,Bhagirath Chaudhary,Lok Sabha,Rajasthan,AJMER,,,ARAIN,Borada,Normal/Others,NA - Construction of community centers and community halls,DISTRICT COLLECTOR AJMER_IDA,2023-10-03,Action Pending,500000,Unsanctioned
MPLADS-037862,Shri Hanuman Beniwal ,Lok Sabha,Rajasthan,NAGAUR,,,MOLASAR,Bhopji Ka Bas,Normal/Others,"NA - Construction of roads, approach roads, link roads and pathways",DISTRICT COLLECTOR NAGAUR_IDA,2023-10-03,Action Pending,500000,Unsanctioned
MPLADS-037875,Shri Hanuman Beniwal ,Lok Sabha,Rajasthan,NAGAUR,,,MOLASAR,Molasar,Normal/Others,"NA - Construction of roads, approach roads, link roads and pathways",DISTRICT COLLECTOR NAGAUR_IDA,2023-10-03,Action Pending,500000,Unsanctioned
MPLADS-037881,Shri Hanuman Beniwal ,Lok Sabha,Rajasthan,NAGAUR,Didwana,38,,,Normal/Others,NA - Construction of public libraries and reading rooms,DISTRICT COLLECTOR NAGAUR_IDA,2023-10-03,Action Pending,1100000,Unsanctioned
MPLADS-037882,Shri Hanuman Beniwal ,Lok Sabha,Rajasthan,NAGAUR,,,DIDWANA,Ruwan,Normal/Others,"NA - Construction of roads, approach roads, link roads and pathways",DISTRICT COLLECTOR NAGAUR_IDA,2023-10-03,Action Pending,500000,Unsanctioned
MPLADS-037884,Shri Hanuman Beniwal ,Lok Sabha,Rajasthan,NAGAUR,,,MOLASAR,Molasar,Normal/Others,"NA - Construction of roads, approach roads, link roads and pathways",DISTRICT COLLECTOR NAGAUR_IDA,2023-10-03,Action Pending,200000,Unsanctioned
MPLADS-037896,Shri Hanuman Beniwal ,Lok Sabha,Rajasthan,NAGAUR,,,MOLASAR,Dhankoli,Normal/Others,"NA - Construction of roads, approach roads, link roads and pathways",DISTRICT COLLECTOR NAGAUR_IDA,2023-10-03,Action Pending,1000000,Unsanctioned
MPLADS-037897,Shri Hanuman Beniwal ,Lok Sabha,Rajasthan,NAGAUR,,,MOLASAR,Bansa,Normal/Others,NA - Street lights,DISTRICT COLLECTOR NAGAUR_IDA,2023-10-03,Action Pending,300000,Unsanctioned
MPLADS-037898,Shri Hanuman Beniwal ,Lok Sabha,Rajasthan,NAGAUR,,,MOLASAR,Bansa,Normal/Others,NA - Street lights,DISTRICT COLLECTOR NAGAUR_IDA,2023-10-03,Action Pending,300000,Unsanctioned
MPLADS-037903,Om Birla,Lok Sabha,Rajasthan,KOTA,,,ITAWA,Khatauli,Normal/Others,NA - Development of playground,DISTRICT COLLECTOR KOTA_IDA,2023-10-03,Action Pending,5000000,Unsanctioned
MPLADS-037925,Shri Hanuman Beniwal ,Lok Sabha,Rajasthan,NAGAUR,,,MOLASAR,Molasar,Normal/Others,NA - Street lights,DISTRICT COLLECTOR NAGAUR_IDA,2023-10-03,Action Pending,300000,Unsanctioned
MPLADS-037952,SHRI Neeraj Dangi,Rajya Sabha,Rajasthan,Sitting Rajya Sabha,,,PHALODI,Begti Kalan,Normal/Others,NA - Construction of public libraries and reading rooms,DISTRICT COLLECTOR JODHPUR_IDA,2023-10-02,Action Pending,1000000,Unsanctioned
MPLADS-037971,SHRI Neeraj Dangi,Rajya Sabha,Rajasthan,Sitting Rajya Sabha,Jaipur Heritage,50,,,Normal/Others,NA - Construction of community centers and community halls,DISTRICT COLLECTOR JAIPUR_IDA,2023-10-02,Action Pending,2500000,Unsanctioned
MPLADS-037972,SHRI Neeraj Dangi,Rajya Sabha,Rajasthan,Sitting Rajya Sabha,,,SAM,Beenjraj Ka Tala,Normal/Others,WS/MP236/2023-2024/30407 - Construction of public libraries and reading rooms,DISTRICT COLLECTOR JAISLAMER_IDA,2023-10-02,Approved by IDA,500000,Unsanctioned
MPLADS-037973,SHRI Neeraj Dangi,Rajya Sabha,Rajasthan,Sitting Rajya Sabha,,,FATEHGARH,Baiya,Normal/Others,NA - Construction of public libraries and reading rooms,DISTRICT COLLECTOR JAISLAMER_IDA,2023-10-02,Action Pending,1000000,Unsanctioned
MPLADS-037974,SHRI Neeraj Dangi,Rajya Sabha,Rajasthan,Sitting Rajya Sabha,,,GADRA ROAD,Phangali,Normal/Others,NA - Construction of public libraries and reading rooms,DISTRICT COLLECTOR BARMER_IDA,2023-10-02,Action Pending,500000,Unsanctioned
MPLADS-037975,SHRI Neeraj Dangi,Rajya Sabha,Rajasthan,Sitting Rajya Sabha,,,GADRA ROAD,PADAMDA,Normal/Others,NA - Construction of public libraries and reading rooms,DISTRICT COLLECTOR BARMER_IDA,2023-10-02,Action Pending,1000000,Unsanctioned
MPLADS-037976,SHRI Rajendra Gehlot,Rajya Sabha,Rajasthan,Sitting Rajya Sabha,,,LOHAWAT,Bhajan Nagar,Normal/Others,"NA - Construction of roads, approach roads, link roads and pathways",DISTRICT COLLECTOR JODHPUR_IDA,2023-10-02,Action Pending,1000000,Unsanctioned
MPLADS-037977,SHRI Rajendra Gehlot,Rajya Sabha,Rajasthan,Sitting Rajya Sabha,,,OSIAN,Bhakhri,Normal/Others,WS/MP151/2023-2024/30001 - Crematoriums or structures on burial/ cremation ground for public convenience,DISTRICT COLLECTOR JODHPUR_IDA,2023-10-02,Approved by IDA,500000,Unsanctioned
MPLADS-037980,SHRI Rajendra Gehlot,Rajya Sabha,Rajasthan,Sitting Rajya Sabha,,,GHANTIYALI,Jaisala,Normal/Others,WS/MP151/2023-2024/29999 - Crematoriums or structures on burial/ cremation ground for public convenience,DISTRICT COLLECTOR JODHPUR_IDA,2023-10-02,Approved by IDA,700000,Unsanctioned
MPLADS-038005,SHRI Rajendra Gehlot,Rajya Sabha,Rajasthan,Sitting Rajya Sabha,,,GHANTIYALI,Jaisala,Normal/Others,"WS/MP151/2023-2024/30000 - Construction of roads, approach roads, link roads and pathways",DISTRICT COLLECTOR JODHPUR_IDA,2023-10-02,Approved by IDA,800000,Unsanctioned
MPLADS-038006,SHRI Rajendra Gehlot,Rajya Sabha,Rajasthan,Sitting Rajya Sabha,,,GHANTIYALI,Kodiyanada,Normal/Others,NA - Crematoriums or structures on burial/ cremation ground for public convenience,DISTRICT COLLECTOR JODHPUR_IDA,2023-10-02,Action Pending,500000,Unsanctioned
MPLADS-038034,SHRI Rajendra Gehlot,Rajya Sabha,Rajasthan,Sitting Rajya Sabha,,,GHANTIYALI,Dhadharwala,Normal/Others,"WS/MP151/2023-2024/29997 - Construction of roads, approach roads, link roads and pathways",DISTRICT COLLECTOR JODHPUR_IDA,2023-10-02,Approved by IDA,500000,Sanctioned
MPLADS-038036,SHRI Rajendra Gehlot,Rajya Sabha,Rajasthan,Sitting Rajya Sabha,,,GHANTIYALI,Dhadharwala,Normal/Others,WS/MP151/2023-2024/29996 - Crematoriums or structures on burial/ cremation ground for public convenience,DISTRICT COLLECTOR JODHPUR_IDA,2023-10-02,Approved by IDA,500000,Sanctioned
MPLADS-038037,SHRI Rajendra Gehlot,Rajya Sabha,Rajasthan,Sitting Rajya Sabha,,,OSIAN,Barthal,Normal/Others,"WS/MP151/2023-2024/29995 - Construction of roads, approach roads, link roads and pathways",DISTRICT COLLECTOR JODHPUR_IDA,2023-10-02,Approved by IDA,500000,Unsanctioned
MPLADS-038038,Dr Manmohan Singh,Rajya Sabha,Rajasthan,Sitting Rajya Sabha,,,BAP,Baroo,Normal/Others,NA - Construction of public libraries and reading rooms,DISTRICT COLLECTOR JODHPUR_IDA,2023-10-02,Action Pending,750000,Unsanctioned
MPLADS-038039,Dr Manmohan Singh,Rajya Sabha,Rajasthan,Sitting Rajya Sabha,,,BHANIYANA,Loona Khurd,Normal/Others,NA - Construction of public libraries and reading rooms,DISTRICT COLLECTOR JAISLAMER_IDA,2023-10-02,Action Pending,500000,Unsanctioned
MPLADS-038040,Dr Manmohan Singh,Rajya Sabha,Rajasthan,Sitting Rajya Sabha,,,JAISALMER,Gorera,Normal/Others,NA - Construction of public libraries and reading rooms,DISTRICT COLLECTOR JAISLAMER_IDA,2023-10-02,Action Pending,500000,Unsanctioned
MPLADS-038041,Dr Manmohan Singh,Rajya Sabha,Rajasthan,Sitting Rajya Sabha,,,SAM,Siyambar,Normal/Others,WS/MP143/2023-2024/29970 - Construction of public libraries and reading rooms,DISTRICT COLLECTOR JAISLAMER_IDA,2023-10-02,Approved by IDA,1000000,Ongoing
MPLADS-038042,Dr Manmohan Singh,Rajya Sabha,Rajasthan,Sitting Rajya Sabha,,,MOHANGARH,Hadda,Normal/Others,WS/MP143/2023-2024/29969 - Construction of public libraries and reading rooms,DISTRICT COLLECTOR JAISLAMER_IDA,2023-10-02,Approved by IDA,500000,Unsanctioned
MPLADS-038043,Dr Manmohan Singh,Rajya Sabha,Rajasthan,Sitting Rajya Sabha,,,SAM,Sipala,Normal/Others,NA - Construction of rooms and halls in school and colleges,DISTRICT COLLECTOR JAISLAMER_IDA,2023-10-02,Action Pending,1000000,Unsanctioned
MPLADS-038044,Dr Manmohan Singh,Rajya Sabha,Rajasthan,Sitting Rajya Sabha,,,FATEHGARH,Moolana,Normal/Others,WS/MP143/2023-2024/29967 - Construction of public libraries and reading rooms,DISTRICT COLLECTOR JAISLAMER_IDA,2023-10-02,Approved by IDA,500000,Unsanctioned
MPLADS-038045,Dr Manmohan Singh,Rajya Sabha,Rajasthan,Sitting Rajya Sabha,,,JAISALMER,Hameera,Normal/Others,WS/MP143/2023-2024/29966 - Construction of public libraries and reading rooms,DISTRICT COLLECTOR JAISLAMER_IDA,2023-10-02,Approved by IDA,1000000,Ongoing
MPLADS-038046,Dr Manmohan Singh,Rajya Sabha,Rajasthan,Sitting Rajya Sabha,,,SEKHALA,Ketoo Hama,Normal/Others,NA - Construction of rooms and halls in school and colleges,DISTRICT COLLECTOR JODHPUR_IDA,2023-10-02,Action Pending,600000,Unsanctioned
MPLADS-038047,Dr Manmohan Singh,Rajya Sabha,Rajasthan,Sitting Rajya Sabha,,,SEKHALA,Ramdev Nagar,Normal/Others,NA - Construction of rooms and halls in school and colleges,DISTRICT COLLECTOR JODHPUR_IDA,2023-10-02,Action Pending,600000,Unsanctioned
MPLADS-038048,Dr Manmohan Singh,Rajya Sabha,Rajasthan,Sitting Rajya Sabha,,,BANDIKUI,Bandikui Jageer(Rural),Normal/Others,NA - Construction of rooms and halls in school and colleges,DISTRICT COLLECTOR DAUSA_IDA,2023-10-02,Action Pending,800000,Unsanctioned
MPLADS-038049,Dr Manmohan Singh,Rajya Sabha,Rajasthan,Sitting Rajya Sabha,,,MAHWA,Guwarki,Normal/Others,NA - Construction of rooms and halls in school and colleges,DISTRICT COLLECTOR DAUSA_IDA,2023-10-02,Action Pending,1400000,Unsanctioned
MPLADS-038050,Dr Manmohan Singh,Rajya Sabha,Rajasthan,Sitting Rajya Sabha,,,BAP,Modkiya,Normal/Others,NA - Construction of rooms and halls in school and colleges,DISTRICT COLLECTOR JODHPUR_IDA,2023-10-02,Action Pending,1400000,Unsanctioned
MPLADS-038051,Dr Manmohan Singh,Rajya Sabha,Rajasthan,Sitting Rajya Sabha,,,PHALODI,Baori Khurd,Normal/Others,NA - Construction of rooms and halls in school and colleges,DISTRICT COLLECTOR JODHPUR_IDA,2023-10-02,Action Pending,700000,Unsanctioned
MPLADS-038052,Dr Manmohan Singh,Rajya Sabha,Rajasthan,Sitting Rajya Sabha,,,PHALODI,Baori Khurd,Normal/Others,NA - Construction of rooms and halls in school and colleges,DISTRICT COLLECTOR JODHPUR_IDA,2023-10-02,Action Pending,1400000,Unsanctioned
MPLADS-038053,SHRI Kirodi Lal,Rajya Sabha,Rajasthan,Sitting Rajya Sabha,,,BHUSAWAR,Pathena,Normal/Others,"NA - Construction of roads, approach roads, link roads and pathways",DISTRICT COLLECTOR BHARATPUR_IDA,2023-10-02,Action Pending,500000,Unsanctioned
MPLADS-038054,SHRI Kirodi Lal,Rajya Sabha,Rajasthan,Sitting Rajya Sabha,,,BHUSAWAR,Pathena,Normal/Others,"NA - Construction of roads, approach roads, link roads and pathways",DISTRICT COLLECTOR BHARATPUR_IDA,2023-10-02,Action Pending,500000,Unsanctioned
MPLADS-038055,SHRI Kirodi Lal,Rajya Sabha,Rajasthan,Sitting Rajya Sabha,,,BONLI,Kodyai,Normal/Others,"NA - Purchase of prosthetics, wheel chairs, tricycles (manual or motorized), elect scooties, hearing aids",DISTRICT COLLECTOR SAWAI MADHOPUR_IDA,2023-10-02,Action Pending,90000,Unsanctioned
MPLADS-038060,Bhagirath Chaudhary,Lok Sabha,Rajasthan,AJMER,Kishangarh,12,,,Normal/Others,"NA - Purchase of prosthetics, wheel chairs, tricycles (manual or motorized), elect scooties, hearing aids",DISTRICT COLLECTOR AJMER_IDA,2023-10-02,Action Pending,50000,Unsanctioned
MPLADS-038097,Bhagirath Chaudhary,Lok Sabha,Rajasthan,AJMER,,,Ajmer Rural,Magra,Normal/Others,"NA - Purchase of prosthetics, wheel chairs, tricycles (manual or motorized), elect scooties, hearing aids",DISTRICT COLLECTOR AJMER_IDA,2023-10-02,Action Pending,50000,Unsanctioned
MPLADS-038098,Smt Ranjeeta Koli,Lok Sabha,Rajasthan,BHARATPUR(SC),,,KATHUMAR,Kherli Rel ( Rural ),Normal/Others,"NA - Construction of roads, approach roads, link roads and pathways",DISTRICT COLLECTOR ALWAR_IDA,2023-10-02,Action Pending,500000,Unsanctioned
MPLADS-038099,Smt Ranjeeta Koli,Lok Sabha,Rajasthan,BHARATPUR(SC),,,KATHUMAR,Kherli Rel ( Rural ),Normal/Others,"NA - Construction of roads, approach roads, link roads and pathways",DISTRICT COLLECTOR ALWAR_IDA,2023-10-02,Action Pending,500000,Unsanctioned
MPLADS-038100,Bhagirath Chaudhary,Lok Sabha,Rajasthan,AJMER,,,Ajmer Rural,Ramner Dhani,Normal/Others,"NA - Purchase of prosthetics, wheel chairs, tricycles (manual or motorized), elect scooties, hearing aids",DISTRICT COLLECTOR AJMER_IDA,2023-10-02,Action Pending,50000,Unsanctioned
MPLADS-038101,Bhagirath Chaudhary,Lok Sabha,Rajasthan,AJMER,Ajmer,17,,,Normal/Others,"NA - Purchase of prosthetics, wheel chairs, tricycles (manual or motorized), elect scooties, hearing aids",DISTRICT COLLECTOR AJMER_IDA,2023-10-02,Action Pending,50000,Unsanctioned
MPLADS-038102,Bhagirath Chaudhary,Lok Sabha,Rajasthan,AJMER,,,Kishangarh SILORA,Gudli,Normal/Others,"NA - Purchase of prosthetics, wheel chairs, tricycles (manual or motorized), elect scooties, hearing aids",DISTRICT COLLECTOR AJMER_IDA,2023-10-02,Action Pending,50000,Unsanctioned
MPLADS-038103,Bhagirath Chaudhary,Lok Sabha,Rajasthan,AJMER,,,MASOODA,Jaliya II,Normal/Others,"NA - Purchase of prosthetics, wheel chairs, tricycles (manual or motorized), elect scooties, hearing aids",DISTRICT COLLECTOR AJMER_IDA,2023-10-02,Action Pending,50000,Unsanctioned
MPLADS-038104,Bhagirath Chaudhary,Lok Sabha,Rajasthan,AJMER,Kishangarh,0,,,Normal/Others,"NA - Purchase of prosthetics, wheel chairs, tricycles (manual or motorized), elect scooties, hearing aids",DISTRICT COLLECTOR AJMER_IDA,2023-10-02,Action Pending,50000,Unsanctioned
MPLADS-038105,Bhagirath Chaudhary,Lok Sabha,Rajasthan,AJMER,,,PISANGAN,Makrera,Normal/Others,"NA - Purchase of prosthetics, wheel chairs, tricycles (manual or motorized), elect scooties, hearing aids",DISTRICT COLLECTOR AJMER_IDA,2023-10-02,Action Pending,50000,Unsanctioned
MPLADS-038106,Bhagirath Chaudhary,Lok Sabha,Rajasthan,AJMER,,,BHINAY,Deoliya Kalan,Normal/Others,"NA - Purchase of prosthetics, wheel chairs, tricycles (manual or motorized), elect scooties, hearing aids",DISTRICT COLLECTOR AJMER_IDA,2023-10-02,Action Pending,50000,Unsanctioned
MPLADS-038107,Bhagirath Chaudhary,Lok Sabha,Rajasthan,AJMER,,,BHINAY,Deoliya Kalan,Normal/Others,"NA - Purchase of prosthetics, wheel chairs, tricycles (manual or motorized), elect scooties, hearing aids",DISTRICT COLLECTOR AJMER_IDA,2023-10-02,Action Pending,50000,Unsanctioned
MPLADS-038108,Bhagirath Chaudhary,Lok Sabha,Rajasthan,AJMER,,,Kishangarh SILORA,Buharoo,Normal/Others,"NA - Purchase of prosthetics, wheel chairs, tricycles (manual or motorized), elect scooties, hearing aids",DISTRICT COLLECTOR AJMER_IDA,2023-10-02,Action Pending,50000,Unsanctioned
MPLADS-038109,Bhagirath Chaudhary,Lok Sabha,Rajasthan,AJMER,,,Kishangarh SILORA,Ralawatan,Normal/Others,"NA - Purchase of prosthetics, wheel chairs, tricycles (manual or motorized), elect scooties, hearing aids",DISTRICT COLLECTOR AJMER_IDA,2023-10-02,Action Pending,50000,Unsanctioned
MPLADS-038110,Bhagirath Chaudhary,Lok Sabha,Rajasthan,AJMER,,,ARAIN,Dadiya,Normal/Others,"NA - Purchase of prosthetics, wheel chairs, tricycles (manual or motorized), elect scooties, hearing aids",DISTRICT COLLECTOR AJMER_IDA,2023-10-02,Action Pending,50000,Unsanctioned
MPLADS-038111,Bhagirath Chaudhary,Lok Sabha,Rajasthan,AJMER,,,Kishangarh SILORA,Mohan Pura,Normal/Others,"NA - Purchase of prosthetics, wheel chairs, tricycles (manual or motorized), elect scooties, hearing aids",DISTRICT COLLECTOR AJMER_IDA,2023-10-02,Action Pending,50000,Unsanctioned
MPLADS-038112,Bhagirath Chaudhary,Lok Sabha,Rajasthan,AJMER,,,Kishangarh SILORA,Cheeta Khera,Normal/Others,"NA - Purchase of prosthetics, wheel chairs, tricycles (manual or motorized), elect scooties, hearing aids",DISTRICT COLLECTOR AJMER_IDA,2023-10-02,Action Pending,50000,Unsanctioned
MPLADS-038114,Bhagirath Chaudhary,Lok Sabha,Rajasthan,AJMER,,,DUDU,Padasoli,Normal/Others,NA - Construction of community centers and community halls,DISTRICT COLLECTOR JAIPUR_IDA,2023-10-02,Action Pending,1000000,Unsanctioned
MPLADS-038115,Bhagirath Chaudhary,Lok Sabha,Rajasthan,AJMER,,,KEKRI,Jooniya,Normal/Others,NA - Construction of community centers and community halls,DISTRICT COLLECTOR AJMER_IDA,2023-10-02,Action Pending,500000,Unsanctioned
MPLADS-038116,Bhagirath Chaudhary,Lok Sabha,Rajasthan,AJMER,,,KEKRI,Baghera,Normal/Others,NA - Construction of community centers and community halls,DISTRICT COLLECTOR AJMER_IDA,2023-10-02,Action Pending,500000,Unsanctioned
MPLADS-038117,Dushyant Singh,Lok Sabha,Rajasthan,JHALAWAR-BARAN,,,DAG,Kolvi @ Mandi Rajendrapur (CT),Normal/Others,WS/MP722/2023-2024/29889 - Construction of Rainwater Harvesting Parks –demo projects – subject to only one per municipality,DISTRICT COLLECTOR JHALAWAR_IDA,2023-10-02,Approved by IDA,500000,Unsanctioned
MPLADS-038118,Bhagirath Chaudhary,Lok Sabha,Rajasthan,AJMER,,,PHAGI,Mendwas,Normal/Others,NA - Construction of community centers and community halls,DISTRICT COLLECTOR JAIPUR_IDA,2023-10-02,Action Pending,500000,Unsanctioned
MPLADS-038119,Bhagirath Chaudhary,Lok Sabha,Rajasthan,AJMER,,,MASOODA,Devipura,Normal/Others,NA - Construction of community centers and community halls,DISTRICT COLLECTOR AJMER_IDA,2023-10-02,Action Pending,1000000,Unsanctioned
MPLADS-038120,Bhagirath Chaudhary,Lok Sabha,Rajasthan,AJMER,,,Ajmer Rural,Kharekhari,Normal/Others,NA - Construction of community centers and community halls,DISTRICT COLLECTOR AJMER_IDA,2023-10-02,Action Pending,1000000,Unsanctioned
MPLADS-038121,Dushyant Singh,Lok Sabha,Rajasthan,JHALAWAR-BARAN,Bhawani Mandi,ward no 11 Pachpahar,,,Normal/Others,NA - Construction of boundary walls of existing public and community buildings,DISTRICT COLLECTOR JHALAWAR_IDA,2023-10-02,Action Pending,500000,Unsanctioned
MPLADS-038122,Bhagirath Chaudhary,Lok Sabha,Rajasthan,AJMER,,,Ajmer Rural,Hathi Khera,Normal/Others,NA - Construction of community centers and community halls,DISTRICT COLLECTOR AJMER_IDA,2023-10-02,Action Pending,1000000,Unsanctioned
MPLADS-038123,Bhagirath Chaudhary,Lok Sabha,Rajasthan,AJMER,Ajmer,16,,,Normal/Others,NA - Construction of community centers and community halls,DISTRICT COLLECTOR AJMER_IDA,2023-10-02,Action Pending,500000,Unsanctioned
MPLADS-038130,Smt Ranjeeta Koli,Lok Sabha,Rajasthan,BHARATPUR(SC),,,KATHUMAR,Garoo,Normal/Others,"NA - Construction of roads, approach roads, link roads and pathways",DISTRICT COLLECTOR ALWAR_IDA,2023-10-02,Action Pending,1000000,Unsanctioned
MPLADS-038197,Smt Ranjeeta Koli,Lok Sabha,Rajasthan,BHARATPUR(SC),,,KATHUMAR,Maithna,Normal/Others,"NA - Construction of roads, approach roads, link roads and pathways",DISTRICT COLLECTOR ALWAR_IDA,2023-10-02,Action Pending,600000,Unsanctioned
MPLADS-038199,Shri Hanuman Beniwal ,Lok Sabha,Rajasthan,NAGAUR,,,KHINVSAR,Gulasar,Normal/Others,NA - Construction of rooms and halls in school and colleges,DISTRICT COLLECTOR NAGAUR_IDA,2023-10-02,Action Pending,700000,Unsanctioned
MPLADS-038200,Nihal Chand Chauhan,Lok Sabha,Rajasthan,GANGANAGAR(SC),Rawatsar,12,,,Normal/Others,NA - Construction of additional rooms and halls in the existing public and community building,DISTRICT COLLECTOR HANUMANGARH_IDA,2023-10-02,Action Pending,1000000,Unsanctioned
MPLADS-038201,Shri Hanuman Beniwal ,Lok Sabha,Rajasthan,NAGAUR,,,KHINVSAR,Nagri,Normal/Others,NA - Construction of rooms and halls in school and colleges,DISTRICT COLLECTOR NAGAUR_IDA,2023-10-02,Action Pending,1000000,Unsanctioned
MPLADS-038202,Smt Ranjeeta Koli,Lok Sabha,Rajasthan,BHARATPUR(SC),,,BHUSAWAR,Suhari,Normal/Others,"NA - Construction of roads, link roads, pathways or any other road with or without drainage system",DISTRICT COLLECTOR BHARATPUR_IDA,2023-10-02,Action Pending,500000,Unsanctioned
MPLADS-038203,Smt Ranjeeta Koli,Lok Sabha,Rajasthan,BHARATPUR(SC),,,WEIR,Moodiya Laleeta,Normal/Others,NA - Construction of community centers and community halls,DISTRICT COLLECTOR BHARATPUR_IDA,2023-10-02,Action Pending,500000,Unsanctioned
MPLADS-038204,Smt Ranjeeta Koli,Lok Sabha,Rajasthan,BHARATPUR(SC),,,SEWAR,Jharoli,Normal/Others,"NA - Construction of roads, approach roads, link roads and pathways",DISTRICT COLLECTOR BHARATPUR_IDA,2023-10-02,Action Pending,500000,Unsanctioned
MPLADS-038205,Smt Ranjeeta Koli,Lok Sabha,Rajasthan,BHARATPUR(SC),,,NADBAI,Raisees,Normal/Others,"NA - Construction of roads, link roads, pathways or any other road with or without drainage system",DISTRICT COLLECTOR BHARATPUR_IDA,2023-10-02,Action Pending,500000,Unsanctioned
MPLADS-038206,Smt Ranjeeta Koli,Lok Sabha,Rajasthan,BHARATPUR(SC),,,NADBAI,Raisees,Normal/Others,"NA - Construction of roads, approach roads, link roads and pathways",DISTRICT COLLECTOR BHARATPUR_IDA,2023-10-02,Action Pending,200000,Unsanctioned
MPLADS-038207,Nihal Chand Chauhan,Lok Sabha,Rajasthan,GANGANAGAR(SC),Rawatsar,23,,,Normal/Others,NA - Construction of rooms and halls in school and colleges,DISTRICT COLLECTOR HANUMANGARH_IDA,2023-10-02,Action Pending,1400000,Unsanctioned
MPLADS-038208,Nihal Chand Chauhan,Lok Sabha,Rajasthan,GANGANAGAR(SC),,,PILIBANGA,1 TKW-A,Normal/Others,NA - Construction of rooms and halls in school and colleges,DISTRICT COLLECTOR HANUMANGARH_IDA,2023-10-02,Action Pending,600000,Unsanctioned
MPLADS-038209,Smt Ranjeeta Koli,Lok Sabha,Rajasthan,BHARATPUR(SC),,,NADBAI,Karhi,Normal/Others,NA - Construction of rooms and halls in school and colleges,DISTRICT COLLECTOR BHARATPUR_IDA,2023-10-02,Action Pending,800000,Unsanctioned
MPLADS-038210,Nihal Chand Chauhan,Lok Sabha,Rajasthan,GANGANAGAR(SC),,,RAWATSAR,4 JBD,Normal/Others,NA - Construction of rooms and halls in school and colleges,DISTRICT COLLECTOR HANUMANGARH_IDA,2023-10-02,Action Pending,600000,Unsanctioned
MPLADS-038211,Nihal Chand Chauhan,Lok Sabha,Rajasthan,GANGANAGAR(SC),,,PILIBANGA,MANAKTHERI BARANI,Normal/Others,NA - Development of playfields and sports grounds,DISTRICT COLLECTOR HANUMANGARH_IDA,2023-10-02,Action Pending,1000000,Unsanctioned
MPLADS-038212,Nihal Chand Chauhan,Lok Sabha,Rajasthan,GANGANAGAR(SC),,,RAWATSAR,KHODA BARANI,Normal/Others,NA - Setting up of laboratories,DISTRICT COLLECTOR HANUMANGARH_IDA,2023-10-02,Action Pending,400000,Unsanctioned
MPLADS-038213,Nihal Chand Chauhan,Lok Sabha,Rajasthan,GANGANAGAR(SC),,,SURATGARH,1 Lm,Normal/Others,NA - Construction of boundary walls of existing public and community buildings,DISTRICT COLLECTOR SRIGANGANAGAR_IDA,2023-10-02,Action Pending,400000,Unsanctioned
MPLADS-038214,Nihal Chand Chauhan,Lok Sabha,Rajasthan,GANGANAGAR(SC),,,SURATGARH,30 Mod,Normal/Others,NA - Construction of additional rooms and halls in the existing public and community building,DISTRICT COLLECTOR SRIGANGANAGAR_IDA,2023-10-02,Action Pending,1000000,Unsanctioned
MPLADS-038215,Bhagirath Chaudhary,Lok Sabha,Rajasthan,AJMER,Kishangarh,5,,,Normal/Others,"NA - Purchase of prosthetics, wheel chairs, tricycles (manual or motorized), elect scooties, hearing aids",DISTRICT COLLECTOR AJMER_IDA,2023-10-02,Action Pending,50000,Unsanctioned
MPLADS-038217,Shri Hanuman Beniwal ,Lok Sabha,Rajasthan,NAGAUR,,,KHINVSAR,Nagri,Normal/Others,NA - Construction of rooms and halls in school and colleges,DISTRICT COLLECTOR NAGAUR_IDA,2023-10-02,Action Pending,250000,Unsanctioned
MPLADS-038218,Shri Hanuman Beniwal ,Lok Sabha,Rajasthan,NAGAUR,,,KHINVSAR,Loonawas,Normal/Others,NA - Construction of boundary walls of existing public and community buildings,DISTRICT COLLECTOR NAGAUR_IDA,2023-10-02,Action Pending,700000,Unsanctioned
MPLADS-038219,Shri Hanuman Beniwal ,Lok Sabha,Rajasthan,NAGAUR,,,KHINVSAR,Akhawas,Normal/Others,NA - Construction of rooms and halls in school and colleges,DISTRICT COLLECTOR NAGAUR_IDA,2023-10-02,Action Pending,300000,Unsanctioned
MPLADS-038220,Shri Hanuman Beniwal ,Lok Sabha,Rajasthan,NAGAUR,,,KHINVSAR,Charda,Normal/Others,"NA - Construction of roads, link roads, pathways or any other road with or without drainage system",DISTRICT COLLECTOR NAGAUR_IDA,2023-10-02,Action Pending,800000,Unsanctioned
MPLADS-038221,Smt Ranjeeta Koli,Lok Sabha,Rajasthan,BHARATPUR(SC),,,Bayana,Dewasarai,Normal/Others,"NA - Construction of roads, link roads, pathways or any other road with or without drainage system",DISTRICT COLLECTOR BHARATPUR_IDA,2023-10-02,Action Pending,500000,Unsanctioned
MPLADS-038222,Smt Ranjeeta Koli,Lok Sabha,Rajasthan,BHARATPUR(SC),,,RUPBAS,Maloni,Normal/Others,"NA - Construction of roads, link roads, pathways or any other road with or without drainage system",DISTRICT COLLECTOR BHARATPUR_IDA,2023-10-02,Action Pending,500000,Unsanctioned
MPLADS-038223,Smt Ranjeeta Koli,Lok Sabha,Rajasthan,BHARATPUR(SC),,,BAYANA,Kanawar,Normal/Others,NA - Installing tube-wells and borewells,DISTRICT COLLECTOR BHARATPUR_IDA,2023-10-02,Action Pending,300000,Unsanctioned
MPLADS-038224,Smt Ranjeeta Koli,Lok Sabha,Rajasthan,BHARATPUR(SC),,,BAYANA,Milakpur,Normal/Others,NA - Installing hand pumps,DISTRICT COLLECTOR BHARATPUR_IDA,2023-10-02,Action Pending,110000,Unsanctioned
MPLADS-038225,Smt Ranjeeta Koli,Lok Sabha,Rajasthan,BHARATPUR(SC),,,NADBAI,Nayabas,Normal/Others,"NA - Construction of roads, link roads, pathways or any other road with or without drainage system",DISTRICT COLLECTOR BHARATPUR_IDA,2023-10-02,Action Pending,200000,Unsanctioned
MPLADS-038226,Smt Ranjeeta Koli,Lok Sabha,Rajasthan,BHARATPUR(SC),,,NADBAI,Kareeli,Normal/Others,"NA - Construction of roads, link roads, pathways or any other road with or without drainage system",DISTRICT COLLECTOR BHARATPUR_IDA,2023-10-02,Action Pending,300000,Unsanctioned
MPLADS-038227,Bhagirath Chaudhary,Lok Sabha,Rajasthan,AJMER,Ajmer,0,,,Normal/Others,WS/MP719/2023-2024/30147 - Construction of rooms and halls in school and colleges,DISTRICT COLLECTOR AJMER_IDA,2023-10-02,Approved by IDA,1000000,Unsanctioned
MPLADS-038228,Smt Ranjeeta Koli,Lok Sabha,Rajasthan,BHARATPUR(SC),,,BAYANA,Naroli,Normal/Others,"NA - Construction of roads, link roads, pathways or any other road with or without drainage system",DISTRICT COLLECTOR BHARATPUR_IDA,2023-10-02,Action Pending,600000,Unsanctioned
MPLADS-038229,Smt Ranjeeta Koli,Lok Sabha,Rajasthan,BHARATPUR(SC),,,SEWAR,Gaonri,Normal/Others,"NA - Construction of roads, approach roads, link roads and pathways",DISTRICT COLLECTOR BHARATPUR_IDA,2023-10-02,Action Pending,1000000,Unsanctioned
MPLADS-038230,Smt Ranjeeta Koli,Lok Sabha,Rajasthan,BHARATPUR(SC),,,BHUSAWAR,Chaintoli,Normal/Others,"NA - Construction of roads, approach roads, link roads and pathways",DISTRICT COLLECTOR BHARATPUR_IDA,2023-10-02,Action Pending,1000000,Unsanctioned
MPLADS-038231,Shri Hanuman Beniwal ,Lok Sabha,Rajasthan,NAGAUR,,,KHINVSAR,Joginara,Normal/Others,NA - Construction of rooms and halls in school and colleges,DISTRICT COLLECTOR NAGAUR_IDA,2023-10-02,Action Pending,700000,Unsanctioned
MPLADS-038232,Smt Ranjeeta Koli,Lok Sabha,Rajasthan,BHARATPUR(SC),,,BHUSAWAR,Suhari,Normal/Others,"NA - Construction of roads, link roads, pathways or any other road with or without drainage system",DISTRICT COLLECTOR BHARATPUR_IDA,2023-10-02,Action Pending,500000,Unsanctioned
MPLADS-038233,Shri Hanuman Beniwal ,Lok Sabha,Rajasthan,NAGAUR,,,KHINVSAR,Satika Khurd,Normal/Others,NA - Construction of community centers and community halls,DISTRICT COLLECTOR NAGAUR_IDA,2023-10-02,Action Pending,1100000,Unsanctioned
MPLADS-038234,Shri Hanuman Beniwal ,Lok Sabha,Rajasthan,NAGAUR,,,KHINVSAR,Ravon Ki Dhani,Normal/Others,NA - Construction of rooms and halls in school and colleges,DISTRICT COLLECTOR NAGAUR_IDA,2023-10-02,Action Pending,700000,Unsanctioned
MPLADS-038235,Shri Hanuman Beniwal ,Lok Sabha,Rajasthan,NAGAUR,,,KHINVSAR,Narwa Kalan,Normal/Others,NA - Installing tube-wells and borewells,DISTRICT COLLECTOR NAGAUR_IDA,2023-10-02,Action Pending,1200000,Unsanctioned
MPLADS-038236,Bhagirath Chaudhary,Lok Sabha,Rajasthan,AJMER,,,ARAIN,Chosla,Normal/Others,"NA - Purchase of prosthetics, wheel chairs, tricycles (manual or motorized), elect scooties, hearing aids",DISTRICT COLLECTOR AJMER_IDA,2023-10-02,Action Pending,50000,Unsanctioned
MPLADS-038237,Shri Hanuman Beniwal ,Lok Sabha,Rajasthan,NAGAUR,Merta City,09,,,Normal/Others,NA - Purchase of other aids / devices required for P/ M/ V/ H impaired for differently abled persons,DISTRICT COLLECTOR NAGAUR_IDA,2023-10-02,Action Pending,130000,Unsanctioned
MPLADS-038238,Bhagirath Chaudhary,Lok Sabha,Rajasthan,AJMER,Kishangarh,1,,,Normal/Others,"NA - Purchase of prosthetics, wheel chairs, tricycles (manual or motorized), elect scooties, hearing aids",DISTRICT COLLECTOR AJMER_IDA,2023-10-02,Action Pending,50000,Unsanctioned
MPLADS-038239,Smt Ranjeeta Koli,Lok Sabha,Rajasthan,BHARATPUR(SC),,,DEEG,Bandha Chauth,Normal/Others,"NA - Construction of roads, approach roads, link roads and pathways",DISTRICT COLLECTOR BHARATPUR_IDA,2023-10-02,Action Pending,500000,Unsanctioned
MPLADS-038240,Bhagirath Chaudhary,Lok Sabha,Rajasthan,AJMER,,,ARAIN,Goondli,Normal/Others,NA - Construction of community centers and community halls,DISTRICT COLLECTOR AJMER_IDA,2023-10-02,Action Pending,500000,Unsanctioned
MPLADS-038241,Bhagirath Chaudhary,Lok Sabha,Rajasthan,AJMER,,,PISANGAN,Gola,Normal/Others,NA - Construction of rooms and halls in school and colleges,DISTRICT COLLECTOR AJMER_IDA,2023-10-02,Action Pending,500000,Unsanctioned
MPLADS-038242,Bhagirath Chaudhary,Lok Sabha,Rajasthan,AJMER,Kishangarh,14,,,Normal/Others,NA - Development of playground,DISTRICT COLLECTOR AJMER_IDA,2023-10-02,Action Pending,300000,Unsanctioned
MPLADS-038243,Bhagirath Chaudhary,Lok Sabha,Rajasthan,AJMER,,,DUDU,Sali,Normal/Others,NA - Installing hand pumps,DISTRICT COLLECTOR JAIPUR_IDA,2023-10-02,Action Pending,50000,Unsanctioned
MPLADS-038244,Bhagirath Chaudhary,Lok Sabha,Rajasthan,AJMER,,,DUDU,Sali,Normal/Others,NA - Construction of community centers and community halls,DISTRICT COLLECTOR JAIPUR_IDA,2023-10-02,Action Pending,750000,Unsanctioned
MPLADS-038245,Bhagirath Chaudhary,Lok Sabha,Rajasthan,AJMER,,,Kishangarh SILORA,Sursura,Normal/Others,NA - Lighting of public spaces,DISTRICT COLLECTOR AJMER_IDA,2023-10-02,Action Pending,156000,Unsanctioned
MPLADS-038246,Bhagirath Chaudhary,Lok Sabha,Rajasthan,AJMER,,,Ajmer Rural,Gagwana,Repair and Renovation,NA - Construction of rooms and halls in school and colleges,DISTRICT COLLECTOR AJMER_IDA,2023-10-02,Action Pending,300000,Unsanctioned
MPLADS-038247,Bhagirath Chaudhary,Lok Sabha,Rajasthan,AJMER,,,ARAIN,Jheerota,Normal/Others,NA - Construction of community centers and community halls,DISTRICT COLLECTOR AJMER_IDA,2023-10-02,Action Pending,500000,Unsanctioned
MPLADS-038248,Shri Hanuman Beniwal ,Lok Sabha,Rajasthan,NAGAUR,,,KHINVSAR,Kantiya,Normal/Others,NA - Construction of toilet blocks,DISTRICT COLLECTOR NAGAUR_IDA,2023-10-02,Action Pending,400000,Unsanctioned
MPLADS-038249,Shri Hanuman Beniwal ,Lok Sabha,Rajasthan,NAGAUR,,,KHINVSAR,Birloka,Normal/Others,NA - Street lights,DISTRICT COLLECTOR NAGAUR_IDA,2023-10-02,Action Pending,400000,Unsanctioned
MPLADS-038250,Shri Hanuman Beniwal ,Lok Sabha,Rajasthan,NAGAUR,,,KHINVSAR,Papasani,Normal/Others,NA - Construction of rooms and halls in school and colleges,DISTRICT COLLECTOR NAGAUR_IDA,2023-10-02,Action Pending,700000,Unsanctioned
MPLADS-038251,Shri Hanuman Beniwal ,Lok Sabha,Rajasthan,NAGAUR,,,KHINVSAR,Papasani,Normal/Others,NA - Street lights,DISTRICT COLLECTOR NAGAUR_IDA,2023-10-02,Action Pending,120000,Unsanctioned
MPLADS-038252,Shri Hanuman Beniwal ,Lok Sabha,Rajasthan,NAGAUR,,,KHINVSAR,Hempura,Normal/Others,NA - Street lights,DISTRICT COLLECTOR NAGAUR_IDA,2023-10-02,Action Pending,120000,Unsanctioned
MPLADS-038253,Shri Hanuman Beniwal ,Lok Sabha,Rajasthan,NAGAUR,,,KHINVSAR,Isar Navra,Normal/Others,NA - Street lights,DISTRICT COLLECTOR NAGAUR_IDA,2023-10-02,Action Pending,120000,Unsanctioned
MPLADS-038254,Shri Hanuman Beniwal ,Lok Sabha,Rajasthan,NAGAUR,,,KHINVSAR,Panchla Siddha,Normal/Others,"NA - Construction of roads, link roads, pathways or any other road with or without drainage system",DISTRICT COLLECTOR NAGAUR_IDA,2023-10-02,Action Pending,500000,Unsanctioned
MPLADS-038255,Bhagirath Chaudhary,Lok Sabha,Rajasthan,AJMER,,,ARAIN,Gothiyana,Normal/Others,NA - Construction of community centers and community halls,DISTRICT COLLECTOR AJMER_IDA,2023-10-02,Action Pending,500000,Unsanctioned
MPLADS-038256,Smt Ranjeeta Koli,Lok Sabha,Rajasthan,BHARATPUR(SC),,,DEEG,Bandha Chauth,Normal/Others,"NA - Construction of roads, approach roads, link roads and pathways",DISTRICT COLLECTOR BHARATPUR_IDA,2023-10-02,Action Pending,500000,Unsanctioned
MPLADS-038257,Bhagirath Chaudhary,Lok Sabha,Rajasthan,AJMER,Kishangarh,1,,,Normal/Others,"NA - Purchase of prosthetics, wheel chairs, tricycles (manual or motorized), elect scooties, hearing aids",DISTRICT COLLECTOR AJMER_IDA,2023-10-02,Action Pending,50000,Unsanctioned
MPLADS-038258,Smt Ranjeeta Koli,Lok Sabha,Rajasthan,BHARATPUR(SC),,,RUPBAS,Madapura,Normal/Others,"NA - Construction of roads, link roads, pathways or any other road with or without drainage system",DISTRICT COLLECTOR BHARATPUR_IDA,2023-10-02,Action Pending,500000,Unsanctioned
MPLADS-038259,Bhagirath Chaudhary,Lok Sabha,Rajasthan,AJMER,,,Ajmer Rural,Ramner Dhani,Normal/Others,"NA - Purchase of prosthetics, wheel chairs, tricycles (manual or motorized), elect scooties, hearing aids",DISTRICT COLLECTOR AJMER_IDA,2023-10-02,Action Pending,50000,Unsanctioned
MPLADS-038260,Bhagirath Chaudhary,Lok Sabha,Rajasthan,AJMER,,,Ajmer Rural,Ramner Dhani,Normal/Others,"NA - Purchase of prosthetics, wheel chairs, tricycles (manual or motorized), elect scooties, hearing aids",DISTRICT COLLECTOR AJMER_IDA,2023-10-02,Action Pending,50000,Unsanctioned
MPLADS-038261,Bhagirath Chaudhary,Lok Sabha,Rajasthan,AJMER,,,Kishangarh SILORA,Nitooti,Normal/Others,"NA - Purchase of prosthetics, wheel chairs, tricycles (manual or motorized), elect scooties, hearing aids",DISTRICT COLLECTOR AJMER_IDA,2023-10-02,Action Pending,50000,Unsanctioned
MPLADS-038262,Bhagirath Chaudhary,Lok Sabha,Rajasthan,AJMER,,,Kishangarh SILORA,Nitooti,Normal/Others,"NA - Purchase of prosthetics, wheel chairs, tricycles (manual or motorized), elect scooties, hearing aids",DISTRICT COLLECTOR AJMER_IDA,2023-10-02,Action Pending,50000,Unsanctioned
MPLADS-038263,Bhagirath Chaudhary,Lok Sabha,Rajasthan,AJMER,,,Kishangarh SILORA,Kucheel,Normal/Others,"NA - Purchase of prosthetics, wheel chairs, tricycles (manual or motorized), elect scooties, hearing aids",DISTRICT COLLECTOR AJMER_IDA,2023-10-02,Action Pending,50000,Unsanctioned
MPLADS-038264,Bhagirath Chaudhary,Lok Sabha,Rajasthan,AJMER,,,Kishangarh SILORA,Kucheel,Normal/Others,"NA - Purchase of prosthetics, wheel chairs, tricycles (manual or motorized), elect scooties, hearing aids",DISTRICT COLLECTOR AJMER_IDA,2023-10-02,Action Pending,50000,Unsanctioned
MPLADS-038265,Bhagirath Chaudhary,Lok Sabha,Rajasthan,AJMER,,,Ajmer Rural,Ramner Dhani,Normal/Others,"NA - Purchase of prosthetics, wheel chairs, tricycles (manual or motorized), elect scooties, hearing aids",DISTRICT COLLECTOR AJMER_IDA,2023-10-02,Action Pending,50000,Unsanctioned
MPLADS-038266,Smt Ranjeeta Koli,Lok Sabha,Rajasthan,BHARATPUR(SC),,,NADBAI,Lakhanpur,Normal/Others,"NA - Construction of roads, approach roads, link roads and pathways",DISTRICT COLLECTOR BHARATPUR_IDA,2023-10-02,Action Pending,500000,Unsanctioned
MPLADS-038267,Smt Ranjeeta Koli,Lok Sabha,Rajasthan,BHARATPUR(SC),,,NADBAI,Lakhanpur,Normal/Others,"NA - Construction of roads, approach roads, link roads and pathways",DISTRICT COLLECTOR BHARATPUR_IDA,2023-10-02,Action Pending,300000,Unsanctioned
MPLADS-038268,Smt Ranjeeta Koli,Lok Sabha,Rajasthan,BHARATPUR(SC),,,NADBAI,Dahra,Normal/Others,"NA - Construction of roads, link roads, pathways or any other road with or without drainage system",DISTRICT COLLECTOR BHARATPUR_IDA,2023-10-02,Action Pending,300000,Unsanctioned
MPLADS-038269,Smt Ranjeeta Koli,Lok Sabha,Rajasthan,BHARATPUR(SC),,,RUPBAS,Khera Thakur,Normal/Others,"NA - Construction of roads, link roads, pathways or any other road with or without drainage system",DISTRICT COLLECTOR BHARATPUR_IDA,2023-10-02,Action Pending,500000,Unsanctioned
MPLADS-038270,Smt Ranjeeta Koli,Lok Sabha,Rajasthan,BHARATPUR(SC),,,RUPBAS,Khera Thakur,Normal/Others,"NA - Construction of roads, approach roads, link roads and pathways",DISTRICT COLLECTOR BHARATPUR_IDA,2023-10-02,Action Pending,500000,Unsanctioned
MPLADS-038271,Smt Ranjeeta Koli,Lok Sabha,Rajasthan,BHARATPUR(SC),,,KUMHER,Dahra,Normal/Others,"NA - Construction of roads, approach roads, link roads and pathways",DISTRICT COLLECTOR BHARATPUR_IDA,2023-10-02,Action Pending,500000,Unsanctioned
MPLADS-038272,Smt Ranjeeta Koli,Lok Sabha,Rajasthan,BHARATPUR(SC),,,KUMHER,Gudawali,Normal/Others,NA - Crematoriums or structures on burial/ cremation ground for public convenience,DISTRICT COLLECTOR BHARATPUR_IDA,2023-10-02,Action Pending,500000,Unsanctioned
MPLADS-038273,Smt Ranjeeta Koli,Lok Sabha,Rajasthan,BHARATPUR(SC),,,RUPBAS,Madapura,Normal/Others,"NA - Construction of roads, link roads, pathways or any other road with or without drainage system",DISTRICT COLLECTOR BHARATPUR_IDA,2023-10-02,Action Pending,300000,Unsanctioned
MPLADS-038274,Smt Ranjeeta Koli,Lok Sabha,Rajasthan,BHARATPUR(SC),,,BAYANA,Seedpur,Normal/Others,"NA - Construction of roads, link roads, pathways or any other road with or without drainage system",DISTRICT COLLECTOR BHARATPUR_IDA,2023-10-02,Action Pending,500000,Unsanctioned
MPLADS-038275,Shri Hanuman Beniwal ,Lok Sabha,Rajasthan,NAGAUR,,,KHINVSAR,Panchla Siddha,Normal/Others,"NA - Construction of roads, link roads, pathways or any other road with or without drainage system",DISTRICT COLLECTOR NAGAUR_IDA,2023-10-02,Action Pending,200000,Unsanctioned
MPLADS-038276,Bhagirath Chaudhary,Lok Sabha,Rajasthan,AJMER,,,Kishangarh SILORA,Buharoo,Normal/Others,"NA - Purchase of prosthetics, wheel chairs, tricycles (manual or motorized), elect scooties, hearing aids",DISTRICT COLLECTOR AJMER_IDA,2023-10-02,Action Pending,50000,Unsanctioned
MPLADS-038277,Smt Ranjeeta Koli,Lok Sabha,Rajasthan,BHARATPUR(SC),,,LAXMANGARH,Badka,Normal/Others,"NA - Construction of roads, approach roads, link roads and pathways",DISTRICT COLLECTOR ALWAR_IDA,2023-10-02,Action Pending,1000000,Unsanctioned
MPLADS-038280,Shri Hanuman Beniwal ,Lok Sabha,Rajasthan,NAGAUR,,,KHINVSAR,Gudha Bhagwan Das,Normal/Others,NA - Construction of rooms and halls in school and colleges,DISTRICT COLLECTOR NAGAUR_IDA,2023-10-02,Action Pending,1000000,Unsanctioned
MPLADS-038281,Smt Ranjeeta Koli,Lok Sabha,Rajasthan,BHARATPUR(SC),,,SEWAR,Bahnera,Normal/Others,"NA - Construction of roads, approach roads, link roads and pathways",DISTRICT COLLECTOR BHARATPUR_IDA,2023-10-02,Action Pending,500000,Unsanctioned
MPLADS-038282,Smt Ranjeeta Koli,Lok Sabha,Rajasthan,BHARATPUR(SC),,,SEWAR,Tuhiya,Normal/Others,NA - Construction of community centers and community halls,DISTRICT COLLECTOR BHARATPUR_IDA,2023-10-02,Action Pending,500000,Unsanctioned
MPLADS-038283,Smt Ranjeeta Koli,Lok Sabha,Rajasthan,BHARATPUR(SC),,,KUMHER,Santrook,Normal/Others,"NA - Construction of roads, link roads, pathways or any other road with or without drainage system",DISTRICT COLLECTOR BHARATPUR_IDA,2023-10-02,Action Pending,500000,Unsanctioned
MPLADS-038284,Smt Ranjeeta Koli,Lok Sabha,Rajasthan,BHARATPUR(SC),,,KUMHER,Baben,Normal/Others,NA - Construction of rooms and halls in school and colleges,DISTRICT COLLECTOR BHARATPUR_IDA,2023-10-02,Action Pending,500000,Unsanctioned
MPLADS-038285,Bhagirath Chaudhary,Lok Sabha,Rajasthan,AJMER,Kishangarh,3,,,Normal/Others,"NA - Purchase of prosthetics, wheel chairs, tricycles (manual or motorized), elect scooties, hearing aids",DISTRICT COLLECTOR AJMER_IDA,2023-10-02,Action Pending,50000,Unsanctioned
MPLADS-038286,Bhagirath Chaudhary,Lok Sabha,Rajasthan,AJMER,,,Ajmer Rural,Ramner Dhani,Normal/Others,"NA - Purchase of prosthetics, wheel chairs, tricycles (manual or motorized), elect scooties, hearing aids",DISTRICT COLLECTOR AJMER_IDA,2023-10-02,Action Pending,50000,Unsanctioned
MPLADS-038287,Shri Hanuman Beniwal ,Lok Sabha,Rajasthan,NAGAUR,,,KHINVSAR,Deu,Normal/Others,"WS/MP386/2023-2024/30434 - Construction of roads, link roads, pathways or any other road with or without drainage system",DISTRICT COLLECTOR NAGAUR_IDA,2023-10-02,Approved by IDA,1000000,Unsanctioned
MPLADS-038288,Bhagirath Chaudhary,Lok Sabha,Rajasthan,AJMER,,,Kishangarh SILORA,Tiloniya,Normal/Others,"NA - Purchase of prosthetics, wheel chairs, tricycles (manual or motorized), elect scooties, hearing aids",DISTRICT COLLECTOR AJMER_IDA,2023-10-02,Action Pending,50000,Unsanctioned
MPLADS-038289,Bhagirath Chaudhary,Lok Sabha,Rajasthan,AJMER,,,Kishangarh SILORA,Buharoo,Normal/Others,"NA - Purchase of prosthetics, wheel chairs, tricycles (manual or motorized), elect scooties, hearing aids",DISTRICT COLLECTOR AJMER_IDA,2023-10-02,Action Pending,50000,Unsanctioned
MPLADS-038290,Bhagirath Chaudhary,Lok Sabha,Rajasthan,AJMER,,,Ajmer Rural,Ramner Dhani,Normal/Others,"NA - Purchase of prosthetics, wheel chairs, tricycles (manual or motorized), elect scooties, hearing aids",DISTRICT COLLECTOR AJMER_IDA,2023-10-02,Action Pending,50000,Unsanctioned
MPLADS-038291,Smt Ranjeeta Koli,Lok Sabha,Rajasthan,BHARATPUR(SC),,,KATHUMAR,Nahar Khohra,Normal/Others,NA - Construction of rooms and halls in school and colleges,DISTRICT COLLECTOR ALWAR_IDA,2023-10-02,Action Pending,1000000,Unsanctioned
MPLADS-038292,Shri Hanuman Beniwal ,Lok Sabha,Rajasthan,NAGAUR,,,KHINVSAR,Bher,Normal/Others,NA - Construction of rooms and halls in school and colleges,DISTRICT COLLECTOR NAGAUR_IDA,2023-10-02,Action Pending,700000,Unsanctioned
MPLADS-038293,Smt Ranjeeta Koli,Lok Sabha,Rajasthan,BHARATPUR(SC),,,KATHUMAR,Sonkhari,Normal/Others,NA - Installing tube-wells and borewells,DISTRICT COLLECTOR ALWAR_IDA,2023-10-02,Action Pending,300000,Unsanctioned
MPLADS-038294,Smt Ranjeeta Koli,Lok Sabha,Rajasthan,BHARATPUR(SC),,,KATHUMAR,Bahrampur,Normal/Others,"NA - Construction of roads, approach roads, link roads and pathways",DISTRICT COLLECTOR ALWAR_IDA,2023-10-02,Action Pending,500000,Unsanctioned
MPLADS-038295,Smt Ranjeeta Koli,Lok Sabha,Rajasthan,BHARATPUR(SC),,,KATHUMAR,Bahrampur,Normal/Others,"NA - Construction of roads, approach roads, link roads and pathways",DISTRICT COLLECTOR ALWAR_IDA,2023-10-02,Action Pending,500000,Unsanctioned
MPLADS-038296,Shri Hanuman Beniwal ,Lok Sabha,Rajasthan,NAGAUR,,,KHINVSAR,Lalap,Normal/Others,NA - Construction of rooms and halls in school and colleges,DISTRICT COLLECTOR NAGAUR_IDA,2023-10-02,Action Pending,1000000,Unsanctioned
MPLADS-038297,Shri Hanuman Beniwal ,Lok Sabha,Rajasthan,NAGAUR,,,KHINVSAR,Ravon Ki Dhani,Normal/Others,NA - Installing tube-wells and borewells,DISTRICT COLLECTOR NAGAUR_IDA,2023-10-02,Action Pending,400000,Unsanctioned
MPLADS-038298,Shri Hanuman Beniwal ,Lok Sabha,Rajasthan,NAGAUR,,,KHINVSAR,Kurchhi,Repair and Renovation,NA - Construction of rooms and halls in school and colleges,DISTRICT COLLECTOR NAGAUR_IDA,2023-10-02,Action Pending,1000000,Unsanctioned
MPLADS-038299,Shri Hanuman Beniwal ,Lok Sabha,Rajasthan,NAGAUR,,,KHINVSAR,Peepliya,Normal/Others,WS/MP386/2023-2024/30436 - Construction of rooms and halls in school and colleges,DISTRICT COLLECTOR NAGAUR_IDA,2023-10-02,Approved by IDA,1000000,Sanctioned
MPLADS-038305,Shri Hanuman Beniwal ,Lok Sabha,Rajasthan,NAGAUR,,,KHINVSAR,Chawandiya,Normal/Others,NA - Construction of rooms and halls in school and colleges,DISTRICT COLLECTOR NAGAUR_IDA,2023-10-02,Action Pending,800000,Unsanctioned
MPLADS-038398,Bhagirath Chaudhary,Lok Sabha,Rajasthan,AJMER,,,DUDU,Bingolav,Normal/Others,NA - Construction of community centers and community halls,DISTRICT COLLECTOR JAIPUR_IDA,2023-10-01,Action Pending,500000,Unsanctioned
MPLADS-038399,Ramcharan Bohra,Lok Sabha,Rajasthan,JAIPUR,Greater Jaipur,76,,,Normal/Others,"WS/MP730/2023-2024/29590 - Construction of roads, approach roads, link roads and pathways",DISTRICT COLLECTOR JAIPUR_IDA,2023-10-01,Approved by IDA,1000000,Unsanctioned
MPLADS-038400,Ramcharan Bohra,Lok Sabha,Rajasthan,JAIPUR,Greater Jaipur,76,,,Normal/Others,NA - Installing community drinking water plants,DISTRICT COLLECTOR JAIPUR_IDA,2023-10-01,Action Pending,350000,Unsanctioned
MPLADS-038401,Ramcharan Bohra,Lok Sabha,Rajasthan,JAIPUR,Bagru,Nagar Palika Ward 12,,,Normal/Others,NA - Installing tube-wells and borewells,DISTRICT COLLECTOR JAIPUR_IDA,2023-10-01,Action Pending,300000,Unsanctioned
MPLADS-038402,Bhagirath Chaudhary,Lok Sabha,Rajasthan,AJMER,,,ARAIN,Arain,Normal/Others,NA - Construction of culverts and bridges,DISTRICT COLLECTOR AJMER_IDA,2023-10-01,Action Pending,700000,Unsanctioned
MPLADS-038403,Bhagirath Chaudhary,Lok Sabha,Rajasthan,AJMER,,,MASOODA,Bahadurpura,Normal/Others,NA - Crematoriums or structures on burial/ cremation ground for public convenience,DISTRICT COLLECTOR AJMER_IDA,2023-10-01,Action Pending,500000,Unsanctioned
MPLADS-038404,Bhagirath Chaudhary,Lok Sabha,Rajasthan,AJMER,,,MASOODA,Salarmala,Normal/Others,NA - Construction of community centers and community halls,DISTRICT COLLECTOR AJMER_IDA,2023-10-01,Action Pending,500000,Unsanctioned
MPLADS-038405,Ramcharan Bohra,Lok Sabha,Rajasthan,JAIPUR,Bagru,Devaliya,,,Normal/Others,NA - Installing tube-wells and borewells,DISTRICT COLLECTOR JAIPUR_IDA,2023-10-01,Action Pending,300000,Unsanctioned
MPLADS-038406,Bhagirath Chaudhary,Lok Sabha,Rajasthan,AJMER,,,MASOODA,Bhagawanpura,Normal/Others,NA - Construction of community centers and community halls,DISTRICT COLLECTOR AJMER_IDA,2023-10-01,Action Pending,500000,Unsanctioned
MPLADS-038407,Bhagirath Chaudhary,Lok Sabha,Rajasthan,AJMER,,,Ajmer Rural,Ramner Dhani,Normal/Others,NA - Development of public parks,DISTRICT COLLECTOR AJMER_IDA,2023-10-01,Action Pending,1500000,Unsanctioned
MPLADS-038408,Bhagirath Chaudhary,Lok Sabha,Rajasthan,AJMER,,,Kishangarh SILORA,Bargaon,Normal/Others,NA - Construction of boundary walls of existing public and community buildings,DISTRICT COLLECTOR AJMER_IDA,2023-10-01,Action Pending,1000000,Unsanctioned
MPLADS-038409,Ramcharan Bohra,Lok Sabha,Rajasthan,JAIPUR,Bagru,Vatika,,,Normal/Others,NA - Installing tube-wells and borewells,DISTRICT COLLECTOR JAIPUR_IDA,2023-10-01,Action Pending,300000,Unsanctioned
MPLADS-038410,Ramcharan Bohra,Lok Sabha,Rajasthan,JAIPUR,Greater Jaipur,97,,,Normal/Others,WS/MP730/2023-2024/29557 - Installing tube-wells and borewells,DISTRICT COLLECTOR JAIPUR_IDA,2023-10-01,Approved by IDA,300000,Unsanctioned
MPLADS-038420,Bhagirath Chaudhary,Lok Sabha,Rajasthan,AJMER,,,PHAGI,Barh Mordi,Normal/Others,NA - Construction of community centers and community halls,DISTRICT COLLECTOR JAIPUR_IDA,2023-10-01,Action Pending,200000,Unsanctioned
MPLADS-038421,Ramcharan Bohra,Lok Sabha,Rajasthan,JAIPUR,Greater Jaipur,122,,,Normal/Others,"WS/MP730/2023-2024/29595 - Construction of roads, link roads, pathways or any other road with or without drainage system",DISTRICT COLLECTOR JAIPUR_IDA,2023-10-01,Approved by IDA,500000,Unsanctioned
MPLADS-038423,Bhagirath Chaudhary,Lok Sabha,Rajasthan,AJMER,Kishangarh,5,,,Normal/Others,NA - Construction of community centers and community halls,DISTRICT COLLECTOR AJMER_IDA,2023-10-01,Action Pending,500000,Unsanctioned
MPLADS-038427,Bhagirath Chaudhary,Lok Sabha,Rajasthan,AJMER,Kishangarh,55,,,Normal/Others,NA - Setting up of laboratories,DISTRICT COLLECTOR AJMER_IDA,2023-10-01,Action Pending,1000000,Unsanctioned
MPLADS-038428,Bhagirath Chaudhary,Lok Sabha,Rajasthan,AJMER,Kishangarh,31,,,Normal/Others,NA - Construction of community centers and community halls,DISTRICT COLLECTOR AJMER_IDA,2023-10-01,Action Pending,1000000,Unsanctioned
MPLADS-038429,Bhagirath Chaudhary,Lok Sabha,Rajasthan,AJMER,,,PISANGAN,Rajgarh,Normal/Others,NA - Construction of community centers and community halls,DISTRICT COLLECTOR AJMER_IDA,2023-10-01,Action Pending,500000,Unsanctioned
MPLADS-038430,Bhagirath Chaudhary,Lok Sabha,Rajasthan,AJMER,,,BHINAY,Raghunath Garh,Normal/Others,NA - Construction of public libraries and reading rooms,DISTRICT COLLECTOR AJMER_IDA,2023-10-01,Action Pending,500000,Unsanctioned
MPLADS-038431,Bhagirath Chaudhary,Lok Sabha,Rajasthan,AJMER,,,MASOODA,Sikhrani,Normal/Others,NA - Construction of community centers and community halls,DISTRICT COLLECTOR AJMER_IDA,2023-10-01,Action Pending,700000,Unsanctioned
MPLADS-038432,Bhagirath Chaudhary,Lok Sabha,Rajasthan,AJMER,,,Ajmer Rural,Godiyawas,Normal/Others,NA - Crematoriums or structures on burial/ cremation ground for public convenience,DISTRICT COLLECTOR AJMER_IDA,2023-10-01,Action Pending,200000,Unsanctioned
MPLADS-038433,Bhagirath Chaudhary,Lok Sabha,Rajasthan,AJMER,,,PHAGI,Phagi,Normal/Others,NA - Lighting of public spaces,DISTRICT COLLECTOR JAIPUR_IDA,2023-10-01,Action Pending,1000000,Unsanctioned
MPLADS-038434,Bhagirath Chaudhary,Lok Sabha,Rajasthan,AJMER,,,MAUZAMABAD,Jhag,Normal/Others,NA - Construction of community centers and community halls,DISTRICT COLLECTOR JAIPUR_IDA,2023-10-01,Action Pending,700000,Unsanctioned
MPLADS-038435,Smt Jaskaur Meena ,Lok Sabha,Rajasthan,DAUSA(ST),,,DAUSA,Haripura,Normal/Others,NA - Construction of boundary walls of existing public and community buildings,DISTRICT COLLECTOR DAUSA_IDA,2023-10-01,Action Pending,600000,Unsanctioned
MPLADS-038436,Bhagirath Chaudhary,Lok Sabha,Rajasthan,AJMER,,,MAUZAMABAD,Ugariyawas,Normal/Others,NA - Construction of community centers and community halls,DISTRICT COLLECTOR JAIPUR_IDA,2023-10-01,Action Pending,500000,Unsanctioned
MPLADS-038437,Bhagirath Chaudhary,Lok Sabha,Rajasthan,AJMER,,,ARAIN,Manoharpura,Normal/Others,NA - Construction of community centers and community halls,DISTRICT COLLECTOR AJMER_IDA,2023-10-01,Action Pending,500000,Unsanctioned
MPLADS-038438,Bhagirath Chaudhary,Lok Sabha,Rajasthan,AJMER,,,Ajmer Rural,Manpura,Normal/Others,NA - Construction of community centers and community halls,DISTRICT COLLECTOR AJMER_IDA,2023-10-01,Action Pending,500000,Unsanctioned
MPLADS-038439,Ramcharan Bohra,Lok Sabha,Rajasthan,JAIPUR,Bagru,Dadiya,,,Normal/Others,"NA - Construction of roads, approach roads, link roads and pathways",DISTRICT COLLECTOR JAIPUR_IDA,2023-10-01,Action Pending,200000,Unsanctioned
MPLADS-038440,Ramcharan Bohra,Lok Sabha,Rajasthan,JAIPUR,Greater Jaipur,96,,,Normal/Others,"WS/MP730/2023-2024/29606 - Construction of roads, approach roads, link roads and pathways",DISTRICT COLLECTOR JAIPUR_IDA,2023-10-01,Approved by IDA,700000,Unsanctioned
MPLADS-038441,Ramcharan Bohra,Lok Sabha,Rajasthan,JAIPUR,Bagru,Bhambhoriya,,,Normal/Others,WS/MP730/2023-2024/29603 - Installing tube-wells and borewells,DISTRICT COLLECTOR JAIPUR_IDA,2023-10-01,Approved by IDA,300000,Unsanctioned
MPLADS-038442,Bhagirath Chaudhary,Lok Sabha,Rajasthan,AJMER,,,MAUZAMABAD,Mauzamabad,Normal/Others,NA - Construction of community centers and community halls,DISTRICT COLLECTOR JAIPUR_IDA,2023-10-01,Action Pending,1000000,Unsanctioned
MPLADS-038443,Ramcharan Bohra,Lok Sabha,Rajasthan,JAIPUR,Jaipur Heritage,54,,,Normal/Others,"NA - Construction of roads, approach roads, link roads and pathways",DISTRICT COLLECTOR JAIPUR_IDA,2023-10-01,Action Pending,500000,Unsanctioned
MPLADS-038444,Ramcharan Bohra,Lok Sabha,Rajasthan,JAIPUR,Greater Jaipur,122,,,Normal/Others,"WS/MP730/2023-2024/29598 - Construction of roads, link roads, pathways or any other road with or without drainage system",DISTRICT COLLECTOR JAIPUR_IDA,2023-10-01,Approved by IDA,500000,Unsanctioned
MPLADS-038446,Bhagirath Chaudhary,Lok Sabha,Rajasthan,AJMER,,,KEKRI,Baghera,Normal/Others,NA - Construction of community centers and community halls,DISTRICT COLLECTOR AJMER_IDA,2023-10-01,Action Pending,500000,Unsanctioned
MPLADS-038448,Bhagirath Chaudhary,Lok Sabha,Rajasthan,AJMER,,,MAUZAMABAD,Gudha Bairsal,Normal/Others,NA - Construction of community centers and community halls,DISTRICT COLLECTOR JAIPUR_IDA,2023-10-01,Action Pending,500000,Unsanctioned
MPLADS-038450,Bhagirath Chaudhary,Lok Sabha,Rajasthan,AJMER,,,Kishangarh SILORA,Kalyanipura,Normal/Others,NA - Construction of community centers and community halls,DISTRICT COLLECTOR AJMER_IDA,2023-10-01,Action Pending,500000,Unsanctioned
MPLADS-038451,Bhagirath Chaudhary,Lok Sabha,Rajasthan,AJMER,,,Kishangarh SILORA,Bhunwada,Normal/Others,NA - Construction of community centers and community halls,DISTRICT COLLECTOR AJMER_IDA,2023-10-01,Action Pending,500000,Unsanctioned
MPLADS-038452,Bhagirath Chaudhary,Lok Sabha,Rajasthan,AJMER,,,PHAGI,Mandi,Normal/Others,NA - Construction of rooms and halls in school and colleges,DISTRICT COLLECTOR JAIPUR_IDA,2023-10-01,Action Pending,1000000,Unsanctioned
MPLADS-038453,Ramcharan Bohra,Lok Sabha,Rajasthan,JAIPUR,Greater Jaipur,94,,,Normal/Others,NA - Installing tube-wells and borewells,DISTRICT COLLECTOR JAIPUR_IDA,2023-10-01,Action Pending,300000,Unsanctioned
MPLADS-038454,Ramcharan Bohra,Lok Sabha,Rajasthan,JAIPUR,Bagru,Vatika,,,Normal/Others,NA - Installing tube-wells and borewells,DISTRICT COLLECTOR JAIPUR_IDA,2023-10-01,Action Pending,300000,Unsanctioned
MPLADS-038455,Bhagirath Chaudhary,Lok Sabha,Rajasthan,AJMER,,,MAUZAMABAD,Mokhampura,Normal/Others,NA - Crematoriums or structures on burial/ cremation ground for public convenience,DISTRICT COLLECTOR JAIPUR_IDA,2023-10-01,Action Pending,500000,Unsanctioned
MPLADS-038456,Ramcharan Bohra,Lok Sabha,Rajasthan,JAIPUR,Bagru,Charanwala,,,Normal/Others,NA - Installing tube-wells and borewells,DISTRICT COLLECTOR JAIPUR_IDA,2023-10-01,Action Pending,300000,Unsanctioned
MPLADS-038457,Bhagirath Chaudhary,Lok Sabha,Rajasthan,AJMER,Kishangarh,5,,,Normal/Others,NA - Installing tube-wells and borewells,DISTRICT COLLECTOR AJMER_IDA,2023-10-01,Action Pending,346000,Unsanctioned
MPLADS-038469,SHRI Rajendra Gehlot,Rajya Sabha,Rajasthan,Sitting Rajya Sabha,,,NAGAUR,Tausar,Normal/Others,NA - Purchase of hospital equipment,DISTRICT COLLECTOR NAGAUR_IDA,2023-09-30,Action Pending,470000,Unsanctioned
MPLADS-038471,SHRI Rajendra Gehlot,Rajya Sabha,Rajasthan,Sitting Rajya Sabha,,,BAP,Dholiya,Normal/Others,NA - Construction of public libraries and reading rooms,DISTRICT COLLECTOR JODHPUR_IDA,2023-09-30,Action Pending,500000,Unsanctioned
MPLADS-038472,SHRI Rajendra Gehlot,Rajya Sabha,Rajasthan,Sitting Rajya Sabha,,,BARMER,Sonari,Normal/Others,"WS/MP151/2023-2024/29336 - Construction of roads, link roads, pathways or any other road with or without drainage system",DISTRICT COLLECTOR BARMER_IDA,2023-09-30,Approved by IDA,1000000,Sanctioned
MPLADS-038473,SHRI Rajendra Gehlot,Rajya Sabha,Rajasthan,Sitting Rajya Sabha,,,ROHAT,Bhakriwala,Normal/Others,WS/MP151/2023-2024/29337 - Construction of rooms and halls in school and colleges,DISTRICT COLLECTOR PALI_IDA,2023-09-30,Approved by IDA,1000000,Ongoing
MPLADS-038474,SHRI Rajendra Gehlot,Rajya Sabha,Rajasthan,Sitting Rajya Sabha,,,OSIAN,Bhakhron Ki Dhani,Normal/Others,NA - Construction of public libraries and reading rooms,DISTRICT COLLECTOR JODHPUR_IDA,2023-09-30,Action Pending,1000000,Unsanctioned
MPLADS-038475,SHRI Rajendra Gehlot,Rajya Sabha,Rajasthan,Sitting Rajya Sabha,,,DHAWA,Rohichan Kalan,Normal/Others,WS/MP151/2023-2024/29339 - Construction of public libraries and reading rooms,DISTRICT COLLECTOR JODHPUR_IDA,2023-09-30,Approved by IDA,1000000,Unsanctioned
MPLADS-038476,SHRI Rajendra Gehlot,Rajya Sabha,Rajasthan,Sitting Rajya Sabha,,,BHOPALGARH,Lawari,Normal/Others,WS/MP151/2023-2024/29464 - Construction of rooms and halls in school and colleges,DISTRICT COLLECTOR JODHPUR_IDA,2023-09-30,Approved by IDA,800000,Sanctioned
MPLADS-038477,SHRI Rajendra Gehlot,Rajya Sabha,Rajasthan,Sitting Rajya Sabha,,,TINWARI,Rajasani,Normal/Others,WS/MP151/2023-2024/29465 - Construction of rooms and halls in school and colleges,DISTRICT COLLECTOR JODHPUR_IDA,2023-09-30,Approved by IDA,750000,Unsanctioned
MPLADS-038478,SHRI Rajendra Gehlot,Rajya Sabha,Rajasthan,Sitting Rajya Sabha,,,NAGAUR,Dhundhwalon Ki Dhani,Normal/Others,NA - Construction of rooms and halls in school and colleges,DISTRICT COLLECTOR NAGAUR_IDA,2023-09-30,Action Pending,750000,Unsanctioned
MPLADS-038480,SHRI Rajendra Gehlot,Rajya Sabha,Rajasthan,Sitting Rajya Sabha,,,NAGAUR,Tausar,Normal/Others,"NA - Construction of roads, approach roads, link roads and pathways",DISTRICT COLLECTOR NAGAUR_IDA,2023-09-30,Action Pending,1500000,Unsanctioned
MPLADS-038493,SHRI Rajendra Gehlot,Rajya Sabha,Rajasthan,Sitting Rajya Sabha,,,LOHAWAT,Sahid Gopal Nagar,Normal/Others,NA - Construction of public libraries and reading rooms,DISTRICT COLLECTOR JODHPUR_IDA,2023-09-30,Action Pending,500000,Unsanctioned
MPLADS-038495,SHRI Rajendra Gehlot,Rajya Sabha,Rajasthan,Sitting Rajya Sabha,,,LOHAWAT,Chikni Nari,Normal/Others,WS/MP151/2023-2024/29150 - Construction of public libraries and reading rooms,DISTRICT COLLECTOR JODHPUR_IDA,2023-09-30,Approved by IDA,500000,Unsanctioned
MPLADS-038500,SHRI Rajendra Gehlot,Rajya Sabha,Rajasthan,Sitting Rajya Sabha,,,LOHAWAT,Sadri,Normal/Others,NA - Construction of public libraries and reading rooms,DISTRICT COLLECTOR JODHPUR_IDA,2023-09-30,Action Pending,500000,Unsanctioned
MPLADS-038501,SHRI Rajendra Gehlot,Rajya Sabha,Rajasthan,Sitting Rajya Sabha,,,LOHAWAT,Jeriya,Normal/Others,"WS/MP151/2023-2024/29147 - Construction of roads, approach roads, link roads and pathways",DISTRICT COLLECTOR JODHPUR_IDA,2023-09-30,Approved by IDA,1000000,Unsanctioned
MPLADS-038510,SHRI Rajendra Gehlot,Rajya Sabha,Rajasthan,Sitting Rajya Sabha,,,OSIAN,Dabri,Normal/Others,"WS/MP151/2023-2024/29146 - Construction of roads, link roads, pathways or any other road with or without drainage system",DISTRICT COLLECTOR JODHPUR_IDA,2023-09-30,Approved by IDA,500000,Sanctioned
MPLADS-038511,SHRI Rajendra Gehlot,Rajya Sabha,Rajasthan,Sitting Rajya Sabha,,,OSIAN,Ekalkhori,Normal/Others,"WS/MP151/2023-2024/29145 - Construction of roads, approach roads, link roads and pathways",DISTRICT COLLECTOR JODHPUR_IDA,2023-09-30,Approved by IDA,550000,Unsanctioned
MPLADS-038512,SHRI Rajendra Gehlot,Rajya Sabha,Rajasthan,Sitting Rajya Sabha,,,SEKHALA,Dera,Normal/Others,NA - Construction of public libraries and reading rooms,DISTRICT COLLECTOR JODHPUR_IDA,2023-09-30,Action Pending,600000,Unsanctioned
MPLADS-038513,SHRI Rajendra Gehlot,Rajya Sabha,Rajasthan,Sitting Rajya Sabha,,,SEKHALA,Hanwant Nagar,Normal/Others,"NA - Construction of roads, approach roads, link roads and pathways",DISTRICT COLLECTOR JODHPUR_IDA,2023-09-30,Action Pending,500000,Unsanctioned
MPLADS-038514,SHRI Rajendra Gehlot,Rajya Sabha,Rajasthan,Sitting Rajya Sabha,,,LOHAWAT,Rajala,Normal/Others,NA - Construction of public libraries and reading rooms,DISTRICT COLLECTOR JODHPUR_IDA,2023-09-30,Action Pending,500000,Unsanctioned
MPLADS-038550,SHRI Rajendra Gehlot,Rajya Sabha,Rajasthan,Sitting Rajya Sabha,,,NADBAI,Gadauli,Normal/Others,NA - Crematoriums or structures on burial/ cremation ground for public convenience,DISTRICT COLLECTOR BHARATPUR_IDA,2023-09-30,Action Pending,750000,Unsanctioned
MPLADS-038565,SHRI Rajendra Gehlot,Rajya Sabha,Rajasthan,Sitting Rajya Sabha,,,NADBAI,Gadauli,Normal/Others,NA - Crematoriums or structures on burial/ cremation ground for public convenience,DISTRICT COLLECTOR BHARATPUR_IDA,2023-09-30,Action Pending,750000,Unsanctioned
MPLADS-038574,SHRI Rajendra Gehlot,Rajya Sabha,Rajasthan,Sitting Rajya Sabha,,,LOHAWAT,Udainagar,Normal/Others,WS/MP151/2023-2024/29501 - Construction of toilet blocks,DISTRICT COLLECTOR JODHPUR_IDA,2023-09-30,Approved by IDA,200000,Unsanctioned
MPLADS-038575,SHRI Rajendra Gehlot,Rajya Sabha,Rajasthan,Sitting Rajya Sabha,,,GHANTIYALI,Barjasar,Normal/Others,"NA - Construction of roads, link roads, pathways or any other road with or without drainage system",DISTRICT COLLECTOR JODHPUR_IDA,2023-09-30,Action Pending,500000,Unsanctioned
MPLADS-038576,SHRI Rajendra Gehlot,Rajya Sabha,Rajasthan,Sitting Rajya Sabha,,,BARMER,MEWANAGAR,Normal/Others,WS/MP151/2023-2024/29503 - Construction of public libraries and reading rooms,DISTRICT COLLECTOR BARMER_IDA,2023-09-30,Approved by IDA,850000,Sanctioned
MPLADS-038581,Smt Ranjeeta Koli,Lok Sabha,Rajasthan,BHARATPUR(SC),,,KATHUMAR,Garoo,Normal/Others,"NA - Construction of roads, approach roads, link roads and pathways",DISTRICT COLLECTOR ALWAR_IDA,2023-09-30,Action Pending,800000,Unsanctioned
MPLADS-038582,Smt Ranjeeta Koli,Lok Sabha,Rajasthan,BHARATPUR(SC),,,KATHUMAR,Maithna,Normal/Others,"NA - Construction of roads, approach roads, link roads and pathways",DISTRICT COLLECTOR ALWAR_IDA,2023-09-30,Action Pending,400000,Unsanctioned
MPLADS-038583,Smt Ranjeeta Koli,Lok Sabha,Rajasthan,BHARATPUR(SC),,,KATHUMAR,Titpuri,Normal/Others,"NA - Construction of roads, approach roads, link roads and pathways",DISTRICT COLLECTOR ALWAR_IDA,2023-09-30,Action Pending,700000,Unsanctioned
MPLADS-038584,Smt Ranjeeta Koli,Lok Sabha,Rajasthan,BHARATPUR(SC),,,KATHUMAR,Tigariya,Normal/Others,"NA - Construction of roads, approach roads, link roads and pathways",DISTRICT COLLECTOR ALWAR_IDA,2023-09-30,Action Pending,700000,Unsanctioned
MPLADS-038585,Smt Ranjeeta Koli,Lok Sabha,Rajasthan,BHARATPUR(SC),,,KATHUMAR,Berka,Normal/Others,"NA - Construction of roads, approach roads, link roads and pathways",DISTRICT COLLECTOR ALWAR_IDA,2023-09-30,Action Pending,700000,Unsanctioned
MPLADS-038586,Smt Ranjeeta Koli,Lok Sabha,Rajasthan,BHARATPUR(SC),,,KATHUMAR,Masari,Normal/Others,"NA - Construction of roads, approach roads, link roads and pathways",DISTRICT COLLECTOR ALWAR_IDA,2023-09-30,Action Pending,700000,Unsanctioned
MPLADS-038593,Smt Ranjeeta Koli,Lok Sabha,Rajasthan,BHARATPUR(SC),,,LAXMANGARH,Badka,Normal/Others,"NA - Construction of roads, approach roads, link roads and pathways",DISTRICT COLLECTOR ALWAR_IDA,2023-09-30,Action Pending,500000,Unsanctioned
MPLADS-038605,Smt Ranjeeta Koli,Lok Sabha,Rajasthan,BHARATPUR(SC),,,GOVINDGARH,Itera,Normal/Others,"NA - Construction of roads, approach roads, link roads and pathways",DISTRICT COLLECTOR ALWAR_IDA,2023-09-30,Action Pending,200000,Unsanctioned
MPLADS-038606,Smt Ranjeeta Koli,Lok Sabha,Rajasthan,BHARATPUR(SC),,,LAXMANGARH,Badka,Normal/Others,"NA - Construction of roads, approach roads, link roads and pathways",DISTRICT COLLECTOR ALWAR_IDA,2023-09-30,Action Pending,500000,Unsanctioned
MPLADS-038608,Dushyant Singh,Lok Sabha,Rajasthan,JHALAWAR-BARAN,,,CHHIPABAROD,Manpura,Normal/Others,"NA - Construction of roads, approach roads, link roads and pathways",DISTRICT COLLECTOR BARAN_IDA,2023-09-30,Action Pending,400000,Unsanctioned
MPLADS-038609,Dushyant Singh,Lok Sabha,Rajasthan,JHALAWAR-BARAN,,,CHHIPABAROD,Banjari,Normal/Others,"NA - Construction of roads, link roads, pathways or any other road with or without drainage system",DISTRICT COLLECTOR BARAN_IDA,2023-09-30,Action Pending,400000,Unsanctioned
MPLADS-038610,Dushyant Singh,Lok Sabha,Rajasthan,JHALAWAR-BARAN,,,CHHIPABAROD,Amlawadaali,Normal/Others,"NA - Construction of roads, approach roads, link roads and pathways",DISTRICT COLLECTOR BARAN_IDA,2023-09-30,Action Pending,400000,Unsanctioned
MPLADS-038611,Dushyant Singh,Lok Sabha,Rajasthan,JHALAWAR-BARAN,,,CHHIPABAROD,Set Kolu,Normal/Others,NA - Construction of culverts and bridges,DISTRICT COLLECTOR BARAN_IDA,2023-09-30,Action Pending,400000,Unsanctioned
MPLADS-038612,Dushyant Singh,Lok Sabha,Rajasthan,JHALAWAR-BARAN,,,CHHIPABAROD,Jhanjhani,Normal/Others,"NA - Construction of roads, link roads, pathways or any other road with or without drainage system",DISTRICT COLLECTOR BARAN_IDA,2023-09-30,Action Pending,400000,Unsanctioned
MPLADS-038613,Dushyant Singh,Lok Sabha,Rajasthan,JHALAWAR-BARAN,,,CHHIPABAROD,Kalpa Jageer,Normal/Others,NA - Construction of culverts and bridges,DISTRICT COLLECTOR BARAN_IDA,2023-09-30,Action Pending,400000,Unsanctioned
MPLADS-038614,Dushyant Singh,Lok Sabha,Rajasthan,JHALAWAR-BARAN,,,CHHIPABAROD,Kunma Kheri,Normal/Others,NA - Construction of boundary walls of existing public and community buildings,DISTRICT COLLECTOR BARAN_IDA,2023-09-30,Action Pending,400000,Unsanctioned
MPLADS-038615,Dushyant Singh,Lok Sabha,Rajasthan,JHALAWAR-BARAN,,,CHHIPABAROD,Bhaopura,Normal/Others,"NA - Construction of roads, link roads, pathways or any other road with or without drainage system",DISTRICT COLLECTOR BARAN_IDA,2023-09-30,Action Pending,400000,Unsanctioned
MPLADS-038616,Dushyant Singh,Lok Sabha,Rajasthan,JHALAWAR-BARAN,,,CHHIPABAROD,Peethpur,Normal/Others,NA - Providing drains and gutters for public drainage,DISTRICT COLLECTOR BARAN_IDA,2023-09-30,Action Pending,400000,Unsanctioned
MPLADS-038617,Dushyant Singh,Lok Sabha,Rajasthan,JHALAWAR-BARAN,,,CHHIPABAROD,Rain,Normal/Others,"NA - Construction of roads, link roads, pathways or any other road with or without drainage system",DISTRICT COLLECTOR BARAN_IDA,2023-09-30,Action Pending,400000,Unsanctioned
MPLADS-038618,Dushyant Singh,Lok Sabha,Rajasthan,JHALAWAR-BARAN,,,CHHIPABAROD,Ajnawar,Normal/Others,NA - Construction of boundary walls of existing public and community buildings,DISTRICT COLLECTOR BARAN_IDA,2023-09-30,Action Pending,400000,Unsanctioned
MPLADS-038619,Dushyant Singh,Lok Sabha,Rajasthan,JHALAWAR-BARAN,,,CHHIPABAROD,Digod Khalsa,Normal/Others,NA - Construction of boundary walls of existing public and community buildings,DISTRICT COLLECTOR BARAN_IDA,2023-09-30,Action Pending,400000,Unsanctioned
MPLADS-038620,Dushyant Singh,Lok Sabha,Rajasthan,JHALAWAR-BARAN,,,CHHIPABAROD,Mokhampura,Normal/Others,"NA - Construction of roads, link roads, pathways or any other road with or without drainage system",DISTRICT COLLECTOR BARAN_IDA,2023-09-30,Action Pending,400000,Unsanctioned
MPLADS-038621,Smt Ranjeeta Koli,Lok Sabha,Rajasthan,BHARATPUR(SC),,,KATHUMAR,Kuttin Sawdas,Normal/Others,NA - Installing hand pumps,DISTRICT COLLECTOR ALWAR_IDA,2023-09-30,Action Pending,100000,Unsanctioned
MPLADS-038622,Dushyant Singh,Lok Sabha,Rajasthan,JHALAWAR-BARAN,,,CHHIPABAROD,Kachnariya Kalan,Normal/Others,"NA - Construction of roads, link roads, pathways or any other road with or without drainage system",DISTRICT COLLECTOR BARAN_IDA,2023-09-30,Action Pending,400000,Unsanctioned
MPLADS-038623,Dushyant Singh,Lok Sabha,Rajasthan,JHALAWAR-BARAN,,,CHHIPABAROD,Sejanpur,Normal/Others,NA - Installing tube-wells and borewells,DISTRICT COLLECTOR BARAN_IDA,2023-09-30,Action Pending,500000,Unsanctioned
MPLADS-038624,Gajendra Singh Shekhawat,Lok Sabha,Rajasthan,JODHPUR,,,GHANTIYALI,Radka Pura,Normal/Others,NA - Construction of boundary walls of existing public and community buildings,DISTRICT COLLECTOR JODHPUR_IDA,2023-09-30,Action Pending,500000,Unsanctioned
MPLADS-038625,Smt Ranjeeta Koli,Lok Sabha,Rajasthan,BHARATPUR(SC),,,BAYANA,Bidyari,Normal/Others,NA - Installing tube-wells and borewells,DISTRICT COLLECTOR BHARATPUR_IDA,2023-09-30,Action Pending,250000,Unsanctioned
MPLADS-038626,Smt Ranjeeta Koli,Lok Sabha,Rajasthan,BHARATPUR(SC),,,BAYANA,Naroli,Normal/Others,NA - Installing hand pumps,DISTRICT COLLECTOR BHARATPUR_IDA,2023-09-30,Action Pending,110000,Unsanctioned
MPLADS-038627,Smt Ranjeeta Koli,Lok Sabha,Rajasthan,BHARATPUR(SC),,,KATHUMAR,Kuttin Sawdas,Normal/Others,NA - Installing hand pumps,DISTRICT COLLECTOR ALWAR_IDA,2023-09-30,Action Pending,100000,Unsanctioned
MPLADS-038628,Smt Ranjeeta Koli,Lok Sabha,Rajasthan,BHARATPUR(SC),,,KATHUMAR,Kuttin Sawdas,Normal/Others,NA - Installing hand pumps,DISTRICT COLLECTOR ALWAR_IDA,2023-09-30,Action Pending,100000,Unsanctioned
MPLADS-038629,Smt Ranjeeta Koli,Lok Sabha,Rajasthan,BHARATPUR(SC),,,KATHUMAR,Kuttin Sawdas,Normal/Others,NA - Installing hand pumps,DISTRICT COLLECTOR ALWAR_IDA,2023-09-30,Action Pending,100000,Unsanctioned
MPLADS-038630,Smt Ranjeeta Koli,Lok Sabha,Rajasthan,BHARATPUR(SC),,,KATHUMAR,Kuttin Sawdas,Normal/Others,NA - Installing hand pumps,DISTRICT COLLECTOR ALWAR_IDA,2023-09-30,Action Pending,100000,Unsanctioned
MPLADS-038631,Smt Ranjeeta Koli,Lok Sabha,Rajasthan,BHARATPUR(SC),,,KATHUMAR,Kuttin Sawdas,Normal/Others,NA - Installing hand pumps,DISTRICT COLLECTOR ALWAR_IDA,2023-09-30,Action Pending,100000,Unsanctioned
MPLADS-038632,Smt Ranjeeta Koli,Lok Sabha,Rajasthan,BHARATPUR(SC),,,KATHUMAR,Kuttin Sawdas,Normal/Others,NA - Installing hand pumps,DISTRICT COLLECTOR ALWAR_IDA,2023-09-30,Action Pending,100000,Unsanctioned
MPLADS-038688,Dushyant Singh,Lok Sabha,Rajasthan,JHALAWAR-BARAN,,,CHHIPABAROD,Gordhan Pura,Normal/Others,NA - Providing drains and gutters for public drainage,DISTRICT COLLECTOR BARAN_IDA,2023-09-30,Action Pending,400000,Unsanctioned
MPLADS-038689,Dushyant Singh,Lok Sabha,Rajasthan,JHALAWAR-BARAN,,,CHHIPABAROD,Pachhar,Normal/Others,NA - Construction of boundary walls of existing public and community buildings,DISTRICT COLLECTOR BARAN_IDA,2023-09-30,Action Pending,400000,Unsanctioned
MPLADS-038690,Dushyant Singh,Lok Sabha,Rajasthan,JHALAWAR-BARAN,,,CHHIPABAROD,Kherla Jageer,Normal/Others,NA - Construction of boundary walls of existing public and community buildings,DISTRICT COLLECTOR BARAN_IDA,2023-09-30,Action Pending,400000,Unsanctioned
MPLADS-038744,Dushyant Singh,Lok Sabha,Rajasthan,JHALAWAR-BARAN,,,SHAHBAD,Sandokara,Normal/Others,"NA - Construction of roads, approach roads, link roads and pathways",DISTRICT COLLECTOR BARAN_IDA,2023-09-30,Action Pending,300000,Unsanctioned
MPLADS-038745,Dushyant Singh,Lok Sabha,Rajasthan,JHALAWAR-BARAN,,,CHHIPABAROD,Deori Jodh,Normal/Others,NA - Providing supply pipelines for drinking water,DISTRICT COLLECTOR BARAN_IDA,2023-09-30,Action Pending,400000,Unsanctioned
MPLADS-038746,Dushyant Singh,Lok Sabha,Rajasthan,JHALAWAR-BARAN,,,ANTA,Niyana,Normal/Others,"NA - Construction of roads, approach roads, link roads and pathways",DISTRICT COLLECTOR BARAN_IDA,2023-09-30,Action Pending,300000,Unsanctioned
MPLADS-038747,Dushyant Singh,Lok Sabha,Rajasthan,JHALAWAR-BARAN,Anta,35,,,Normal/Others,NA - Construction of toilet blocks,DISTRICT COLLECTOR BARAN_IDA,2023-09-30,Action Pending,500000,Unsanctioned
MPLADS-038748,Shri Subhash Chandra Baheria ,Lok Sabha,Rajasthan,BHILWARA,,,ASIND,Udalpura,Normal/Others,NA - Construction of buildings for community cultural activities,DISTRICT COLLECTOR BHILWARA_IDA,2023-09-30,Action Pending,250000,Unsanctioned
MPLADS-038749,Shri Subhash Chandra Baheria ,Lok Sabha,Rajasthan,BHILWARA,,,ASIND,Ganglas,Normal/Others,NA - Crematoriums or structures on burial/ cremation ground for public convenience,DISTRICT COLLECTOR BHILWARA_IDA,2023-09-30,Action Pending,250000,Unsanctioned
MPLADS-038750,Dushyant Singh,Lok Sabha,Rajasthan,JHALAWAR-BARAN,,,MANGROL,Udpuriya,Normal/Others,WS/MP722/2023-2024/29016 - Providing drains and gutters for public drainage,DISTRICT COLLECTOR BARAN_IDA,2023-09-30,Approved by IDA,300000,Unsanctioned
MPLADS-038751,Dushyant Singh,Lok Sabha,Rajasthan,JHALAWAR-BARAN,,,MANGROL,Shahupura,Normal/Others,WS/MP722/2023-2024/29017 - Construction of boundary walls of existing public and community buildings,DISTRICT COLLECTOR BARAN_IDA,2023-09-30,Approved by IDA,500000,Unsanctioned
MPLADS-038752,Dushyant Singh,Lok Sabha,Rajasthan,JHALAWAR-BARAN,,,MANGROL,Chhatrapura,Normal/Others,WS/MP722/2023-2024/29018 - Providing drains and gutters for public drainage,DISTRICT COLLECTOR BARAN_IDA,2023-09-30,Approved by IDA,300000,Unsanctioned
MPLADS-038753,Dushyant Singh,Lok Sabha,Rajasthan,JHALAWAR-BARAN,,,MANGROL,Seeswali,Normal/Others,NA - Construction of community centers and community halls,DISTRICT COLLECTOR BARAN_IDA,2023-09-30,Action Pending,1000000,Unsanctioned
MPLADS-038754,Dushyant Singh,Lok Sabha,Rajasthan,JHALAWAR-BARAN,,,MANGROL,Tisaya,Normal/Others,NA - Providing drains and gutters for public drainage,DISTRICT COLLECTOR BARAN_IDA,2023-09-30,Action Pending,300000,Unsanctioned
MPLADS-038756,Dushyant Singh,Lok Sabha,Rajasthan,JHALAWAR-BARAN,,,ANTA,Bala Khera,Normal/Others,NA - Construction of boundary walls of existing public and community buildings,DISTRICT COLLECTOR BARAN_IDA,2023-09-30,Action Pending,500000,Unsanctioned
MPLADS-038757,Dushyant Singh,Lok Sabha,Rajasthan,JHALAWAR-BARAN,,,ANTA,Baldara,Normal/Others,WS/MP722/2023-2024/29023 - Providing drains and gutters for public drainage,DISTRICT COLLECTOR BARAN_IDA,2023-09-30,Approved by IDA,200000,Unsanctioned
MPLADS-038758,Dushyant Singh,Lok Sabha,Rajasthan,JHALAWAR-BARAN,,,ANTA,Sorsan,Normal/Others,WS/MP722/2023-2024/29025 - Providing drains and gutters for public drainage,DISTRICT COLLECTOR BARAN_IDA,2023-09-30,Approved by IDA,300000,Unsanctioned
MPLADS-038759,Dushyant Singh,Lok Sabha,Rajasthan,JHALAWAR-BARAN,,,SHAHBAD,Agar,Normal/Others,NA - Construction of community centers and community halls,DISTRICT COLLECTOR BARAN_IDA,2023-09-30,Action Pending,500000,Unsanctioned
MPLADS-038760,Dushyant Singh,Lok Sabha,Rajasthan,JHALAWAR-BARAN,,,ANTA,Bijora,Normal/Others,NA - Construction of culverts and bridges,DISTRICT COLLECTOR BARAN_IDA,2023-09-30,Action Pending,300000,Unsanctioned
MPLADS-038761,Dushyant Singh,Lok Sabha,Rajasthan,JHALAWAR-BARAN,,,ANTA,Khajoorna Kalan,Normal/Others,"WS/MP722/2023-2024/29027 - Construction of roads, approach roads, link roads and pathways",DISTRICT COLLECTOR BARAN_IDA,2023-09-30,Approved by IDA,300000,Unsanctioned
MPLADS-038762,Dushyant Singh,Lok Sabha,Rajasthan,JHALAWAR-BARAN,,,ANTA,Amalsara,Normal/Others,"NA - Construction of roads, approach roads, link roads and pathways",DISTRICT COLLECTOR BARAN_IDA,2023-09-30,Action Pending,300000,Unsanctioned
MPLADS-038763,Dushyant Singh,Lok Sabha,Rajasthan,JHALAWAR-BARAN,,,ANTA,Jai Nagar,Normal/Others,"WS/MP722/2023-2024/29029 - Construction of roads, approach roads, link roads and pathways",DISTRICT COLLECTOR BARAN_IDA,2023-09-30,Approved by IDA,300000,Unsanctioned
MPLADS-038764,Dushyant Singh,Lok Sabha,Rajasthan,JHALAWAR-BARAN,,,CHHIPABAROD,Deegod Jageer,Normal/Others,"NA - Construction of roads, approach roads, link roads and pathways",DISTRICT COLLECTOR BARAN_IDA,2023-09-30,Action Pending,400000,Unsanctioned
MPLADS-038765,Dushyant Singh,Lok Sabha,Rajasthan,JHALAWAR-BARAN,,,CHHIPABAROD,Kalmodiya,Normal/Others,NA - Construction of boundary walls of existing public and community buildings,DISTRICT COLLECTOR BARAN_IDA,2023-09-30,Action Pending,400000,Unsanctioned
MPLADS-038766,Dushyant Singh,Lok Sabha,Rajasthan,JHALAWAR-BARAN,,,CHHIPABAROD,Harnawada Shahji,Normal/Others,NA - Providing drains and gutters for public drainage,DISTRICT COLLECTOR BARAN_IDA,2023-09-30,Action Pending,400000,Unsanctioned
MPLADS-038767,Dushyant Singh,Lok Sabha,Rajasthan,JHALAWAR-BARAN,,,CHHIPABAROD,Phool Baroda,Normal/Others,NA - Construction of boundary walls of existing public and community buildings,DISTRICT COLLECTOR BARAN_IDA,2023-09-30,Action Pending,400000,Unsanctioned
MPLADS-038768,Dushyant Singh,Lok Sabha,Rajasthan,JHALAWAR-BARAN,,,CHHIPABAROD,Tancha,Normal/Others,"NA - Construction of roads, approach roads, link roads and pathways",DISTRICT COLLECTOR BARAN_IDA,2023-09-30,Action Pending,400000,Unsanctioned
MPLADS-038769,Dushyant Singh,Lok Sabha,Rajasthan,JHALAWAR-BARAN,,,CHHIPABAROD,Sejanpur,Normal/Others,"NA - Construction of roads, approach roads, link roads and pathways",DISTRICT COLLECTOR BARAN_IDA,2023-09-30,Action Pending,400000,Unsanctioned
MPLADS-038770,Dushyant Singh,Lok Sabha,Rajasthan,JHALAWAR-BARAN,,,CHHIPABAROD,Dholam,Normal/Others,"WS/MP722/2023-2024/29061 - Construction of roads, approach roads, link roads and pathways",DISTRICT COLLECTOR BARAN_IDA,2023-09-30,Approved by IDA,400000,Unsanctioned
MPLADS-038771,Dushyant Singh,Lok Sabha,Rajasthan,JHALAWAR-BARAN,Anta,29,,,Normal/Others,"NA - Construction of roads, approach roads, link roads and pathways",DISTRICT COLLECTOR BARAN_IDA,2023-09-30,Action Pending,500000,Unsanctioned
MPLADS-038772,Dushyant Singh,Lok Sabha,Rajasthan,JHALAWAR-BARAN,Anta,27,,,Normal/Others,NA - Providing drains and gutters for public drainage,DISTRICT COLLECTOR BARAN_IDA,2023-09-30,Action Pending,500000,Unsanctioned
MPLADS-038773,Dushyant Singh,Lok Sabha,Rajasthan,JHALAWAR-BARAN,Anta,26,,,Normal/Others,NA - Providing drains and gutters for public drainage,DISTRICT COLLECTOR BARAN_IDA,2023-09-30,Action Pending,500000,Unsanctioned
MPLADS-038774,Dushyant Singh,Lok Sabha,Rajasthan,JHALAWAR-BARAN,Anta,25,,,Normal/Others,"NA - Construction of roads, approach roads, link roads and pathways",DISTRICT COLLECTOR BARAN_IDA,2023-09-30,Action Pending,500000,Unsanctioned
MPLADS-038775,Dushyant Singh,Lok Sabha,Rajasthan,JHALAWAR-BARAN,,,SHAHBAD,Mahodra,Normal/Others,NA - Construction of community centers and community halls,DISTRICT COLLECTOR BARAN_IDA,2023-09-30,Action Pending,500000,Unsanctioned
MPLADS-038776,Dushyant Singh,Lok Sabha,Rajasthan,JHALAWAR-BARAN,,,Shahbad,Khadri,Normal/Others,NA - Construction of boundary walls of existing public and community buildings,DISTRICT COLLECTOR BARAN_IDA,2023-09-30,Action Pending,500000,Unsanctioned
MPLADS-038777,Dushyant Singh,Lok Sabha,Rajasthan,JHALAWAR-BARAN,,,SHAHBAD,Kushyara,Normal/Others,NA - Construction of boundary walls of existing public and community buildings,DISTRICT COLLECTOR BARAN_IDA,2023-09-30,Action Pending,500000,Unsanctioned
MPLADS-038778,Dushyant Singh,Lok Sabha,Rajasthan,JHALAWAR-BARAN,,,SHAHBAD,Niwari,Normal/Others,"NA - Construction of roads, approach roads, link roads and pathways",DISTRICT COLLECTOR BARAN_IDA,2023-09-30,Action Pending,300000,Unsanctioned
MPLADS-038779,Dushyant Singh,Lok Sabha,Rajasthan,JHALAWAR-BARAN,Anta,2,,,Normal/Others,"NA - Construction of roads, approach roads, link roads and pathways",DISTRICT COLLECTOR BARAN_IDA,2023-09-30,Action Pending,500000,Unsanctioned
MPLADS-038780,Dushyant Singh,Lok Sabha,Rajasthan,JHALAWAR-BARAN,Anta,3,,,Normal/Others,"NA - Construction of roads, approach roads, link roads and pathways",DISTRICT COLLECTOR BARAN_IDA,2023-09-30,Action Pending,500000,Unsanctioned
MPLADS-038781,Dushyant Singh,Lok Sabha,Rajasthan,JHALAWAR-BARAN,Anta,4,,,Normal/Others,"NA - Construction of roads, approach roads, link roads and pathways",DISTRICT COLLECTOR BARAN_IDA,2023-09-30,Action Pending,500000,Unsanctioned
MPLADS-038782,Dushyant Singh,Lok Sabha,Rajasthan,JHALAWAR-BARAN,Anta,5,,,Normal/Others,NA - Providing drains and gutters for public drainage,DISTRICT COLLECTOR BARAN_IDA,2023-09-30,Action Pending,500000,Unsanctioned
MPLADS-038783,Dushyant Singh,Lok Sabha,Rajasthan,JHALAWAR-BARAN,Anta,6,,,Normal/Others,NA - Providing drains and gutters for public drainage,DISTRICT COLLECTOR BARAN_IDA,2023-09-30,Action Pending,500000,Unsanctioned
MPLADS-038784,Dushyant Singh,Lok Sabha,Rajasthan,JHALAWAR-BARAN,Anta,7,,,Normal/Others,"NA - Construction of roads, approach roads, link roads and pathways",DISTRICT COLLECTOR BARAN_IDA,2023-09-30,Action Pending,500000,Unsanctioned
MPLADS-038785,Dushyant Singh,Lok Sabha,Rajasthan,JHALAWAR-BARAN,Anta,8,,,Normal/Others,NA - Providing drains and gutters for public drainage,DISTRICT COLLECTOR BARAN_IDA,2023-09-30,Action Pending,500000,Unsanctioned
MPLADS-038786,Dushyant Singh,Lok Sabha,Rajasthan,JHALAWAR-BARAN,Anta,10,,,Normal/Others,"NA - Construction of roads, approach roads, link roads and pathways",DISTRICT COLLECTOR BARAN_IDA,2023-09-30,Action Pending,500000,Unsanctioned
MPLADS-038787,Dushyant Singh,Lok Sabha,Rajasthan,JHALAWAR-BARAN,Anta,14,,,Normal/Others,"NA - Construction of roads, approach roads, link roads and pathways",DISTRICT COLLECTOR BARAN_IDA,2023-09-30,Action Pending,500000,Unsanctioned
MPLADS-038788,Dushyant Singh,Lok Sabha,Rajasthan,JHALAWAR-BARAN,Anta,18,,,Normal/Others,NA - Installing tube-wells and borewells,DISTRICT COLLECTOR BARAN_IDA,2023-09-30,Action Pending,500000,Unsanctioned
MPLADS-038789,Dushyant Singh,Lok Sabha,Rajasthan,JHALAWAR-BARAN,Anta,21,,,Normal/Others,"NA - Construction of roads, approach roads, link roads and pathways",DISTRICT COLLECTOR BARAN_IDA,2023-09-30,Action Pending,500000,Unsanctioned
MPLADS-038790,Dushyant Singh,Lok Sabha,Rajasthan,JHALAWAR-BARAN,Anta,22,,,Normal/Others,"NA - Construction of roads, approach roads, link roads and pathways",DISTRICT COLLECTOR BARAN_IDA,2023-09-30,Action Pending,500000,Unsanctioned
MPLADS-038797,Dushyant Singh,Lok Sabha,Rajasthan,JHALAWAR-BARAN,Anta,23,,,Normal/Others,"NA - Construction of roads, approach roads, link roads and pathways",DISTRICT COLLECTOR BARAN_IDA,2023-09-30,Action Pending,500000,Unsanctioned
MPLADS-038799,Dushyant Singh,Lok Sabha,Rajasthan,JHALAWAR-BARAN,,,MANGROL,Raithal,Normal/Others,NA - Construction of culverts and bridges,DISTRICT COLLECTOR BARAN_IDA,2023-09-30,Action Pending,300000,Unsanctioned
MPLADS-038819,Dushyant Singh,Lok Sabha,Rajasthan,JHALAWAR-BARAN,,,DAG,Gangdhar,Normal/Others,WS/MP722/2023-2024/28455 - Construction of Rainwater Harvesting Parks –demo projects – subject to only one per municipality,DISTRICT COLLECTOR JHALAWAR_IDA,2023-09-29,Approved by IDA,500000,Unsanctioned
MPLADS-038820,Dushyant Singh,Lok Sabha,Rajasthan,JHALAWAR-BARAN,,,DAG,Keloo Khera,Normal/Others,WS/MP722/2023-2024/28522 - Construction of Rainwater Harvesting Parks –demo projects – subject to only one per municipality,DISTRICT COLLECTOR JHALAWAR_IDA,2023-09-29,Approved by IDA,500000,Unsanctioned
MPLADS-038821,Dushyant Singh,Lok Sabha,Rajasthan,JHALAWAR-BARAN,,,DAG,Jagishpura,Normal/Others,"WS/MP722/2023-2024/28521 - Construction of roads, approach roads, link roads and pathways",DISTRICT COLLECTOR JHALAWAR_IDA,2023-09-29,Approved by IDA,500000,Unsanctioned
MPLADS-038822,Dushyant Singh,Lok Sabha,Rajasthan,JHALAWAR-BARAN,,,DAG,Talawali,Normal/Others,NA - Construction of community centers and community halls,DISTRICT COLLECTOR JHALAWAR_IDA,2023-09-29,Action Pending,500000,Unsanctioned
MPLADS-038823,Dushyant Singh,Lok Sabha,Rajasthan,JHALAWAR-BARAN,,,DAG,Rampura,Normal/Others,NA - Installing tube-wells and borewells,DISTRICT COLLECTOR JHALAWAR_IDA,2023-09-29,Action Pending,200000,Unsanctioned
MPLADS-038824,Dushyant Singh,Lok Sabha,Rajasthan,JHALAWAR-BARAN,,,DAG,Para Peepli,Normal/Others,NA - Construction of Rainwater Harvesting Parks –demo projects – subject to only one per municipality,DISTRICT COLLECTOR JHALAWAR_IDA,2023-09-29,Action Pending,500000,Unsanctioned
MPLADS-038825,Dushyant Singh,Lok Sabha,Rajasthan,JHALAWAR-BARAN,,,BHAWANI MANDI,Mishroli,Normal/Others,WS/MP722/2023-2024/28454 - Installation of firmly fixed waiting chairs and benches at railway stations,DISTRICT COLLECTOR JHALAWAR_IDA,2023-09-29,Approved by IDA,500000,Unsanctioned
MPLADS-038826,Dushyant Singh,Lok Sabha,Rajasthan,JHALAWAR-BARAN,,,DAG,Guradiya Jhala,Normal/Others,WS/MP722/2023-2024/28516 - Construction of Rainwater Harvesting Parks –demo projects – subject to only one per municipality,DISTRICT COLLECTOR JHALAWAR_IDA,2023-09-29,Approved by IDA,500000,Unsanctioned
MPLADS-038827,Dushyant Singh,Lok Sabha,Rajasthan,JHALAWAR-BARAN,,,DAG,Ranayra,Normal/Others,NA - Construction of Rainwater Harvesting Parks –demo projects – subject to only one per municipality,DISTRICT COLLECTOR JHALAWAR_IDA,2023-09-29,Action Pending,500000,Unsanctioned
MPLADS-038828,Dushyant Singh,Lok Sabha,Rajasthan,JHALAWAR-BARAN,,,DAG,Peeplya Khurd,Normal/Others,"WS/MP722/2023-2024/28456 - Construction of roads, approach roads, link roads and pathways",DISTRICT COLLECTOR JHALAWAR_IDA,2023-09-29,Approved by IDA,500000,Unsanctioned
MPLADS-038829,Dushyant Singh,Lok Sabha,Rajasthan,JHALAWAR-BARAN,,,DAG,Dag,Normal/Others,WS/MP722/2023-2024/28457 - Construction of Rainwater Harvesting Parks –demo projects – subject to only one per municipality,DISTRICT COLLECTOR JHALAWAR_IDA,2023-09-29,Approved by IDA,500000,Unsanctioned
MPLADS-038830,Dushyant Singh,Lok Sabha,Rajasthan,JHALAWAR-BARAN,,,DAG,Mandirpur,Normal/Others,WS/MP722/2023-2024/28458 - Construction of Rainwater Harvesting Parks –demo projects – subject to only one per municipality,DISTRICT COLLECTOR JHALAWAR_IDA,2023-09-29,Approved by IDA,500000,Unsanctioned
MPLADS-038831,Dushyant Singh,Lok Sabha,Rajasthan,JHALAWAR-BARAN,,,DAG,Dhatooriya,Normal/Others,NA - Installing tube-wells and borewells,DISTRICT COLLECTOR JHALAWAR_IDA,2023-09-29,Action Pending,200000,Unsanctioned
MPLADS-038832,Dushyant Singh,Lok Sabha,Rajasthan,JHALAWAR-BARAN,,,BHAWANI MANDI,Bhaisani,Normal/Others,WS/MP722/2023-2024/28453 - Providing drains and gutters for public drainage,DISTRICT COLLECTOR JHALAWAR_IDA,2023-09-29,Approved by IDA,500000,Unsanctioned
MPLADS-038833,Dushyant Singh,Lok Sabha,Rajasthan,JHALAWAR-BARAN,,,BHAWANI MANDI,Garnawad,Normal/Others,WS/MP722/2023-2024/28451 - Providing drains and gutters for public drainage,DISTRICT COLLECTOR JHALAWAR_IDA,2023-09-29,Approved by IDA,500000,Unsanctioned
MPLADS-038834,Dushyant Singh,Lok Sabha,Rajasthan,JHALAWAR-BARAN,,,BHAWANI MANDI,Silehgarh,Normal/Others,NA - Construction of Rainwater Harvesting Parks –demo projects – subject to only one per municipality,DISTRICT COLLECTOR JHALAWAR_IDA,2023-09-29,Action Pending,500000,Unsanctioned
MPLADS-038835,Dushyant Singh,Lok Sabha,Rajasthan,JHALAWAR-BARAN,,,BHAWANI MANDI,Ank Kheri,Normal/Others,WS/MP722/2023-2024/28452 - Providing drains and gutters for public drainage,DISTRICT COLLECTOR JHALAWAR_IDA,2023-09-29,Approved by IDA,500000,Unsanctioned
MPLADS-038836,Dushyant Singh,Lok Sabha,Rajasthan,JHALAWAR-BARAN,,,BHAWANI MANDI,Peepliya,Normal/Others,NA - Construction of culverts and bridges,DISTRICT COLLECTOR JHALAWAR_IDA,2023-09-29,Action Pending,500000,Unsanctioned
MPLADS-038837,Dushyant Singh,Lok Sabha,Rajasthan,JHALAWAR-BARAN,Aklera,35,,,Normal/Others,NA - Providing drains and gutters for public drainage,DISTRICT COLLECTOR JHALAWAR_IDA,2023-09-29,Action Pending,500000,Unsanctioned
MPLADS-038838,Dushyant Singh,Lok Sabha,Rajasthan,JHALAWAR-BARAN,Aklera,29,,,Normal/Others,NA - Providing drains and gutters for public drainage,DISTRICT COLLECTOR JHALAWAR_IDA,2023-09-29,Action Pending,300000,Unsanctioned
MPLADS-038839,Dushyant Singh,Lok Sabha,Rajasthan,JHALAWAR-BARAN,Aklera,29,,,Normal/Others,NA - Providing drains and gutters for public drainage,DISTRICT COLLECTOR JHALAWAR_IDA,2023-09-29,Action Pending,200000,Unsanctioned
MPLADS-038840,Dushyant Singh,Lok Sabha,Rajasthan,JHALAWAR-BARAN,Aklera,29,,,Normal/Others,NA - Providing drains and gutters for public drainage,DISTRICT COLLECTOR JHALAWAR_IDA,2023-09-29,Action Pending,100000,Unsanctioned
MPLADS-038841,Dushyant Singh,Lok Sabha,Rajasthan,JHALAWAR-BARAN,Aklera,27,,,Normal/Others,NA - Providing drains and gutters for public drainage,DISTRICT COLLECTOR JHALAWAR_IDA,2023-09-29,Action Pending,500000,Unsanctioned
MPLADS-038842,Dushyant Singh,Lok Sabha,Rajasthan,JHALAWAR-BARAN,Aklera,30,,,Normal/Others,NA - Providing drains and gutters for public drainage,DISTRICT COLLECTOR JHALAWAR_IDA,2023-09-29,Action Pending,250000,Unsanctioned
MPLADS-038843,Dushyant Singh,Lok Sabha,Rajasthan,JHALAWAR-BARAN,Aklera,30,,,Normal/Others,NA - Installing tube-wells and borewells,DISTRICT COLLECTOR JHALAWAR_IDA,2023-09-29,Action Pending,250000,Unsanctioned
MPLADS-038844,Dushyant Singh,Lok Sabha,Rajasthan,JHALAWAR-BARAN,Aklera,24,,,Normal/Others,NA - Providing drains and gutters for public drainage,DISTRICT COLLECTOR JHALAWAR_IDA,2023-09-29,Action Pending,200000,Unsanctioned
MPLADS-038845,Dushyant Singh,Lok Sabha,Rajasthan,JHALAWAR-BARAN,Aklera,8,,,Normal/Others,NA - Providing drains and gutters for public drainage,DISTRICT COLLECTOR JHALAWAR_IDA,2023-09-29,Action Pending,250000,Unsanctioned
MPLADS-038846,Dushyant Singh,Lok Sabha,Rajasthan,JHALAWAR-BARAN,Aklera,8,,,Normal/Others,NA - Providing drains and gutters for public drainage,DISTRICT COLLECTOR JHALAWAR_IDA,2023-09-29,Action Pending,250000,Unsanctioned
MPLADS-038847,Dushyant Singh,Lok Sabha,Rajasthan,JHALAWAR-BARAN,Aklera,13,,,Normal/Others,NA - Providing drains and gutters for public drainage,DISTRICT COLLECTOR JHALAWAR_IDA,2023-09-29,Action Pending,500000,Unsanctioned
MPLADS-038848,Dushyant Singh,Lok Sabha,Rajasthan,JHALAWAR-BARAN,Aklera,24,,,Normal/Others,NA - Providing drains and gutters for public drainage,DISTRICT COLLECTOR JHALAWAR_IDA,2023-09-29,Action Pending,300000,Unsanctioned
MPLADS-038849,Shri PP Chaudhary ,Lok Sabha,Rajasthan,PALI,,,TINWARI,Ghevara,Normal/Others,NA - Construction of community centers and community halls,DISTRICT COLLECTOR JODHPUR_IDA,2023-09-29,Action Pending,500000,Unsanctioned
MPLADS-038850,Bhagirath Chaudhary,Lok Sabha,Rajasthan,AJMER,,,ARAIN,Mohammadgarh,Normal/Others,WS/MP719/2023-2024/28424 - Crematoriums or structures on burial/ cremation ground for public convenience,DISTRICT COLLECTOR AJMER_IDA,2023-09-29,Approved by IDA,1500000,Unsanctioned
MPLADS-038851,Dushyant Singh,Lok Sabha,Rajasthan,JHALAWAR-BARAN,,,DAG,Bardiya Beerji,Normal/Others,NA - Providing drains and gutters for public drainage,DISTRICT COLLECTOR JHALAWAR_IDA,2023-09-29,Action Pending,500000,Unsanctioned
MPLADS-038852,Dushyant Singh,Lok Sabha,Rajasthan,JHALAWAR-BARAN,,,DAG,Dudhaliya,Normal/Others,NA - Providing drains and gutters for public drainage,DISTRICT COLLECTOR JHALAWAR_IDA,2023-09-29,Action Pending,500000,Unsanctioned
MPLADS-038853,Dushyant Singh,Lok Sabha,Rajasthan,JHALAWAR-BARAN,,,ATRU,Dara,Normal/Others,NA - Providing drains and gutters for public drainage,DISTRICT COLLECTOR BARAN_IDA,2023-09-29,Action Pending,500000,Unsanctioned
MPLADS-038854,Dushyant Singh,Lok Sabha,Rajasthan,JHALAWAR-BARAN,,,DAG,Unhel,Normal/Others,WS/MP722/2023-2024/28525 - Providing drains and gutters for public drainage,DISTRICT COLLECTOR JHALAWAR_IDA,2023-09-29,Approved by IDA,500000,Unsanctioned
MPLADS-038855,Dushyant Singh,Lok Sabha,Rajasthan,JHALAWAR-BARAN,,,BARAN (FULL),Patheda,Normal/Others,WS/MP722/2023-2024/28581 - Providing drains and gutters for public drainage,DISTRICT COLLECTOR BARAN_IDA,2023-09-29,Approved by IDA,250000,Unsanctioned
MPLADS-038872,Dushyant Singh,Lok Sabha,Rajasthan,JHALAWAR-BARAN,,,CHHIPABAROD,Banjari,Normal/Others,WS/MP722/2023-2024/28655 - Construction of boundary walls of existing public and community buildings,DISTRICT COLLECTOR BARAN_IDA,2023-09-29,Approved by IDA,500000,Unsanctioned
MPLADS-038873,Dushyant Singh,Lok Sabha,Rajasthan,JHALAWAR-BARAN,,,CHHIPABAROD,Kunma Kheri,Normal/Others,NA - Construction of community centers and community halls,DISTRICT COLLECTOR BARAN_IDA,2023-09-29,Action Pending,1000000,Unsanctioned
MPLADS-038874,Dushyant Singh,Lok Sabha,Rajasthan,JHALAWAR-BARAN,,,ATRU,Mermachah,Normal/Others,"WS/MP722/2023-2024/28588 - Construction of roads, approach roads, link roads and pathways",DISTRICT COLLECTOR BARAN_IDA,2023-09-29,Approved by IDA,500000,Unsanctioned
MPLADS-038875,Dushyant Singh,Lok Sabha,Rajasthan,JHALAWAR-BARAN,,,BARAN (FULL),Ratawad,Normal/Others,"NA - Purchase of prosthetics, wheel chairs, tricycles (manual or motorized), elect scooties, hearing aids",DISTRICT COLLECTOR BARAN_IDA,2023-09-29,Action Pending,100000,Unsanctioned
MPLADS-038876,Dushyant Singh,Lok Sabha,Rajasthan,JHALAWAR-BARAN,,,BARAN (FULL),Patheda,Normal/Others,"WS/MP722/2023-2024/28583 - Construction of roads, approach roads, link roads and pathways",DISTRICT COLLECTOR BARAN_IDA,2023-09-29,Approved by IDA,500000,Unsanctioned
MPLADS-038877,Dushyant Singh,Lok Sabha,Rajasthan,JHALAWAR-BARAN,,,BARAN (FULL),Tisaya,Normal/Others,NA - Providing drains and gutters for public drainage,DISTRICT COLLECTOR BARAN_IDA,2023-09-29,Rejected by IDA,350000,Unsanctioned
MPLADS-038878,Dushyant Singh,Lok Sabha,Rajasthan,JHALAWAR-BARAN,,,BARAN (FULL),Kalmanda,Normal/Others,NA - Installing tube-wells and borewells,DISTRICT COLLECTOR BARAN_IDA,2023-09-29,Action Pending,150000,Unsanctioned
MPLADS-038879,Dushyant Singh,Lok Sabha,Rajasthan,JHALAWAR-BARAN,,,BARAN (FULL),Sundlak,Normal/Others,WS/MP722/2023-2024/28586 - Construction of public toilets and bathrooms,DISTRICT COLLECTOR BARAN_IDA,2023-09-29,Approved by IDA,250000,Unsanctioned
MPLADS-038881,Dushyant Singh,Lok Sabha,Rajasthan,JHALAWAR-BARAN,,,BARAN (FULL),Barana,Normal/Others,WS/MP722/2023-2024/28589 - Providing drains and gutters for public drainage,DISTRICT COLLECTOR BARAN_IDA,2023-09-29,Approved by IDA,600000,Unsanctioned
MPLADS-038882,Dushyant Singh,Lok Sabha,Rajasthan,JHALAWAR-BARAN,,,CHHIPABAROD,Gordhan Pura,Normal/Others,NA - Providing drains and gutters for public drainage,DISTRICT COLLECTOR BARAN_IDA,2023-09-29,Action Pending,500000,Unsanctioned
MPLADS-038883,Dushyant Singh,Lok Sabha,Rajasthan,JHALAWAR-BARAN,,,MANGROL,Jarela,Normal/Others,"NA - Construction of roads, approach roads, link roads and pathways",DISTRICT COLLECTOR BARAN_IDA,2023-09-29,Action Pending,1000000,Unsanctioned
MPLADS-038884,Dushyant Singh,Lok Sabha,Rajasthan,JHALAWAR-BARAN,,,MANGROL,Seeswali,Normal/Others,NA - Construction of community centers and community halls,DISTRICT COLLECTOR BARAN_IDA,2023-09-29,Action Pending,1000000,Unsanctioned
MPLADS-038885,Dushyant Singh,Lok Sabha,Rajasthan,JHALAWAR-BARAN,,,BARAN (FULL),Kotrisunda,Normal/Others,WS/MP722/2023-2024/28638 - Construction of community centers and community halls,DISTRICT COLLECTOR BARAN_IDA,2023-09-29,Approved by IDA,1000000,Unsanctioned
MPLADS-038886,Dushyant Singh,Lok Sabha,Rajasthan,JHALAWAR-BARAN,,,ATRU,Khuri,Normal/Others,NA - Construction of boundary walls of existing public and community buildings,DISTRICT COLLECTOR BARAN_IDA,2023-09-29,Action Pending,500000,Unsanctioned
MPLADS-038887,Dushyant Singh,Lok Sabha,Rajasthan,JHALAWAR-BARAN,,,ATRU,Ardand,Normal/Others,NA - Construction of public toilets and bathrooms,DISTRICT COLLECTOR BARAN_IDA,2023-09-29,Action Pending,500000,Unsanctioned
MPLADS-038888,Dushyant Singh,Lok Sabha,Rajasthan,JHALAWAR-BARAN,,,CHHIPABAROD,Gordhan Pura,Normal/Others,NA - Providing drains and gutters for public drainage,DISTRICT COLLECTOR BARAN_IDA,2023-09-29,Action Pending,500000,Unsanctioned
MPLADS-038889,Shri PP Chaudhary ,Lok Sabha,Rajasthan,PALI,,,TINWARI,Bara Kotecha,Normal/Others,WS/MP389/2023-2024/28340 - Purchase of furniture and fixtures for educational purposes,DISTRICT COLLECTOR JODHPUR_IDA,2023-09-29,Approved by IDA,500000,Unsanctioned
MPLADS-038989,Smt Ranjeeta Koli,Lok Sabha,Rajasthan,BHARATPUR(SC),,,WEIR,Moodiya Laleeta,Normal/Others,NA - Installing hand pumps,DISTRICT COLLECTOR BHARATPUR_IDA,2023-09-29,Action Pending,110000,Unsanctioned
MPLADS-038990,Smt Ranjeeta Koli,Lok Sabha,Rajasthan,BHARATPUR(SC),,,SEWAR,Dhormui,Normal/Others,NA - Installing hand pumps,DISTRICT COLLECTOR BHARATPUR_IDA,2023-09-29,Action Pending,110000,Unsanctioned
MPLADS-038991,Smt Ranjeeta Koli,Lok Sabha,Rajasthan,BHARATPUR(SC),,,NADBAI,Karhi,Normal/Others,"NA - Construction of roads, link roads, pathways or any other road with or without drainage system",DISTRICT COLLECTOR BHARATPUR_IDA,2023-09-29,Action Pending,500000,Unsanctioned
MPLADS-038992,Smt Ranjeeta Koli,Lok Sabha,Rajasthan,BHARATPUR(SC),,,RUPBAS,Marauli,Normal/Others,"NA - Construction of roads, link roads, pathways or any other road with or without drainage system",DISTRICT COLLECTOR BHARATPUR_IDA,2023-09-29,Action Pending,300000,Unsanctioned
MPLADS-038993,Smt Ranjeeta Koli,Lok Sabha,Rajasthan,BHARATPUR(SC),,,BAYANA,Mahloni,Normal/Others,NA - Construction of rooms and halls in school and colleges,DISTRICT COLLECTOR BHARATPUR_IDA,2023-09-29,Action Pending,500000,Unsanctioned
MPLADS-038994,Smt Ranjeeta Koli,Lok Sabha,Rajasthan,BHARATPUR(SC),,,BAYANA,Khoot Khera,Normal/Others,NA - Construction of rooms and halls in school and colleges,DISTRICT COLLECTOR BHARATPUR_IDA,2023-09-29,Action Pending,300000,Unsanctioned
MPLADS-038995,Smt Ranjeeta Koli,Lok Sabha,Rajasthan,BHARATPUR(SC),,,BAYANA,Sikandara,Normal/Others,NA - Construction of rooms and halls in school and colleges,DISTRICT COLLECTOR BHARATPUR_IDA,2023-09-29,Action Pending,500000,Unsanctioned
MPLADS-038996,Smt Ranjeeta Koli,Lok Sabha,Rajasthan,BHARATPUR(SC),,,RUPBAS,Dumriya,Normal/Others,NA - Installing hand pumps,DISTRICT COLLECTOR BHARATPUR_IDA,2023-09-29,Action Pending,300000,Unsanctioned
MPLADS-038997,Smt Ranjeeta Koli,Lok Sabha,Rajasthan,BHARATPUR(SC),,,BAYANA,Bajna,Normal/Others,NA - Installing hand pumps,DISTRICT COLLECTOR BHARATPUR_IDA,2023-09-29,Action Pending,110000,Unsanctioned
MPLADS-038998,Smt Ranjeeta Koli,Lok Sabha,Rajasthan,BHARATPUR(SC),,,BAYANA,Brahmawad,Normal/Others,NA - Installing tube-wells and borewells,DISTRICT COLLECTOR BHARATPUR_IDA,2023-09-29,Action Pending,300000,Unsanctioned
MPLADS-038999,Smt Ranjeeta Koli,Lok Sabha,Rajasthan,BHARATPUR(SC),,,BHUSAWAR,Alipur,Normal/Others,"NA - Construction of roads, approach roads, link roads and pathways",DISTRICT COLLECTOR BHARATPUR_IDA,2023-09-29,Action Pending,700000,Unsanctioned
MPLADS-039000,Smt Ranjeeta Koli,Lok Sabha,Rajasthan,BHARATPUR(SC),,,NADBAI,Nyotha,Normal/Others,"NA - Construction of roads, link roads, pathways or any other road with or without drainage system",DISTRICT COLLECTOR BHARATPUR_IDA,2023-09-29,Action Pending,700000,Unsanctioned
MPLADS-039001,Smt Ranjeeta Koli,Lok Sabha,Rajasthan,BHARATPUR(SC),,,WEIR,Naya Barkhera,Normal/Others,NA - Installing hand pumps,DISTRICT COLLECTOR BHARATPUR_IDA,2023-09-29,Action Pending,110000,Unsanctioned
MPLADS-039002,Smt Ranjeeta Koli,Lok Sabha,Rajasthan,BHARATPUR(SC),,,BHUSAWAR,Pathena,Normal/Others,NA - Installing hand pumps,DISTRICT COLLECTOR BHARATPUR_IDA,2023-09-29,Action Pending,110000,Unsanctioned
MPLADS-039003,Smt Ranjeeta Koli,Lok Sabha,Rajasthan,BHARATPUR(SC),,,BHUSAWAR,Naroli,Normal/Others,"NA - Construction of roads, approach roads, link roads and pathways",DISTRICT COLLECTOR BHARATPUR_IDA,2023-09-29,Action Pending,500000,Unsanctioned
MPLADS-039004,Smt Ranjeeta Koli,Lok Sabha,Rajasthan,BHARATPUR(SC),,,BHUSAWAR,Naroli,Normal/Others,"NA - Construction of roads, approach roads, link roads and pathways",DISTRICT COLLECTOR BHARATPUR_IDA,2023-09-29,Action Pending,500000,Unsanctioned
MPLADS-039005,Smt Ranjeeta Koli,Lok Sabha,Rajasthan,BHARATPUR(SC),,,BHUSAWAR,Babekhar,Normal/Others,NA - Construction of community centers and community halls,DISTRICT COLLECTOR BHARATPUR_IDA,2023-09-29,Action Pending,500000,Unsanctioned
MPLADS-039044,Smt Ranjeeta Koli,Lok Sabha,Rajasthan,BHARATPUR(SC),,,BAYANA,Bidyari,Normal/Others,NA - Installing hand pumps,DISTRICT COLLECTOR BHARATPUR_IDA,2023-09-29,Action Pending,110000,Unsanctioned
MPLADS-039045,Smt Ranjeeta Koli,Lok Sabha,Rajasthan,BHARATPUR(SC),,,SEWAR,Jatoli Rathman,Normal/Others,NA - Crematoriums or structures on burial/ cremation ground for public convenience,DISTRICT COLLECTOR BHARATPUR_IDA,2023-09-29,Action Pending,700000,Unsanctioned
MPLADS-039046,Smt Ranjeeta Koli,Lok Sabha,Rajasthan,BHARATPUR(SC),,,DEEG,Sinsini,Normal/Others,NA - Construction of community centers and community halls,DISTRICT COLLECTOR BHARATPUR_IDA,2023-09-29,Action Pending,500000,Unsanctioned
MPLADS-039047,Dushyant Singh,Lok Sabha,Rajasthan,JHALAWAR-BARAN,,,CHHABRA,Jepla,Normal/Others,NA - Providing drains and gutters for public drainage,DISTRICT COLLECTOR BARAN_IDA,2023-09-29,Action Pending,1000000,Unsanctioned
MPLADS-039048,Dushyant Singh,Lok Sabha,Rajasthan,JHALAWAR-BARAN,,,KISHANGANJ,Khyawada,Normal/Others,"NA - Construction of roads, approach roads, link roads and pathways",DISTRICT COLLECTOR BARAN_IDA,2023-09-29,Action Pending,500000,Unsanctioned
MPLADS-039063,Dushyant Singh,Lok Sabha,Rajasthan,JHALAWAR-BARAN,,,KISHANGANJ,Pachlawada,Normal/Others,"NA - Construction of roads, approach roads, link roads and pathways",DISTRICT COLLECTOR BARAN_IDA,2023-09-29,Action Pending,500000,Unsanctioned
MPLADS-039064,Dushyant Singh,Lok Sabha,Rajasthan,JHALAWAR-BARAN,,,CHHABRA,Kadaiya Nohar,Normal/Others,"WS/MP722/2023-2024/28656 - Construction of roads, approach roads, link roads and pathways",DISTRICT COLLECTOR BARAN_IDA,2023-09-29,Approved by IDA,500000,Unsanctioned
MPLADS-039084,Smt Ranjeeta Koli,Lok Sabha,Rajasthan,BHARATPUR(SC),,,NADBAI,Nayabas,Normal/Others,"NA - Construction of roads, link roads, pathways or any other road with or without drainage system",DISTRICT COLLECTOR BHARATPUR_IDA,2023-09-29,Action Pending,200000,Unsanctioned
MPLADS-039085,Dushyant Singh,Lok Sabha,Rajasthan,JHALAWAR-BARAN,,,KISHANGANJ,Chhinod,Normal/Others,NA - Construction of boundary walls of existing public and community buildings,DISTRICT COLLECTOR BARAN_IDA,2023-09-29,Action Pending,400000,Unsanctioned
MPLADS-039086,Dushyant Singh,Lok Sabha,Rajasthan,JHALAWAR-BARAN,,,SHAHBAD,Bainta,Normal/Others,WS/MP722/2023-2024/28751 - Installing tube-wells and borewells,DISTRICT COLLECTOR BARAN_IDA,2023-09-29,Approved by IDA,350000,Unsanctioned
MPLADS-039087,Dushyant Singh,Lok Sabha,Rajasthan,JHALAWAR-BARAN,,,KISHANGANJ,Kagla Bambori,Normal/Others,"NA - Construction of roads, approach roads, link roads and pathways",DISTRICT COLLECTOR BARAN_IDA,2023-09-29,Action Pending,500000,Unsanctioned
MPLADS-039088,Dushyant Singh,Lok Sabha,Rajasthan,JHALAWAR-BARAN,,,KISHANGANJ,Kagla Bambori,Normal/Others,NA - Installing hand pumps,DISTRICT COLLECTOR BARAN_IDA,2023-09-29,Action Pending,100000,Unsanctioned
MPLADS-039089,Smt Ranjeeta Koli,Lok Sabha,Rajasthan,BHARATPUR(SC),,,BHUSAWAR,Deewali,Normal/Others,NA - Construction of community centers and community halls,DISTRICT COLLECTOR BHARATPUR_IDA,2023-09-29,Action Pending,500000,Unsanctioned
MPLADS-039090,Smt Ranjeeta Koli,Lok Sabha,Rajasthan,BHARATPUR(SC),,,NADBAI,Hantra,Normal/Others,"NA - Construction of roads, link roads, pathways or any other road with or without drainage system",DISTRICT COLLECTOR BHARATPUR_IDA,2023-09-29,Action Pending,500000,Unsanctioned
MPLADS-039091,Smt Ranjeeta Koli,Lok Sabha,Rajasthan,BHARATPUR(SC),,,NADBAI,Gadauli,Normal/Others,"NA - Construction of roads, approach roads, link roads and pathways",DISTRICT COLLECTOR BHARATPUR_IDA,2023-09-29,Action Pending,500000,Unsanctioned
MPLADS-039092,Smt Ranjeeta Koli,Lok Sabha,Rajasthan,BHARATPUR(SC),,,NADBAI,Gadauli,Normal/Others,"NA - Construction of roads, approach roads, link roads and pathways",DISTRICT COLLECTOR BHARATPUR_IDA,2023-09-29,Action Pending,300000,Unsanctioned
MPLADS-039093,Smt Ranjeeta Koli,Lok Sabha,Rajasthan,BHARATPUR(SC),,,KUMHER,Dhanwara,Normal/Others,"NA - Construction of roads, link roads, pathways or any other road with or without drainage system",DISTRICT COLLECTOR BHARATPUR_IDA,2023-09-29,Action Pending,500000,Unsanctioned
MPLADS-039094,Smt Ranjeeta Koli,Lok Sabha,Rajasthan,BHARATPUR(SC),,,KUMHER,Dhanwara,Normal/Others,"NA - Construction of roads, link roads, pathways or any other road with or without drainage system",DISTRICT COLLECTOR BHARATPUR_IDA,2023-09-29,Action Pending,500000,Unsanctioned
MPLADS-039095,Smt Ranjeeta Koli,Lok Sabha,Rajasthan,BHARATPUR(SC),,,UCHAIN,Ekta,Normal/Others,"NA - Construction of roads, link roads, pathways or any other road with or without drainage system",DISTRICT COLLECTOR BHARATPUR_IDA,2023-09-29,Action Pending,800000,Unsanctioned
MPLADS-039096,Smt Ranjeeta Koli,Lok Sabha,Rajasthan,BHARATPUR(SC),,,NADBAI,Kareeli,Normal/Others,"NA - Construction of roads, link roads, pathways or any other road with or without drainage system",DISTRICT COLLECTOR BHARATPUR_IDA,2023-09-29,Action Pending,500000,Unsanctioned
MPLADS-039097,Smt Ranjeeta Koli,Lok Sabha,Rajasthan,BHARATPUR(SC),,,NADBAI,Dahra,Normal/Others,"NA - Construction of roads, link roads, pathways or any other road with or without drainage system",DISTRICT COLLECTOR BHARATPUR_IDA,2023-09-29,Action Pending,400000,Unsanctioned
MPLADS-039098,Smt Ranjeeta Koli,Lok Sabha,Rajasthan,BHARATPUR(SC),,,NADBAI,Dahra,Normal/Others,"NA - Construction of roads, link roads, pathways or any other road with or without drainage system",DISTRICT COLLECTOR BHARATPUR_IDA,2023-09-29,Action Pending,300000,Unsanctioned
MPLADS-039099,Smt Ranjeeta Koli,Lok Sabha,Rajasthan,BHARATPUR(SC),,,RUPBAS,Kanjoli,Normal/Others,NA - Construction of community centers and community halls,DISTRICT COLLECTOR BHARATPUR_IDA,2023-09-29,Action Pending,500000,Unsanctioned
MPLADS-039100,Smt Ranjeeta Koli,Lok Sabha,Rajasthan,BHARATPUR(SC),,,RUPBAS,Kanjoli,Normal/Others,NA - Construction of rooms and halls in school and colleges,DISTRICT COLLECTOR BHARATPUR_IDA,2023-09-29,Action Pending,500000,Unsanctioned
MPLADS-039101,Dushyant Singh,Lok Sabha,Rajasthan,JHALAWAR-BARAN,,,KISHANGANJ,Sewani,Normal/Others,"NA - Construction of roads, approach roads, link roads and pathways",DISTRICT COLLECTOR BARAN_IDA,2023-09-29,Action Pending,400000,Unsanctioned
MPLADS-039102,Dushyant Singh,Lok Sabha,Rajasthan,JHALAWAR-BARAN,,,KISHANGANJ,Bajrang Garh,Normal/Others,NA - Providing drains and gutters for public drainage,DISTRICT COLLECTOR BARAN_IDA,2023-09-29,Action Pending,400000,Unsanctioned
MPLADS-039104,Dushyant Singh,Lok Sabha,Rajasthan,JHALAWAR-BARAN,,,KISHANGANJ,Bajrang Garh,Normal/Others,"NA - Construction of roads, approach roads, link roads and pathways",DISTRICT COLLECTOR BARAN_IDA,2023-09-29,Action Pending,500000,Unsanctioned
MPLADS-039106,SHRI Rajendra Gehlot,Rajya Sabha,Rajasthan,Sitting Rajya Sabha,,,DANTA RAMGARH,Jaloond,Normal/Others,"NA - Construction of roads, approach roads, link roads and pathways",DISTRICT COLLECTOR SIKAR_IDA,2023-09-29,Action Pending,500000,Unsanctioned
MPLADS-039107,SHRI Rajendra Gehlot,Rajya Sabha,Rajasthan,Sitting Rajya Sabha,,,DANTA RAMGARH,Jaloond,Normal/Others,"NA - Construction of roads, approach roads, link roads and pathways",DISTRICT COLLECTOR SIKAR_IDA,2023-09-29,Action Pending,500000,Unsanctioned
MPLADS-039108,SHRI Rajendra Gehlot,Rajya Sabha,Rajasthan,Sitting Rajya Sabha,Jodhpur-South,37Office of tjhe District Eduction,,,Normal/Others,NA - Purchase of books and periodicals for libraries,DISTRICT COLLECTOR JODHPUR_IDA,2023-09-29,Action Pending,800000,Unsanctioned
MPLADS-039109,SHRI Rajendra Gehlot,Rajya Sabha,Rajasthan,Sitting Rajya Sabha,Jodhpur-South,37Offi,,,Normal/Others,NA - Purchase of books and periodicals for libraries,DISTRICT COLLECTOR JODHPUR_IDA,2023-09-29,Action Pending,600000,Unsanctioned
MPLADS-039110,SHRI Rajendra Gehlot,Rajya Sabha,Rajasthan,Sitting Rajya Sabha,,,BHOPALGARH,Dhandhora,Normal/Others,WS/MP151/2023-2024/28757 - Crematoriums or structures on burial/ cremation ground for public convenience,DISTRICT COLLECTOR JODHPUR_IDA,2023-09-29,Approved by IDA,500000,Unsanctioned
MPLADS-039111,SHRI Rajendra Gehlot,Rajya Sabha,Rajasthan,Sitting Rajya Sabha,,,BHOPALGARH,Dhandhora,Normal/Others,NA - Crematoriums or structures on burial/ cremation ground for public convenience,DISTRICT COLLECTOR JODHPUR_IDA,2023-09-29,Rejected by IDA,500000,Unsanctioned
MPLADS-039112,SHRI Rajendra Gehlot,Rajya Sabha,Rajasthan,Sitting Rajya Sabha,,,BHOPALGARH,Dhandhora,Normal/Others,NA - Construction of rooms and halls in school and colleges,DISTRICT COLLECTOR JODHPUR_IDA,2023-09-29,Action Pending,800000,Unsanctioned
MPLADS-039113,SHRI Rajendra Gehlot,Rajya Sabha,Rajasthan,Sitting Rajya Sabha,,,JALORE,Narnawas,Normal/Others,"NA - Construction of roads, approach roads, link roads and pathways",DISTRICT COLLECTOR JALORE_IDA,2023-09-29,Rejected by IDA,1000000,Unsanctioned
MPLADS-039114,SHRI Rajendra Gehlot,Rajya Sabha,Rajasthan,Sitting Rajya Sabha,,,GHANTIYALI,Nokhra Charnan,Normal/Others,WS/MP151/2023-2024/28609 - Construction of public libraries and reading rooms,DISTRICT COLLECTOR JODHPUR_IDA,2023-09-29,Approved by IDA,1000000,Unsanctioned
MPLADS-039115,SHRI Rajendra Gehlot,Rajya Sabha,Rajasthan,Sitting Rajya Sabha,,,Patodi,Lakhaniyon Ki Dhani,Normal/Others,WS/MP151/2023-2024/28608 - Crematoriums or structures on burial/ cremation ground for public convenience,DISTRICT COLLECTOR BARMER_IDA,2023-09-29,Approved by IDA,1000000,Unsanctioned
MPLADS-039116,SHRI Rajendra Gehlot,Rajya Sabha,Rajasthan,Sitting Rajya Sabha,,,GHANTIYALI,Thato ki Dhani,Normal/Others,"NA - Construction of roads, approach roads, link roads and pathways",DISTRICT COLLECTOR JODHPUR_IDA,2023-09-29,Action Pending,500000,Unsanctioned
MPLADS-039117,SHRI Rajendra Gehlot,Rajya Sabha,Rajasthan,Sitting Rajya Sabha,,,BAP,Jamba,Normal/Others,WS/MP151/2023-2024/28606 - Construction of public libraries and reading rooms,DISTRICT COLLECTOR JODHPUR_IDA,2023-09-29,Approved by IDA,500000,Unsanctioned
MPLADS-039118,SHRI Rajendra Gehlot,Rajya Sabha,Rajasthan,Sitting Rajya Sabha,,,OSIAN,Bhakhri,Normal/Others,"WS/MP151/2023-2024/28605 - Construction of roads, approach roads, link roads and pathways",DISTRICT COLLECTOR JODHPUR_IDA,2023-09-29,Approved by IDA,500000,Unsanctioned
MPLADS-039119,SHRI Rajendra Gehlot,Rajya Sabha,Rajasthan,Sitting Rajya Sabha,,,GHANTIYALI,Barjasar,Normal/Others,"NA - Construction of roads, approach roads, link roads and pathways",DISTRICT COLLECTOR JODHPUR_IDA,2023-09-29,Action Pending,500000,Unsanctioned
MPLADS-039301,SHRI Kirodi Lal,Rajya Sabha,Rajasthan,Sitting Rajya Sabha,,,SIKRAI,Bairwanda,Normal/Others,NA - Construction of rooms and halls in school and colleges,DISTRICT COLLECTOR DAUSA_IDA,2023-09-28,Action Pending,1000000,Unsanctioned
MPLADS-039443,Narendra Kumar,Lok Sabha,Rajasthan,JHUNJHUNU,,,MANDAWA,Bheekhansar,Normal/Others,"NA - Construction of roads, approach roads, link roads and pathways",DISTRICT COLLECTOR JHUNJHUNU_IDA,2023-09-28,Action Pending,1000000,Unsanctioned
MPLADS-039444,Narendra Kumar,Lok Sabha,Rajasthan,JHUNJHUNU,,,MANDAWA,Mahradasi,Normal/Others,"NA - Construction of roads, approach roads, link roads and pathways",DISTRICT COLLECTOR JHUNJHUNU_IDA,2023-09-28,Action Pending,250000,Unsanctioned
MPLADS-039445,Narendra Kumar,Lok Sabha,Rajasthan,JHUNJHUNU,,,MANDAWA,Mahradasi,Normal/Others,NA - Construction of water tanks,DISTRICT COLLECTOR JHUNJHUNU_IDA,2023-09-28,Action Pending,200000,Unsanctioned
MPLADS-039446,Narendra Kumar,Lok Sabha,Rajasthan,JHUNJHUNU,,,ALSISAR,Bhutiyawas,Normal/Others,"NA - Construction of roads, approach roads, link roads and pathways",DISTRICT COLLECTOR JHUNJHUNU_IDA,2023-09-28,Action Pending,1500000,Unsanctioned
MPLADS-039447,Bhagirath Chaudhary,Lok Sabha,Rajasthan,AJMER,,,PISANGAN,Kalesara,Normal/Others,NA - Common work sheds for artisans,DISTRICT COLLECTOR AJMER_IDA,2023-09-28,Action Pending,500000,Unsanctioned
MPLADS-039452,Bhagirath Chaudhary,Lok Sabha,Rajasthan,AJMER,,,BHINAY,Rammaliya,Normal/Others,NA - Common work sheds for artisans,DISTRICT COLLECTOR AJMER_IDA,2023-09-28,Action Pending,500000,Unsanctioned
MPLADS-039455,Bhagirath Chaudhary,Lok Sabha,Rajasthan,AJMER,,,KEKRI,Kalera Krishna Gopal,Normal/Others,NA - Construction of community centers and community halls,DISTRICT COLLECTOR AJMER_IDA,2023-09-28,Action Pending,500000,Unsanctioned
MPLADS-039456,Bhagirath Chaudhary,Lok Sabha,Rajasthan,AJMER,,,PHAGI,Lasariya,Normal/Others,NA - Construction of community centers and community halls,DISTRICT COLLECTOR JAIPUR_IDA,2023-09-28,Action Pending,500000,Unsanctioned
MPLADS-039457,Bhagirath Chaudhary,Lok Sabha,Rajasthan,AJMER,,,PISANGAN,Nandla,Normal/Others,NA - Construction of rooms and halls in school and colleges,DISTRICT COLLECTOR AJMER_IDA,2023-09-28,Action Pending,500000,Unsanctioned
MPLADS-039458,Bhagirath Chaudhary,Lok Sabha,Rajasthan,AJMER,,,BHINAY,Neemera,Normal/Others,NA - Construction of community centers and community halls,DISTRICT COLLECTOR AJMER_IDA,2023-09-28,Action Pending,500000,Unsanctioned
MPLADS-039459,Bhagirath Chaudhary,Lok Sabha,Rajasthan,AJMER,,,SAWAR,Sawar,Normal/Others,NA - Crematoriums or structures on burial/ cremation ground for public convenience,DISTRICT COLLECTOR AJMER_IDA,2023-09-28,Action Pending,500000,Unsanctioned
MPLADS-039460,Bhagirath Chaudhary,Lok Sabha,Rajasthan,AJMER,,,ARAIN,Dadiya,Normal/Others,NA - Crematoriums or structures on burial/ cremation ground for public convenience,DISTRICT COLLECTOR AJMER_IDA,2023-09-28,Action Pending,500000,Unsanctioned
MPLADS-039461,Bhagirath Chaudhary,Lok Sabha,Rajasthan,AJMER,,,SARWAR,Sapla,Normal/Others,NA - Construction of community centers and community halls,DISTRICT COLLECTOR AJMER_IDA,2023-09-28,Action Pending,750000,Unsanctioned
MPLADS-039462,Bhagirath Chaudhary,Lok Sabha,Rajasthan,AJMER,,,KEKRI,Meoda Kalan,Normal/Others,NA - Construction of community centers and community halls,DISTRICT COLLECTOR AJMER_IDA,2023-09-28,Action Pending,500000,Unsanctioned
MPLADS-039463,Bhagirath Chaudhary,Lok Sabha,Rajasthan,AJMER,,,Ajmer Rural,Hatoondi,Normal/Others,NA - Crematoriums or structures on burial/ cremation ground for public convenience,DISTRICT COLLECTOR AJMER_IDA,2023-09-28,Action Pending,200000,Unsanctioned
MPLADS-039464,Shri Subhash Chandra Baheria ,Lok Sabha,Rajasthan,BHILWARA,,,MANDALGARH,Sarthala,Normal/Others,NA - Construction of rooms and halls in school and colleges,DISTRICT COLLECTOR BHILWARA_IDA,2023-09-28,Action Pending,500000,Unsanctioned
MPLADS-039465,Bhagirath Chaudhary,Lok Sabha,Rajasthan,AJMER,,,MASOODA,Baral (CT),Normal/Others,NA - Construction of public libraries and reading rooms,DISTRICT COLLECTOR AJMER_IDA,2023-09-28,Action Pending,700000,Unsanctioned
MPLADS-039466,Bhagirath Chaudhary,Lok Sabha,Rajasthan,AJMER,,,SARWAR,Khedi Shankar,Normal/Others,NA - Construction of community centers and community halls,DISTRICT COLLECTOR AJMER_IDA,2023-09-28,Action Pending,500000,Unsanctioned
MPLADS-039467,Bhagirath Chaudhary,Lok Sabha,Rajasthan,AJMER,,,KEKRI,Pranhera,Normal/Others,NA - Construction of community centers and community halls,DISTRICT COLLECTOR AJMER_IDA,2023-09-28,Action Pending,500000,Unsanctioned
MPLADS-039468,Bhagirath Chaudhary,Lok Sabha,Rajasthan,AJMER,,,Ajmer Rural,Bhanwata,Normal/Others,NA - Construction of shelters for animals,DISTRICT COLLECTOR AJMER_IDA,2023-09-28,Action Pending,500000,Unsanctioned
MPLADS-039469,Bhagirath Chaudhary,Lok Sabha,Rajasthan,AJMER,,,ARAIN,Dabrela,Normal/Others,NA - Construction of community centers and community halls,DISTRICT COLLECTOR AJMER_IDA,2023-09-28,Action Pending,500000,Unsanctioned
MPLADS-039470,Shri Subhash Chandra Baheria ,Lok Sabha,Rajasthan,BHILWARA,Asind,09,,,Trust and Society,WS/MP385/2023-2024/28080 - Construction of rooms and halls in school and colleges,DISTRICT COLLECTOR BHILWARA_IDA,2023-09-28,Approved by IDA,500000,Unsanctioned
MPLADS-039471,Bhagirath Chaudhary,Lok Sabha,Rajasthan,AJMER,,,Kishangarh SILORA,Dhani Purohitan,Normal/Others,NA - Construction of rooms and halls in school and colleges,DISTRICT COLLECTOR AJMER_IDA,2023-09-28,Action Pending,500000,Unsanctioned
MPLADS-039472,Narendra Kumar,Lok Sabha,Rajasthan,JHUNJHUNU,,,ALSISAR,Dhani Charan,Normal/Others,"NA - Construction of roads, approach roads, link roads and pathways",DISTRICT COLLECTOR JHUNJHUNU_IDA,2023-09-28,Action Pending,2000000,Unsanctioned
MPLADS-039473,Narendra Kumar,Lok Sabha,Rajasthan,JHUNJHUNU,,,ALSISAR,Hansasar,Normal/Others,"NA - Construction of roads, approach roads, link roads and pathways",DISTRICT COLLECTOR JHUNJHUNU_IDA,2023-09-28,Action Pending,500000,Unsanctioned
MPLADS-039479,Shri Subhash Chandra Baheria ,Lok Sabha,Rajasthan,BHILWARA,,,SAHARA,Ullai,Normal/Others,WS/MP385/2023-2024/28050 - Construction of New Building,DISTRICT COLLECTOR BHILWARA_IDA,2023-09-28,Approved by IDA,300000,Unsanctioned
MPLADS-039480,Bhagirath Chaudhary,Lok Sabha,Rajasthan,AJMER,,,KEKRI,Baghera,Normal/Others,NA - Common work sheds for artisans,DISTRICT COLLECTOR AJMER_IDA,2023-09-28,Action Pending,500000,Unsanctioned
MPLADS-039495,Bhagirath Chaudhary,Lok Sabha,Rajasthan,AJMER,,,Kishangarh SILORA,Tokra,Normal/Others,"NA - Construction of roads, approach roads, link roads and pathways",DISTRICT COLLECTOR AJMER_IDA,2023-09-28,Action Pending,500000,Unsanctioned
MPLADS-039496,Bhagirath Chaudhary,Lok Sabha,Rajasthan,AJMER,,,Kishangarh SILORA,Khatoli,Normal/Others,NA - Lighting of public spaces,DISTRICT COLLECTOR AJMER_IDA,2023-09-28,Action Pending,600000,Unsanctioned
MPLADS-039497,Bhagirath Chaudhary,Lok Sabha,Rajasthan,AJMER,,,MASOODA,Mayla,Normal/Others,NA - Construction of boundary walls of existing public and community buildings,DISTRICT COLLECTOR AJMER_IDA,2023-09-28,Action Pending,500000,Unsanctioned
MPLADS-039498,Bhagirath Chaudhary,Lok Sabha,Rajasthan,AJMER,,,BHINAY,Kumhariya,Normal/Others,NA - Construction of public libraries and reading rooms,DISTRICT COLLECTOR AJMER_IDA,2023-09-28,Action Pending,500000,Unsanctioned
MPLADS-039510,Bhagirath Chaudhary,Lok Sabha,Rajasthan,AJMER,Kishangarh,14,,,Normal/Others,NA - Construction of buildings for community cultural activities,DISTRICT COLLECTOR AJMER_IDA,2023-09-28,Action Pending,500000,Unsanctioned
MPLADS-039512,Bhagirath Chaudhary,Lok Sabha,Rajasthan,AJMER,Kishangarh,42,,,Normal/Others,"NA - Construction of Government office buildings (Post office, Police station, Police chauki, etc.)",DISTRICT COLLECTOR AJMER_IDA,2023-09-28,Action Pending,1000000,Unsanctioned
MPLADS-039513,Bhagirath Chaudhary,Lok Sabha,Rajasthan,AJMER,Kishangarh,36,,,Normal/Others,NA - Construction of community centers and community halls,DISTRICT COLLECTOR AJMER_IDA,2023-09-28,Action Pending,1307000,Unsanctioned
MPLADS-039514,Bhagirath Chaudhary,Lok Sabha,Rajasthan,AJMER,nasirabad,0,,,Normal/Others,NA - Construction of community centers and community halls,DISTRICT COLLECTOR AJMER_IDA,2023-09-28,Action Pending,500000,Unsanctioned
MPLADS-039515,Rajyavardhan Singh Rathore,Lok Sabha,Rajasthan,JAIPUR RURAL,,,THANAGAZI,Kolahera,Normal/Others,"NA - Construction of roads, approach roads, link roads and pathways",DISTRICT COLLECTOR ALWAR_IDA,2023-09-28,Action Pending,800000,Unsanctioned
MPLADS-039516,Rajyavardhan Singh Rathore,Lok Sabha,Rajasthan,JAIPUR RURAL,,,BANSUR,Majra Aheer,Normal/Others,"NA - Construction of roads, approach roads, link roads and pathways",DISTRICT COLLECTOR ALWAR_IDA,2023-09-28,Action Pending,700000,Unsanctioned
MPLADS-039517,Rajyavardhan Singh Rathore,Lok Sabha,Rajasthan,JAIPUR RURAL,,,THANAGAZI,Mundawara,Normal/Others,NA - Construction of community centers and community halls,DISTRICT COLLECTOR ALWAR_IDA,2023-09-28,Action Pending,500000,Unsanctioned
MPLADS-039518,Rajyavardhan Singh Rathore,Lok Sabha,Rajasthan,JAIPUR RURAL,,,THANAGAZI,Narayanpur,Normal/Others,NA - Construction of rooms and halls in school and colleges,DISTRICT COLLECTOR ALWAR_IDA,2023-09-28,Action Pending,1000000,Unsanctioned
MPLADS-039519,Rajyavardhan Singh Rathore,Lok Sabha,Rajasthan,JAIPUR RURAL,,,BANSUR,Naya Bas,Normal/Others,NA - Construction of community centers and community halls,DISTRICT COLLECTOR ALWAR_IDA,2023-09-28,Action Pending,700000,Unsanctioned
MPLADS-039520,Shri Subhash Chandra Baheria ,Lok Sabha,Rajasthan,BHILWARA,,,SUWANA,Malola,Trust and Society,WS/MP385/2023-2024/27855 - Construction of additional rooms and halls in the existing public and community building,DISTRICT COLLECTOR BHILWARA_IDA,2023-09-28,Approved by IDA,500000,Ongoing
MPLADS-039521,Rajyavardhan Singh Rathore,Lok Sabha,Rajasthan,JAIPUR RURAL,,,BANSUR,Shahpur,Normal/Others,NA - Construction of boundary walls of existing public and community buildings,DISTRICT COLLECTOR ALWAR_IDA,2023-09-28,Action Pending,700000,Unsanctioned
MPLADS-039522,Gajendra Singh Shekhawat,Lok Sabha,Rajasthan,JODHPUR,,,BHANIYANA,Bhaniyana,Normal/Others,WS/MP723/2023-2024/27858 - Construction of public libraries and reading rooms,DISTRICT COLLECTOR JAISLAMER_IDA,2023-09-28,Approved by IDA,1000000,Unsanctioned
MPLADS-039523,Shri PP Chaudhary ,Lok Sabha,Rajasthan,PALI,,,OSIAN,Baithwasiya,Normal/Others,WS/MP389/2023-2024/27907 - Construction of community centers and community halls,DISTRICT COLLECTOR JODHPUR_IDA,2023-09-28,Approved by IDA,500000,Unsanctioned
MPLADS-039524,Shri PP Chaudhary ,Lok Sabha,Rajasthan,PALI,,,BHOPALGARH,Mindoli,Normal/Others,WS/MP389/2023-2024/27930 - Purchase of furniture and fixtures for educational purposes,DISTRICT COLLECTOR JODHPUR_IDA,2023-09-28,Approved by IDA,500000,Sanctioned
MPLADS-039525,Bhagirath Chaudhary,Lok Sabha,Rajasthan,AJMER,,,Kishangarh SILORA,Naya Gaon,Normal/Others,NA - Installing tube-wells and borewells,DISTRICT COLLECTOR AJMER_IDA,2023-09-28,Action Pending,200000,Unsanctioned
MPLADS-039526,Shri PP Chaudhary ,Lok Sabha,Rajasthan,PALI,,,BHOPALGARH,Rudiya,Normal/Others,WS/MP389/2023-2024/27935 - Purchase of furniture and fixtures for educational purposes,DISTRICT COLLECTOR JODHPUR_IDA,2023-09-28,Approved by IDA,600000,Sanctioned
MPLADS-039529,Bhagirath Chaudhary,Lok Sabha,Rajasthan,AJMER,,,Ajmer Rural,Ganahera,Normal/Others,NA - Purchase of furniture and fixtures for educational purposes,DISTRICT COLLECTOR AJMER_IDA,2023-09-28,Action Pending,200000,Unsanctioned
MPLADS-039530,Bhagirath Chaudhary,Lok Sabha,Rajasthan,AJMER,,,Kishangarh SILORA,Tokra,Normal/Others,"NA - Construction of roads, approach roads, link roads and pathways",DISTRICT COLLECTOR AJMER_IDA,2023-09-28,Action Pending,500000,Unsanctioned
MPLADS-039580,Bhagirath Chaudhary,Lok Sabha,Rajasthan,AJMER,,,Kishangarh SILORA,KARKERI,Normal/Others,NA - Construction of community centers and community halls,DISTRICT COLLECTOR AJMER_IDA,2023-09-28,Action Pending,500000,Unsanctioned
MPLADS-039581,Bhagirath Chaudhary,Lok Sabha,Rajasthan,AJMER,,,Kishangarh SILORA,KARKERI,Normal/Others,NA - Construction of community centers and community halls,DISTRICT COLLECTOR AJMER_IDA,2023-09-28,Action Pending,500000,Unsanctioned
MPLADS-039582,Bhagirath Chaudhary,Lok Sabha,Rajasthan,AJMER,,,Kishangarh SILORA,Rari,Normal/Others,NA - Providing supply pipelines for drinking water,DISTRICT COLLECTOR AJMER_IDA,2023-09-28,Action Pending,300000,Unsanctioned
MPLADS-039583,Bhagirath Chaudhary,Lok Sabha,Rajasthan,AJMER,,,Kishangarh SILORA,Patan,Normal/Others,NA - Construction of rooms and halls in school and colleges,DISTRICT COLLECTOR AJMER_IDA,2023-09-28,Action Pending,600000,Unsanctioned
MPLADS-039584,Bhagirath Chaudhary,Lok Sabha,Rajasthan,AJMER,Kishangarh,32,,,Normal/Others,NA - Construction of rooms and halls in school and colleges,DISTRICT COLLECTOR AJMER_IDA,2023-09-28,Action Pending,600000,Unsanctioned
MPLADS-039661,Bhagirath Chaudhary,Lok Sabha,Rajasthan,AJMER,,,Kishangarh SILORA,Peenglod,Normal/Others,NA - Construction of boundary walls of existing public and community buildings,DISTRICT COLLECTOR AJMER_IDA,2023-09-27,Action Pending,800000,Unsanctioned
MPLADS-039662,Bhagirath Chaudhary,Lok Sabha,Rajasthan,AJMER,,,MAUZAMABAD,Roshanpura @ Baneriya,Normal/Others,NA - Construction of community centers and community halls,DISTRICT COLLECTOR JAIPUR_IDA,2023-09-27,Action Pending,500000,Unsanctioned
MPLADS-039663,Bhagirath Chaudhary,Lok Sabha,Rajasthan,AJMER,,,Kishangarh SILORA,Mohan Pura,Normal/Others,"NA - Construction of roads, approach roads, link roads and pathways",DISTRICT COLLECTOR AJMER_IDA,2023-09-27,Action Pending,500000,Unsanctioned
MPLADS-039664,Bhagirath Chaudhary,Lok Sabha,Rajasthan,AJMER,,,Kishangarh SILORA,Mohan Pura,Normal/Others,"NA - Construction of roads, approach roads, link roads and pathways",DISTRICT COLLECTOR AJMER_IDA,2023-09-27,Action Pending,500000,Unsanctioned
MPLADS-039665,Bhagirath Chaudhary,Lok Sabha,Rajasthan,AJMER,,,MAUZAMABAD,Sanwali,Normal/Others,NA - Construction of community centers and community halls,DISTRICT COLLECTOR JAIPUR_IDA,2023-09-27,Action Pending,500000,Unsanctioned
MPLADS-039666,Bhagirath Chaudhary,Lok Sabha,Rajasthan,AJMER,,,PHAGI,Chakwara,Normal/Others,NA - Construction of community centers and community halls,DISTRICT COLLECTOR JAIPUR_IDA,2023-09-27,Action Pending,500000,Unsanctioned
MPLADS-039667,Bhagirath Chaudhary,Lok Sabha,Rajasthan,AJMER,,,PHAGI,Nathmalpura,Normal/Others,NA - Construction of community centers and community halls,DISTRICT COLLECTOR JAIPUR_IDA,2023-09-27,Action Pending,1000000,Unsanctioned
MPLADS-039668,Bhagirath Chaudhary,Lok Sabha,Rajasthan,AJMER,,,PHAGI,Sirsya,Normal/Others,NA - Construction of community centers and community halls,DISTRICT COLLECTOR JAIPUR_IDA,2023-09-27,Action Pending,500000,Unsanctioned
MPLADS-039669,Bhagirath Chaudhary,Lok Sabha,Rajasthan,AJMER,,,MAUZAMABAD,Gangati Kalan,Normal/Others,NA - Construction of rooms and halls in school and colleges,DISTRICT COLLECTOR JAIPUR_IDA,2023-09-27,Action Pending,600000,Unsanctioned
MPLADS-039670,Bhagirath Chaudhary,Lok Sabha,Rajasthan,AJMER,,,Kishangarh SILORA,Bhadoon,Normal/Others,NA - Construction of boundary walls of existing public and community buildings,DISTRICT COLLECTOR AJMER_IDA,2023-09-27,Action Pending,500000,Unsanctioned
MPLADS-039671,Bhagirath Chaudhary,Lok Sabha,Rajasthan,AJMER,,,MAUZAMABAD,Boraj,Normal/Others,NA - Construction of public libraries and reading rooms,DISTRICT COLLECTOR JAIPUR_IDA,2023-09-27,Action Pending,500000,Unsanctioned
MPLADS-039672,Bhagirath Chaudhary,Lok Sabha,Rajasthan,AJMER,,,ARAIN,Dholpuriya,Normal/Others,NA - Construction of water tanks,DISTRICT COLLECTOR AJMER_IDA,2023-09-27,Action Pending,800000,Unsanctioned
MPLADS-039673,Dushyant Singh,Lok Sabha,Rajasthan,JHALAWAR-BARAN,,,JHALRAPATAN,Gagron,Normal/Others,"NA - Construction of roads, approach roads, link roads and pathways",DISTRICT COLLECTOR JHALAWAR_IDA,2023-09-27,Action Pending,1000000,Unsanctioned
MPLADS-039674,Gajendra Singh Shekhawat,Lok Sabha,Rajasthan,JODHPUR,,,SANKRA,Mawa,Normal/Others,"NA - Construction of roads, approach roads, link roads and pathways",DISTRICT COLLECTOR JAISLAMER_IDA,2023-09-27,Action Pending,700000,Unsanctioned
MPLADS-039675,Dushyant Singh,Lok Sabha,Rajasthan,JHALAWAR-BARAN,,,JHALRAPATAN,Asnawar,Normal/Others,NA - Installing tube-wells and borewells,DISTRICT COLLECTOR JHALAWAR_IDA,2023-09-27,Action Pending,250000,Unsanctioned
MPLADS-039676,Dushyant Singh,Lok Sabha,Rajasthan,JHALAWAR-BARAN,,,JHALRAPATAN,Asnawar,Normal/Others,NA - Installing tube-wells and borewells,DISTRICT COLLECTOR JHALAWAR_IDA,2023-09-27,Action Pending,250000,Unsanctioned
MPLADS-039677,Bhagirath Chaudhary,Lok Sabha,Rajasthan,AJMER,,,MAUZAMABAD,Reti,Normal/Others,NA - Construction of community centers and community halls,DISTRICT COLLECTOR JAIPUR_IDA,2023-09-27,Action Pending,500000,Unsanctioned
MPLADS-039678,Bhagirath Chaudhary,Lok Sabha,Rajasthan,AJMER,Pushkar,0,,,Normal/Others,NA - Construction of community centers and community halls,DISTRICT COLLECTOR AJMER_IDA,2023-09-27,Action Pending,500000,Unsanctioned
MPLADS-039679,Rajyavardhan Singh Rathore,Lok Sabha,Rajasthan,JAIPUR RURAL,,,BANSUR,Hameerpur,Normal/Others,"NA - Construction of roads, approach roads, link roads and pathways",DISTRICT COLLECTOR ALWAR_IDA,2023-09-27,Action Pending,600000,Unsanctioned
MPLADS-039680,Bhagirath Chaudhary,Lok Sabha,Rajasthan,AJMER,,,DUDU,Chhaparwara,Normal/Others,NA - Construction of community centers and community halls,DISTRICT COLLECTOR JAIPUR_IDA,2023-09-27,Action Pending,500000,Unsanctioned
MPLADS-039681,Rajyavardhan Singh Rathore,Lok Sabha,Rajasthan,JAIPUR RURAL,,,BANSUR,Deosan,Normal/Others,"NA - Construction of roads, approach roads, link roads and pathways",DISTRICT COLLECTOR ALWAR_IDA,2023-09-27,Action Pending,700000,Unsanctioned
MPLADS-039682,Rajyavardhan Singh Rathore,Lok Sabha,Rajasthan,JAIPUR RURAL,,,BANSUR,Choola,Normal/Others,NA - Construction of community centers and community halls,DISTRICT COLLECTOR ALWAR_IDA,2023-09-27,Action Pending,600000,Unsanctioned
MPLADS-039683,Rajyavardhan Singh Rathore,Lok Sabha,Rajasthan,JAIPUR RURAL,,,BANSUR,Chheend,Normal/Others,NA - Construction of rooms and halls in school and colleges,DISTRICT COLLECTOR ALWAR_IDA,2023-09-27,Action Pending,700000,Unsanctioned
MPLADS-039684,Rajyavardhan Singh Rathore,Lok Sabha,Rajasthan,JAIPUR RURAL,,,BANSUR,Buteri,Normal/Others,NA - Construction of community centers and community halls,DISTRICT COLLECTOR ALWAR_IDA,2023-09-27,Action Pending,1000000,Unsanctioned
MPLADS-039685,Rajyavardhan Singh Rathore,Lok Sabha,Rajasthan,JAIPUR RURAL,,,BANSUR,Burja,Normal/Others,NA - Construction of community centers and community halls,DISTRICT COLLECTOR ALWAR_IDA,2023-09-27,Action Pending,600000,Unsanctioned
MPLADS-039686,Rajyavardhan Singh Rathore,Lok Sabha,Rajasthan,JAIPUR RURAL,,,BANSUR,Bilali,Normal/Others,NA - Construction of community centers and community halls,DISTRICT COLLECTOR ALWAR_IDA,2023-09-27,Action Pending,700000,Unsanctioned
MPLADS-039687,Rajyavardhan Singh Rathore,Lok Sabha,Rajasthan,JAIPUR RURAL,,,THANAGAZI,Bamanwas Kankar,Normal/Others,"NA - Construction of roads, approach roads, link roads and pathways",DISTRICT COLLECTOR ALWAR_IDA,2023-09-27,Action Pending,700000,Unsanctioned
MPLADS-039688,Rajyavardhan Singh Rathore,Lok Sabha,Rajasthan,JAIPUR RURAL,,,BANSUR,Balawas,Normal/Others,NA - Construction of rooms and halls in school and colleges,DISTRICT COLLECTOR ALWAR_IDA,2023-09-27,Action Pending,515000,Unsanctioned
MPLADS-039689,Bhagirath Chaudhary,Lok Sabha,Rajasthan,AJMER,,,ARAIN,Keriya Kalan,Normal/Others,NA - Providing drains and gutters for public drainage,DISTRICT COLLECTOR AJMER_IDA,2023-09-27,Action Pending,500000,Unsanctioned
MPLADS-039690,Rajyavardhan Singh Rathore,Lok Sabha,Rajasthan,JAIPUR RURAL,,,BANSUR,Baberi,Normal/Others,NA - Construction of community centers and community halls,DISTRICT COLLECTOR ALWAR_IDA,2023-09-27,Action Pending,700000,Unsanctioned
MPLADS-039691,Rajyavardhan Singh Rathore,Lok Sabha,Rajasthan,JAIPUR RURAL,,,BANSUR,Babera,Normal/Others,NA - Construction of community centers and community halls,DISTRICT COLLECTOR ALWAR_IDA,2023-09-27,Action Pending,1000000,Unsanctioned
MPLADS-039692,Rajyavardhan Singh Rathore,Lok Sabha,Rajasthan,JAIPUR RURAL,,,BANSUR,Babariya,Normal/Others,NA - Construction of rooms and halls in school and colleges,DISTRICT COLLECTOR ALWAR_IDA,2023-09-27,Action Pending,700000,Unsanctioned
MPLADS-039693,Bhagirath Chaudhary,Lok Sabha,Rajasthan,AJMER,,,PISANGAN,Rajgarh,Normal/Others,NA - Construction of community centers and community halls,DISTRICT COLLECTOR AJMER_IDA,2023-09-27,Action Pending,1000000,Unsanctioned
MPLADS-039694,Bhagirath Chaudhary,Lok Sabha,Rajasthan,AJMER,,,MAUZAMABAD,Gangati Kalan,Normal/Others,NA - Construction of community centers and community halls,DISTRICT COLLECTOR JAIPUR_IDA,2023-09-27,Action Pending,500000,Unsanctioned
MPLADS-039695,Bhagirath Chaudhary,Lok Sabha,Rajasthan,AJMER,,,MAUZAMABAD,Mangalwara,Normal/Others,NA - Construction of community centers and community halls,DISTRICT COLLECTOR JAIPUR_IDA,2023-09-27,Action Pending,500000,Unsanctioned
MPLADS-039696,Dushyant Singh,Lok Sabha,Rajasthan,JHALAWAR-BARAN,,,JHALRAPATAN,Tandi Sohan Pura,Normal/Others,WS/MP722/2023-2024/27277 - Construction of boundary walls of existing public and community buildings,DISTRICT COLLECTOR JHALAWAR_IDA,2023-09-27,Approved by IDA,500000,Unsanctioned
MPLADS-039697,Dushyant Singh,Lok Sabha,Rajasthan,JHALAWAR-BARAN,,,AKLERA,Bor Kheri Goojran,Normal/Others,"NA - Construction of roads, approach roads, link roads and pathways",DISTRICT COLLECTOR JHALAWAR_IDA,2023-09-27,Action Pending,500000,Unsanctioned
MPLADS-039698,Dushyant Singh,Lok Sabha,Rajasthan,JHALAWAR-BARAN,,,AKLERA,Baskheri Lodhan,Normal/Others,NA - Providing drains and gutters for public drainage,DISTRICT COLLECTOR JHALAWAR_IDA,2023-09-27,Action Pending,500000,Unsanctioned
MPLADS-039699,Dushyant Singh,Lok Sabha,Rajasthan,JHALAWAR-BARAN,,,AKLERA,Gehoon Kheri,Normal/Others,NA - Construction of Rainwater Harvesting Parks –demo projects – subject to only one per municipality,DISTRICT COLLECTOR JHALAWAR_IDA,2023-09-27,Action Pending,500000,Unsanctioned
MPLADS-039717,Dushyant Singh,Lok Sabha,Rajasthan,JHALAWAR-BARAN,,,AKLERA,Naya Pura,Normal/Others,NA - Crematoriums or structures on burial/ cremation ground for public convenience,DISTRICT COLLECTOR JHALAWAR_IDA,2023-09-27,Action Pending,500000,Unsanctioned
MPLADS-039718,Dushyant Singh,Lok Sabha,Rajasthan,JHALAWAR-BARAN,,,JHALRAPATAN,Barodiya,Normal/Others,WS/MP722/2023-2024/27185 - Construction of community centers and community halls,DISTRICT COLLECTOR JHALAWAR_IDA,2023-09-27,Approved by IDA,1000000,Unsanctioned
MPLADS-039719,Dushyant Singh,Lok Sabha,Rajasthan,JHALAWAR-BARAN,,,AKLERA,Turkariya,Normal/Others,NA - Providing drains and gutters for public drainage,DISTRICT COLLECTOR JHALAWAR_IDA,2023-09-27,Action Pending,500000,Unsanctioned
MPLADS-039720,Dushyant Singh,Lok Sabha,Rajasthan,JHALAWAR-BARAN,,,AKLERA,Umariya,Normal/Others,NA - Providing drains and gutters for public drainage,DISTRICT COLLECTOR JHALAWAR_IDA,2023-09-27,Action Pending,500000,Unsanctioned
MPLADS-039721,Dushyant Singh,Lok Sabha,Rajasthan,JHALAWAR-BARAN,,,MANOHARTHANA,Ranwasya,Normal/Others,NA - Construction of Rainwater Harvesting Parks –demo projects – subject to only one per municipality,DISTRICT COLLECTOR JHALAWAR_IDA,2023-09-27,Action Pending,500000,Unsanctioned
MPLADS-039722,Dushyant Singh,Lok Sabha,Rajasthan,JHALAWAR-BARAN,,,MANOHARTHANA,Kolookheri Kalan,Normal/Others,NA - Construction of Rainwater Harvesting Parks –demo projects – subject to only one per municipality,DISTRICT COLLECTOR JHALAWAR_IDA,2023-09-27,Action Pending,500000,Unsanctioned
MPLADS-039723,Dushyant Singh,Lok Sabha,Rajasthan,JHALAWAR-BARAN,,,MANOHARTHANA,Garboliya,Normal/Others,NA - Providing drains and gutters for public drainage,DISTRICT COLLECTOR JHALAWAR_IDA,2023-09-27,Action Pending,500000,Unsanctioned
MPLADS-039724,Dushyant Singh,Lok Sabha,Rajasthan,JHALAWAR-BARAN,,,MANOHARTHANA,Sareri,Normal/Others,NA - Construction of Rainwater Harvesting Parks –demo projects – subject to only one per municipality,DISTRICT COLLECTOR JHALAWAR_IDA,2023-09-27,Action Pending,500000,Unsanctioned
MPLADS-039725,Dushyant Singh,Lok Sabha,Rajasthan,JHALAWAR-BARAN,,,MANOHARTHANA,Pindola,Normal/Others,NA - Construction of community centers and community halls,DISTRICT COLLECTOR JHALAWAR_IDA,2023-09-27,Action Pending,500000,Unsanctioned
MPLADS-039726,Dushyant Singh,Lok Sabha,Rajasthan,JHALAWAR-BARAN,,,AKLERA,Sar Khandiya,Normal/Others,NA - Providing drains and gutters for public drainage,DISTRICT COLLECTOR JHALAWAR_IDA,2023-09-27,Action Pending,500000,Unsanctioned
MPLADS-039727,Dushyant Singh,Lok Sabha,Rajasthan,JHALAWAR-BARAN,,,MANOHARTHANA,Todri Jagannath,Normal/Others,NA - Construction of community centers and community halls,DISTRICT COLLECTOR JHALAWAR_IDA,2023-09-27,Action Pending,500000,Unsanctioned
MPLADS-039728,Dushyant Singh,Lok Sabha,Rajasthan,JHALAWAR-BARAN,,,MANOHARTHANA,Chandipur,Normal/Others,"NA - Construction of roads, approach roads, link roads and pathways",DISTRICT COLLECTOR JHALAWAR_IDA,2023-09-27,Action Pending,500000,Unsanctioned
MPLADS-039729,Dushyant Singh,Lok Sabha,Rajasthan,JHALAWAR-BARAN,,,AKLERA,Kharpa,Normal/Others,NA - Providing drains and gutters for public drainage,DISTRICT COLLECTOR JHALAWAR_IDA,2023-09-27,Action Pending,600000,Unsanctioned
MPLADS-039730,Dushyant Singh,Lok Sabha,Rajasthan,JHALAWAR-BARAN,,,MANOHARTHANA,Khata Kheri,Normal/Others,"NA - Construction of roads, approach roads, link roads and pathways",DISTRICT COLLECTOR JHALAWAR_IDA,2023-09-27,Action Pending,500000,Unsanctioned
MPLADS-039731,Dushyant Singh,Lok Sabha,Rajasthan,JHALAWAR-BARAN,,,MANOHARTHANA,Dangipura,Normal/Others,NA - Construction of community centers and community halls,DISTRICT COLLECTOR JHALAWAR_IDA,2023-09-27,Action Pending,500000,Unsanctioned
MPLADS-039732,Dushyant Singh,Lok Sabha,Rajasthan,JHALAWAR-BARAN,,,AKLERA,Deori Kalan,Normal/Others,"NA - Construction of roads, approach roads, link roads and pathways",DISTRICT COLLECTOR JHALAWAR_IDA,2023-09-27,Action Pending,500000,Unsanctioned
MPLADS-039733,Rajyavardhan Singh Rathore,Lok Sabha,Rajasthan,JAIPUR RURAL,,,THANAGAZI,Garhi,Normal/Others,NA - Construction of rooms and halls in school and colleges,DISTRICT COLLECTOR ALWAR_IDA,2023-09-27,Action Pending,700000,Unsanctioned
MPLADS-039734,Rajyavardhan Singh Rathore,Lok Sabha,Rajasthan,JAIPUR RURAL,,,BANSUR,Holawas,Normal/Others,NA - Construction of community centers and community halls,DISTRICT COLLECTOR ALWAR_IDA,2023-09-27,Action Pending,700000,Unsanctioned
MPLADS-039754,Rajyavardhan Singh Rathore,Lok Sabha,Rajasthan,JAIPUR RURAL,,,BANSUR,Indrada,Normal/Others,"NA - Construction of roads, approach roads, link roads and pathways",DISTRICT COLLECTOR ALWAR_IDA,2023-09-27,Action Pending,700000,Unsanctioned
MPLADS-039786,Rajyavardhan Singh Rathore,Lok Sabha,Rajasthan,JAIPUR RURAL,,,BANSUR,Khohri,Normal/Others,NA - Construction of community centers and community halls,DISTRICT COLLECTOR ALWAR_IDA,2023-09-27,Action Pending,700000,Unsanctioned
MPLADS-039787,Rajyavardhan Singh Rathore,Lok Sabha,Rajasthan,JAIPUR RURAL,,,BANSUR,Khera,Normal/Others,NA - Construction of rooms and halls in school and colleges,DISTRICT COLLECTOR ALWAR_IDA,2023-09-27,Action Pending,700000,Unsanctioned
MPLADS-039788,Rajyavardhan Singh Rathore,Lok Sabha,Rajasthan,JAIPUR RURAL,,,THANAGAZI,Kharkhari Kalan,Normal/Others,NA - Construction of community centers and community halls,DISTRICT COLLECTOR ALWAR_IDA,2023-09-27,Action Pending,600000,Unsanctioned
MPLADS-039789,Rajyavardhan Singh Rathore,Lok Sabha,Rajasthan,JAIPUR RURAL,,,THANAGAZI,Kanpura ( Loj ),Normal/Others,NA - Construction of rooms and halls in school and colleges,DISTRICT COLLECTOR ALWAR_IDA,2023-09-27,Action Pending,500000,Unsanctioned
MPLADS-039916,SHRI Rajendra Gehlot,Rajya Sabha,Rajasthan,Sitting Rajya Sabha,,,AMBER,Kant,Normal/Others,NA - Construction of rooms and halls in school and colleges,DISTRICT COLLECTOR JAIPUR_IDA,2023-09-27,Rejected by IDA,500000,Unsanctioned
MPLADS-039917,SHRI Rajendra Gehlot,Rajya Sabha,Rajasthan,Sitting Rajya Sabha,,,AMBER,Pokharawala @ Anandpura,Normal/Others,NA - Construction of rooms and halls in school and colleges,DISTRICT COLLECTOR JAIPUR_IDA,2023-09-27,Action Pending,500000,Unsanctioned
MPLADS-039940,SHRI Rajendra Gehlot,Rajya Sabha,Rajasthan,Sitting Rajya Sabha,,,AMBER,Jugalpura,Normal/Others,NA - Construction of boundary walls of existing public and community buildings,DISTRICT COLLECTOR JAIPUR_IDA,2023-09-27,Action Pending,500000,Unsanctioned
MPLADS-039941,SHRI Rajendra Gehlot,Rajya Sabha,Rajasthan,Sitting Rajya Sabha,,,AMBER,Kant,Normal/Others,NA - Construction of community centers and community halls,DISTRICT COLLECTOR JAIPUR_IDA,2023-09-27,Rejected by IDA,500000,Unsanctioned
MPLADS-039942,SHRI Rajendra Gehlot,Rajya Sabha,Rajasthan,Sitting Rajya Sabha,,,AMBER,Chhaprari,Normal/Others,NA - Construction of rooms and halls in school and colleges,DISTRICT COLLECTOR JAIPUR_IDA,2023-09-27,Rejected by IDA,600000,Unsanctioned
MPLADS-040187,Gajendra Singh Shekhawat,Lok Sabha,Rajasthan,JODHPUR,,,SEKHALA,Hapasar,Normal/Others,NA - Construction of public libraries and reading rooms,DISTRICT COLLECTOR JODHPUR_IDA,2023-09-26,Action Pending,400000,Unsanctioned
MPLADS-040188,Gajendra Singh Shekhawat,Lok Sabha,Rajasthan,JODHPUR,,,BHANIYANA,Rajmathai,Normal/Others,NA - Construction of public libraries and reading rooms,DISTRICT COLLECTOR JAISLAMER_IDA,2023-09-26,Action Pending,400000,Unsanctioned
MPLADS-040189,Smt Jaskaur Meena ,Lok Sabha,Rajasthan,DAUSA(ST),,,NANGAL RAJAWATAN,Baijwari,Normal/Others,NA - Construction of rooms and halls in school and colleges,DISTRICT COLLECTOR DAUSA_IDA,2023-09-26,Action Pending,800000,Unsanctioned
MPLADS-040190,Gajendra Singh Shekhawat,Lok Sabha,Rajasthan,JODHPUR,,,BHANIYANA,Netasar,Normal/Others,NA - Construction of boundary walls of existing public and community buildings,DISTRICT COLLECTOR JAISLAMER_IDA,2023-09-26,Action Pending,400000,Unsanctioned
MPLADS-040191,Gajendra Singh Shekhawat,Lok Sabha,Rajasthan,JODHPUR,,,Phalsund,Longasar,Normal/Others,NA - Construction of public libraries and reading rooms,DISTRICT COLLECTOR JAISLAMER_IDA,2023-09-26,Action Pending,400000,Unsanctioned
MPLADS-040192,Gajendra Singh Shekhawat,Lok Sabha,Rajasthan,JODHPUR,,,BAP,Ambadkar Nagar,Normal/Others,NA - Construction of community centers and community halls,DISTRICT COLLECTOR JODHPUR_IDA,2023-09-26,Action Pending,500000,Unsanctioned
MPLADS-040193,Shri PP Chaudhary ,Lok Sabha,Rajasthan,PALI,,,ROHAT,Dhabar,Normal/Others,WS/MP389/2023-2024/26899 - Purchase of furniture and fixtures for educational purposes,DISTRICT COLLECTOR PALI_IDA,2023-09-26,Approved by IDA,500000,Unsanctioned
MPLADS-040201,Gajendra Singh Shekhawat,Lok Sabha,Rajasthan,JODHPUR,,,DECHU,Madla Khurd,Normal/Others,NA - Construction of community centers and community halls,DISTRICT COLLECTOR JODHPUR_IDA,2023-09-26,Action Pending,400000,Unsanctioned
MPLADS-040215,Shri Subhash Chandra Baheria ,Lok Sabha,Rajasthan,BHILWARA,,,SUWANA,Gundali,Normal/Others,WS/MP385/2023-2024/26638 - Construction of platforms and passenger sheds at railway stations,DISTRICT COLLECTOR BHILWARA_IDA,2023-09-26,Approved by IDA,200000,Completed
MPLADS-040216,Shri Subhash Chandra Baheria ,Lok Sabha,Rajasthan,BHILWARA,,,BANERA,Khedliya,Normal/Others,NA - Construction of toilet blocks,DISTRICT COLLECTOR BHILWARA_IDA,2023-09-26,Action Pending,150000,Unsanctioned
MPLADS-040233,Smt Jaskaur Meena ,Lok Sabha,Rajasthan,DAUSA(ST),,,BANDIKUI,Mund Ghisya,Normal/Others,WS/MP387/2023-2024/26579 - Construction of boundary walls of existing public and community buildings,DISTRICT COLLECTOR DAUSA_IDA,2023-09-26,Approved by IDA,500000,Unsanctioned
MPLADS-040243,Smt Jaskaur Meena ,Lok Sabha,Rajasthan,DAUSA(ST),,,BAIJUPADA,Baori Khera,Normal/Others,NA - Installing tube-wells and borewells,DISTRICT COLLECTOR DAUSA_IDA,2023-09-26,Action Pending,350000,Unsanctioned
MPLADS-040244,Smt Jaskaur Meena ,Lok Sabha,Rajasthan,DAUSA(ST),,,RAMGARH PACHWARA,Dholawas,Normal/Others,WS/MP387/2023-2024/26576 - Installing community drinking water plants,DISTRICT COLLECTOR DAUSA_IDA,2023-09-26,Approved by IDA,350000,Sanctioned
MPLADS-040245,Smt Jaskaur Meena ,Lok Sabha,Rajasthan,DAUSA(ST),,,SIKANDARA,Garh,Normal/Others,NA - Installing community drinking water plants,DISTRICT COLLECTOR DAUSA_IDA,2023-09-26,Action Pending,350000,Unsanctioned
MPLADS-040246,Smt Jaskaur Meena ,Lok Sabha,Rajasthan,DAUSA(ST),,,SIKRAI,Sikrai,Normal/Others,NA - Installing community drinking water plants,DISTRICT COLLECTOR DAUSA_IDA,2023-09-26,Action Pending,350000,Unsanctioned
MPLADS-040491,SHRI Kirodi Lal,Rajya Sabha,Rajasthan,Sitting Rajya Sabha,,,LALSOT,Kishorpura,Normal/Others,"NA - Construction of roads, approach roads, link roads and pathways",DISTRICT COLLECTOR DAUSA_IDA,2023-09-26,Action Pending,1000000,Unsanctioned
MPLADS-040492,Shri Ghanshyam Tiwari,Rajya Sabha,Rajasthan,Sitting Rajya Sabha,,,PIPRALI,Tarpura,Normal/Others,"NA - Construction of roads, approach roads, link roads and pathways",DISTRICT COLLECTOR SIKAR_IDA,2023-09-26,Action Pending,2000000,Unsanctioned
MPLADS-040493,Shri Ghanshyam Tiwari,Rajya Sabha,Rajasthan,Sitting Rajya Sabha,,,PIPRALI,Dadiya,Normal/Others,"NA - Construction of roads, approach roads, link roads and pathways",DISTRICT COLLECTOR SIKAR_IDA,2023-09-26,Action Pending,2000000,Unsanctioned
MPLADS-040787,SHRI Kirodi Lal,Rajya Sabha,Rajasthan,Sitting Rajya Sabha,,,SIKRAI,Ghoomana,Normal/Others,"NA - Construction of roads, link roads, pathways or any other road with or without drainage system",DISTRICT COLLECTOR DAUSA_IDA,2023-09-25,Action Pending,800000,Unsanctioned
MPLADS-040892,Gajendra Singh Shekhawat,Lok Sabha,Rajasthan,JODHPUR,Pokaran,"Ward No. 2, Municipality Pokaran",,,Normal/Others,WS/MP723/2023-2024/25797 - Construction of community centers and community halls,DISTRICT COLLECTOR JAISLAMER_IDA,2023-09-25,Approved by IDA,500000,Unsanctioned
MPLADS-040899,Gajendra Singh Shekhawat,Lok Sabha,Rajasthan,JODHPUR,,,NACHANA,Nachna,Normal/Others,WS/MP723/2023-2024/25791 - Construction of public libraries and reading rooms,DISTRICT COLLECTOR JAISLAMER_IDA,2023-09-25,Approved by IDA,1000000,Unsanctioned
MPLADS-040900,Gajendra Singh Shekhawat,Lok Sabha,Rajasthan,JODHPUR,,,BHANIYANA,Jhalora Bhatiyan,Normal/Others,WS/MP723/2023-2024/25792 - Construction of public libraries and reading rooms,DISTRICT COLLECTOR JAISLAMER_IDA,2023-09-25,Approved by IDA,500000,Ongoing
MPLADS-040901,Gajendra Singh Shekhawat,Lok Sabha,Rajasthan,JODHPUR,,,SANKRA,Ujla,Normal/Others,WS/MP723/2023-2024/25793 - Construction of community centers and community halls,DISTRICT COLLECTOR JAISLAMER_IDA,2023-09-25,Approved by IDA,800000,Unsanctioned
MPLADS-040903,Gajendra Singh Shekhawat,Lok Sabha,Rajasthan,JODHPUR,,,SANKRA,Barath Ka Gaon,Normal/Others,WS/MP723/2023-2024/25795 - Construction of public libraries and reading rooms,DISTRICT COLLECTOR JAISLAMER_IDA,2023-09-25,Approved by IDA,600000,Unsanctioned
MPLADS-040931,Gajendra Singh Shekhawat,Lok Sabha,Rajasthan,JODHPUR,,,BHANIYANA,Shivnath Singh Nagar,Normal/Others,WS/MP723/2023-2024/25796 - Construction of public libraries and reading rooms,DISTRICT COLLECTOR JAISLAMER_IDA,2023-09-25,Approved by IDA,800000,Unsanctioned
MPLADS-040932,Gajendra Singh Shekhawat,Lok Sabha,Rajasthan,JODHPUR,,,SANKRA,Chacha,Normal/Others,WS/MP723/2023-2024/25794 - Construction of public libraries and reading rooms,DISTRICT COLLECTOR JAISLAMER_IDA,2023-09-25,Approved by IDA,600000,Sanctioned
MPLADS-040933,Gajendra Singh Shekhawat,Lok Sabha,Rajasthan,JODHPUR,,,BHANIYANA,Raisinghpura,Normal/Others,WS/MP723/2023-2024/25798 - Construction of public libraries and reading rooms,DISTRICT COLLECTOR JAISLAMER_IDA,2023-09-25,Approved by IDA,700000,Unsanctioned
MPLADS-040934,Gajendra Singh Shekhawat,Lok Sabha,Rajasthan,JODHPUR,Pokaran,"Ward No. 1, Municipality Pokaran",,,Trust and Society,WS/MP723/2023-2024/26067 - Construction of additional rooms and halls in the existing public and community building,DISTRICT COLLECTOR JAISLAMER_IDA,2023-09-25,Approved by IDA,1700000,Ongoing
MPLADS-040935,Gajendra Singh Shekhawat,Lok Sabha,Rajasthan,JODHPUR,Jodhpur-South,"Ward No. 78, MCJ-South, Jodhpur",,,Normal/Others,NA - Construction of public libraries and reading rooms,DISTRICT COLLECTOR JODHPUR_IDA,2023-09-25,Action Pending,500000,Unsanctioned
MPLADS-040960,Gajendra Singh Shekhawat,Lok Sabha,Rajasthan,JODHPUR,,,SANKRA,Veeramdeora,Normal/Others,WS/MP723/2023-2024/25799 - Construction of community centers and community halls,DISTRICT COLLECTOR JAISLAMER_IDA,2023-09-25,Approved by IDA,800000,Unsanctioned
MPLADS-040961,Gajendra Singh Shekhawat,Lok Sabha,Rajasthan,JODHPUR,Pokaran,"Ward No. 2, Municipality Pokaran",,,Normal/Others,WS/MP723/2023-2024/26119 - Construction of community centers and community halls,DISTRICT COLLECTOR JAISLAMER_IDA,2023-09-25,Approved by IDA,800000,Unsanctioned
MPLADS-040962,Bhagirath Chaudhary,Lok Sabha,Rajasthan,AJMER,,,PISANGAN,Peesangan,Normal/Others,NA - Construction of shelters for animals,DISTRICT COLLECTOR AJMER_IDA,2023-09-25,Action Pending,500000,Unsanctioned
MPLADS-040963,Gajendra Singh Shekhawat,Lok Sabha,Rajasthan,JODHPUR,,,SEKHALA,Shekhala,Normal/Others,NA - Installing community drinking water plants,DISTRICT COLLECTOR JODHPUR_IDA,2023-09-25,Action Pending,750000,Unsanctioned
MPLADS-040964,Gajendra Singh Shekhawat,Lok Sabha,Rajasthan,JODHPUR,,,LUNI,Sangariya (CT),Normal/Others,NA - Construction of rooms and halls in school and colleges,DISTRICT COLLECTOR JODHPUR_IDA,2023-09-25,Action Pending,700000,Unsanctioned
MPLADS-040965,Gajendra Singh Shekhawat,Lok Sabha,Rajasthan,JODHPUR,,,BAPINI,Sanwata,Normal/Others,NA - Construction of boundary walls of existing public and community buildings,DISTRICT COLLECTOR JODHPUR_IDA,2023-09-25,Action Pending,500000,Unsanctioned
MPLADS-040966,Gajendra Singh Shekhawat,Lok Sabha,Rajasthan,JODHPUR,,,Luni,Kagnada,Normal/Others,NA - Construction of public libraries and reading rooms,DISTRICT COLLECTOR JODHPUR RURAL_IDA,2023-09-25,Action Pending,500000,Unsanctioned
MPLADS-040972,Gajendra Singh Shekhawat,Lok Sabha,Rajasthan,JODHPUR,,,DECHU,Govindpura,Normal/Others,NA - Construction of public libraries and reading rooms,DISTRICT COLLECTOR JODHPUR_IDA,2023-09-25,Action Pending,400000,Unsanctioned
MPLADS-040973,Gajendra Singh Shekhawat,Lok Sabha,Rajasthan,JODHPUR,,,SHERGARH,Deorajgarh,Normal/Others,WS/MP723/2023-2024/25804 - Purchase of furniture and fixtures for educational purposes,DISTRICT COLLECTOR JODHPUR_IDA,2023-09-25,Approved by IDA,350000,Unsanctioned
MPLADS-040974,Gajendra Singh Shekhawat,Lok Sabha,Rajasthan,JODHPUR,,,BAP,Khidrat,Normal/Others,WS/MP723/2023-2024/25806 - Construction of boundary walls of existing public and community buildings,DISTRICT COLLECTOR JODHPUR_IDA,2023-09-25,Approved by IDA,500000,Completed
MPLADS-040975,Gajendra Singh Shekhawat,Lok Sabha,Rajasthan,JODHPUR,,,SHERGARH,Bhoongra,Normal/Others,WS/MP723/2023-2024/25805 - Construction of rooms and halls in school and colleges,DISTRICT COLLECTOR JODHPUR_IDA,2023-09-25,Approved by IDA,600000,Unsanctioned
MPLADS-040976,Gajendra Singh Shekhawat,Lok Sabha,Rajasthan,JODHPUR,,,BAP,Dholiya,Normal/Others,NA - Construction of rooms and halls in school and colleges,DISTRICT COLLECTOR JODHPUR_IDA,2023-09-25,Action Pending,600000,Unsanctioned
MPLADS-040977,Gajendra Singh Shekhawat,Lok Sabha,Rajasthan,JODHPUR,,,DECHU,Sagra,Normal/Others,NA - Setting up of laboratories,DISTRICT COLLECTOR JODHPUR_IDA,2023-09-25,Action Pending,76000,Unsanctioned
MPLADS-040978,Gajendra Singh Shekhawat,Lok Sabha,Rajasthan,JODHPUR,Jodhpur-North,"Ward No. 80, MCJ-North, Jodhpur",,,Normal/Others,NA - Construction of rooms and halls in school and colleges,DISTRICT COLLECTOR JODHPUR_IDA,2023-09-25,Action Pending,1000000,Unsanctioned
MPLADS-040979,Gajendra Singh Shekhawat,Lok Sabha,Rajasthan,JODHPUR,,,CHAMU,Ranjeet Nagar,Normal/Others,WS/MP723/2023-2024/25811 - Construction of rooms and halls in school and colleges,DISTRICT COLLECTOR JODHPUR_IDA,2023-09-25,Approved by IDA,600000,Unsanctioned
MPLADS-040980,Gajendra Singh Shekhawat,Lok Sabha,Rajasthan,JODHPUR,,,SHERGARH,Genangarh,Normal/Others,WS/MP723/2023-2024/25812 - Construction of public libraries and reading rooms,DISTRICT COLLECTOR JODHPUR_IDA,2023-09-25,Approved by IDA,600000,Unsanctioned
MPLADS-040981,Gajendra Singh Shekhawat,Lok Sabha,Rajasthan,JODHPUR,,,Phalodi,Banswara Nagar,Normal/Others,"NA - Construction of roads, link roads, pathways or any other road with or without drainage system",DISTRICT COLLECTOR PHALODI_IDA,2023-09-25,Action Pending,500000,Unsanctioned
MPLADS-040982,Gajendra Singh Shekhawat,Lok Sabha,Rajasthan,JODHPUR,,,BAPINI,Matora,Normal/Others,NA - Construction of rooms and halls in school and colleges,DISTRICT COLLECTOR JODHPUR_IDA,2023-09-25,Action Pending,600000,Unsanctioned
MPLADS-040983,Gajendra Singh Shekhawat,Lok Sabha,Rajasthan,JODHPUR,,,CHAMU,Ranji Sagar,Normal/Others,NA - Construction of boundary walls of existing public and community buildings,DISTRICT COLLECTOR JODHPUR_IDA,2023-09-25,Action Pending,300000,Unsanctioned
MPLADS-040984,Gajendra Singh Shekhawat,Lok Sabha,Rajasthan,JODHPUR,,,DECHU,Khera Bagoriya,Normal/Others,NA - Construction of community centers and community halls,DISTRICT COLLECTOR JODHPUR_IDA,2023-09-25,Action Pending,1000000,Unsanctioned
MPLADS-041081,Gajendra Singh Shekhawat,Lok Sabha,Rajasthan,JODHPUR,,,BHANIYANA,Bhurajgarh,Normal/Others,WS/MP723/2023-2024/25778 - Construction of public libraries and reading rooms,DISTRICT COLLECTOR JAISLAMER_IDA,2023-09-24,Approved by IDA,400000,Unsanctioned
MPLADS-041116,Gajendra Singh Shekhawat,Lok Sabha,Rajasthan,JODHPUR,,,BHANIYANA,Bhekhorai Jooni,Normal/Others,WS/MP723/2023-2024/25761 - Construction of public libraries and reading rooms,DISTRICT COLLECTOR JAISLAMER_IDA,2023-09-24,Approved by IDA,400000,Unsanctioned
MPLADS-041117,Gajendra Singh Shekhawat,Lok Sabha,Rajasthan,JODHPUR,,,SANKRA,Jaimalan,Normal/Others,WS/MP723/2023-2024/25760 - Construction of public libraries and reading rooms,DISTRICT COLLECTOR JAISLAMER_IDA,2023-09-24,Approved by IDA,400000,Ongoing
MPLADS-041118,Gajendra Singh Shekhawat,Lok Sabha,Rajasthan,JODHPUR,,,SANKRA,Jaimalan,Normal/Others,WS/MP723/2023-2024/25759 - Construction of public libraries and reading rooms,DISTRICT COLLECTOR JAISLAMER_IDA,2023-09-24,Approved by IDA,400000,Ongoing
MPLADS-041119,Gajendra Singh Shekhawat,Lok Sabha,Rajasthan,JODHPUR,,,SANKRA,Madwa,Normal/Others,WS/MP723/2023-2024/25758 - Construction of public libraries and reading rooms,DISTRICT COLLECTOR JAISLAMER_IDA,2023-09-24,Approved by IDA,400000,Unsanctioned
MPLADS-041120,Gajendra Singh Shekhawat,Lok Sabha,Rajasthan,JODHPUR,,,BHANIYANA,Bhekhorai Jooni,Normal/Others,WS/MP723/2023-2024/25757 - Construction of public libraries and reading rooms,DISTRICT COLLECTOR JAISLAMER_IDA,2023-09-24,Approved by IDA,500000,Unsanctioned
MPLADS-041121,Bhagirath Chaudhary,Lok Sabha,Rajasthan,AJMER,,,PHAGI,Phagi,Normal/Others,NA - Construction of community centers and community halls,DISTRICT COLLECTOR JAIPUR_IDA,2023-09-24,Action Pending,500000,Unsanctioned
MPLADS-041122,Bhagirath Chaudhary,Lok Sabha,Rajasthan,AJMER,,,Ajmer Rural,Saradhana,Normal/Others,NA - Construction of bus-sheds or bus-stops,DISTRICT COLLECTOR AJMER_IDA,2023-09-24,Action Pending,500000,Unsanctioned
MPLADS-041123,Gajendra Singh Shekhawat,Lok Sabha,Rajasthan,JODHPUR,,,NACHANA,Akal Ka Tala,Normal/Others,"WS/MP723/2023-2024/25779 - Construction of roads, link roads, pathways or any other road with or without drainage system",DISTRICT COLLECTOR JAISLAMER_IDA,2023-09-24,Approved by IDA,400000,Ongoing
MPLADS-041124,Gajendra Singh Shekhawat,Lok Sabha,Rajasthan,JODHPUR,,,BHANIYANA,Doodhiya,Normal/Others,WS/MP723/2023-2024/25780 - Construction of public libraries and reading rooms,DISTRICT COLLECTOR JAISLAMER_IDA,2023-09-24,Approved by IDA,400000,Unsanctioned
MPLADS-041127,Gajendra Singh Shekhawat,Lok Sabha,Rajasthan,JODHPUR,,,NACHANA,Akal Ka Tala,Normal/Others,"WS/MP723/2023-2024/25781 - Construction of roads, link roads, pathways or any other road with or without drainage system",DISTRICT COLLECTOR JAISLAMER_IDA,2023-09-24,Approved by IDA,400000,Ongoing
MPLADS-041128,Gajendra Singh Shekhawat,Lok Sabha,Rajasthan,JODHPUR,,,BHANIYANA,Gundala,Normal/Others,WS/MP723/2023-2024/25782 - Construction of public libraries and reading rooms,DISTRICT COLLECTOR JAISLAMER_IDA,2023-09-24,Approved by IDA,400000,Sanctioned
MPLADS-041129,Gajendra Singh Shekhawat,Lok Sabha,Rajasthan,JODHPUR,,,BHANIYANA,Bonada,Normal/Others,WS/MP723/2023-2024/25783 - Construction of public libraries and reading rooms,DISTRICT COLLECTOR JAISLAMER_IDA,2023-09-24,Approved by IDA,400000,Unsanctioned
MPLADS-041130,Gajendra Singh Shekhawat,Lok Sabha,Rajasthan,JODHPUR,,,NACHANA,Madasar,Normal/Others,"WS/MP723/2023-2024/25784 - Construction of roads, link roads, pathways or any other road with or without drainage system",DISTRICT COLLECTOR JAISLAMER_IDA,2023-09-24,Approved by IDA,500000,Ongoing
MPLADS-041131,Gajendra Singh Shekhawat,Lok Sabha,Rajasthan,JODHPUR,,,SANKRA,Chok,Normal/Others,WS/MP723/2023-2024/25785 - Construction of community centers and community halls,DISTRICT COLLECTOR JAISLAMER_IDA,2023-09-24,Approved by IDA,500000,Unsanctioned
MPLADS-041132,Gajendra Singh Shekhawat,Lok Sabha,Rajasthan,JODHPUR,,,SANKRA,Sankra,Normal/Others,WS/MP723/2023-2024/25786 - Purchase of sports equipment,DISTRICT COLLECTOR JAISLAMER_IDA,2023-09-24,Approved by IDA,700000,Unsanctioned
MPLADS-041133,Gajendra Singh Shekhawat,Lok Sabha,Rajasthan,JODHPUR,,,BHANIYANA,Bhainsara,Normal/Others,WS/MP723/2023-2024/25787 - Construction of rooms and halls in school and colleges,DISTRICT COLLECTOR JAISLAMER_IDA,2023-09-24,Approved by IDA,600000,Unsanctioned
MPLADS-041134,Gajendra Singh Shekhawat,Lok Sabha,Rajasthan,JODHPUR,,,NACHANA,Away,Normal/Others,WS/MP723/2023-2024/25788 - Construction of public toilets and bathrooms,DISTRICT COLLECTOR JAISLAMER_IDA,2023-09-24,Approved by IDA,200000,Unsanctioned
MPLADS-041135,Gajendra Singh Shekhawat,Lok Sabha,Rajasthan,JODHPUR,,,NACHANA,Ajasar,Normal/Others,WS/MP723/2023-2024/25789 - Construction of rooms and halls in school and colleges,DISTRICT COLLECTOR JAISLAMER_IDA,2023-09-24,Approved by IDA,600000,Unsanctioned
MPLADS-041136,Gajendra Singh Shekhawat,Lok Sabha,Rajasthan,JODHPUR,Pokaran,Ward No. 1 Municipality Pokaran,,,Normal/Others,WS/MP723/2023-2024/25790 - Purchase of furniture and fixtures for educational purposes,DISTRICT COLLECTOR JAISLAMER_IDA,2023-09-24,Approved by IDA,300000,Unsanctioned
MPLADS-041161,Gajendra Singh Shekhawat,Lok Sabha,Rajasthan,JODHPUR,,,BHANIYANA,Bonada,Normal/Others,WS/MP723/2023-2024/25777 - Construction of public libraries and reading rooms,DISTRICT COLLECTOR JAISLAMER_IDA,2023-09-24,Approved by IDA,400000,Unsanctioned
MPLADS-041197,Narendra Kumar,Lok Sabha,Rajasthan,JHUNJHUNU,,,ALSISAR,Tamkor,Normal/Others,"NA - Construction of roads, approach roads, link roads and pathways",DISTRICT COLLECTOR JHUNJHUNU_IDA,2023-09-23,Action Pending,400000,Unsanctioned
MPLADS-041198,Narendra Kumar,Lok Sabha,Rajasthan,JHUNJHUNU,,,ALSISAR,Tamkor,Normal/Others,"NA - Construction of roads, approach roads, link roads and pathways",DISTRICT COLLECTOR JHUNJHUNU_IDA,2023-09-23,Action Pending,350000,Unsanctioned
MPLADS-041199,Narendra Kumar,Lok Sabha,Rajasthan,JHUNJHUNU,,,ALSISAR,Tamkor,Normal/Others,"NA - Construction of roads, approach roads, link roads and pathways",DISTRICT COLLECTOR JHUNJHUNU_IDA,2023-09-23,Action Pending,550000,Unsanctioned
MPLADS-041200,Narendra Kumar,Lok Sabha,Rajasthan,JHUNJHUNU,Mandawa,14,,,Normal/Others,NA - Construction of shelters for animals,DISTRICT COLLECTOR JHUNJHUNU_IDA,2023-09-23,Action Pending,1000000,Unsanctioned
MPLADS-041208,Nihal Chand Chauhan,Lok Sabha,Rajasthan,GANGANAGAR(SC),,,SADULSHAHAR,9 Tkw,Normal/Others,NA - Construction of public libraries and reading rooms,DISTRICT COLLECTOR SRIGANGANAGAR_IDA,2023-09-23,Action Pending,800000,Unsanctioned
MPLADS-041209,Nihal Chand Chauhan,Lok Sabha,Rajasthan,GANGANAGAR(SC),,,GANGANAGAR,2 P,Normal/Others,NA - Construction of shelters for animals,DISTRICT COLLECTOR SRIGANGANAGAR_IDA,2023-09-23,Action Pending,500000,Unsanctioned
MPLADS-041210,Nihal Chand Chauhan,Lok Sabha,Rajasthan,GANGANAGAR(SC),,,KARANPUR,46 F (RURAL),Normal/Others,NA - Construction of rooms and halls in school and colleges,DISTRICT COLLECTOR SRIGANGANAGAR_IDA,2023-09-23,Action Pending,700000,Unsanctioned
MPLADS-041211,Nihal Chand Chauhan,Lok Sabha,Rajasthan,GANGANAGAR(SC),,,GANGANAGAR,5e (RURAL),Normal/Others,NA - Construction of rooms and halls in school and colleges,DISTRICT COLLECTOR SRIGANGANAGAR_IDA,2023-09-23,Action Pending,1000000,Unsanctioned
MPLADS-041212,Nihal Chand Chauhan,Lok Sabha,Rajasthan,GANGANAGAR(SC),,,KARANPUR,2 W,Normal/Others,NA - Crematoriums or structures on burial/ cremation ground for public convenience,DISTRICT COLLECTOR SRIGANGANAGAR_IDA,2023-09-23,Action Pending,1000000,Unsanctioned
MPLADS-041213,Narendra Kumar,Lok Sabha,Rajasthan,JHUNJHUNU,Ramgarh,5,,,Normal/Others,NA - Construction of common work sheds/ common covered sitting area,DISTRICT COLLECTOR SIKAR_IDA,2023-09-23,Action Pending,400000,Unsanctioned
MPLADS-041214,Narendra Kumar,Lok Sabha,Rajasthan,JHUNJHUNU,,,ALSISAR,Alsisar,Normal/Others,"NA - Construction of roads, approach roads, link roads and pathways",DISTRICT COLLECTOR JHUNJHUNU_IDA,2023-09-23,Action Pending,700000,Unsanctioned
MPLADS-041215,Narendra Kumar,Lok Sabha,Rajasthan,JHUNJHUNU,,,ALSISAR,Churela,Normal/Others,NA - Common work sheds for artisans,DISTRICT COLLECTOR JHUNJHUNU_IDA,2023-09-23,Action Pending,250000,Unsanctioned
MPLADS-041216,Narendra Kumar,Lok Sabha,Rajasthan,JHUNJHUNU,,,ALSISAR,Alsisar,Normal/Others,"NA - Construction of roads, approach roads, link roads and pathways",DISTRICT COLLECTOR JHUNJHUNU_IDA,2023-09-23,Action Pending,550000,Unsanctioned
MPLADS-041217,Narendra Kumar,Lok Sabha,Rajasthan,JHUNJHUNU,,,MANDAWA,Shekhsar,Normal/Others,"NA - Construction of roads, approach roads, link roads and pathways",DISTRICT COLLECTOR JHUNJHUNU_IDA,2023-09-23,Action Pending,500000,Unsanctioned
MPLADS-041218,Narendra Kumar,Lok Sabha,Rajasthan,JHUNJHUNU,,,ALSISAR,Beedasar,Normal/Others,NA - Establishing public ground water recharging facilities,DISTRICT COLLECTOR JHUNJHUNU_IDA,2023-09-23,Action Pending,500000,Unsanctioned
MPLADS-041219,Narendra Kumar,Lok Sabha,Rajasthan,JHUNJHUNU,,,ALSISAR,Kaliyasar,Normal/Others,"NA - Construction of roads, approach roads, link roads and pathways",DISTRICT COLLECTOR JHUNJHUNU_IDA,2023-09-23,Action Pending,250000,Unsanctioned
MPLADS-041220,Narendra Kumar,Lok Sabha,Rajasthan,JHUNJHUNU,,,MANDAWA,Seegri,Normal/Others,NA - Construction of boundary walls of existing public and community buildings,DISTRICT COLLECTOR JHUNJHUNU_IDA,2023-09-23,Action Pending,250000,Unsanctioned
MPLADS-041221,Narendra Kumar,Lok Sabha,Rajasthan,JHUNJHUNU,,,ALSISAR,Lootoo,Normal/Others,"NA - Construction of roads, approach roads, link roads and pathways",DISTRICT COLLECTOR JHUNJHUNU_IDA,2023-09-23,Action Pending,1000000,Unsanctioned
MPLADS-041222,Narendra Kumar,Lok Sabha,Rajasthan,JHUNJHUNU,,,ALSISAR,Dhanuri,Normal/Others,"NA - Construction of roads, approach roads, link roads and pathways",DISTRICT COLLECTOR JHUNJHUNU_IDA,2023-09-23,Action Pending,1250000,Unsanctioned
MPLADS-041223,Narendra Kumar,Lok Sabha,Rajasthan,JHUNJHUNU,,,SINGHANA,Singhana,Normal/Others,NA - Construction of boundary walls of existing public and community buildings,DISTRICT COLLECTOR JHUNJHUNU_IDA,2023-09-23,Action Pending,500000,Unsanctioned
MPLADS-041224,Narendra Kumar,Lok Sabha,Rajasthan,JHUNJHUNU,,,ALSISAR,Chimanpura,Normal/Others,NA - Construction of boundary walls of existing public and community buildings,DISTRICT COLLECTOR JHUNJHUNU_IDA,2023-09-23,Action Pending,500000,Unsanctioned
MPLADS-041225,Narendra Kumar,Lok Sabha,Rajasthan,JHUNJHUNU,,,ALSISAR,Churela,Normal/Others,"NA - Construction of roads, approach roads, link roads and pathways",DISTRICT COLLECTOR JHUNJHUNU_IDA,2023-09-23,Action Pending,400000,Unsanctioned
MPLADS-041226,Narendra Kumar,Lok Sabha,Rajasthan,JHUNJHUNU,,,ALSISAR,Jaitpura,Normal/Others,"NA - Construction of roads, approach roads, link roads and pathways",DISTRICT COLLECTOR JHUNJHUNU_IDA,2023-09-23,Action Pending,550000,Unsanctioned
MPLADS-041227,Narendra Kumar,Lok Sabha,Rajasthan,JHUNJHUNU,,,UDAIPURWATI,Dhamora,Normal/Others,"NA - Construction of roads, approach roads, link roads and pathways",DISTRICT COLLECTOR JHUNJHUNU_IDA,2023-09-23,Action Pending,500000,Unsanctioned
MPLADS-041228,Narendra Kumar,Lok Sabha,Rajasthan,JHUNJHUNU,,,ALSISAR,Alsisar,Normal/Others,NA - Common work sheds for artisans,DISTRICT COLLECTOR JHUNJHUNU_IDA,2023-09-23,Action Pending,200000,Unsanctioned
MPLADS-041649,Narendra Kumar,Lok Sabha,Rajasthan,JHUNJHUNU,,,ALSISAR,Charanwasi,Normal/Others,NA - Construction of additional rooms and halls in the existing public and community building,DISTRICT COLLECTOR JHUNJHUNU_IDA,2023-09-22,Action Pending,1000000,Unsanctioned
MPLADS-041650,Narendra Kumar,Lok Sabha,Rajasthan,JHUNJHUNU,,,MANDAWA,Wahidpura,Normal/Others,NA - Establishing public ground water recharging facilities,DISTRICT COLLECTOR JHUNJHUNU_IDA,2023-09-22,Action Pending,100000,Unsanctioned
MPLADS-041651,Narendra Kumar,Lok Sabha,Rajasthan,JHUNJHUNU,,,MANDAWA,Mahansar,Normal/Others,"NA - Construction of roads, approach roads, link roads and pathways",DISTRICT COLLECTOR JHUNJHUNU_IDA,2023-09-22,Action Pending,500000,Unsanctioned
MPLADS-041652,Narendra Kumar,Lok Sabha,Rajasthan,JHUNJHUNU,,,MANDAWA,Kumas,Normal/Others,"NA - Construction of roads, approach roads, link roads and pathways",DISTRICT COLLECTOR JHUNJHUNU_IDA,2023-09-22,Action Pending,800000,Unsanctioned
MPLADS-041653,Narendra Kumar,Lok Sabha,Rajasthan,JHUNJHUNU,,,ALSISAR,Churela,Normal/Others,"NA - Construction of roads, approach roads, link roads and pathways",DISTRICT COLLECTOR JHUNJHUNU_IDA,2023-09-22,Action Pending,700000,Unsanctioned
MPLADS-041654,Narendra Kumar,Lok Sabha,Rajasthan,JHUNJHUNU,,,ALSISAR,Chainpura,Normal/Others,"NA - Construction of roads, approach roads, link roads and pathways",DISTRICT COLLECTOR JHUNJHUNU_IDA,2023-09-22,Action Pending,400000,Unsanctioned
MPLADS-041655,Narendra Kumar,Lok Sabha,Rajasthan,JHUNJHUNU,,,MANDAWA,Chandrapura,Normal/Others,"NA - Construction of roads, approach roads, link roads and pathways",DISTRICT COLLECTOR JHUNJHUNU_IDA,2023-09-22,Action Pending,250000,Unsanctioned
MPLADS-041656,Narendra Kumar,Lok Sabha,Rajasthan,JHUNJHUNU,,,ALSISAR,Moga,Normal/Others,"NA - Construction of roads, approach roads, link roads and pathways",DISTRICT COLLECTOR JHUNJHUNU_IDA,2023-09-22,Action Pending,600000,Unsanctioned
MPLADS-041657,Narendra Kumar,Lok Sabha,Rajasthan,JHUNJHUNU,,,ALSISAR,Sonasar,Normal/Others,"NA - Construction of roads, approach roads, link roads and pathways",DISTRICT COLLECTOR JHUNJHUNU_IDA,2023-09-22,Action Pending,550000,Unsanctioned
MPLADS-041658,Narendra Kumar,Lok Sabha,Rajasthan,JHUNJHUNU,,,MANDAWA,Kolali,Normal/Others,NA - Construction of additional rooms and halls in the existing public and community building,DISTRICT COLLECTOR JHUNJHUNU_IDA,2023-09-22,Action Pending,1000000,Unsanctioned
MPLADS-041659,Narendra Kumar,Lok Sabha,Rajasthan,JHUNJHUNU,,,MANDAWA,Bhojasar,Normal/Others,NA - Construction of boundary walls of existing public and community buildings,DISTRICT COLLECTOR JHUNJHUNU_IDA,2023-09-22,Action Pending,500000,Unsanctioned
MPLADS-041660,Narendra Kumar,Lok Sabha,Rajasthan,JHUNJHUNU,,,MANDAWA,Bhojasar,Normal/Others,"NA - Construction of roads, approach roads, link roads and pathways",DISTRICT COLLECTOR JHUNJHUNU_IDA,2023-09-22,Action Pending,450000,Unsanctioned
MPLADS-041661,Narendra Kumar,Lok Sabha,Rajasthan,JHUNJHUNU,,,NAWALGARH,Kari,Normal/Others,NA - Construction of additional rooms and halls in the existing public and community building,DISTRICT COLLECTOR JHUNJHUNU_IDA,2023-09-22,Action Pending,250000,Unsanctioned
MPLADS-041662,Narendra Kumar,Lok Sabha,Rajasthan,JHUNJHUNU,,,MANDAWA,Nooan (CT),Normal/Others,"NA - Construction of roads, approach roads, link roads and pathways",DISTRICT COLLECTOR JHUNJHUNU_IDA,2023-09-22,Action Pending,300000,Unsanctioned
MPLADS-041673,Narendra Kumar,Lok Sabha,Rajasthan,JHUNJHUNU,,,ALSISAR,Kharkhari,Normal/Others,NA - Construction of additional rooms and halls in the existing public and community building,DISTRICT COLLECTOR JHUNJHUNU_IDA,2023-09-22,Action Pending,1000000,Unsanctioned
MPLADS-041674,Narendra Kumar,Lok Sabha,Rajasthan,JHUNJHUNU,,,ALSISAR,Ladusar,Normal/Others,"NA - Construction of roads, approach roads, link roads and pathways",DISTRICT COLLECTOR JHUNJHUNU_IDA,2023-09-22,Action Pending,1000000,Unsanctioned
MPLADS-041676,Narendra Kumar,Lok Sabha,Rajasthan,JHUNJHUNU,,,ALSISAR,Gangiyasar,Normal/Others,"NA - Construction of roads, approach roads, link roads and pathways",DISTRICT COLLECTOR JHUNJHUNU_IDA,2023-09-22,Action Pending,600000,Unsanctioned
MPLADS-041685,Bhagirath Chaudhary,Lok Sabha,Rajasthan,AJMER,,,Ajmer Rural,Naharpura,Normal/Others,NA - Construction of community centers and community halls,DISTRICT COLLECTOR AJMER_IDA,2023-09-22,Action Pending,500000,Unsanctioned
MPLADS-041686,Smt Kumari Diya ,Lok Sabha,Rajasthan,RAJSAMAND,Merta City,07,,,Normal/Others,NA - Construction of public libraries and reading rooms,DISTRICT COLLECTOR NAGAUR_IDA,2023-09-22,Action Pending,800000,Unsanctioned
MPLADS-041687,Smt Kumari Diya ,Lok Sabha,Rajasthan,RAJSAMAND,Merta City,22,,,Normal/Others,NA - Construction of public libraries and reading rooms,DISTRICT COLLECTOR NAGAUR_IDA,2023-09-22,Action Pending,1000000,Unsanctioned
MPLADS-041688,Smt Kumari Diya ,Lok Sabha,Rajasthan,RAJSAMAND,Merta City,39,,,Normal/Others,NA - Construction of additional rooms and halls in the existing public and community building,DISTRICT COLLECTOR NAGAUR_IDA,2023-09-22,Action Pending,1000000,Unsanctioned
MPLADS-041689,Smt Kumari Diya ,Lok Sabha,Rajasthan,RAJSAMAND,,,JAWAJA,Gohana,Normal/Others,NA - Crematoriums or structures on burial/ cremation ground for public convenience,DISTRICT COLLECTOR AJMER_IDA,2023-09-22,Action Pending,500000,Unsanctioned
MPLADS-041690,Smt Kumari Diya ,Lok Sabha,Rajasthan,RAJSAMAND,,,JAWAJA,Senspura,Normal/Others,NA - Construction of rooms and halls in school and colleges,DISTRICT COLLECTOR AJMER_IDA,2023-09-22,Action Pending,500000,Unsanctioned
MPLADS-041691,Smt Kumari Diya ,Lok Sabha,Rajasthan,RAJSAMAND,,,JAWAJA,Sargaon,Normal/Others,NA - Construction of rooms and halls in school and colleges,DISTRICT COLLECTOR AJMER_IDA,2023-09-22,Action Pending,500000,Unsanctioned
MPLADS-041692,Smt Kumari Diya ,Lok Sabha,Rajasthan,RAJSAMAND,,,JAWAJA,Noondri Maldeo (Rural),Normal/Others,NA - Construction of rooms and halls in school and colleges,DISTRICT COLLECTOR AJMER_IDA,2023-09-22,Action Pending,500000,Unsanctioned
MPLADS-041693,Smt Kumari Diya ,Lok Sabha,Rajasthan,RAJSAMAND,,,JAWAJA,Durgawas,Normal/Others,"NA - Construction of roads, approach roads, link roads and pathways",DISTRICT COLLECTOR AJMER_IDA,2023-09-22,Action Pending,1000000,Unsanctioned
MPLADS-041694,Smt Kumari Diya ,Lok Sabha,Rajasthan,RAJSAMAND,,,JAWAJA,Kotra,Normal/Others,NA - Construction of rooms and halls in school and colleges,DISTRICT COLLECTOR AJMER_IDA,2023-09-22,Action Pending,500000,Unsanctioned
MPLADS-041695,Smt Kumari Diya ,Lok Sabha,Rajasthan,RAJSAMAND,,,JAWAJA,Kabra,Normal/Others,NA - Construction of community centers and community halls,DISTRICT COLLECTOR AJMER_IDA,2023-09-22,Action Pending,500000,Unsanctioned
MPLADS-041696,Smt Kumari Diya ,Lok Sabha,Rajasthan,RAJSAMAND,,,JAWAJA,Chiliyabar,Normal/Others,NA - Construction of community centers and community halls,DISTRICT COLLECTOR AJMER_IDA,2023-09-22,Action Pending,500000,Unsanctioned
MPLADS-041697,Smt Kumari Diya ,Lok Sabha,Rajasthan,RAJSAMAND,,,JAWAJA,Jawaja,Normal/Others,NA - Construction of community centers and community halls,DISTRICT COLLECTOR AJMER_IDA,2023-09-22,Action Pending,500000,Unsanctioned
MPLADS-041698,Smt Kumari Diya ,Lok Sabha,Rajasthan,RAJSAMAND,,,JAWAJA,Malaton Ki Ber,Normal/Others,NA - Tree plantation for community,DISTRICT COLLECTOR AJMER_IDA,2023-09-22,Action Pending,500000,Unsanctioned
MPLADS-041699,Narendra Kumar,Lok Sabha,Rajasthan,JHUNJHUNU,,,FATEHPUR,Godiya Bara,Normal/Others,NA - Improvement of electricity distribution infrastructure,DISTRICT COLLECTOR SIKAR_IDA,2023-09-22,Action Pending,57000,Unsanctioned
MPLADS-041797,SH Bhupender Yadav,Rajya Sabha,Rajasthan,Sitting Rajya Sabha,,,BEHROR,Khohar,Normal/Others,NA - Construction of public libraries and reading rooms,DISTRICT COLLECTOR ALWAR_IDA,2023-09-22,Action Pending,1000000,Unsanctioned
MPLADS-041826,SH Bhupender Yadav,Rajya Sabha,Rajasthan,Sitting Rajya Sabha,Ajmer,60,,,Trust and Society,NA - Construction of public libraries and reading rooms,DISTRICT COLLECTOR AJMER_IDA,2023-09-22,Action Pending,2000000,Unsanctioned
MPLADS-041851,SH Bhupender Yadav,Rajya Sabha,Rajasthan,Sitting Rajya Sabha,Ajmer,-,,,Normal/Others,NA - Construction of rooms and halls in school and colleges,DISTRICT COLLECTOR AJMER_IDA,2023-09-22,Action Pending,2500000,Unsanctioned
MPLADS-041938,Dushyant Singh,Lok Sabha,Rajasthan,JHALAWAR-BARAN,,,CHHABRA,Dilod,Normal/Others,"NA - Construction of roads, approach roads, link roads and pathways",DISTRICT COLLECTOR BARAN_IDA,2023-09-21,Action Pending,350000,Unsanctioned
MPLADS-041948,Narendra Kumar,Lok Sabha,Rajasthan,JHUNJHUNU,,,ALSISAR,Badet,Normal/Others,NA - Construction of boundary walls of existing public and community buildings,DISTRICT COLLECTOR JHUNJHUNU_IDA,2023-09-21,Action Pending,500000,Unsanctioned
MPLADS-041949,Narendra Kumar,Lok Sabha,Rajasthan,JHUNJHUNU,,,MANDAWA,Kuharoo,Normal/Others,"NA - Construction of roads, approach roads, link roads and pathways",DISTRICT COLLECTOR JHUNJHUNU_IDA,2023-09-21,Action Pending,1000000,Unsanctioned
MPLADS-041950,Narendra Kumar,Lok Sabha,Rajasthan,JHUNJHUNU,,,ALSISAR,Lootoo,Normal/Others,"NA - Construction of roads, approach roads, link roads and pathways",DISTRICT COLLECTOR JHUNJHUNU_IDA,2023-09-21,Action Pending,250000,Unsanctioned
MPLADS-041951,Narendra Kumar,Lok Sabha,Rajasthan,JHUNJHUNU,,,ALSISAR,Lootoo,Normal/Others,"NA - Construction of roads, approach roads, link roads and pathways",DISTRICT COLLECTOR JHUNJHUNU_IDA,2023-09-21,Action Pending,750000,Unsanctioned
MPLADS-041952,Narendra Kumar,Lok Sabha,Rajasthan,JHUNJHUNU,,,MANDAWA,Kamal Nagar,Normal/Others,"NA - Construction of roads, approach roads, link roads and pathways",DISTRICT COLLECTOR JHUNJHUNU_IDA,2023-09-21,Action Pending,500000,Unsanctioned
MPLADS-041953,Narendra Kumar,Lok Sabha,Rajasthan,JHUNJHUNU,,,ALSISAR,Dhanuri,Normal/Others,NA - Establishing public ground water recharging facilities,DISTRICT COLLECTOR JHUNJHUNU_IDA,2023-09-21,Action Pending,2000000,Unsanctioned
MPLADS-041954,Narendra Kumar,Lok Sabha,Rajasthan,JHUNJHUNU,,,ALSISAR,Hansasari,Normal/Others,NA - Establishing public ground water recharging facilities,DISTRICT COLLECTOR JHUNJHUNU_IDA,2023-09-21,Action Pending,1500000,Unsanctioned
MPLADS-041955,Smt Kumari Diya ,Lok Sabha,Rajasthan,RAJSAMAND,,,RAIPUR,Ratdiya,Normal/Others,"NA - Construction of roads, link roads, pathways or any other road with or without drainage system",DISTRICT COLLECTOR PALI_IDA,2023-09-21,Action Pending,1000000,Unsanctioned
MPLADS-041956,Smt Kumari Diya ,Lok Sabha,Rajasthan,RAJSAMAND,,,JAITARAN,Litariya,Normal/Others,NA - Construction of buildings for community cultural activities,DISTRICT COLLECTOR PALI_IDA,2023-09-21,Action Pending,600000,Unsanctioned
MPLADS-041957,Smt Kumari Diya ,Lok Sabha,Rajasthan,RAJSAMAND,,,JAITARAN,Sinla,Normal/Others,WS/MP383/2023-2024/24259 - Construction of buildings for community cultural activities,DISTRICT COLLECTOR PALI_IDA,2023-09-21,Approved by IDA,600000,Ongoing
MPLADS-041958,Smt Kumari Diya ,Lok Sabha,Rajasthan,RAJSAMAND,,,JAITARAN,Nimaj,Normal/Others,NA - Construction of community centers and community halls,DISTRICT COLLECTOR PALI_IDA,2023-09-21,Action Pending,500000,Unsanctioned
MPLADS-041959,Smt Kumari Diya ,Lok Sabha,Rajasthan,RAJSAMAND,,,RAIPUR,Birantiya Khurd,Normal/Others,"NA - Construction of roads, link roads, pathways or any other road with or without drainage system",DISTRICT COLLECTOR PALI_IDA,2023-09-21,Action Pending,300000,Unsanctioned
MPLADS-041960,Smt Kumari Diya ,Lok Sabha,Rajasthan,RAJSAMAND,,,RAIPUR,Birantiya Khurd,Normal/Others,NA - Construction of community centers and community halls,DISTRICT COLLECTOR PALI_IDA,2023-09-21,Action Pending,500000,Unsanctioned
MPLADS-041961,Smt Kumari Diya ,Lok Sabha,Rajasthan,RAJSAMAND,,,RAIPUR,Bagri,Normal/Others,"NA - Construction of roads, link roads, pathways or any other road with or without drainage system",DISTRICT COLLECTOR PALI_IDA,2023-09-21,Action Pending,1000000,Unsanctioned
MPLADS-041962,Smt Jaskaur Meena ,Lok Sabha,Rajasthan,DAUSA(ST),,,BANDIKUI,Jhoonpdi,Normal/Others,"WS/MP387/2023-2024/24252 - Construction of roads, link roads, pathways or any other road with or without drainage system",DISTRICT COLLECTOR DAUSA_IDA,2023-09-21,Approved by IDA,500000,Sanctioned
MPLADS-041963,Smt Jaskaur Meena ,Lok Sabha,Rajasthan,DAUSA(ST),,,LALSOT,Nagariyawas,Normal/Others,NA - Construction of rooms and halls in school and colleges,DISTRICT COLLECTOR DAUSA_IDA,2023-09-21,Action Pending,1000000,Unsanctioned
MPLADS-041964,Dushyant Singh,Lok Sabha,Rajasthan,JHALAWAR-BARAN,,,CHHABRA,Telni,Normal/Others,NA - Installing hand pumps,DISTRICT COLLECTOR BARAN_IDA,2023-09-21,Action Pending,600000,Unsanctioned
MPLADS-041965,Dushyant Singh,Lok Sabha,Rajasthan,JHALAWAR-BARAN,,,CHHABRA,Hana Heri,Normal/Others,"NA - Construction of roads, approach roads, link roads and pathways",DISTRICT COLLECTOR BARAN_IDA,2023-09-21,Action Pending,500000,Unsanctioned
MPLADS-041966,Narendra Kumar,Lok Sabha,Rajasthan,JHUNJHUNU,,,ALSISAR,Badet,Normal/Others,NA - Construction of boundary walls of existing public and community buildings,DISTRICT COLLECTOR JHUNJHUNU_IDA,2023-09-21,Action Pending,500000,Unsanctioned
MPLADS-041967,Narendra Kumar,Lok Sabha,Rajasthan,JHUNJHUNU,,,ALSISAR,Lootoo,Normal/Others,NA - Construction of additional rooms and halls in the existing public and community building,DISTRICT COLLECTOR JHUNJHUNU_IDA,2023-09-21,Action Pending,1000000,Unsanctioned
MPLADS-041978,Narendra Kumar,Lok Sabha,Rajasthan,JHUNJHUNU,,,MANDAWA,Shyampura,Normal/Others,"NA - Construction of roads, approach roads, link roads and pathways",DISTRICT COLLECTOR JHUNJHUNU_IDA,2023-09-21,Action Pending,600000,Unsanctioned
MPLADS-041979,Narendra Kumar,Lok Sabha,Rajasthan,JHUNJHUNU,,,ALSISAR,Gangiyasar,Normal/Others,NA - Construction of rainwater harvesting structures,DISTRICT COLLECTOR JHUNJHUNU_IDA,2023-09-21,Action Pending,700000,Unsanctioned
MPLADS-042087,Dushyant Singh,Lok Sabha,Rajasthan,JHALAWAR-BARAN,,,CHHABRA,Dilod,Normal/Others,"NA - Construction of roads, approach roads, link roads and pathways",DISTRICT COLLECTOR BARAN_IDA,2023-09-21,Action Pending,250000,Unsanctioned
MPLADS-042089,Smt Kumari Diya ,Lok Sabha,Rajasthan,RAJSAMAND,,,RIYAN BADI,Dhadhlas Uda,Normal/Others,NA - Construction of shelters for animals,DISTRICT COLLECTOR NAGAUR_IDA,2023-09-21,Action Pending,800000,Unsanctioned
MPLADS-042110,Smt Kumari Diya ,Lok Sabha,Rajasthan,RAJSAMAND,,,BHERUNDA,Meora,Normal/Others,NA - Construction of shelters for animals,DISTRICT COLLECTOR NAGAUR_IDA,2023-09-21,Action Pending,700000,Unsanctioned
MPLADS-042216,Dushyant Singh,Lok Sabha,Rajasthan,JHALAWAR-BARAN,,,SHAHBAD,Deori,Normal/Others,NA - Crematoriums or structures on burial/ cremation ground for public convenience,DISTRICT COLLECTOR BARAN_IDA,2023-09-21,Action Pending,500000,Unsanctioned
MPLADS-042217,Dushyant Singh,Lok Sabha,Rajasthan,JHALAWAR-BARAN,,,SHAHBAD,Deori,Normal/Others,"NA - Construction of roads, approach roads, link roads and pathways",DISTRICT COLLECTOR BARAN_IDA,2023-09-21,Action Pending,500000,Unsanctioned
MPLADS-042219,Shri Subhash Chandra Baheria ,Lok Sabha,Rajasthan,BHILWARA,Bhilwara,29,,,Normal/Others,WS/MP385/2023-2024/23925 - Purchase of immovable sports equipment,DISTRICT COLLECTOR BHILWARA_IDA,2023-09-21,Approved by IDA,1000000,Sanctioned
MPLADS-042224,Shri Subhash Chandra Baheria ,Lok Sabha,Rajasthan,BHILWARA,,,HURDA,Kotri,Normal/Others,NA - Construction of culverts and bridges,DISTRICT COLLECTOR BHILWARA_IDA,2023-09-21,Action Pending,500000,Unsanctioned
MPLADS-042225,Rahul Kaswan,Lok Sabha,Rajasthan,CHURU,,,RAJGARH,Sardarpura,Normal/Others,NA - Improvement of electricity distribution infrastructure,DISTRICT COLLECTOR CHURU_IDA,2023-09-21,Action Pending,205400,Unsanctioned
MPLADS-042226,Smt Ranjeeta Koli,Lok Sabha,Rajasthan,BHARATPUR(SC),,,BAYANA,Kanawar,Normal/Others,"NA - Construction of roads, approach roads, link roads and pathways",DISTRICT COLLECTOR BHARATPUR_IDA,2023-09-21,Action Pending,300000,Unsanctioned
MPLADS-042227,Smt Ranjeeta Koli,Lok Sabha,Rajasthan,BHARATPUR(SC),,,BAYANA,Kanawar,Normal/Others,"NA - Construction of roads, approach roads, link roads and pathways",DISTRICT COLLECTOR BHARATPUR_IDA,2023-09-21,Action Pending,300000,Unsanctioned
MPLADS-042228,Smt Ranjeeta Koli,Lok Sabha,Rajasthan,BHARATPUR(SC),,,SEWAR,Moondota,Normal/Others,"NA - Construction of roads, link roads, pathways or any other road with or without drainage system",DISTRICT COLLECTOR BHARATPUR_IDA,2023-09-21,Action Pending,500000,Unsanctioned
MPLADS-042229,Smt Ranjeeta Koli,Lok Sabha,Rajasthan,BHARATPUR(SC),,,SEWAR,Moondota,Normal/Others,NA - Crematoriums or structures on burial/ cremation ground for public convenience,DISTRICT COLLECTOR BHARATPUR_IDA,2023-09-21,Action Pending,500000,Unsanctioned
MPLADS-042230,Shri PP Chaudhary ,Lok Sabha,Rajasthan,PALI,,,OSIAN,Samrau,Normal/Others,NA - Construction of community centers and community halls,DISTRICT COLLECTOR JODHPUR_IDA,2023-09-21,Action Pending,500000,Unsanctioned
MPLADS-042241,Dushyant Singh,Lok Sabha,Rajasthan,JHALAWAR-BARAN,,,MANGROL,Mahalpur,Normal/Others,"NA - Purchase of prosthetics, wheel chairs, tricycles (manual or motorized), elect scooties, hearing aids",DISTRICT COLLECTOR BARAN_IDA,2023-09-21,Action Pending,50000,Unsanctioned
MPLADS-042242,Dushyant Singh,Lok Sabha,Rajasthan,JHALAWAR-BARAN,,,ATRU,Sahrod,Normal/Others,NA - Installing hand pumps,DISTRICT COLLECTOR BARAN_IDA,2023-09-21,Action Pending,150000,Unsanctioned
MPLADS-042243,Dushyant Singh,Lok Sabha,Rajasthan,JHALAWAR-BARAN,,,ATRU,Raipuriya,Normal/Others,"NA - Construction of roads, approach roads, link roads and pathways",DISTRICT COLLECTOR BARAN_IDA,2023-09-21,Action Pending,800000,Unsanctioned
MPLADS-042250,Dushyant Singh,Lok Sabha,Rajasthan,JHALAWAR-BARAN,,,ATRU,Bhakrawada,Normal/Others,WS/MP722/2023-2024/24175 - Installing hand pumps,DISTRICT COLLECTOR BARAN_IDA,2023-09-21,Approved by IDA,300000,
MPLADS-042251,Dushyant Singh,Lok Sabha,Rajasthan,JHALAWAR-BARAN,,,ATRU,Kundi,Normal/Others,"NA - Construction of roads, approach roads, link roads and pathways",DISTRICT COLLECTOR BARAN_IDA,2023-09-21,Action Pending,800000,Unsanctioned
MPLADS-042252,Dushyant Singh,Lok Sabha,Rajasthan,JHALAWAR-BARAN,,,ATRU,Antana,Normal/Others,"NA - Construction of roads, approach roads, link roads and pathways",DISTRICT COLLECTOR BARAN_IDA,2023-09-21,Action Pending,800000,Unsanctioned
MPLADS-042253,Dushyant Singh,Lok Sabha,Rajasthan,JHALAWAR-BARAN,Mangrol,ward no 29,,,Normal/Others,NA - Construction of road under bridge,DISTRICT COLLECTOR BARAN_IDA,2023-09-21,Action Pending,300000,Unsanctioned
MPLADS-042254,Dushyant Singh,Lok Sabha,Rajasthan,JHALAWAR-BARAN,Mangrol,ward15,,,Normal/Others,"NA - Construction of roads, approach roads, link roads and pathways",DISTRICT COLLECTOR BARAN_IDA,2023-09-21,Action Pending,500000,Unsanctioned
MPLADS-042255,Narendra Kumar,Lok Sabha,Rajasthan,JHUNJHUNU,,,MANDAWA,Mahradasi,Normal/Others,"NA - Construction of roads, approach roads, link roads and pathways",DISTRICT COLLECTOR JHUNJHUNU_IDA,2023-09-21,Action Pending,750000,Unsanctioned
MPLADS-042516,Rahul Kaswan,Lok Sabha,Rajasthan,CHURU,,,RAJGARH,Ragha Chhoti,Normal/Others,NA - Improvement of electricity distribution infrastructure,DISTRICT COLLECTOR CHURU_IDA,2023-09-20,Action Pending,246200,Unsanctioned
MPLADS-042540,Rahul Kaswan,Lok Sabha,Rajasthan,CHURU,,,RATANGARH,Kanwari,Normal/Others,NA - Construction of boundary walls of existing public and community buildings,DISTRICT COLLECTOR CHURU_IDA,2023-09-20,Action Pending,450000,Unsanctioned
MPLADS-042596,SH Bhupender Yadav,Rajya Sabha,Rajasthan,Sitting Rajya Sabha,,,NEEMRANA,Dausod,Normal/Others,NA - Construction of public libraries and reading rooms,DISTRICT COLLECTOR ALWAR_IDA,2023-09-20,Action Pending,1000000,Unsanctioned
MPLADS-042688,Rahul Kaswan,Lok Sabha,Rajasthan,CHURU,,,RAJGARH,Galar,Normal/Others,WS/MP728/2023-2024/22905 - Improvement of electricity distribution infrastructure,DISTRICT COLLECTOR CHURU_IDA,2023-09-19,Approved by IDA,211300,Unsanctioned
MPLADS-042701,Rahul Kaswan,Lok Sabha,Rajasthan,CHURU,,,RAJGARH,Ramsara Teeba,Normal/Others,WS/MP728/2023-2024/22908 - Improvement of electricity distribution infrastructure,DISTRICT COLLECTOR CHURU_IDA,2023-09-19,Approved by IDA,129200,Unsanctioned
MPLADS-042702,SH Bhupender Yadav,Rajya Sabha,Rajasthan,Sitting Rajya Sabha,,,MANDAWAR,Sihali Khurd,Normal/Others,NA - Construction of public libraries and reading rooms,DISTRICT COLLECTOR ALWAR_IDA,2023-09-19,Action Pending,1000000,Unsanctioned
MPLADS-042703,Rahul Kaswan,Lok Sabha,Rajasthan,CHURU,,,CHURU,Sahnali Chhoti,Normal/Others,NA - Improvement of electricity distribution infrastructure,DISTRICT COLLECTOR CHURU_IDA,2023-09-19,Action Pending,468200,Unsanctioned
MPLADS-042704,Rahul Kaswan,Lok Sabha,Rajasthan,CHURU,,,TARANAGAR,Brahmanagar,Normal/Others,NA - Construction of rooms and halls in school and colleges,DISTRICT COLLECTOR CHURU_IDA,2023-09-19,Action Pending,800000,Unsanctioned
MPLADS-042705,Rahul Kaswan,Lok Sabha,Rajasthan,CHURU,,,RAJGARH,Mithdi Patta Dadrewa,Normal/Others,WS/MP728/2023-2024/22939 - Improvement of electricity distribution infrastructure,DISTRICT COLLECTOR CHURU_IDA,2023-09-19,Approved by IDA,167000,Unsanctioned
MPLADS-042706,Rahul Kaswan,Lok Sabha,Rajasthan,CHURU,,,BIDASAR,Udwala,Normal/Others,NA - Construction of additional rooms and halls in the existing public and community building,DISTRICT COLLECTOR CHURU_IDA,2023-09-19,Action Pending,550000,Unsanctioned
MPLADS-042707,Rahul Kaswan,Lok Sabha,Rajasthan,CHURU,,,SARDARSHAHAR,Kalyanpura Bidawatan,Normal/Others,NA - Construction of additional rooms and halls in the existing public and community building,DISTRICT COLLECTOR CHURU_IDA,2023-09-19,Action Pending,600000,Unsanctioned
MPLADS-042708,Rahul Kaswan,Lok Sabha,Rajasthan,CHURU,,,RATANGARH,Tidiyasar,Normal/Others,WS/MP728/2023-2024/22956 - Development of playfields and sports grounds,DISTRICT COLLECTOR CHURU_IDA,2023-09-19,Approved by IDA,600000,Unsanctioned
MPLADS-042709,Rahul Kaswan,Lok Sabha,Rajasthan,CHURU,,,TARANAGAR,Bhaleri,Normal/Others,NA - Crematoriums or structures on burial/ cremation ground for public convenience,DISTRICT COLLECTOR CHURU_IDA,2023-09-19,Action Pending,900000,Unsanctioned
MPLADS-042710,Rahul Kaswan,Lok Sabha,Rajasthan,CHURU,,,TARANAGAR,Kohina,Normal/Others,NA - Construction of rooms and halls in school and colleges,DISTRICT COLLECTOR CHURU_IDA,2023-09-19,Action Pending,900000,Unsanctioned
MPLADS-042711,Smt Jaskaur Meena ,Lok Sabha,Rajasthan,DAUSA(ST),,,BAIJUPADA,Pundarpara,Normal/Others,NA - Installing community drinking water plants,DISTRICT COLLECTOR DAUSA_IDA,2023-09-19,Action Pending,450000,Unsanctioned
MPLADS-042712,Smt Jaskaur Meena ,Lok Sabha,Rajasthan,DAUSA(ST),,,BAIJUPADA,Bedhadi Meenan,Normal/Others,NA - Installing community drinking water plants,DISTRICT COLLECTOR DAUSA_IDA,2023-09-19,Action Pending,450000,Unsanctioned
MPLADS-042713,Shri Subhash Chandra Baheria ,Lok Sabha,Rajasthan,BHILWARA,,,HINDOLI,Mendi,Normal/Others,NA - Construction of shelters for animals,DISTRICT COLLECTOR BUNDI_IDA,2023-09-19,Action Pending,500000,Unsanctioned
MPLADS-042714,SH Bhupender Yadav,Rajya Sabha,Rajasthan,Sitting Rajya Sabha,,,KOTKASIM,Pataliya,Normal/Others,WS/MP144/2023-2024/22974 - Renovation of ponds and lakes,DISTRICT COLLECTOR ALWAR_IDA,2023-09-19,Approved by IDA,1000000,Unsanctioned
MPLADS-042792,SH Bhupender Yadav,Rajya Sabha,Rajasthan,Sitting Rajya Sabha,,,KOTKASIM,Gunsar,Normal/Others,NA - Construction of community centers and community halls,DISTRICT COLLECTOR ALWAR_IDA,2023-09-19,Action Pending,1000000,Unsanctioned
MPLADS-042805,SH Bhupender Yadav,Rajya Sabha,Rajasthan,Sitting Rajya Sabha,,,KOTKASIM,Khanpur Aheer,Normal/Others,NA - Construction of public libraries and reading rooms,DISTRICT COLLECTOR ALWAR_IDA,2023-09-19,Action Pending,1000000,Unsanctioned
MPLADS-042806,SH Bhupender Yadav,Rajya Sabha,Rajasthan,Sitting Rajya Sabha,,,KOTKASIM,Jakopur,Normal/Others,NA - Construction of rooms and halls in school and colleges,DISTRICT COLLECTOR ALWAR_IDA,2023-09-19,Action Pending,500000,Unsanctioned
MPLADS-042822,SH Bhupender Yadav,Rajya Sabha,Rajasthan,Sitting Rajya Sabha,Alwar,-,,,Normal/Others,NA - Construction of rooms and halls in school and colleges,DISTRICT COLLECTOR ALWAR_IDA,2023-09-19,Action Pending,1000000,Unsanctioned
MPLADS-042826,SH Bhupender Yadav,Rajya Sabha,Rajasthan,Sitting Rajya Sabha,,,KOTPUTLI,Shuklawas,Normal/Others,NA - Construction of public libraries and reading rooms,DISTRICT COLLECTOR JAIPUR_IDA,2023-09-19,Action Pending,1000000,Unsanctioned
MPLADS-042827,SH Bhupender Yadav,Rajya Sabha,Rajasthan,Sitting Rajya Sabha,,,KOTKASIM,Harsoli,Normal/Others,"NA - Construction of roads, approach roads, link roads and pathways",DISTRICT COLLECTOR ALWAR_IDA,2023-09-19,Action Pending,1500000,Unsanctioned
MPLADS-042828,SH Bhupender Yadav,Rajya Sabha,Rajasthan,Sitting Rajya Sabha,,,RENI,Rajpur Chhota,Normal/Others,NA - Construction of public libraries and reading rooms,DISTRICT COLLECTOR ALWAR_IDA,2023-09-19,Action Pending,1000000,Unsanctioned
MPLADS-042829,SH Bhupender Yadav,Rajya Sabha,Rajasthan,Sitting Rajya Sabha,,,RENI,Parbaini,Normal/Others,NA - Construction of public libraries and reading rooms,DISTRICT COLLECTOR ALWAR_IDA,2023-09-19,Action Pending,1000000,Unsanctioned
MPLADS-042830,SH Bhupender Yadav,Rajya Sabha,Rajasthan,Sitting Rajya Sabha,,,RENI,Dera,Normal/Others,NA - Construction of public libraries and reading rooms,DISTRICT COLLECTOR ALWAR_IDA,2023-09-19,Action Pending,1000000,Unsanctioned
MPLADS-042831,SH Bhupender Yadav,Rajya Sabha,Rajasthan,Sitting Rajya Sabha,,,NEEMRANA,Shahjahanpur (CT),Normal/Others,NA - Construction of public libraries and reading rooms,DISTRICT COLLECTOR ALWAR_IDA,2023-09-19,Action Pending,1000000,Unsanctioned
MPLADS-042832,SH Bhupender Yadav,Rajya Sabha,Rajasthan,Sitting Rajya Sabha,,,MANDAWAR,Gopipura,Normal/Others,NA - Construction of public libraries and reading rooms,DISTRICT COLLECTOR ALWAR_IDA,2023-09-19,Action Pending,1000000,Unsanctioned
MPLADS-042833,SH Bhupender Yadav,Rajya Sabha,Rajasthan,Sitting Rajya Sabha,Alwar,-,,,Normal/Others,NA - Construction of rooms and halls in school and colleges,DISTRICT COLLECTOR ALWAR_IDA,2023-09-19,Action Pending,1000000,Unsanctioned
MPLADS-042834,SH Bhupender Yadav,Rajya Sabha,Rajasthan,Sitting Rajya Sabha,Alwar,-,,,Normal/Others,NA - Construction of rooms and halls in school and colleges,DISTRICT COLLECTOR ALWAR_IDA,2023-09-19,Action Pending,1000000,Unsanctioned
MPLADS-042839,SH Bhupender Yadav,Rajya Sabha,Rajasthan,Sitting Rajya Sabha,,,MANDAWAR,Ulaheri,Normal/Others,NA - Construction of community centers and community halls,DISTRICT COLLECTOR ALWAR_IDA,2023-09-19,Action Pending,500000,Unsanctioned
MPLADS-042840,SH Bhupender Yadav,Rajya Sabha,Rajasthan,Sitting Rajya Sabha,,,MANDAWAR,Chandpur,Normal/Others,NA - Construction of buildings for community cultural activities,DISTRICT COLLECTOR ALWAR_IDA,2023-09-19,Action Pending,1000000,Unsanctioned
MPLADS-042841,SH Bhupender Yadav,Rajya Sabha,Rajasthan,Sitting Rajya Sabha,,,MANDAWAR,Ulaheri,Normal/Others,NA - Construction of community centers and community halls,DISTRICT COLLECTOR ALWAR_IDA,2023-09-19,Action Pending,500000,Unsanctioned
MPLADS-042842,SH Bhupender Yadav,Rajya Sabha,Rajasthan,Sitting Rajya Sabha,,,MANDAWAR,Gandhi Nagar,Normal/Others,NA - Construction of public libraries and reading rooms,DISTRICT COLLECTOR ALWAR_IDA,2023-09-19,Action Pending,1000000,Unsanctioned
MPLADS-042843,SH Bhupender Yadav,Rajya Sabha,Rajasthan,Sitting Rajya Sabha,,,MANDAWAR,Darbarpur,Normal/Others,NA - Development of playfields and sports grounds,DISTRICT COLLECTOR ALWAR_IDA,2023-09-19,Action Pending,1000000,Unsanctioned
MPLADS-042844,SH Bhupender Yadav,Rajya Sabha,Rajasthan,Sitting Rajya Sabha,,,TIJARA,Masit,Normal/Others,NA - Development of playfields and sports grounds,DISTRICT COLLECTOR ALWAR_IDA,2023-09-19,Action Pending,1000000,Unsanctioned
MPLADS-042845,SH Bhupender Yadav,Rajya Sabha,Rajasthan,Sitting Rajya Sabha,,,TIJARA,Luhadera,Normal/Others,WS/MP144/2023-2024/22873 - Construction of public libraries and reading rooms,DISTRICT COLLECTOR ALWAR_IDA,2023-09-19,Approved by IDA,700000,Unsanctioned
MPLADS-042846,SH Bhupender Yadav,Rajya Sabha,Rajasthan,Sitting Rajya Sabha,,,TIJARA,Tatarpur,Normal/Others,NA - Development of playfields and sports grounds,DISTRICT COLLECTOR ALWAR_IDA,2023-09-19,Action Pending,1000000,Unsanctioned
MPLADS-042847,SH Bhupender Yadav,Rajya Sabha,Rajasthan,Sitting Rajya Sabha,,,TIJARA,Salarpur,Normal/Others,NA - Development of playfields and sports grounds,DISTRICT COLLECTOR ALWAR_IDA,2023-09-19,Action Pending,1000000,Unsanctioned
MPLADS-042848,SH Bhupender Yadav,Rajya Sabha,Rajasthan,Sitting Rajya Sabha,,,TIJARA,Raikheda,Normal/Others,NA - Development of playfields and sports grounds,DISTRICT COLLECTOR ALWAR_IDA,2023-09-19,Action Pending,700000,Unsanctioned
MPLADS-042849,SH Bhupender Yadav,Rajya Sabha,Rajasthan,Sitting Rajya Sabha,,,TIJARA,Gotra,Normal/Others,NA - Development of playfields and sports grounds,DISTRICT COLLECTOR ALWAR_IDA,2023-09-19,Action Pending,700000,Unsanctioned
MPLADS-042850,SH Bhupender Yadav,Rajya Sabha,Rajasthan,Sitting Rajya Sabha,,,TIJARA,Shahbad,Normal/Others,NA - Development of playfields and sports grounds,DISTRICT COLLECTOR ALWAR_IDA,2023-09-19,Action Pending,1000000,Unsanctioned
MPLADS-042851,SH Bhupender Yadav,Rajya Sabha,Rajasthan,Sitting Rajya Sabha,,,NEEMRANA,Mandhan,Normal/Others,NA - Construction of public libraries and reading rooms,DISTRICT COLLECTOR ALWAR_IDA,2023-09-19,Action Pending,1000000,Unsanctioned
MPLADS-042868,SH Bhupender Yadav,Rajya Sabha,Rajasthan,Sitting Rajya Sabha,,,NEEMRANA,Kuteena,Normal/Others,NA - Construction of public libraries and reading rooms,DISTRICT COLLECTOR ALWAR_IDA,2023-09-19,Action Pending,1000000,Unsanctioned
MPLADS-042869,SH Bhupender Yadav,Rajya Sabha,Rajasthan,Sitting Rajya Sabha,,,MANDAWAR,Mundawar,Normal/Others,NA - Construction of public libraries and reading rooms,DISTRICT COLLECTOR ALWAR_IDA,2023-09-19,Action Pending,1500000,Unsanctioned
MPLADS-042870,SH Bhupender Yadav,Rajya Sabha,Rajasthan,Sitting Rajya Sabha,Alwar,-,,,Normal/Others,NA - Construction of public libraries and reading rooms,DISTRICT COLLECTOR ALWAR_IDA,2023-09-19,Action Pending,1000000,Unsanctioned
MPLADS-042886,SH Bhupender Yadav,Rajya Sabha,Rajasthan,Sitting Rajya Sabha,Alwar,-,,,Normal/Others,NA - Construction of public libraries and reading rooms,DISTRICT COLLECTOR ALWAR_IDA,2023-09-19,Action Pending,1000000,Unsanctioned
MPLADS-042893,SH Bhupender Yadav,Rajya Sabha,Rajasthan,Sitting Rajya Sabha,,,MANDAWAR,Manethi,Normal/Others,NA - Construction of public libraries and reading rooms,DISTRICT COLLECTOR ALWAR_IDA,2023-09-19,Action Pending,1000000,Unsanctioned
MPLADS-042894,SH Bhupender Yadav,Rajya Sabha,Rajasthan,Sitting Rajya Sabha,,,MANDAWAR,Balloowas,Normal/Others,NA - Crematoriums or structures on burial/ cremation ground for public convenience,DISTRICT COLLECTOR ALWAR_IDA,2023-09-19,Action Pending,1000000,Unsanctioned
MPLADS-042895,SH Bhupender Yadav,Rajya Sabha,Rajasthan,Sitting Rajya Sabha,,,MANDAWAR,Shyopur,Normal/Others,NA - Crematoriums or structures on burial/ cremation ground for public convenience,DISTRICT COLLECTOR ALWAR_IDA,2023-09-19,Action Pending,800000,Unsanctioned
MPLADS-042896,SH Bhupender Yadav,Rajya Sabha,Rajasthan,Sitting Rajya Sabha,,,MANDAWAR,Seel Gaon,Normal/Others,NA - Construction of buildings for community cultural activities,DISTRICT COLLECTOR ALWAR_IDA,2023-09-19,Action Pending,1000000,Unsanctioned
MPLADS-042897,SH Bhupender Yadav,Rajya Sabha,Rajasthan,Sitting Rajya Sabha,,,MANDAWAR,Behror Jat,Normal/Others,NA - Development of playfields and sports grounds,DISTRICT COLLECTOR ALWAR_IDA,2023-09-19,Action Pending,2000000,Unsanctioned
MPLADS-042898,SH Bhupender Yadav,Rajya Sabha,Rajasthan,Sitting Rajya Sabha,Alwar,-,,,Normal/Others,NA - Construction of public libraries and reading rooms,DISTRICT COLLECTOR ALWAR_IDA,2023-09-19,Action Pending,1000000,Unsanctioned
MPLADS-042899,SH Bhupender Yadav,Rajya Sabha,Rajasthan,Sitting Rajya Sabha,Alwar,-,,,Normal/Others,NA - Construction of public libraries and reading rooms,DISTRICT COLLECTOR ALWAR_IDA,2023-09-19,Action Pending,1000000,Unsanctioned
MPLADS-042924,SH Bhupender Yadav,Rajya Sabha,Rajasthan,Sitting Rajya Sabha,,,Jalsu,Boodthal,Normal/Others,NA - Construction of public libraries and reading rooms,DISTRICT COLLECTOR JAIPUR_IDA,2023-09-19,Action Pending,1000000,Unsanctioned
MPLADS-042925,SH Bhupender Yadav,Rajya Sabha,Rajasthan,Sitting Rajya Sabha,,,Jalsu,Jalsoo,Normal/Others,NA - Construction of public libraries and reading rooms,DISTRICT COLLECTOR JAIPUR_IDA,2023-09-19,Action Pending,1000000,Unsanctioned
MPLADS-042926,SH Bhupender Yadav,Rajya Sabha,Rajasthan,Sitting Rajya Sabha,,,AMBER,Kant,Normal/Others,NA - Construction of public libraries and reading rooms,DISTRICT COLLECTOR JAIPUR_IDA,2023-09-19,Action Pending,1000000,Unsanctioned
MPLADS-042927,SH Bhupender Yadav,Rajya Sabha,Rajasthan,Sitting Rajya Sabha,,,AMBER,Chittanukalan,Normal/Others,NA - Construction of public libraries and reading rooms,DISTRICT COLLECTOR JAIPUR_IDA,2023-09-19,Action Pending,500000,Unsanctioned
MPLADS-042928,SH Bhupender Yadav,Rajya Sabha,Rajasthan,Sitting Rajya Sabha,,,SINGHANA,Sanwlod,Normal/Others,NA - Development of playfields and sports grounds,DISTRICT COLLECTOR JHUNJHUNU_IDA,2023-09-19,Action Pending,1000000,Unsanctioned
MPLADS-042929,SH Bhupender Yadav,Rajya Sabha,Rajasthan,Sitting Rajya Sabha,,,SINGHANA,Khanpur,Normal/Others,NA - Construction of buildings for multi-gym,DISTRICT COLLECTOR JHUNJHUNU_IDA,2023-09-19,Action Pending,500000,Unsanctioned
MPLADS-042930,SH Bhupender Yadav,Rajya Sabha,Rajasthan,Sitting Rajya Sabha,,,SINGHANA,Heerwa,Normal/Others,NA - Crematoriums or structures on burial/ cremation ground for public convenience,DISTRICT COLLECTOR JHUNJHUNU_IDA,2023-09-19,Action Pending,1000000,Unsanctioned
MPLADS-042931,SH Bhupender Yadav,Rajya Sabha,Rajasthan,Sitting Rajya Sabha,,,SRI MADHOPUR,Arniya,Normal/Others,NA - Construction of public libraries and reading rooms,DISTRICT COLLECTOR SIKAR_IDA,2023-09-19,Action Pending,1000000,Unsanctioned
MPLADS-042935,SH Bhupender Yadav,Rajya Sabha,Rajasthan,Sitting Rajya Sabha,,,SHAHPURA,Chimanpura,Normal/Others,NA - Construction of public libraries and reading rooms,DISTRICT COLLECTOR JAIPUR_IDA,2023-09-19,Action Pending,1000000,Unsanctioned
MPLADS-042937,SH Bhupender Yadav,Rajya Sabha,Rajasthan,Sitting Rajya Sabha,,,KOTPUTLI,Shuklawas,Normal/Others,NA - Construction of buildings for multi-gym,DISTRICT COLLECTOR JAIPUR_IDA,2023-09-19,Action Pending,700000,Unsanctioned
MPLADS-042942,SH Bhupender Yadav,Rajya Sabha,Rajasthan,Sitting Rajya Sabha,,,PAOTA,Pachhodala,Normal/Others,NA - Construction of public libraries and reading rooms,DISTRICT COLLECTOR JAIPUR_IDA,2023-09-19,Action Pending,1000000,Unsanctioned
MPLADS-042943,SH Bhupender Yadav,Rajya Sabha,Rajasthan,Sitting Rajya Sabha,,,PAOTA,Taskola,Normal/Others,NA - Construction of public libraries and reading rooms,DISTRICT COLLECTOR JAIPUR_IDA,2023-09-19,Action Pending,1000000,Unsanctioned
MPLADS-042944,SH Bhupender Yadav,Rajya Sabha,Rajasthan,Sitting Rajya Sabha,,,PAOTA,Ladakawas,Normal/Others,NA - Construction of rooms and halls in school and colleges,DISTRICT COLLECTOR JAIPUR_IDA,2023-09-19,Action Pending,1000000,Unsanctioned
MPLADS-042945,SH Bhupender Yadav,Rajya Sabha,Rajasthan,Sitting Rajya Sabha,,,PAOTA,Ladakawas,Normal/Others,NA - Construction of public libraries and reading rooms,DISTRICT COLLECTOR JAIPUR_IDA,2023-09-19,Action Pending,1000000,Unsanctioned
MPLADS-042949,SH Bhupender Yadav,Rajya Sabha,Rajasthan,Sitting Rajya Sabha,,,SHAHPURA,Ghasipura,Normal/Others,NA - Construction of public libraries and reading rooms,DISTRICT COLLECTOR JAIPUR_IDA,2023-09-19,Action Pending,1000000,Unsanctioned
MPLADS-042965,SH Bhupender Yadav,Rajya Sabha,Rajasthan,Sitting Rajya Sabha,Alwar,-,,,Normal/Others,NA - Construction of public libraries and reading rooms,DISTRICT COLLECTOR ALWAR_IDA,2023-09-19,Action Pending,1000000,Unsanctioned
MPLADS-043233,Rajyavardhan Singh Rathore,Lok Sabha,Rajasthan,JAIPUR RURAL,,,SAMBHAR,Hirnoda,Normal/Others,NA - Construction of community centers and community halls,DISTRICT COLLECTOR JAIPUR_IDA,2023-09-18,Action Pending,700000,Unsanctioned
MPLADS-043234,SH Bhupender Yadav,Rajya Sabha,Rajasthan,Sitting Rajya Sabha,,,BEHROR,Gandala,Normal/Others,NA - Development of playfields and sports grounds,DISTRICT COLLECTOR ALWAR_IDA,2023-09-18,Action Pending,1000000,Unsanctioned
MPLADS-043235,Rahul Kaswan,Lok Sabha,Rajasthan,CHURU,,,RAJGARH,Dhigarla,Normal/Others,WS/MP728/2023-2024/22407 - Improvement of electricity distribution infrastructure,DISTRICT COLLECTOR CHURU_IDA,2023-09-18,Approved by IDA,193000,Unsanctioned
MPLADS-043236,Rahul Kaswan,Lok Sabha,Rajasthan,CHURU,,,RAJGARH,Dhigarla,Normal/Others,WS/MP728/2023-2024/22405 - Improvement of electricity distribution infrastructure,DISTRICT COLLECTOR CHURU_IDA,2023-09-18,Approved by IDA,288000,Unsanctioned
MPLADS-043237,Rajyavardhan Singh Rathore,Lok Sabha,Rajasthan,JAIPUR RURAL,,,SHAHPURA,Surana,Normal/Others,"WS/MP729/2023-2024/22404 - Construction of roads, link roads, pathways or any other road with or without drainage system",DISTRICT COLLECTOR JAIPUR_IDA,2023-09-18,Approved by IDA,300000,Unsanctioned
MPLADS-043238,Rajyavardhan Singh Rathore,Lok Sabha,Rajasthan,JAIPUR RURAL,,,SHAHPURA,Surana,Normal/Others,WS/MP729/2023-2024/22403 - Construction of rooms and halls in school and colleges,DISTRICT COLLECTOR JAIPUR_IDA,2023-09-18,Approved by IDA,700000,Unsanctioned
MPLADS-043239,Rahul Kaswan,Lok Sabha,Rajasthan,CHURU,,,RAJGARH,Kishanpura,Normal/Others,WS/MP728/2023-2024/22402 - Improvement of electricity distribution infrastructure,DISTRICT COLLECTOR CHURU_IDA,2023-09-18,Approved by IDA,190400,Unsanctioned
MPLADS-043240,Rahul Kaswan,Lok Sabha,Rajasthan,CHURU,,,RAJGARH,Chainpura Bara,Normal/Others,WS/MP728/2023-2024/22391 - Improvement of electricity distribution infrastructure,DISTRICT COLLECTOR CHURU_IDA,2023-09-18,Approved by IDA,161100,Unsanctioned
MPLADS-043241,Rahul Kaswan,Lok Sabha,Rajasthan,CHURU,,,RAJGARH,Dholiya,Normal/Others,WS/MP728/2023-2024/22390 - Improvement of electricity distribution infrastructure,DISTRICT COLLECTOR CHURU_IDA,2023-09-18,Approved by IDA,130900,Unsanctioned
MPLADS-043242,Rahul Kaswan,Lok Sabha,Rajasthan,CHURU,,,RAJGARH,Bhagela,Normal/Others,WS/MP728/2023-2024/22387 - Improvement of electricity distribution infrastructure,DISTRICT COLLECTOR CHURU_IDA,2023-09-18,Approved by IDA,133600,Unsanctioned
MPLADS-043243,Rahul Kaswan,Lok Sabha,Rajasthan,CHURU,,,RAJGARH,Dhandhal Kheta,Normal/Others,WS/MP728/2023-2024/22379 - Improvement of electricity distribution infrastructure,DISTRICT COLLECTOR CHURU_IDA,2023-09-18,Approved by IDA,257000,Unsanctioned
MPLADS-043244,Rajyavardhan Singh Rathore,Lok Sabha,Rajasthan,JAIPUR RURAL,,,SHAHPURA,Murli Pura,Normal/Others,NA - Construction of community centers and community halls,DISTRICT COLLECTOR JAIPUR_IDA,2023-09-18,Action Pending,700000,Unsanctioned
MPLADS-043245,Rahul Kaswan,Lok Sabha,Rajasthan,CHURU,,,RAJGARH,Lutana Poorn,Normal/Others,WS/MP728/2023-2024/22375 - Improvement of electricity distribution infrastructure,DISTRICT COLLECTOR CHURU_IDA,2023-09-18,Approved by IDA,284000,Unsanctioned
MPLADS-043246,Rajyavardhan Singh Rathore,Lok Sabha,Rajasthan,JAIPUR RURAL,,,SHAHPURA,Amarsar,Normal/Others,NA - Construction of community centers and community halls,DISTRICT COLLECTOR JAIPUR_IDA,2023-09-18,Action Pending,500000,Unsanctioned
MPLADS-043247,Rajyavardhan Singh Rathore,Lok Sabha,Rajasthan,JAIPUR RURAL,,,SAMBHAR,Kanchroda,Normal/Others,NA - Construction of community centers and community halls,DISTRICT COLLECTOR JAIPUR_IDA,2023-09-18,Action Pending,700000,Unsanctioned
MPLADS-043248,Rahul Kaswan,Lok Sabha,Rajasthan,CHURU,,,CHURU,Peetheesar,Normal/Others,NA - Improvement of electricity distribution infrastructure,DISTRICT COLLECTOR CHURU_IDA,2023-09-18,Action Pending,214550,Unsanctioned
MPLADS-043249,SH Bhupender Yadav,Rajya Sabha,Rajasthan,Sitting Rajya Sabha,,,NEEMRANA,Mahtawas,Normal/Others,NA - Construction of public libraries and reading rooms,DISTRICT COLLECTOR ALWAR_IDA,2023-09-18,Action Pending,1000000,Unsanctioned
MPLADS-043250,Rajyavardhan Singh Rathore,Lok Sabha,Rajasthan,JAIPUR RURAL,,,VIRATNAGAR,Beelwari,Normal/Others,NA - Construction of boundary walls of existing public and community buildings,DISTRICT COLLECTOR JAIPUR_IDA,2023-09-18,Action Pending,700000,Unsanctioned
MPLADS-043251,Rajyavardhan Singh Rathore,Lok Sabha,Rajasthan,JAIPUR RURAL,,,VIRATNAGAR,Bhabroo,Normal/Others,WS/MP729/2023-2024/22411 - Construction of rooms and halls in school and colleges,DISTRICT COLLECTOR JAIPUR_IDA,2023-09-18,Approved by IDA,700000,Unsanctioned
MPLADS-043252,Rajyavardhan Singh Rathore,Lok Sabha,Rajasthan,JAIPUR RURAL,,,VIRATNAGAR,Govindpura Dhabai,Normal/Others,NA - Construction of rooms and halls in school and colleges,DISTRICT COLLECTOR JAIPUR_IDA,2023-09-18,Action Pending,700000,Unsanctioned
MPLADS-043253,Smt Jaskaur Meena ,Lok Sabha,Rajasthan,DAUSA(ST),,,RAMGARH PACHWARA,Dholawas,Normal/Others,WS/MP387/2023-2024/22489 - Crematoriums or structures on burial/ cremation ground for public convenience,DISTRICT COLLECTOR DAUSA_IDA,2023-09-18,Approved by IDA,600000,Sanctioned
MPLADS-043260,Smt Jaskaur Meena ,Lok Sabha,Rajasthan,DAUSA(ST),,,BAIJUPADA,Kanchanpura,Normal/Others,NA - Installing community drinking water plants,DISTRICT COLLECTOR DAUSA_IDA,2023-09-18,Action Pending,400000,Unsanctioned
MPLADS-043261,Rajyavardhan Singh Rathore,Lok Sabha,Rajasthan,JAIPUR RURAL,,,VIRATNAGAR,Jodhoola,Normal/Others,NA - Construction of rooms and halls in school and colleges,DISTRICT COLLECTOR JAIPUR_IDA,2023-09-18,Action Pending,700000,Unsanctioned
MPLADS-043262,Smt Jaskaur Meena ,Lok Sabha,Rajasthan,DAUSA(ST),,,SIKANDARA,Agawali,Normal/Others,NA - Installing community drinking water plants,DISTRICT COLLECTOR DAUSA_IDA,2023-09-18,Action Pending,400000,Unsanctioned
MPLADS-043263,Smt Jaskaur Meena ,Lok Sabha,Rajasthan,DAUSA(ST),,,NANGAL RAJAWATAN,Khawa Raoji,Normal/Others,WS/MP387/2023-2024/22486 - Crematoriums or structures on burial/ cremation ground for public convenience,DISTRICT COLLECTOR DAUSA_IDA,2023-09-18,Approved by IDA,500000,Sanctioned
MPLADS-043264,Smt Jaskaur Meena ,Lok Sabha,Rajasthan,DAUSA(ST),,,RAMGARH PACHWARA,Salempura,Normal/Others,WS/MP387/2023-2024/22485 - Construction of community centers and community halls,DISTRICT COLLECTOR DAUSA_IDA,2023-09-18,Approved by IDA,800000,Sanctioned
MPLADS-043265,Rajyavardhan Singh Rathore,Lok Sabha,Rajasthan,JAIPUR RURAL,,,VIRATNAGAR,Talva,Normal/Others,NA - Construction of rooms and halls in school and colleges,DISTRICT COLLECTOR JAIPUR_IDA,2023-09-18,Action Pending,700000,Unsanctioned
MPLADS-043266,Rajyavardhan Singh Rathore,Lok Sabha,Rajasthan,JAIPUR RURAL,,,VIRATNAGAR,Palri,Normal/Others,NA - Construction of additional rooms and halls in the existing public and community building,DISTRICT COLLECTOR JAIPUR_IDA,2023-09-18,Action Pending,700000,Unsanctioned
MPLADS-043267,Rajyavardhan Singh Rathore,Lok Sabha,Rajasthan,JAIPUR RURAL,,,VIRATNAGAR,Kishanpura,Normal/Others,NA - Construction of rooms and halls in school and colleges,DISTRICT COLLECTOR JAIPUR_IDA,2023-09-18,Action Pending,700000,Unsanctioned
MPLADS-043268,SH Bhupender Yadav,Rajya Sabha,Rajasthan,Sitting Rajya Sabha,,,BEHROR,Khohri,Normal/Others,NA - Construction of public libraries and reading rooms,DISTRICT COLLECTOR ALWAR_IDA,2023-09-18,Action Pending,1000000,Unsanctioned
MPLADS-043269,SH Bhupender Yadav,Rajya Sabha,Rajasthan,Sitting Rajya Sabha,,,BANSUR,Ratanpura @ Karana,Normal/Others,NA - Construction of public libraries and reading rooms,DISTRICT COLLECTOR ALWAR_IDA,2023-09-18,Action Pending,1000000,Unsanctioned
MPLADS-043271,SH Bhupender Yadav,Rajya Sabha,Rajasthan,Sitting Rajya Sabha,,,BANSUR,Rampur,Normal/Others,NA - Construction of public libraries and reading rooms,DISTRICT COLLECTOR ALWAR_IDA,2023-09-18,Action Pending,1000000,Unsanctioned
MPLADS-043291,SH Bhupender Yadav,Rajya Sabha,Rajasthan,Sitting Rajya Sabha,,,BANSUR,Buteri,Normal/Others,NA - Construction of public libraries and reading rooms,DISTRICT COLLECTOR ALWAR_IDA,2023-09-18,Action Pending,1000000,Unsanctioned
MPLADS-043292,SH Bhupender Yadav,Rajya Sabha,Rajasthan,Sitting Rajya Sabha,,,BANSUR,Toorana,Normal/Others,NA - Construction of public libraries and reading rooms,DISTRICT COLLECTOR ALWAR_IDA,2023-09-18,Action Pending,1000000,Unsanctioned
MPLADS-043293,SH Bhupender Yadav,Rajya Sabha,Rajasthan,Sitting Rajya Sabha,,,BANSUR,Bhoopsera,Normal/Others,NA - Construction of public libraries and reading rooms,DISTRICT COLLECTOR ALWAR_IDA,2023-09-18,Action Pending,1000000,Unsanctioned
MPLADS-043294,SH Bhupender Yadav,Rajya Sabha,Rajasthan,Sitting Rajya Sabha,,,BANSUR,Chatarpura,Normal/Others,NA - Construction of public libraries and reading rooms,DISTRICT COLLECTOR ALWAR_IDA,2023-09-18,Action Pending,1000000,Unsanctioned
MPLADS-043295,SH Bhupender Yadav,Rajya Sabha,Rajasthan,Sitting Rajya Sabha,,,BANSUR,Sabalpur,Normal/Others,NA - Construction of public libraries and reading rooms,DISTRICT COLLECTOR ALWAR_IDA,2023-09-18,Action Pending,1000000,Unsanctioned
MPLADS-043296,SH Bhupender Yadav,Rajya Sabha,Rajasthan,Sitting Rajya Sabha,,,BANSUR,Shahpur,Normal/Others,NA - Construction of public libraries and reading rooms,DISTRICT COLLECTOR ALWAR_IDA,2023-09-18,Action Pending,1000000,Unsanctioned
MPLADS-043308,SH Bhupender Yadav,Rajya Sabha,Rajasthan,Sitting Rajya Sabha,,,BEHROR,Manchal,Normal/Others,NA - Construction of public libraries and reading rooms,DISTRICT COLLECTOR ALWAR_IDA,2023-09-18,Action Pending,1000000,Unsanctioned
MPLADS-043323,SH Bhupender Yadav,Rajya Sabha,Rajasthan,Sitting Rajya Sabha,,,MANDAWAR,Gadoowas,Normal/Others,NA - Construction of public libraries and reading rooms,DISTRICT COLLECTOR ALWAR_IDA,2023-09-18,Action Pending,1000000,Unsanctioned
MPLADS-043327,SH Bhupender Yadav,Rajya Sabha,Rajasthan,Sitting Rajya Sabha,,,NEEMRANA,Majra,Normal/Others,NA - Construction of public libraries and reading rooms,DISTRICT COLLECTOR ALWAR_IDA,2023-09-18,Action Pending,1000000,Unsanctioned
MPLADS-043329,SH Bhupender Yadav,Rajya Sabha,Rajasthan,Sitting Rajya Sabha,,,TIJARA,Isroda,Normal/Others,NA - Construction of public libraries and reading rooms,DISTRICT COLLECTOR ALWAR_IDA,2023-09-18,Action Pending,1000000,Unsanctioned
MPLADS-043330,SH Bhupender Yadav,Rajya Sabha,Rajasthan,Sitting Rajya Sabha,,,TIJARA,Isroda,Normal/Others,NA - Construction of public libraries and reading rooms,DISTRICT COLLECTOR ALWAR_IDA,2023-09-18,Action Pending,1500000,Unsanctioned
MPLADS-043331,SH Bhupender Yadav,Rajya Sabha,Rajasthan,Sitting Rajya Sabha,,,TIJARA,Bureda,Normal/Others,NA - Construction of public libraries and reading rooms,DISTRICT COLLECTOR ALWAR_IDA,2023-09-18,Action Pending,1000000,Unsanctioned
MPLADS-043332,SH Bhupender Yadav,Rajya Sabha,Rajasthan,Sitting Rajya Sabha,,,BEHROR,Dahmi,Normal/Others,NA - Construction of public libraries and reading rooms,DISTRICT COLLECTOR ALWAR_IDA,2023-09-18,Action Pending,1000000,Unsanctioned
MPLADS-043333,SH Bhupender Yadav,Rajya Sabha,Rajasthan,Sitting Rajya Sabha,,,NEEMRANA,Nanagwas,Normal/Others,NA - Development of playfields and sports grounds,DISTRICT COLLECTOR ALWAR_IDA,2023-09-18,Action Pending,1500000,Unsanctioned
MPLADS-043334,SH Bhupender Yadav,Rajya Sabha,Rajasthan,Sitting Rajya Sabha,,,NEEMRANA,Santo,Normal/Others,NA - Construction of public libraries and reading rooms,DISTRICT COLLECTOR ALWAR_IDA,2023-09-18,Action Pending,1000000,Unsanctioned
MPLADS-043336,SH Bhupender Yadav,Rajya Sabha,Rajasthan,Sitting Rajya Sabha,,,TIJARA,Khalilpuri,Normal/Others,NA - Construction of public libraries and reading rooms,DISTRICT COLLECTOR ALWAR_IDA,2023-09-18,Action Pending,1000000,Unsanctioned
MPLADS-043337,SH Bhupender Yadav,Rajya Sabha,Rajasthan,Sitting Rajya Sabha,,,TIJARA,Khalilpuri,Normal/Others,NA - Construction of rooms and halls in school and colleges,DISTRICT COLLECTOR ALWAR_IDA,2023-09-18,Action Pending,800000,Unsanctioned
MPLADS-043342,SH Bhupender Yadav,Rajya Sabha,Rajasthan,Sitting Rajya Sabha,,,BEHROR,Gadoj,Normal/Others,NA - Construction of public libraries and reading rooms,DISTRICT COLLECTOR ALWAR_IDA,2023-09-18,Action Pending,1000000,Unsanctioned
MPLADS-043343,SH Bhupender Yadav,Rajya Sabha,Rajasthan,Sitting Rajya Sabha,,,BEHROR,Gujarwas,Normal/Others,NA - Construction of public libraries and reading rooms,DISTRICT COLLECTOR ALWAR_IDA,2023-09-18,Action Pending,1000000,Unsanctioned
MPLADS-043345,SH Bhupender Yadav,Rajya Sabha,Rajasthan,Sitting Rajya Sabha,,,BEHROR,Kankardopa,Normal/Others,NA - Construction of public libraries and reading rooms,DISTRICT COLLECTOR ALWAR_IDA,2023-09-18,Action Pending,1000000,Unsanctioned
MPLADS-043347,SH Bhupender Yadav,Rajya Sabha,Rajasthan,Sitting Rajya Sabha,,,GOVINDGARH,Khera Mahmood,Normal/Others,NA - Construction of boundary walls of existing public and community buildings,DISTRICT COLLECTOR ALWAR_IDA,2023-09-18,Action Pending,500000,Unsanctioned
MPLADS-043348,SH Bhupender Yadav,Rajya Sabha,Rajasthan,Sitting Rajya Sabha,,,GOVINDGARH,Khera Mahmood,Normal/Others,NA - Providing drains and gutters for public drainage,DISTRICT COLLECTOR ALWAR_IDA,2023-09-18,Action Pending,1000000,Unsanctioned
MPLADS-043349,SH Bhupender Yadav,Rajya Sabha,Rajasthan,Sitting Rajya Sabha,,,GOVINDGARH,Khera Mahmood,Normal/Others,NA - Construction of public libraries and reading rooms,DISTRICT COLLECTOR ALWAR_IDA,2023-09-18,Action Pending,1000000,Unsanctioned
MPLADS-043350,SH Bhupender Yadav,Rajya Sabha,Rajasthan,Sitting Rajya Sabha,,,GOVINDGARH,Khera Mahmood,Normal/Others,NA - Installing tube-wells and borewells,DISTRICT COLLECTOR ALWAR_IDA,2023-09-18,Action Pending,400000,Unsanctioned
MPLADS-043351,SH Bhupender Yadav,Rajya Sabha,Rajasthan,Sitting Rajya Sabha,,,GOVINDGARH,Khera Mahmood,Normal/Others,NA - Crematoriums or structures on burial/ cremation ground for public convenience,DISTRICT COLLECTOR ALWAR_IDA,2023-09-18,Action Pending,1000000,Unsanctioned
MPLADS-043352,SH Bhupender Yadav,Rajya Sabha,Rajasthan,Sitting Rajya Sabha,,,GOVINDGARH,Khera Mahmood,Normal/Others,NA - Crematoriums or structures on burial/ cremation ground for public convenience,DISTRICT COLLECTOR ALWAR_IDA,2023-09-18,Action Pending,500000,Unsanctioned
MPLADS-043353,SH Bhupender Yadav,Rajya Sabha,Rajasthan,Sitting Rajya Sabha,,,GOVINDGARH,Khera Mahmood,Normal/Others,NA - Crematoriums or structures on burial/ cremation ground for public convenience,DISTRICT COLLECTOR ALWAR_IDA,2023-09-18,Action Pending,500000,Unsanctioned
MPLADS-043365,SH Bhupender Yadav,Rajya Sabha,Rajasthan,Sitting Rajya Sabha,,,BEHROR,Bhagwari Khurd,Normal/Others,NA - Construction of public libraries and reading rooms,DISTRICT COLLECTOR ALWAR_IDA,2023-09-18,Action Pending,1000000,Unsanctioned
MPLADS-043366,SH Bhupender Yadav,Rajya Sabha,Rajasthan,Sitting Rajya Sabha,Bardod,-,,,Normal/Others,NA - Construction of public libraries and reading rooms,DISTRICT COLLECTOR ALWAR_IDA,2023-09-18,Action Pending,1000000,Unsanctioned
MPLADS-043367,SH Bhupender Yadav,Rajya Sabha,Rajasthan,Sitting Rajya Sabha,,,NEEMRANA,Bichpuri,Normal/Others,NA - Construction of public libraries and reading rooms,DISTRICT COLLECTOR ALWAR_IDA,2023-09-18,Action Pending,1000000,Unsanctioned
MPLADS-043368,SH Bhupender Yadav,Rajya Sabha,Rajasthan,Sitting Rajya Sabha,,,NEEMRANA,Kathuwas,Normal/Others,NA - Construction of public libraries and reading rooms,DISTRICT COLLECTOR ALWAR_IDA,2023-09-18,Action Pending,1000000,Unsanctioned
MPLADS-043369,SH Bhupender Yadav,Rajya Sabha,Rajasthan,Sitting Rajya Sabha,Kotkasim,-,,,Normal/Others,NA - Construction of public libraries and reading rooms,DISTRICT COLLECTOR ALWAR_IDA,2023-09-18,Action Pending,2100000,Unsanctioned
MPLADS-043370,SH Bhupender Yadav,Rajya Sabha,Rajasthan,Sitting Rajya Sabha,,,GOVINDGARH,Khera Mahmood,Normal/Others,NA - Crematoriums or structures on burial/ cremation ground for public convenience,DISTRICT COLLECTOR ALWAR_IDA,2023-09-18,Action Pending,800000,Unsanctioned
MPLADS-043425,SH Bhupender Yadav,Rajya Sabha,Rajasthan,Sitting Rajya Sabha,,,KOTKASIM,Joriya,Normal/Others,"NA - Construction of roads, approach roads, link roads and pathways",DISTRICT COLLECTOR ALWAR_IDA,2023-09-18,Action Pending,600000,Unsanctioned
MPLADS-043426,SH Bhupender Yadav,Rajya Sabha,Rajasthan,Sitting Rajya Sabha,,,RENI,Bahadko Kalan,Normal/Others,NA - Installing tube-wells and borewells,DISTRICT COLLECTOR ALWAR_IDA,2023-09-18,Action Pending,600000,Unsanctioned
MPLADS-043427,SH Bhupender Yadav,Rajya Sabha,Rajasthan,Sitting Rajya Sabha,Behror,-,,,Normal/Others,NA - Common work sheds for artisans,DISTRICT COLLECTOR ALWAR_IDA,2023-09-18,Action Pending,3000000,Unsanctioned
MPLADS-043428,SH Bhupender Yadav,Rajya Sabha,Rajasthan,Sitting Rajya Sabha,,,BANSUR,Majra Aheer,Normal/Others,NA - Construction of public libraries and reading rooms,DISTRICT COLLECTOR ALWAR_IDA,2023-09-18,Action Pending,1000000,Unsanctioned
MPLADS-043429,SH Bhupender Yadav,Rajya Sabha,Rajasthan,Sitting Rajya Sabha,,,THANAGAZI,Bamanwas Kankar,Normal/Others,NA - Construction of public libraries and reading rooms,DISTRICT COLLECTOR ALWAR_IDA,2023-09-18,Action Pending,1000000,Unsanctioned
MPLADS-043430,SH Bhupender Yadav,Rajya Sabha,Rajasthan,Sitting Rajya Sabha,,,BANSUR,Goonta,Normal/Others,NA - Construction of public libraries and reading rooms,DISTRICT COLLECTOR ALWAR_IDA,2023-09-18,Action Pending,1000000,Unsanctioned
MPLADS-043578,Smt Ranjeeta Koli,Lok Sabha,Rajasthan,BHARATPUR(SC),,,KATHUMAR,Salwari,Normal/Others,NA - Installing hand pumps,DISTRICT COLLECTOR ALWAR_IDA,2023-09-17,Action Pending,100000,Unsanctioned
MPLADS-043580,Smt Ranjeeta Koli,Lok Sabha,Rajasthan,BHARATPUR(SC),,,KATHUMAR,Rampura Patan,Normal/Others,NA - Construction of water tanks,DISTRICT COLLECTOR ALWAR_IDA,2023-09-17,Action Pending,100000,Unsanctioned
MPLADS-043582,Smt Ranjeeta Koli,Lok Sabha,Rajasthan,BHARATPUR(SC),,,KATHUMAR,Rampura Patan,Normal/Others,NA - Crematoriums or structures on burial/ cremation ground for public convenience,DISTRICT COLLECTOR ALWAR_IDA,2023-09-17,Action Pending,200000,Unsanctioned
MPLADS-043611,Smt Ranjeeta Koli,Lok Sabha,Rajasthan,BHARATPUR(SC),,,KATHUMAR,Kuttin Sawdas,Normal/Others,NA - Construction of rooms and halls in school and colleges,DISTRICT COLLECTOR ALWAR_IDA,2023-09-17,Action Pending,500000,Unsanctioned
MPLADS-043612,Smt Ranjeeta Koli,Lok Sabha,Rajasthan,BHARATPUR(SC),,,KATHUMAR,Kuttin Sawdas,Normal/Others,"NA - Construction of roads, approach roads, link roads and pathways",DISTRICT COLLECTOR ALWAR_IDA,2023-09-17,Action Pending,300000,Unsanctioned
MPLADS-043613,Smt Ranjeeta Koli,Lok Sabha,Rajasthan,BHARATPUR(SC),,,Kathumar,Reta,Normal/Others,NA - Crematoriums or structures on burial/ cremation ground for public convenience,DISTRICT COLLECTOR ALWAR_IDA,2023-09-17,Action Pending,500000,Unsanctioned
MPLADS-043614,Smt Ranjeeta Koli,Lok Sabha,Rajasthan,BHARATPUR(SC),,,WEIR,Chak Dharsoni,Normal/Others,"NA - Construction of roads, approach roads, link roads and pathways",DISTRICT COLLECTOR BHARATPUR_IDA,2023-09-17,Action Pending,500000,Unsanctioned
MPLADS-043615,Smt Ranjeeta Koli,Lok Sabha,Rajasthan,BHARATPUR(SC),,,NAGAR PAHARI,Palka,Normal/Others,NA - Crematoriums or structures on burial/ cremation ground for public convenience,DISTRICT COLLECTOR BHARATPUR_IDA,2023-09-17,Action Pending,500000,Unsanctioned
MPLADS-043616,Smt Ranjeeta Koli,Lok Sabha,Rajasthan,BHARATPUR(SC),,,NADBAI,Nayabas,Normal/Others,NA - Construction of community centers and community halls,DISTRICT COLLECTOR BHARATPUR_IDA,2023-09-17,Action Pending,800000,Unsanctioned
MPLADS-043617,Smt Ranjeeta Koli,Lok Sabha,Rajasthan,BHARATPUR(SC),,,NADBAI,Kareeli,Normal/Others,NA - Construction of community centers and community halls,DISTRICT COLLECTOR BHARATPUR_IDA,2023-09-17,Action Pending,500000,Unsanctioned
MPLADS-043618,Smt Ranjeeta Koli,Lok Sabha,Rajasthan,BHARATPUR(SC),,,BHUSAWAR,Ballabhgarh,Normal/Others,NA - Installing hand pumps,DISTRICT COLLECTOR BHARATPUR_IDA,2023-09-17,Action Pending,110000,Unsanctioned
MPLADS-043619,Smt Ranjeeta Koli,Lok Sabha,Rajasthan,BHARATPUR(SC),,,BHUSAWAR,Gogera,Normal/Others,NA - Construction of community centers and community halls,DISTRICT COLLECTOR BHARATPUR_IDA,2023-09-17,Action Pending,500000,Unsanctioned
MPLADS-043620,Smt Ranjeeta Koli,Lok Sabha,Rajasthan,BHARATPUR(SC),,,BAYANA,Mahloni,Normal/Others,NA - Installing hand pumps,DISTRICT COLLECTOR BHARATPUR_IDA,2023-09-17,Action Pending,125000,Unsanctioned
MPLADS-043621,Smt Ranjeeta Koli,Lok Sabha,Rajasthan,BHARATPUR(SC),,,BAYANA,Bayana ( Rural ) (CT),Normal/Others,NA - Installing tube-wells and borewells,DISTRICT COLLECTOR BHARATPUR_IDA,2023-09-17,Action Pending,300000,Unsanctioned
MPLADS-043622,Smt Ranjeeta Koli,Lok Sabha,Rajasthan,BHARATPUR(SC),,,UCHAIN,Kharera,Normal/Others,NA - Construction of shelters for animals,DISTRICT COLLECTOR BHARATPUR_IDA,2023-09-17,Action Pending,900000,Unsanctioned
MPLADS-043623,Smt Ranjeeta Koli,Lok Sabha,Rajasthan,BHARATPUR(SC),,,NADBAI,Luhasa,Normal/Others,"NA - Construction of roads, link roads, pathways or any other road with or without drainage system",DISTRICT COLLECTOR BHARATPUR_IDA,2023-09-17,Action Pending,500000,Unsanctioned
MPLADS-043624,Smt Ranjeeta Koli,Lok Sabha,Rajasthan,BHARATPUR(SC),,,BHUSAWAR,Mainapura,Normal/Others,NA - Installing hand pumps,DISTRICT COLLECTOR BHARATPUR_IDA,2023-09-17,Action Pending,100000,Unsanctioned
MPLADS-043625,Smt Ranjeeta Koli,Lok Sabha,Rajasthan,BHARATPUR(SC),,,RUPBAS,Burana,Normal/Others,NA - Purchase of motor boats for flood and cyclone prone areas,DISTRICT COLLECTOR BHARATPUR_IDA,2023-09-17,Action Pending,500000,Unsanctioned
MPLADS-043650,Smt Ranjeeta Koli,Lok Sabha,Rajasthan,BHARATPUR(SC),,,KATHUMAR,Rampura Patan,Normal/Others,"NA - Construction of roads, approach roads, link roads and pathways",DISTRICT COLLECTOR ALWAR_IDA,2023-09-17,Action Pending,400000,Unsanctioned
MPLADS-043651,Smt Ranjeeta Koli,Lok Sabha,Rajasthan,BHARATPUR(SC),,,KATHUMAR,Rampura Patan,Normal/Others,NA - Construction of water tanks,DISTRICT COLLECTOR ALWAR_IDA,2023-09-17,Action Pending,100000,Unsanctioned
MPLADS-043653,Smt Ranjeeta Koli,Lok Sabha,Rajasthan,BHARATPUR(SC),,,RUPBAS,Nabhera,Normal/Others,NA - Construction of rooms and halls in school and colleges,DISTRICT COLLECTOR BHARATPUR_IDA,2023-09-17,Action Pending,500000,Unsanctioned
MPLADS-043657,Smt Ranjeeta Koli,Lok Sabha,Rajasthan,BHARATPUR(SC),,,RUPBAS,Mertha,Normal/Others,NA - Construction of rooms and halls in school and colleges,DISTRICT COLLECTOR BHARATPUR_IDA,2023-09-17,Action Pending,500000,Unsanctioned
MPLADS-043658,Smt Ranjeeta Koli,Lok Sabha,Rajasthan,BHARATPUR(SC),,,RUPBAS,Ibrahimpur,Normal/Others,NA - Construction of rooms and halls in school and colleges,DISTRICT COLLECTOR BHARATPUR_IDA,2023-09-17,Action Pending,500000,Unsanctioned
MPLADS-043659,Smt Ranjeeta Koli,Lok Sabha,Rajasthan,BHARATPUR(SC),,,SEWAR,Gaonri,Normal/Others,NA - Installing tube-wells and borewells,DISTRICT COLLECTOR BHARATPUR_IDA,2023-09-17,Action Pending,300000,Unsanctioned
MPLADS-043671,Smt Ranjeeta Koli,Lok Sabha,Rajasthan,BHARATPUR(SC),,,RUPBAS,Dahina Gaon,Normal/Others,NA - Construction of rooms and halls in school and colleges,DISTRICT COLLECTOR BHARATPUR_IDA,2023-09-17,Action Pending,500000,Unsanctioned
MPLADS-043673,Smt Ranjeeta Koli,Lok Sabha,Rajasthan,BHARATPUR(SC),,,DEEG,Kourer,Normal/Others,"NA - Construction of roads, approach roads, link roads and pathways",DISTRICT COLLECTOR BHARATPUR_IDA,2023-09-17,Action Pending,500000,Unsanctioned
MPLADS-043674,Smt Ranjeeta Koli,Lok Sabha,Rajasthan,BHARATPUR(SC),,,KATHUMAR,Jadla,Normal/Others,NA - Installing tube-wells and borewells,DISTRICT COLLECTOR ALWAR_IDA,2023-09-17,Action Pending,400000,Unsanctioned
MPLADS-043677,Smt Ranjeeta Koli,Lok Sabha,Rajasthan,BHARATPUR(SC),,,BAYANA,Milakpur,Normal/Others,NA - Installing hand pumps,DISTRICT COLLECTOR BHARATPUR_IDA,2023-09-17,Action Pending,110000,Unsanctioned
MPLADS-043678,Smt Ranjeeta Koli,Lok Sabha,Rajasthan,BHARATPUR(SC),,,NADBAI,Bahramda,Normal/Others,"NA - Construction of roads, approach roads, link roads and pathways",DISTRICT COLLECTOR BHARATPUR_IDA,2023-09-17,Action Pending,500000,Unsanctioned
MPLADS-043679,Smt Ranjeeta Koli,Lok Sabha,Rajasthan,BHARATPUR(SC),,,KATHUMAR,Jadla,Normal/Others,NA - Crematoriums or structures on burial/ cremation ground for public convenience,DISTRICT COLLECTOR ALWAR_IDA,2023-09-17,Action Pending,400000,Unsanctioned
MPLADS-043680,Smt Ranjeeta Koli,Lok Sabha,Rajasthan,BHARATPUR(SC),,,KATHUMAR,Salwari,Normal/Others,NA - Crematoriums or structures on burial/ cremation ground for public convenience,DISTRICT COLLECTOR ALWAR_IDA,2023-09-17,Action Pending,600000,Unsanctioned
MPLADS-043686,Rajyavardhan Singh Rathore,Lok Sabha,Rajasthan,JAIPUR RURAL,,,JOBNER,Dhani Nagan,Normal/Others,NA - Construction of additional rooms and halls in the existing public and community building,DISTRICT COLLECTOR JAIPUR_IDA,2023-09-16,Action Pending,700000,Unsanctioned
MPLADS-043688,Rajyavardhan Singh Rathore,Lok Sabha,Rajasthan,JAIPUR RURAL,,,JHOTWARA,Peethawas,Normal/Others,NA - Construction of community centers and community halls,DISTRICT COLLECTOR JAIPUR_IDA,2023-09-16,Action Pending,700000,Unsanctioned
MPLADS-043689,Rajyavardhan Singh Rathore,Lok Sabha,Rajasthan,JAIPUR RURAL,,,Jalsu,Bichpari,Normal/Others,NA - Construction of rooms and halls in school and colleges,DISTRICT COLLECTOR JAIPUR_IDA,2023-09-16,Action Pending,700000,Unsanctioned
MPLADS-043690,Rajyavardhan Singh Rathore,Lok Sabha,Rajasthan,JAIPUR RURAL,,,JHOTWARA,Pachar,Normal/Others,NA - Construction of rooms and halls in school and colleges,DISTRICT COLLECTOR JAIPUR_IDA,2023-09-16,Action Pending,600000,Unsanctioned
MPLADS-043708,Rajyavardhan Singh Rathore,Lok Sabha,Rajasthan,JAIPUR RURAL,,,Jalsu,Jaisinghpura Shekhawatan,Normal/Others,NA - Construction of public libraries and reading rooms,DISTRICT COLLECTOR JAIPUR_IDA,2023-09-16,Action Pending,700000,Unsanctioned
MPLADS-043709,Rajyavardhan Singh Rathore,Lok Sabha,Rajasthan,JAIPUR RURAL,,,JHOTWARA,Shyosinghpura @ Shyopura,Normal/Others,NA - Construction of rooms and halls in school and colleges,DISTRICT COLLECTOR JAIPUR_IDA,2023-09-16,Action Pending,500000,Unsanctioned
MPLADS-043710,Rajyavardhan Singh Rathore,Lok Sabha,Rajasthan,JAIPUR RURAL,,,JHOTWARA,Shyosinghpura @ Shyopura,Normal/Others,NA - Construction of boundary walls of existing public and community buildings,DISTRICT COLLECTOR JAIPUR_IDA,2023-09-16,Action Pending,200000,Unsanctioned
MPLADS-043711,Rajyavardhan Singh Rathore,Lok Sabha,Rajasthan,JAIPUR RURAL,,,JHOTWARA,Sarna Doongar,Normal/Others,NA - Construction of rooms and halls in school and colleges,DISTRICT COLLECTOR JAIPUR_IDA,2023-09-16,Action Pending,700000,Unsanctioned
MPLADS-043712,Rajyavardhan Singh Rathore,Lok Sabha,Rajasthan,JAIPUR RURAL,,,JHOTWARA,Niwaroo,Normal/Others,NA - Construction of rooms and halls in school and colleges,DISTRICT COLLECTOR JAIPUR_IDA,2023-09-16,Action Pending,1000000,Unsanctioned
MPLADS-043719,Rajyavardhan Singh Rathore,Lok Sabha,Rajasthan,JAIPUR RURAL,,,JOBNER,Murlipura,Normal/Others,NA - Construction of community centers and community halls,DISTRICT COLLECTOR JAIPUR_IDA,2023-09-16,Action Pending,700000,Unsanctioned
MPLADS-043720,Rajyavardhan Singh Rathore,Lok Sabha,Rajasthan,JAIPUR RURAL,,,JOBNER,Karansar,Normal/Others,NA - Construction of community centers and community halls,DISTRICT COLLECTOR JAIPUR_IDA,2023-09-16,Action Pending,700000,Unsanctioned
MPLADS-043721,Rajyavardhan Singh Rathore,Lok Sabha,Rajasthan,JAIPUR RURAL,,,JOBNER,Jorpura Jobner,Normal/Others,NA - Construction of rooms and halls in school and colleges,DISTRICT COLLECTOR JAIPUR_IDA,2023-09-16,Action Pending,300000,Unsanctioned
MPLADS-043722,Rajyavardhan Singh Rathore,Lok Sabha,Rajasthan,JAIPUR RURAL,,,JOBNER,Jorpura Jobner,Normal/Others,NA - Construction of community centers and community halls,DISTRICT COLLECTOR JAIPUR_IDA,2023-09-16,Action Pending,400000,Unsanctioned
MPLADS-043723,Rajyavardhan Singh Rathore,Lok Sabha,Rajasthan,JAIPUR RURAL,Greater Jaipur,61,,,Normal/Others,NA - Providing supply pipelines for drinking water,DISTRICT COLLECTOR JAIPUR_IDA,2023-09-16,Action Pending,500000,Unsanctioned
MPLADS-043724,Rajyavardhan Singh Rathore,Lok Sabha,Rajasthan,JAIPUR RURAL,,,JHOTWARA,Durjaniyawas,Normal/Others,NA - Construction of community centers and community halls,DISTRICT COLLECTOR JAIPUR_IDA,2023-09-16,Action Pending,600000,Unsanctioned
MPLADS-043725,Rajyavardhan Singh Rathore,Lok Sabha,Rajasthan,JAIPUR RURAL,,,JOBNER,Bobas,Normal/Others,NA - Construction of shelters for animals,DISTRICT COLLECTOR JAIPUR_IDA,2023-09-16,Action Pending,700000,Unsanctioned
MPLADS-043726,Rajyavardhan Singh Rathore,Lok Sabha,Rajasthan,JAIPUR RURAL,,,JOBNER,Bhojpura Kalan,Normal/Others,NA - Construction of rooms and halls in school and colleges,DISTRICT COLLECTOR JAIPUR_IDA,2023-09-16,Action Pending,700000,Unsanctioned
MPLADS-043727,Rajyavardhan Singh Rathore,Lok Sabha,Rajasthan,JAIPUR RURAL,,,JHOTWARA,Bhambhori,Normal/Others,NA - Construction of rooms and halls in school and colleges,DISTRICT COLLECTOR JAIPUR_IDA,2023-09-16,Action Pending,700000,Unsanctioned
MPLADS-043728,Rajyavardhan Singh Rathore,Lok Sabha,Rajasthan,JAIPUR RURAL,,,JHOTWARA,Begas,Normal/Others,NA - Construction of rooms and halls in school and colleges,DISTRICT COLLECTOR JAIPUR_IDA,2023-09-16,Action Pending,600000,Unsanctioned
MPLADS-043783,Rajyavardhan Singh Rathore,Lok Sabha,Rajasthan,JAIPUR RURAL,,,KISHANGARH RENWAL,Khedi Milak,Normal/Others,NA - Construction of community centers and community halls,DISTRICT COLLECTOR JAIPUR_IDA,2023-09-16,Action Pending,700000,Unsanctioned
MPLADS-043861,SHRI Kirodi Lal,Rajya Sabha,Rajasthan,Sitting Rajya Sabha,,,JAMWA RAMGARH,Indragarh,Normal/Others,NA - Construction of rooms and halls in school and colleges,DISTRICT COLLECTOR JAIPUR_IDA,2023-09-16,Action Pending,700000,Unsanctioned
MPLADS-043863,Dr Manmohan Singh,Rajya Sabha,Rajasthan,Sitting Rajya Sabha,,,BAP,Dholiya,Normal/Others,NA - Construction of public libraries and reading rooms,DISTRICT COLLECTOR JODHPUR_IDA,2023-09-16,Action Pending,500000,Unsanctioned
MPLADS-043864,Dr Manmohan Singh,Rajya Sabha,Rajasthan,Sitting Rajya Sabha,,,BAP,Dholiya,Normal/Others,NA - Construction of public libraries and reading rooms,DISTRICT COLLECTOR JODHPUR_IDA,2023-09-16,Action Pending,1000000,Unsanctioned
MPLADS-043865,Dr Manmohan Singh,Rajya Sabha,Rajasthan,Sitting Rajya Sabha,,,PHALODI,Naneu,Normal/Others,NA - Construction of public libraries and reading rooms,DISTRICT COLLECTOR JODHPUR_IDA,2023-09-16,Action Pending,500000,Unsanctioned
MPLADS-043866,Dr Manmohan Singh,Rajya Sabha,Rajasthan,Sitting Rajya Sabha,,,PHALODI,Malar,Normal/Others,NA - Construction of public libraries and reading rooms,DISTRICT COLLECTOR JODHPUR_IDA,2023-09-16,Action Pending,500000,Unsanctioned
MPLADS-043867,Dr Manmohan Singh,Rajya Sabha,Rajasthan,Sitting Rajya Sabha,,,BAP,Khetusar,Normal/Others,NA - Construction of public libraries and reading rooms,DISTRICT COLLECTOR JODHPUR_IDA,2023-09-16,Action Pending,1000000,Unsanctioned
MPLADS-043890,Dr Manmohan Singh,Rajya Sabha,Rajasthan,Sitting Rajya Sabha,,,PARBATSAR,Dholiya,Normal/Others,NA - Construction of rooms and halls in school and colleges,DISTRICT COLLECTOR NAGAUR_IDA,2023-09-16,Action Pending,700000,Unsanctioned
MPLADS-043970,Dr Manmohan Singh,Rajya Sabha,Rajasthan,Sitting Rajya Sabha,,,CHAMU,Lodta Haridasota,Normal/Others,NA - Construction of public libraries and reading rooms,DISTRICT COLLECTOR JODHPUR_IDA,2023-09-16,Action Pending,1000000,Unsanctioned
MPLADS-043971,Dr Manmohan Singh,Rajya Sabha,Rajasthan,Sitting Rajya Sabha,,,MOHANGARH,Moolana,Normal/Others,WS/MP143/2023-2024/21649 - Construction of public libraries and reading rooms,DISTRICT COLLECTOR JAISLAMER_IDA,2023-09-16,Approved by IDA,800000,Unsanctioned
MPLADS-044054,Dr Manmohan Singh,Rajya Sabha,Rajasthan,Sitting Rajya Sabha,,,MOHANGARH,Moolana,Normal/Others,WS/MP143/2023-2024/21648 - Construction of public libraries and reading rooms,DISTRICT COLLECTOR JAISLAMER_IDA,2023-09-16,Approved by IDA,1000000,Unsanctioned
MPLADS-044056,SH Bhupender Yadav,Rajya Sabha,Rajasthan,Sitting Rajya Sabha,,,KOTKASIM,Joriya,Normal/Others,NA - Providing drains and gutters for public drainage,DISTRICT COLLECTOR ALWAR_IDA,2023-09-16,Action Pending,1000000,Unsanctioned
MPLADS-044057,SH Bhupender Yadav,Rajya Sabha,Rajasthan,Sitting Rajya Sabha,,,RENI,Bahadko Kalan,Normal/Others,NA - Construction of public libraries and reading rooms,DISTRICT COLLECTOR ALWAR_IDA,2023-09-16,Action Pending,1000000,Unsanctioned
MPLADS-044058,SH Bhupender Yadav,Rajya Sabha,Rajasthan,Sitting Rajya Sabha,,,RENI,Bahadko Kalan,Normal/Others,"NA - Construction of roads, approach roads, link roads and pathways",DISTRICT COLLECTOR ALWAR_IDA,2023-09-16,Action Pending,1000000,Unsanctioned
MPLADS-044059,SH Bhupender Yadav,Rajya Sabha,Rajasthan,Sitting Rajya Sabha,,,RENI,Bahadko Kalan,Normal/Others,NA - Construction of boundary walls of existing public and community buildings,DISTRICT COLLECTOR ALWAR_IDA,2023-09-16,Action Pending,500000,Unsanctioned
MPLADS-044060,SH Bhupender Yadav,Rajya Sabha,Rajasthan,Sitting Rajya Sabha,,,RENI,Bahadko Kalan,Normal/Others,"NA - Construction of roads, approach roads, link roads and pathways",DISTRICT COLLECTOR ALWAR_IDA,2023-09-16,Action Pending,800000,Unsanctioned
MPLADS-044061,SH Bhupender Yadav,Rajya Sabha,Rajasthan,Sitting Rajya Sabha,,,RENI,Bahadko Kalan,Normal/Others,NA - Construction of community centers and community halls,DISTRICT COLLECTOR ALWAR_IDA,2023-09-16,Action Pending,1500000,Unsanctioned
MPLADS-044062,SH Bhupender Yadav,Rajya Sabha,Rajasthan,Sitting Rajya Sabha,,,MANDAWAR,Khanpuraheer,Normal/Others,NA - Development of playfields and sports grounds,DISTRICT COLLECTOR ALWAR_IDA,2023-09-16,Action Pending,4500000,Unsanctioned
MPLADS-044063,SH Bhupender Yadav,Rajya Sabha,Rajasthan,Sitting Rajya Sabha,,,MANDAWAR,Molawas,Normal/Others,"NA - Construction of roads, approach roads, link roads and pathways",DISTRICT COLLECTOR ALWAR_IDA,2023-09-16,Action Pending,3000000,Unsanctioned
MPLADS-044073,SH Bhupender Yadav,Rajya Sabha,Rajasthan,Sitting Rajya Sabha,,,KOTKASIM,Joriya,Normal/Others,NA - Providing drains and gutters for public drainage,DISTRICT COLLECTOR ALWAR_IDA,2023-09-16,Action Pending,1000000,Unsanctioned
MPLADS-044074,SH Bhupender Yadav,Rajya Sabha,Rajasthan,Sitting Rajya Sabha,,,KOTKASIM,Joriya,Normal/Others,NA - Providing drains and gutters for public drainage,DISTRICT COLLECTOR ALWAR_IDA,2023-09-16,Action Pending,1000000,Unsanctioned
MPLADS-044075,SH Bhupender Yadav,Rajya Sabha,Rajasthan,Sitting Rajya Sabha,,,KOTKASIM,Joriya,Normal/Others,NA - Providing drains and gutters for public drainage,DISTRICT COLLECTOR ALWAR_IDA,2023-09-16,Action Pending,1000000,Unsanctioned
MPLADS-044076,Dr Manmohan Singh,Rajya Sabha,Rajasthan,Sitting Rajya Sabha,,,MOLASAR,Dasana Khurd,Normal/Others,NA - Construction of rooms and halls in school and colleges,DISTRICT COLLECTOR NAGAUR_IDA,2023-09-16,Action Pending,2500000,Unsanctioned
MPLADS-044077,Dr Manmohan Singh,Rajya Sabha,Rajasthan,Sitting Rajya Sabha,,,BHANIYANA,Khokhargarh,Normal/Others,WS/MP143/2023-2024/21647 - Construction of public libraries and reading rooms,DISTRICT COLLECTOR JAISLAMER_IDA,2023-09-16,Approved by IDA,1000000,Sanctioned
MPLADS-044078,Dr Manmohan Singh,Rajya Sabha,Rajasthan,Sitting Rajya Sabha,,,VIRATNAGAR,Kukdela,Normal/Others,NA - Construction of rooms and halls in school and colleges,DISTRICT COLLECTOR JAIPUR_IDA,2023-09-16,Action Pending,600000,Unsanctioned
MPLADS-044079,Dr Manmohan Singh,Rajya Sabha,Rajasthan,Sitting Rajya Sabha,,,FATEHGARH,Moolana,Normal/Others,WS/MP143/2023-2024/21645 - Construction of rooms and halls in school and colleges,DISTRICT COLLECTOR JAISLAMER_IDA,2023-09-16,Approved by IDA,2000000,Unsanctioned
MPLADS-044080,Dr Manmohan Singh,Rajya Sabha,Rajasthan,Sitting Rajya Sabha,,,SAM,Surron Ki Dhani,Normal/Others,WS/MP143/2023-2024/21644 - Construction of public libraries and reading rooms,DISTRICT COLLECTOR JAISLAMER_IDA,2023-09-16,Approved by IDA,1500000,Ongoing
MPLADS-044081,Dr Manmohan Singh,Rajya Sabha,Rajasthan,Sitting Rajya Sabha,,,FATEHGARH,Moolana,Normal/Others,WS/MP143/2023-2024/21643 - Construction of rooms and halls in school and colleges,DISTRICT COLLECTOR JAISLAMER_IDA,2023-09-16,Approved by IDA,1000000,Unsanctioned
MPLADS-044082,Dr Manmohan Singh,Rajya Sabha,Rajasthan,Sitting Rajya Sabha,Jaipur Heritage,12,,,Normal/Others,NA - Construction of rooms and halls in school and colleges,DISTRICT COLLECTOR JAIPUR_IDA,2023-09-16,Action Pending,2000000,Unsanctioned
MPLADS-044083,Dr Manmohan Singh,Rajya Sabha,Rajasthan,Sitting Rajya Sabha,,,SIKRAI,Patan,Normal/Others,NA - Construction of rooms and halls in school and colleges,DISTRICT COLLECTOR DAUSA_IDA,2023-09-16,Action Pending,1500000,Unsanctioned
MPLADS-044084,Dr Manmohan Singh,Rajya Sabha,Rajasthan,Sitting Rajya Sabha,,,TUNGA,Toonga,Normal/Others,NA - Street lights,DISTRICT COLLECTOR JAIPUR_IDA,2023-09-16,Action Pending,800000,Unsanctioned
MPLADS-044085,SH Bhupender Yadav,Rajya Sabha,Rajasthan,Sitting Rajya Sabha,,,KOTKASIM,Joriya,Normal/Others,"NA - Construction of roads, approach roads, link roads and pathways",DISTRICT COLLECTOR ALWAR_IDA,2023-09-16,Action Pending,1000000,Unsanctioned
MPLADS-044086,Dr Manmohan Singh,Rajya Sabha,Rajasthan,Sitting Rajya Sabha,,,KUCHAMAN,Thathana,Normal/Others,NA - Construction of rooms and halls in school and colleges,DISTRICT COLLECTOR NAGAUR_IDA,2023-09-16,Action Pending,2500000,Unsanctioned
MPLADS-044087,Dr Manmohan Singh,Rajya Sabha,Rajasthan,Sitting Rajya Sabha,,,CHOHTAN,Sanau,Normal/Others,WS/MP143/2023-2024/21488 - Construction of public libraries and reading rooms,DISTRICT COLLECTOR BARMER_IDA,2023-09-16,Approved by IDA,800000,Unsanctioned
MPLADS-044088,Dr Manmohan Singh,Rajya Sabha,Rajasthan,Sitting Rajya Sabha,Greater Jaipur,49,,,Normal/Others,NA - Construction of rooms and halls in school and colleges,DISTRICT COLLECTOR JAIPUR_IDA,2023-09-16,Action Pending,2200000,Unsanctioned
MPLADS-044089,Dr Manmohan Singh,Rajya Sabha,Rajasthan,Sitting Rajya Sabha,,,DHOD,Kandlau,Normal/Others,WS/MP143/2023-2024/21486 - Construction of rooms and halls in school and colleges,DISTRICT COLLECTOR SIKAR_IDA,2023-09-16,Approved by IDA,1000000,Unsanctioned
MPLADS-044090,Dr Manmohan Singh,Rajya Sabha,Rajasthan,Sitting Rajya Sabha,,,DHOD,Palwas,Normal/Others,WS/MP143/2023-2024/21485 - Construction of rooms and halls in school and colleges,DISTRICT COLLECTOR SIKAR_IDA,2023-09-16,Approved by IDA,3000000,Unsanctioned
MPLADS-044091,Dr Manmohan Singh,Rajya Sabha,Rajasthan,Sitting Rajya Sabha,,,SHERGARH,Dalpatnagar,Normal/Others,NA - Construction of rooms and halls in school and colleges,DISTRICT COLLECTOR JODHPUR_IDA,2023-09-16,Action Pending,500000,Unsanctioned
MPLADS-044092,Dr Manmohan Singh,Rajya Sabha,Rajasthan,Sitting Rajya Sabha,,,NECHWA,Kumas Jageer,Normal/Others,NA - Construction of community centers and community halls,DISTRICT COLLECTOR SIKAR_IDA,2023-09-16,Action Pending,1000000,Unsanctioned
MPLADS-044135,Dr Manmohan Singh,Rajya Sabha,Rajasthan,Sitting Rajya Sabha,Jalore,34,,,Trust and Society,NA - Construction of buildings for training institutions,DISTRICT COLLECTOR JALORE_IDA,2023-09-16,Action Pending,2000000,Unsanctioned
MPLADS-044258,Rajyavardhan Singh Rathore,Lok Sabha,Rajasthan,JAIPUR RURAL,,,PAOTA,Bhonawas,Normal/Others,"NA - Construction of roads, approach roads, link roads and pathways",DISTRICT COLLECTOR JAIPUR_IDA,2023-09-15,Action Pending,700000,Unsanctioned
MPLADS-044259,Rajyavardhan Singh Rathore,Lok Sabha,Rajasthan,JAIPUR RURAL,,,KOTPUTLI,Bhaloji,Normal/Others,NA - Construction of community centers and community halls,DISTRICT COLLECTOR JAIPUR_IDA,2023-09-15,Action Pending,700000,Unsanctioned
MPLADS-044260,Rajyavardhan Singh Rathore,Lok Sabha,Rajasthan,JAIPUR RURAL,,,PAOTA,Bhainslana,Normal/Others,"NA - Construction of roads, link roads, pathways or any other road with or without drainage system",DISTRICT COLLECTOR JAIPUR_IDA,2023-09-15,Action Pending,700000,Unsanctioned
MPLADS-044261,Rajyavardhan Singh Rathore,Lok Sabha,Rajasthan,JAIPUR RURAL,,,KOTPUTLI,Basai,Normal/Others,"NA - Construction of roads, approach roads, link roads and pathways",DISTRICT COLLECTOR JAIPUR_IDA,2023-09-15,Action Pending,700000,Unsanctioned
MPLADS-044262,Rajyavardhan Singh Rathore,Lok Sabha,Rajasthan,JAIPUR RURAL,,,KOTPUTLI,Baneti,Normal/Others,NA - Development of playground,DISTRICT COLLECTOR JAIPUR_IDA,2023-09-15,Action Pending,700000,Unsanctioned
MPLADS-044263,Rajyavardhan Singh Rathore,Lok Sabha,Rajasthan,JAIPUR RURAL,,,KOTPUTLI,Bakhrana,Normal/Others,NA - Construction of rooms and halls in school and colleges,DISTRICT COLLECTOR JAIPUR_IDA,2023-09-15,Action Pending,600000,Unsanctioned
MPLADS-044264,Rajyavardhan Singh Rathore,Lok Sabha,Rajasthan,JAIPUR RURAL,,,JOBNER,Asalpur,Normal/Others,NA - Construction of community centers and community halls,DISTRICT COLLECTOR JAIPUR_IDA,2023-09-15,Action Pending,700000,Unsanctioned
MPLADS-044265,Dr Manmohan Singh,Rajya Sabha,Rajasthan,Sitting Rajya Sabha,Greater Jaipur,45,,,Normal/Others,NA - Construction of rooms and halls in school and colleges,DISTRICT COLLECTOR JAIPUR_IDA,2023-09-15,Action Pending,3000000,Unsanctioned
MPLADS-044266,Dr Manmohan Singh,Rajya Sabha,Rajasthan,Sitting Rajya Sabha,,,PHALODI,Baori Kalan,Normal/Others,NA - Construction of rooms and halls in school and colleges,DISTRICT COLLECTOR JODHPUR_IDA,2023-09-15,Action Pending,1000000,Unsanctioned
MPLADS-044267,Dr Manmohan Singh,Rajya Sabha,Rajasthan,Sitting Rajya Sabha,,,SIKRAI,Morer,Normal/Others,NA - Construction of rooms and halls in school and colleges,DISTRICT COLLECTOR DAUSA_IDA,2023-09-15,Action Pending,1000000,Unsanctioned
MPLADS-044268,Dr Manmohan Singh,Rajya Sabha,Rajasthan,Sitting Rajya Sabha,,,SIKRAI,Namner,Normal/Others,NA - Construction of rooms and halls in school and colleges,DISTRICT COLLECTOR DAUSA_IDA,2023-09-15,Action Pending,1000000,Unsanctioned
MPLADS-044269,Dr Manmohan Singh,Rajya Sabha,Rajasthan,Sitting Rajya Sabha,,,TODABHIM,Vishanpura Charan,Normal/Others,NA - Construction of rooms and halls in school and colleges,DISTRICT COLLECTOR KARAULI_IDA,2023-09-15,Action Pending,1400000,Unsanctioned
MPLADS-044270,Dr Manmohan Singh,Rajya Sabha,Rajasthan,Sitting Rajya Sabha,,,BAP,Noore Ki Burj,Normal/Others,WS/MP143/2023-2024/21132 - Construction of public libraries and reading rooms,DISTRICT COLLECTOR JODHPUR_IDA,2023-09-15,Approved by IDA,1000000,Unsanctioned
MPLADS-044488,Rajyavardhan Singh Rathore,Lok Sabha,Rajasthan,JAIPUR RURAL,,,PAOTA,Bhuree Bharaj,Normal/Others,NA - Construction of rooms and halls in school and colleges,DISTRICT COLLECTOR JAIPUR_IDA,2023-09-15,Action Pending,700000,Unsanctioned
MPLADS-044502,Kailash Choudhary,Lok Sabha,Rajasthan,BARMER,,,BARMER,Mahabar,Normal/Others,WS/MP733/2023-2024/20416 - Construction of community centers and community halls,DISTRICT COLLECTOR BARMER_IDA,2023-09-15,Approved by IDA,1000000,Unsanctioned
MPLADS-044503,Kailash Choudhary,Lok Sabha,Rajasthan,BARMER,,,SEDWA,Serwa,Normal/Others,NA - Construction of public libraries and reading rooms,DISTRICT COLLECTOR BARMER_IDA,2023-09-15,Action Pending,2000000,Unsanctioned
MPLADS-044505,Kailash Choudhary,Lok Sabha,Rajasthan,BARMER,,,BARMER,Maroodi,Normal/Others,NA - Forest conservation infrastructure,DISTRICT COLLECTOR BARMER_IDA,2023-09-15,Action Pending,700000,Unsanctioned
MPLADS-044506,Rajyavardhan Singh Rathore,Lok Sabha,Rajasthan,JAIPUR RURAL,,,JAMWA RAMGARH,Bhanpur Kalan,Normal/Others,NA - Construction of boundary walls of existing public and community buildings,DISTRICT COLLECTOR JAIPUR_IDA,2023-09-15,Action Pending,600000,Unsanctioned
MPLADS-044515,Dr Manmohan Singh,Rajya Sabha,Rajasthan,Sitting Rajya Sabha,,,BAP,Modkiya,Normal/Others,WS/MP143/2023-2024/21220 - Construction of public libraries and reading rooms,DISTRICT COLLECTOR JODHPUR_IDA,2023-09-15,Approved by IDA,1000000,Unsanctioned
MPLADS-044526,Rajyavardhan Singh Rathore,Lok Sabha,Rajasthan,JAIPUR RURAL,,,KOTPUTLI,Molahera,Normal/Others,NA - Construction of public libraries and reading rooms,DISTRICT COLLECTOR JAIPUR_IDA,2023-09-15,Action Pending,700000,Unsanctioned
MPLADS-044527,Rajyavardhan Singh Rathore,Lok Sabha,Rajasthan,JAIPUR RURAL,,,KOTPUTLI,Koojota,Normal/Others,"NA - Construction of roads, approach roads, link roads and pathways",DISTRICT COLLECTOR JAIPUR_IDA,2023-09-15,Action Pending,700000,Unsanctioned
MPLADS-044528,Rajyavardhan Singh Rathore,Lok Sabha,Rajasthan,JAIPUR RURAL,,,KOTPUTLI,Jaisinghpura,Normal/Others,NA - Construction of community centers and community halls,DISTRICT COLLECTOR JAIPUR_IDA,2023-09-15,Action Pending,700000,Unsanctioned
MPLADS-044529,Rajyavardhan Singh Rathore,Lok Sabha,Rajasthan,JAIPUR RURAL,,,PAOTA,Fatehpura Khurd,Normal/Others,NA - Construction of community centers and community halls,DISTRICT COLLECTOR JAIPUR_IDA,2023-09-15,Action Pending,700000,Unsanctioned
MPLADS-044530,Rajyavardhan Singh Rathore,Lok Sabha,Rajasthan,JAIPUR RURAL,,,JAMWA RAMGARH,Manota,Normal/Others,NA - Construction of boundary walls of existing public and community buildings,DISTRICT COLLECTOR JAIPUR_IDA,2023-09-15,Action Pending,1000000,Unsanctioned
MPLADS-044531,Rajyavardhan Singh Rathore,Lok Sabha,Rajasthan,JAIPUR RURAL,,,JAMWA RAMGARH,Manota,Normal/Others,NA - Construction of rooms and halls in school and colleges,DISTRICT COLLECTOR JAIPUR_IDA,2023-09-15,Action Pending,600000,Unsanctioned
MPLADS-044532,Rajyavardhan Singh Rathore,Lok Sabha,Rajasthan,JAIPUR RURAL,,,ANDHI,Mathasoola,Normal/Others,NA - Construction of community centers and community halls,DISTRICT COLLECTOR JAIPUR_IDA,2023-09-15,Action Pending,700000,Unsanctioned
MPLADS-044533,Rajyavardhan Singh Rathore,Lok Sabha,Rajasthan,JAIPUR RURAL,,,JAMWA RAMGARH,Nayla,Normal/Others,NA - Construction of rooms and halls in school and colleges,DISTRICT COLLECTOR JAIPUR_IDA,2023-09-15,Action Pending,700000,Unsanctioned
MPLADS-044537,Rajyavardhan Singh Rathore,Lok Sabha,Rajasthan,JAIPUR RURAL,,,ANDHI,Newar,Normal/Others,NA - Construction of community centers and community halls,DISTRICT COLLECTOR JAIPUR_IDA,2023-09-15,Action Pending,600000,Unsanctioned
MPLADS-044538,Rajyavardhan Singh Rathore,Lok Sabha,Rajasthan,JAIPUR RURAL,,,JAMWA RAMGARH,Rahori,Normal/Others,NA - Construction of rooms and halls in school and colleges,DISTRICT COLLECTOR JAIPUR_IDA,2023-09-15,Action Pending,700000,Unsanctioned
MPLADS-044539,Rajyavardhan Singh Rathore,Lok Sabha,Rajasthan,JAIPUR RURAL,,,ANDHI,Raipur,Normal/Others,NA - Construction of public libraries and reading rooms,DISTRICT COLLECTOR JAIPUR_IDA,2023-09-15,Action Pending,600000,Unsanctioned
MPLADS-044540,Rajyavardhan Singh Rathore,Lok Sabha,Rajasthan,JAIPUR RURAL,,,ANDHI,Raisar,Normal/Others,NA - Construction of community centers and community halls,DISTRICT COLLECTOR JAIPUR_IDA,2023-09-15,Action Pending,700000,Unsanctioned
MPLADS-044541,Rajyavardhan Singh Rathore,Lok Sabha,Rajasthan,JAIPUR RURAL,,,JAMWA RAMGARH,Rajpurwas Tala,Normal/Others,NA - Construction of public toilets and bathrooms,DISTRICT COLLECTOR JAIPUR_IDA,2023-09-15,Action Pending,500000,Unsanctioned
MPLADS-044542,Rajyavardhan Singh Rathore,Lok Sabha,Rajasthan,JAIPUR RURAL,,,JAMWA RAMGARH,Saipura,Normal/Others,NA - Construction of community centers and community halls,DISTRICT COLLECTOR JAIPUR_IDA,2023-09-15,Action Pending,700000,Unsanctioned
MPLADS-044543,Rajyavardhan Singh Rathore,Lok Sabha,Rajasthan,JAIPUR RURAL,,,JAMWA RAMGARH,Saiwar,Normal/Others,NA - Construction of rooms and halls in school and colleges,DISTRICT COLLECTOR JAIPUR_IDA,2023-09-15,Action Pending,700000,Unsanctioned
MPLADS-044545,Rajyavardhan Singh Rathore,Lok Sabha,Rajasthan,JAIPUR RURAL,,,ANDHI,Koliwara,Normal/Others,NA - Construction of additional rooms and halls in the existing public and community building,DISTRICT COLLECTOR JAIPUR_IDA,2023-09-15,Action Pending,600000,Unsanctioned
MPLADS-044546,Rajyavardhan Singh Rathore,Lok Sabha,Rajasthan,JAIPUR RURAL,,,JAMWA RAMGARH,Jamwa Ramgarh (CT),Normal/Others,NA - Construction of public libraries and reading rooms,DISTRICT COLLECTOR JAIPUR_IDA,2023-09-15,Action Pending,700000,Unsanctioned
MPLADS-044547,Rajyavardhan Singh Rathore,Lok Sabha,Rajasthan,JAIPUR RURAL,,,JAMWA RAMGARH,Jaichand Pura,Normal/Others,NA - Construction of public libraries and reading rooms,DISTRICT COLLECTOR JAIPUR_IDA,2023-09-15,Action Pending,400000,Unsanctioned
MPLADS-044548,Rajyavardhan Singh Rathore,Lok Sabha,Rajasthan,JAIPUR RURAL,,,JAMWA RAMGARH,Dhaula,Normal/Others,NA - Construction of community centers and community halls,DISTRICT COLLECTOR JAIPUR_IDA,2023-09-15,Action Pending,700000,Unsanctioned
MPLADS-044549,Rajyavardhan Singh Rathore,Lok Sabha,Rajasthan,JAIPUR RURAL,,,KOTPUTLI,Deota,Normal/Others,NA - Construction of community centers and community halls,DISTRICT COLLECTOR JAIPUR_IDA,2023-09-15,Action Pending,700000,Unsanctioned
MPLADS-044550,Rajyavardhan Singh Rathore,Lok Sabha,Rajasthan,JAIPUR RURAL,,,PAOTA,Buchara,Normal/Others,NA - Construction of community centers and community halls,DISTRICT COLLECTOR JAIPUR_IDA,2023-09-15,Action Pending,700000,Unsanctioned
MPLADS-044551,Ramcharan Bohra,Lok Sabha,Rajasthan,JAIPUR,Bagru,Muhana,,,Normal/Others,NA - Construction of rooms and halls in school and colleges,DISTRICT COLLECTOR JAIPUR_IDA,2023-09-15,Action Pending,1000000,Unsanctioned
MPLADS-044552,Ramcharan Bohra,Lok Sabha,Rajasthan,JAIPUR,Greater Jaipur,Adarsh Nagar,,,Normal/Others,NA - Construction of community centers and community halls,DISTRICT COLLECTOR JAIPUR_IDA,2023-09-15,Action Pending,500000,Unsanctioned
MPLADS-044553,Ramcharan Bohra,Lok Sabha,Rajasthan,JAIPUR,Bagru,Muhana,,,Normal/Others,NA - Construction of rooms and halls in school and colleges,DISTRICT COLLECTOR JAIPUR_IDA,2023-09-15,Action Pending,500000,Unsanctioned
MPLADS-044554,Rajyavardhan Singh Rathore,Lok Sabha,Rajasthan,JAIPUR RURAL,,,ANDHI,Devitala,Normal/Others,NA - Construction of community centers and community halls,DISTRICT COLLECTOR JAIPUR_IDA,2023-09-15,Action Pending,500000,Unsanctioned
MPLADS-044555,Rajyavardhan Singh Rathore,Lok Sabha,Rajasthan,JAIPUR RURAL,,,ANDHI,Dhoola Raoji,Normal/Others,NA - Construction of rooms and halls in school and colleges,DISTRICT COLLECTOR JAIPUR_IDA,2023-09-15,Action Pending,700000,Unsanctioned
MPLADS-044556,Rajyavardhan Singh Rathore,Lok Sabha,Rajasthan,JAIPUR RURAL,,,JAMWA RAMGARH,Jaichand Pura,Normal/Others,NA - Construction of rooms and halls in school and colleges,DISTRICT COLLECTOR JAIPUR_IDA,2023-09-15,Action Pending,300000,Unsanctioned
MPLADS-044557,Rajyavardhan Singh Rathore,Lok Sabha,Rajasthan,JAIPUR RURAL,,,JAMWA RAMGARH,Gathwari,Normal/Others,NA - Construction of additional rooms and halls in the existing public and community building,DISTRICT COLLECTOR JAIPUR_IDA,2023-09-15,Action Pending,1000000,Unsanctioned
MPLADS-044558,Nihal Chand Chauhan,Lok Sabha,Rajasthan,GANGANAGAR(SC),Sri Ganganagar,0,,,Repair and Renovation,NA - Construction of community centers and community halls,DISTRICT COLLECTOR SRIGANGANAGAR_IDA,2023-09-15,Action Pending,300000,Unsanctioned
MPLADS-044559,Nihal Chand Chauhan,Lok Sabha,Rajasthan,GANGANAGAR(SC),,,ANUPGARH,90 Gb,Normal/Others,NA - Construction of boundary walls of existing public and community buildings,DISTRICT COLLECTOR SRIGANGANAGAR_IDA,2023-09-15,Action Pending,1000000,Unsanctioned
MPLADS-044560,Nihal Chand Chauhan,Lok Sabha,Rajasthan,GANGANAGAR(SC),,,ANUPGARH,1 Lsm,Normal/Others,NA - Construction of rooms and halls in school and colleges,DISTRICT COLLECTOR SRIGANGANAGAR_IDA,2023-09-15,Action Pending,1200000,Unsanctioned
MPLADS-044561,Nihal Chand Chauhan,Lok Sabha,Rajasthan,GANGANAGAR(SC),Kesrisinghpur,0,,,Repair and Renovation,NA - Construction of rooms and halls in school and colleges,DISTRICT COLLECTOR SRIGANGANAGAR_IDA,2023-09-15,Action Pending,100000,Unsanctioned
MPLADS-044562,Rajyavardhan Singh Rathore,Lok Sabha,Rajasthan,JAIPUR RURAL,,,JAMWA RAMGARH,Gopalgarh,Normal/Others,NA - Construction of rooms and halls in school and colleges,DISTRICT COLLECTOR JAIPUR_IDA,2023-09-15,Action Pending,700000,Unsanctioned
MPLADS-044606,Dr Manmohan Singh,Rajya Sabha,Rajasthan,Sitting Rajya Sabha,Greater Jaipur,45,,,Normal/Others,NA - Construction of rooms and halls in school and colleges,DISTRICT COLLECTOR JAIPUR_IDA,2023-09-15,Action Pending,3550000,Unsanctioned
MPLADS-044607,Dr Manmohan Singh,Rajya Sabha,Rajasthan,Sitting Rajya Sabha,,,MAKRANA,Joosri,Normal/Others,NA - Construction of rooms and halls in school and colleges,DISTRICT COLLECTOR NAGAUR_IDA,2023-09-15,Action Pending,2500000,Unsanctioned
MPLADS-044608,Dr Manmohan Singh,Rajya Sabha,Rajasthan,Sitting Rajya Sabha,,,SIKRAI,Kherla,Normal/Others,NA - Construction of rooms and halls in school and colleges,DISTRICT COLLECTOR DAUSA_IDA,2023-09-15,Action Pending,1000000,Unsanctioned
MPLADS-044609,Dr Manmohan Singh,Rajya Sabha,Rajasthan,Sitting Rajya Sabha,,,NEWAI,Niwai (Rural),Normal/Others,NA - Construction of additional rooms and halls in the existing public and community building,DISTRICT COLLECTOR TONK_IDA,2023-09-15,Action Pending,2000000,Unsanctioned
MPLADS-044610,Dr Manmohan Singh,Rajya Sabha,Rajasthan,Sitting Rajya Sabha,,,SIKRAI,Pancholi,Repair and Renovation,NA - Construction of rooms and halls in school and colleges,DISTRICT COLLECTOR DAUSA_IDA,2023-09-15,Action Pending,1000000,Unsanctioned
MPLADS-044611,Dr Manmohan Singh,Rajya Sabha,Rajasthan,Sitting Rajya Sabha,,,BHANIYANA,Sardarsingh Ki Dhani,Normal/Others,WS/MP143/2023-2024/21214 - Construction of public libraries and reading rooms,DISTRICT COLLECTOR JAISLAMER_IDA,2023-09-15,Approved by IDA,1000000,Ongoing
MPLADS-044612,Dr Manmohan Singh,Rajya Sabha,Rajasthan,Sitting Rajya Sabha,,,FATEHGARH,Moolana,Normal/Others,WS/MP143/2023-2024/21215 - Construction of public libraries and reading rooms,DISTRICT COLLECTOR JAISLAMER_IDA,2023-09-15,Approved by IDA,1000000,Unsanctioned
MPLADS-044613,Dr Manmohan Singh,Rajya Sabha,Rajasthan,Sitting Rajya Sabha,,,FATEHGARH,Moolana,Normal/Others,WS/MP143/2023-2024/21216 - Construction of rooms and halls in school and colleges,DISTRICT COLLECTOR JAISLAMER_IDA,2023-09-15,Approved by IDA,1500000,Unsanctioned
MPLADS-044614,Dr Manmohan Singh,Rajya Sabha,Rajasthan,Sitting Rajya Sabha,,,PHALODI,Mokheri,Normal/Others,WS/MP143/2023-2024/21217 - Construction of public libraries and reading rooms,DISTRICT COLLECTOR JODHPUR_IDA,2023-09-15,Approved by IDA,1000000,Unsanctioned
MPLADS-044615,Dr Manmohan Singh,Rajya Sabha,Rajasthan,Sitting Rajya Sabha,,,BAP,Dholiya,Normal/Others,WS/MP143/2023-2024/21218 - Construction of public libraries and reading rooms,DISTRICT COLLECTOR JODHPUR_IDA,2023-09-15,Approved by IDA,500000,Unsanctioned
MPLADS-044616,Dr Manmohan Singh,Rajya Sabha,Rajasthan,Sitting Rajya Sabha,,,PHALODI,Naneu,Normal/Others,WS/MP143/2023-2024/21219 - Construction of public libraries and reading rooms,DISTRICT COLLECTOR JODHPUR_IDA,2023-09-15,Approved by IDA,1000000,Unsanctioned
MPLADS-044655,Rajyavardhan Singh Rathore,Lok Sabha,Rajasthan,JAIPUR RURAL,,,JAMWA RAMGARH,Saiwar,Normal/Others,NA - Construction of community centers and community halls,DISTRICT COLLECTOR JAIPUR_IDA,2023-09-15,Action Pending,500000,Unsanctioned
MPLADS-044675,Rajyavardhan Singh Rathore,Lok Sabha,Rajasthan,JAIPUR RURAL,,,JAMWA RAMGARH,Sau Siran,Normal/Others,NA - Construction of rooms and halls in school and colleges,DISTRICT COLLECTOR JAIPUR_IDA,2023-09-15,Action Pending,700000,Unsanctioned
MPLADS-044676,Rajyavardhan Singh Rathore,Lok Sabha,Rajasthan,JAIPUR RURAL,,,ANDHI,Thali,Normal/Others,NA - Construction of community centers and community halls,DISTRICT COLLECTOR JAIPUR_IDA,2023-09-15,Action Pending,600000,Unsanctioned
MPLADS-044677,Rajyavardhan Singh Rathore,Lok Sabha,Rajasthan,JAIPUR RURAL,,,ANDHI,Dhamsya,Normal/Others,NA - Construction of rooms and halls in school and colleges,DISTRICT COLLECTOR JAIPUR_IDA,2023-09-15,Action Pending,700000,Unsanctioned
MPLADS-044678,Rajyavardhan Singh Rathore,Lok Sabha,Rajasthan,JAIPUR RURAL,,,JAMWA RAMGARH,Chawand Ka Mand,Normal/Others,NA - Construction of rooms and halls in school and colleges,DISTRICT COLLECTOR JAIPUR_IDA,2023-09-15,Action Pending,700000,Unsanctioned
MPLADS-044680,Rajyavardhan Singh Rathore,Lok Sabha,Rajasthan,JAIPUR RURAL,,,PAOTA,Dhadha,Normal/Others,NA - Construction of community centers and community halls,DISTRICT COLLECTOR JAIPUR_IDA,2023-09-15,Action Pending,700000,Unsanctioned
MPLADS-044695,Dr Manmohan Singh,Rajya Sabha,Rajasthan,Sitting Rajya Sabha,,,KUCHAMAN,Kukanwali,Normal/Others,NA - Construction of rooms and halls in school and colleges,DISTRICT COLLECTOR NAGAUR_IDA,2023-09-15,Action Pending,2500000,Unsanctioned
MPLADS-044698,Rajyavardhan Singh Rathore,Lok Sabha,Rajasthan,JAIPUR RURAL,,,JAMWA RAMGARH,Booj,Normal/Others,NA - Construction of rooms and halls in school and colleges,DISTRICT COLLECTOR JAIPUR_IDA,2023-09-15,Action Pending,700000,Unsanctioned
MPLADS-044699,Rajyavardhan Singh Rathore,Lok Sabha,Rajasthan,JAIPUR RURAL,,,JAMWA RAMGARH,Bobari,Normal/Others,NA - Construction of community centers and community halls,DISTRICT COLLECTOR JAIPUR_IDA,2023-09-15,Action Pending,400000,Unsanctioned
MPLADS-044700,Rajyavardhan Singh Rathore,Lok Sabha,Rajasthan,JAIPUR RURAL,,,JAMWA RAMGARH,Bobari,Normal/Others,NA - Construction of community centers and community halls,DISTRICT COLLECTOR JAIPUR_IDA,2023-09-15,Action Pending,400000,Unsanctioned
MPLADS-044701,Rajyavardhan Singh Rathore,Lok Sabha,Rajasthan,JAIPUR RURAL,,,JAMWA RAMGARH,Bilod,Normal/Others,NA - Construction of rooms and halls in school and colleges,DISTRICT COLLECTOR JAIPUR_IDA,2023-09-15,Action Pending,700000,Unsanctioned
MPLADS-044787,Kailash Choudhary,Lok Sabha,Rajasthan,BARMER,,,BALTORA,Ramseen,Normal/Others,"WS/MP733/2023-2024/19910 - Construction of roads, link roads, pathways or any other road with or without drainage system",DISTRICT COLLECTOR BARMER_IDA,2023-09-14,Approved by IDA,700000,Ongoing
MPLADS-044788,Rajyavardhan Singh Rathore,Lok Sabha,Rajasthan,JAIPUR RURAL,,,Jalsu,Raithal,Normal/Others,NA - Construction of community centers and community halls,DISTRICT COLLECTOR JAIPUR_IDA,2023-09-14,Action Pending,700000,Unsanctioned
MPLADS-044789,Kailash Choudhary,Lok Sabha,Rajasthan,BARMER,,,BAYTOO,Bayatu Chimanji,Normal/Others,NA - Construction of shelters for animals,DISTRICT COLLECTOR BARMER_IDA,2023-09-14,Action Pending,500000,Unsanctioned
MPLADS-044790,Kailash Choudhary,Lok Sabha,Rajasthan,BARMER,,,KALYANPUR,Kuri,Normal/Others,WS/MP733/2023-2024/19912 - Construction of rooms and halls in school and colleges,DISTRICT COLLECTOR BARMER_IDA,2023-09-14,Approved by IDA,700000,Unsanctioned
MPLADS-044791,Kailash Choudhary,Lok Sabha,Rajasthan,BARMER,Barmer,.,,,Normal/Others,WS/MP733/2023-2024/19913 - Construction of rooms and halls in school and colleges,DISTRICT COLLECTOR BARMER_IDA,2023-09-14,Approved by IDA,500000,Unsanctioned
MPLADS-044792,Kailash Choudhary,Lok Sabha,Rajasthan,BARMER,,,GIRA,Indroniyon Ka Tala,Normal/Others,WS/MP733/2023-2024/19904 - Construction of community centers and community halls,DISTRICT COLLECTOR BARMER_IDA,2023-09-14,Approved by IDA,800000,Ongoing
MPLADS-044793,Kailash Choudhary,Lok Sabha,Rajasthan,BARMER,,,BARMER,Barmer Gadan,Normal/Others,NA - Construction of public libraries and reading rooms,DISTRICT COLLECTOR BARMER_IDA,2023-09-14,Action Pending,2000000,Unsanctioned
MPLADS-044794,Kailash Choudhary,Lok Sabha,Rajasthan,BARMER,Balotra,.,,,Normal/Others,WS/MP733/2023-2024/19905 - Improvement of electricity distribution infrastructure,DISTRICT COLLECTOR BARMER_IDA,2023-09-14,Approved by IDA,535000,Completed
MPLADS-044796,Rajyavardhan Singh Rathore,Lok Sabha,Rajasthan,JAIPUR RURAL,,,Jalsu,Punana,Normal/Others,NA - Construction of rooms and halls in school and colleges,DISTRICT COLLECTOR JAIPUR_IDA,2023-09-14,Action Pending,700000,Unsanctioned
MPLADS-044797,Rajyavardhan Singh Rathore,Lok Sabha,Rajasthan,JAIPUR RURAL,,,Jalsu,Maheshwas Kalan,Normal/Others,NA - Construction of additional rooms and halls in the existing public and community building,DISTRICT COLLECTOR JAIPUR_IDA,2023-09-14,Action Pending,700000,Unsanctioned
MPLADS-044798,Rajyavardhan Singh Rathore,Lok Sabha,Rajasthan,JAIPUR RURAL,,,AMBER,Lakher,Normal/Others,NA - Construction of public libraries and reading rooms,DISTRICT COLLECTOR JAIPUR_IDA,2023-09-14,Action Pending,700000,Unsanctioned
MPLADS-044799,Rajyavardhan Singh Rathore,Lok Sabha,Rajasthan,JAIPUR RURAL,,,AMBER,Kookas,Normal/Others,NA - Construction of rooms and halls in school and colleges,DISTRICT COLLECTOR JAIPUR_IDA,2023-09-14,Action Pending,700000,Unsanctioned
MPLADS-044800,Rajyavardhan Singh Rathore,Lok Sabha,Rajasthan,JAIPUR RURAL,,,Jalsu,Khora Shyamdas,Normal/Others,NA - Construction of rooms and halls in school and colleges,DISTRICT COLLECTOR JAIPUR_IDA,2023-09-14,Action Pending,700000,Unsanctioned
MPLADS-044801,Rajyavardhan Singh Rathore,Lok Sabha,Rajasthan,JAIPUR RURAL,,,AMBER,Khora Meena,Normal/Others,NA - Construction of rooms and halls in school and colleges,DISTRICT COLLECTOR JAIPUR_IDA,2023-09-14,Action Pending,700000,Unsanctioned
MPLADS-044802,Kailash Choudhary,Lok Sabha,Rajasthan,BARMER,,,SHEO,Neembala,Normal/Others,NA - Construction of rooms and halls in school and colleges,DISTRICT COLLECTOR BARMER_IDA,2023-09-14,Action Pending,500000,Unsanctioned
MPLADS-044803,Kailash Choudhary,Lok Sabha,Rajasthan,BARMER,,,MOHANGARH,Jawahar Nagar,Normal/Others,NA - Construction of public libraries and reading rooms,DISTRICT COLLECTOR JAISLAMER_IDA,2023-09-14,Action Pending,1100000,Unsanctioned
MPLADS-044804,Kailash Choudhary,Lok Sabha,Rajasthan,BARMER,,,PANYLA KLA,Ramdeora,Normal/Others,NA - Installing tube-wells and borewells,DISTRICT COLLECTOR BARMER_IDA,2023-09-14,Action Pending,800000,Unsanctioned
MPLADS-044805,Kailash Choudhary,Lok Sabha,Rajasthan,BARMER,,,BAYTOO,Jhak,Normal/Others,WS/MP733/2023-2024/19906 - Construction of public libraries and reading rooms,DISTRICT COLLECTOR BARMER_IDA,2023-09-14,Approved by IDA,500000,Unsanctioned
MPLADS-044806,Kailash Choudhary,Lok Sabha,Rajasthan,BARMER,,,SHEO,Mokhab Khurd,Normal/Others,NA - Construction of rooms and halls in school and colleges,DISTRICT COLLECTOR BARMER_IDA,2023-09-14,Action Pending,500000,Unsanctioned
MPLADS-044807,Kailash Choudhary,Lok Sabha,Rajasthan,BARMER,,,DHANAU,Hardanpura,Normal/Others,NA - Installing tube-wells and borewells,DISTRICT COLLECTOR BARMER_IDA,2023-09-14,Action Pending,800000,Unsanctioned
MPLADS-044808,Rajyavardhan Singh Rathore,Lok Sabha,Rajasthan,JAIPUR RURAL,,,Jalsu,Khorabeesal,Normal/Others,NA - Construction of rooms and halls in school and colleges,DISTRICT COLLECTOR JAIPUR_IDA,2023-09-14,Action Pending,700000,Unsanctioned
MPLADS-044817,Rajyavardhan Singh Rathore,Lok Sabha,Rajasthan,JAIPUR RURAL,,,KOTPUTLI,Nangal Panditpura,Normal/Others,NA - Construction of community centers and community halls,DISTRICT COLLECTOR JAIPUR_IDA,2023-09-14,Action Pending,700000,Unsanctioned
MPLADS-044818,Rajyavardhan Singh Rathore,Lok Sabha,Rajasthan,JAIPUR RURAL,,,KOTPUTLI,Nareda,Normal/Others,NA - Construction of community centers and community halls,DISTRICT COLLECTOR JAIPUR_IDA,2023-09-14,Action Pending,700000,Unsanctioned
MPLADS-044819,Rajyavardhan Singh Rathore,Lok Sabha,Rajasthan,JAIPUR RURAL,,,PAOTA,Panditpura,Normal/Others,"NA - Construction of roads, approach roads, link roads and pathways",DISTRICT COLLECTOR JAIPUR_IDA,2023-09-14,Action Pending,700000,Unsanctioned
MPLADS-044820,Rajyavardhan Singh Rathore,Lok Sabha,Rajasthan,JAIPUR RURAL,,,PAOTA,Pathreri,Normal/Others,NA - Construction of rooms and halls in school and colleges,DISTRICT COLLECTOR JAIPUR_IDA,2023-09-14,Action Pending,700000,Unsanctioned
MPLADS-044821,Rajyavardhan Singh Rathore,Lok Sabha,Rajasthan,JAIPUR RURAL,,,PAOTA,Purushottampura,Normal/Others,NA - Construction of rooms and halls in school and colleges,DISTRICT COLLECTOR JAIPUR_IDA,2023-09-14,Action Pending,700000,Unsanctioned
MPLADS-044861,Rajyavardhan Singh Rathore,Lok Sabha,Rajasthan,JAIPUR RURAL,,,AMBER,RUNDAL,Normal/Others,NA - Construction of public libraries and reading rooms,DISTRICT COLLECTOR JAIPUR_IDA,2023-09-14,Action Pending,1000000,Unsanctioned
MPLADS-044862,Om Birla,Lok Sabha,Rajasthan,KOTA,,,SANGOD,Moru Kalan,Normal/Others,NA - Crematoriums or structures on burial/ cremation ground for public convenience,DISTRICT COLLECTOR KOTA_IDA,2023-09-14,Action Pending,500000,Unsanctioned
MPLADS-044863,Om Birla,Lok Sabha,Rajasthan,KOTA,,,ITAWA,Khera,Normal/Others,NA - Crematoriums or structures on burial/ cremation ground for public convenience,DISTRICT COLLECTOR KOTA_IDA,2023-09-14,Action Pending,300000,Unsanctioned
MPLADS-044864,Om Birla,Lok Sabha,Rajasthan,KOTA,,,SULTANPUR,Bhanda Hera,Normal/Others,WS/MP727/2023-2024/20110 - Renovation of ponds and lakes,DISTRICT COLLECTOR KOTA_IDA,2023-09-14,Approved by IDA,500000,Unsanctioned
MPLADS-044865,Om Birla,Lok Sabha,Rajasthan,KOTA,,,KHAIRABAD,Alod,Normal/Others,WS/MP727/2023-2024/20109 - Construction of rooms and halls in school and colleges,DISTRICT COLLECTOR KOTA_IDA,2023-09-14,Approved by IDA,500000,Completed
MPLADS-044866,Om Birla,Lok Sabha,Rajasthan,KOTA,,,KHAIRABAD,Chechat (CT),Normal/Others,WS/MP727/2023-2024/20108 - Construction of rooms and halls in school and colleges,DISTRICT COLLECTOR KOTA_IDA,2023-09-14,Approved by IDA,500000,Unsanctioned
MPLADS-044867,Om Birla,Lok Sabha,Rajasthan,KOTA,,,SULTANPUR,Padasalya,Normal/Others,NA - Construction of additional rooms and halls in the existing public and community building,DISTRICT COLLECTOR KOTA_IDA,2023-09-14,Action Pending,300000,Unsanctioned
MPLADS-044868,Om Birla,Lok Sabha,Rajasthan,KOTA,,,KESHORAIPATAN,Lesarda,Normal/Others,NA - Construction of common work sheds/ common covered sitting area,DISTRICT COLLECTOR BUNDI_IDA,2023-09-14,Action Pending,500000,Unsanctioned
MPLADS-044869,Om Birla,Lok Sabha,Rajasthan,KOTA,SULTANPUR,8,,,Normal/Others,NA - Crematoriums or structures on burial/ cremation ground for public convenience,DISTRICT COLLECTOR KOTA_IDA,2023-09-14,Action Pending,500000,Unsanctioned
MPLADS-044870,Om Birla,Lok Sabha,Rajasthan,KOTA,,,BUNDI,Kalpuriya,Normal/Others,WS/MP727/2023-2024/20104 - Construction of common work sheds/ common covered sitting area,DISTRICT COLLECTOR BUNDI_IDA,2023-09-14,Approved by IDA,500000,Unsanctioned
MPLADS-044871,Om Birla,Lok Sabha,Rajasthan,KOTA,,,BUNDI,Khatiyari,Normal/Others,WS/MP727/2023-2024/20103 - Construction of bus-sheds or bus-stops,DISTRICT COLLECTOR BUNDI_IDA,2023-09-14,Approved by IDA,400000,Unsanctioned
MPLADS-044872,Om Birla,Lok Sabha,Rajasthan,KOTA,,,TALERA,Daglawda,Normal/Others,WS/MP727/2023-2024/20102 - Renovation of ponds and lakes,DISTRICT COLLECTOR BUNDI_IDA,2023-09-14,Approved by IDA,250000,Unsanctioned
MPLADS-044873,Om Birla,Lok Sabha,Rajasthan,KOTA,Kota-South,73,,,Normal/Others,"NA - Purchase of IT systems, including hardware and software for educational purposes",DISTRICT COLLECTOR KOTA_IDA,2023-09-14,Action Pending,500000,Unsanctioned
MPLADS-044882,Rajyavardhan Singh Rathore,Lok Sabha,Rajasthan,JAIPUR RURAL,,,AMBER,Sirohi,Normal/Others,NA - Construction of community centers and community halls,DISTRICT COLLECTOR JAIPUR_IDA,2023-09-14,Action Pending,700000,Unsanctioned
MPLADS-044883,Rajyavardhan Singh Rathore,Lok Sabha,Rajasthan,JAIPUR RURAL,,,KOTPUTLI,Raikaranpura,Normal/Others,NA - Construction of community centers and community halls,DISTRICT COLLECTOR JAIPUR_IDA,2023-09-14,Action Pending,700000,Unsanctioned
MPLADS-044884,Rajyavardhan Singh Rathore,Lok Sabha,Rajasthan,JAIPUR RURAL,,,Jalsu,Sirsali,Normal/Others,NA - Installing tube-wells and borewells,DISTRICT COLLECTOR JAIPUR_IDA,2023-09-14,Action Pending,500000,Unsanctioned
MPLADS-045153,Kailash Choudhary,Lok Sabha,Rajasthan,BARMER,,,Patodi,Gundawari,Normal/Others,NA - Construction of public libraries and reading rooms,DISTRICT COLLECTOR BARMER_IDA,2023-09-13,Action Pending,700000,Unsanctioned
MPLADS-045154,Kailash Choudhary,Lok Sabha,Rajasthan,BARMER,Jaisalmer,.,,,Normal/Others,WS/MP733/2023-2024/19482 - Construction of public libraries and reading rooms,DISTRICT COLLECTOR JAISLAMER_IDA,2023-09-13,Approved by IDA,1100000,Unsanctioned
MPLADS-045155,Kailash Choudhary,Lok Sabha,Rajasthan,BARMER,Balotra,32,,,Normal/Others,NA - Construction of shelters for animals,DISTRICT COLLECTOR BARMER_IDA,2023-09-13,Action Pending,500000,Unsanctioned
MPLADS-045156,Kailash Choudhary,Lok Sabha,Rajasthan,BARMER,,,JAISALMER,Bada Bag,Normal/Others,WS/MP733/2023-2024/19484 - Construction of boundary walls of existing public and community buildings,DISTRICT COLLECTOR JAISLAMER_IDA,2023-09-13,Approved by IDA,500000,Unsanctioned
MPLADS-045157,Kailash Choudhary,Lok Sabha,Rajasthan,BARMER,,,BALTORA,Moongra,Normal/Others,NA - Construction of public libraries and reading rooms,DISTRICT COLLECTOR BARMER_IDA,2023-09-13,Action Pending,1000000,Unsanctioned
MPLADS-045158,Kailash Choudhary,Lok Sabha,Rajasthan,BARMER,,,KALYANPUR,Kuri,Normal/Others,NA - Construction of community centers and community halls,DISTRICT COLLECTOR BARMER_IDA,2023-09-13,Action Pending,700000,Unsanctioned
MPLADS-045159,Kailash Choudhary,Lok Sabha,Rajasthan,BARMER,,,FATEHGARH,Devikot,Normal/Others,WS/MP733/2023-2024/19487 - Construction of community centers and community halls,DISTRICT COLLECTOR JAISLAMER_IDA,2023-09-13,Approved by IDA,500000,Unsanctioned
MPLADS-045160,Kailash Choudhary,Lok Sabha,Rajasthan,BARMER,,,SAM,Raghwa,Normal/Others,"NA - Construction of roads, approach roads, link roads and pathways",DISTRICT COLLECTOR JAISLAMER_IDA,2023-09-13,Action Pending,1000000,Unsanctioned
MPLADS-045161,Kailash Choudhary,Lok Sabha,Rajasthan,BARMER,,,CHOHTAN,Pananiyo ka Tala,Normal/Others,NA - Construction of shelters for animals,DISTRICT COLLECTOR BARMER_IDA,2023-09-13,Action Pending,1000000,Unsanctioned
MPLADS-045162,Kailash Choudhary,Lok Sabha,Rajasthan,BARMER,,,KALYANPUR,Tirsingri Sodha,Normal/Others,WS/MP733/2023-2024/19491 - Construction of public libraries and reading rooms,DISTRICT COLLECTOR BARMER_IDA,2023-09-13,Approved by IDA,1500000,Unsanctioned
MPLADS-045164,Kailash Choudhary,Lok Sabha,Rajasthan,BARMER,,,KALYANPUR,Thob,Normal/Others,NA - Construction of community centers and community halls,DISTRICT COLLECTOR BARMER_IDA,2023-09-13,Action Pending,500000,Unsanctioned
MPLADS-045165,Kailash Choudhary,Lok Sabha,Rajasthan,BARMER,,,RAMSAR,Ramsar,Normal/Others,NA - Construction of public libraries and reading rooms,DISTRICT COLLECTOR BARMER_IDA,2023-09-13,Action Pending,2000000,Unsanctioned
MPLADS-045166,Kailash Choudhary,Lok Sabha,Rajasthan,BARMER,Barmer,.,,,Normal/Others,WS/MP733/2023-2024/19495 - Construction of public libraries and reading rooms,DISTRICT COLLECTOR BARMER_IDA,2023-09-13,Approved by IDA,1300000,Unsanctioned
MPLADS-045167,Kailash Choudhary,Lok Sabha,Rajasthan,BARMER,Jaisalmer,.,,,Normal/Others,WS/MP733/2023-2024/19496 - Construction of community centers and community halls,DISTRICT COLLECTOR JAISLAMER_IDA,2023-09-13,Approved by IDA,2000000,Unsanctioned
MPLADS-045168,Kailash Choudhary,Lok Sabha,Rajasthan,BARMER,,,BALTORA,Moongra,Normal/Others,NA - Construction of community centers and community halls,DISTRICT COLLECTOR BARMER_IDA,2023-09-13,Action Pending,1000000,Unsanctioned
MPLADS-045169,Kailash Choudhary,Lok Sabha,Rajasthan,BARMER,,,BALTORA,Akarli Bakshiram,Normal/Others,NA - Construction of shelters for animals,DISTRICT COLLECTOR BARMER_IDA,2023-09-13,Action Pending,500000,Unsanctioned
MPLADS-045170,Kailash Choudhary,Lok Sabha,Rajasthan,BARMER,,,KALYANPUR,Kalyanpur,Normal/Others,NA - Construction of community centers and community halls,DISTRICT COLLECTOR BARMER_IDA,2023-09-13,Action Pending,2500000,Unsanctioned
MPLADS-045171,Kailash Choudhary,Lok Sabha,Rajasthan,BARMER,,,RAMSAR,Chari,Normal/Others,WS/MP733/2023-2024/19500 - Improvement of electricity distribution infrastructure,DISTRICT COLLECTOR BARMER_IDA,2023-09-13,Approved by IDA,156000,Unsanctioned
MPLADS-045172,Kailash Choudhary,Lok Sabha,Rajasthan,BARMER,,,KALYANPUR,Kalyanpur,Normal/Others,NA - Construction of public libraries and reading rooms,DISTRICT COLLECTOR BARMER_IDA,2023-09-13,Action Pending,1000000,Unsanctioned
MPLADS-045173,Kailash Choudhary,Lok Sabha,Rajasthan,BARMER,,,Patodi,Sambhra,Normal/Others,NA - Construction of shelters for animals,DISTRICT COLLECTOR BARMER_IDA,2023-09-13,Action Pending,1500000,Unsanctioned
MPLADS-045174,Kailash Choudhary,Lok Sabha,Rajasthan,BARMER,,,DHANAU,Bachhraoo,Normal/Others,NA - Construction of community centers and community halls,DISTRICT COLLECTOR BARMER_IDA,2023-09-13,Action Pending,1000000,Unsanctioned
MPLADS-045175,Kailash Choudhary,Lok Sabha,Rajasthan,BARMER,,,RAMSAR,Khara Rathoran,Normal/Others,NA - Installing hand pumps,DISTRICT COLLECTOR BARMER_IDA,2023-09-13,Action Pending,300000,Unsanctioned
MPLADS-045183,Smt Ranjeeta Koli,Lok Sabha,Rajasthan,BHARATPUR(SC),,,RUPBAS,Marauli,Normal/Others,"NA - Construction of roads, approach roads, link roads and pathways",DISTRICT COLLECTOR BHARATPUR_IDA,2023-09-13,Action Pending,400000,Unsanctioned
MPLADS-045184,Smt Ranjeeta Koli,Lok Sabha,Rajasthan,BHARATPUR(SC),,,BAYANA,Kanawar,Normal/Others,NA - Construction of rooms and halls in school and colleges,DISTRICT COLLECTOR BHARATPUR_IDA,2023-09-13,Action Pending,500000,Unsanctioned
MPLADS-045185,Smt Ranjeeta Koli,Lok Sabha,Rajasthan,BHARATPUR(SC),,,BAYANA,Nahroli,Normal/Others,NA - Installing hand pumps,DISTRICT COLLECTOR BHARATPUR_IDA,2023-09-13,Action Pending,110000,Unsanctioned
MPLADS-045186,Smt Ranjeeta Koli,Lok Sabha,Rajasthan,BHARATPUR(SC),,,BAYANA,Naroli,Normal/Others,NA - Installing hand pumps,DISTRICT COLLECTOR BHARATPUR_IDA,2023-09-13,Action Pending,300000,Unsanctioned
MPLADS-045187,Smt Ranjeeta Koli,Lok Sabha,Rajasthan,BHARATPUR(SC),,,DEEG,Badangarh,Normal/Others,NA - Construction of community centers and community halls,DISTRICT COLLECTOR BHARATPUR_IDA,2023-09-13,Action Pending,500000,Unsanctioned
MPLADS-045188,Ramcharan Bohra,Lok Sabha,Rajasthan,JAIPUR,Bagru,Lakhana;,,,Normal/Others,NA - Construction of boundary walls of existing public and community buildings,DISTRICT COLLECTOR JAIPUR_IDA,2023-09-13,Action Pending,350000,Unsanctioned
MPLADS-045189,Rajyavardhan Singh Rathore,Lok Sabha,Rajasthan,JAIPUR RURAL,,,PAOTA,Mandha,Normal/Others,"NA - Construction of roads, approach roads, link roads and pathways",DISTRICT COLLECTOR JAIPUR_IDA,2023-09-13,Action Pending,700000,Unsanctioned
MPLADS-045190,Kailash Choudhary,Lok Sabha,Rajasthan,BARMER,,,SINDHARI,Sindari Charnan,Normal/Others,NA - Construction of rooms and halls in school and colleges,DISTRICT COLLECTOR BARMER_IDA,2023-09-13,Action Pending,2000000,Unsanctioned
MPLADS-045191,Kailash Choudhary,Lok Sabha,Rajasthan,BARMER,,,FAGLIYA,Sata,Normal/Others,NA - Construction of rooms and halls in school and colleges,DISTRICT COLLECTOR BARMER_IDA,2023-09-13,Action Pending,1000000,Unsanctioned
MPLADS-045192,Kailash Choudhary,Lok Sabha,Rajasthan,BARMER,,,SINDHARI,Sindari Charnan,Normal/Others,NA - Construction of public libraries and reading rooms,DISTRICT COLLECTOR BARMER_IDA,2023-09-13,Action Pending,1000000,Unsanctioned
MPLADS-045269,Rajyavardhan Singh Rathore,Lok Sabha,Rajasthan,JAIPUR RURAL,,,PAOTA,Ladakawas,Normal/Others,NA - Construction of rooms and halls in school and colleges,DISTRICT COLLECTOR JAIPUR_IDA,2023-09-13,Action Pending,700000,Unsanctioned
MPLADS-045280,Kailash Choudhary,Lok Sabha,Rajasthan,BARMER,,,RAMSAR,Chari,Normal/Others,NA - Improvement of electricity distribution infrastructure,DISTRICT COLLECTOR BARMER_IDA,2023-09-13,Action Pending,368000,Unsanctioned
MPLADS-045281,Rajyavardhan Singh Rathore,Lok Sabha,Rajasthan,JAIPUR RURAL,,,GOVINDGARH,Niwana,Normal/Others,NA - Construction of community centers and community halls,DISTRICT COLLECTOR JAIPUR_IDA,2023-09-13,Action Pending,500000,Unsanctioned
MPLADS-045282,Rajyavardhan Singh Rathore,Lok Sabha,Rajasthan,JAIPUR RURAL,,,PAOTA,Karoli,Normal/Others,NA - Construction of community centers and community halls,DISTRICT COLLECTOR JAIPUR_IDA,2023-09-13,Action Pending,700000,Unsanctioned
MPLADS-045332,Rajyavardhan Singh Rathore,Lok Sabha,Rajasthan,JAIPUR RURAL,,,KISHANGARH RENWAL,Basri Khurd,Normal/Others,NA - Construction of community centers and community halls,DISTRICT COLLECTOR JAIPUR_IDA,2023-09-13,Action Pending,700000,Unsanctioned
MPLADS-045333,Rajyavardhan Singh Rathore,Lok Sabha,Rajasthan,JAIPUR RURAL,,,JOBNER,Doongari Khurd,Normal/Others,NA - Construction of rooms and halls in school and colleges,DISTRICT COLLECTOR JAIPUR_IDA,2023-09-13,Action Pending,600000,Unsanctioned
MPLADS-045358,Rajyavardhan Singh Rathore,Lok Sabha,Rajasthan,JAIPUR RURAL,Sambhar,"Darbar Government Higher Secondary School (English Medium), Sambharlake, District Jaipur.",,,Normal/Others,NA - Construction of rooms and halls in school and colleges,DISTRICT COLLECTOR JAIPUR_IDA,2023-09-13,Action Pending,700000,Unsanctioned
MPLADS-045359,Rajyavardhan Singh Rathore,Lok Sabha,Rajasthan,JAIPUR RURAL,,,KISHANGARH RENWAL,Doongarsi Ka Bas,Normal/Others,NA - Construction of rooms and halls in school and colleges,DISTRICT COLLECTOR JAIPUR_IDA,2023-09-13,Action Pending,700000,Unsanctioned
MPLADS-045360,Rajyavardhan Singh Rathore,Lok Sabha,Rajasthan,JAIPUR RURAL,,,KISHANGARH RENWAL,Dyodhi,Normal/Others,NA - Construction of rooms and halls in school and colleges,DISTRICT COLLECTOR JAIPUR_IDA,2023-09-13,Action Pending,200000,Unsanctioned
MPLADS-045361,Rahul Kaswan,Lok Sabha,Rajasthan,CHURU,,,CHURU,Maharawansar,Normal/Others,NA - Improvement of electricity distribution infrastructure,DISTRICT COLLECTOR CHURU_IDA,2023-09-13,Action Pending,346000,Unsanctioned
MPLADS-045362,Rajyavardhan Singh Rathore,Lok Sabha,Rajasthan,JAIPUR RURAL,,,KISHANGARH RENWAL,Dyodhi,Normal/Others,"NA - Construction of roads, link roads, pathways or any other road with or without drainage system",DISTRICT COLLECTOR JAIPUR_IDA,2023-09-13,Action Pending,600000,Unsanctioned
MPLADS-045363,Rajyavardhan Singh Rathore,Lok Sabha,Rajasthan,JAIPUR RURAL,Kishangarh Renwal,1,,,Normal/Others,NA - Purchase of hospital equipment,DISTRICT COLLECTOR JAIPUR_IDA,2023-09-13,Action Pending,1000000,Unsanctioned
MPLADS-045364,Rajyavardhan Singh Rathore,Lok Sabha,Rajasthan,JAIPUR RURAL,,,KISHANGARH RENWAL,Manda Bhimsingh,Normal/Others,NA - Construction of community centers and community halls,DISTRICT COLLECTOR JAIPUR_IDA,2023-09-13,Action Pending,700000,Unsanctioned
MPLADS-045365,Rajyavardhan Singh Rathore,Lok Sabha,Rajasthan,JAIPUR RURAL,,,KISHANGARH RENWAL,Nandri,Normal/Others,NA - Construction of community centers and community halls,DISTRICT COLLECTOR JAIPUR_IDA,2023-09-13,Action Pending,700000,Unsanctioned
MPLADS-045366,Rajyavardhan Singh Rathore,Lok Sabha,Rajasthan,JAIPUR RURAL,,,KISHANGARH RENWAL,Ramjipura Kalan,Normal/Others,NA - Construction of community centers and community halls,DISTRICT COLLECTOR JAIPUR_IDA,2023-09-13,Action Pending,600000,Unsanctioned
MPLADS-045367,Rajyavardhan Singh Rathore,Lok Sabha,Rajasthan,JAIPUR RURAL,Sambhar,"Shri Sambhar Library, Municipality Sambhar, District Jaipur.",,,Normal/Others,NA - Purchase of furniture and fixtures for educational purposes,DISTRICT COLLECTOR JAIPUR_IDA,2023-09-13,Action Pending,200000,Unsanctioned
MPLADS-045478,Rahul Kaswan,Lok Sabha,Rajasthan,CHURU,,,CHURU,Sirsala,Normal/Others,NA - Improvement of electricity distribution infrastructure,DISTRICT COLLECTOR CHURU_IDA,2023-09-13,Action Pending,462000,Unsanctioned
MPLADS-045481,Rajyavardhan Singh Rathore,Lok Sabha,Rajasthan,JAIPUR RURAL,,,SHAHPURA,Bilandarpur,Normal/Others,NA - Construction of community centers and community halls,DISTRICT COLLECTOR JAIPUR_IDA,2023-09-13,Action Pending,700000,Unsanctioned
MPLADS-045482,Rajyavardhan Singh Rathore,Lok Sabha,Rajasthan,JAIPUR RURAL,,,SAMBHAR,Tyod,Normal/Others,NA - Providing drains and gutters for public drainage,DISTRICT COLLECTOR JAIPUR_IDA,2023-09-13,Action Pending,600000,Unsanctioned
MPLADS-045483,Rajyavardhan Singh Rathore,Lok Sabha,Rajasthan,JAIPUR RURAL,,,SAMBHAR,Shri Rampura,Normal/Others,NA - Crematoriums or structures on burial/ cremation ground for public convenience,DISTRICT COLLECTOR JAIPUR_IDA,2023-09-13,Action Pending,500000,Unsanctioned
MPLADS-045493,Rajyavardhan Singh Rathore,Lok Sabha,Rajasthan,JAIPUR RURAL,,,SHAHPURA,Hanutiya,Normal/Others,NA - Construction of public libraries and reading rooms,DISTRICT COLLECTOR JAIPUR_IDA,2023-09-13,Action Pending,500000,Unsanctioned
MPLADS-045505,Rajyavardhan Singh Rathore,Lok Sabha,Rajasthan,JAIPUR RURAL,,,SHAHPURA,Chharsa,Normal/Others,NA - Construction of public libraries and reading rooms,DISTRICT COLLECTOR JAIPUR_IDA,2023-09-13,Action Pending,700000,Unsanctioned
MPLADS-045506,Rajyavardhan Singh Rathore,Lok Sabha,Rajasthan,JAIPUR RURAL,,,SHAHPURA,Jagatpura,Normal/Others,NA - Construction of community centers and community halls,DISTRICT COLLECTOR JAIPUR_IDA,2023-09-13,Action Pending,700000,Unsanctioned
MPLADS-045508,Rajyavardhan Singh Rathore,Lok Sabha,Rajasthan,JAIPUR RURAL,,,VIRATNAGAR,Jaje Kalan,Normal/Others,NA - Construction of community centers and community halls,DISTRICT COLLECTOR JAIPUR_IDA,2023-09-13,Action Pending,500000,Unsanctioned
MPLADS-045509,Rajyavardhan Singh Rathore,Lok Sabha,Rajasthan,JAIPUR RURAL,,,PAOTA,Jodhpura,Normal/Others,NA - Construction of rooms and halls in school and colleges,DISTRICT COLLECTOR JAIPUR_IDA,2023-09-13,Action Pending,700000,Unsanctioned
MPLADS-045510,Om Birla,Lok Sabha,Rajasthan,KOTA,,,SULTANPUR,Kakrawada,Normal/Others,NA - Crematoriums or structures on burial/ cremation ground for public convenience,DISTRICT COLLECTOR KOTA_IDA,2023-09-13,Action Pending,400000,Unsanctioned
MPLADS-045511,Om Birla,Lok Sabha,Rajasthan,KOTA,,,SULTANPUR,Polai Kalan,Normal/Others,NA - Crematoriums or structures on burial/ cremation ground for public convenience,DISTRICT COLLECTOR KOTA_IDA,2023-09-13,Action Pending,300000,Unsanctioned
MPLADS-045512,Om Birla,Lok Sabha,Rajasthan,KOTA,,,SULTANPUR,Bhimpura,Normal/Others,NA - Crematoriums or structures on burial/ cremation ground for public convenience,DISTRICT COLLECTOR KOTA_IDA,2023-09-13,Action Pending,300000,Unsanctioned
MPLADS-045513,Om Birla,Lok Sabha,Rajasthan,KOTA,,,SULTANPUR,Kachnawada,Normal/Others,"WS/MP727/2023-2024/19614 - Construction of roads, approach roads, link roads and pathways",DISTRICT COLLECTOR KOTA_IDA,2023-09-13,Approved by IDA,400000,Unsanctioned
MPLADS-045514,Om Birla,Lok Sabha,Rajasthan,KOTA,,,SULTANPUR,Nimoda,Normal/Others,WS/MP727/2023-2024/19615 - Construction of rooms and halls in school and colleges,DISTRICT COLLECTOR KOTA_IDA,2023-09-13,Approved by IDA,800000,Unsanctioned
MPLADS-045515,Om Birla,Lok Sabha,Rajasthan,KOTA,,,KESHORAIPATAN,Keshoraipatan (Rural),Normal/Others,WS/MP727/2023-2024/19616 - Development of playground,DISTRICT COLLECTOR BUNDI_IDA,2023-09-13,Approved by IDA,2500000,Unsanctioned
MPLADS-045516,Om Birla,Lok Sabha,Rajasthan,KOTA,,,LADPURA,Rajpura,Normal/Others,NA - Construction of bus-sheds or bus-stops,DISTRICT COLLECTOR KOTA_IDA,2023-09-13,Action Pending,500000,Unsanctioned
MPLADS-045517,Om Birla,Lok Sabha,Rajasthan,KOTA,ITAWA,21,,,Normal/Others,NA - Construction of buildings for community cultural activities,DISTRICT COLLECTOR KOTA_IDA,2023-09-13,Action Pending,1000000,Unsanctioned
MPLADS-045518,Om Birla,Lok Sabha,Rajasthan,KOTA,,,ITAWA,Peepalda Kalan,Repair and Renovation,NA - Construction of community centers and community halls,DISTRICT COLLECTOR KOTA_IDA,2023-09-13,Action Pending,1000000,Unsanctioned
MPLADS-045519,Om Birla,Lok Sabha,Rajasthan,KOTA,,,NAINWA,Chawandpura,Normal/Others,NA - Construction of rooms and halls in school and colleges,DISTRICT COLLECTOR BUNDI_IDA,2023-09-13,Action Pending,300000,Unsanctioned
MPLADS-045520,Rajyavardhan Singh Rathore,Lok Sabha,Rajasthan,JAIPUR RURAL,,,VIRATNAGAR,Dhani Gaiskan,Normal/Others,NA - Construction of rooms and halls in school and colleges,DISTRICT COLLECTOR JAIPUR_IDA,2023-09-13,Action Pending,700000,Unsanctioned
MPLADS-045521,Rajyavardhan Singh Rathore,Lok Sabha,Rajasthan,JAIPUR RURAL,,,GOVINDGARH,Khejroli,Normal/Others,NA - Construction of shelters for animals,DISTRICT COLLECTOR JAIPUR_IDA,2023-09-13,Action Pending,700000,Unsanctioned
MPLADS-045522,Rajyavardhan Singh Rathore,Lok Sabha,Rajasthan,JAIPUR RURAL,,,SHAHPURA,Chimanpura,Normal/Others,"NA - Construction of roads, approach roads, link roads and pathways",DISTRICT COLLECTOR JAIPUR_IDA,2023-09-13,Action Pending,500000,Unsanctioned
MPLADS-045523,Rajyavardhan Singh Rathore,Lok Sabha,Rajasthan,JAIPUR RURAL,,,SHAHPURA,Chimanpura,Normal/Others,NA - Crematoriums or structures on burial/ cremation ground for public convenience,DISTRICT COLLECTOR JAIPUR_IDA,2023-09-13,Action Pending,500000,Unsanctioned
MPLADS-045524,Rajyavardhan Singh Rathore,Lok Sabha,Rajasthan,JAIPUR RURAL,,,VIRATNAGAR,Bhamod,Normal/Others,NA - Construction of rooms and halls in school and colleges,DISTRICT COLLECTOR JAIPUR_IDA,2023-09-13,Action Pending,700000,Unsanctioned
MPLADS-045525,Rajyavardhan Singh Rathore,Lok Sabha,Rajasthan,JAIPUR RURAL,,,VIRATNAGAR,Bajrangpura,Normal/Others,NA - Construction of community centers and community halls,DISTRICT COLLECTOR JAIPUR_IDA,2023-09-13,Action Pending,700000,Unsanctioned
MPLADS-045526,Rajyavardhan Singh Rathore,Lok Sabha,Rajasthan,JAIPUR RURAL,,,SHAHPURA,Todi,Normal/Others,NA - Construction of public libraries and reading rooms,DISTRICT COLLECTOR JAIPUR_IDA,2023-09-13,Action Pending,700000,Unsanctioned
MPLADS-045527,Rajyavardhan Singh Rathore,Lok Sabha,Rajasthan,JAIPUR RURAL,,,GOVINDGARH,Tigariya,Normal/Others,NA - Construction of community centers and community halls,DISTRICT COLLECTOR JAIPUR_IDA,2023-09-13,Action Pending,700000,Unsanctioned
MPLADS-045528,Rajyavardhan Singh Rathore,Lok Sabha,Rajasthan,JAIPUR RURAL,,,SHAHPURA,Nayan,Normal/Others,NA - Construction of public libraries and reading rooms,DISTRICT COLLECTOR JAIPUR_IDA,2023-09-13,Action Pending,700000,Unsanctioned
MPLADS-045529,Rajyavardhan Singh Rathore,Lok Sabha,Rajasthan,JAIPUR RURAL,,,GOVINDGARH,Nangal Koju,Normal/Others,NA - Construction of rooms and halls in school and colleges,DISTRICT COLLECTOR JAIPUR_IDA,2023-09-13,Action Pending,700000,Unsanctioned
MPLADS-045530,Rajyavardhan Singh Rathore,Lok Sabha,Rajasthan,JAIPUR RURAL,,,SHAHPURA,Khori,Normal/Others,NA - Construction of community centers and community halls,DISTRICT COLLECTOR JAIPUR_IDA,2023-09-13,Action Pending,700000,Unsanctioned
MPLADS-045531,Rajyavardhan Singh Rathore,Lok Sabha,Rajasthan,JAIPUR RURAL,,,SHAHPURA,Khora Lardhani,Normal/Others,WS/MP729/2023-2024/19729 - Construction of community centers and community halls,DISTRICT COLLECTOR JAIPUR_IDA,2023-09-13,Approved by IDA,700000,Unsanctioned
MPLADS-045532,Rajyavardhan Singh Rathore,Lok Sabha,Rajasthan,JAIPUR RURAL,,,SHAHPURA,Khori,Normal/Others,NA - Construction of shelters for animals,DISTRICT COLLECTOR JAIPUR_IDA,2023-09-13,Action Pending,1100000,Unsanctioned
MPLADS-045534,Rajyavardhan Singh Rathore,Lok Sabha,Rajasthan,JAIPUR RURAL,,,PAOTA,Karaudi,Normal/Others,"NA - Construction of roads, approach roads, link roads and pathways",DISTRICT COLLECTOR JAIPUR_IDA,2023-09-13,Action Pending,700000,Unsanctioned
MPLADS-045838,Om Birla,Lok Sabha,Rajasthan,KOTA,,,SULTANPUR,Doongarjya,Normal/Others,WS/MP727/2023-2024/19015 - Crematoriums or structures on burial/ cremation ground for public convenience,DISTRICT COLLECTOR KOTA_IDA,2023-09-12,Approved by IDA,300000,Unsanctioned
MPLADS-045839,Om Birla,Lok Sabha,Rajasthan,KOTA,,,SULTANPUR,Ummedpura,Normal/Others,WS/MP727/2023-2024/19014 - Crematoriums or structures on burial/ cremation ground for public convenience,DISTRICT COLLECTOR KOTA_IDA,2023-09-12,Approved by IDA,300000,Unsanctioned
MPLADS-045840,Om Birla,Lok Sabha,Rajasthan,KOTA,,,KHAIRABAD,Sandpur,Normal/Others,NA - Construction of boundary walls of existing public and community buildings,DISTRICT COLLECTOR KOTA_IDA,2023-09-12,Action Pending,500000,Unsanctioned
MPLADS-045841,Om Birla,Lok Sabha,Rajasthan,KOTA,,,KHAIRABAD,Dhaipura,Repair and Renovation,WS/MP727/2023-2024/18993 - Construction of rooms and halls in school and colleges,DISTRICT COLLECTOR KOTA_IDA,2023-09-12,Approved by IDA,400000,Unsanctioned
MPLADS-045842,Om Birla,Lok Sabha,Rajasthan,KOTA,,,KHAIRABAD,Udpura,Normal/Others,WS/MP727/2023-2024/18992 - Construction of community centers and community halls,DISTRICT COLLECTOR KOTA_IDA,2023-09-12,Approved by IDA,1500000,Unsanctioned
MPLADS-045843,Om Birla,Lok Sabha,Rajasthan,KOTA,,,KHAIRABAD,Hathiya Kheri,Normal/Others,NA - Construction of community centers and community halls,DISTRICT COLLECTOR KOTA_IDA,2023-09-12,Action Pending,1000000,Unsanctioned
MPLADS-045848,Om Birla,Lok Sabha,Rajasthan,KOTA,,,KHAIRABAD,Jagpura,Repair and Renovation,NA - Construction of rooms and halls in school and colleges,DISTRICT COLLECTOR KOTA_IDA,2023-09-12,Action Pending,400000,Unsanctioned
MPLADS-045849,Om Birla,Lok Sabha,Rajasthan,KOTA,,,KHAIRABAD,Aranya Khurd,Normal/Others,NA - Construction of community centers and community halls,DISTRICT COLLECTOR KOTA_IDA,2023-09-12,Action Pending,1500000,Unsanctioned
MPLADS-045850,Om Birla,Lok Sabha,Rajasthan,KOTA,,,KHAIRABAD,Banda,Normal/Others,WS/MP727/2023-2024/18988 - Construction of culverts and bridges,DISTRICT COLLECTOR KOTA_IDA,2023-09-12,Approved by IDA,1000000,Unsanctioned
MPLADS-045851,Shri Subhash Chandra Baheria ,Lok Sabha,Rajasthan,BHILWARA,,,JAHAZPUR,Luhari Kalan,Normal/Others,NA - Development of public parks,DISTRICT COLLECTOR BHILWARA_IDA,2023-09-12,Action Pending,500000,Unsanctioned
MPLADS-045852,Rahul Kaswan,Lok Sabha,Rajasthan,CHURU,,,RATANGARH,Jaitasar,Normal/Others,NA - Construction of rooms and halls in school and colleges,DISTRICT COLLECTOR CHURU_IDA,2023-09-12,Action Pending,1000000,Unsanctioned
MPLADS-045853,Rahul Kaswan,Lok Sabha,Rajasthan,CHURU,,,SUJANGARH,Sarothiya,Normal/Others,NA - Construction of rooms and halls in school and colleges,DISTRICT COLLECTOR CHURU_IDA,2023-09-12,Action Pending,550000,Unsanctioned
MPLADS-045854,Rahul Kaswan,Lok Sabha,Rajasthan,CHURU,,,BIDASAR,Nodiya,Normal/Others,NA - Improvement of electricity distribution infrastructure,DISTRICT COLLECTOR CHURU_IDA,2023-09-12,Action Pending,280700,Unsanctioned
MPLADS-045857,Rajyavardhan Singh Rathore,Lok Sabha,Rajasthan,JAIPUR RURAL,,,Jalsu,Govindpura,Normal/Others,NA - Crematoriums or structures on burial/ cremation ground for public convenience,DISTRICT COLLECTOR JAIPUR_IDA,2023-09-12,Action Pending,700000,Unsanctioned
MPLADS-045858,Om Birla,Lok Sabha,Rajasthan,KOTA,,,SANGOD,Boodhani,Normal/Others,NA - Construction of rooms and halls in school and colleges,DISTRICT COLLECTOR KOTA_IDA,2023-09-12,Action Pending,600000,Unsanctioned
MPLADS-045859,Rajyavardhan Singh Rathore,Lok Sabha,Rajasthan,JAIPUR RURAL,Narayana,"Bhairav, near Balaji Temple, Akoda Marg, Nagar Palika Narena, District Jaipur.",,,Normal/Others,NA - Construction of boundary walls of existing public and community buildings,DISTRICT COLLECTOR JAIPUR_IDA,2023-09-12,Action Pending,1000000,Unsanctioned
MPLADS-045860,Rajyavardhan Singh Rathore,Lok Sabha,Rajasthan,JAIPUR RURAL,,,AMBER,Chonp,Normal/Others,WS/MP729/2023-2024/19049 - Construction of rooms and halls in school and colleges,DISTRICT COLLECTOR JAIPUR_IDA,2023-09-12,Approved by IDA,700000,Unsanctioned
MPLADS-045861,Rajyavardhan Singh Rathore,Lok Sabha,Rajasthan,JAIPUR RURAL,,,AMBER,Chandwaji,Normal/Others,NA - Crematoriums or structures on burial/ cremation ground for public convenience,DISTRICT COLLECTOR JAIPUR_IDA,2023-09-12,Action Pending,600000,Unsanctioned
MPLADS-045862,Rajyavardhan Singh Rathore,Lok Sabha,Rajasthan,JAIPUR RURAL,,,AMBER,Chandwaji,Normal/Others,NA - Construction of rooms and halls in school and colleges,DISTRICT COLLECTOR JAIPUR_IDA,2023-09-12,Action Pending,600000,Unsanctioned
MPLADS-045863,Rajyavardhan Singh Rathore,Lok Sabha,Rajasthan,JAIPUR RURAL,,,Jalsu,Barna,Normal/Others,NA - Construction of rooms and halls in school and colleges,DISTRICT COLLECTOR JAIPUR_IDA,2023-09-12,Action Pending,700000,Unsanctioned
MPLADS-045864,Rajyavardhan Singh Rathore,Lok Sabha,Rajasthan,JAIPUR RURAL,,,AMBER,Bagwada,Normal/Others,WS/MP729/2023-2024/19040 - Construction of rooms and halls in school and colleges,DISTRICT COLLECTOR JAIPUR_IDA,2023-09-12,Approved by IDA,700000,Unsanctioned
MPLADS-045865,Om Birla,Lok Sabha,Rajasthan,KOTA,,,SULTANPUR,Sarola,Normal/Others,NA - Construction of common work sheds/ common covered sitting area,DISTRICT COLLECTOR KOTA_IDA,2023-09-12,Action Pending,300000,Unsanctioned
MPLADS-045866,Om Birla,Lok Sabha,Rajasthan,KOTA,,,SULTANPUR,Chatarpura,Normal/Others,NA - Crematoriums or structures on burial/ cremation ground for public convenience,DISTRICT COLLECTOR KOTA_IDA,2023-09-12,Action Pending,300000,Unsanctioned
MPLADS-045867,Om Birla,Lok Sabha,Rajasthan,KOTA,,,SANGOD,Dillipura,Normal/Others,NA - Crematoriums or structures on burial/ cremation ground for public convenience,DISTRICT COLLECTOR KOTA_IDA,2023-09-12,Action Pending,300000,Unsanctioned
MPLADS-045868,Om Birla,Lok Sabha,Rajasthan,KOTA,,,SANGOD,Nalodi,Normal/Others,NA - Crematoriums or structures on burial/ cremation ground for public convenience,DISTRICT COLLECTOR KOTA_IDA,2023-09-12,Action Pending,300000,Unsanctioned
MPLADS-045869,Om Birla,Lok Sabha,Rajasthan,KOTA,,,SANGOD,Latoora,Normal/Others,NA - Construction of additional rooms and halls in the existing public and community building,DISTRICT COLLECTOR KOTA_IDA,2023-09-12,Action Pending,500000,Unsanctioned
MPLADS-045870,Om Birla,Lok Sabha,Rajasthan,KOTA,,,SANGOD,Bhoola Hera,Normal/Others,NA - Construction of additional rooms and halls in the existing public and community building,DISTRICT COLLECTOR KOTA_IDA,2023-09-12,Action Pending,1000000,Unsanctioned
MPLADS-045871,Om Birla,Lok Sabha,Rajasthan,KOTA,,,SANGOD,Bapawar Kalan,Normal/Others,NA - Construction of public toilets and bathrooms,DISTRICT COLLECTOR KOTA_IDA,2023-09-12,Action Pending,500000,Unsanctioned
MPLADS-045872,Om Birla,Lok Sabha,Rajasthan,KOTA,,,SANGOD,Digod,Repair and Renovation,NA - Construction of culverts and bridges,DISTRICT COLLECTOR KOTA_IDA,2023-09-12,Action Pending,500000,Unsanctioned
MPLADS-045873,Om Birla,Lok Sabha,Rajasthan,KOTA,,,SANGOD,Rajgarh,Normal/Others,NA - Construction of flood control embankments,DISTRICT COLLECTOR KOTA_IDA,2023-09-12,Action Pending,1000000,Unsanctioned
MPLADS-045874,Om Birla,Lok Sabha,Rajasthan,KOTA,,,SANGOD,Vinod Kalan,Normal/Others,NA - Development of public parks,DISTRICT COLLECTOR KOTA_IDA,2023-09-12,Action Pending,800000,Unsanctioned
MPLADS-045875,Om Birla,Lok Sabha,Rajasthan,KOTA,,,SANGOD,Heengi,Normal/Others,NA - Construction of additional rooms and halls in the existing public and community building,DISTRICT COLLECTOR KOTA_IDA,2023-09-12,Action Pending,800000,Unsanctioned
MPLADS-045876,Om Birla,Lok Sabha,Rajasthan,KOTA,,,Kanwas,Kakriya,Normal/Others,NA - Construction of community centers and community halls,DISTRICT COLLECTOR KOTA_IDA,2023-09-12,Action Pending,1500000,Unsanctioned
MPLADS-045877,Rahul Kaswan,Lok Sabha,Rajasthan,CHURU,,,RAJGARH,Naurangpura,Normal/Others,NA - Improvement of electricity distribution infrastructure,DISTRICT COLLECTOR CHURU_IDA,2023-09-12,Action Pending,278000,Unsanctioned
MPLADS-045878,Rahul Kaswan,Lok Sabha,Rajasthan,CHURU,,,RAJGARH,Chand Gothi,Normal/Others,WS/MP728/2023-2024/18931 - Improvement of electricity distribution infrastructure,DISTRICT COLLECTOR CHURU_IDA,2023-09-12,Approved by IDA,220000,Unsanctioned
MPLADS-045879,Ramcharan Bohra,Lok Sabha,Rajasthan,JAIPUR,Jaipur Heritage,Adarsh Nagar Assembly.,,,Normal/Others,NA - Construction of public toilets and bathrooms,DISTRICT COLLECTOR JAIPUR_IDA,2023-09-12,Action Pending,100000,Unsanctioned
MPLADS-045890,Ramcharan Bohra,Lok Sabha,Rajasthan,JAIPUR,Jaipur Heritage,"darsh Nagar Assembly.""",,,Normal/Others,NA - Providing drains and gutters for public drainage,DISTRICT COLLECTOR JAIPUR_IDA,2023-09-12,Action Pending,2000000,Unsanctioned
MPLADS-045903,Ramcharan Bohra,Lok Sabha,Rajasthan,JAIPUR,Jaipur Heritage,Adarsh Nagar Assembly.,,,Normal/Others,NA - Installing tube-wells and borewells,DISTRICT COLLECTOR JAIPUR_IDA,2023-09-12,Action Pending,350000,Unsanctioned
MPLADS-045904,Ramcharan Bohra,Lok Sabha,Rajasthan,JAIPUR,Jaipur Heritage,Adarsh Nagar Assembly.,,,Normal/Others,NA - Installing tube-wells and borewells,DISTRICT COLLECTOR JAIPUR_IDA,2023-09-12,Action Pending,500000,Unsanctioned
MPLADS-045905,Ramcharan Bohra,Lok Sabha,Rajasthan,JAIPUR,Jaipur Heritage,Adarsh Nagar Assembly.,,,Normal/Others,NA - Installing tube-wells and borewells,DISTRICT COLLECTOR JAIPUR_IDA,2023-09-12,Action Pending,350000,Unsanctioned
MPLADS-045906,Ramcharan Bohra,Lok Sabha,Rajasthan,JAIPUR,Jaipur Heritage,"Adarsh Nagar assembly. """,,,Normal/Others,NA - Installing tube-wells and borewells,DISTRICT COLLECTOR JAIPUR_IDA,2023-09-12,Action Pending,350000,Unsanctioned
MPLADS-045907,Ramcharan Bohra,Lok Sabha,Rajasthan,JAIPUR,Jaipur Heritage,Adarsh Nagar Assembly.,,,Normal/Others,NA - Installing tube-wells and borewells,DISTRICT COLLECTOR JAIPUR_IDA,2023-09-12,Action Pending,350000,Unsanctioned
MPLADS-045908,Ramcharan Bohra,Lok Sabha,Rajasthan,JAIPUR,Jaipur Heritage,Adarsh Nagar assembly,,,Normal/Others,NA - Installing tube-wells and borewells,DISTRICT COLLECTOR JAIPUR_IDA,2023-09-12,Action Pending,350000,Unsanctioned
MPLADS-045909,Ramcharan Bohra,Lok Sabha,Rajasthan,JAIPUR,Jaipur Heritage,Adarsh Nagar assembly.,,,Normal/Others,NA - Installing tube-wells and borewells,DISTRICT COLLECTOR JAIPUR_IDA,2023-09-12,Action Pending,350000,Unsanctioned
MPLADS-045910,Ramcharan Bohra,Lok Sabha,Rajasthan,JAIPUR,Jaipur Heritage,Adarsh Nagar Assembly,,,Normal/Others,NA - Installing hand pumps,DISTRICT COLLECTOR JAIPUR_IDA,2023-09-12,Action Pending,150000,Unsanctioned
MPLADS-045911,Ramcharan Bohra,Lok Sabha,Rajasthan,JAIPUR,Greater Jaipur,101,,,Normal/Others,"NA - Construction of roads, approach roads, link roads and pathways",DISTRICT COLLECTOR JAIPUR_IDA,2023-09-12,Action Pending,700000,Unsanctioned
MPLADS-045913,Ramcharan Bohra,Lok Sabha,Rajasthan,JAIPUR,Jaipur Heritage,68,,,Normal/Others,NA - Construction of community centers and community halls,DISTRICT COLLECTOR JAIPUR_IDA,2023-09-12,Action Pending,1000000,Unsanctioned
MPLADS-045914,Ramcharan Bohra,Lok Sabha,Rajasthan,JAIPUR,Jaipur Heritage,33,,,Normal/Others,NA - Construction of community centers and community halls,DISTRICT COLLECTOR JAIPUR_IDA,2023-09-12,Action Pending,1000000,Unsanctioned
MPLADS-045915,Ramcharan Bohra,Lok Sabha,Rajasthan,JAIPUR,Greater Jaipur,55,,,Normal/Others,NA - Construction of community centers and community halls,DISTRICT COLLECTOR JAIPUR_IDA,2023-09-12,Action Pending,1000000,Unsanctioned
MPLADS-045916,Ramcharan Bohra,Lok Sabha,Rajasthan,JAIPUR,Jaipur Heritage,55,,,Normal/Others,NA - Construction of community centers and community halls,DISTRICT COLLECTOR JAIPUR_IDA,2023-09-12,Action Pending,1000000,Unsanctioned
MPLADS-045917,Ramcharan Bohra,Lok Sabha,Rajasthan,JAIPUR,Greater Jaipur,97,,,Normal/Others,"NA - Construction of roads, approach roads, link roads and pathways",DISTRICT COLLECTOR JAIPUR_IDA,2023-09-12,Action Pending,1000000,Unsanctioned
MPLADS-045920,Rajyavardhan Singh Rathore,Lok Sabha,Rajasthan,JAIPUR RURAL,,,AMBER,Deo Ka Harwara,Normal/Others,NA - Construction of public libraries and reading rooms,DISTRICT COLLECTOR JAIPUR_IDA,2023-09-12,Action Pending,700000,Unsanctioned
MPLADS-045921,Rahul Kaswan,Lok Sabha,Rajasthan,CHURU,,,TARANAGAR,Devgarh,Normal/Others,NA - Construction of rooms and halls in school and colleges,DISTRICT COLLECTOR CHURU_IDA,2023-09-12,Action Pending,850000,Unsanctioned
MPLADS-045922,Rahul Kaswan,Lok Sabha,Rajasthan,CHURU,,,CHURU,Narsipura,Normal/Others,NA - Improvement of electricity distribution infrastructure,DISTRICT COLLECTOR CHURU_IDA,2023-09-12,Action Pending,210000,Unsanctioned
MPLADS-045923,Smt Ranjeeta Koli,Lok Sabha,Rajasthan,BHARATPUR(SC),,,KATHUMAR,Khera Kalyanpur,Normal/Others,"NA - Construction of roads, approach roads, link roads and pathways",DISTRICT COLLECTOR ALWAR_IDA,2023-09-12,Action Pending,500000,Unsanctioned
MPLADS-045925,Smt Ranjeeta Koli,Lok Sabha,Rajasthan,BHARATPUR(SC),,,KATHUMAR,Khera Kalyanpur,Normal/Others,NA - Installing hand pumps,DISTRICT COLLECTOR ALWAR_IDA,2023-09-12,Action Pending,100000,Unsanctioned
MPLADS-045928,Smt Ranjeeta Koli,Lok Sabha,Rajasthan,BHARATPUR(SC),,,Kathumar,Kherli Rel ( Rural ),Normal/Others,"NA - Construction of roads, link roads, pathways or any other road with or without drainage system",DISTRICT COLLECTOR ALWAR_IDA,2023-09-12,Action Pending,500000,Unsanctioned
MPLADS-045933,Smt Ranjeeta Koli,Lok Sabha,Rajasthan,BHARATPUR(SC),,,KATHUMAR,Dantiya,Normal/Others,NA - Installing tube-wells and borewells,DISTRICT COLLECTOR ALWAR_IDA,2023-09-12,Action Pending,500000,Unsanctioned
MPLADS-045934,Smt Ranjeeta Koli,Lok Sabha,Rajasthan,BHARATPUR(SC),,,KATHUMAR,Teekri,Normal/Others,"NA - Construction of roads, approach roads, link roads and pathways",DISTRICT COLLECTOR ALWAR_IDA,2023-09-12,Action Pending,700000,Unsanctioned
MPLADS-045935,Smt Ranjeeta Koli,Lok Sabha,Rajasthan,BHARATPUR(SC),,,KATHUMAR,Bhanokhar,Normal/Others,NA - Construction of community centers and community halls,DISTRICT COLLECTOR ALWAR_IDA,2023-09-12,Action Pending,800000,Unsanctioned
MPLADS-045936,Smt Ranjeeta Koli,Lok Sabha,Rajasthan,BHARATPUR(SC),,,KATHUMAR,Kherli Rel ( Rural ),Normal/Others,NA - Installing hand pumps,DISTRICT COLLECTOR ALWAR_IDA,2023-09-12,Action Pending,115000,Unsanctioned
MPLADS-045937,Smt Ranjeeta Koli,Lok Sabha,Rajasthan,BHARATPUR(SC),,,KATHUMAR,Kherli Rel ( Rural ),Normal/Others,NA - Installing hand pumps,DISTRICT COLLECTOR ALWAR_IDA,2023-09-12,Action Pending,115000,Unsanctioned
MPLADS-045938,Smt Ranjeeta Koli,Lok Sabha,Rajasthan,BHARATPUR(SC),,,KATHUMAR,Kherli Rel ( Rural ),Normal/Others,NA - Installing hand pumps,DISTRICT COLLECTOR ALWAR_IDA,2023-09-12,Action Pending,115000,Unsanctioned
MPLADS-045939,Smt Ranjeeta Koli,Lok Sabha,Rajasthan,BHARATPUR(SC),,,KATHUMAR,Khera Kalyanpur,Normal/Others,NA - Installing hand pumps,DISTRICT COLLECTOR ALWAR_IDA,2023-09-12,Action Pending,100000,Unsanctioned
MPLADS-045941,Smt Ranjeeta Koli,Lok Sabha,Rajasthan,BHARATPUR(SC),,,KATHUMAR,Kathoomar,Normal/Others,NA - Installing hand pumps,DISTRICT COLLECTOR ALWAR_IDA,2023-09-12,Action Pending,110000,Unsanctioned
MPLADS-045958,Smt Ranjeeta Koli,Lok Sabha,Rajasthan,BHARATPUR(SC),,,KATHUMAR,Kherli Rel ( Rural ),Normal/Others,NA - Installing hand pumps,DISTRICT COLLECTOR ALWAR_IDA,2023-09-12,Action Pending,115000,Unsanctioned
MPLADS-045961,Rajyavardhan Singh Rathore,Lok Sabha,Rajasthan,JAIPUR RURAL,Viratnagar,11,,,Normal/Others,NA - Construction of community centers and community halls,DISTRICT COLLECTOR JAIPUR_IDA,2023-09-12,Action Pending,500000,Unsanctioned
MPLADS-045962,Rajyavardhan Singh Rathore,Lok Sabha,Rajasthan,JAIPUR RURAL,,,AMBER,Kant,Normal/Others,NA - Construction of buildings for community cultural activities,DISTRICT COLLECTOR JAIPUR_IDA,2023-09-12,Action Pending,700000,Unsanctioned
MPLADS-045963,Rajyavardhan Singh Rathore,Lok Sabha,Rajasthan,JAIPUR RURAL,,,Jalsu,Jalsoo,Normal/Others,NA - Construction of Footpaths/Pedestrian ways,DISTRICT COLLECTOR JAIPUR_IDA,2023-09-12,Action Pending,700000,Unsanctioned
MPLADS-045964,Rajyavardhan Singh Rathore,Lok Sabha,Rajasthan,JAIPUR RURAL,,,PAOTA,PREMNAGAR,Normal/Others,NA - Construction of community centers and community halls,DISTRICT COLLECTOR JAIPUR_IDA,2023-09-12,Action Pending,700000,Unsanctioned
MPLADS-045965,Rajyavardhan Singh Rathore,Lok Sabha,Rajasthan,JAIPUR RURAL,,,PAOTA,Rajnauta,Normal/Others,"NA - Construction of roads, approach roads, link roads and pathways",DISTRICT COLLECTOR JAIPUR_IDA,2023-09-12,Action Pending,700000,Unsanctioned
MPLADS-045966,Rajyavardhan Singh Rathore,Lok Sabha,Rajasthan,JAIPUR RURAL,,,VIRATNAGAR,Sothana,Normal/Others,NA - Construction of community centers and community halls,DISTRICT COLLECTOR JAIPUR_IDA,2023-09-12,Action Pending,700000,Unsanctioned
MPLADS-045967,Rajyavardhan Singh Rathore,Lok Sabha,Rajasthan,JAIPUR RURAL,,,PAOTA,Tulsipura,Normal/Others,"NA - Construction of roads, approach roads, link roads and pathways",DISTRICT COLLECTOR JAIPUR_IDA,2023-09-12,Action Pending,700000,Unsanctioned
MPLADS-045968,Rajyavardhan Singh Rathore,Lok Sabha,Rajasthan,JAIPUR RURAL,Viratnagar,"Upper Primary Adarsh ​​Vidya Mandir, Municipality Viratnagar, District Jaipur.",,,Normal/Others,NA - Construction of rooms and halls in school and colleges,DISTRICT COLLECTOR JAIPUR_IDA,2023-09-12,Action Pending,500000,Unsanctioned
MPLADS-045969,Rahul Kaswan,Lok Sabha,Rajasthan,CHURU,,,RAJGARH,Lambor Bari,Normal/Others,NA - Improvement of electricity distribution infrastructure,DISTRICT COLLECTOR CHURU_IDA,2023-09-12,Action Pending,251300,Unsanctioned
MPLADS-045970,Rahul Kaswan,Lok Sabha,Rajasthan,CHURU,,,RATANGARH,Daudsar,Normal/Others,NA - Lighting of public spaces,DISTRICT COLLECTOR CHURU_IDA,2023-09-12,Action Pending,400000,Unsanctioned
MPLADS-045971,Rahul Kaswan,Lok Sabha,Rajasthan,CHURU,,,RAJGARH,Nyangali,Normal/Others,WS/MP728/2023-2024/19290 - Improvement of electricity distribution infrastructure,DISTRICT COLLECTOR CHURU_IDA,2023-09-12,Approved by IDA,406000,Unsanctioned
MPLADS-045973,Rajyavardhan Singh Rathore,Lok Sabha,Rajasthan,JAIPUR RURAL,Viratnagar,3,,,Normal/Others,NA - Construction of community centers and community halls,DISTRICT COLLECTOR JAIPUR_IDA,2023-09-12,Action Pending,500000,Unsanctioned
MPLADS-045975,Rahul Kaswan,Lok Sabha,Rajasthan,CHURU,,,TARANAGAR,Gajoowas,Normal/Others,NA - Construction of bus-sheds or bus-stops,DISTRICT COLLECTOR CHURU_IDA,2023-09-12,Action Pending,625000,Unsanctioned
MPLADS-045976,Rajyavardhan Singh Rathore,Lok Sabha,Rajasthan,JAIPUR RURAL,,,Jalsu,Jairampura,Normal/Others,NA - Construction of community centers and community halls,DISTRICT COLLECTOR JAIPUR_IDA,2023-09-12,Action Pending,700000,Unsanctioned
MPLADS-045978,Rajyavardhan Singh Rathore,Lok Sabha,Rajasthan,JAIPUR RURAL,,,Jalsu,Hardattpura,Normal/Others,NA - Construction of rooms and halls in school and colleges,DISTRICT COLLECTOR JAIPUR_IDA,2023-09-12,Action Pending,700000,Unsanctioned
MPLADS-045979,Rahul Kaswan,Lok Sabha,Rajasthan,CHURU,,,RATANGARH,Daudsar,Normal/Others,NA - Lighting of public spaces,DISTRICT COLLECTOR CHURU_IDA,2023-09-12,Action Pending,400000,Unsanctioned
MPLADS-045980,Rajyavardhan Singh Rathore,Lok Sabha,Rajasthan,JAIPUR RURAL,,,AMBER,Kanwarpura,Normal/Others,NA - Construction of boundary walls of existing public and community buildings,DISTRICT COLLECTOR JAIPUR_IDA,2023-09-12,Action Pending,700000,Unsanctioned
MPLADS-045981,Om Birla,Lok Sabha,Rajasthan,KOTA,,,ITAWA,Kherli Borda,Normal/Others,NA - Installing tube-wells and borewells,DISTRICT COLLECTOR KOTA_IDA,2023-09-11,Action Pending,200000,Unsanctioned
MPLADS-045982,Om Birla,Lok Sabha,Rajasthan,KOTA,,,ITAWA,Kajliya,Normal/Others,NA - Construction of rooms and halls in school and colleges,DISTRICT COLLECTOR KOTA_IDA,2023-09-11,Action Pending,600000,Unsanctioned
MPLADS-045983,Smt Jaskaur Meena ,Lok Sabha,Rajasthan,DAUSA(ST),,,LALSOT,Binori,Normal/Others,NA - Installing hand pumps,DISTRICT COLLECTOR DAUSA_IDA,2023-09-11,Action Pending,150000,Unsanctioned
MPLADS-045984,Om Birla,Lok Sabha,Rajasthan,KOTA,,,ITAWA,Bhawanipura,Normal/Others,NA - Crematoriums or structures on burial/ cremation ground for public convenience,DISTRICT COLLECTOR KOTA_IDA,2023-09-11,Action Pending,300000,Unsanctioned
MPLADS-045985,Om Birla,Lok Sabha,Rajasthan,KOTA,,,ITAWA,Khyawada,Normal/Others,NA - Crematoriums or structures on burial/ cremation ground for public convenience,DISTRICT COLLECTOR KOTA_IDA,2023-09-11,Action Pending,300000,Unsanctioned
MPLADS-045986,Om Birla,Lok Sabha,Rajasthan,KOTA,,,ITAWA,Beeroda,Normal/Others,NA - Crematoriums or structures on burial/ cremation ground for public convenience,DISTRICT COLLECTOR KOTA_IDA,2023-09-11,Action Pending,300000,Unsanctioned
MPLADS-045987,Om Birla,Lok Sabha,Rajasthan,KOTA,,,ITAWA,Kadeela,Normal/Others,NA - Crematoriums or structures on burial/ cremation ground for public convenience,DISTRICT COLLECTOR KOTA_IDA,2023-09-11,Action Pending,300000,Unsanctioned
MPLADS-045988,Om Birla,Lok Sabha,Rajasthan,KOTA,,,ITAWA,Kishanpura @ Khawaspura,Normal/Others,NA - Crematoriums or structures on burial/ cremation ground for public convenience,DISTRICT COLLECTOR KOTA_IDA,2023-09-11,Action Pending,300000,Unsanctioned
MPLADS-045989,Om Birla,Lok Sabha,Rajasthan,KOTA,,,KHAIRABAD,Julmi,Normal/Others,NA - Construction of community centers and community halls,DISTRICT COLLECTOR KOTA_IDA,2023-09-11,Action Pending,1500000,Unsanctioned
MPLADS-045990,Om Birla,Lok Sabha,Rajasthan,KOTA,,,ITAWA,Dadwara,Normal/Others,NA - Crematoriums or structures on burial/ cremation ground for public convenience,DISTRICT COLLECTOR KOTA_IDA,2023-09-11,Action Pending,300000,Unsanctioned
MPLADS-045992,Om Birla,Lok Sabha,Rajasthan,KOTA,,,KHAIRABAD,Goyanda,Normal/Others,WS/MP727/2023-2024/18795 - Construction of community centers and community halls,DISTRICT COLLECTOR KOTA_IDA,2023-09-11,Approved by IDA,1500000,Unsanctioned
MPLADS-045997,Om Birla,Lok Sabha,Rajasthan,KOTA,,,ITAWA,Naya Gaon,Normal/Others,NA - Construction of boundary walls of existing public and community buildings,DISTRICT COLLECTOR KOTA_IDA,2023-09-11,Action Pending,500000,Unsanctioned
MPLADS-046000,Om Birla,Lok Sabha,Rajasthan,KOTA,,,ITAWA,Gopalpura,Normal/Others,NA - Crematoriums or structures on burial/ cremation ground for public convenience,DISTRICT COLLECTOR KOTA_IDA,2023-09-11,Action Pending,300000,Unsanctioned
MPLADS-046001,Om Birla,Lok Sabha,Rajasthan,KOTA,,,ITAWA,Karwar,Normal/Others,NA - Construction of boundary walls of existing public and community buildings,DISTRICT COLLECTOR KOTA_IDA,2023-09-11,Action Pending,500000,Unsanctioned
MPLADS-046004,Om Birla,Lok Sabha,Rajasthan,KOTA,,,ITAWA,Lakhni,Normal/Others,NA - Installing tube-wells and borewells,DISTRICT COLLECTOR KOTA_IDA,2023-09-11,Action Pending,2,Unsanctioned
MPLADS-046005,Om Birla,Lok Sabha,Rajasthan,KOTA,,,ITAWA,Bambooliya Khurd,Normal/Others,NA - Construction of community centers and community halls,DISTRICT COLLECTOR KOTA_IDA,2023-09-11,Action Pending,1500000,Unsanctioned
MPLADS-046006,Om Birla,Lok Sabha,Rajasthan,KOTA,,,ITAWA,Adagela @ Haripura,Normal/Others,NA - Crematoriums or structures on burial/ cremation ground for public convenience,DISTRICT COLLECTOR KOTA_IDA,2023-09-11,Action Pending,300000,Unsanctioned
MPLADS-046007,Smt Jaskaur Meena ,Lok Sabha,Rajasthan,DAUSA(ST),Chaksu,"Sen.Sec. Adarsh Vidhya mandir, Chaksu",,,Normal/Others,NA - Construction of rooms and halls in school and colleges,DISTRICT COLLECTOR JAIPUR_IDA,2023-09-11,Action Pending,1000000,Unsanctioned
MPLADS-046008,Om Birla,Lok Sabha,Rajasthan,KOTA,,,ITAWA,Keerpura,Normal/Others,NA - Crematoriums or structures on burial/ cremation ground for public convenience,DISTRICT COLLECTOR KOTA_IDA,2023-09-11,Action Pending,300000,Unsanctioned
MPLADS-046009,Om Birla,Lok Sabha,Rajasthan,KOTA,,,SULTANPUR,Bakyan,Normal/Others,NA - Crematoriums or structures on burial/ cremation ground for public convenience,DISTRICT COLLECTOR KOTA_IDA,2023-09-11,Action Pending,300000,Unsanctioned
MPLADS-046010,Om Birla,Lok Sabha,Rajasthan,KOTA,,,ITAWA,Amalda,Normal/Others,NA - Crematoriums or structures on burial/ cremation ground for public convenience,DISTRICT COLLECTOR KOTA_IDA,2023-09-11,Action Pending,300000,Unsanctioned
MPLADS-046011,Om Birla,Lok Sabha,Rajasthan,KOTA,,,ITAWA,Shivdanpura,Normal/Others,NA - Crematoriums or structures on burial/ cremation ground for public convenience,DISTRICT COLLECTOR KOTA_IDA,2023-09-11,Action Pending,300000,Unsanctioned
MPLADS-046012,Om Birla,Lok Sabha,Rajasthan,KOTA,,,ITAWA,Bangawada,Normal/Others,NA - Crematoriums or structures on burial/ cremation ground for public convenience,DISTRICT COLLECTOR KOTA_IDA,2023-09-11,Action Pending,300000,Unsanctioned
MPLADS-046013,Om Birla,Lok Sabha,Rajasthan,KOTA,,,SULTANPUR,Mandawara,Normal/Others,NA - Construction of boundary walls of existing public and community buildings,DISTRICT COLLECTOR KOTA_IDA,2023-09-11,Action Pending,600000,Unsanctioned
MPLADS-046014,Smt Jaskaur Meena ,Lok Sabha,Rajasthan,DAUSA(ST),BASSI,Ward No. 11,,,Normal/Others,NA - Construction of rooms and halls in school and colleges,DISTRICT COLLECTOR JAIPUR_IDA,2023-09-11,Action Pending,2000000,Unsanctioned
MPLADS-046015,Smt Jaskaur Meena ,Lok Sabha,Rajasthan,DAUSA(ST),,,KOTKHAWDA,Kotkhawda,Normal/Others,NA - Construction of rooms and halls in school and colleges,DISTRICT COLLECTOR JAIPUR_IDA,2023-09-11,Action Pending,1000000,Unsanctioned
MPLADS-046016,Om Birla,Lok Sabha,Rajasthan,KOTA,,,ITAWA,Kherli Berisal,Normal/Others,NA - Crematoriums or structures on burial/ cremation ground for public convenience,DISTRICT COLLECTOR KOTA_IDA,2023-09-11,Action Pending,300000,Unsanctioned
MPLADS-046017,Smt Jaskaur Meena ,Lok Sabha,Rajasthan,DAUSA(ST),,,BASSI,Baskhoh (CT),Normal/Others,NA - Construction of rooms and halls in school and colleges,DISTRICT COLLECTOR JAIPUR_IDA,2023-09-11,Action Pending,1000000,Unsanctioned
MPLADS-046018,Om Birla,Lok Sabha,Rajasthan,KOTA,,,ITAWA,Ayana,Normal/Others,NA - Crematoriums or structures on burial/ cremation ground for public convenience,DISTRICT COLLECTOR KOTA_IDA,2023-09-11,Action Pending,500000,Unsanctioned
MPLADS-046019,Om Birla,Lok Sabha,Rajasthan,KOTA,,,ITAWA,Shobhagpura,Normal/Others,NA - Crematoriums or structures on burial/ cremation ground for public convenience,DISTRICT COLLECTOR KOTA_IDA,2023-09-11,Action Pending,300000,Unsanctioned
MPLADS-046020,Om Birla,Lok Sabha,Rajasthan,KOTA,,,ITAWA,Deopura,Repair and Renovation,NA - Construction of rooms and halls in school and colleges,DISTRICT COLLECTOR KOTA_IDA,2023-09-11,Action Pending,300000,Unsanctioned
MPLADS-046021,Om Birla,Lok Sabha,Rajasthan,KOTA,,,ITAWA,Gurala,Normal/Others,NA - Crematoriums or structures on burial/ cremation ground for public convenience,DISTRICT COLLECTOR KOTA_IDA,2023-09-11,Action Pending,300000,Unsanctioned
MPLADS-046022,Om Birla,Lok Sabha,Rajasthan,KOTA,,,ITAWA,Delod,Normal/Others,WS/MP727/2023-2024/18611 - Crematoriums or structures on burial/ cremation ground for public convenience,DISTRICT COLLECTOR KOTA_IDA,2023-09-11,Approved by IDA,299522,Unsanctioned
MPLADS-046023,Om Birla,Lok Sabha,Rajasthan,KOTA,,,ITAWA,Naya Gaon,Normal/Others,NA - Crematoriums or structures on burial/ cremation ground for public convenience,DISTRICT COLLECTOR KOTA_IDA,2023-09-11,Action Pending,300000,Unsanctioned
MPLADS-046024,Om Birla,Lok Sabha,Rajasthan,KOTA,,,ITAWA,Kherlimaharaja,Normal/Others,NA - Crematoriums or structures on burial/ cremation ground for public convenience,DISTRICT COLLECTOR KOTA_IDA,2023-09-11,Action Pending,300000,Unsanctioned
MPLADS-046026,Om Birla,Lok Sabha,Rajasthan,KOTA,,,ITAWA,Keerpura,Normal/Others,NA - Crematoriums or structures on burial/ cremation ground for public convenience,DISTRICT COLLECTOR KOTA_IDA,2023-09-11,Action Pending,300000,Unsanctioned
MPLADS-046027,Om Birla,Lok Sabha,Rajasthan,KOTA,,,ITAWA,Mundli,Normal/Others,NA - Lighting of public spaces,DISTRICT COLLECTOR KOTA_IDA,2023-09-11,Action Pending,231000,Unsanctioned
MPLADS-046028,Om Birla,Lok Sabha,Rajasthan,KOTA,,,ITAWA,Bishanpura,Normal/Others,NA - Crematoriums or structures on burial/ cremation ground for public convenience,DISTRICT COLLECTOR KOTA_IDA,2023-09-11,Action Pending,300000,Unsanctioned
MPLADS-046029,Om Birla,Lok Sabha,Rajasthan,KOTA,,,ITAWA,Asida,Normal/Others,NA - Crematoriums or structures on burial/ cremation ground for public convenience,DISTRICT COLLECTOR KOTA_IDA,2023-09-11,Action Pending,300000,Unsanctioned
MPLADS-046030,Om Birla,Lok Sabha,Rajasthan,KOTA,,,ITAWA,Chhapol,Normal/Others,NA - Crematoriums or structures on burial/ cremation ground for public convenience,DISTRICT COLLECTOR KOTA_IDA,2023-09-11,Action Pending,300000,Unsanctioned
MPLADS-046031,Om Birla,Lok Sabha,Rajasthan,KOTA,,,ITAWA,Theekarda,Normal/Others,NA - Crematoriums or structures on burial/ cremation ground for public convenience,DISTRICT COLLECTOR KOTA_IDA,2023-09-11,Action Pending,300000,Unsanctioned
MPLADS-046032,Om Birla,Lok Sabha,Rajasthan,KOTA,,,ITAWA,Gothra Khurd,Normal/Others,NA - Crematoriums or structures on burial/ cremation ground for public convenience,DISTRICT COLLECTOR KOTA_IDA,2023-09-11,Action Pending,300000,Unsanctioned
MPLADS-046033,Om Birla,Lok Sabha,Rajasthan,KOTA,,,ITAWA,Udaipura,Normal/Others,NA - Crematoriums or structures on burial/ cremation ground for public convenience,DISTRICT COLLECTOR KOTA_IDA,2023-09-11,Action Pending,300000,Unsanctioned
MPLADS-046034,Om Birla,Lok Sabha,Rajasthan,KOTA,,,ITAWA,Bagli,Normal/Others,NA - Crematoriums or structures on burial/ cremation ground for public convenience,DISTRICT COLLECTOR KOTA_IDA,2023-09-11,Action Pending,500000,Unsanctioned
MPLADS-046035,Om Birla,Lok Sabha,Rajasthan,KOTA,,,SULTANPUR,Kherula,Normal/Others,NA - Construction of community centers and community halls,DISTRICT COLLECTOR KOTA_IDA,2023-09-11,Action Pending,1500000,Unsanctioned
MPLADS-046036,Om Birla,Lok Sabha,Rajasthan,KOTA,,,Pipalda,Amarpura,Normal/Others,NA - Construction of rooms and halls in school and colleges,DISTRICT COLLECTOR KOTA_IDA,2023-09-11,Action Pending,599983,Unsanctioned
MPLADS-046037,Rahul Kaswan,Lok Sabha,Rajasthan,CHURU,,,CHURU,Ginri Patta Lohsana,Normal/Others,NA - Improvement of electricity distribution infrastructure,DISTRICT COLLECTOR CHURU_IDA,2023-09-11,Action Pending,665300,Unsanctioned
MPLADS-046038,Om Birla,Lok Sabha,Rajasthan,KOTA,,,SULTANPUR,Ramnagar,Normal/Others,"NA - Construction of roads, approach roads, link roads and pathways",DISTRICT COLLECTOR KOTA_IDA,2023-09-11,Action Pending,400000,Unsanctioned
MPLADS-046039,Om Birla,Lok Sabha,Rajasthan,KOTA,,,SULTANPUR,Gokulpura,Normal/Others,NA - Crematoriums or structures on burial/ cremation ground for public convenience,DISTRICT COLLECTOR KOTA_IDA,2023-09-11,Action Pending,400000,Unsanctioned
MPLADS-046040,Om Birla,Lok Sabha,Rajasthan,KOTA,,,SULTANPUR,Bagtari,Normal/Others,NA - Construction of additional rooms and halls in the existing public and community building,DISTRICT COLLECTOR KOTA_IDA,2023-09-11,Action Pending,700000,Unsanctioned
MPLADS-046041,Om Birla,Lok Sabha,Rajasthan,KOTA,,,SULTANPUR,Kishan Ganj,Normal/Others,NA - Crematoriums or structures on burial/ cremation ground for public convenience,DISTRICT COLLECTOR KOTA_IDA,2023-09-11,Action Pending,300000,Unsanctioned
MPLADS-046042,Om Birla,Lok Sabha,Rajasthan,KOTA,,,SULTANPUR,Peepalda Sand,Normal/Others,NA - Crematoriums or structures on burial/ cremation ground for public convenience,DISTRICT COLLECTOR KOTA_IDA,2023-09-11,Action Pending,300000,Unsanctioned
MPLADS-046043,Om Birla,Lok Sabha,Rajasthan,KOTA,,,SULTANPUR,Chopar Kheri,Normal/Others,NA - Crematoriums or structures on burial/ cremation ground for public convenience,DISTRICT COLLECTOR KOTA_IDA,2023-09-11,Action Pending,300000,Unsanctioned
MPLADS-046044,Om Birla,Lok Sabha,Rajasthan,KOTA,,,ITAWA,Haripura,Normal/Others,NA - Crematoriums or structures on burial/ cremation ground for public convenience,DISTRICT COLLECTOR KOTA_IDA,2023-09-11,Action Pending,300000,Unsanctioned
MPLADS-046103,Om Birla,Lok Sabha,Rajasthan,KOTA,,,KHAIRABAD,Pipalda,Normal/Others,WS/MP727/2023-2024/18803 - Construction of additional rooms and halls in the existing public and community building,DISTRICT COLLECTOR KOTA_IDA,2023-09-11,Approved by IDA,500000,Unsanctioned
MPLADS-046104,Om Birla,Lok Sabha,Rajasthan,KOTA,,,KHAIRABAD,Kookara Khurd,Normal/Others,WS/MP727/2023-2024/18809 - Construction of community centers and community halls,DISTRICT COLLECTOR KOTA_IDA,2023-09-11,Approved by IDA,1500000,Unsanctioned
MPLADS-046105,Om Birla,Lok Sabha,Rajasthan,KOTA,,,KHAIRABAD,Kheemach,Normal/Others,WS/MP727/2023-2024/18808 - Construction of additional rooms and halls in the existing public and community building,DISTRICT COLLECTOR KOTA_IDA,2023-09-11,Approved by IDA,1000000,Unsanctioned
MPLADS-046106,Om Birla,Lok Sabha,Rajasthan,KOTA,,,KHAIRABAD,Durjanpura,Normal/Others,WS/MP727/2023-2024/18807 - Crematoriums or structures on burial/ cremation ground for public convenience,DISTRICT COLLECTOR KOTA_IDA,2023-09-11,Approved by IDA,300000,Unsanctioned
MPLADS-046107,Om Birla,Lok Sabha,Rajasthan,KOTA,,,KHAIRABAD,Rampuriya,Normal/Others,WS/MP727/2023-2024/18806 - Construction of community centers and community halls,DISTRICT COLLECTOR KOTA_IDA,2023-09-11,Approved by IDA,500000,Unsanctioned
MPLADS-046108,Om Birla,Lok Sabha,Rajasthan,KOTA,,,KHAIRABAD,Hathona,Normal/Others,NA - Construction of community centers and community halls,DISTRICT COLLECTOR KOTA_IDA,2023-09-11,Action Pending,500000,Unsanctioned
MPLADS-046109,Om Birla,Lok Sabha,Rajasthan,KOTA,,,KHAIRABAD,Deoli Kalan,Normal/Others,WS/MP727/2023-2024/18804 - Construction of community centers and community halls,DISTRICT COLLECTOR KOTA_IDA,2023-09-11,Approved by IDA,1500000,Unsanctioned
MPLADS-046110,Om Birla,Lok Sabha,Rajasthan,KOTA,,,KHAIRABAD,Bhatwara,Repair and Renovation,WS/MP727/2023-2024/18802 - Construction of rooms and halls in school and colleges,DISTRICT COLLECTOR KOTA_IDA,2023-09-11,Approved by IDA,500000,Unsanctioned
MPLADS-046111,Om Birla,Lok Sabha,Rajasthan,KOTA,,,KHAIRABAD,Sahrawada,Normal/Others,NA - Lighting of public spaces,DISTRICT COLLECTOR KOTA_IDA,2023-09-11,Action Pending,450000,Unsanctioned
MPLADS-046112,Om Birla,Lok Sabha,Rajasthan,KOTA,,,KHAIRABAD,Bholoo,Normal/Others,WS/MP727/2023-2024/18801 - Development of playground,DISTRICT COLLECTOR KOTA_IDA,2023-09-11,Approved by IDA,800000,Unsanctioned
MPLADS-046113,Om Birla,Lok Sabha,Rajasthan,KOTA,,,KHAIRABAD,Goondi,Normal/Others,WS/MP727/2023-2024/18800 - Crematoriums or structures on burial/ cremation ground for public convenience,DISTRICT COLLECTOR KOTA_IDA,2023-09-11,Approved by IDA,200000,Unsanctioned
MPLADS-046114,Om Birla,Lok Sabha,Rajasthan,KOTA,,,KHAIRABAD,Sohan Khera,Normal/Others,WS/MP727/2023-2024/18799 - Crematoriums or structures on burial/ cremation ground for public convenience,DISTRICT COLLECTOR KOTA_IDA,2023-09-11,Approved by IDA,300000,Unsanctioned
MPLADS-046115,Om Birla,Lok Sabha,Rajasthan,KOTA,,,KHAIRABAD,Kumbhkot (CT),Normal/Others,NA - Construction of additional rooms and halls in the existing public and community building,DISTRICT COLLECTOR KOTA_IDA,2023-09-11,Action Pending,1500000,Unsanctioned
MPLADS-046116,Om Birla,Lok Sabha,Rajasthan,KOTA,,,KHAIRABAD,Beed Mandi,Normal/Others,WS/MP727/2023-2024/18797 - Crematoriums or structures on burial/ cremation ground for public convenience,DISTRICT COLLECTOR KOTA_IDA,2023-09-11,Approved by IDA,300000,Unsanctioned
MPLADS-046118,Ramcharan Bohra,Lok Sabha,Rajasthan,JAIPUR,Jaipur Heritage,54,,,Normal/Others,NA - Construction of community centers and community halls,DISTRICT COLLECTOR JAIPUR_IDA,2023-09-11,Action Pending,5000000,Unsanctioned
MPLADS-046247,SHRI Neeraj Dangi,Rajya Sabha,Rajasthan,Sitting Rajya Sabha,,,SOJAT,Sisarwada,Normal/Others,NA - Development of playground,DISTRICT COLLECTOR PALI_IDA,2023-09-11,Action Pending,1500000,Unsanctioned
MPLADS-046256,Om Birla,Lok Sabha,Rajasthan,KOTA,,,NAINWA,Bhompura,Normal/Others,WS/MP727/2023-2024/18502 - Crematoriums or structures on burial/ cremation ground for public convenience,DISTRICT COLLECTOR BUNDI_IDA,2023-09-10,Approved by IDA,300000,Unsanctioned
MPLADS-046257,Om Birla,Lok Sabha,Rajasthan,KOTA,,,NAINWA,Shivpura,Normal/Others,NA - Construction of community centers and community halls,DISTRICT COLLECTOR BUNDI_IDA,2023-09-10,Action Pending,500000,Unsanctioned
MPLADS-046258,Smt Jaskaur Meena ,Lok Sabha,Rajasthan,DAUSA(ST),,,SIKRAI,Manpur,Normal/Others,NA - Construction of rooms and halls in school and colleges,DISTRICT COLLECTOR DAUSA_IDA,2023-09-10,Action Pending,500000,Unsanctioned
MPLADS-046259,Smt Jaskaur Meena ,Lok Sabha,Rajasthan,DAUSA(ST),Mahwa,Mahwa,,,Normal/Others,NA - Construction of rooms and halls in school and colleges,DISTRICT COLLECTOR DAUSA_IDA,2023-09-10,Action Pending,500000,Unsanctioned
MPLADS-046260,Smt Jaskaur Meena ,Lok Sabha,Rajasthan,DAUSA(ST),,,BAIJUPADA,Balaheri,Normal/Others,NA - Construction of rooms and halls in school and colleges,DISTRICT COLLECTOR DAUSA_IDA,2023-09-10,Action Pending,500000,Unsanctioned
MPLADS-046261,Smt Jaskaur Meena ,Lok Sabha,Rajasthan,DAUSA(ST),Mandawar,"Madhyamik Adarsh Vidhya Mandir, Mandawar",,,Normal/Others,NA - Construction of rooms and halls in school and colleges,DISTRICT COLLECTOR DAUSA_IDA,2023-09-10,Action Pending,1000000,Unsanctioned
MPLADS-046262,Om Birla,Lok Sabha,Rajasthan,KOTA,,,NAINWA,Bamangaon,Normal/Others,WS/MP727/2023-2024/18503 - Crematoriums or structures on burial/ cremation ground for public convenience,DISTRICT COLLECTOR BUNDI_IDA,2023-09-10,Approved by IDA,300000,Unsanctioned
MPLADS-046263,Smt Jaskaur Meena ,Lok Sabha,Rajasthan,DAUSA(ST),,,SIKRAI,Sikrai,Normal/Others,NA - Construction of rooms and halls in school and colleges,DISTRICT COLLECTOR DAUSA_IDA,2023-09-10,Action Pending,500000,Unsanctioned
MPLADS-046264,Smt Jaskaur Meena ,Lok Sabha,Rajasthan,DAUSA(ST),,,BASWA,Baswa,Normal/Others,NA - Construction of rooms and halls in school and colleges,DISTRICT COLLECTOR DAUSA_IDA,2023-09-10,Action Pending,1000000,Unsanctioned
MPLADS-046265,Om Birla,Lok Sabha,Rajasthan,KOTA,,,KESHORAIPATAN,Baswara,Normal/Others,NA - Crematoriums or structures on burial/ cremation ground for public convenience,DISTRICT COLLECTOR BUNDI_IDA,2023-09-10,Action Pending,400000,Unsanctioned
MPLADS-046266,Om Birla,Lok Sabha,Rajasthan,KOTA,,,KESHORAIPATAN,Daramataji,Normal/Others,NA - Construction of community centers and community halls,DISTRICT COLLECTOR BUNDI_IDA,2023-09-10,Action Pending,1000000,Unsanctioned
MPLADS-046267,Om Birla,Lok Sabha,Rajasthan,KOTA,,,KESHORAIPATAN,Rangpuriya,Normal/Others,NA - Crematoriums or structures on burial/ cremation ground for public convenience,DISTRICT COLLECTOR BUNDI_IDA,2023-09-10,Action Pending,300000,Unsanctioned
MPLADS-046269,Om Birla,Lok Sabha,Rajasthan,KOTA,,,NAINWA,Devpura,Normal/Others,WS/MP727/2023-2024/18505 - Construction of additional rooms and halls in the existing public and community building,DISTRICT COLLECTOR BUNDI_IDA,2023-09-10,Approved by IDA,500000,Unsanctioned
MPLADS-046270,Om Birla,Lok Sabha,Rajasthan,KOTA,,,NAINWA,Biharipura,Normal/Others,WS/MP727/2023-2024/18506 - Crematoriums or structures on burial/ cremation ground for public convenience,DISTRICT COLLECTOR BUNDI_IDA,2023-09-10,Approved by IDA,300000,Unsanctioned
MPLADS-046271,Om Birla,Lok Sabha,Rajasthan,KOTA,,,NAINWA,Mandpur,Normal/Others,WS/MP727/2023-2024/18507 - Crematoriums or structures on burial/ cremation ground for public convenience,DISTRICT COLLECTOR BUNDI_IDA,2023-09-10,Approved by IDA,400000,Unsanctioned
MPLADS-046273,Om Birla,Lok Sabha,Rajasthan,KOTA,,,KESHORAIPATAN,Padra,Normal/Others,"NA - Construction of roads, approach roads, link roads and pathways",DISTRICT COLLECTOR BUNDI_IDA,2023-09-10,Action Pending,300000,Unsanctioned
MPLADS-046274,Smt Jaskaur Meena ,Lok Sabha,Rajasthan,DAUSA(ST),,,BAIJUPADA,Biwai,Normal/Others,NA - Construction of rooms and halls in school and colleges,DISTRICT COLLECTOR DAUSA_IDA,2023-09-10,Action Pending,500000,Unsanctioned
MPLADS-046275,Smt Jaskaur Meena ,Lok Sabha,Rajasthan,DAUSA(ST),Dausa,Jaipur Road Dausa,,,Normal/Others,NA - Construction of rooms and halls in school and colleges,DISTRICT COLLECTOR DAUSA_IDA,2023-09-10,Action Pending,1000000,Unsanctioned
MPLADS-046276,Smt Jaskaur Meena ,Lok Sabha,Rajasthan,DAUSA(ST),,,BANDIKUI,Mund Ghisya,Normal/Others,NA - Construction of rooms and halls in school and colleges,DISTRICT COLLECTOR DAUSA_IDA,2023-09-10,Action Pending,1000000,Unsanctioned
MPLADS-046277,Om Birla,Lok Sabha,Rajasthan,KOTA,,,KESHORAIPATAN,Keshonagar,Normal/Others,WS/MP727/2023-2024/18526 - Crematoriums or structures on burial/ cremation ground for public convenience,DISTRICT COLLECTOR BUNDI_IDA,2023-09-10,Approved by IDA,300000,Unsanctioned
MPLADS-046278,Om Birla,Lok Sabha,Rajasthan,KOTA,,,KESHORAIPATAN,Ramnagar,Normal/Others,NA - Crematoriums or structures on burial/ cremation ground for public convenience,DISTRICT COLLECTOR BUNDI_IDA,2023-09-10,Action Pending,300000,Unsanctioned
MPLADS-046279,Om Birla,Lok Sabha,Rajasthan,KOTA,,,KESHORAIPATAN,Mohanpura,Normal/Others,NA - Crematoriums or structures on burial/ cremation ground for public convenience,DISTRICT COLLECTOR BUNDI_IDA,2023-09-10,Action Pending,300000,Unsanctioned
MPLADS-046280,Om Birla,Lok Sabha,Rajasthan,KOTA,,,KESHORAIPATAN,Bhaopura,Normal/Others,NA - Crematoriums or structures on burial/ cremation ground for public convenience,DISTRICT COLLECTOR BUNDI_IDA,2023-09-10,Action Pending,300000,Unsanctioned
MPLADS-046281,Om Birla,Lok Sabha,Rajasthan,KOTA,,,KESHORAIPATAN,Bargaon,Normal/Others,NA - Crematoriums or structures on burial/ cremation ground for public convenience,DISTRICT COLLECTOR BUNDI_IDA,2023-09-10,Action Pending,300000,Unsanctioned
MPLADS-046282,Om Birla,Lok Sabha,Rajasthan,KOTA,,,KESHORAIPATAN,Sakhawada,Normal/Others,NA - Crematoriums or structures on burial/ cremation ground for public convenience,DISTRICT COLLECTOR BUNDI_IDA,2023-09-10,Action Pending,300000,Unsanctioned
MPLADS-046283,Om Birla,Lok Sabha,Rajasthan,KOTA,,,KESHORAIPATAN,Kota Khurd,Normal/Others,NA - Crematoriums or structures on burial/ cremation ground for public convenience,DISTRICT COLLECTOR BUNDI_IDA,2023-09-10,Action Pending,300000,Unsanctioned
MPLADS-046284,Om Birla,Lok Sabha,Rajasthan,KOTA,,,KESHORAIPATAN,Guhatha,Normal/Others,NA - Crematoriums or structures on burial/ cremation ground for public convenience,DISTRICT COLLECTOR BUNDI_IDA,2023-09-10,Action Pending,300000,Unsanctioned
MPLADS-046285,Om Birla,Lok Sabha,Rajasthan,KOTA,,,KESHORAIPATAN,Kherli Bandha,Normal/Others,WS/MP727/2023-2024/18521 - Crematoriums or structures on burial/ cremation ground for public convenience,DISTRICT COLLECTOR BUNDI_IDA,2023-09-10,Approved by IDA,300000,Unsanctioned
MPLADS-046286,Om Birla,Lok Sabha,Rajasthan,KOTA,,,KESHORAIPATAN,Ajanda,Normal/Others,WS/MP727/2023-2024/18522 - Crematoriums or structures on burial/ cremation ground for public convenience,DISTRICT COLLECTOR BUNDI_IDA,2023-09-10,Approved by IDA,400000,Unsanctioned
MPLADS-046287,Om Birla,Lok Sabha,Rajasthan,KOTA,,,KESHORAIPATAN,Haripura,Normal/Others,WS/MP727/2023-2024/18523 - Crematoriums or structures on burial/ cremation ground for public convenience,DISTRICT COLLECTOR BUNDI_IDA,2023-09-10,Approved by IDA,400000,Unsanctioned
MPLADS-046288,Om Birla,Lok Sabha,Rajasthan,KOTA,,,KESHORAIPATAN,Soonagar,Normal/Others,NA - Crematoriums or structures on burial/ cremation ground for public convenience,DISTRICT COLLECTOR BUNDI_IDA,2023-09-10,Action Pending,300000,Unsanctioned
MPLADS-046289,Om Birla,Lok Sabha,Rajasthan,KOTA,,,KESHORAIPATAN,Bordamal,Normal/Others,NA - Crematoriums or structures on burial/ cremation ground for public convenience,DISTRICT COLLECTOR BUNDI_IDA,2023-09-10,Action Pending,500000,Unsanctioned
MPLADS-046290,Om Birla,Lok Sabha,Rajasthan,KOTA,,,KESHORAIPATAN,Lakheri Khurd,Normal/Others,NA - Crematoriums or structures on burial/ cremation ground for public convenience,DISTRICT COLLECTOR BUNDI_IDA,2023-09-10,Action Pending,300000,Unsanctioned
MPLADS-046291,Om Birla,Lok Sabha,Rajasthan,KOTA,,,NAINWA,Antarda,Normal/Others,WS/MP727/2023-2024/18527 - Crematoriums or structures on burial/ cremation ground for public convenience,DISTRICT COLLECTOR BUNDI_IDA,2023-09-10,Approved by IDA,1500000,Unsanctioned
MPLADS-046292,Smt Jaskaur Meena ,Lok Sabha,Rajasthan,DAUSA(ST),Dausa,Somnath nagar Dausa,,,Normal/Others,NA - Construction of rooms and halls in school and colleges,DISTRICT COLLECTOR DAUSA_IDA,2023-09-10,Action Pending,500000,Unsanctioned
MPLADS-046293,Om Birla,Lok Sabha,Rajasthan,KOTA,,,KESHORAIPATAN,Bara Khera,Normal/Others,"WS/MP727/2023-2024/18528 - Construction of roads, approach roads, link roads and pathways",DISTRICT COLLECTOR BUNDI_IDA,2023-09-10,Approved by IDA,1000000,Unsanctioned
MPLADS-046294,Om Birla,Lok Sabha,Rajasthan,KOTA,,,KESHORAIPATAN,Bara Khera,Normal/Others,"WS/MP727/2023-2024/18529 - Construction of roads, approach roads, link roads and pathways",DISTRICT COLLECTOR BUNDI_IDA,2023-09-10,Approved by IDA,1000000,Unsanctioned
MPLADS-046295,Om Birla,Lok Sabha,Rajasthan,KOTA,,,KESHORAIPATAN,Indrapuriya,Normal/Others,"NA - Construction of roads, approach roads, link roads and pathways",DISTRICT COLLECTOR BUNDI_IDA,2023-09-10,Action Pending,500000,Unsanctioned
MPLADS-046296,Om Birla,Lok Sabha,Rajasthan,KOTA,,,KESHORAIPATAN,Indrapuriya,Normal/Others,"WS/MP727/2023-2024/18531 - Construction of roads, link roads, pathways or any other road with or without drainage system",DISTRICT COLLECTOR BUNDI_IDA,2023-09-10,Approved by IDA,500000,Unsanctioned
MPLADS-046297,Om Birla,Lok Sabha,Rajasthan,KOTA,,,KESHORAIPATAN,Gurli,Normal/Others,NA - Crematoriums or structures on burial/ cremation ground for public convenience,DISTRICT COLLECTOR BUNDI_IDA,2023-09-10,Action Pending,400000,Unsanctioned
MPLADS-046298,Om Birla,Lok Sabha,Rajasthan,KOTA,,,KESHORAIPATAN,Jagnatha,Normal/Others,NA - Crematoriums or structures on burial/ cremation ground for public convenience,DISTRICT COLLECTOR BUNDI_IDA,2023-09-10,Action Pending,300000,Unsanctioned
MPLADS-046299,Om Birla,Lok Sabha,Rajasthan,KOTA,,,KESHORAIPATAN,Balapura,Normal/Others,NA - Crematoriums or structures on burial/ cremation ground for public convenience,DISTRICT COLLECTOR BUNDI_IDA,2023-09-10,Action Pending,300000,Unsanctioned
MPLADS-046300,Om Birla,Lok Sabha,Rajasthan,KOTA,,,KESHORAIPATAN,Bhand Guwar,Normal/Others,WS/MP727/2023-2024/18535 - Crematoriums or structures on burial/ cremation ground for public convenience,DISTRICT COLLECTOR BUNDI_IDA,2023-09-10,Approved by IDA,300000,Unsanctioned
MPLADS-046301,Smt Jaskaur Meena ,Lok Sabha,Rajasthan,DAUSA(ST),Lalsot,Nagar palika shetra Lalsot,,,Normal/Others,NA - Construction of rooms and halls in school and colleges,DISTRICT COLLECTOR DAUSA_IDA,2023-09-10,Action Pending,1000000,Unsanctioned
MPLADS-046302,Smt Jaskaur Meena ,Lok Sabha,Rajasthan,DAUSA(ST),,,BANDIKUI,Naagwas,Normal/Others,NA - Construction of rooms and halls in school and colleges,DISTRICT COLLECTOR DAUSA_IDA,2023-09-10,Action Pending,1000000,Unsanctioned
MPLADS-046303,Smt Jaskaur Meena ,Lok Sabha,Rajasthan,DAUSA(ST),,,SIKRAI,Sikrai,Normal/Others,NA - Construction of rooms and halls in school and colleges,DISTRICT COLLECTOR DAUSA_IDA,2023-09-10,Action Pending,500000,Unsanctioned
MPLADS-046304,Smt Jaskaur Meena ,Lok Sabha,Rajasthan,DAUSA(ST),Dausa,Getolav Road Dausa,,,Normal/Others,NA - Construction of rooms and halls in school and colleges,DISTRICT COLLECTOR DAUSA_IDA,2023-09-10,Action Pending,1000000,Unsanctioned
MPLADS-046307,Om Birla,Lok Sabha,Rajasthan,KOTA,,,NAINWA,Lamba Barda,Normal/Others,"WS/MP727/2023-2024/18512 - Construction of roads, link roads, pathways or any other road with or without drainage system",DISTRICT COLLECTOR BUNDI_IDA,2023-09-10,Approved by IDA,500000,Unsanctioned
MPLADS-046308,Smt Jaskaur Meena ,Lok Sabha,Rajasthan,DAUSA(ST),,,MAHWA,Khanpur,Normal/Others,NA - Construction of rooms and halls in school and colleges,DISTRICT COLLECTOR DAUSA_IDA,2023-09-10,Action Pending,500000,Unsanctioned
MPLADS-046309,Om Birla,Lok Sabha,Rajasthan,KOTA,,,TALERA,Notara,Normal/Others,WS/MP727/2023-2024/18495 - Crematoriums or structures on burial/ cremation ground for public convenience,DISTRICT COLLECTOR BUNDI_IDA,2023-09-10,Approved by IDA,300000,Unsanctioned
MPLADS-046310,Om Birla,Lok Sabha,Rajasthan,KOTA,,,TALERA,Budhpura (CT),Normal/Others,NA - Crematoriums or structures on burial/ cremation ground for public convenience,DISTRICT COLLECTOR BUNDI_IDA,2023-09-10,Action Pending,300000,Unsanctioned
MPLADS-046311,Om Birla,Lok Sabha,Rajasthan,KOTA,,,BUNDI,Gordhanpura,Normal/Others,NA - Crematoriums or structures on burial/ cremation ground for public convenience,DISTRICT COLLECTOR BUNDI_IDA,2023-09-10,Action Pending,300000,Unsanctioned
MPLADS-046312,Om Birla,Lok Sabha,Rajasthan,KOTA,,,BUNDI,Bawadi Khera,Normal/Others,WS/MP727/2023-2024/18491 - Construction of community centers and community halls,DISTRICT COLLECTOR BUNDI_IDA,2023-09-10,Approved by IDA,500000,Unsanctioned
MPLADS-046313,Om Birla,Lok Sabha,Rajasthan,KOTA,,,BUNDI,Nanakpuriya,Normal/Others,NA - Crematoriums or structures on burial/ cremation ground for public convenience,DISTRICT COLLECTOR BUNDI_IDA,2023-09-10,Action Pending,300000,Unsanctioned
MPLADS-046314,Om Birla,Lok Sabha,Rajasthan,KOTA,,,BUNDI,Rihana,Normal/Others,WS/MP727/2023-2024/18488 - Crematoriums or structures on burial/ cremation ground for public convenience,DISTRICT COLLECTOR BUNDI_IDA,2023-09-10,Approved by IDA,300000,Unsanctioned
MPLADS-046315,Om Birla,Lok Sabha,Rajasthan,KOTA,,,BUNDI,Sankarda,Normal/Others,WS/MP727/2023-2024/18487 - Crematoriums or structures on burial/ cremation ground for public convenience,DISTRICT COLLECTOR BUNDI_IDA,2023-09-10,Approved by IDA,300000,Unsanctioned
MPLADS-046316,Gajendra Singh Shekhawat,Lok Sabha,Rajasthan,JODHPUR,,,CHAMU,Banon Ka Bas,Normal/Others,WS/MP723/2023-2024/18486 - Construction of boundary walls of existing public and community buildings,DISTRICT COLLECTOR JODHPUR_IDA,2023-09-10,Approved by IDA,600000,Unsanctioned
MPLADS-046317,Gajendra Singh Shekhawat,Lok Sabha,Rajasthan,JODHPUR,,,SHERGARH,Lumbansar,Normal/Others,WS/MP723/2023-2024/18485 - Construction of boundary walls of existing public and community buildings,DISTRICT COLLECTOR JODHPUR_IDA,2023-09-10,Approved by IDA,600000,Unsanctioned
MPLADS-046319,Smt Jaskaur Meena ,Lok Sabha,Rajasthan,DAUSA(ST),,,LALSOT,Khatwa,Normal/Others,NA - Installing community drinking water plants,DISTRICT COLLECTOR DAUSA_IDA,2023-09-10,Action Pending,550000,Unsanctioned
MPLADS-046320,Smt Jaskaur Meena ,Lok Sabha,Rajasthan,DAUSA(ST),,,NANGAL RAJAWATAN,Khawa Raoji,Normal/Others,NA - Installing community drinking water plants,DISTRICT COLLECTOR DAUSA_IDA,2023-09-10,Action Pending,550000,Unsanctioned
MPLADS-046321,Smt Jaskaur Meena ,Lok Sabha,Rajasthan,DAUSA(ST),,,BANDIKUI,Khutla,Normal/Others,WS/MP387/2023-2024/18474 - Construction of public libraries and reading rooms,DISTRICT COLLECTOR DAUSA_IDA,2023-09-10,Approved by IDA,1000000,Sanctioned
MPLADS-046322,Smt Jaskaur Meena ,Lok Sabha,Rajasthan,DAUSA(ST),,,BAIJUPADA,Ranapara,Normal/Others,NA - Construction of rooms and halls in school and colleges,DISTRICT COLLECTOR DAUSA_IDA,2023-09-10,Action Pending,1000000,Unsanctioned
MPLADS-046323,Smt Jaskaur Meena ,Lok Sabha,Rajasthan,DAUSA(ST),,,LALSOT,Patti Kishorpura,Normal/Others,NA - Installing hand pumps,DISTRICT COLLECTOR DAUSA_IDA,2023-09-10,Action Pending,150000,Unsanctioned
MPLADS-046324,Smt Jaskaur Meena ,Lok Sabha,Rajasthan,DAUSA(ST),,,LALSOT,Khatwa,Normal/Others,NA - Installing tube-wells and borewells,DISTRICT COLLECTOR DAUSA_IDA,2023-09-10,Action Pending,150000,Unsanctioned
MPLADS-046325,Smt Jaskaur Meena ,Lok Sabha,Rajasthan,DAUSA(ST),,,LALSOT,Shivsinghpura,Normal/Others,NA - Installing tube-wells and borewells,DISTRICT COLLECTOR DAUSA_IDA,2023-09-10,Action Pending,150000,Unsanctioned
MPLADS-046326,Smt Jaskaur Meena ,Lok Sabha,Rajasthan,DAUSA(ST),,,LALSOT,Shivsinghpura,Normal/Others,NA - Installing community drinking water plants,DISTRICT COLLECTOR DAUSA_IDA,2023-09-10,Action Pending,550000,Unsanctioned
MPLADS-046327,Smt Jaskaur Meena ,Lok Sabha,Rajasthan,DAUSA(ST),,,LAWAN,Khanwas,Normal/Others,NA - Installing tube-wells and borewells,DISTRICT COLLECTOR DAUSA_IDA,2023-09-10,Action Pending,150000,Unsanctioned
MPLADS-046328,Smt Jaskaur Meena ,Lok Sabha,Rajasthan,DAUSA(ST),,,NANGAL RAJAWATAN,Alooda,Normal/Others,WS/MP387/2023-2024/18481 - Installing community drinking water plants,DISTRICT COLLECTOR DAUSA_IDA,2023-09-10,Approved by IDA,550000,Sanctioned
MPLADS-046329,Om Birla,Lok Sabha,Rajasthan,KOTA,,,TALERA,Baroondhan,Normal/Others,NA - Crematoriums or structures on burial/ cremation ground for public convenience,DISTRICT COLLECTOR BUNDI_IDA,2023-09-10,Action Pending,300000,Unsanctioned
MPLADS-046330,Om Birla,Lok Sabha,Rajasthan,KOTA,,,TALERA,Jameetpura,Normal/Others,WS/MP727/2023-2024/18496 - Crematoriums or structures on burial/ cremation ground for public convenience,DISTRICT COLLECTOR BUNDI_IDA,2023-09-10,Approved by IDA,300000,Unsanctioned
MPLADS-046331,Smt Jaskaur Meena ,Lok Sabha,Rajasthan,DAUSA(ST),,,LAWAN,Dhigariya,Normal/Others,NA - Construction of boundary walls of existing public and community buildings,DISTRICT COLLECTOR DAUSA_IDA,2023-09-10,Action Pending,700000,Unsanctioned
MPLADS-046332,Smt Jaskaur Meena ,Lok Sabha,Rajasthan,DAUSA(ST),,,LAWAN,Nangal Govind,Normal/Others,NA - Creation of new ponds,DISTRICT COLLECTOR DAUSA_IDA,2023-09-10,Action Pending,700000,Unsanctioned
MPLADS-046335,Gajendra Singh Shekhawat,Lok Sabha,Rajasthan,JODHPUR,,,DHAWA,Loonawas Khara,Normal/Others,WS/MP723/2023-2024/18463 - Construction of public libraries and reading rooms,DISTRICT COLLECTOR JODHPUR_IDA,2023-09-10,Approved by IDA,750000,Unsanctioned
MPLADS-046336,Gajendra Singh Shekhawat,Lok Sabha,Rajasthan,JODHPUR,,,DHAWA,Bujhawar,Normal/Others,WS/MP723/2023-2024/18464 - Construction of public libraries and reading rooms,DISTRICT COLLECTOR JODHPUR_IDA,2023-09-10,Approved by IDA,1000000,Unsanctioned
MPLADS-046337,Gajendra Singh Shekhawat,Lok Sabha,Rajasthan,JODHPUR,,,LUNI,Sar,Normal/Others,"WS/MP723/2023-2024/18465 - Construction of roads, approach roads, link roads and pathways",DISTRICT COLLECTOR JODHPUR_IDA,2023-09-10,Approved by IDA,500000,Unsanctioned
MPLADS-046338,Om Birla,Lok Sabha,Rajasthan,KOTA,,,NAINWA,Gambheera,Normal/Others,WS/MP727/2023-2024/18513 - Crematoriums or structures on burial/ cremation ground for public convenience,DISTRICT COLLECTOR BUNDI_IDA,2023-09-10,Approved by IDA,300000,Unsanctioned
MPLADS-046339,Gajendra Singh Shekhawat,Lok Sabha,Rajasthan,JODHPUR,,,BALESAR,Dhadhaniya Barda,Normal/Others,WS/MP723/2023-2024/18466 - Construction of rooms and halls in school and colleges,DISTRICT COLLECTOR JODHPUR_IDA,2023-09-10,Approved by IDA,600000,Unsanctioned
MPLADS-046340,Om Birla,Lok Sabha,Rajasthan,KOTA,,,TALERA,Jalodi,Normal/Others,WS/MP727/2023-2024/18497 - Crematoriums or structures on burial/ cremation ground for public convenience,DISTRICT COLLECTOR BUNDI_IDA,2023-09-10,Approved by IDA,300000,Unsanctioned
MPLADS-046341,Smt Jaskaur Meena ,Lok Sabha,Rajasthan,DAUSA(ST),,,BASWA,Badiyal Khurd,Normal/Others,NA - Construction of rooms and halls in school and colleges,DISTRICT COLLECTOR DAUSA_IDA,2023-09-10,Action Pending,500000,Unsanctioned
MPLADS-046342,Smt Jaskaur Meena ,Lok Sabha,Rajasthan,DAUSA(ST),,,BANDIKUI,Nandera,Normal/Others,WS/MP387/2023-2024/18469 - Construction of community centers and community halls,DISTRICT COLLECTOR DAUSA_IDA,2023-09-10,Approved by IDA,500000,Sanctioned
MPLADS-046343,Smt Jaskaur Meena ,Lok Sabha,Rajasthan,DAUSA(ST),,,LALSOT,Shivsinghpura,Normal/Others,WS/MP387/2023-2024/18470 - Construction of community centers and community halls,DISTRICT COLLECTOR DAUSA_IDA,2023-09-10,Approved by IDA,250000,Sanctioned
MPLADS-046344,Smt Jaskaur Meena ,Lok Sabha,Rajasthan,DAUSA(ST),,,SIKANDARA,Sikandara,Normal/Others,NA - Installing community drinking water plants,DISTRICT COLLECTOR DAUSA_IDA,2023-09-10,Action Pending,550000,Unsanctioned
MPLADS-046347,Om Birla,Lok Sabha,Rajasthan,KOTA,,,NAINWA,Jetpur,Normal/Others,NA - Construction of community centers and community halls,DISTRICT COLLECTOR BUNDI_IDA,2023-09-10,Action Pending,1500000,Unsanctioned
MPLADS-046348,Om Birla,Lok Sabha,Rajasthan,KOTA,,,KESHORAIPATAN,Pacheepla,Normal/Others,NA - Construction of community centers and community halls,DISTRICT COLLECTOR BUNDI_IDA,2023-09-10,Action Pending,1000000,Unsanctioned
MPLADS-046384,Gajendra Singh Shekhawat,Lok Sabha,Rajasthan,JODHPUR,,,KERU,Indroka,Normal/Others,NA - Crematoriums or structures on burial/ cremation ground for public convenience,DISTRICT COLLECTOR JODHPUR_IDA,2023-09-09,Action Pending,600000,Unsanctioned
MPLADS-046386,Om Birla,Lok Sabha,Rajasthan,KOTA,,,BUNDI,Dolara,Normal/Others,NA - Construction of additional rooms and halls in the existing public and community building,DISTRICT COLLECTOR BUNDI_IDA,2023-09-09,Action Pending,1000000,Unsanctioned
MPLADS-046387,Gajendra Singh Shekhawat,Lok Sabha,Rajasthan,JODHPUR,,,GHANTIYALI,Hanuman Nagar,Normal/Others,NA - Construction of rooms and halls in school and colleges,DISTRICT COLLECTOR JODHPUR_IDA,2023-09-09,Action Pending,600000,Unsanctioned
MPLADS-046388,Gajendra Singh Shekhawat,Lok Sabha,Rajasthan,JODHPUR,,,DHAWA,Rohichan Kalan,Normal/Others,WS/MP723/2023-2024/18336 - Construction of rooms and halls in school and colleges,DISTRICT COLLECTOR JODHPUR_IDA,2023-09-09,Approved by IDA,600000,Unsanctioned
MPLADS-046389,Gajendra Singh Shekhawat,Lok Sabha,Rajasthan,JODHPUR,,,GHANTIYALI,Rohina,Normal/Others,NA - Construction of rooms and halls in school and colleges,DISTRICT COLLECTOR JODHPUR_IDA,2023-09-09,Action Pending,600000,Unsanctioned
MPLADS-046390,Gajendra Singh Shekhawat,Lok Sabha,Rajasthan,JODHPUR,,,KERU,Narwa Khichiyan,Normal/Others,"NA - Construction of rooms and facilities for hospitals, FWC , PHC Centers and ANM centers",DISTRICT COLLECTOR JODHPUR_IDA,2023-09-09,Action Pending,1325000,Unsanctioned
MPLADS-046391,Om Birla,Lok Sabha,Rajasthan,KOTA,,,TALERA,Kothya,Normal/Others,NA - Crematoriums or structures on burial/ cremation ground for public convenience,DISTRICT COLLECTOR BUNDI_IDA,2023-09-09,Action Pending,300000,Unsanctioned
MPLADS-046392,Om Birla,Lok Sabha,Rajasthan,KOTA,,,TALERA,Khadipur,Normal/Others,WS/MP727/2023-2024/18328 - Construction of community centers and community halls,DISTRICT COLLECTOR BUNDI_IDA,2023-09-09,Approved by IDA,1000000,Unsanctioned
MPLADS-046393,Om Birla,Lok Sabha,Rajasthan,KOTA,,,BUNDI,Mohanpura,Normal/Others,WS/MP727/2023-2024/18326 - Crematoriums or structures on burial/ cremation ground for public convenience,DISTRICT COLLECTOR BUNDI_IDA,2023-09-09,Approved by IDA,400000,Unsanctioned
MPLADS-046394,Om Birla,Lok Sabha,Rajasthan,KOTA,,,TALERA,Rampuriya barad,Normal/Others,NA - Crematoriums or structures on burial/ cremation ground for public convenience,DISTRICT COLLECTOR BUNDI_IDA,2023-09-09,Action Pending,300000,Unsanctioned
MPLADS-046395,Om Birla,Lok Sabha,Rajasthan,KOTA,,,TALERA,Nainda,Normal/Others,NA - Construction of rooms and halls in school and colleges,DISTRICT COLLECTOR BUNDI_IDA,2023-09-09,Action Pending,600000,Unsanctioned
MPLADS-046396,Om Birla,Lok Sabha,Rajasthan,KOTA,,,TALERA,Seeta Pura,Normal/Others,NA - Construction of community centers and community halls,DISTRICT COLLECTOR BUNDI_IDA,2023-09-09,Action Pending,1000000,Unsanctioned
MPLADS-046401,Om Birla,Lok Sabha,Rajasthan,KOTA,,,TALERA,Khadipur,Normal/Others,WS/MP727/2023-2024/18341 - Installing hand pumps,DISTRICT COLLECTOR BUNDI_IDA,2023-09-09,Approved by IDA,100000,Unsanctioned
MPLADS-046402,Om Birla,Lok Sabha,Rajasthan,KOTA,,,BUNDI,Bheem Ka Khera,Normal/Others,WS/MP727/2023-2024/18343 - Installing tube-wells and borewells,DISTRICT COLLECTOR BUNDI_IDA,2023-09-09,Approved by IDA,200000,Unsanctioned
MPLADS-046404,Gajendra Singh Shekhawat,Lok Sabha,Rajasthan,JODHPUR,,,BAP,Sri Rampura,Normal/Others,WS/MP723/2023-2024/18409 - Construction of rooms and halls in school and colleges,DISTRICT COLLECTOR JODHPUR_IDA,2023-09-09,Approved by IDA,600000,Unsanctioned
MPLADS-046405,Gajendra Singh Shekhawat,Lok Sabha,Rajasthan,JODHPUR,,,BAP,Kansingh Ki Seer,Normal/Others,NA - Construction of boundary walls of existing public and community buildings,DISTRICT COLLECTOR JODHPUR_IDA,2023-09-09,Action Pending,500000,Unsanctioned
MPLADS-046406,Gajendra Singh Shekhawat,Lok Sabha,Rajasthan,JODHPUR,,,BAP,Saranpura,Normal/Others,NA - Construction of boundary walls of existing public and community buildings,DISTRICT COLLECTOR JODHPUR_IDA,2023-09-09,Action Pending,800000,Unsanctioned
MPLADS-046407,Gajendra Singh Shekhawat,Lok Sabha,Rajasthan,JODHPUR,,,DECHU,Asarlai,Normal/Others,"NA - Construction of roads, link roads, pathways or any other road with or without drainage system",DISTRICT COLLECTOR JODHPUR_IDA,2023-09-09,Action Pending,500000,Unsanctioned
MPLADS-046408,Gajendra Singh Shekhawat,Lok Sabha,Rajasthan,JODHPUR,,,AAU,Khariya,Normal/Others,WS/MP723/2023-2024/18440 - Construction of boundary walls of existing public and community buildings,DISTRICT COLLECTOR JODHPUR_IDA,2023-09-09,Approved by IDA,800000,Unsanctioned
MPLADS-046409,Gajendra Singh Shekhawat,Lok Sabha,Rajasthan,JODHPUR,,,AAU,Krishnanagar,Normal/Others,NA - Construction of rooms and halls in school and colleges,DISTRICT COLLECTOR JODHPUR_IDA,2023-09-09,Action Pending,600000,Unsanctioned
MPLADS-046410,Gajendra Singh Shekhawat,Lok Sabha,Rajasthan,JODHPUR,,,LOHAWAT,Lohawat Bisnawas,Normal/Others,NA - Construction of rooms and halls in school and colleges,DISTRICT COLLECTOR JODHPUR_IDA,2023-09-09,Action Pending,600000,Unsanctioned
MPLADS-046411,Gajendra Singh Shekhawat,Lok Sabha,Rajasthan,JODHPUR,,,BAP,Karni Nagar,Normal/Others,WS/MP723/2023-2024/18408 - Construction of rooms and halls in school and colleges,DISTRICT COLLECTOR JODHPUR_IDA,2023-09-09,Approved by IDA,600000,Ongoing
MPLADS-046412,Gajendra Singh Shekhawat,Lok Sabha,Rajasthan,JODHPUR,,,LOHAWAT,Chheela,Normal/Others,NA - Purchase of furniture and fixtures for educational purposes,DISTRICT COLLECTOR JODHPUR_IDA,2023-09-09,Action Pending,300000,Unsanctioned
MPLADS-046413,Gajendra Singh Shekhawat,Lok Sabha,Rajasthan,JODHPUR,,,BAP,Kheerwa,Normal/Others,NA - Construction of rooms and halls in school and colleges,DISTRICT COLLECTOR JODHPUR_IDA,2023-09-09,Action Pending,600000,Unsanctioned
MPLADS-046414,Gajendra Singh Shekhawat,Lok Sabha,Rajasthan,JODHPUR,,,MANDOR,Basni Bedan,Normal/Others,WS/MP723/2023-2024/18406 - Construction of rooms and halls in school and colleges,DISTRICT COLLECTOR JODHPUR_IDA,2023-09-09,Approved by IDA,600000,Ongoing
MPLADS-046415,Gajendra Singh Shekhawat,Lok Sabha,Rajasthan,JODHPUR,,,BAPINI,Parasala,Normal/Others,WS/MP723/2023-2024/18405 - Construction of rooms and halls in school and colleges,DISTRICT COLLECTOR JODHPUR_IDA,2023-09-09,Approved by IDA,600000,Unsanctioned
MPLADS-046416,Gajendra Singh Shekhawat,Lok Sabha,Rajasthan,JODHPUR,,,KERU,Ghantiyala,Normal/Others,WS/MP723/2023-2024/18404 - Construction of rooms and halls in school and colleges,DISTRICT COLLECTOR JODHPUR_IDA,2023-09-09,Approved by IDA,600000,Unsanctioned
MPLADS-046417,Gajendra Singh Shekhawat,Lok Sabha,Rajasthan,JODHPUR,,,BAP,Baroo,Normal/Others,NA - Construction of additional rooms and halls in the existing public and community building,DISTRICT COLLECTOR JODHPUR_IDA,2023-09-09,Action Pending,500000,Unsanctioned
MPLADS-046418,Gajendra Singh Shekhawat,Lok Sabha,Rajasthan,JODHPUR,,,CHAMU,Dewaniya,Normal/Others,"WS/MP723/2023-2024/18359 - Construction of rooms and facilities for hospitals, FWC , PHC Centers and ANM centers",DISTRICT COLLECTOR JODHPUR_IDA,2023-09-09,Approved by IDA,750000,Unsanctioned
MPLADS-046421,Gajendra Singh Shekhawat,Lok Sabha,Rajasthan,JODHPUR,,,Ghantiyali,Chakhu,Normal/Others,NA - Construction of boundary walls of existing public and community buildings,DISTRICT COLLECTOR PHALODI_IDA,2023-09-09,Action Pending,700000,Unsanctioned
MPLADS-046455,Gajendra Singh Shekhawat,Lok Sabha,Rajasthan,JODHPUR,,,GHANTIYALI,Bheeyasar,Normal/Others,NA - Construction of boundary walls of existing public and community buildings,DISTRICT COLLECTOR JODHPUR_IDA,2023-09-09,Action Pending,800000,Unsanctioned
MPLADS-046456,Gajendra Singh Shekhawat,Lok Sabha,Rajasthan,JODHPUR,,,AAU,Fateh Nagar,Normal/Others,WS/MP723/2023-2024/18437 - Construction of rooms and halls in school and colleges,DISTRICT COLLECTOR JODHPUR_IDA,2023-09-09,Approved by IDA,600000,Unsanctioned
MPLADS-046457,Gajendra Singh Shekhawat,Lok Sabha,Rajasthan,JODHPUR,,,SHERGARH,Sai,Normal/Others,WS/MP723/2023-2024/18446 - Construction of public libraries and reading rooms,DISTRICT COLLECTOR JODHPUR_IDA,2023-09-09,Approved by IDA,1000000,Unsanctioned
MPLADS-046458,Gajendra Singh Shekhawat,Lok Sabha,Rajasthan,JODHPUR,Jodhpur-South,"Ward No. 1, MCJ-South, Jodhpur",,,Normal/Others,NA - Construction of community centers and community halls,DISTRICT COLLECTOR JODHPUR_IDA,2023-09-09,Action Pending,1000000,Unsanctioned
MPLADS-046466,Gajendra Singh Shekhawat,Lok Sabha,Rajasthan,JODHPUR,,,AAU,Aau,Normal/Others,NA - Installing community drinking water plants,DISTRICT COLLECTOR JODHPUR_IDA,2023-09-09,Action Pending,750000,Unsanctioned
MPLADS-046467,Gajendra Singh Shekhawat,Lok Sabha,Rajasthan,JODHPUR,,,AAU,Hazi Sagar,Normal/Others,WS/MP723/2023-2024/18447 - Construction of community centers and community halls,DISTRICT COLLECTOR JODHPUR_IDA,2023-09-09,Approved by IDA,500000,Unsanctioned
MPLADS-046468,Gajendra Singh Shekhawat,Lok Sabha,Rajasthan,JODHPUR,,,Shekhala,Ketoo Hama,Normal/Others,NA - Crematoriums or structures on burial/ cremation ground for public convenience,DISTRICT COLLECTOR JODHPUR RURAL_IDA,2023-09-09,Action Pending,500000,Unsanctioned
MPLADS-046469,Gajendra Singh Shekhawat,Lok Sabha,Rajasthan,JODHPUR,,,BAPINI,Ishru,Normal/Others,WS/MP723/2023-2024/18318 - Construction of boundary walls of existing public and community buildings,DISTRICT COLLECTOR JODHPUR_IDA,2023-09-09,Approved by IDA,1000000,Unsanctioned
MPLADS-046470,Gajendra Singh Shekhawat,Lok Sabha,Rajasthan,JODHPUR,Jodhpur-South,"Ward No. 1, MCJ-South, Jodhpur",,,Normal/Others,WS/MP723/2023-2024/18317 - Construction of boundary walls of existing public and community buildings,DISTRICT COLLECTOR JODHPUR_IDA,2023-09-09,Approved by IDA,1000000,Unsanctioned
MPLADS-046471,Gajendra Singh Shekhawat,Lok Sabha,Rajasthan,JODHPUR,,,DECHU,Jethaniya,Normal/Others,NA - Construction of boundary walls of existing public and community buildings,DISTRICT COLLECTOR JODHPUR_IDA,2023-09-09,Action Pending,500000,Unsanctioned
MPLADS-046472,Gajendra Singh Shekhawat,Lok Sabha,Rajasthan,JODHPUR,,,PHALODI,Mananavar,Normal/Others,NA - Construction of public libraries and reading rooms,DISTRICT COLLECTOR JODHPUR_IDA,2023-09-09,Action Pending,400000,Unsanctioned
MPLADS-046474,Gajendra Singh Shekhawat,Lok Sabha,Rajasthan,JODHPUR,,,PHALODI,Baori Khurd,Normal/Others,NA - Construction of boundary walls of existing public and community buildings,DISTRICT COLLECTOR JODHPUR_IDA,2023-09-09,Action Pending,500000,Unsanctioned
MPLADS-046475,Gajendra Singh Shekhawat,Lok Sabha,Rajasthan,JODHPUR,,,PHALODI,Dhadho,Normal/Others,NA - Construction of public libraries and reading rooms,DISTRICT COLLECTOR JODHPUR_IDA,2023-09-09,Action Pending,400000,Unsanctioned
MPLADS-046476,Gajendra Singh Shekhawat,Lok Sabha,Rajasthan,JODHPUR,Jodhpur-South,Ward No. 74,,,Normal/Others,NA - Construction of rooms and halls in school and colleges,DISTRICT COLLECTOR JODHPUR_IDA,2023-09-09,Action Pending,1250000,Unsanctioned
MPLADS-046477,Om Birla,Lok Sabha,Rajasthan,KOTA,,,TALERA,Mandri,Normal/Others,NA - Development of playground,DISTRICT COLLECTOR BUNDI_IDA,2023-09-09,Action Pending,1000000,Unsanctioned
MPLADS-046478,Om Birla,Lok Sabha,Rajasthan,KOTA,,,LADPURA,Ghaghtana,Normal/Others,NA - Construction of community centers and community halls,DISTRICT COLLECTOR KOTA_IDA,2023-09-09,Rejected by IDA,1500000,Unsanctioned
MPLADS-046488,Gajendra Singh Shekhawat,Lok Sabha,Rajasthan,JODHPUR,,,CHAMU,Deriya,Normal/Others,WS/MP723/2023-2024/18321 - Construction of boundary walls of existing public and community buildings,DISTRICT COLLECTOR JODHPUR_IDA,2023-09-09,Approved by IDA,1050000,Unsanctioned
MPLADS-046489,Gajendra Singh Shekhawat,Lok Sabha,Rajasthan,JODHPUR,,,GHANTIYALI,Maneora,Normal/Others,NA - Construction of boundary walls of existing public and community buildings,DISTRICT COLLECTOR JODHPUR_IDA,2023-09-09,Action Pending,800000,Unsanctioned
MPLADS-046491,Gajendra Singh Shekhawat,Lok Sabha,Rajasthan,JODHPUR,,,DHAWA,Feench,Normal/Others,WS/MP723/2023-2024/18448 - Construction of boundary walls of existing public and community buildings,DISTRICT COLLECTOR JODHPUR_IDA,2023-09-09,Approved by IDA,500000,Unsanctioned
MPLADS-046492,Gajendra Singh Shekhawat,Lok Sabha,Rajasthan,JODHPUR,,,GHANTIYALI,Champasar,Normal/Others,WS/MP723/2023-2024/18450 - Installing community drinking water plants,DISTRICT COLLECTOR JODHPUR_IDA,2023-09-09,Approved by IDA,500000,Unsanctioned
MPLADS-046493,Gajendra Singh Shekhawat,Lok Sabha,Rajasthan,JODHPUR,,,BAPINI,Bapini,Normal/Others,WS/MP723/2023-2024/18451 - Construction of rooms and halls in school and colleges,DISTRICT COLLECTOR JODHPUR_IDA,2023-09-09,Approved by IDA,600000,Unsanctioned
MPLADS-046494,Gajendra Singh Shekhawat,Lok Sabha,Rajasthan,JODHPUR,,,BAP,Badi Sid,Normal/Others,WS/MP723/2023-2024/18453 - Construction of public libraries and reading rooms,DISTRICT COLLECTOR JODHPUR_IDA,2023-09-09,Approved by IDA,500000,Unsanctioned
MPLADS-046495,Gajendra Singh Shekhawat,Lok Sabha,Rajasthan,JODHPUR,,,BAP,Naya Gaon,Normal/Others,WS/MP723/2023-2024/18454 - Installing community drinking water plants,DISTRICT COLLECTOR JODHPUR_IDA,2023-09-09,Approved by IDA,500000,Unsanctioned
MPLADS-046496,Gajendra Singh Shekhawat,Lok Sabha,Rajasthan,JODHPUR,,,SEKHALA,Dera,Normal/Others,"NA - Construction of roads, approach roads, link roads and pathways",DISTRICT COLLECTOR JODHPUR_IDA,2023-09-09,Action Pending,500000,Unsanctioned
MPLADS-046497,Gajendra Singh Shekhawat,Lok Sabha,Rajasthan,JODHPUR,,,LUNI,Khera Sarecha,Normal/Others,"WS/MP723/2023-2024/18456 - Construction of roads, approach roads, link roads and pathways",DISTRICT COLLECTOR JODHPUR_IDA,2023-09-09,Approved by IDA,800000,Unsanctioned
MPLADS-046498,Gajendra Singh Shekhawat,Lok Sabha,Rajasthan,JODHPUR,,,DHAWA,Katarda,Normal/Others,"NA - Construction of roads, approach roads, link roads and pathways",DISTRICT COLLECTOR JODHPUR_IDA,2023-09-09,Action Pending,800000,Unsanctioned
MPLADS-046499,Gajendra Singh Shekhawat,Lok Sabha,Rajasthan,JODHPUR,,,AAU,Ridmalsar,Normal/Others,WS/MP723/2023-2024/18458 - Construction of additional rooms and halls in the existing public and community building,DISTRICT COLLECTOR JODHPUR_IDA,2023-09-09,Approved by IDA,1157000,Unsanctioned
MPLADS-046500,Gajendra Singh Shekhawat,Lok Sabha,Rajasthan,JODHPUR,,,BAPINI,Ompura,Normal/Others,NA - Construction of boundary walls of existing public and community buildings,DISTRICT COLLECTOR JODHPUR_IDA,2023-09-09,Action Pending,600000,Unsanctioned
MPLADS-046501,Gajendra Singh Shekhawat,Lok Sabha,Rajasthan,JODHPUR,,,BAP,Rampura,Normal/Others,NA - Installing community drinking water plants,DISTRICT COLLECTOR JODHPUR_IDA,2023-09-09,Action Pending,500000,Unsanctioned
MPLADS-046502,Gajendra Singh Shekhawat,Lok Sabha,Rajasthan,JODHPUR,,,BAP,Jharasar,Normal/Others,NA - Installing community drinking water plants,DISTRICT COLLECTOR JODHPUR_IDA,2023-09-09,Action Pending,500000,Unsanctioned
MPLADS-046504,Gajendra Singh Shekhawat,Lok Sabha,Rajasthan,JODHPUR,,,DHAWA,Sinli,Normal/Others,NA - Construction of public libraries and reading rooms,DISTRICT COLLECTOR JODHPUR_IDA,2023-09-09,Action Pending,1000000,Unsanctioned
MPLADS-046629,Gajendra Singh Shekhawat,Lok Sabha,Rajasthan,JODHPUR,,,BAPINI,Vishvakarma Nagar,Normal/Others,WS/MP723/2023-2024/18003 - Construction of community centers and community halls,DISTRICT COLLECTOR JODHPUR_IDA,2023-09-08,Approved by IDA,500000,Unsanctioned
MPLADS-046717,Ramcharan Bohra,Lok Sabha,Rajasthan,JAIPUR,Greater Jaipur,41,,,Normal/Others,NA - Development of public parks,DISTRICT COLLECTOR JAIPUR_IDA,2023-09-08,Action Pending,500000,Unsanctioned
MPLADS-046718,Ramcharan Bohra,Lok Sabha,Rajasthan,JAIPUR,Greater Jaipur,Village Ashawala,,,Normal/Others,"NA - Construction of roads, approach roads, link roads and pathways",DISTRICT COLLECTOR JAIPUR_IDA,2023-09-08,Action Pending,600000,Unsanctioned
MPLADS-046719,Ramcharan Bohra,Lok Sabha,Rajasthan,JAIPUR,,,SANGANER,Kishorpura,Normal/Others,"NA - Construction of roads, approach roads, link roads and pathways",DISTRICT COLLECTOR JAIPUR_IDA,2023-09-08,Action Pending,700000,Unsanctioned
MPLADS-046720,Ramcharan Bohra,Lok Sabha,Rajasthan,JAIPUR,Greater Jaipur,38,,,Normal/Others,NA - Development of public parks,DISTRICT COLLECTOR JAIPUR_IDA,2023-09-08,Action Pending,500000,Unsanctioned
MPLADS-046721,Ramcharan Bohra,Lok Sabha,Rajasthan,JAIPUR,Jaipur Heritage,43,,,Normal/Others,NA - Construction of community centers and community halls,DISTRICT COLLECTOR JAIPUR_IDA,2023-09-08,Action Pending,1000000,Unsanctioned
MPLADS-046722,Ramcharan Bohra,Lok Sabha,Rajasthan,JAIPUR,Greater Jaipur,86,,,Normal/Others,NA - Construction of community centers and community halls,DISTRICT COLLECTOR JAIPUR_IDA,2023-09-08,Action Pending,1000000,Unsanctioned
MPLADS-046723,Ramcharan Bohra,Lok Sabha,Rajasthan,JAIPUR,,,SANGANER,Mandau,Normal/Others,NA - Purchase of non-conventional energy system and devices for community use,DISTRICT COLLECTOR JAIPUR_IDA,2023-09-08,Action Pending,5000000,Unsanctioned
MPLADS-046724,Ramcharan Bohra,Lok Sabha,Rajasthan,JAIPUR,Greater Jaipur,38,,,Normal/Others,NA - Construction of community centers and community halls,DISTRICT COLLECTOR JAIPUR_IDA,2023-09-08,Action Pending,2000000,Unsanctioned
MPLADS-046725,Gajendra Singh Shekhawat,Lok Sabha,Rajasthan,JODHPUR,Jodhpur-South,Ward No. 8,,,Normal/Others,NA - Crematoriums or structures on burial/ cremation ground for public convenience,DISTRICT COLLECTOR JODHPUR_IDA,2023-09-08,Action Pending,1000000,Unsanctioned
MPLADS-046726,Gajendra Singh Shekhawat,Lok Sabha,Rajasthan,JODHPUR,,,SHERGARH,Bhopal Nagar,Normal/Others,WS/MP723/2023-2024/17999 - Construction of boundary walls of existing public and community buildings,DISTRICT COLLECTOR JODHPUR_IDA,2023-09-08,Approved by IDA,500000,Unsanctioned
MPLADS-046727,Gajendra Singh Shekhawat,Lok Sabha,Rajasthan,JODHPUR,,,SHERGARH,Gumansinghpura,Normal/Others,NA - Construction of boundary walls of existing public and community buildings,DISTRICT COLLECTOR JODHPUR_IDA,2023-09-08,Rejected by IDA,5,Unsanctioned
MPLADS-046728,Gajendra Singh Shekhawat,Lok Sabha,Rajasthan,JODHPUR,,,SHERGARH,Gumansinghpura,Normal/Others,NA - Construction of boundary walls of existing public and community buildings,DISTRICT COLLECTOR JODHPUR_IDA,2023-09-08,Rejected by IDA,5,Unsanctioned
MPLADS-046729,Shri Subhash Chandra Baheria ,Lok Sabha,Rajasthan,BHILWARA,,,RAIPUR,Raipur,Normal/Others,NA - Setting up public non-conventional energy plants,DISTRICT COLLECTOR BHILWARA_IDA,2023-09-08,Action Pending,600000,Unsanctioned
MPLADS-046730,Shri Subhash Chandra Baheria ,Lok Sabha,Rajasthan,BHILWARA,,,SHAHPURA,Girdiya,Normal/Others,"WS/MP385/2023-2024/17856 - Construction of roads, approach roads, link roads and pathways",DISTRICT COLLECTOR BHILWARA_IDA,2023-09-08,Approved by IDA,500000,Unsanctioned
MPLADS-046731,Shri Subhash Chandra Baheria ,Lok Sabha,Rajasthan,BHILWARA,,,BIJOLIYA,Gopalpura,Normal/Others,NA - Construction of buildings for community cultural activities,DISTRICT COLLECTOR BHILWARA_IDA,2023-09-08,Action Pending,300000,Unsanctioned
MPLADS-046889,Om Birla,Lok Sabha,Rajasthan,KOTA,,,LADPURA,Charan Heri,Normal/Others,NA - Crematoriums or structures on burial/ cremation ground for public convenience,DISTRICT COLLECTOR KOTA_IDA,2023-09-07,Action Pending,300000,Unsanctioned
MPLADS-046890,Om Birla,Lok Sabha,Rajasthan,KOTA,,,LADPURA,Dolya,Normal/Others,NA - Construction of community centers and community halls,DISTRICT COLLECTOR KOTA_IDA,2023-09-07,Action Pending,1000000,Unsanctioned
MPLADS-046891,Smt Jaskaur Meena ,Lok Sabha,Rajasthan,DAUSA(ST),,,LALSOT,Toda Thekla,Normal/Others,NA - Construction of boundary walls of existing public and community buildings,DISTRICT COLLECTOR DAUSA_IDA,2023-09-07,Action Pending,800000,Unsanctioned
MPLADS-046893,Smt Jaskaur Meena ,Lok Sabha,Rajasthan,DAUSA(ST),,,LAWAN,Khanwas,Normal/Others,NA - Construction of boundary walls of existing public and community buildings,DISTRICT COLLECTOR DAUSA_IDA,2023-09-07,Action Pending,500000,Unsanctioned
MPLADS-046894,Smt Jaskaur Meena ,Lok Sabha,Rajasthan,DAUSA(ST),,,MAHWA,Paota,Normal/Others,NA - Construction of rooms and halls in school and colleges,DISTRICT COLLECTOR DAUSA_IDA,2023-09-07,Action Pending,1000000,Unsanctioned
MPLADS-046895,Smt Jaskaur Meena ,Lok Sabha,Rajasthan,DAUSA(ST),,,BANDIKUI,Peechupara Khurd,Normal/Others,WS/MP387/2023-2024/17687 - Construction of boundary walls of existing public and community buildings,DISTRICT COLLECTOR DAUSA_IDA,2023-09-07,Approved by IDA,500000,Sanctioned
MPLADS-046896,Smt Jaskaur Meena ,Lok Sabha,Rajasthan,DAUSA(ST),,,LALSOT,Nagariyawas,Normal/Others,"NA - Construction of roads, link roads, pathways or any other road with or without drainage system",DISTRICT COLLECTOR DAUSA_IDA,2023-09-07,Action Pending,1500000,Unsanctioned
MPLADS-046897,Om Birla,Lok Sabha,Rajasthan,KOTA,,,LADPURA,Arampura,Normal/Others,NA - Crematoriums or structures on burial/ cremation ground for public convenience,DISTRICT COLLECTOR KOTA_IDA,2023-09-07,Action Pending,400000,Unsanctioned
MPLADS-046898,Om Birla,Lok Sabha,Rajasthan,KOTA,,,LADPURA,Ranwatha,Normal/Others,NA - Crematoriums or structures on burial/ cremation ground for public convenience,DISTRICT COLLECTOR KOTA_IDA,2023-09-07,Action Pending,300000,Unsanctioned
MPLADS-046899,Om Birla,Lok Sabha,Rajasthan,KOTA,,,LADPURA,Mandalya,Normal/Others,NA - Crematoriums or structures on burial/ cremation ground for public convenience,DISTRICT COLLECTOR KOTA_IDA,2023-09-07,Action Pending,300000,Unsanctioned
MPLADS-046902,Om Birla,Lok Sabha,Rajasthan,KOTA,,,LADPURA,Arlya Jageer,Normal/Others,NA - Crematoriums or structures on burial/ cremation ground for public convenience,DISTRICT COLLECTOR KOTA_IDA,2023-09-07,Action Pending,300000,Unsanctioned
MPLADS-046950,Dushyant Singh,Lok Sabha,Rajasthan,JHALAWAR-BARAN,,,BAKANI,Agariya,Normal/Others,"WS/MP722/2023-2024/17130 - Construction of roads, approach roads, link roads and pathways",DISTRICT COLLECTOR JHALAWAR_IDA,2023-09-06,Approved by IDA,500000,Unsanctioned
MPLADS-046951,Dushyant Singh,Lok Sabha,Rajasthan,JHALAWAR-BARAN,,,BAKANI,Deonagar,Normal/Others,"NA - Construction of roads, approach roads, link roads and pathways",DISTRICT COLLECTOR JHALAWAR_IDA,2023-09-06,Action Pending,100000,Unsanctioned
MPLADS-046954,Dushyant Singh,Lok Sabha,Rajasthan,JHALAWAR-BARAN,,,BAKANI,Deonagar,Normal/Others,"NA - Construction of roads, approach roads, link roads and pathways",DISTRICT COLLECTOR JHALAWAR_IDA,2023-09-06,Action Pending,100000,Unsanctioned
MPLADS-046955,Dushyant Singh,Lok Sabha,Rajasthan,JHALAWAR-BARAN,,,BAKANI,Deonagar,Normal/Others,"NA - Construction of roads, approach roads, link roads and pathways",DISTRICT COLLECTOR JHALAWAR_IDA,2023-09-06,Action Pending,100000,Unsanctioned
MPLADS-046956,Dushyant Singh,Lok Sabha,Rajasthan,JHALAWAR-BARAN,,,BAKANI,Deonagar,Normal/Others,"NA - Construction of roads, approach roads, link roads and pathways",DISTRICT COLLECTOR JHALAWAR_IDA,2023-09-06,Action Pending,100000,Unsanctioned
MPLADS-046966,Dushyant Singh,Lok Sabha,Rajasthan,JHALAWAR-BARAN,,,BAKANI,Thobariya Khurd,Normal/Others,WS/MP722/2023-2024/17073 - Construction of community centers and community halls,DISTRICT COLLECTOR JHALAWAR_IDA,2023-09-06,Approved by IDA,500000,Unsanctioned
MPLADS-046973,Ramcharan Bohra,Lok Sabha,Rajasthan,JAIPUR,Greater Jaipur,32,,,Normal/Others,NA - Construction of community centers and community halls,DISTRICT COLLECTOR JAIPUR_IDA,2023-09-06,Action Pending,1000000,Unsanctioned
MPLADS-046974,Dushyant Singh,Lok Sabha,Rajasthan,JHALAWAR-BARAN,,,BAKANI,Kushalpura,Normal/Others,WS/MP722/2023-2024/17067 - Installing tube-wells and borewells,DISTRICT COLLECTOR JHALAWAR_IDA,2023-09-06,Approved by IDA,250000,Unsanctioned
MPLADS-046976,Ramcharan Bohra,Lok Sabha,Rajasthan,JAIPUR,Jaipur Heritage,Mahal Road Jaipur,,,Normal/Others,NA - Construction of buildings for training institutions,DISTRICT COLLECTOR JAIPUR_IDA,2023-09-06,Action Pending,2500000,Unsanctioned
MPLADS-046978,Dushyant Singh,Lok Sabha,Rajasthan,JHALAWAR-BARAN,,,PIRAWA (SUNEL),Samariya,Normal/Others,"WS/MP722/2023-2024/17068 - Construction of roads, approach roads, link roads and pathways",DISTRICT COLLECTOR JHALAWAR_IDA,2023-09-06,Approved by IDA,500000,Unsanctioned
MPLADS-046980,Dushyant Singh,Lok Sabha,Rajasthan,JHALAWAR-BARAN,,,BAKANI,Baray,Normal/Others,"WS/MP722/2023-2024/17074 - Construction of roads, approach roads, link roads and pathways",DISTRICT COLLECTOR JHALAWAR_IDA,2023-09-06,Approved by IDA,500000,Unsanctioned
MPLADS-046981,Dushyant Singh,Lok Sabha,Rajasthan,JHALAWAR-BARAN,,,BAKANI,Deonagar,Normal/Others,"NA - Construction of roads, approach roads, link roads and pathways",DISTRICT COLLECTOR JHALAWAR_IDA,2023-09-06,Action Pending,100000,Unsanctioned
MPLADS-046982,Ramcharan Bohra,Lok Sabha,Rajasthan,JAIPUR,Greater Jaipur,12,,,Normal/Others,NA - Construction of rooms and halls in school and colleges,DISTRICT COLLECTOR JAIPUR_IDA,2023-09-06,Action Pending,1000000,Unsanctioned
MPLADS-046984,Ramcharan Bohra,Lok Sabha,Rajasthan,JAIPUR,,,SANGANER,Sarangpura,Normal/Others,NA - Construction of community centers and community halls,DISTRICT COLLECTOR JAIPUR_IDA,2023-09-06,Action Pending,200000,Unsanctioned
MPLADS-046987,Dushyant Singh,Lok Sabha,Rajasthan,JHALAWAR-BARAN,,,KHANPUR,Mori,Normal/Others,"WS/MP722/2023-2024/17151 - Construction of roads, approach roads, link roads and pathways",DISTRICT COLLECTOR JHALAWAR_IDA,2023-09-06,Approved by IDA,500000,Unsanctioned
MPLADS-046988,Dushyant Singh,Lok Sabha,Rajasthan,JHALAWAR-BARAN,,,KHANPUR,Bagher,Normal/Others,"WS/MP722/2023-2024/17150 - Construction of roads, approach roads, link roads and pathways",DISTRICT COLLECTOR JHALAWAR_IDA,2023-09-06,Approved by IDA,250000,Unsanctioned
MPLADS-046989,Dushyant Singh,Lok Sabha,Rajasthan,JHALAWAR-BARAN,,,BAKANI,Jheejhaniya,Normal/Others,"WS/MP722/2023-2024/17131 - Construction of roads, approach roads, link roads and pathways",DISTRICT COLLECTOR JHALAWAR_IDA,2023-09-06,Approved by IDA,500000,Unsanctioned
MPLADS-046990,Dushyant Singh,Lok Sabha,Rajasthan,JHALAWAR-BARAN,,,BAKANI,Kushalpura,Normal/Others,WS/MP722/2023-2024/17132 - Installing tube-wells and borewells,DISTRICT COLLECTOR JHALAWAR_IDA,2023-09-06,Approved by IDA,250000,Unsanctioned
MPLADS-046991,Dushyant Singh,Lok Sabha,Rajasthan,JHALAWAR-BARAN,,,BAKANI,Barkhera Kalan,Normal/Others,WS/MP722/2023-2024/17133 - Construction of community centers and community halls,DISTRICT COLLECTOR JHALAWAR_IDA,2023-09-06,Approved by IDA,500000,Unsanctioned
MPLADS-046993,Dushyant Singh,Lok Sabha,Rajasthan,JHALAWAR-BARAN,,,JHALRAPATAN,Akwasa,Normal/Others,NA - Construction of community centers and community halls,DISTRICT COLLECTOR JHALAWAR_IDA,2023-09-06,Action Pending,500000,Unsanctioned
MPLADS-046994,Dushyant Singh,Lok Sabha,Rajasthan,JHALAWAR-BARAN,,,Khanpur,Kanwalda,Normal/Others,NA - Installation of fixed garden gym equipment,DISTRICT COLLECTOR JHALAWAR_IDA,2023-09-06,Action Pending,1500000,Unsanctioned
MPLADS-046995,Dushyant Singh,Lok Sabha,Rajasthan,JHALAWAR-BARAN,,,KHANPUR,Harigarh,Normal/Others,"NA - Construction of roads, approach roads, link roads and pathways",DISTRICT COLLECTOR JHALAWAR_IDA,2023-09-06,Action Pending,500000,Unsanctioned
MPLADS-046996,Dushyant Singh,Lok Sabha,Rajasthan,JHALAWAR-BARAN,,,KHANPUR,Akodiya,Normal/Others,NA - Construction of rooms and halls in school and colleges,DISTRICT COLLECTOR JHALAWAR_IDA,2023-09-06,Action Pending,500000,Unsanctioned
MPLADS-046997,Dushyant Singh,Lok Sabha,Rajasthan,JHALAWAR-BARAN,,,KHANPUR,Soomar,Normal/Others,"WS/MP722/2023-2024/17145 - Construction of roads, approach roads, link roads and pathways",DISTRICT COLLECTOR JHALAWAR_IDA,2023-09-06,Approved by IDA,500000,Unsanctioned
MPLADS-046998,Dushyant Singh,Lok Sabha,Rajasthan,JHALAWAR-BARAN,,,KHANPUR,Piplaj,Normal/Others,"WS/MP722/2023-2024/17144 - Construction of roads, approach roads, link roads and pathways",DISTRICT COLLECTOR JHALAWAR_IDA,2023-09-06,Approved by IDA,500000,Unsanctioned
MPLADS-046999,Dushyant Singh,Lok Sabha,Rajasthan,JHALAWAR-BARAN,,,KHANPUR,Dahi Khera,Normal/Others,"WS/MP722/2023-2024/17136 - Construction of roads, approach roads, link roads and pathways",DISTRICT COLLECTOR JHALAWAR_IDA,2023-09-06,Approved by IDA,500000,Unsanctioned
MPLADS-047000,Dushyant Singh,Lok Sabha,Rajasthan,JHALAWAR-BARAN,,,KHANPUR,Dobra,Normal/Others,"WS/MP722/2023-2024/17135 - Construction of roads, approach roads, link roads and pathways",DISTRICT COLLECTOR JHALAWAR_IDA,2023-09-06,Approved by IDA,500000,Unsanctioned
MPLADS-047001,Dushyant Singh,Lok Sabha,Rajasthan,JHALAWAR-BARAN,,,BAKANI,Devri,Normal/Others,"WS/MP722/2023-2024/17134 - Construction of roads, approach roads, link roads and pathways",DISTRICT COLLECTOR JHALAWAR_IDA,2023-09-06,Approved by IDA,500000,Unsanctioned
MPLADS-047002,Ramcharan Bohra,Lok Sabha,Rajasthan,JAIPUR,Greater Jaipur,34,,,Normal/Others,NA - Construction of community centers and community halls,DISTRICT COLLECTOR JAIPUR_IDA,2023-09-06,Action Pending,1500000,Unsanctioned
MPLADS-047003,Ramcharan Bohra,Lok Sabha,Rajasthan,JAIPUR,Greater Jaipur,"Nehru Nagar, Panipech",,,Normal/Others,NA - Construction of community centers and community halls,DISTRICT COLLECTOR JAIPUR_IDA,2023-09-06,Action Pending,2100000,Unsanctioned
MPLADS-047004,Ramcharan Bohra,Lok Sabha,Rajasthan,JAIPUR,Greater Jaipur,"Sanganer, Jaipur",,,Normal/Others,"NA - Construction of roads, approach roads, link roads and pathways",DISTRICT COLLECTOR JAIPUR_IDA,2023-09-06,Action Pending,1000000,Unsanctioned
MPLADS-047127,Smt Kumari Diya ,Lok Sabha,Rajasthan,RAJSAMAND,,,DELWADA,Bilawas,Normal/Others,NA - Providing supply pipelines for drinking water,DISTRICT COLLECTOR RAJSAMAND_IDA,2023-09-06,Rejected by IDA,300000,Unsanctioned
MPLADS-047128,Smt Kumari Diya ,Lok Sabha,Rajasthan,RAJSAMAND,,,DELWADA,Kaliwas,Normal/Others,NA - Construction of rooms and halls in school and colleges,DISTRICT COLLECTOR RAJSAMAND_IDA,2023-09-06,Action Pending,1000000,Unsanctioned
MPLADS-047129,Smt Kumari Diya ,Lok Sabha,Rajasthan,RAJSAMAND,,,RAILMAGRA,Banediya,Normal/Others,NA - Construction of buildings for community cultural activities,DISTRICT COLLECTOR RAJSAMAND_IDA,2023-09-06,Rejected by IDA,800000,Unsanctioned
MPLADS-047130,Smt Kumari Diya ,Lok Sabha,Rajasthan,RAJSAMAND,,,DELWADA,Depur,Normal/Others,NA - Construction of buildings for community cultural activities,DISTRICT COLLECTOR RAJSAMAND_IDA,2023-09-06,Action Pending,600000,Unsanctioned
MPLADS-047131,Smt Kumari Diya ,Lok Sabha,Rajasthan,RAJSAMAND,,,KHAMNOR,Kothariya Chak - A,Normal/Others,WS/MP383/2023-2024/16919 - Construction of community centers and community halls,DISTRICT COLLECTOR RAJSAMAND_IDA,2023-09-06,Approved by IDA,500000,Unsanctioned
MPLADS-047132,Smt Kumari Diya ,Lok Sabha,Rajasthan,RAJSAMAND,,,KHAMNOR,Khedana,Normal/Others,WS/MP383/2023-2024/16918 - Construction of buildings for community cultural activities,DISTRICT COLLECTOR RAJSAMAND_IDA,2023-09-06,Approved by IDA,800000,Unsanctioned
MPLADS-047133,Smt Kumari Diya ,Lok Sabha,Rajasthan,RAJSAMAND,,,DEOGARH,Madariya,Normal/Others,WS/MP383/2023-2024/16917 - Purchase of non-conventional energy system and devices for community use,DISTRICT COLLECTOR RAJSAMAND_IDA,2023-09-06,Approved by IDA,650000,Unsanctioned
MPLADS-047134,Smt Kumari Diya ,Lok Sabha,Rajasthan,RAJSAMAND,,,BHIM,Dawer,Normal/Others,WS/MP383/2023-2024/16916 - Purchase of non-conventional energy system and devices for community use,DISTRICT COLLECTOR RAJSAMAND_IDA,2023-09-06,Approved by IDA,650000,Unsanctioned
MPLADS-047135,Smt Kumari Diya ,Lok Sabha,Rajasthan,RAJSAMAND,,,DEOGARH,Bharatsingh Ka Gurha,Normal/Others,NA - Construction of buildings for community cultural activities,DISTRICT COLLECTOR RAJSAMAND_IDA,2023-09-06,Action Pending,800000,Unsanctioned
MPLADS-047136,Dushyant Singh,Lok Sabha,Rajasthan,JHALAWAR-BARAN,,,ANTA,Khajoorana Khurd,Normal/Others,WS/MP722/2023-2024/16881 - Crematoriums or structures on burial/ cremation ground for public convenience,DISTRICT COLLECTOR BARAN_IDA,2023-09-06,Approved by IDA,800000,Unsanctioned
MPLADS-047137,Dushyant Singh,Lok Sabha,Rajasthan,JHALAWAR-BARAN,,,ANTA,Palayatha,Normal/Others,WS/MP722/2023-2024/16880 - Crematoriums or structures on burial/ cremation ground for public convenience,DISTRICT COLLECTOR BARAN_IDA,2023-09-06,Approved by IDA,800000,Unsanctioned
MPLADS-047138,Dushyant Singh,Lok Sabha,Rajasthan,JHALAWAR-BARAN,,,ANTA,Mirzapur,Normal/Others,"WS/MP722/2023-2024/16879 - Construction of roads, approach roads, link roads and pathways",DISTRICT COLLECTOR BARAN_IDA,2023-09-06,Approved by IDA,400000,Unsanctioned
MPLADS-047139,Dushyant Singh,Lok Sabha,Rajasthan,JHALAWAR-BARAN,Mangrol,11,,,Normal/Others,NA - Providing drains and gutters for public drainage,DISTRICT COLLECTOR BARAN_IDA,2023-09-06,Action Pending,500000,Unsanctioned
MPLADS-047140,Dushyant Singh,Lok Sabha,Rajasthan,JHALAWAR-BARAN,Mangrol,6,,,Normal/Others,NA - Installing tube-wells and borewells,DISTRICT COLLECTOR BARAN_IDA,2023-09-06,Action Pending,100000,Unsanctioned
MPLADS-047141,Dushyant Singh,Lok Sabha,Rajasthan,JHALAWAR-BARAN,Mangrol,6,,,Normal/Others,"NA - Construction of roads, approach roads, link roads and pathways",DISTRICT COLLECTOR BARAN_IDA,2023-09-06,Action Pending,400000,Unsanctioned
MPLADS-047142,Dushyant Singh,Lok Sabha,Rajasthan,JHALAWAR-BARAN,Mangrol,9,,,Normal/Others,"NA - Construction of roads, approach roads, link roads and pathways",DISTRICT COLLECTOR BARAN_IDA,2023-09-06,Action Pending,400000,Unsanctioned
MPLADS-047143,Dushyant Singh,Lok Sabha,Rajasthan,JHALAWAR-BARAN,Mangrol,4,,,Normal/Others,NA - Installing hand pumps,DISTRICT COLLECTOR BARAN_IDA,2023-09-06,Action Pending,50000,Unsanctioned
MPLADS-047144,Dushyant Singh,Lok Sabha,Rajasthan,JHALAWAR-BARAN,Baran,28,,,Normal/Others,NA - Construction of community centers and community halls,DISTRICT COLLECTOR BARAN_IDA,2023-09-06,Action Pending,1000000,Unsanctioned
MPLADS-047150,Smt Kumari Diya ,Lok Sabha,Rajasthan,RAJSAMAND,,,RAILMAGRA,Ardakiya,Normal/Others,WS/MP383/2023-2024/16925 - Construction of additional rooms and halls in the existing public and community building,DISTRICT COLLECTOR RAJSAMAND_IDA,2023-09-06,Approved by IDA,300000,Unsanctioned
MPLADS-047151,SHRI KC Venugopal,Rajya Sabha,Rajasthan,Sitting Rajya Sabha,,,LADNU,Bader,Normal/Others,NA - Construction of community centers and community halls,DISTRICT COLLECTOR NAGAUR_IDA,2023-09-06,Action Pending,2500000,Unsanctioned
MPLADS-047174,SHRI KC Venugopal,Rajya Sabha,Rajasthan,Sitting Rajya Sabha,,,LUNI,Jhalamand,Normal/Others,NA - Setting up of kitchen and pantries,DISTRICT COLLECTOR JODHPUR_IDA,2023-09-06,Action Pending,5000000,Unsanctioned
MPLADS-047198,Smt Kumari Diya ,Lok Sabha,Rajasthan,RAJSAMAND,,,RAJSAMAND,Pasoond,Normal/Others,NA - Construction of buildings for community cultural activities,DISTRICT COLLECTOR RAJSAMAND_IDA,2023-09-06,Action Pending,700000,Unsanctioned
MPLADS-047199,Dushyant Singh,Lok Sabha,Rajasthan,JHALAWAR-BARAN,Mangrol,9,,,Normal/Others,NA - Installing hand pumps,DISTRICT COLLECTOR BARAN_IDA,2023-09-06,Action Pending,100000,Unsanctioned
MPLADS-047200,Smt Kumari Diya ,Lok Sabha,Rajasthan,RAJSAMAND,,,RAILMAGRA,Bharai,Normal/Others,WS/MP383/2023-2024/16926 - Construction of buildings for community cultural activities,DISTRICT COLLECTOR RAJSAMAND_IDA,2023-09-06,Approved by IDA,500000,Unsanctioned
MPLADS-047204,Dushyant Singh,Lok Sabha,Rajasthan,JHALAWAR-BARAN,,,ATRU,Reechhanda,Normal/Others,NA - Providing drains and gutters for public drainage,DISTRICT COLLECTOR BARAN_IDA,2023-09-06,Action Pending,500000,Unsanctioned
MPLADS-047205,Dushyant Singh,Lok Sabha,Rajasthan,JHALAWAR-BARAN,,,ATRU,Bhainsara,Normal/Others,"NA - Construction of roads, approach roads, link roads and pathways",DISTRICT COLLECTOR BARAN_IDA,2023-09-06,Action Pending,1000000,Unsanctioned
MPLADS-047219,Smt Kumari Diya ,Lok Sabha,Rajasthan,RAJSAMAND,,,RAILMAGRA,Bharai,Normal/Others,WS/MP383/2023-2024/16927 - Construction of buildings for community cultural activities,DISTRICT COLLECTOR RAJSAMAND_IDA,2023-09-06,Approved by IDA,300000,Unsanctioned
MPLADS-047223,Dushyant Singh,Lok Sabha,Rajasthan,JHALAWAR-BARAN,,,ATRU,Kunjer,Normal/Others,WS/MP722/2023-2024/17049 - Construction of community centers and community halls,DISTRICT COLLECTOR BARAN_IDA,2023-09-06,Approved by IDA,1000000,Unsanctioned
MPLADS-047237,Ramcharan Bohra,Lok Sabha,Rajasthan,JAIPUR,Greater Jaipur,78,,,Normal/Others,NA - Providing CCTV camera system for security of public areas,DISTRICT COLLECTOR JAIPUR_IDA,2023-09-06,Action Pending,800000,Unsanctioned
MPLADS-047238,Ramcharan Bohra,Lok Sabha,Rajasthan,JAIPUR,Greater Jaipur,98,,,Normal/Others,"NA - Construction of roads, approach roads, link roads and pathways",DISTRICT COLLECTOR JAIPUR_IDA,2023-09-06,Action Pending,800000,Unsanctioned
MPLADS-047239,Dushyant Singh,Lok Sabha,Rajasthan,JHALAWAR-BARAN,,,ATRU,Khuri,Normal/Others,"WS/MP722/2023-2024/17055 - Construction of roads, approach roads, link roads and pathways",DISTRICT COLLECTOR BARAN_IDA,2023-09-06,Approved by IDA,500000,Unsanctioned
MPLADS-047240,Dushyant Singh,Lok Sabha,Rajasthan,JHALAWAR-BARAN,,,ATRU,Mothpur,Normal/Others,"NA - Construction of roads, approach roads, link roads and pathways",DISTRICT COLLECTOR BARAN_IDA,2023-09-06,Action Pending,800000,Unsanctioned
MPLADS-047241,Dushyant Singh,Lok Sabha,Rajasthan,JHALAWAR-BARAN,,,ATRU,Mermachah,Normal/Others,"WS/MP722/2023-2024/17053 - Construction of roads, approach roads, link roads and pathways",DISTRICT COLLECTOR BARAN_IDA,2023-09-06,Approved by IDA,700000,Unsanctioned
MPLADS-047245,Dushyant Singh,Lok Sabha,Rajasthan,JHALAWAR-BARAN,,,ATRU,Dhoti,Normal/Others,"WS/MP722/2023-2024/17050 - Construction of roads, approach roads, link roads and pathways",DISTRICT COLLECTOR BARAN_IDA,2023-09-06,Approved by IDA,500000,Unsanctioned
MPLADS-047246,Smt Kumari Diya ,Lok Sabha,Rajasthan,RAJSAMAND,,,KHAMNOR,Kheri,Normal/Others,WS/MP383/2023-2024/16946 - Construction of buildings for community cultural activities,DISTRICT COLLECTOR RAJSAMAND_IDA,2023-09-06,Approved by IDA,500000,Unsanctioned
MPLADS-047247,Smt Kumari Diya ,Lok Sabha,Rajasthan,RAJSAMAND,,,RAILMAGRA,Jawasiya,Normal/Others,WS/MP383/2023-2024/16951 - Crematoriums or structures on burial/ cremation ground for public convenience,DISTRICT COLLECTOR RAJSAMAND_IDA,2023-09-06,Approved by IDA,500000,Unsanctioned
MPLADS-047248,Smt Kumari Diya ,Lok Sabha,Rajasthan,RAJSAMAND,,,RAILMAGRA,Kotrii,Normal/Others,WS/MP383/2023-2024/16934 - Installation of fixed garden gym equipment,DISTRICT COLLECTOR RAJSAMAND_IDA,2023-09-06,Approved by IDA,600000,Unsanctioned
MPLADS-047249,Smt Kumari Diya ,Lok Sabha,Rajasthan,RAJSAMAND,,,RAJSAMAND,Bhundan,Normal/Others,WS/MP383/2023-2024/16935 - Installing tube-wells and borewells,DISTRICT COLLECTOR RAJSAMAND_IDA,2023-09-06,Approved by IDA,300000,Unsanctioned
MPLADS-047250,Smt Kumari Diya ,Lok Sabha,Rajasthan,RAJSAMAND,,,RAJSAMAND,Mohi,Normal/Others,NA - Construction of additional rooms and halls in the existing public and community building,DISTRICT COLLECTOR RAJSAMAND_IDA,2023-09-06,Action Pending,1000000,Unsanctioned
MPLADS-047251,Smt Kumari Diya ,Lok Sabha,Rajasthan,RAJSAMAND,,,RAILMAGRA,Jeetawas,Normal/Others,WS/MP383/2023-2024/16937 - Construction of buildings for community cultural activities,DISTRICT COLLECTOR RAJSAMAND_IDA,2023-09-06,Approved by IDA,500000,Unsanctioned
MPLADS-047252,Smt Kumari Diya ,Lok Sabha,Rajasthan,RAJSAMAND,,,DELWADA,Rabcha,Normal/Others,NA - Construction of buildings for community cultural activities,DISTRICT COLLECTOR RAJSAMAND_IDA,2023-09-06,Action Pending,1000000,Unsanctioned
MPLADS-047253,Dushyant Singh,Lok Sabha,Rajasthan,JHALAWAR-BARAN,,,ATRU,Kerwaliya,Normal/Others,"WS/MP722/2023-2024/17048 - Construction of roads, approach roads, link roads and pathways",DISTRICT COLLECTOR BARAN_IDA,2023-09-06,Approved by IDA,500000,Unsanctioned
MPLADS-047254,Smt Kumari Diya ,Lok Sabha,Rajasthan,RAJSAMAND,,,DELWADA,Semal,Normal/Others,NA - Construction of buildings for community cultural activities,DISTRICT COLLECTOR RAJSAMAND_IDA,2023-09-06,Action Pending,500000,Unsanctioned
MPLADS-047255,Smt Kumari Diya ,Lok Sabha,Rajasthan,RAJSAMAND,Nathdwara,38,,,Normal/Others,NA - Installing tube-wells and borewells,DISTRICT COLLECTOR RAJSAMAND_IDA,2023-09-06,Action Pending,1027000,Unsanctioned
MPLADS-047256,Smt Kumari Diya ,Lok Sabha,Rajasthan,RAJSAMAND,,,KHAMNOR,Dhanyla,Normal/Others,NA - Construction of additional rooms and halls in the existing public and community building,DISTRICT COLLECTOR RAJSAMAND_IDA,2023-09-06,Rejected by IDA,1000000,Unsanctioned
MPLADS-047257,Smt Kumari Diya ,Lok Sabha,Rajasthan,RAJSAMAND,,,RAILMAGRA,Sansera,Normal/Others,WS/MP383/2023-2024/16941 - Construction of buildings for community cultural activities,DISTRICT COLLECTOR RAJSAMAND_IDA,2023-09-06,Approved by IDA,1500000,Unsanctioned
MPLADS-047258,Smt Kumari Diya ,Lok Sabha,Rajasthan,RAJSAMAND,,,RAJSAMAND,Binol,Normal/Others,NA - Construction of additional rooms and halls in the existing public and community building,DISTRICT COLLECTOR RAJSAMAND_IDA,2023-09-06,Action Pending,800000,Unsanctioned
MPLADS-047259,Smt Kumari Diya ,Lok Sabha,Rajasthan,RAJSAMAND,,,KUMBHALGARH,Aret Ki Bhagal,Normal/Others,"NA - Construction of roads, approach roads, link roads and pathways",DISTRICT COLLECTOR RAJSAMAND_IDA,2023-09-06,Action Pending,800000,Unsanctioned
MPLADS-047260,Smt Kumari Diya ,Lok Sabha,Rajasthan,RAJSAMAND,Nathdwara,39,,,Normal/Others,NA - Construction of additional rooms and halls in the existing public and community building,DISTRICT COLLECTOR RAJSAMAND_IDA,2023-09-06,Action Pending,1500000,Unsanctioned
MPLADS-047261,Smt Kumari Diya ,Lok Sabha,Rajasthan,RAJSAMAND,,,RAILMAGRA,Mahenduriya,Normal/Others,NA - Construction of buildings for community cultural activities,DISTRICT COLLECTOR RAJSAMAND_IDA,2023-09-06,Rejected by IDA,800000,Unsanctioned
MPLADS-047262,Smt Kumari Diya ,Lok Sabha,Rajasthan,RAJSAMAND,,,KUMBHALGARH,Majhera,Normal/Others,NA - Construction of public irrigation facilities,DISTRICT COLLECTOR RAJSAMAND_IDA,2023-09-06,Rejected by IDA,500000,Unsanctioned
MPLADS-047263,Smt Kumari Diya ,Lok Sabha,Rajasthan,RAJSAMAND,,,DEOGARH,Vaniya Hatri,Normal/Others,NA - Construction of buildings for community cultural activities,DISTRICT COLLECTOR RAJSAMAND_IDA,2023-09-06,Action Pending,600000,Unsanctioned
MPLADS-047264,Smt Kumari Diya ,Lok Sabha,Rajasthan,RAJSAMAND,,,KHAMNOR,Khamnor,Normal/Others,NA - Construction of bus-sheds or bus-stops,DISTRICT COLLECTOR RAJSAMAND_IDA,2023-09-06,Action Pending,800000,Unsanctioned
MPLADS-047265,Smt Kumari Diya ,Lok Sabha,Rajasthan,RAJSAMAND,,,BHIM,Dapta,Normal/Others,NA - Providing supply pipelines for drinking water,DISTRICT COLLECTOR RAJSAMAND_IDA,2023-09-06,Rejected by IDA,600000,Unsanctioned
MPLADS-047266,Smt Kumari Diya ,Lok Sabha,Rajasthan,RAJSAMAND,,,RAJSAMAND,Piplantri Khurd,Normal/Others,NA - Construction of additional rooms and halls in the existing public and community building,DISTRICT COLLECTOR RAJSAMAND_IDA,2023-09-06,Action Pending,700000,Unsanctioned
MPLADS-047267,Smt Kumari Diya ,Lok Sabha,Rajasthan,RAJSAMAND,,,BHIM,Kushalpura,Normal/Others,WS/MP383/2023-2024/16942 - Construction of community centers and community halls,DISTRICT COLLECTOR RAJSAMAND_IDA,2023-09-06,Approved by IDA,600000,Unsanctioned
MPLADS-047268,Smt Kumari Diya ,Lok Sabha,Rajasthan,RAJSAMAND,,,KHAMNOR,Kala Kheri Badlawali,Normal/Others,WS/MP383/2023-2024/16928 - Construction of buildings for community cultural activities,DISTRICT COLLECTOR RAJSAMAND_IDA,2023-09-06,Approved by IDA,800000,Unsanctioned
MPLADS-047269,Smt Kumari Diya ,Lok Sabha,Rajasthan,RAJSAMAND,,,RAJSAMAND,Pipali Acharyan,Normal/Others,WS/MP383/2023-2024/16930 - Construction of additional rooms and halls in the existing public and community building,DISTRICT COLLECTOR RAJSAMAND_IDA,2023-09-06,Approved by IDA,800000,Unsanctioned
MPLADS-047270,Smt Kumari Diya ,Lok Sabha,Rajasthan,RAJSAMAND,,,RAJSAMAND,Pharara,Normal/Others,WS/MP383/2023-2024/16931 - Construction of buildings for community cultural activities,DISTRICT COLLECTOR RAJSAMAND_IDA,2023-09-06,Approved by IDA,800000,Unsanctioned
MPLADS-047271,Smt Kumari Diya ,Lok Sabha,Rajasthan,RAJSAMAND,,,RAJSAMAND,Sahgath Kalan,Normal/Others,WS/MP383/2023-2024/16932 - Construction of additional rooms and halls in the existing public and community building,DISTRICT COLLECTOR RAJSAMAND_IDA,2023-09-06,Approved by IDA,700000,Unsanctioned
MPLADS-047429,SHRI KC Venugopal,Rajya Sabha,Rajasthan,Sitting Rajya Sabha,,,NAWALGARH,Kemri Ki Dhani,Normal/Others,NA - Development of playground,DISTRICT COLLECTOR JHUNJHUNU_IDA,2023-09-05,Action Pending,2000000,Unsanctioned
MPLADS-047430,SHRI KC Venugopal,Rajya Sabha,Rajasthan,Sitting Rajya Sabha,,,VIRATNAGAR,Bhamod,Normal/Others,WS/MP149/2023-2024/16801 - Construction of community centers and community halls,DISTRICT COLLECTOR JAIPUR_IDA,2023-09-05,Approved by IDA,1800000,Unsanctioned
MPLADS-047431,SHRI KC Venugopal,Rajya Sabha,Rajasthan,Sitting Rajya Sabha,,,SAWAI MADHOPUR,Dobra Kalan,Normal/Others,WS/MP149/2023-2024/16800 - Construction of rooms and halls in school and colleges,DISTRICT COLLECTOR SAWAI MADHOPUR_IDA,2023-09-05,Approved by IDA,1500000,Unsanctioned
MPLADS-047432,SHRI KC Venugopal,Rajya Sabha,Rajasthan,Sitting Rajya Sabha,,,SAWAI MADHOPUR,Himmatpur,Normal/Others,WS/MP149/2023-2024/16799 - Construction of rooms and halls in school and colleges,DISTRICT COLLECTOR SAWAI MADHOPUR_IDA,2023-09-05,Approved by IDA,1500000,Unsanctioned
MPLADS-047436,SHRI KC Venugopal,Rajya Sabha,Rajasthan,Sitting Rajya Sabha,,,SAWAI MADHOPUR,Menpura,Normal/Others,WS/MP149/2023-2024/16798 - Construction of rooms and halls in school and colleges,DISTRICT COLLECTOR SAWAI MADHOPUR_IDA,2023-09-05,Approved by IDA,1500000,Unsanctioned
MPLADS-047437,SHRI KC Venugopal,Rajya Sabha,Rajasthan,Sitting Rajya Sabha,,,RAJAKHERA,Cheelpura,Normal/Others,WS/MP149/2023-2024/16797 - Construction of rooms and halls in school and colleges,DISTRICT COLLECTOR DHOLPUR_IDA,2023-09-05,Approved by IDA,2600000,Sanctioned
MPLADS-047438,SHRI KC Venugopal,Rajya Sabha,Rajasthan,Sitting Rajya Sabha,,,DHAULPUR,Tanda,Normal/Others,WS/MP149/2023-2024/16796 - Construction of rooms and halls in school and colleges,DISTRICT COLLECTOR DHOLPUR_IDA,2023-09-05,Approved by IDA,2600000,Unsanctioned
MPLADS-047509,Nihal Chand Chauhan,Lok Sabha,Rajasthan,GANGANAGAR(SC),,,VIJAINAGAR,15 Bld-B,Normal/Others,NA - Construction of rooms and halls in school and colleges,DISTRICT COLLECTOR SRIGANGANAGAR_IDA,2023-09-04,Action Pending,1400000,Unsanctioned
MPLADS-047510,Ramcharan Bohra,Lok Sabha,Rajasthan,JAIPUR,Greater Jaipur,"Adarsh Nagar, Jaipur",,,Normal/Others,NA - Construction of community centers and community halls,DISTRICT COLLECTOR JAIPUR_IDA,2023-09-04,Action Pending,1000000,Unsanctioned
MPLADS-047511,Ramcharan Bohra,Lok Sabha,Rajasthan,JAIPUR,Greater Jaipur,101,,,Normal/Others,NA - Construction of boundary walls of existing public and community buildings,DISTRICT COLLECTOR JAIPUR_IDA,2023-09-04,Action Pending,1000000,Unsanctioned
MPLADS-047512,Ramcharan Bohra,Lok Sabha,Rajasthan,JAIPUR,Greater Jaipur,Vidyadhar Nagar,,,Normal/Others,NA - Construction of rooms and halls in school and colleges,DISTRICT COLLECTOR JAIPUR_IDA,2023-09-04,Action Pending,1000000,Unsanctioned
MPLADS-047513,Ramcharan Bohra,Lok Sabha,Rajasthan,JAIPUR,Greater Jaipur,"Modi Nagar Colony, Old Chungi, Ajmer Road.",,,Normal/Others,"NA - Construction of roads, approach roads, link roads and pathways",DISTRICT COLLECTOR JAIPUR_IDA,2023-09-04,Action Pending,1000000,Unsanctioned
MPLADS-047514,Ramcharan Bohra,Lok Sabha,Rajasthan,JAIPUR,Greater Jaipur,82,,,Normal/Others,NA - Setting up public non-conventional energy plants,DISTRICT COLLECTOR JAIPUR_IDA,2023-09-04,Action Pending,800000,Unsanctioned
MPLADS-047515,Ramcharan Bohra,Lok Sabha,Rajasthan,JAIPUR,Greater Jaipur,"Raja Park, Jaipur",,,Normal/Others,NA - Development of public parks,DISTRICT COLLECTOR JAIPUR_IDA,2023-09-04,Action Pending,1500000,Unsanctioned
MPLADS-047516,Ramcharan Bohra,Lok Sabha,Rajasthan,JAIPUR,Greater Jaipur,67,,,Normal/Others,NA - Construction of community centers and community halls,DISTRICT COLLECTOR JAIPUR_IDA,2023-09-04,Action Pending,1500000,Unsanctioned
MPLADS-047517,Ramcharan Bohra,Lok Sabha,Rajasthan,JAIPUR,Greater Jaipur,77,,,Normal/Others,NA - Installing tube-wells and borewells,DISTRICT COLLECTOR JAIPUR_IDA,2023-09-04,Action Pending,400000,Unsanctioned
MPLADS-047518,Ramcharan Bohra,Lok Sabha,Rajasthan,JAIPUR,,,SANGANER,Dadiya,Normal/Others,"WS/MP730/2023-2024/15891 - Construction of roads, approach roads, link roads and pathways",DISTRICT COLLECTOR JAIPUR_IDA,2023-09-04,Approved by IDA,600000,Unsanctioned
MPLADS-047519,Ramcharan Bohra,Lok Sabha,Rajasthan,JAIPUR,,,SANGANER,Dadiya,Normal/Others,"NA - Construction of roads, approach roads, link roads and pathways",DISTRICT COLLECTOR JAIPUR_IDA,2023-09-04,Action Pending,600000,Unsanctioned
MPLADS-047520,Ramcharan Bohra,Lok Sabha,Rajasthan,JAIPUR,,,SANGANER,Dadiya,Normal/Others,"NA - Construction of roads, approach roads, link roads and pathways",DISTRICT COLLECTOR JAIPUR_IDA,2023-09-04,Action Pending,600000,Unsanctioned
MPLADS-047521,Ramcharan Bohra,Lok Sabha,Rajasthan,JAIPUR,Greater Jaipur,139,,,Normal/Others,NA - Construction of public libraries and reading rooms,DISTRICT COLLECTOR JAIPUR_IDA,2023-09-04,Action Pending,1500000,Unsanctioned
MPLADS-047522,Ramcharan Bohra,Lok Sabha,Rajasthan,JAIPUR,,,SANGANER,Ajairajpura,Normal/Others,NA - Construction of community centers and community halls,DISTRICT COLLECTOR JAIPUR_IDA,2023-09-04,Action Pending,500000,Unsanctioned
MPLADS-047525,Nihal Chand Chauhan,Lok Sabha,Rajasthan,GANGANAGAR(SC),,,SADULSHAHAR,33 Amp (Kalwasia),Normal/Others,NA - Providing supply pipelines for drinking water,DISTRICT COLLECTOR SRIGANGANAGAR_IDA,2023-09-04,Action Pending,500000,Unsanctioned
MPLADS-047526,Nihal Chand Chauhan,Lok Sabha,Rajasthan,GANGANAGAR(SC),,,SADULSHAHAR,14 Bnw (Dharamsinghwala),Normal/Others,NA - Construction of rooms and halls in school and colleges,DISTRICT COLLECTOR SRIGANGANAGAR_IDA,2023-09-04,Action Pending,1400000,Unsanctioned
MPLADS-047711,SHRI Neeraj Dangi,Rajya Sabha,Rajasthan,Sitting Rajya Sabha,,,Malarna Doongar,Ebra,Normal/Others,"NA - Construction of roads, approach roads, link roads and pathways",DISTRICT COLLECTOR SAWAI MADHOPUR_IDA,2023-09-04,Action Pending,1500000,Unsanctioned
MPLADS-047712,SHRI Neeraj Dangi,Rajya Sabha,Rajasthan,Sitting Rajya Sabha,,,SAWAI MADHOPUR,Makholi,Normal/Others,WS/MP236/2023-2024/16266 - Providing drains and gutters for public drainage,DISTRICT COLLECTOR SAWAI MADHOPUR_IDA,2023-09-04,Approved by IDA,1000000,Unsanctioned
MPLADS-047713,SHRI Neeraj Dangi,Rajya Sabha,Rajasthan,Sitting Rajya Sabha,,,SAWAI MADHOPUR,Makholi,Normal/Others,"WS/MP236/2023-2024/16267 - Construction of roads, approach roads, link roads and pathways",DISTRICT COLLECTOR SAWAI MADHOPUR_IDA,2023-09-04,Approved by IDA,500000,Unsanctioned
MPLADS-047714,SHRI Neeraj Dangi,Rajya Sabha,Rajasthan,Sitting Rajya Sabha,,,REODAR,Reodar (CT),Normal/Others,NA - Construction of water tanks,DISTRICT COLLECTOR SIROHI_IDA,2023-09-04,Rejected by IDA,1000000,Unsanctioned
MPLADS-047874,SHRI Kirodi Lal,Rajya Sabha,Rajasthan,Sitting Rajya Sabha,,,BAIJUPADA,Mau Khera,Normal/Others,"NA - Construction of roads, approach roads, link roads and pathways",DISTRICT COLLECTOR DAUSA_IDA,2023-09-03,Action Pending,300000,Unsanctioned
MPLADS-047875,SHRI Kirodi Lal,Rajya Sabha,Rajasthan,Sitting Rajya Sabha,,,MAHWA,Khohra Mulla,Normal/Others,NA - Construction of community centers and community halls,DISTRICT COLLECTOR DAUSA_IDA,2023-09-03,Action Pending,700000,Unsanctioned
MPLADS-047876,SHRI Kirodi Lal,Rajya Sabha,Rajasthan,Sitting Rajya Sabha,,,MAHWA,Khohra Mulla,Normal/Others,"NA - Construction of rooms and facilities for hospitals, FWC , PHC Centers and ANM centers",DISTRICT COLLECTOR DAUSA_IDA,2023-09-03,Action Pending,1000000,Unsanctioned
MPLADS-047877,SHRI Kirodi Lal,Rajya Sabha,Rajasthan,Sitting Rajya Sabha,,,BAIJUPADA,Alipur,Normal/Others,NA - Construction of boundary walls of existing public and community buildings,DISTRICT COLLECTOR DAUSA_IDA,2023-09-03,Action Pending,500000,Unsanctioned
MPLADS-047878,SHRI Kirodi Lal,Rajya Sabha,Rajasthan,Sitting Rajya Sabha,,,NANGAL RAJAWATAN,Paparda,Normal/Others,NA - Street lights,DISTRICT COLLECTOR DAUSA_IDA,2023-09-03,Action Pending,500000,Unsanctioned
MPLADS-047879,SHRI Kirodi Lal,Rajya Sabha,Rajasthan,Sitting Rajya Sabha,,,BAIJUPADA,Mau Khera,Normal/Others,"NA - Construction of roads, approach roads, link roads and pathways",DISTRICT COLLECTOR DAUSA_IDA,2023-09-03,Action Pending,300000,Unsanctioned
MPLADS-047880,SHRI Kirodi Lal,Rajya Sabha,Rajasthan,Sitting Rajya Sabha,,,MAHWA,Salimpur,Normal/Others,"NA - Construction of roads, link roads, pathways or any other road with or without drainage system",DISTRICT COLLECTOR DAUSA_IDA,2023-09-03,Action Pending,500000,Unsanctioned
MPLADS-047881,SHRI Kirodi Lal,Rajya Sabha,Rajasthan,Sitting Rajya Sabha,,,BAIJUPADA,Baijupara,Normal/Others,NA - Construction of rooms and halls in school and colleges,DISTRICT COLLECTOR DAUSA_IDA,2023-09-03,Action Pending,800000,Unsanctioned
MPLADS-047882,SHRI Kirodi Lal,Rajya Sabha,Rajasthan,Sitting Rajya Sabha,,,MAHWA,Reendli,Normal/Others,"WS/MP150/2023-2024/15780 - Construction of roads, link roads, pathways or any other road with or without drainage system",DISTRICT COLLECTOR DAUSA_IDA,2023-09-03,Approved by IDA,500000,Sanctioned
MPLADS-047883,SHRI Kirodi Lal,Rajya Sabha,Rajasthan,Sitting Rajya Sabha,,,BAIJUPADA,Balahera,Normal/Others,NA - Construction of community centers and community halls,DISTRICT COLLECTOR DAUSA_IDA,2023-09-03,Action Pending,300000,Unsanctioned
MPLADS-047885,SHRI Kirodi Lal,Rajya Sabha,Rajasthan,Sitting Rajya Sabha,,,MAHWA,Haldena,Normal/Others,NA - Construction of boundary walls of existing public and community buildings,DISTRICT COLLECTOR DAUSA_IDA,2023-09-03,Action Pending,500000,Unsanctioned
MPLADS-047895,SHRI Kirodi Lal,Rajya Sabha,Rajasthan,Sitting Rajya Sabha,,,MAHWA,Handiya,Normal/Others,NA - Construction of community centers and community halls,DISTRICT COLLECTOR DAUSA_IDA,2023-09-03,Action Pending,250000,Unsanctioned
MPLADS-047902,SHRI Kirodi Lal,Rajya Sabha,Rajasthan,Sitting Rajya Sabha,,,MAHWA,Handiya,Normal/Others,NA - Construction of community centers and community halls,DISTRICT COLLECTOR DAUSA_IDA,2023-09-03,Action Pending,400000,Unsanctioned
MPLADS-047908,SHRI Kirodi Lal,Rajya Sabha,Rajasthan,Sitting Rajya Sabha,,,SIKRAI,Frashpura,Normal/Others,"NA - Construction of roads, link roads, pathways or any other road with or without drainage system",DISTRICT COLLECTOR DAUSA_IDA,2023-09-03,Action Pending,1000000,Unsanctioned
MPLADS-047912,SHRI Neeraj Dangi,Rajya Sabha,Rajasthan,Sitting Rajya Sabha,,,PAOTA,Rampura,Normal/Others,NA - Construction of community centers and community halls,DISTRICT COLLECTOR JAIPUR_IDA,2023-09-03,Action Pending,1200000,Unsanctioned
MPLADS-047930,SHRI Kirodi Lal,Rajya Sabha,Rajasthan,Sitting Rajya Sabha,,,SIKANDARA,Gandrawa,Normal/Others,NA - Street lights,DISTRICT COLLECTOR DAUSA_IDA,2023-09-03,Action Pending,500000,Unsanctioned
MPLADS-047931,SHRI Kirodi Lal,Rajya Sabha,Rajasthan,Sitting Rajya Sabha,,,TODABHIM,Parla Khalsa,Normal/Others,"NA - Construction of roads, approach roads, link roads and pathways",DISTRICT COLLECTOR KARAULI_IDA,2023-09-03,Action Pending,800000,Unsanctioned
MPLADS-047932,SHRI Neeraj Dangi,Rajya Sabha,Rajasthan,Sitting Rajya Sabha,,,KOTPUTLI,Khera Nihalpura,Normal/Others,NA - Construction of community centers and community halls,DISTRICT COLLECTOR JAIPUR_IDA,2023-09-03,Action Pending,1200000,Unsanctioned
MPLADS-047933,SHRI Neeraj Dangi,Rajya Sabha,Rajasthan,Sitting Rajya Sabha,,,KOTPUTLI,Chimanpura,Normal/Others,NA - Construction of community centers and community halls,DISTRICT COLLECTOR JAIPUR_IDA,2023-09-03,Action Pending,1200000,Unsanctioned
MPLADS-047934,SHRI Neeraj Dangi,Rajya Sabha,Rajasthan,Sitting Rajya Sabha,,,KOTPUTLI,Navrangpura,Normal/Others,NA - Construction of community centers and community halls,DISTRICT COLLECTOR JAIPUR_IDA,2023-09-03,Action Pending,1200000,Unsanctioned
MPLADS-047935,SHRI Kirodi Lal,Rajya Sabha,Rajasthan,Sitting Rajya Sabha,,,NANGAL RAJAWATAN,Pyariwas,Normal/Others,NA - Construction of boundary walls of existing public and community buildings,DISTRICT COLLECTOR DAUSA_IDA,2023-09-03,Action Pending,1500000,Unsanctioned
MPLADS-047936,SHRI Kirodi Lal,Rajya Sabha,Rajasthan,Sitting Rajya Sabha,,,SIKRAI,Patan,Normal/Others,WS/MP150/2023-2024/15795 - Construction of boundary walls of existing public and community buildings,DISTRICT COLLECTOR DAUSA_IDA,2023-09-03,Approved by IDA,500000,Unsanctioned
MPLADS-047942,SHRI Kirodi Lal,Rajya Sabha,Rajasthan,Sitting Rajya Sabha,,,SIKANDARA,Gumanpura,Normal/Others,NA - Construction of public libraries and reading rooms,DISTRICT COLLECTOR DAUSA_IDA,2023-09-03,Action Pending,700000,Unsanctioned
MPLADS-047952,Smt Jaskaur Meena ,Lok Sabha,Rajasthan,DAUSA(ST),Thanagaji,Sen. Sec. Adarsh vidhya Mandir Thanagazi,,,Normal/Others,NA - Construction of rooms and halls in school and colleges,DISTRICT COLLECTOR ALWAR_IDA,2023-09-03,Action Pending,1000000,Unsanctioned
MPLADS-048050,Kailash Choudhary,Lok Sabha,Rajasthan,BARMER,,,GIRA,Kharapar,Normal/Others,NA - Construction of community centers and community halls,DISTRICT COLLECTOR BARMER_IDA,2023-09-02,Action Pending,300000,Unsanctioned
MPLADS-048051,Smt Ranjeeta Koli,Lok Sabha,Rajasthan,BHARATPUR(SC),,,RUPBAS,Dumriya,Normal/Others,"NA - Construction of roads, approach roads, link roads and pathways",DISTRICT COLLECTOR BHARATPUR_IDA,2023-09-02,Action Pending,300000,Unsanctioned
MPLADS-048052,Smt Ranjeeta Koli,Lok Sabha,Rajasthan,BHARATPUR(SC),,,RUPBAS,Dumriya,Normal/Others,NA - Construction of community centers and community halls,DISTRICT COLLECTOR BHARATPUR_IDA,2023-09-02,Action Pending,500000,Unsanctioned
MPLADS-048053,Smt Ranjeeta Koli,Lok Sabha,Rajasthan,BHARATPUR(SC),,,RUPBAS,Dhana,Normal/Others,NA - Construction of public irrigation facilities,DISTRICT COLLECTOR BHARATPUR_IDA,2023-09-02,Action Pending,500000,Unsanctioned
MPLADS-048054,Smt Ranjeeta Koli,Lok Sabha,Rajasthan,BHARATPUR(SC),,,RUPBAS,Dhana,Normal/Others,"NA - Construction of roads, link roads, pathways or any other road with or without drainage system",DISTRICT COLLECTOR BHARATPUR_IDA,2023-09-02,Action Pending,300000,Unsanctioned
MPLADS-048055,Smt Ranjeeta Koli,Lok Sabha,Rajasthan,BHARATPUR(SC),,,BHUSAWAR,Barauli,Normal/Others,NA - Construction of rooms and halls in school and colleges,DISTRICT COLLECTOR BHARATPUR_IDA,2023-09-02,Action Pending,500000,Unsanctioned
MPLADS-048056,Kailash Choudhary,Lok Sabha,Rajasthan,BARMER,,,Patodi,Sathuni Purohitan,Normal/Others,NA - Purchase of furniture and fixtures for educational purposes,DISTRICT COLLECTOR BARMER_IDA,2023-09-02,Action Pending,100000,Unsanctioned
MPLADS-048057,Kailash Choudhary,Lok Sabha,Rajasthan,BARMER,Barmer,34,,,Normal/Others,NA - Construction of shelters for animals,DISTRICT COLLECTOR BARMER_IDA,2023-09-02,Action Pending,500000,Unsanctioned
MPLADS-048058,Kailash Choudhary,Lok Sabha,Rajasthan,BARMER,,,CHOHTAN,Pananiyo ka Tala,Normal/Others,NA - Construction of community centers and community halls,DISTRICT COLLECTOR BARMER_IDA,2023-09-02,Action Pending,1000000,Unsanctioned
MPLADS-048059,Kailash Choudhary,Lok Sabha,Rajasthan,BARMER,,,FATEHGARH,Unda,Normal/Others,WS/MP733/2023-2024/15432 - Construction of public libraries and reading rooms,DISTRICT COLLECTOR JAISLAMER_IDA,2023-09-02,Approved by IDA,500000,Unsanctioned
MPLADS-048060,Smt Ranjeeta Koli,Lok Sabha,Rajasthan,BHARATPUR(SC),,,RUPBAS,Sirrond,Normal/Others,"NA - Construction of roads, link roads, pathways or any other road with or without drainage system",DISTRICT COLLECTOR BHARATPUR_IDA,2023-09-02,Action Pending,300000,Unsanctioned
MPLADS-048061,Kailash Choudhary,Lok Sabha,Rajasthan,BARMER,,,SAMDARI,Samdari,Normal/Others,NA - Construction of community centers and community halls,DISTRICT COLLECTOR BARMER_IDA,2023-09-02,Action Pending,500000,Unsanctioned
MPLADS-048062,Kailash Choudhary,Lok Sabha,Rajasthan,BARMER,,,DHANAU,Bhooniya,Normal/Others,NA - Construction of community centers and community halls,DISTRICT COLLECTOR BARMER_IDA,2023-09-02,Action Pending,500000,Unsanctioned
MPLADS-048063,Smt Jaskaur Meena ,Lok Sabha,Rajasthan,DAUSA(ST),,,CHAKSU,Swaimadhosinghpura,Normal/Others,NA - Construction of community centers and community halls,DISTRICT COLLECTOR JAIPUR_IDA,2023-09-02,Action Pending,800000,Unsanctioned
MPLADS-048069,Smt Ranjeeta Koli,Lok Sabha,Rajasthan,BHARATPUR(SC),,,RUPBAS,Sirrond,Normal/Others,NA - Crematoriums or structures on burial/ cremation ground for public convenience,DISTRICT COLLECTOR BHARATPUR_IDA,2023-09-02,Action Pending,500000,Unsanctioned
MPLADS-048070,Smt Ranjeeta Koli,Lok Sabha,Rajasthan,BHARATPUR(SC),,,KATHUMAR,Sahari,Normal/Others,"NA - Construction of roads, approach roads, link roads and pathways",DISTRICT COLLECTOR ALWAR_IDA,2023-09-02,Action Pending,600000,Unsanctioned
MPLADS-048082,Smt Ranjeeta Koli,Lok Sabha,Rajasthan,BHARATPUR(SC),,,KATHUMAR,Baseth,Normal/Others,"NA - Construction of roads, approach roads, link roads and pathways",DISTRICT COLLECTOR ALWAR_IDA,2023-09-02,Action Pending,400000,Unsanctioned
MPLADS-048084,Smt Ranjeeta Koli,Lok Sabha,Rajasthan,BHARATPUR(SC),,,RUPBAS,Khera Thakur,Normal/Others,"NA - Construction of roads, link roads, pathways or any other road with or without drainage system",DISTRICT COLLECTOR BHARATPUR_IDA,2023-09-02,Action Pending,500000,Unsanctioned
MPLADS-048085,Smt Ranjeeta Koli,Lok Sabha,Rajasthan,BHARATPUR(SC),,,KATHUMAR,Nangal Roopa,Normal/Others,NA - Installing tube-wells and borewells,DISTRICT COLLECTOR ALWAR_IDA,2023-09-02,Action Pending,600000,Unsanctioned
MPLADS-048086,Smt Ranjeeta Koli,Lok Sabha,Rajasthan,BHARATPUR(SC),,,KATHUMAR,Sonkhari,Normal/Others,NA - Installing hand pumps,DISTRICT COLLECTOR ALWAR_IDA,2023-09-02,Action Pending,315000,Unsanctioned
MPLADS-048087,Smt Ranjeeta Koli,Lok Sabha,Rajasthan,BHARATPUR(SC),,,KATHUMAR,Masari,Normal/Others,NA - Installing hand pumps,DISTRICT COLLECTOR ALWAR_IDA,2023-09-02,Action Pending,110000,Unsanctioned
MPLADS-048088,Smt Ranjeeta Koli,Lok Sabha,Rajasthan,BHARATPUR(SC),,,KATHUMAR,Sonkhari,Normal/Others,NA - Construction of community centers and community halls,DISTRICT COLLECTOR ALWAR_IDA,2023-09-02,Action Pending,300000,Unsanctioned
MPLADS-048089,Smt Ranjeeta Koli,Lok Sabha,Rajasthan,BHARATPUR(SC),,,KATHUMAR,Sonkhari,Normal/Others,NA - Crematoriums or structures on burial/ cremation ground for public convenience,DISTRICT COLLECTOR ALWAR_IDA,2023-09-02,Action Pending,500000,Unsanctioned
MPLADS-048090,Smt Ranjeeta Koli,Lok Sabha,Rajasthan,BHARATPUR(SC),,,KATHUMAR,Baseth,Normal/Others,"NA - Construction of roads, approach roads, link roads and pathways",DISTRICT COLLECTOR ALWAR_IDA,2023-09-02,Action Pending,500000,Unsanctioned
MPLADS-048104,SHRI Kirodi Lal,Rajya Sabha,Rajasthan,Sitting Rajya Sabha,,,MAHWA,Kesra,Normal/Others,NA - Construction of rooms and halls in school and colleges,DISTRICT COLLECTOR DAUSA_IDA,2023-09-02,Action Pending,500000,Unsanctioned
MPLADS-048114,SHRI Kirodi Lal,Rajya Sabha,Rajasthan,Sitting Rajya Sabha,,,BAIJUPADA,Baori Khera,Normal/Others,NA - Construction of community centers and community halls,DISTRICT COLLECTOR DAUSA_IDA,2023-09-02,Action Pending,500000,Unsanctioned
MPLADS-048126,SHRI Kirodi Lal,Rajya Sabha,Rajasthan,Sitting Rajya Sabha,,,BAIJUPADA,Baori Khera,Normal/Others,NA - Construction of rooms and halls in school and colleges,DISTRICT COLLECTOR DAUSA_IDA,2023-09-02,Action Pending,500000,Unsanctioned
MPLADS-048131,SHRI Kirodi Lal,Rajya Sabha,Rajasthan,Sitting Rajya Sabha,,,MAHWA,Teekri Kilanot,Normal/Others,"NA - Construction of roads, approach roads, link roads and pathways",DISTRICT COLLECTOR DAUSA_IDA,2023-09-02,Action Pending,500000,Unsanctioned
MPLADS-048132,SHRI Kirodi Lal,Rajya Sabha,Rajasthan,Sitting Rajya Sabha,,,MAHWA,Teekri Kilanot,Normal/Others,"NA - Construction of roads, approach roads, link roads and pathways",DISTRICT COLLECTOR DAUSA_IDA,2023-09-02,Action Pending,500000,Unsanctioned
MPLADS-048133,SHRI Kirodi Lal,Rajya Sabha,Rajasthan,Sitting Rajya Sabha,,,MAHWA,Teekri Kilanot,Normal/Others,"NA - Construction of roads, approach roads, link roads and pathways",DISTRICT COLLECTOR DAUSA_IDA,2023-09-02,Action Pending,500000,Unsanctioned
MPLADS-048134,SHRI Kirodi Lal,Rajya Sabha,Rajasthan,Sitting Rajya Sabha,,,MAHWA,Teekri Kilanot,Normal/Others,"NA - Construction of roads, approach roads, link roads and pathways",DISTRICT COLLECTOR DAUSA_IDA,2023-09-02,Action Pending,500000,Unsanctioned
MPLADS-048312,SHRI Kirodi Lal,Rajya Sabha,Rajasthan,Sitting Rajya Sabha,,,Malarna Doongar,Gambheera,Normal/Others,"WS/MP150/2023-2024/14763 - Construction of roads, link roads, pathways or any other road with or without drainage system",DISTRICT COLLECTOR SAWAI MADHOPUR_IDA,2023-09-01,Approved by IDA,1000000,Ongoing
MPLADS-048313,SHRI Kirodi Lal,Rajya Sabha,Rajasthan,Sitting Rajya Sabha,,,TODABHIM,Kariri,Normal/Others,"NA - Construction of roads, approach roads, link roads and pathways",DISTRICT COLLECTOR KARAULI_IDA,2023-09-01,Action Pending,1000000,Unsanctioned
MPLADS-048314,SHRI Kirodi Lal,Rajya Sabha,Rajasthan,Sitting Rajya Sabha,,,KARAULI,Gerai,Normal/Others,NA - Construction of community centers and community halls,DISTRICT COLLECTOR KARAULI_IDA,2023-09-01,Action Pending,1000000,Unsanctioned
MPLADS-048319,Kailash Choudhary,Lok Sabha,Rajasthan,BARMER,,,KALYANPUR,Kuri,Normal/Others,WS/MP733/2023-2024/14831 - Construction of public libraries and reading rooms,DISTRICT COLLECTOR BARMER_IDA,2023-09-01,Approved by IDA,700000,Unsanctioned
MPLADS-048321,Kailash Choudhary,Lok Sabha,Rajasthan,BARMER,,,GADRA ROAD,Girab,Normal/Others,WS/MP733/2023-2024/14829 - Construction of public libraries and reading rooms,DISTRICT COLLECTOR BARMER_IDA,2023-09-01,Approved by IDA,500000,Unsanctioned
MPLADS-048322,Kailash Choudhary,Lok Sabha,Rajasthan,BARMER,,,MOHANGARH,Mohangarh,Normal/Others,"WS/MP733/2023-2024/14828 - Construction of roads, approach roads, link roads and pathways",DISTRICT COLLECTOR JAISLAMER_IDA,2023-09-01,Approved by IDA,500000,Unsanctioned
MPLADS-048323,Kailash Choudhary,Lok Sabha,Rajasthan,BARMER,,,MOHANGARH,Mohangarh,Normal/Others,"WS/MP733/2023-2024/14827 - Construction of roads, approach roads, link roads and pathways",DISTRICT COLLECTOR JAISLAMER_IDA,2023-09-01,Approved by IDA,500000,Unsanctioned
MPLADS-048324,Kailash Choudhary,Lok Sabha,Rajasthan,BARMER,,,FATEHGARH,Sihdar,Normal/Others,WS/MP733/2023-2024/14826 - Construction of public libraries and reading rooms,DISTRICT COLLECTOR JAISLAMER_IDA,2023-09-01,Approved by IDA,1000000,Ongoing
MPLADS-048325,SHRI Kirodi Lal,Rajya Sabha,Rajasthan,Sitting Rajya Sabha,,,KARAULI,Gerai,Normal/Others,NA - Construction of community centers and community halls,DISTRICT COLLECTOR KARAULI_IDA,2023-09-01,Action Pending,500000,Unsanctioned
MPLADS-048327,SHRI Kirodi Lal,Rajya Sabha,Rajasthan,Sitting Rajya Sabha,,,BONLI,Kodyai,Normal/Others,"WS/MP150/2023-2024/14759 - Construction of roads, approach roads, link roads and pathways",DISTRICT COLLECTOR SAWAI MADHOPUR_IDA,2023-09-01,Approved by IDA,1000000,Unsanctioned
MPLADS-048330,SHRI Kirodi Lal,Rajya Sabha,Rajasthan,Sitting Rajya Sabha,Sawai Madhopur,sawai madhopur m lodhipura fhatak ki or,,,Normal/Others,"NA - Construction of roads, approach roads, link roads and pathways",DISTRICT COLLECTOR SAWAI MADHOPUR_IDA,2023-09-01,Action Pending,1000000,Unsanctioned
MPLADS-048331,SHRI Kirodi Lal,Rajya Sabha,Rajasthan,Sitting Rajya Sabha,,,Malarna Doongar,Sesa,Normal/Others,"WS/MP150/2023-2024/14762 - Construction of roads, link roads, pathways or any other road with or without drainage system",DISTRICT COLLECTOR SAWAI MADHOPUR_IDA,2023-09-01,Approved by IDA,1000000,Completed
MPLADS-048332,SHRI Kirodi Lal,Rajya Sabha,Rajasthan,Sitting Rajya Sabha,,,NADAUTI,Dalpura,Normal/Others,"WS/MP150/2023-2024/14780 - Construction of roads, approach roads, link roads and pathways",DISTRICT COLLECTOR KARAULI_IDA,2023-09-01,Approved by IDA,700000,Unsanctioned
MPLADS-048342,SHRI Kirodi Lal,Rajya Sabha,Rajasthan,Sitting Rajya Sabha,,,KARAULI,Gerai,Normal/Others,NA - Construction of community centers and community halls,DISTRICT COLLECTOR KARAULI_IDA,2023-09-01,Action Pending,500000,Unsanctioned
MPLADS-048352,SHRI Kirodi Lal,Rajya Sabha,Rajasthan,Sitting Rajya Sabha,,,BONLI,Kodyai,Normal/Others,"WS/MP150/2023-2024/14760 - Construction of roads, approach roads, link roads and pathways",DISTRICT COLLECTOR SAWAI MADHOPUR_IDA,2023-09-01,Approved by IDA,500000,Unsanctioned
MPLADS-048353,Kailash Choudhary,Lok Sabha,Rajasthan,BARMER,Balotra,.,,,Normal/Others,WS/MP733/2023-2024/14830 - Construction of public libraries and reading rooms,DISTRICT COLLECTOR BARMER_IDA,2023-09-01,Approved by IDA,1500000,Unsanctioned
MPLADS-048389,Smt Jaskaur Meena ,Lok Sabha,Rajasthan,DAUSA(ST),,,BANDIKUI,Peechupara Khurd,Normal/Others,WS/MP387/2023-2024/14871 - Construction of boundary walls of existing public and community buildings,DISTRICT COLLECTOR DAUSA_IDA,2023-09-01,Approved by IDA,500000,Sanctioned
MPLADS-048393,Ramcharan Bohra,Lok Sabha,Rajasthan,JAIPUR,Greater Jaipur,100,,,Normal/Others,NA - Construction of community centers and community halls,DISTRICT COLLECTOR JAIPUR_IDA,2023-09-01,Action Pending,1500000,Unsanctioned
MPLADS-048394,Ramcharan Bohra,Lok Sabha,Rajasthan,JAIPUR,Greater Jaipur,83,,,Normal/Others,NA - Construction of community centers and community halls,DISTRICT COLLECTOR JAIPUR_IDA,2023-09-01,Action Pending,1000000,Unsanctioned
MPLADS-048395,Ramcharan Bohra,Lok Sabha,Rajasthan,JAIPUR,Jaipur Heritage,66,,,Normal/Others,NA - Providing drains and gutters for public drainage,DISTRICT COLLECTOR JAIPUR_IDA,2023-09-01,Action Pending,2000000,Unsanctioned
MPLADS-048396,Ramcharan Bohra,Lok Sabha,Rajasthan,JAIPUR,Jaipur Heritage,55,,,Normal/Others,NA - Purchase of non-conventional energy system and devices for community use,DISTRICT COLLECTOR JAIPUR_IDA,2023-09-01,Action Pending,800000,Unsanctioned
MPLADS-048397,Ramcharan Bohra,Lok Sabha,Rajasthan,JAIPUR,Greater Jaipur,150,,,Normal/Others,NA - Construction of public libraries and reading rooms,DISTRICT COLLECTOR JAIPUR_IDA,2023-09-01,Action Pending,2000000,Unsanctioned
MPLADS-048398,Ramcharan Bohra,Lok Sabha,Rajasthan,JAIPUR,Greater Jaipur,36,,,Normal/Others,"NA - Construction of roads, approach roads, link roads and pathways",DISTRICT COLLECTOR JAIPUR_IDA,2023-09-01,Action Pending,1300000,Unsanctioned
MPLADS-048399,Ramcharan Bohra,Lok Sabha,Rajasthan,JAIPUR,Greater Jaipur,125,,,Normal/Others,NA - Providing CCTV camera system for security of public areas,DISTRICT COLLECTOR JAIPUR_IDA,2023-09-01,Action Pending,1500000,Unsanctioned
MPLADS-048400,Ramcharan Bohra,Lok Sabha,Rajasthan,JAIPUR,Greater Jaipur,107,,,Normal/Others,WS/MP730/2023-2024/14868 - Construction of community centers and community halls,DISTRICT COLLECTOR JAIPUR_IDA,2023-09-01,Approved by IDA,1000000,Unsanctioned
MPLADS-048401,Ramcharan Bohra,Lok Sabha,Rajasthan,JAIPUR,Greater Jaipur,72,,,Normal/Others,"NA - Construction of roads, approach roads, link roads and pathways",DISTRICT COLLECTOR JAIPUR_IDA,2023-09-01,Action Pending,1000000,Unsanctioned
MPLADS-048402,Smt Jaskaur Meena ,Lok Sabha,Rajasthan,DAUSA(ST),,,BANDIKUI,Medi Ka Bas,Normal/Others,WS/MP387/2023-2024/14870 - Construction of boundary walls of existing public and community buildings,DISTRICT COLLECTOR DAUSA_IDA,2023-09-01,Approved by IDA,500000,Unsanctioned
MPLADS-048403,Smt Jaskaur Meena ,Lok Sabha,Rajasthan,DAUSA(ST),,,SIKRAI,Sikrai,Normal/Others,WS/MP387/2023-2024/14872 - Construction of community centers and community halls,DISTRICT COLLECTOR DAUSA_IDA,2023-09-01,Approved by IDA,1000000,Sanctioned
MPLADS-048405,Smt Jaskaur Meena ,Lok Sabha,Rajasthan,DAUSA(ST),,,BANDIKUI,Jhoonpdi,Normal/Others,WS/MP387/2023-2024/14873 - Construction of boundary walls of existing public and community buildings,DISTRICT COLLECTOR DAUSA_IDA,2023-09-01,Approved by IDA,500000,Sanctioned
MPLADS-048406,Smt Jaskaur Meena ,Lok Sabha,Rajasthan,DAUSA(ST),,,RAMGARH PACHWARA,Dholawas,Normal/Others,NA - Crematoriums or structures on burial/ cremation ground for public convenience,DISTRICT COLLECTOR DAUSA_IDA,2023-09-01,Action Pending,600000,Unsanctioned
MPLADS-048407,Smt Jaskaur Meena ,Lok Sabha,Rajasthan,DAUSA(ST),,,BANDIKUI,Peechupara Kalan,Normal/Others,NA - Crematoriums or structures on burial/ cremation ground for public convenience,DISTRICT COLLECTOR DAUSA_IDA,2023-09-01,Action Pending,500000,Unsanctioned
MPLADS-048408,Ramcharan Bohra,Lok Sabha,Rajasthan,JAIPUR,Jaipur Heritage,20,,,Normal/Others,"NA - Construction of roads, approach roads, link roads and pathways",DISTRICT COLLECTOR JAIPUR_IDA,2023-09-01,Action Pending,2000000,Unsanctioned
MPLADS-048409,Kailash Choudhary,Lok Sabha,Rajasthan,BARMER,,,BALTORA,Sodhon Ki Dhani,Normal/Others,WS/MP733/2023-2024/14890 - Construction of public libraries and reading rooms,DISTRICT COLLECTOR BARMER_IDA,2023-09-01,Approved by IDA,1000000,Sanctioned
MPLADS-048410,Kailash Choudhary,Lok Sabha,Rajasthan,BARMER,,,CHOHTAN,Bijrar,Normal/Others,WS/MP733/2023-2024/14891 - Construction of rooms and halls in school and colleges,DISTRICT COLLECTOR BARMER_IDA,2023-09-01,Approved by IDA,500000,Sanctioned
MPLADS-048411,Kailash Choudhary,Lok Sabha,Rajasthan,BARMER,,,SIWANA,Nal,Normal/Others,NA - Construction of public libraries and reading rooms,DISTRICT COLLECTOR BARMER_IDA,2023-09-01,Action Pending,1000000,Unsanctioned
MPLADS-048412,Kailash Choudhary,Lok Sabha,Rajasthan,BARMER,,,GIRA,Kerli Nadi,Normal/Others,WS/MP733/2023-2024/14893 - Construction of public libraries and reading rooms,DISTRICT COLLECTOR BARMER_IDA,2023-09-01,Approved by IDA,300000,Unsanctioned
MPLADS-048413,Kailash Choudhary,Lok Sabha,Rajasthan,BARMER,Balotra,23,,,Normal/Others,NA - Construction of public libraries and reading rooms,DISTRICT COLLECTOR BARMER_IDA,2023-09-01,Action Pending,500000,Unsanctioned
MPLADS-048414,Kailash Choudhary,Lok Sabha,Rajasthan,BARMER,,,SAMDARI,Samdari,Normal/Others,NA - Construction of stadiums,DISTRICT COLLECTOR BARMER_IDA,2023-09-01,Action Pending,1100000,Unsanctioned
MPLADS-048415,Kailash Choudhary,Lok Sabha,Rajasthan,BARMER,,,FAGLIYA,Gangasariya,Normal/Others,NA - Construction of common work sheds/ common covered sitting area,DISTRICT COLLECTOR BARMER_IDA,2023-09-01,Action Pending,500000,Unsanctioned
MPLADS-048422,Ramcharan Bohra,Lok Sabha,Rajasthan,JAIPUR,Greater Jaipur,117,,,Normal/Others,WS/MP730/2023-2024/14988 - Crematoriums or structures on burial/ cremation ground for public convenience,DISTRICT COLLECTOR JAIPUR_IDA,2023-09-01,Approved by IDA,1500000,Unsanctioned
MPLADS-048423,Ramcharan Bohra,Lok Sabha,Rajasthan,JAIPUR,Greater Jaipur,16,,,Normal/Others,NA - Construction of community centers and community halls,DISTRICT COLLECTOR JAIPUR_IDA,2023-09-01,Action Pending,2000000,Unsanctioned
MPLADS-048424,Ramcharan Bohra,Lok Sabha,Rajasthan,JAIPUR,Greater Jaipur,Village Harmada,,,Normal/Others,NA - Providing drains and gutters for public drainage,DISTRICT COLLECTOR JAIPUR_IDA,2023-09-01,Action Pending,4900000,Unsanctioned
MPLADS-048436,Ramcharan Bohra,Lok Sabha,Rajasthan,JAIPUR,Greater Jaipur,78,,,Normal/Others,"NA - Construction of roads, approach roads, link roads and pathways",DISTRICT COLLECTOR JAIPUR_IDA,2023-09-01,Action Pending,1000000,Unsanctioned
MPLADS-048439,Ramcharan Bohra,Lok Sabha,Rajasthan,JAIPUR,Bagru,village Dayalpura,,,Normal/Others,NA - Construction of community centers and community halls,DISTRICT COLLECTOR JAIPUR_IDA,2023-09-01,Action Pending,1000000,Unsanctioned
MPLADS-048444,Ramcharan Bohra,Lok Sabha,Rajasthan,JAIPUR,Greater Jaipur,19,,,Normal/Others,"NA - Construction of roads, approach roads, link roads and pathways",DISTRICT COLLECTOR JAIPUR_IDA,2023-09-01,Action Pending,1000000,Unsanctioned
MPLADS-048450,Ramcharan Bohra,Lok Sabha,Rajasthan,JAIPUR,Greater Jaipur,124,,,Normal/Others,WS/MP730/2023-2024/14987 - Construction of community centers and community halls,DISTRICT COLLECTOR JAIPUR_IDA,2023-09-01,Approved by IDA,1500000,Unsanctioned
MPLADS-048451,Ramcharan Bohra,Lok Sabha,Rajasthan,JAIPUR,Jaipur Heritage,18,,,Normal/Others,"WS/MP730/2023-2024/14984 - Construction of roads, link roads, pathways or any other road with or without drainage system",DISTRICT COLLECTOR JAIPUR_IDA,2023-09-01,Approved by IDA,2000000,Unsanctioned
MPLADS-048468,Ramcharan Bohra,Lok Sabha,Rajasthan,JAIPUR,Greater Jaipur,70,,,Normal/Others,NA - Providing drains and gutters for public drainage,DISTRICT COLLECTOR JAIPUR_IDA,2023-09-01,Action Pending,1000000,Unsanctioned
MPLADS-048474,Kailash Choudhary,Lok Sabha,Rajasthan,BARMER,,,SAMDARI,Kamon Ka Bara,Normal/Others,WS/MP733/2023-2024/14899 - Construction of common work sheds/ common covered sitting area,DISTRICT COLLECTOR BARMER_IDA,2023-09-01,Approved by IDA,700000,Unsanctioned
MPLADS-048475,Kailash Choudhary,Lok Sabha,Rajasthan,BARMER,,,PANYLA KLA,Nehron Ki Dhani,Normal/Others,NA - Construction of rooms and halls in school and colleges,DISTRICT COLLECTOR BARMER_IDA,2023-09-01,Action Pending,500000,Unsanctioned
MPLADS-048476,Kailash Choudhary,Lok Sabha,Rajasthan,BARMER,,,FAGLIYA,Nawapura,Normal/Others,WS/MP733/2023-2024/14901 - Construction of community centers and community halls,DISTRICT COLLECTOR BARMER_IDA,2023-09-01,Approved by IDA,1100000,Sanctioned
MPLADS-048477,Ramcharan Bohra,Lok Sabha,Rajasthan,JAIPUR,Jaipur Heritage,10,,,Normal/Others,"WS/MP730/2023-2024/14928 - Construction of roads, link roads, pathways or any other road with or without drainage system",DISTRICT COLLECTOR JAIPUR_IDA,2023-09-01,Approved by IDA,2000000,Unsanctioned
MPLADS-048478,Ramcharan Bohra,Lok Sabha,Rajasthan,JAIPUR,Jaipur Heritage,24,,,Normal/Others,"WS/MP730/2023-2024/14941 - Construction of roads, link roads, pathways or any other road with or without drainage system",DISTRICT COLLECTOR JAIPUR_IDA,2023-09-01,Approved by IDA,2000000,Unsanctioned
MPLADS-048479,Ramcharan Bohra,Lok Sabha,Rajasthan,JAIPUR,Jaipur Heritage,8,,,Normal/Others,"WS/MP730/2023-2024/14953 - Construction of roads, link roads, pathways or any other road with or without drainage system",DISTRICT COLLECTOR JAIPUR_IDA,2023-09-01,Approved by IDA,2000000,Unsanctioned
MPLADS-048480,Ramcharan Bohra,Lok Sabha,Rajasthan,JAIPUR,Greater Jaipur,73,,,Normal/Others,NA - Development of public parks,DISTRICT COLLECTOR JAIPUR_IDA,2023-09-01,Action Pending,1000000,Unsanctioned
MPLADS-048481,Ramcharan Bohra,Lok Sabha,Rajasthan,JAIPUR,Bagru,00,,,Normal/Others,NA - Construction of community centers and community halls,DISTRICT COLLECTOR JAIPUR_IDA,2023-09-01,Action Pending,1100000,Unsanctioned
MPLADS-048483,Smt Jaskaur Meena ,Lok Sabha,Rajasthan,DAUSA(ST),,,BANDIKUI,Chorwara,Normal/Others,WS/MP387/2023-2024/14874 - Crematoriums or structures on burial/ cremation ground for public convenience,DISTRICT COLLECTOR DAUSA_IDA,2023-09-01,Approved by IDA,500000,Sanctioned
MPLADS-048551,SHRI Neeraj Dangi,Rajya Sabha,Rajasthan,Sitting Rajya Sabha,,,SANKRA,Dalpatpura,Normal/Others,"WS/MP236/2023-2024/14857 - Construction of roads, approach roads, link roads and pathways",DISTRICT COLLECTOR JAISLAMER_IDA,2023-09-01,Approved by IDA,1000000,Unsanctioned
MPLADS-048552,SHRI Kirodi Lal,Rajya Sabha,Rajasthan,Sitting Rajya Sabha,,,NADAUTI,Dalpura,Normal/Others,"WS/MP150/2023-2024/14781 - Construction of roads, approach roads, link roads and pathways",DISTRICT COLLECTOR KARAULI_IDA,2023-09-01,Approved by IDA,800000,Unsanctioned
MPLADS-048553,SHRI Kirodi Lal,Rajya Sabha,Rajasthan,Sitting Rajya Sabha,,,TODABHIM,Matasoola,Normal/Others,NA - Construction of boundary walls of existing public and community buildings,DISTRICT COLLECTOR KARAULI_IDA,2023-09-01,Action Pending,1000000,Unsanctioned
MPLADS-048554,SHRI Kirodi Lal,Rajya Sabha,Rajasthan,Sitting Rajya Sabha,,,AMBER,Nagal Susawatan,Normal/Others,NA - Construction of rooms and halls in school and colleges,DISTRICT COLLECTOR JAIPUR_IDA,2023-09-01,Action Pending,1000000,Unsanctioned
MPLADS-048555,SHRI Kirodi Lal,Rajya Sabha,Rajasthan,Sitting Rajya Sabha,,,JAMWA RAMGARH,Saiwar,Normal/Others,"NA - Construction of roads, link roads, pathways or any other road with or without drainage system",DISTRICT COLLECTOR JAIPUR_IDA,2023-09-01,Action Pending,800000,Unsanctioned
MPLADS-048556,SHRI Kirodi Lal,Rajya Sabha,Rajasthan,Sitting Rajya Sabha,,,JAMWA RAMGARH,Natata,Normal/Others,NA - Construction of toilet blocks,DISTRICT COLLECTOR JAIPUR_IDA,2023-09-01,Action Pending,800000,Unsanctioned
MPLADS-048557,SHRI Kirodi Lal,Rajya Sabha,Rajasthan,Sitting Rajya Sabha,,,ANDHI,Phootolao,Normal/Others,NA - Construction of community centers and community halls,DISTRICT COLLECTOR JAIPUR_IDA,2023-09-01,Action Pending,700000,Unsanctioned
MPLADS-048558,SHRI Neeraj Dangi,Rajya Sabha,Rajasthan,Sitting Rajya Sabha,,,BARMER,Adarsh Basti Bishala,Normal/Others,WS/MP236/2023-2024/14839 - Construction of public libraries and reading rooms,DISTRICT COLLECTOR BARMER_IDA,2023-09-01,Approved by IDA,1000000,Ongoing
MPLADS-048559,SHRI Neeraj Dangi,Rajya Sabha,Rajasthan,Sitting Rajya Sabha,,,BARMER,Prajapaton Ki Dhani,Normal/Others,WS/MP236/2023-2024/14840 - Construction of public libraries and reading rooms,DISTRICT COLLECTOR BARMER_IDA,2023-09-01,Approved by IDA,1000000,Ongoing
MPLADS-048560,SHRI Neeraj Dangi,Rajya Sabha,Rajasthan,Sitting Rajya Sabha,,,NACHANA,Ghantiyali,Repair and Renovation,WS/MP236/2023-2024/14858 - Construction of public irrigation facilities,DISTRICT COLLECTOR JAISLAMER_IDA,2023-09-01,Approved by IDA,1000000,Ongoing
MPLADS-048562,SHRI Neeraj Dangi,Rajya Sabha,Rajasthan,Sitting Rajya Sabha,,,NACHANA,Ghantiyali,Normal/Others,WS/MP236/2023-2024/14859 - Creation of new ponds,DISTRICT COLLECTOR JAISLAMER_IDA,2023-09-01,Approved by IDA,500000,Ongoing
MPLADS-048563,SHRI Neeraj Dangi,Rajya Sabha,Rajasthan,Sitting Rajya Sabha,,,SANKRA,Jhalariya,Normal/Others,"WS/MP236/2023-2024/14860 - Construction of roads, approach roads, link roads and pathways",DISTRICT COLLECTOR JAISLAMER_IDA,2023-09-01,Approved by IDA,1000000,Unsanctioned
MPLADS-048564,SHRI Neeraj Dangi,Rajya Sabha,Rajasthan,Sitting Rajya Sabha,,,NACHANA,Ghantiyali,Repair and Renovation,WS/MP236/2023-2024/14861 - Construction of public irrigation facilities,DISTRICT COLLECTOR JAISLAMER_IDA,2023-09-01,Approved by IDA,500000,Ongoing
MPLADS-048565,Shri Mukul Balkrishna Wasnik,Rajya Sabha,Rajasthan,Sitting Rajya Sabha,,,DHORIMANNA,Bhimthal,Normal/Others,WS/MP146/2023-2024/14908 - Construction of public libraries and reading rooms,DISTRICT COLLECTOR BARMER_IDA,2023-09-01,Approved by IDA,1500000,Unsanctioned
MPLADS-048566,Shri Mukul Balkrishna Wasnik,Rajya Sabha,Rajasthan,Sitting Rajya Sabha,,,DHORIMANNA,Meethra Khurd,Normal/Others,"WS/MP146/2023-2024/14909 - Construction of roads, approach roads, link roads and pathways",DISTRICT COLLECTOR BARMER_IDA,2023-09-01,Approved by IDA,1500000,Unsanctioned
MPLADS-048765,SHRI Kirodi Lal,Rajya Sabha,Rajasthan,Sitting Rajya Sabha,,,HINDAUN,Mandawara,Normal/Others,NA - Development of public parks,DISTRICT COLLECTOR KARAULI_IDA,2023-08-31,Action Pending,400000,Unsanctioned
MPLADS-048767,SHRI Kirodi Lal,Rajya Sabha,Rajasthan,Sitting Rajya Sabha,,,DEOLI,Anwa,Normal/Others,WS/MP150/2023-2024/14580 - Development of public parks,DISTRICT COLLECTOR TONK_IDA,2023-08-31,Approved by IDA,700000,Unsanctioned
MPLADS-048768,SHRI Kirodi Lal,Rajya Sabha,Rajasthan,Sitting Rajya Sabha,Mahwa,panchayat samiti mahwa,,,Normal/Others,"WS/MP150/2023-2024/14575 - Purchase of prosthetics, wheel chairs, tricycles (manual or motorized), elect scooties, hearing aids",DISTRICT COLLECTOR DAUSA_IDA,2023-08-31,Approved by IDA,2250000,Completed
MPLADS-048769,SHRI Kirodi Lal,Rajya Sabha,Rajasthan,Sitting Rajya Sabha,,,MAHWA,Kherla Gadali,Normal/Others,"NA - Construction of roads, approach roads, link roads and pathways",DISTRICT COLLECTOR DAUSA_IDA,2023-08-31,Action Pending,500000,Unsanctioned
MPLADS-048770,SHRI Kirodi Lal,Rajya Sabha,Rajasthan,Sitting Rajya Sabha,,,MAHWA,Kherla Gadali,Normal/Others,"NA - Construction of roads, approach roads, link roads and pathways",DISTRICT COLLECTOR DAUSA_IDA,2023-08-31,Action Pending,500000,Unsanctioned
MPLADS-048771,SHRI Kirodi Lal,Rajya Sabha,Rajasthan,Sitting Rajya Sabha,,,VIRATNAGAR,Badodiya,Normal/Others,WS/MP150/2023-2024/14570 - Construction of rooms and halls in school and colleges,DISTRICT COLLECTOR JAIPUR_IDA,2023-08-31,Approved by IDA,700000,Unsanctioned
MPLADS-048772,SHRI Kirodi Lal,Rajya Sabha,Rajasthan,Sitting Rajya Sabha,Bari,nagar road bari,,,Normal/Others,WS/MP150/2023-2024/14568 - Construction of buildings for community cultural activities,DISTRICT COLLECTOR DHOLPUR_IDA,2023-08-31,Approved by IDA,2500000,Sanctioned
MPLADS-048775,Shri PP Chaudhary ,Lok Sabha,Rajasthan,PALI,,,OSIAN,Thob,Normal/Others,NA - Purchase of furniture and fixtures for educational purposes,DISTRICT COLLECTOR JODHPUR_IDA,2023-08-31,Action Pending,500000,Unsanctioned
MPLADS-048777,Shri PP Chaudhary ,Lok Sabha,Rajasthan,PALI,,,TINWARI,Balarwa,Normal/Others,NA - Purchase of furniture and fixtures for educational purposes,DISTRICT COLLECTOR JODHPUR_IDA,2023-08-31,Action Pending,500000,Unsanctioned
MPLADS-048778,Shri PP Chaudhary ,Lok Sabha,Rajasthan,PALI,,,BHOPALGARH,Dhandhora,Normal/Others,NA - Purchase of furniture and fixtures for educational purposes,DISTRICT COLLECTOR JODHPUR_IDA,2023-08-31,Action Pending,500000,Unsanctioned
MPLADS-048779,Shri PP Chaudhary ,Lok Sabha,Rajasthan,PALI,,,BHOPALGARH,Artiya Khurd,Normal/Others,WS/MP389/2023-2024/14538 - Construction of rooms and halls in school and colleges,DISTRICT COLLECTOR JODHPUR_IDA,2023-08-31,Approved by IDA,500000,Sanctioned
MPLADS-048780,Shri PP Chaudhary ,Lok Sabha,Rajasthan,PALI,,,OSIAN,Panditji Ki Dhani,Normal/Others,NA - Construction of buildings for community cultural activities,DISTRICT COLLECTOR JODHPUR_IDA,2023-08-31,Action Pending,500000,Unsanctioned
MPLADS-048781,Shri PP Chaudhary ,Lok Sabha,Rajasthan,PALI,,,OSIAN,Dabri,Normal/Others,WS/MP389/2023-2024/14544 - Construction of buildings for community cultural activities,DISTRICT COLLECTOR JODHPUR_IDA,2023-08-31,Approved by IDA,500000,Sanctioned
MPLADS-048782,Shri PP Chaudhary ,Lok Sabha,Rajasthan,PALI,,,OSIAN,Kharda Mewasa,Normal/Others,NA - Purchase of furniture and fixtures for educational purposes,DISTRICT COLLECTOR JODHPUR_IDA,2023-08-31,Action Pending,500000,Unsanctioned
MPLADS-048783,Shri PP Chaudhary ,Lok Sabha,Rajasthan,PALI,,,TINWARI,Ummednagar,Normal/Others,WS/MP389/2023-2024/14569 - Purchase of furniture and fixtures for educational purposes,DISTRICT COLLECTOR JODHPUR_IDA,2023-08-31,Approved by IDA,500000,Unsanctioned
MPLADS-048784,Shri PP Chaudhary ,Lok Sabha,Rajasthan,PALI,,,TINWARI,Rampura Bhatiya,Normal/Others,NA - Purchase of furniture and fixtures for educational purposes,DISTRICT COLLECTOR JODHPUR_IDA,2023-08-31,Action Pending,500000,Unsanctioned
MPLADS-048785,Shri PP Chaudhary ,Lok Sabha,Rajasthan,PALI,,,PEEPAD SAHAR,Boyal,Normal/Others,WS/MP389/2023-2024/14577 - Purchase of furniture and fixtures for educational purposes,DISTRICT COLLECTOR JODHPUR_IDA,2023-08-31,Approved by IDA,500000,Unsanctioned
MPLADS-048786,Shri PP Chaudhary ,Lok Sabha,Rajasthan,PALI,,,OSIAN,Baithwasiya,Normal/Others,NA - Purchase of furniture and fixtures for educational purposes,DISTRICT COLLECTOR JODHPUR_IDA,2023-08-31,Action Pending,500000,Unsanctioned
MPLADS-048787,Shri PP Chaudhary ,Lok Sabha,Rajasthan,PALI,,,PEEPAD SAHAR,Ramrawas Kalan,Normal/Others,NA - Construction of buildings for community cultural activities,DISTRICT COLLECTOR JODHPUR_IDA,2023-08-31,Action Pending,1000000,Unsanctioned
MPLADS-048788,Shri PP Chaudhary ,Lok Sabha,Rajasthan,PALI,,,PEEPAD SAHAR,Khangata,Normal/Others,NA - Development of playground,DISTRICT COLLECTOR JODHPUR_IDA,2023-08-31,Action Pending,1000000,Unsanctioned
MPLADS-048789,Shri PP Chaudhary ,Lok Sabha,Rajasthan,PALI,,,BAWADI,Bucheti,Normal/Others,NA - Purchase of furniture and fixtures for educational purposes,DISTRICT COLLECTOR JODHPUR_IDA,2023-08-31,Action Pending,500000,Unsanctioned
MPLADS-048790,Shri PP Chaudhary ,Lok Sabha,Rajasthan,PALI,,,BILARA,Khariya Meethapur,Normal/Others,NA - Purchase of furniture and fixtures for educational purposes,DISTRICT COLLECTOR JODHPUR_IDA,2023-08-31,Action Pending,700000,Unsanctioned
MPLADS-048791,Shri PP Chaudhary ,Lok Sabha,Rajasthan,PALI,,,BILARA,Kalauna,Normal/Others,NA - Purchase of furniture and fixtures for educational purposes,DISTRICT COLLECTOR JODHPUR_IDA,2023-08-31,Action Pending,500000,Unsanctioned
MPLADS-048792,Shri PP Chaudhary ,Lok Sabha,Rajasthan,PALI,,,BHOPALGARH,Kheri Salwa,Normal/Others,NA - Construction of rooms and halls in school and colleges,DISTRICT COLLECTOR JODHPUR_IDA,2023-08-31,Action Pending,500000,Unsanctioned
MPLADS-048793,Shri PP Chaudhary ,Lok Sabha,Rajasthan,PALI,,,PEEPAD SAHAR,Nanan,Normal/Others,WS/MP389/2023-2024/14613 - Purchase of furniture and fixtures for educational purposes,DISTRICT COLLECTOR JODHPUR_IDA,2023-08-31,Approved by IDA,500000,Unsanctioned
MPLADS-048795,Shri PP Chaudhary ,Lok Sabha,Rajasthan,PALI,,,PEEPAD SAHAR,Ghodawat,Normal/Others,NA - Purchase of furniture and fixtures for educational purposes,DISTRICT COLLECTOR JODHPUR_IDA,2023-08-31,Action Pending,500000,Unsanctioned
MPLADS-048843,Smt Jaskaur Meena ,Lok Sabha,Rajasthan,DAUSA(ST),,,MADHORAJPURA,Madhorajpura,Normal/Others,NA - Construction of boundary walls of existing public and community buildings,DISTRICT COLLECTOR JAIPUR_IDA,2023-08-30,Action Pending,600000,Unsanctioned
MPLADS-048844,Smt Jaskaur Meena ,Lok Sabha,Rajasthan,DAUSA(ST),,,MADHORAJPURA,Ajnota,Normal/Others,NA - Crematoriums or structures on burial/ cremation ground for public convenience,DISTRICT COLLECTOR JAIPUR_IDA,2023-08-30,Action Pending,200000,Unsanctioned
MPLADS-048845,Smt Jaskaur Meena ,Lok Sabha,Rajasthan,DAUSA(ST),,,MADHORAJPURA,Dabich Goojaran,Normal/Others,NA - Construction of community centers and community halls,DISTRICT COLLECTOR JAIPUR_IDA,2023-08-30,Action Pending,400000,Unsanctioned
MPLADS-048846,Smt Jaskaur Meena ,Lok Sabha,Rajasthan,DAUSA(ST),,,MADHORAJPURA,Chandawas,Normal/Others,NA - Construction of rooms and halls in school and colleges,DISTRICT COLLECTOR JAIPUR_IDA,2023-08-30,Action Pending,800000,Unsanctioned
MPLADS-048847,Smt Jaskaur Meena ,Lok Sabha,Rajasthan,DAUSA(ST),,,MADHORAJPURA,Peepla,Normal/Others,NA - Construction of community centers and community halls,DISTRICT COLLECTOR JAIPUR_IDA,2023-08-30,Action Pending,500000,Unsanctioned
MPLADS-048848,Smt Jaskaur Meena ,Lok Sabha,Rajasthan,DAUSA(ST),,,MADHORAJPURA,Jhadla,Normal/Others,NA - Construction of community centers and community halls,DISTRICT COLLECTOR JAIPUR_IDA,2023-08-30,Action Pending,500000,Unsanctioned
MPLADS-048849,Smt Jaskaur Meena ,Lok Sabha,Rajasthan,DAUSA(ST),,,MADHORAJPURA,Chandama Kalan,Normal/Others,NA - Construction of rooms and halls in school and colleges,DISTRICT COLLECTOR JAIPUR_IDA,2023-08-30,Action Pending,500000,Unsanctioned
MPLADS-048850,Smt Jaskaur Meena ,Lok Sabha,Rajasthan,DAUSA(ST),,,MADHORAJPURA,Dosra,Normal/Others,NA - Construction of rooms and halls in school and colleges,DISTRICT COLLECTOR JAIPUR_IDA,2023-08-30,Action Pending,500000,Unsanctioned
MPLADS-048851,Smt Jaskaur Meena ,Lok Sabha,Rajasthan,DAUSA(ST),,,MADHORAJPURA,Khera Hanumanji,Normal/Others,NA - Crematoriums or structures on burial/ cremation ground for public convenience,DISTRICT COLLECTOR JAIPUR_IDA,2023-08-30,Action Pending,200000,Unsanctioned
MPLADS-048852,Smt Jaskaur Meena ,Lok Sabha,Rajasthan,DAUSA(ST),,,MADHORAJPURA,Madhorajpura,Normal/Others,NA - Construction of community centers and community halls,DISTRICT COLLECTOR JAIPUR_IDA,2023-08-30,Action Pending,500000,Unsanctioned
MPLADS-048853,Smt Jaskaur Meena ,Lok Sabha,Rajasthan,DAUSA(ST),,,MADHORAJPURA,Pahariya,Normal/Others,NA - Construction of community centers and community halls,DISTRICT COLLECTOR JAIPUR_IDA,2023-08-30,Action Pending,500000,Unsanctioned
MPLADS-048854,Smt Jaskaur Meena ,Lok Sabha,Rajasthan,DAUSA(ST),,,MADHORAJPURA,Mohanpura Prathvisingh,Normal/Others,NA - Construction of rooms and halls in school and colleges,DISTRICT COLLECTOR JAIPUR_IDA,2023-08-30,Action Pending,500000,Unsanctioned
MPLADS-048855,Smt Jaskaur Meena ,Lok Sabha,Rajasthan,DAUSA(ST),,,MADHORAJPURA,Renwal Manji,Normal/Others,NA - Renovation of ponds and lakes,DISTRICT COLLECTOR JAIPUR_IDA,2023-08-30,Action Pending,400000,Unsanctioned
MPLADS-048856,Smt Jaskaur Meena ,Lok Sabha,Rajasthan,DAUSA(ST),,,MADHORAJPURA,Chittora,Normal/Others,NA - Construction of public libraries and reading rooms,DISTRICT COLLECTOR JAIPUR_IDA,2023-08-30,Action Pending,500000,Unsanctioned
MPLADS-048857,Smt Jaskaur Meena ,Lok Sabha,Rajasthan,DAUSA(ST),,,MADHORAJPURA,Renwal Manji,Normal/Others,NA - Construction of rooms and halls in school and colleges,DISTRICT COLLECTOR JAIPUR_IDA,2023-08-30,Action Pending,500000,Unsanctioned
MPLADS-048863,Smt Jaskaur Meena ,Lok Sabha,Rajasthan,DAUSA(ST),,,MADHORAJPURA,Muratpura,Normal/Others,NA - Construction of community centers and community halls,DISTRICT COLLECTOR JAIPUR_IDA,2023-08-30,Action Pending,500000,Unsanctioned
MPLADS-048864,Smt Jaskaur Meena ,Lok Sabha,Rajasthan,DAUSA(ST),,,MADHORAJPURA,Chandama Kalan,Normal/Others,NA - Construction of community centers and community halls,DISTRICT COLLECTOR JAIPUR_IDA,2023-08-30,Action Pending,500000,Unsanctioned
MPLADS-048866,Smt Jaskaur Meena ,Lok Sabha,Rajasthan,DAUSA(ST),,,MADHORAJPURA,Gopalpura,Normal/Others,NA - Construction of community centers and community halls,DISTRICT COLLECTOR JAIPUR_IDA,2023-08-30,Action Pending,500000,Unsanctioned
MPLADS-048879,Smt Jaskaur Meena ,Lok Sabha,Rajasthan,DAUSA(ST),,,MADHORAJPURA,Heerapura,Normal/Others,NA - Construction of community centers and community halls,DISTRICT COLLECTOR JAIPUR_IDA,2023-08-30,Action Pending,700000,Unsanctioned
MPLADS-048883,Smt Jaskaur Meena ,Lok Sabha,Rajasthan,DAUSA(ST),,,MADHORAJPURA,Mohabbat Pura,Normal/Others,NA - Construction of community centers and community halls,DISTRICT COLLECTOR JAIPUR_IDA,2023-08-30,Action Pending,400000,Unsanctioned
MPLADS-048884,Smt Jaskaur Meena ,Lok Sabha,Rajasthan,DAUSA(ST),,,MADHORAJPURA,Renwal Manji,Normal/Others,NA - Construction of boundary walls of existing public and community buildings,DISTRICT COLLECTOR JAIPUR_IDA,2023-08-30,Action Pending,1000000,Unsanctioned
MPLADS-048885,Smt Jaskaur Meena ,Lok Sabha,Rajasthan,DAUSA(ST),,,MADHORAJPURA,Gopal Nagar,Normal/Others,NA - Construction of community centers and community halls,DISTRICT COLLECTOR JAIPUR_IDA,2023-08-30,Action Pending,400000,Unsanctioned
MPLADS-049177,Shri PP Chaudhary ,Lok Sabha,Rajasthan,PALI,,,BHOPALGARH,Jhalamaliya,Normal/Others,WS/MP389/2023-2024/14254 - Purchase of furniture and fixtures for educational purposes,DISTRICT COLLECTOR JODHPUR_IDA,2023-08-29,Approved by IDA,500000,Sanctioned
MPLADS-049178,Shri PP Chaudhary ,Lok Sabha,Rajasthan,PALI,,,BAWADI,Puniyon Ki Basni,Normal/Others,NA - Purchase of furniture and fixtures for educational purposes,DISTRICT COLLECTOR JODHPUR_IDA,2023-08-29,Action Pending,500000,Unsanctioned
MPLADS-049179,Shri PP Chaudhary ,Lok Sabha,Rajasthan,PALI,,,BILARA,Beejasani,Normal/Others,NA - Purchase of furniture and fixtures for educational purposes,DISTRICT COLLECTOR JODHPUR_IDA,2023-08-29,Action Pending,500000,Unsanctioned
MPLADS-049180,Shri PP Chaudhary ,Lok Sabha,Rajasthan,PALI,,,BILARA,Hungaon Kalan,Normal/Others,WS/MP389/2023-2024/14233 - Purchase of furniture and fixtures for educational purposes,DISTRICT COLLECTOR JODHPUR_IDA,2023-08-29,Approved by IDA,500000,Unsanctioned
MPLADS-049181,Shri PP Chaudhary ,Lok Sabha,Rajasthan,PALI,,,TINWARI,Rajasani,Normal/Others,NA - Purchase of furniture and fixtures for educational purposes,DISTRICT COLLECTOR JODHPUR_IDA,2023-08-29,Action Pending,500000,Unsanctioned
MPLADS-049182,Shri PP Chaudhary ,Lok Sabha,Rajasthan,PALI,,,TINWARI,Bhukero Ki Dhani,Normal/Others,NA - Construction of rooms and halls in school and colleges,DISTRICT COLLECTOR JODHPUR_IDA,2023-08-29,Action Pending,500000,Unsanctioned
MPLADS-049183,Shri PP Chaudhary ,Lok Sabha,Rajasthan,PALI,,,OSIAN,Osian,Normal/Others,NA - Construction of buildings for community cultural activities,DISTRICT COLLECTOR JODHPUR_IDA,2023-08-29,Action Pending,1100000,Unsanctioned
MPLADS-049184,Shri PP Chaudhary ,Lok Sabha,Rajasthan,PALI,,,BILARA,Ramasani,Normal/Others,NA - Purchase of furniture and fixtures for educational purposes,DISTRICT COLLECTOR JODHPUR_IDA,2023-08-29,Action Pending,500000,Unsanctioned
MPLADS-049185,Shri PP Chaudhary ,Lok Sabha,Rajasthan,PALI,,,BAWADI,Lawera Kalan,Normal/Others,WS/MP389/2023-2024/14145 - Purchase of furniture and fixtures for educational purposes,DISTRICT COLLECTOR JODHPUR_IDA,2023-08-29,Approved by IDA,500000,Unsanctioned
MPLADS-049186,Shri PP Chaudhary ,Lok Sabha,Rajasthan,PALI,,,BILARA,Jetiwas,Normal/Others,NA - Purchase of furniture and fixtures for educational purposes,DISTRICT COLLECTOR JODHPUR_IDA,2023-08-29,Action Pending,700000,Unsanctioned
MPLADS-049187,Shri PP Chaudhary ,Lok Sabha,Rajasthan,PALI,,,MANDOR,Lordi-Pandit Ji,Normal/Others,NA - Purchase of furniture and fixtures for educational purposes,DISTRICT COLLECTOR JODHPUR_IDA,2023-08-29,Action Pending,700000,Unsanctioned
MPLADS-049193,Shri PP Chaudhary ,Lok Sabha,Rajasthan,PALI,,,MANDOR,Soder Ki Dhani,Normal/Others,NA - Purchase of furniture and fixtures for educational purposes,DISTRICT COLLECTOR JODHPUR_IDA,2023-08-29,Action Pending,500000,Unsanctioned
MPLADS-049196,Smt Jaskaur Meena ,Lok Sabha,Rajasthan,DAUSA(ST),,,LALSOT,Khemawas,Normal/Others,WS/MP387/2023-2024/13787 - Installing community drinking water plants,DISTRICT COLLECTOR DAUSA_IDA,2023-08-28,Approved by IDA,137500,Sanctioned
MPLADS-049200,Smt Jaskaur Meena ,Lok Sabha,Rajasthan,DAUSA(ST),,,RAMGARH PACHWARA,Beechha,Normal/Others,NA - Installing hand pumps,DISTRICT COLLECTOR DAUSA_IDA,2023-08-28,Action Pending,35000,Unsanctioned
MPLADS-049204,Smt Jaskaur Meena ,Lok Sabha,Rajasthan,DAUSA(ST),,,DAUSA,Bishanpura,Normal/Others,NA - Construction of rooms and halls in school and colleges,DISTRICT COLLECTOR DAUSA_IDA,2023-08-28,Action Pending,136250,Unsanctioned
MPLADS-049205,Smt Jaskaur Meena ,Lok Sabha,Rajasthan,DAUSA(ST),MANDAWARI,Ramwatar Meena ke Makan ke pass,,,Normal/Others,NA - Installing tube-wells and borewells,DISTRICT COLLECTOR DAUSA_IDA,2023-08-28,Action Pending,45750,Unsanctioned
MPLADS-049207,Smt Jaskaur Meena ,Lok Sabha,Rajasthan,DAUSA(ST),,,NANGAL RAJAWATAN,Manpuria,Normal/Others,NA - Construction of boundary walls of existing public and community buildings,DISTRICT COLLECTOR DAUSA_IDA,2023-08-28,Action Pending,125000,Unsanctioned
MPLADS-049208,Smt Jaskaur Meena ,Lok Sabha,Rajasthan,DAUSA(ST),,,NANGAL RAJAWATAN,Bagpura,Normal/Others,NA - Installing hand pumps,DISTRICT COLLECTOR DAUSA_IDA,2023-08-28,Action Pending,41500,Unsanctioned
MPLADS-049226,Smt Jaskaur Meena ,Lok Sabha,Rajasthan,DAUSA(ST),MANDAWARI,Ramwatar Meena ke Makan ke pass,,,Normal/Others,WS/MP387/2023-2024/13788 - Installing community drinking water plants,DISTRICT COLLECTOR DAUSA_IDA,2023-08-28,Approved by IDA,137500,Sanctioned
MPLADS-049228,Smt Jaskaur Meena ,Lok Sabha,Rajasthan,DAUSA(ST),,,RAMGARH PACHWARA,Godawas,Normal/Others,WS/MP387/2023-2024/13789 - Installing community drinking water plants,DISTRICT COLLECTOR DAUSA_IDA,2023-08-28,Approved by IDA,137500,Sanctioned
MPLADS-049229,Smt Jaskaur Meena ,Lok Sabha,Rajasthan,DAUSA(ST),,,SIKRAI,Manpur,Normal/Others,WS/MP387/2023-2024/13790 - Installing community drinking water plants,DISTRICT COLLECTOR DAUSA_IDA,2023-08-28,Approved by IDA,137500,Ongoing
MPLADS-049230,Smt Jaskaur Meena ,Lok Sabha,Rajasthan,DAUSA(ST),,,LALSOT,Deoli,Normal/Others,NA - Construction of community centers and community halls,DISTRICT COLLECTOR DAUSA_IDA,2023-08-28,Action Pending,125000,Unsanctioned
MPLADS-049231,Smt Jaskaur Meena ,Lok Sabha,Rajasthan,DAUSA(ST),,,NANGAL RAJAWATAN,Hapawas,Normal/Others,NA - Construction of rooms and halls in school and colleges,DISTRICT COLLECTOR DAUSA_IDA,2023-08-28,Action Pending,250000,Unsanctioned
MPLADS-049247,Smt Jaskaur Meena ,Lok Sabha,Rajasthan,DAUSA(ST),,,BAIJUPADA,Pundarpara,Normal/Others,WS/MP387/2023-2024/13794 - Construction of public libraries and reading rooms,DISTRICT COLLECTOR DAUSA_IDA,2023-08-28,Approved by IDA,250000,Unsanctioned
MPLADS-049255,Smt Jaskaur Meena ,Lok Sabha,Rajasthan,DAUSA(ST),,,NANGAL RAJAWATAN,Malawas,Normal/Others,NA - Construction of rooms and halls in school and colleges,DISTRICT COLLECTOR DAUSA_IDA,2023-08-28,Action Pending,168750,Unsanctioned
MPLADS-049256,Smt Jaskaur Meena ,Lok Sabha,Rajasthan,DAUSA(ST),,,NANGAL RAJAWATAN,Churiyawas,Normal/Others,WS/MP387/2023-2024/13804 - Installing community drinking water plants,DISTRICT COLLECTOR DAUSA_IDA,2023-08-28,Approved by IDA,137500,Sanctioned
MPLADS-049257,Smt Jaskaur Meena ,Lok Sabha,Rajasthan,DAUSA(ST),,,MAHWA,Thekra,Normal/Others,"NA - Construction of roads, approach roads, link roads and pathways",DISTRICT COLLECTOR DAUSA_IDA,2023-08-28,Action Pending,250000,Unsanctioned
MPLADS-049258,Smt Jaskaur Meena ,Lok Sabha,Rajasthan,DAUSA(ST),,,BANDIKUI,Sodala,Normal/Others,"NA - Construction of roads, approach roads, link roads and pathways",DISTRICT COLLECTOR DAUSA_IDA,2023-08-28,Action Pending,125000,Unsanctioned
MPLADS-049289,Smt Jaskaur Meena ,Lok Sabha,Rajasthan,DAUSA(ST),,,BAIJUPADA,Meenapara,Normal/Others,NA - Construction of rooms and halls in school and colleges,DISTRICT COLLECTOR DAUSA_IDA,2023-08-28,Action Pending,125000,Unsanctioned
MPLADS-049290,Smt Jaskaur Meena ,Lok Sabha,Rajasthan,DAUSA(ST),,,SIKANDARA,Mohchingpura,Normal/Others,"NA - Construction of roads, approach roads, link roads and pathways",DISTRICT COLLECTOR DAUSA_IDA,2023-08-28,Action Pending,200000,Unsanctioned
MPLADS-049291,Smt Jaskaur Meena ,Lok Sabha,Rajasthan,DAUSA(ST),,,SIKANDARA,Mohchingpura,Normal/Others,NA - Installing tube-wells and borewells,DISTRICT COLLECTOR DAUSA_IDA,2023-08-28,Action Pending,125000,Unsanctioned
MPLADS-049292,Smt Jaskaur Meena ,Lok Sabha,Rajasthan,DAUSA(ST),Dausa,Jila Karagah Dausa,,,Normal/Others,NA - Installing tube-wells and borewells,DISTRICT COLLECTOR DAUSA_IDA,2023-08-28,Action Pending,100000,Unsanctioned
MPLADS-049293,Smt Jaskaur Meena ,Lok Sabha,Rajasthan,DAUSA(ST),,,BANDIKUI,Anantwara,Normal/Others,NA - Construction of rooms and halls in school and colleges,DISTRICT COLLECTOR DAUSA_IDA,2023-08-28,Action Pending,125000,Unsanctioned
MPLADS-049294,Smt Jaskaur Meena ,Lok Sabha,Rajasthan,DAUSA(ST),,,SIKANDARA,Garh,Normal/Others,NA - Installing tube-wells and borewells,DISTRICT COLLECTOR DAUSA_IDA,2023-08-28,Action Pending,31750,Unsanctioned
MPLADS-049295,Smt Jaskaur Meena ,Lok Sabha,Rajasthan,DAUSA(ST),,,SIKRAI,Nandri,Normal/Others,WS/MP387/2023-2024/13802 - Construction of boundary walls of existing public and community buildings,DISTRICT COLLECTOR DAUSA_IDA,2023-08-28,Approved by IDA,200000,Sanctioned
MPLADS-049296,Smt Jaskaur Meena ,Lok Sabha,Rajasthan,DAUSA(ST),,,NANGAL RAJAWATAN,Baijwari,Normal/Others,WS/MP387/2023-2024/13803 - Installing community drinking water plants,DISTRICT COLLECTOR DAUSA_IDA,2023-08-28,Approved by IDA,137500,Sanctioned
MPLADS-049297,Smt Jaskaur Meena ,Lok Sabha,Rajasthan,DAUSA(ST),,,LAWAN,Jirota Khurd,Normal/Others,NA - Installing community drinking water plants,DISTRICT COLLECTOR DAUSA_IDA,2023-08-28,Action Pending,137500,Unsanctioned
MPLADS-049298,Smt Jaskaur Meena ,Lok Sabha,Rajasthan,DAUSA(ST),,,DAUSA,Kundal,Normal/Others,NA - Construction of rooms and halls in school and colleges,DISTRICT COLLECTOR DAUSA_IDA,2023-08-28,Action Pending,250000,Unsanctioned
MPLADS-049299,Smt Jaskaur Meena ,Lok Sabha,Rajasthan,DAUSA(ST),,,NANGAL RAJAWATAN,Nangal Rajawatan,Normal/Others,"NA - Purchase of smart boards, visual display units and projectors",DISTRICT COLLECTOR DAUSA_IDA,2023-08-28,Action Pending,23687,Unsanctioned
MPLADS-049300,Smt Jaskaur Meena ,Lok Sabha,Rajasthan,DAUSA(ST),Dausa,ward No. 20 kabristan,,,Normal/Others,NA - Installing tube-wells and borewells,DISTRICT COLLECTOR DAUSA_IDA,2023-08-28,Action Pending,26500,Unsanctioned
MPLADS-049301,Smt Jaskaur Meena ,Lok Sabha,Rajasthan,DAUSA(ST),Dausa,Dausa (M) - Ward No.20,,,Normal/Others,NA - Construction of boundary walls of existing public and community buildings,DISTRICT COLLECTOR DAUSA_IDA,2023-08-28,Action Pending,54657,Unsanctioned
MPLADS-049302,Smt Jaskaur Meena ,Lok Sabha,Rajasthan,DAUSA(ST),,,RAMGARH PACHWARA,Godawas,Normal/Others,NA - Installing tube-wells and borewells,DISTRICT COLLECTOR DAUSA_IDA,2023-08-28,Action Pending,25000,Unsanctioned
MPLADS-049304,Smt Jaskaur Meena ,Lok Sabha,Rajasthan,DAUSA(ST),,,RAMGARH PACHWARA,Manpura,Normal/Others,NA - Installing hand pumps,DISTRICT COLLECTOR DAUSA_IDA,2023-08-28,Action Pending,30000,Unsanctioned
MPLADS-049305,Rahul Kaswan,Lok Sabha,Rajasthan,CHURU,,,NOHAR,11 BARANI,Normal/Others,NA - Construction of rooms and halls in school and colleges,DISTRICT COLLECTOR HANUMANGARH_IDA,2023-08-28,Action Pending,1600000,Unsanctioned
MPLADS-049306,Rahul Kaswan,Lok Sabha,Rajasthan,CHURU,,,NOHAR,7 BARANI,Normal/Others,WS/MP728/2023-2024/13849 - Construction of shelters for animals,DISTRICT COLLECTOR HANUMANGARH_IDA,2023-08-28,Approved by IDA,1500000,Unsanctioned
MPLADS-049307,Rahul Kaswan,Lok Sabha,Rajasthan,CHURU,,,BHADRA,5 AMS,Normal/Others,NA - Construction of shelters for animals,DISTRICT COLLECTOR HANUMANGARH_IDA,2023-08-28,Action Pending,500000,Unsanctioned
MPLADS-049399,Smt Jaskaur Meena ,Lok Sabha,Rajasthan,DAUSA(ST),,,NANGAL RAJAWATAN,Bagpura,Normal/Others,NA - Installing hand pumps,DISTRICT COLLECTOR DAUSA_IDA,2023-08-28,Action Pending,41500,Unsanctioned
MPLADS-049470,Rahul Kaswan,Lok Sabha,Rajasthan,CHURU,Sujangarh,00,,,Normal/Others,NA - Improvement of electricity distribution infrastructure,DISTRICT COLLECTOR CHURU_IDA,2023-08-27,Action Pending,350000,Unsanctioned
MPLADS-049479,Smt Ranjeeta Koli,Lok Sabha,Rajasthan,BHARATPUR(SC),,,KATHUMAR,Tasai,Normal/Others,NA - Crematoriums or structures on burial/ cremation ground for public convenience,DISTRICT COLLECTOR ALWAR_IDA,2023-08-26,Action Pending,500000,Unsanctioned
MPLADS-049480,Smt Ranjeeta Koli,Lok Sabha,Rajasthan,BHARATPUR(SC),,,KATHUMAR,Bhanokhar,Normal/Others,NA - Construction of community centers and community halls,DISTRICT COLLECTOR ALWAR_IDA,2023-08-26,Action Pending,800000,Unsanctioned
MPLADS-049481,Smt Ranjeeta Koli,Lok Sabha,Rajasthan,BHARATPUR(SC),,,KATHUMAR,Samoochi,Normal/Others,NA - Crematoriums or structures on burial/ cremation ground for public convenience,DISTRICT COLLECTOR ALWAR_IDA,2023-08-26,Action Pending,500000,Unsanctioned
MPLADS-049482,Smt Ranjeeta Koli,Lok Sabha,Rajasthan,BHARATPUR(SC),,,KATHUMAR,Nahar Khohra,Normal/Others,NA - Construction of rooms and halls in school and colleges,DISTRICT COLLECTOR ALWAR_IDA,2023-08-26,Action Pending,800000,Unsanctioned
MPLADS-049483,Smt Ranjeeta Koli,Lok Sabha,Rajasthan,BHARATPUR(SC),,,SEWAR,Jatoli Rathman,Normal/Others,NA - Crematoriums or structures on burial/ cremation ground for public convenience,DISTRICT COLLECTOR BHARATPUR_IDA,2023-08-26,Action Pending,700000,Unsanctioned
MPLADS-049486,Smt Ranjeeta Koli,Lok Sabha,Rajasthan,BHARATPUR(SC),,,NADBAI,Paharsar,Normal/Others,NA - Installing hand pumps,DISTRICT COLLECTOR BHARATPUR_IDA,2023-08-26,Action Pending,135000,Unsanctioned
MPLADS-049487,Smt Ranjeeta Koli,Lok Sabha,Rajasthan,BHARATPUR(SC),,,KATHUMAR,Nahar Khohra,Normal/Others,NA - Crematoriums or structures on burial/ cremation ground for public convenience,DISTRICT COLLECTOR ALWAR_IDA,2023-08-26,Action Pending,200000,Unsanctioned
MPLADS-049489,Smt Ranjeeta Koli,Lok Sabha,Rajasthan,BHARATPUR(SC),,,KATHUMAR,Dantiya,Normal/Others,NA - Crematoriums or structures on burial/ cremation ground for public convenience,DISTRICT COLLECTOR ALWAR_IDA,2023-08-26,Action Pending,500000,Unsanctioned
MPLADS-049490,Smt Ranjeeta Koli,Lok Sabha,Rajasthan,BHARATPUR(SC),,,SEWAR,Madarpur,Normal/Others,NA - Crematoriums or structures on burial/ cremation ground for public convenience,DISTRICT COLLECTOR BHARATPUR_IDA,2023-08-26,Action Pending,700000,Unsanctioned
MPLADS-049492,Smt Ranjeeta Koli,Lok Sabha,Rajasthan,BHARATPUR(SC),,,RUPBAS,Marauli,Normal/Others,NA - Crematoriums or structures on burial/ cremation ground for public convenience,DISTRICT COLLECTOR BHARATPUR_IDA,2023-08-26,Action Pending,300000,Unsanctioned
MPLADS-049493,Smt Ranjeeta Koli,Lok Sabha,Rajasthan,BHARATPUR(SC),,,DEEG,Pasopa,Normal/Others,NA - Construction of community centers and community halls,DISTRICT COLLECTOR BHARATPUR_IDA,2023-08-26,Action Pending,500000,Unsanctioned
MPLADS-049494,Kailash Choudhary,Lok Sabha,Rajasthan,BARMER,,,GADRA ROAD,Gadraroad,Normal/Others,WS/MP733/2023-2024/13252 - Construction of public libraries and reading rooms,DISTRICT COLLECTOR BARMER_IDA,2023-08-26,Approved by IDA,2000000,Sanctioned
MPLADS-049495,Kailash Choudhary,Lok Sabha,Rajasthan,BARMER,,,SIWANA,Kuseep,Normal/Others,WS/MP733/2023-2024/13253 - Construction of public libraries and reading rooms,DISTRICT COLLECTOR BARMER_IDA,2023-08-26,Approved by IDA,700000,Unsanctioned
MPLADS-049496,Kailash Choudhary,Lok Sabha,Rajasthan,BARMER,,,BAYTOO,Khothon Ki Dhani,Normal/Others,WS/MP733/2023-2024/13254 - Construction of common work sheds/ common covered sitting area,DISTRICT COLLECTOR BARMER_IDA,2023-08-26,Approved by IDA,500000,Unsanctioned
MPLADS-049497,Kailash Choudhary,Lok Sabha,Rajasthan,BARMER,,,SAMDARI,Rakhi,Normal/Others,WS/MP733/2023-2024/13255 - Common work sheds for artisans,DISTRICT COLLECTOR BARMER_IDA,2023-08-26,Approved by IDA,500000,Unsanctioned
MPLADS-049498,Kailash Choudhary,Lok Sabha,Rajasthan,BARMER,,,SINDHARI,Sindari Charnan,Normal/Others,WS/MP733/2023-2024/13300 - Construction of public libraries and reading rooms,DISTRICT COLLECTOR BARMER_IDA,2023-08-26,Approved by IDA,500000,Unsanctioned
MPLADS-049500,Kailash Choudhary,Lok Sabha,Rajasthan,BARMER,,,SINDHARI,Sindari Charnan,Normal/Others,WS/MP733/2023-2024/13302 - Purchase of sports equipment,DISTRICT COLLECTOR BARMER_IDA,2023-08-26,Approved by IDA,300000,Unsanctioned
MPLADS-049501,Kailash Choudhary,Lok Sabha,Rajasthan,BARMER,,,BALTORA,Budiwara,Normal/Others,WS/MP733/2023-2024/13303 - Construction of public libraries and reading rooms,DISTRICT COLLECTOR BARMER_IDA,2023-08-26,Approved by IDA,1000000,Sanctioned
MPLADS-049502,Kailash Choudhary,Lok Sabha,Rajasthan,BARMER,,,BAYTOO,Lilala,Normal/Others,NA - Construction of public libraries and reading rooms,DISTRICT COLLECTOR BARMER_IDA,2023-08-26,Rejected by IDA,500000,Unsanctioned
MPLADS-049503,Kailash Choudhary,Lok Sabha,Rajasthan,BARMER,Siwana,11,,,Normal/Others,WS/MP733/2023-2024/13306 - Construction of public libraries and reading rooms,DISTRICT COLLECTOR BARMER_IDA,2023-08-26,Approved by IDA,1000000,Unsanctioned
MPLADS-049504,Kailash Choudhary,Lok Sabha,Rajasthan,BARMER,,,BAYTOO,Narsali Nadi,Normal/Others,WS/MP733/2023-2024/13307 - Construction of public libraries and reading rooms,DISTRICT COLLECTOR BARMER_IDA,2023-08-26,Approved by IDA,1000000,Unsanctioned
MPLADS-049505,Nihal Chand Chauhan,Lok Sabha,Rajasthan,GANGANAGAR(SC),,,RAWATSAR,6 SPD-A,Normal/Others,NA - Construction of boundary walls of existing public and community buildings,DISTRICT COLLECTOR HANUMANGARH_IDA,2023-08-26,Action Pending,500000,Unsanctioned
MPLADS-049506,Nihal Chand Chauhan,Lok Sabha,Rajasthan,GANGANAGAR(SC),,,SANGARIA,4 RTP (RATANPURA RURAL),Normal/Others,WS/MP726/2023-2024/13309 - Construction of rooms and halls in school and colleges,DISTRICT COLLECTOR HANUMANGARH_IDA,2023-08-26,Approved by IDA,700000,Unsanctioned
MPLADS-049507,Nihal Chand Chauhan,Lok Sabha,Rajasthan,GANGANAGAR(SC),,,Tibi,11 Dbl,Normal/Others,NA - Construction of shelters for animals,DISTRICT COLLECTOR HANUMANGARH_IDA,2023-08-26,Action Pending,1000000,Unsanctioned
MPLADS-049508,Smt Ranjeeta Koli,Lok Sabha,Rajasthan,BHARATPUR(SC),,,DEEG,Dhamari,Normal/Others,NA - Construction of rooms and halls in school and colleges,DISTRICT COLLECTOR BHARATPUR_IDA,2023-08-26,Action Pending,600000,Unsanctioned
MPLADS-049509,Smt Ranjeeta Koli,Lok Sabha,Rajasthan,BHARATPUR(SC),,,Rudawal,Marauli,Normal/Others,NA - Construction of rooms and halls in school and colleges,DISTRICT COLLECTOR BHARATPUR_IDA,2023-08-26,Action Pending,500000,Unsanctioned
MPLADS-049540,Kailash Choudhary,Lok Sabha,Rajasthan,BARMER,,,GUDHAMALANI,Gudhamalani,Normal/Others,WS/MP733/2023-2024/13250 - Construction of rooms and halls in school and colleges,DISTRICT COLLECTOR BARMER_IDA,2023-08-26,Approved by IDA,1000000,Unsanctioned
MPLADS-049542,Kailash Choudhary,Lok Sabha,Rajasthan,BARMER,,,SIWANA,Dewandi,Normal/Others,WS/MP733/2023-2024/13251 - Construction of shelters for animals,DISTRICT COLLECTOR BARMER_IDA,2023-08-26,Approved by IDA,500000,Unsanctioned
MPLADS-049543,Kailash Choudhary,Lok Sabha,Rajasthan,BARMER,,,BAYTOO,Nagoni Dhatarwalon Ki Dhani,Normal/Others,WS/MP733/2023-2024/13301 - Construction of public libraries and reading rooms,DISTRICT COLLECTOR BARMER_IDA,2023-08-26,Approved by IDA,1000000,Sanctioned
MPLADS-049580,SHRI Neeraj Dangi,Rajya Sabha,Rajasthan,Sitting Rajya Sabha,,,LACHHMANGARH,Khuri Bari,Normal/Others,NA - Providing drains and gutters for public drainage,DISTRICT COLLECTOR SIKAR_IDA,2023-08-26,Rejected by IDA,1999999,Unsanctioned
MPLADS-049594,SHRI Neeraj Dangi,Rajya Sabha,Rajasthan,Sitting Rajya Sabha,,,LACHHMANGARH,Batranau,Normal/Others,NA - Construction of buildings for community cultural activities,DISTRICT COLLECTOR SIKAR_IDA,2023-08-26,Action Pending,1000000,Unsanctioned
MPLADS-049601,SHRI Neeraj Dangi,Rajya Sabha,Rajasthan,Sitting Rajya Sabha,,,LACHHMANGARH,Narodara (Rural),Normal/Others,WS/MP236/2023-2024/13429 - Providing drains and gutters for public drainage,DISTRICT COLLECTOR SIKAR_IDA,2023-08-26,Approved by IDA,2000000,Ongoing
MPLADS-049607,SHRI Kirodi Lal,Rajya Sabha,Rajasthan,Sitting Rajya Sabha,,,SIKRAI,Denda,Normal/Others,NA - Development of public parks,DISTRICT COLLECTOR DAUSA_IDA,2023-08-26,Action Pending,1000000,Unsanctioned
MPLADS-049643,Nihal Chand Chauhan,Lok Sabha,Rajasthan,GANGANAGAR(SC),,,SANGARIA,17 BGP (BOLANWALI),Normal/Others,WS/MP726/2023-2024/13078 - Purchase of sports equipment,DISTRICT COLLECTOR HANUMANGARH_IDA,2023-08-25,Approved by IDA,500000,Unsanctioned
MPLADS-049646,Nihal Chand Chauhan,Lok Sabha,Rajasthan,GANGANAGAR(SC),,,PILIBANGA,20 STG,Normal/Others,NA - Construction of community centers and community halls,DISTRICT COLLECTOR HANUMANGARH_IDA,2023-08-25,Action Pending,500000,Unsanctioned
MPLADS-049647,Nihal Chand Chauhan,Lok Sabha,Rajasthan,GANGANAGAR(SC),,,PILIBANGA,1 PBN-T,Normal/Others,NA - Construction of shelters for animals,DISTRICT COLLECTOR HANUMANGARH_IDA,2023-08-25,Action Pending,1000000,Unsanctioned
MPLADS-049648,Nihal Chand Chauhan,Lok Sabha,Rajasthan,GANGANAGAR(SC),,,HANUMANGARH,9 MD,Normal/Others,NA - Construction of shelters for animals,DISTRICT COLLECTOR HANUMANGARH_IDA,2023-08-25,Action Pending,1000000,Unsanctioned
MPLADS-049649,Nihal Chand Chauhan,Lok Sabha,Rajasthan,GANGANAGAR(SC),Rawatsar,23,,,Normal/Others,NA - Construction of rooms and halls in school and colleges,DISTRICT COLLECTOR HANUMANGARH_IDA,2023-08-25,Action Pending,1400000,Unsanctioned
MPLADS-049650,Nihal Chand Chauhan,Lok Sabha,Rajasthan,GANGANAGAR(SC),,,SANGARIA,14 PTP,Normal/Others,WS/MP726/2023-2024/13082 - Construction of shelters for animals,DISTRICT COLLECTOR HANUMANGARH_IDA,2023-08-25,Approved by IDA,1000000,Unsanctioned
MPLADS-049651,Nihal Chand Chauhan,Lok Sabha,Rajasthan,GANGANAGAR(SC),,,HANUMANGARH,14 NDR-CAD,Normal/Others,WS/MP726/2023-2024/13081 - Construction of shelters for animals,DISTRICT COLLECTOR HANUMANGARH_IDA,2023-08-25,Approved by IDA,1000000,Sanctioned
MPLADS-049652,Nihal Chand Chauhan,Lok Sabha,Rajasthan,GANGANAGAR(SC),,,PILIBANGA,6 BLW,Normal/Others,WS/MP726/2023-2024/13080 - Construction of shelters for animals,DISTRICT COLLECTOR HANUMANGARH_IDA,2023-08-25,Approved by IDA,1000000,Unsanctioned
MPLADS-049653,Nihal Chand Chauhan,Lok Sabha,Rajasthan,GANGANAGAR(SC),,,HANUMANGARH,20 HMH,Normal/Others,WS/MP726/2023-2024/13079 - Construction of shelters for animals,DISTRICT COLLECTOR HANUMANGARH_IDA,2023-08-25,Approved by IDA,1000000,Unsanctioned
MPLADS-049654,Nihal Chand Chauhan,Lok Sabha,Rajasthan,GANGANAGAR(SC),,,HANUMANGARH,10 SSW-B,Normal/Others,WS/MP726/2023-2024/13077 - Construction of buildings for multi-gym,DISTRICT COLLECTOR HANUMANGARH_IDA,2023-08-25,Approved by IDA,200000,Unsanctioned
MPLADS-049655,Shri PP Chaudhary ,Lok Sabha,Rajasthan,PALI,,,SUMERPUR,Daulpura,Normal/Others,NA - Construction of buildings for community cultural activities,DISTRICT COLLECTOR PALI_IDA,2023-08-25,Action Pending,500000,Unsanctioned
MPLADS-049656,Nihal Chand Chauhan,Lok Sabha,Rajasthan,GANGANAGAR(SC),,,PILIBANGA,9 STG,Normal/Others,WS/MP726/2023-2024/13074 - Crematoriums or structures on burial/ cremation ground for public convenience,DISTRICT COLLECTOR HANUMANGARH_IDA,2023-08-25,Approved by IDA,1000000,Sanctioned
MPLADS-049657,Nihal Chand Chauhan,Lok Sabha,Rajasthan,GANGANAGAR(SC),,,RAWATSAR,2 BWM,Normal/Others,WS/MP726/2023-2024/13073 - Construction of shelters for animals,DISTRICT COLLECTOR HANUMANGARH_IDA,2023-08-25,Approved by IDA,1000000,Unsanctioned
MPLADS-049658,Nihal Chand Chauhan,Lok Sabha,Rajasthan,GANGANAGAR(SC),,,HANUMANGARH,29 SSW,Normal/Others,WS/MP726/2023-2024/13072 - Construction of shelters for animals,DISTRICT COLLECTOR HANUMANGARH_IDA,2023-08-25,Approved by IDA,1000000,Unsanctioned
MPLADS-049659,Nihal Chand Chauhan,Lok Sabha,Rajasthan,GANGANAGAR(SC),Hanumangarh,Hanumangarh Junction,,,Normal/Others,NA - Construction of community centers and community halls,DISTRICT COLLECTOR HANUMANGARH_IDA,2023-08-25,Action Pending,1000000,Unsanctioned
MPLADS-049660,Nihal Chand Chauhan,Lok Sabha,Rajasthan,GANGANAGAR(SC),,,PILIBANGA,18 JRK,Normal/Others,WS/MP726/2023-2024/13070 - Construction of shelters for animals,DISTRICT COLLECTOR HANUMANGARH_IDA,2023-08-25,Approved by IDA,1000000,Sanctioned
MPLADS-049661,Nihal Chand Chauhan,Lok Sabha,Rajasthan,GANGANAGAR(SC),,,HANUMANGARH,8 MD,Normal/Others,WS/MP726/2023-2024/13069 - Construction of shelters for animals,DISTRICT COLLECTOR HANUMANGARH_IDA,2023-08-25,Approved by IDA,1000000,Unsanctioned
MPLADS-049662,Nihal Chand Chauhan,Lok Sabha,Rajasthan,GANGANAGAR(SC),,,PILIBANGA,4 HDP,Normal/Others,NA - Construction of shelters for animals,DISTRICT COLLECTOR HANUMANGARH_IDA,2023-08-25,Action Pending,1000000,Unsanctioned
MPLADS-049663,Nihal Chand Chauhan,Lok Sabha,Rajasthan,GANGANAGAR(SC),,,PILIBANGA,11 LKS-A,Normal/Others,NA - Construction of shelters for animals,DISTRICT COLLECTOR HANUMANGARH_IDA,2023-08-25,Action Pending,1000000,Unsanctioned
MPLADS-049664,Nihal Chand Chauhan,Lok Sabha,Rajasthan,GANGANAGAR(SC),Pilibanga,0,,,Normal/Others,NA - Construction of rooms and halls in school and colleges,DISTRICT COLLECTOR HANUMANGARH_IDA,2023-08-25,Action Pending,1000000,Unsanctioned
MPLADS-049665,Nihal Chand Chauhan,Lok Sabha,Rajasthan,GANGANAGAR(SC),Tibbi,6 GGR,,,Normal/Others,NA - Construction of rooms and halls in school and colleges,DISTRICT COLLECTOR HANUMANGARH_IDA,2023-08-25,Action Pending,700000,Unsanctioned
MPLADS-049670,Nihal Chand Chauhan,Lok Sabha,Rajasthan,GANGANAGAR(SC),,,Hanumangarh,15 Jdw,Normal/Others,NA - Construction of additional rooms and halls in the existing public and community building,DISTRICT COLLECTOR HANUMANGARH_IDA,2023-08-25,Action Pending,500000,Unsanctioned
MPLADS-049671,Nihal Chand Chauhan,Lok Sabha,Rajasthan,GANGANAGAR(SC),,,RAWATSAR,16 KWD,Normal/Others,NA - Construction of boundary walls of existing public and community buildings,DISTRICT COLLECTOR HANUMANGARH_IDA,2023-08-25,Action Pending,500000,Unsanctioned
MPLADS-049672,Nihal Chand Chauhan,Lok Sabha,Rajasthan,GANGANAGAR(SC),,,PILIBANGA,34 STG,Normal/Others,NA - Installation of fixed garden gym equipment,DISTRICT COLLECTOR HANUMANGARH_IDA,2023-08-25,Action Pending,500000,Unsanctioned
MPLADS-049673,Shri PP Chaudhary ,Lok Sabha,Rajasthan,PALI,,,SOJAT,Tharasani,Normal/Others,NA - Purchase of furniture and fixtures for educational purposes,DISTRICT COLLECTOR PALI_IDA,2023-08-25,Action Pending,500000,Unsanctioned
MPLADS-049674,Shri PP Chaudhary ,Lok Sabha,Rajasthan,PALI,,,ROHAT,Antan,Normal/Others,WS/MP389/2023-2024/13110 - Purchase of furniture and fixtures for educational purposes,DISTRICT COLLECTOR PALI_IDA,2023-08-25,Approved by IDA,500000,Sanctioned
MPLADS-049675,Shri PP Chaudhary ,Lok Sabha,Rajasthan,PALI,,,RANI STATION,Itandara Mertiyan,Normal/Others,WS/MP389/2023-2024/13109 - Purchase of furniture and fixtures for educational purposes,DISTRICT COLLECTOR PALI_IDA,2023-08-25,Approved by IDA,500000,Ongoing
MPLADS-049676,Shri PP Chaudhary ,Lok Sabha,Rajasthan,PALI,,,BAGARI,Guda Kalan,Normal/Others,NA - Construction of buildings for community cultural activities,DISTRICT COLLECTOR PALI_IDA,2023-08-25,Action Pending,700000,Unsanctioned
MPLADS-049677,Shri PP Chaudhary ,Lok Sabha,Rajasthan,PALI,,,RANI STATION,Khiwara,Normal/Others,WS/MP389/2023-2024/13107 - Purchase of furniture and fixtures for educational purposes,DISTRICT COLLECTOR PALI_IDA,2023-08-25,Approved by IDA,500000,Unsanctioned
MPLADS-049678,Shri PP Chaudhary ,Lok Sabha,Rajasthan,PALI,,,BALI,Bheetwara,Normal/Others,WS/MP389/2023-2024/13098 - Crematoriums or structures on burial/ cremation ground for public convenience,DISTRICT COLLECTOR PALI_IDA,2023-08-25,Approved by IDA,500000,Ongoing
MPLADS-049679,Shri PP Chaudhary ,Lok Sabha,Rajasthan,PALI,Bali,7,,,Normal/Others,NA - Purchase of furniture and fixtures for educational purposes,DISTRICT COLLECTOR PALI_IDA,2023-08-25,Action Pending,500000,Unsanctioned
MPLADS-049680,Shri PP Chaudhary ,Lok Sabha,Rajasthan,PALI,,,SOJAT,Bhaisana,Normal/Others,NA - Purchase of furniture and fixtures for educational purposes,DISTRICT COLLECTOR PALI_IDA,2023-08-25,Action Pending,700000,Unsanctioned
MPLADS-049681,Shri PP Chaudhary ,Lok Sabha,Rajasthan,PALI,,,PALI,Lambiya,Normal/Others,WS/MP389/2023-2024/13095 - Purchase of furniture and fixtures for educational purposes,DISTRICT COLLECTOR PALI_IDA,2023-08-25,Approved by IDA,500000,Sanctioned
MPLADS-049682,Shri PP Chaudhary ,Lok Sabha,Rajasthan,PALI,,,PALI,Utvan,Normal/Others,NA - Purchase of furniture and fixtures for educational purposes,DISTRICT COLLECTOR PALI_IDA,2023-08-25,Action Pending,500000,Unsanctioned
MPLADS-049683,Shri PP Chaudhary ,Lok Sabha,Rajasthan,PALI,,,ROHAT,Chenda,Normal/Others,NA - Purchase of furniture and fixtures for educational purposes,DISTRICT COLLECTOR PALI_IDA,2023-08-25,Action Pending,700000,Unsanctioned
MPLADS-049691,Shri PP Chaudhary ,Lok Sabha,Rajasthan,PALI,Sumerpur,11,,,Normal/Others,NA - Construction of buildings for community cultural activities,DISTRICT COLLECTOR PALI_IDA,2023-08-25,Action Pending,1000000,Unsanctioned
MPLADS-049692,Shri PP Chaudhary ,Lok Sabha,Rajasthan,PALI,,,SUMERPUR,Korta,Normal/Others,NA - Purchase of furniture and fixtures for educational purposes,DISTRICT COLLECTOR PALI_IDA,2023-08-25,Rejected by IDA,700000,Unsanctioned
MPLADS-049694,Shri PP Chaudhary ,Lok Sabha,Rajasthan,PALI,,,RAIPUR,Mohra Kalan,Normal/Others,WS/MP389/2023-2024/12974 - Purchase of furniture and fixtures for educational purposes,DISTRICT COLLECTOR PALI_IDA,2023-08-25,Approved by IDA,500000,Unsanctioned
MPLADS-049695,Nihal Chand Chauhan,Lok Sabha,Rajasthan,GANGANAGAR(SC),,,KARANPUR,13 FF,Normal/Others,WS/MP726/2023-2024/12986 - Construction of rooms and halls in school and colleges,DISTRICT COLLECTOR SRIGANGANAGAR_IDA,2023-08-25,Approved by IDA,700000,Unsanctioned
MPLADS-049696,Nihal Chand Chauhan,Lok Sabha,Rajasthan,GANGANAGAR(SC),,,PADAMPUR,6 Rb,Normal/Others,WS/MP726/2023-2024/12985 - Construction of additional rooms and halls in the existing public and community building,DISTRICT COLLECTOR SRIGANGANAGAR_IDA,2023-08-25,Approved by IDA,800000,Unsanctioned
MPLADS-049697,Nihal Chand Chauhan,Lok Sabha,Rajasthan,GANGANAGAR(SC),,,VIJAINAGAR,12 Blm-A,Normal/Others,NA - Construction of rooms and halls in school and colleges,DISTRICT COLLECTOR SRIGANGANAGAR_IDA,2023-08-25,Action Pending,1400000,Unsanctioned
MPLADS-049698,Nihal Chand Chauhan,Lok Sabha,Rajasthan,GANGANAGAR(SC),,,VIJAINAGAR,7 Gb-A,Normal/Others,NA - Construction of rooms and halls in school and colleges,DISTRICT COLLECTOR SRIGANGANAGAR_IDA,2023-08-25,Action Pending,700000,Unsanctioned
MPLADS-049699,Nihal Chand Chauhan,Lok Sabha,Rajasthan,GANGANAGAR(SC),,,VIJAINAGAR,29 Gb-A (Rural),Normal/Others,NA - Construction of boundary walls of existing public and community buildings,DISTRICT COLLECTOR SRIGANGANAGAR_IDA,2023-08-25,Action Pending,800000,Unsanctioned
MPLADS-049700,Nihal Chand Chauhan,Lok Sabha,Rajasthan,GANGANAGAR(SC),Srivijainagar,06,,,Normal/Others,NA - Purchase of furniture and fixtures for educational purposes,DISTRICT COLLECTOR SRIGANGANAGAR_IDA,2023-08-25,Action Pending,800000,Unsanctioned
MPLADS-049701,Nihal Chand Chauhan,Lok Sabha,Rajasthan,GANGANAGAR(SC),,,RAISINGHNAGAR,21/23 Np,Normal/Others,NA - Construction of rooms and halls in school and colleges,DISTRICT COLLECTOR SRIGANGANAGAR_IDA,2023-08-25,Action Pending,700000,Unsanctioned
MPLADS-049702,Nihal Chand Chauhan,Lok Sabha,Rajasthan,GANGANAGAR(SC),,,RAISINGHNAGAR,Shyamgarh,Normal/Others,NA - Construction of community centers and community halls,DISTRICT COLLECTOR SRIGANGANAGAR_IDA,2023-08-25,Action Pending,1000000,Unsanctioned
MPLADS-049703,Shri PP Chaudhary ,Lok Sabha,Rajasthan,PALI,,,BAGARI,Bagri,Normal/Others,WS/MP389/2023-2024/12978 - Purchase of furniture and fixtures for educational purposes,DISTRICT COLLECTOR PALI_IDA,2023-08-25,Approved by IDA,700000,Ongoing
MPLADS-049704,Shri PP Chaudhary ,Lok Sabha,Rajasthan,PALI,,,RAIPUR,Seengla,Normal/Others,NA - Purchase of furniture and fixtures for educational purposes,DISTRICT COLLECTOR PALI_IDA,2023-08-25,Action Pending,700000,Unsanctioned
MPLADS-049705,Shri PP Chaudhary ,Lok Sabha,Rajasthan,PALI,,,RAIPUR,Nimbera Kalan,Normal/Others,NA - Purchase of furniture and fixtures for educational purposes,DISTRICT COLLECTOR PALI_IDA,2023-08-25,Action Pending,600000,Unsanctioned
MPLADS-049706,Shri PP Chaudhary ,Lok Sabha,Rajasthan,PALI,,,SUMERPUR,Koliwara,Normal/Others,WS/MP389/2023-2024/13034 - Purchase of furniture and fixtures for educational purposes,DISTRICT COLLECTOR PALI_IDA,2023-08-25,Approved by IDA,1000000,Ongoing
MPLADS-049707,Shri PP Chaudhary ,Lok Sabha,Rajasthan,PALI,,,RAIPUR,Kushalpura,Normal/Others,NA - Construction of additional rooms and halls in the existing public and community building,DISTRICT COLLECTOR PALI_IDA,2023-08-25,Action Pending,1000000,Unsanctioned
MPLADS-049708,Shri PP Chaudhary ,Lok Sabha,Rajasthan,PALI,,,RAIPUR,Dhoolkot,Normal/Others,WS/MP389/2023-2024/12968 - Construction of rooms and halls in school and colleges,DISTRICT COLLECTOR PALI_IDA,2023-08-25,Approved by IDA,750000,Sanctioned
MPLADS-049717,Nihal Chand Chauhan,Lok Sabha,Rajasthan,GANGANAGAR(SC),,,SADULSHAHAR,2 LNP,Normal/Others,WS/MP726/2023-2024/12987 - Construction of rooms and halls in school and colleges,DISTRICT COLLECTOR SRIGANGANAGAR_IDA,2023-08-25,Approved by IDA,1500000,Unsanctioned
MPLADS-049718,Nihal Chand Chauhan,Lok Sabha,Rajasthan,GANGANAGAR(SC),,,SURATGARH,20 Stb,Normal/Others,NA - Construction of community centers and community halls,DISTRICT COLLECTOR SRIGANGANAGAR_IDA,2023-08-25,Action Pending,1500000,Unsanctioned
MPLADS-049719,Nihal Chand Chauhan,Lok Sabha,Rajasthan,GANGANAGAR(SC),,,SURATGARH,Mokalsar,Normal/Others,NA - Construction of boundary walls of existing public and community buildings,DISTRICT COLLECTOR SRIGANGANAGAR_IDA,2023-08-25,Action Pending,1000000,Unsanctioned
MPLADS-049720,Shri PP Chaudhary ,Lok Sabha,Rajasthan,PALI,,,Sojat,Chandawal,Normal/Others,NA - Purchase of furniture and fixtures for educational purposes,DISTRICT COLLECTOR PALI_IDA,2023-08-25,Rejected by IDA,700000,Unsanctioned
MPLADS-049721,Shri PP Chaudhary ,Lok Sabha,Rajasthan,PALI,,,SUMERPUR,Balupura,Normal/Others,NA - Purchase of furniture and fixtures for educational purposes,DISTRICT COLLECTOR PALI_IDA,2023-08-25,Action Pending,500000,Unsanctioned
MPLADS-049722,Shri PP Chaudhary ,Lok Sabha,Rajasthan,PALI,,,SUMERPUR,Pawa,Normal/Others,NA - Purchase of furniture and fixtures for educational purposes,DISTRICT COLLECTOR PALI_IDA,2023-08-25,Action Pending,500000,Unsanctioned
MPLADS-049723,Shri PP Chaudhary ,Lok Sabha,Rajasthan,PALI,,,SUMERPUR,Pomawa,Normal/Others,NA - Purchase of furniture and fixtures for educational purposes,DISTRICT COLLECTOR PALI_IDA,2023-08-25,Action Pending,500000,Unsanctioned
MPLADS-049724,Shri PP Chaudhary ,Lok Sabha,Rajasthan,PALI,,,SUMERPUR,Deotara,Normal/Others,NA - Purchase of furniture and fixtures for educational purposes,DISTRICT COLLECTOR PALI_IDA,2023-08-25,Action Pending,500000,Unsanctioned
MPLADS-049725,Shri PP Chaudhary ,Lok Sabha,Rajasthan,PALI,,,SUMERPUR,Galthani,Normal/Others,WS/MP389/2023-2024/13027 - Purchase of furniture and fixtures for educational purposes,DISTRICT COLLECTOR PALI_IDA,2023-08-25,Approved by IDA,700000,Ongoing
MPLADS-049726,Shri PP Chaudhary ,Lok Sabha,Rajasthan,PALI,,,PALI,Dingai,Normal/Others,WS/MP389/2023-2024/13026 - Purchase of furniture and fixtures for educational purposes,DISTRICT COLLECTOR PALI_IDA,2023-08-25,Approved by IDA,700000,Ongoing
MPLADS-049727,Shri PP Chaudhary ,Lok Sabha,Rajasthan,PALI,,,PALI,Bomadara,Normal/Others,WS/MP389/2023-2024/13025 - Purchase of furniture and fixtures for educational purposes,DISTRICT COLLECTOR PALI_IDA,2023-08-25,Approved by IDA,500000,Unsanctioned
MPLADS-049728,Shri PP Chaudhary ,Lok Sabha,Rajasthan,PALI,,,PALI,Bhangesar,Normal/Others,WS/MP389/2023-2024/13024 - Purchase of furniture and fixtures for educational purposes,DISTRICT COLLECTOR PALI_IDA,2023-08-25,Approved by IDA,500000,Unsanctioned
MPLADS-049729,Shri PP Chaudhary ,Lok Sabha,Rajasthan,PALI,,,PALI,Deeri,Normal/Others,WS/MP389/2023-2024/13022 - Purchase of furniture and fixtures for educational purposes,DISTRICT COLLECTOR PALI_IDA,2023-08-25,Approved by IDA,500000,Unsanctioned
MPLADS-049730,Shri PP Chaudhary ,Lok Sabha,Rajasthan,PALI,,,RANI STATION,Keerwa,Normal/Others,NA - Construction of buildings for community cultural activities,DISTRICT COLLECTOR PALI_IDA,2023-08-25,Action Pending,600000,Unsanctioned
MPLADS-049731,Nihal Chand Chauhan,Lok Sabha,Rajasthan,GANGANAGAR(SC),,,ANUPGARH,1 Sjm-B,Normal/Others,NA - Construction of rooms and halls in school and colleges,DISTRICT COLLECTOR SRIGANGANAGAR_IDA,2023-08-25,Action Pending,1400000,Unsanctioned
MPLADS-049732,Nihal Chand Chauhan,Lok Sabha,Rajasthan,GANGANAGAR(SC),,,GANGANAGAR,1 f,Normal/Others,NA - Lighting of public spaces,DISTRICT COLLECTOR SRIGANGANAGAR_IDA,2023-08-25,Action Pending,250000,Unsanctioned
MPLADS-049733,Nihal Chand Chauhan,Lok Sabha,Rajasthan,GANGANAGAR(SC),,,VIJAINAGAR,48 Gb-A,Normal/Others,NA - Crematoriums or structures on burial/ cremation ground for public convenience,DISTRICT COLLECTOR SRIGANGANAGAR_IDA,2023-08-25,Action Pending,1000000,Unsanctioned
MPLADS-049734,Nihal Chand Chauhan,Lok Sabha,Rajasthan,GANGANAGAR(SC),Raisinghnagar,0,,,Normal/Others,NA - Construction of additional rooms and halls in the existing public and community building,DISTRICT COLLECTOR SRIGANGANAGAR_IDA,2023-08-25,Action Pending,60000,Unsanctioned
MPLADS-049735,Nihal Chand Chauhan,Lok Sabha,Rajasthan,GANGANAGAR(SC),,,PADAMPUR,11 Eea,Normal/Others,NA - Construction of rooms and halls in school and colleges,DISTRICT COLLECTOR SRIGANGANAGAR_IDA,2023-08-25,Action Pending,700000,Unsanctioned
MPLADS-049736,Nihal Chand Chauhan,Lok Sabha,Rajasthan,GANGANAGAR(SC),,,PADAMPUR,39 Rb,Normal/Others,NA - Construction of public libraries and reading rooms,DISTRICT COLLECTOR SRIGANGANAGAR_IDA,2023-08-25,Action Pending,500000,Unsanctioned
MPLADS-049737,Nihal Chand Chauhan,Lok Sabha,Rajasthan,GANGANAGAR(SC),Sri Ganganagar,60,,,Normal/Others,NA - Construction of rooms and halls in school and colleges,DISTRICT COLLECTOR SRIGANGANAGAR_IDA,2023-08-25,Action Pending,1000000,Unsanctioned
MPLADS-049738,Shri PP Chaudhary ,Lok Sabha,Rajasthan,PALI,,,SOJAT,Sojat Road (CT),Normal/Others,NA - Construction of footpaths and pedestrian ways,DISTRICT COLLECTOR PALI_IDA,2023-08-25,Rejected by IDA,700000,Unsanctioned
MPLADS-049739,Shri PP Chaudhary ,Lok Sabha,Rajasthan,PALI,,,BAGARI,Rodawas,Normal/Others,WS/MP389/2023-2024/12993 - Construction of buildings for community cultural activities,DISTRICT COLLECTOR PALI_IDA,2023-08-25,Approved by IDA,500000,Unsanctioned
MPLADS-049740,Shri PP Chaudhary ,Lok Sabha,Rajasthan,PALI,,,SOJAT,Khariya Neev,Normal/Others,WS/MP389/2023-2024/12992 - Purchase of furniture and fixtures for educational purposes,DISTRICT COLLECTOR PALI_IDA,2023-08-25,Approved by IDA,700000,Ongoing
MPLADS-049741,Shri PP Chaudhary ,Lok Sabha,Rajasthan,PALI,,,SOJAT,Boyal,Normal/Others,WS/MP389/2023-2024/12991 - Purchase of furniture and fixtures for educational purposes,DISTRICT COLLECTOR PALI_IDA,2023-08-25,Approved by IDA,700000,Ongoing
MPLADS-049742,Nihal Chand Chauhan,Lok Sabha,Rajasthan,GANGANAGAR(SC),,,HANUMANGARH,1 NWN,Normal/Others,WS/MP726/2023-2024/13146 - Installing tube-wells and borewells,DISTRICT COLLECTOR HANUMANGARH_IDA,2023-08-25,Approved by IDA,1000000,Sanctioned
MPLADS-049794,Smt Kumari Diya ,Lok Sabha,Rajasthan,RAJSAMAND,,,RIYAN BADI,Rohisa,Normal/Others,NA - Construction of rooms and halls in school and colleges,DISTRICT COLLECTOR NAGAUR_IDA,2023-08-24,Action Pending,700000,Unsanctioned
MPLADS-049795,Smt Kumari Diya ,Lok Sabha,Rajasthan,RAJSAMAND,,,MERTA,Chhapri Khurd,Normal/Others,NA - Construction of rooms and halls in school and colleges,DISTRICT COLLECTOR NAGAUR_IDA,2023-08-24,Action Pending,600000,Unsanctioned
MPLADS-049796,Smt Kumari Diya ,Lok Sabha,Rajasthan,RAJSAMAND,,,MERTA,Dangawas,Normal/Others,NA - Construction of rooms and halls in school and colleges,DISTRICT COLLECTOR NAGAUR_IDA,2023-08-24,Action Pending,800000,Unsanctioned
MPLADS-049807,Smt Kumari Diya ,Lok Sabha,Rajasthan,RAJSAMAND,,,RIYAN BADI,Leeliya,Normal/Others,"NA - Construction of roads, approach roads, link roads and pathways",DISTRICT COLLECTOR NAGAUR_IDA,2023-08-24,Action Pending,800000,Unsanctioned
MPLADS-049814,Smt Kumari Diya ,Lok Sabha,Rajasthan,RAJSAMAND,,,MERTA,Bargaon,Normal/Others,NA - Construction of public libraries and reading rooms,DISTRICT COLLECTOR NAGAUR_IDA,2023-08-24,Action Pending,600000,Unsanctioned
MPLADS-049815,Smt Kumari Diya ,Lok Sabha,Rajasthan,RAJSAMAND,,,MERTA,Ren,Normal/Others,NA - Construction of rooms and halls in school and colleges,DISTRICT COLLECTOR NAGAUR_IDA,2023-08-24,Action Pending,1000000,Unsanctioned
MPLADS-049816,Smt Kumari Diya ,Lok Sabha,Rajasthan,RAJSAMAND,,,RIYAN BADI,Phalki,Normal/Others,NA - Construction of rooms and halls in school and colleges,DISTRICT COLLECTOR NAGAUR_IDA,2023-08-24,Action Pending,800000,Unsanctioned
MPLADS-049817,Smt Kumari Diya ,Lok Sabha,Rajasthan,RAJSAMAND,,,MERTA,Poondloo,Normal/Others,NA - Construction of rooms and halls in school and colleges,DISTRICT COLLECTOR NAGAUR_IDA,2023-08-24,Action Pending,800000,Unsanctioned
MPLADS-049819,Shri PP Chaudhary ,Lok Sabha,Rajasthan,PALI,,,RAIPUR,Jhoontha,Normal/Others,WS/MP389/2023-2024/12905 - Purchase of furniture and fixtures for educational purposes,DISTRICT COLLECTOR PALI_IDA,2023-08-24,Approved by IDA,500000,Sanctioned
MPLADS-049820,Kailash Choudhary,Lok Sabha,Rajasthan,BARMER,,,BALTORA,Majiwala,Normal/Others,WS/MP733/2023-2024/12904 - Construction of rooms and halls in school and colleges,DISTRICT COLLECTOR BARMER_IDA,2023-08-24,Approved by IDA,2000000,Unsanctioned
MPLADS-049821,Kailash Choudhary,Lok Sabha,Rajasthan,BARMER,,,BAYTOO,Naya Gaon,Normal/Others,WS/MP733/2023-2024/12903 - Purchase of furniture and fixtures for educational purposes,DISTRICT COLLECTOR BARMER_IDA,2023-08-24,Approved by IDA,500000,Unsanctioned
MPLADS-049822,Kailash Choudhary,Lok Sabha,Rajasthan,BARMER,,,BAYTOO,Rampura,Normal/Others,WS/MP733/2023-2024/12902 - Construction of rooms and halls in school and colleges,DISTRICT COLLECTOR BARMER_IDA,2023-08-24,Approved by IDA,2000000,Ongoing
MPLADS-049823,Kailash Choudhary,Lok Sabha,Rajasthan,BARMER,Balotra,09,,,Normal/Others,"NA - Purchase of IT systems, including hardware and software for educational purposes",DISTRICT COLLECTOR BARMER_IDA,2023-08-24,Action Pending,500000,Unsanctioned
MPLADS-049824,Shri PP Chaudhary ,Lok Sabha,Rajasthan,PALI,,,BAGARI,Phooliya,Normal/Others,NA - Construction of buildings for community cultural activities,DISTRICT COLLECTOR PALI_IDA,2023-08-24,Action Pending,500000,Unsanctioned
MPLADS-049825,Shri PP Chaudhary ,Lok Sabha,Rajasthan,PALI,,,KHARCHI(MAR.JUN),Saran,Normal/Others,WS/MP389/2023-2024/12888 - Construction of buildings for community cultural activities,DISTRICT COLLECTOR PALI_IDA,2023-08-24,Approved by IDA,700000,Ongoing
MPLADS-049826,Shri PP Chaudhary ,Lok Sabha,Rajasthan,PALI,Marwar Junction,7,,,Normal/Others,NA - Purchase of furniture and fixtures for educational purposes,DISTRICT COLLECTOR PALI_IDA,2023-08-24,Action Pending,1000000,Unsanctioned
MPLADS-049827,SHRI Neeraj Dangi,Rajya Sabha,Rajasthan,Sitting Rajya Sabha,,,NACHANA,Ghantiyali,Repair and Renovation,WS/MP236/2023-2024/12950 - Construction of public irrigation facilities,DISTRICT COLLECTOR JAISLAMER_IDA,2023-08-24,Approved by IDA,800000,Ongoing
MPLADS-049828,SHRI Neeraj Dangi,Rajya Sabha,Rajasthan,Sitting Rajya Sabha,,,NACHANA,Ghantiyali,Normal/Others,"WS/MP236/2023-2024/12949 - Construction of roads, approach roads, link roads and pathways",DISTRICT COLLECTOR JAISLAMER_IDA,2023-08-24,Approved by IDA,500000,Ongoing
MPLADS-049829,SHRI Neeraj Dangi,Rajya Sabha,Rajasthan,Sitting Rajya Sabha,,,NACHANA,Ghantiyali,Repair and Renovation,WS/MP236/2023-2024/12948 - Construction of public irrigation facilities,DISTRICT COLLECTOR JAISLAMER_IDA,2023-08-24,Approved by IDA,1000000,Ongoing
MPLADS-049830,SHRI Neeraj Dangi,Rajya Sabha,Rajasthan,Sitting Rajya Sabha,,,JAISALMER,Jawandh Jooni,Normal/Others,WS/MP236/2023-2024/12947 - Construction of community centers and community halls,DISTRICT COLLECTOR JAISLAMER_IDA,2023-08-24,Approved by IDA,400000,Unsanctioned
MPLADS-049831,SHRI Neeraj Dangi,Rajya Sabha,Rajasthan,Sitting Rajya Sabha,,,SANKRA,Raipalon Ki Dhani,Normal/Others,WS/MP236/2023-2024/12946 - Construction of public libraries and reading rooms,DISTRICT COLLECTOR JAISLAMER_IDA,2023-08-24,Approved by IDA,500000,Unsanctioned
MPLADS-049832,SHRI Neeraj Dangi,Rajya Sabha,Rajasthan,Sitting Rajya Sabha,,,MOHANGARH,Bahla,Normal/Others,WS/MP236/2023-2024/12945 - Construction of community centers and community halls,DISTRICT COLLECTOR JAISLAMER_IDA,2023-08-24,Approved by IDA,300000,Ongoing
MPLADS-049833,SHRI Neeraj Dangi,Rajya Sabha,Rajasthan,Sitting Rajya Sabha,,,NACHANA,Ghantiyali,Normal/Others,WS/MP236/2023-2024/12944 - Setting up of farmers’ training and assistance centers,DISTRICT COLLECTOR JAISLAMER_IDA,2023-08-24,Approved by IDA,500000,Ongoing
MPLADS-049834,Shri PP Chaudhary ,Lok Sabha,Rajasthan,PALI,,,KHARCHI(MAR.JUN),Dhanla,Normal/Others,WS/MP389/2023-2024/12886 - Purchase of furniture and fixtures for educational purposes,DISTRICT COLLECTOR PALI_IDA,2023-08-24,Approved by IDA,700000,Ongoing
MPLADS-049835,Shri PP Chaudhary ,Lok Sabha,Rajasthan,PALI,,,KHARCHI(MAR.JUN),Seeriyari,Normal/Others,WS/MP389/2023-2024/12832 - Purchase of furniture and fixtures for educational purposes,DISTRICT COLLECTOR PALI_IDA,2023-08-24,Approved by IDA,500000,Unsanctioned
MPLADS-049836,Shri PP Chaudhary ,Lok Sabha,Rajasthan,PALI,,,BAGARI,Bhaban,Normal/Others,NA - Construction of buildings for community cultural activities,DISTRICT COLLECTOR PALI_IDA,2023-08-24,Action Pending,600000,Unsanctioned
MPLADS-049945,Shri Mukul Balkrishna Wasnik,Rajya Sabha,Rajasthan,Sitting Rajya Sabha,,,MALKHEDA,Bhandodi,Normal/Others,"WS/MP146/2023-2024/12652 - Construction of roads, link roads, pathways or any other road with or without drainage system",DISTRICT COLLECTOR ALWAR_IDA,2023-08-24,Approved by IDA,1000000,Unsanctioned
MPLADS-049946,Shri Mukul Balkrishna Wasnik,Rajya Sabha,Rajasthan,Sitting Rajya Sabha,Jalore,Jalore,,,Normal/Others,NA - Purchase of hospital equipment,DISTRICT COLLECTOR JALORE_IDA,2023-08-24,Rejected by IDA,2200000,Unsanctioned
MPLADS-049947,Shri Mukul Balkrishna Wasnik,Rajya Sabha,Rajasthan,Sitting Rajya Sabha,,,RAJGARH,Nayagaon Bolka,Normal/Others,"NA - Construction of roads, link roads, pathways or any other road with or without drainage system",DISTRICT COLLECTOR ALWAR_IDA,2023-08-24,Action Pending,1000000,Unsanctioned
MPLADS-049948,Shri Mukul Balkrishna Wasnik,Rajya Sabha,Rajasthan,Sitting Rajya Sabha,,,KUCHAMAN,Sargoth With Padampura,Normal/Others,NA - Construction of rooms and halls in school and colleges,DISTRICT COLLECTOR NAGAUR_IDA,2023-08-24,Action Pending,1000000,Unsanctioned
MPLADS-049957,Smt Kumari Diya ,Lok Sabha,Rajasthan,RAJSAMAND,,,RIYAN BADI,Chudiyan,Normal/Others,NA - Construction of rooms and halls in school and colleges,DISTRICT COLLECTOR NAGAUR_IDA,2023-08-24,Action Pending,800000,Unsanctioned
MPLADS-049958,Smt Kumari Diya ,Lok Sabha,Rajasthan,RAJSAMAND,,,RIYAN BADI,Jajasani,Normal/Others,NA - Construction of rooms and halls in school and colleges,DISTRICT COLLECTOR NAGAUR_IDA,2023-08-24,Action Pending,600000,Unsanctioned
MPLADS-049959,Smt Kumari Diya ,Lok Sabha,Rajasthan,RAJSAMAND,,,RIYAN BADI,Jalwana,Normal/Others,NA - Construction of rooms and halls in school and colleges,DISTRICT COLLECTOR NAGAUR_IDA,2023-08-24,Action Pending,600000,Unsanctioned
MPLADS-049960,Smt Kumari Diya ,Lok Sabha,Rajasthan,RAJSAMAND,,,RIYAN BADI,Riyan Bari,Normal/Others,NA - Construction of rooms and halls in school and colleges,DISTRICT COLLECTOR NAGAUR_IDA,2023-08-24,Action Pending,1000000,Unsanctioned
MPLADS-049961,Smt Kumari Diya ,Lok Sabha,Rajasthan,RAJSAMAND,,,MERTA,Merta Road (CT),Normal/Others,NA - Construction of public libraries and reading rooms,DISTRICT COLLECTOR NAGAUR_IDA,2023-08-24,Action Pending,1000000,Unsanctioned
MPLADS-049962,Smt Kumari Diya ,Lok Sabha,Rajasthan,RAJSAMAND,,,MERTA,Gagrana,Normal/Others,NA - Construction of rooms and halls in school and colleges,DISTRICT COLLECTOR NAGAUR_IDA,2023-08-24,Action Pending,600000,Unsanctioned
MPLADS-049963,Smt Kumari Diya ,Lok Sabha,Rajasthan,RAJSAMAND,,,BHERUNDA,Dodiyana,Normal/Others,NA - Construction of community centers and community halls,DISTRICT COLLECTOR NAGAUR_IDA,2023-08-24,Action Pending,500000,Unsanctioned
MPLADS-049964,Smt Kumari Diya ,Lok Sabha,Rajasthan,RAJSAMAND,,,DEGANA,Deola Mada,Normal/Others,NA - Construction of community centers and community halls,DISTRICT COLLECTOR NAGAUR_IDA,2023-08-24,Action Pending,500000,Unsanctioned
MPLADS-049965,Smt Kumari Diya ,Lok Sabha,Rajasthan,RAJSAMAND,,,BHERUNDA,Alniyawas,Normal/Others,NA - Construction of rooms and halls in school and colleges,DISTRICT COLLECTOR NAGAUR_IDA,2023-08-24,Action Pending,600000,Unsanctioned
MPLADS-049966,Smt Kumari Diya ,Lok Sabha,Rajasthan,RAJSAMAND,,,DEGANA,Jawa Sisodiya,Normal/Others,NA - Construction of community centers and community halls,DISTRICT COLLECTOR NAGAUR_IDA,2023-08-24,Action Pending,800000,Unsanctioned
MPLADS-049967,Smt Kumari Diya ,Lok Sabha,Rajasthan,RAJSAMAND,,,BHERUNDA,Rawatkhera,Normal/Others,NA - Installing hand pumps,DISTRICT COLLECTOR NAGAUR_IDA,2023-08-24,Action Pending,200000,Unsanctioned
MPLADS-049968,Smt Kumari Diya ,Lok Sabha,Rajasthan,RAJSAMAND,,,BHERUNDA,Rawatkhera,Normal/Others,NA - Construction of community centers and community halls,DISTRICT COLLECTOR NAGAUR_IDA,2023-08-24,Action Pending,600000,Unsanctioned
MPLADS-049969,Smt Kumari Diya ,Lok Sabha,Rajasthan,RAJSAMAND,,,BHERUNDA,Surpura,Normal/Others,NA - Construction of community centers and community halls,DISTRICT COLLECTOR NAGAUR_IDA,2023-08-24,Action Pending,600000,Unsanctioned
MPLADS-049970,Smt Kumari Diya ,Lok Sabha,Rajasthan,RAJSAMAND,,,BHERUNDA,Bari Ghati,Normal/Others,NA - Construction of rooms and halls in school and colleges,DISTRICT COLLECTOR NAGAUR_IDA,2023-08-24,Action Pending,800000,Unsanctioned
MPLADS-050189,Shri PP Chaudhary ,Lok Sabha,Rajasthan,PALI,,,PALI,Kherwa,Normal/Others,WS/MP389/2023-2024/12317 - Purchase of furniture and fixtures for educational purposes,DISTRICT COLLECTOR PALI_IDA,2023-08-23,Approved by IDA,700000,Ongoing
MPLADS-050190,Shri PP Chaudhary ,Lok Sabha,Rajasthan,PALI,,,RANI STATION,Gajnipura,Normal/Others,WS/MP389/2023-2024/12326 - Purchase of furniture and fixtures for educational purposes,DISTRICT COLLECTOR PALI_IDA,2023-08-23,Approved by IDA,500000,Unsanctioned
MPLADS-050191,Shri PP Chaudhary ,Lok Sabha,Rajasthan,PALI,,,RANI STATION,Varkana,Normal/Others,WS/MP389/2023-2024/12352 - Purchase of furniture and fixtures for educational purposes,DISTRICT COLLECTOR PALI_IDA,2023-08-23,Approved by IDA,500000,Ongoing
MPLADS-050192,Shri PP Chaudhary ,Lok Sabha,Rajasthan,PALI,,,RANI STATION,Siwas,Normal/Others,WS/MP389/2023-2024/12357 - Purchase of furniture and fixtures for educational purposes,DISTRICT COLLECTOR PALI_IDA,2023-08-23,Approved by IDA,500000,Unsanctioned
MPLADS-050193,Shri PP Chaudhary ,Lok Sabha,Rajasthan,PALI,,,RANI STATION,Indarwara,Normal/Others,WS/MP389/2023-2024/12370 - Purchase of furniture and fixtures for educational purposes,DISTRICT COLLECTOR PALI_IDA,2023-08-23,Approved by IDA,500000,Ongoing
MPLADS-050194,Shri PP Chaudhary ,Lok Sabha,Rajasthan,PALI,,,RANI STATION,Neepal,Normal/Others,WS/MP389/2023-2024/12479 - Purchase of furniture and fixtures for educational purposes,DISTRICT COLLECTOR PALI_IDA,2023-08-23,Approved by IDA,500000,Ongoing
MPLADS-050195,Shri PP Chaudhary ,Lok Sabha,Rajasthan,PALI,,,RANI STATION,Kishanpura,Normal/Others,WS/MP389/2023-2024/12482 - Purchase of furniture and fixtures for educational purposes,DISTRICT COLLECTOR PALI_IDA,2023-08-23,Approved by IDA,500000,Unsanctioned
MPLADS-050196,Shri PP Chaudhary ,Lok Sabha,Rajasthan,PALI,,,RANI STATION,Kerli,Normal/Others,WS/MP389/2023-2024/12491 - Purchase of furniture and fixtures for educational purposes,DISTRICT COLLECTOR PALI_IDA,2023-08-23,Approved by IDA,500000,Unsanctioned
MPLADS-050197,Shri PP Chaudhary ,Lok Sabha,Rajasthan,PALI,,,KHARCHI(MAR.JUN),Angdosh,Normal/Others,WS/MP389/2023-2024/12499 - Purchase of furniture and fixtures for educational purposes,DISTRICT COLLECTOR PALI_IDA,2023-08-23,Approved by IDA,500000,Ongoing
MPLADS-050208,Rahul Kaswan,Lok Sabha,Rajasthan,CHURU,,,RAJGARH,Mundi Tal,Normal/Others,WS/MP728/2023-2024/12544 - Improvement of electricity distribution infrastructure,DISTRICT COLLECTOR CHURU_IDA,2023-08-23,Approved by IDA,297000,Unsanctioned
MPLADS-050209,Shri PP Chaudhary ,Lok Sabha,Rajasthan,PALI,,,DESURI,Kot Solankiyan,Normal/Others,NA - Construction of buildings for community cultural activities,DISTRICT COLLECTOR PALI_IDA,2023-08-23,Action Pending,500000,Unsanctioned
MPLADS-050210,Shri PP Chaudhary ,Lok Sabha,Rajasthan,PALI,,,PALI,Dayalpura,Normal/Others,WS/MP389/2023-2024/12314 - Purchase of furniture and fixtures for educational purposes,DISTRICT COLLECTOR PALI_IDA,2023-08-23,Approved by IDA,500000,Unsanctioned
MPLADS-050212,SHRI Neeraj Dangi,Rajya Sabha,Rajasthan,Sitting Rajya Sabha,Kekri,"Charbhuja, Kekri",,,Normal/Others,NA - Construction of rooms and halls in school and colleges,DISTRICT COLLECTOR AJMER_IDA,2023-08-23,Action Pending,1000000,Unsanctioned
MPLADS-050224,SHRI Kirodi Lal,Rajya Sabha,Rajasthan,Sitting Rajya Sabha,,,MAHWA,Wara Bujurg,Normal/Others,"NA - Construction of roads, approach roads, link roads and pathways",DISTRICT COLLECTOR DAUSA_IDA,2023-08-23,Action Pending,500000,Unsanctioned
MPLADS-050225,SHRI Kirodi Lal,Rajya Sabha,Rajasthan,Sitting Rajya Sabha,,,MAHWA,Wara Bujurg,Normal/Others,"NA - Construction of roads, approach roads, link roads and pathways",DISTRICT COLLECTOR DAUSA_IDA,2023-08-23,Action Pending,500000,Unsanctioned
MPLADS-050226,SHRI Kirodi Lal,Rajya Sabha,Rajasthan,Sitting Rajya Sabha,,,MAHWA,Gazipur,Normal/Others,"NA - Construction of roads, approach roads, link roads and pathways",DISTRICT COLLECTOR DAUSA_IDA,2023-08-23,Action Pending,500000,Unsanctioned
MPLADS-050227,SHRI Kirodi Lal,Rajya Sabha,Rajasthan,Sitting Rajya Sabha,,,MAHWA,Gazipur,Normal/Others,NA - Construction of rooms and halls in school and colleges,DISTRICT COLLECTOR DAUSA_IDA,2023-08-23,Action Pending,500000,Unsanctioned
MPLADS-050228,SHRI Neeraj Dangi,Rajya Sabha,Rajasthan,Sitting Rajya Sabha,Kekri,Kekri,,,Normal/Others,NA - Construction of community centers and community halls,DISTRICT COLLECTOR AJMER_IDA,2023-08-23,Action Pending,1000000,Unsanctioned
MPLADS-050229,SHRI Neeraj Dangi,Rajya Sabha,Rajasthan,Sitting Rajya Sabha,Sarwar,Sarwar,,,Normal/Others,NA - Construction of rooms and halls in school and colleges,DISTRICT COLLECTOR AJMER_IDA,2023-08-23,Action Pending,1000000,Unsanctioned
MPLADS-050230,SHRI Neeraj Dangi,Rajya Sabha,Rajasthan,Sitting Rajya Sabha,Kekri,Kekri,,,Normal/Others,NA - Construction of rooms and halls in school and colleges,DISTRICT COLLECTOR AJMER_IDA,2023-08-23,Action Pending,1000000,Unsanctioned
MPLADS-050231,SHRI Neeraj Dangi,Rajya Sabha,Rajasthan,Sitting Rajya Sabha,Sarwar,"Raiger Mohalla, Sarwar",,,Normal/Others,NA - Construction of community centers and community halls,DISTRICT COLLECTOR AJMER_IDA,2023-08-23,Action Pending,1000000,Unsanctioned
MPLADS-050243,SHRI Neeraj Dangi,Rajya Sabha,Rajasthan,Sitting Rajya Sabha,,,MAHWA,Kherli Narayan Singh,Normal/Others,NA - Construction of rooms and halls in school and colleges,DISTRICT COLLECTOR DAUSA_IDA,2023-08-22,Action Pending,1257000,Unsanctioned
MPLADS-050244,SHRI Neeraj Dangi,Rajya Sabha,Rajasthan,Sitting Rajya Sabha,,,MALKHEDA,Nithari,Normal/Others,"NA - Construction of roads, link roads, pathways or any other road with or without drainage system",DISTRICT COLLECTOR ALWAR_IDA,2023-08-22,Action Pending,500000,Unsanctioned
MPLADS-050245,SHRI Neeraj Dangi,Rajya Sabha,Rajasthan,Sitting Rajya Sabha,,,MALKHEDA,Nithari,Normal/Others,"NA - Construction of roads, link roads, pathways or any other road with or without drainage system",DISTRICT COLLECTOR ALWAR_IDA,2023-08-22,Action Pending,500000,Unsanctioned
MPLADS-050246,SHRI Neeraj Dangi,Rajya Sabha,Rajasthan,Sitting Rajya Sabha,,,MALKHEDA,Nithari,Normal/Others,"NA - Construction of roads, approach roads, link roads and pathways",DISTRICT COLLECTOR ALWAR_IDA,2023-08-22,Action Pending,500000,Unsanctioned
MPLADS-050247,SHRI Neeraj Dangi,Rajya Sabha,Rajasthan,Sitting Rajya Sabha,,,MALKHEDA,Nithari,Normal/Others,"NA - Construction of roads, approach roads, link roads and pathways",DISTRICT COLLECTOR ALWAR_IDA,2023-08-22,Action Pending,700000,Unsanctioned
MPLADS-050248,SHRI Neeraj Dangi,Rajya Sabha,Rajasthan,Sitting Rajya Sabha,,,MALKHEDA,Kherli Saiyad,Normal/Others,"NA - Construction of roads, approach roads, link roads and pathways",DISTRICT COLLECTOR ALWAR_IDA,2023-08-22,Action Pending,1000000,Unsanctioned
MPLADS-050249,SHRI Neeraj Dangi,Rajya Sabha,Rajasthan,Sitting Rajya Sabha,,,MALKHEDA,Kherli Saiyad,Normal/Others,NA - Providing drains and gutters for public drainage,DISTRICT COLLECTOR ALWAR_IDA,2023-08-22,Action Pending,1000000,Unsanctioned
MPLADS-050250,Shri PP Chaudhary ,Lok Sabha,Rajasthan,PALI,,,BALI,Bera,Normal/Others,WS/MP389/2023-2024/12260 - Purchase of furniture and fixtures for educational purposes,DISTRICT COLLECTOR PALI_IDA,2023-08-22,Approved by IDA,700000,Ongoing
MPLADS-050252,SHRI Neeraj Dangi,Rajya Sabha,Rajasthan,Sitting Rajya Sabha,,,TODABHIM,Nangal Sherpur,Normal/Others,"NA - Construction of roads, approach roads, link roads and pathways",DISTRICT COLLECTOR KARAULI_IDA,2023-08-22,Action Pending,1000000,Unsanctioned
MPLADS-050257,SHRI Neeraj Dangi,Rajya Sabha,Rajasthan,Sitting Rajya Sabha,Ajmer,Ajmer,,,Normal/Others,NA - Construction of additional rooms and halls in the existing public and community building,DISTRICT COLLECTOR AJMER_IDA,2023-08-22,Action Pending,2500000,Unsanctioned
MPLADS-050258,SHRI Neeraj Dangi,Rajya Sabha,Rajasthan,Sitting Rajya Sabha,,,SIKRAI,Nandri,Normal/Others,"WS/MP236/2023-2024/12261 - Construction of roads, approach roads, link roads and pathways",DISTRICT COLLECTOR DAUSA_IDA,2023-08-22,Approved by IDA,1000000,Sanctioned
MPLADS-050260,SHRI Neeraj Dangi,Rajya Sabha,Rajasthan,Sitting Rajya Sabha,,,TODABHIM,Azizpur,Normal/Others,"NA - Construction of roads, approach roads, link roads and pathways",DISTRICT COLLECTOR KARAULI_IDA,2023-08-22,Action Pending,1000000,Unsanctioned
MPLADS-050276,SHRI Neeraj Dangi,Rajya Sabha,Rajasthan,Sitting Rajya Sabha,,,SHEO,Jhanphli Kalan,Normal/Others,WS/MP236/2023-2024/12214 - Construction of public libraries and reading rooms,DISTRICT COLLECTOR BARMER_IDA,2023-08-22,Approved by IDA,1000000,Unsanctioned
MPLADS-050277,SHRI Neeraj Dangi,Rajya Sabha,Rajasthan,Sitting Rajya Sabha,,,SEDWA,Harpaliya,Normal/Others,WS/MP236/2023-2024/12215 - Construction of public libraries and reading rooms,DISTRICT COLLECTOR BARMER_IDA,2023-08-22,Approved by IDA,1000000,Sanctioned
MPLADS-050278,SHRI Neeraj Dangi,Rajya Sabha,Rajasthan,Sitting Rajya Sabha,,,CHOHTAN,Ramzan Ki Gafan,Normal/Others,WS/MP236/2023-2024/12226 - Construction of public libraries and reading rooms,DISTRICT COLLECTOR BARMER_IDA,2023-08-22,Approved by IDA,1000000,Ongoing
MPLADS-050279,SHRI Neeraj Dangi,Rajya Sabha,Rajasthan,Sitting Rajya Sabha,,,MAHWA,Antarhera,Normal/Others,WS/MP236/2023-2024/12235 - Construction of boundary walls of existing public and community buildings,DISTRICT COLLECTOR DAUSA_IDA,2023-08-22,Approved by IDA,2000000,Unsanctioned
MPLADS-050280,SHRI Neeraj Dangi,Rajya Sabha,Rajasthan,Sitting Rajya Sabha,,,MAHWA,Hurla,Normal/Others,WS/MP236/2023-2024/12245 - Construction of public libraries and reading rooms,DISTRICT COLLECTOR DAUSA_IDA,2023-08-22,Approved by IDA,3000000,Unsanctioned
MPLADS-050281,SHRI Neeraj Dangi,Rajya Sabha,Rajasthan,Sitting Rajya Sabha,,,TODABHIM,Azizpur,Normal/Others,"NA - Construction of roads, approach roads, link roads and pathways",DISTRICT COLLECTOR KARAULI_IDA,2023-08-22,Action Pending,1000000,Unsanctioned
MPLADS-050302,SHRI Neeraj Dangi,Rajya Sabha,Rajasthan,Sitting Rajya Sabha,,,LAXMANGARH,Sunari,Normal/Others,WS/MP236/2023-2024/12056 - Construction of boundary walls of existing public and community buildings,DISTRICT COLLECTOR ALWAR_IDA,2023-08-22,Approved by IDA,2000000,Unsanctioned
MPLADS-050317,Shri PP Chaudhary ,Lok Sabha,Rajasthan,PALI,,,Bali,Punariya,Normal/Others,NA - Purchase of furniture and fixtures for educational purposes,DISTRICT COLLECTOR PALI_IDA,2023-08-22,Action Pending,300000,Unsanctioned
MPLADS-050318,Shri PP Chaudhary ,Lok Sabha,Rajasthan,PALI,,,KHARCHI(MAR.JUN),Phulad,Normal/Others,WS/MP389/2023-2024/12272 - Construction of buildings for community cultural activities,DISTRICT COLLECTOR PALI_IDA,2023-08-22,Approved by IDA,700000,Ongoing
MPLADS-050319,Shri PP Chaudhary ,Lok Sabha,Rajasthan,PALI,,,KHARCHI(MAR.JUN),Bori Mada,Normal/Others,NA - Construction of buildings for community cultural activities,DISTRICT COLLECTOR PALI_IDA,2023-08-22,Action Pending,500000,Unsanctioned
MPLADS-050320,Shri PP Chaudhary ,Lok Sabha,Rajasthan,PALI,,,DESURI,Panota,Normal/Others,WS/MP389/2023-2024/12274 - Purchase of furniture and fixtures for educational purposes,DISTRICT COLLECTOR PALI_IDA,2023-08-22,Approved by IDA,500000,Unsanctioned
MPLADS-050321,Shri PP Chaudhary ,Lok Sabha,Rajasthan,PALI,,,DESURI,Magar Talab,Normal/Others,WS/MP389/2023-2024/12275 - Purchase of furniture and fixtures for educational purposes,DISTRICT COLLECTOR PALI_IDA,2023-08-22,Approved by IDA,500000,Unsanctioned
MPLADS-050327,Nihal Chand Chauhan,Lok Sabha,Rajasthan,GANGANAGAR(SC),,,SADULSHAHAR,36 Ptp (Manniwali),Normal/Others,NA - Construction of shelters for animals,DISTRICT COLLECTOR SRIGANGANAGAR_IDA,2023-08-22,Action Pending,1000000,Unsanctioned
MPLADS-050328,Nihal Chand Chauhan,Lok Sabha,Rajasthan,GANGANAGAR(SC),,,SADULSHAHAR,25 Ksd-A,Normal/Others,NA - Crematoriums or structures on burial/ cremation ground for public convenience,DISTRICT COLLECTOR SRIGANGANAGAR_IDA,2023-08-22,Action Pending,1000000,Unsanctioned
MPLADS-050329,Rahul Kaswan,Lok Sabha,Rajasthan,CHURU,,,RAJGARH,Gulpura,Normal/Others,NA - Development of playfields and sports grounds,DISTRICT COLLECTOR CHURU_IDA,2023-08-22,Action Pending,800000,Unsanctioned
MPLADS-050330,Rahul Kaswan,Lok Sabha,Rajasthan,CHURU,,,BHADRA,ALAYLA,Normal/Others,"WS/MP728/2023-2024/11928 - Construction of roads, approach roads, link roads and pathways",DISTRICT COLLECTOR HANUMANGARH_IDA,2023-08-22,Approved by IDA,600000,Unsanctioned
MPLADS-050331,Shri PP Chaudhary ,Lok Sabha,Rajasthan,PALI,,,BALI,Bedal,Normal/Others,WS/MP389/2023-2024/12262 - Purchase of furniture and fixtures for educational purposes,DISTRICT COLLECTOR PALI_IDA,2023-08-22,Approved by IDA,500000,Unsanctioned
MPLADS-050332,Shri PP Chaudhary ,Lok Sabha,Rajasthan,PALI,,,BALI,Malnoo,Normal/Others,WS/MP389/2023-2024/12263 - Purchase of furniture and fixtures for educational purposes,DISTRICT COLLECTOR PALI_IDA,2023-08-22,Approved by IDA,500000,Unsanctioned
MPLADS-050333,Shri PP Chaudhary ,Lok Sabha,Rajasthan,PALI,,,BALI,Perwa,Normal/Others,WS/MP389/2023-2024/12264 - Purchase of furniture and fixtures for educational purposes,DISTRICT COLLECTOR PALI_IDA,2023-08-22,Approved by IDA,500000,Unsanctioned
MPLADS-050335,Shri PP Chaudhary ,Lok Sabha,Rajasthan,PALI,,,BALI,Phalna (Rural),Normal/Others,WS/MP389/2023-2024/12266 - Purchase of furniture and fixtures for educational purposes,DISTRICT COLLECTOR PALI_IDA,2023-08-22,Approved by IDA,500000,Unsanctioned
MPLADS-050336,Shri PP Chaudhary ,Lok Sabha,Rajasthan,PALI,,,BALI,Latara,Normal/Others,WS/MP389/2023-2024/12267 - Purchase of furniture and fixtures for educational purposes,DISTRICT COLLECTOR PALI_IDA,2023-08-22,Approved by IDA,500000,Unsanctioned
MPLADS-050337,Shri PP Chaudhary ,Lok Sabha,Rajasthan,PALI,,,BALI,Lunawa,Normal/Others,WS/MP389/2023-2024/12268 - Purchase of furniture and fixtures for educational purposes,DISTRICT COLLECTOR PALI_IDA,2023-08-22,Approved by IDA,500000,Ongoing
MPLADS-050338,Shri PP Chaudhary ,Lok Sabha,Rajasthan,PALI,,,BALI,Guralas,Normal/Others,WS/MP389/2023-2024/12269 - Crematoriums or structures on burial/ cremation ground for public convenience,DISTRICT COLLECTOR PALI_IDA,2023-08-22,Approved by IDA,500000,Unsanctioned
MPLADS-050339,SHRI Neeraj Dangi,Rajya Sabha,Rajasthan,Sitting Rajya Sabha,Jalore,Jalore,,,Normal/Others,WS/MP236/2023-2024/12209 - Construction of boundary walls of existing public and community buildings,DISTRICT COLLECTOR JALORE_IDA,2023-08-22,Approved by IDA,3154000,Unsanctioned
MPLADS-050340,SHRI Neeraj Dangi,Rajya Sabha,Rajasthan,Sitting Rajya Sabha,,,NACHANA,Ghantiyali,Normal/Others,"WS/MP236/2023-2024/12078 - Construction of roads, approach roads, link roads and pathways",DISTRICT COLLECTOR JAISLAMER_IDA,2023-08-22,Approved by IDA,500000,Ongoing
MPLADS-050344,Nihal Chand Chauhan,Lok Sabha,Rajasthan,GANGANAGAR(SC),,,GANGANAGAR,12 F,Normal/Others,NA - Providing drains and gutters for public drainage,DISTRICT COLLECTOR SRIGANGANAGAR_IDA,2023-08-22,Action Pending,800000,Unsanctioned
MPLADS-050345,Nihal Chand Chauhan,Lok Sabha,Rajasthan,GANGANAGAR(SC),,,GANGANAGAR,9 Z,Normal/Others,NA - Crematoriums or structures on burial/ cremation ground for public convenience,DISTRICT COLLECTOR SRIGANGANAGAR_IDA,2023-08-22,Action Pending,800000,Unsanctioned
MPLADS-050346,Nihal Chand Chauhan,Lok Sabha,Rajasthan,GANGANAGAR(SC),,,SADULSHAHAR,10 Sds (Khatsajawar),Normal/Others,NA - Construction of boundary walls of existing public and community buildings,DISTRICT COLLECTOR SRIGANGANAGAR_IDA,2023-08-22,Action Pending,1000000,Unsanctioned
MPLADS-050348,Shri PP Chaudhary ,Lok Sabha,Rajasthan,PALI,,,BALI,Kheemel,Normal/Others,WS/MP389/2023-2024/12254 - Purchase of furniture and fixtures for educational purposes,DISTRICT COLLECTOR PALI_IDA,2023-08-22,Approved by IDA,500000,Ongoing
MPLADS-050349,Shri PP Chaudhary ,Lok Sabha,Rajasthan,PALI,,,BALI,Beesalpur,Normal/Others,WS/MP389/2023-2024/12253 - Purchase of furniture and fixtures for educational purposes,DISTRICT COLLECTOR PALI_IDA,2023-08-22,Approved by IDA,700000,Ongoing
MPLADS-050350,Shri PP Chaudhary ,Lok Sabha,Rajasthan,PALI,,,ROHAT,Rohat,Normal/Others,WS/MP389/2023-2024/12250 - Construction of buildings for community cultural activities,DISTRICT COLLECTOR PALI_IDA,2023-08-22,Approved by IDA,1000000,Ongoing
MPLADS-050356,Nihal Chand Chauhan,Lok Sabha,Rajasthan,GANGANAGAR(SC),,,RAISINGHNAGAR,1 Nzp-A,Normal/Others,WS/MP726/2023-2024/12232 - Crematoriums or structures on burial/ cremation ground for public convenience,DISTRICT COLLECTOR SRIGANGANAGAR_IDA,2023-08-22,Approved by IDA,1500000,Unsanctioned
MPLADS-050359,Shri PP Chaudhary ,Lok Sabha,Rajasthan,PALI,,,ROHAT,Bhakriwala,Normal/Others,NA - Construction of footpaths and pedestrian ways,DISTRICT COLLECTOR PALI_IDA,2023-08-22,Action Pending,700000,Unsanctioned
MPLADS-050360,Shri PP Chaudhary ,Lok Sabha,Rajasthan,PALI,,,ROHAT,Khandi,Normal/Others,WS/MP389/2023-2024/12248 - Purchase of furniture and fixtures for educational purposes,DISTRICT COLLECTOR PALI_IDA,2023-08-22,Approved by IDA,500000,Ongoing
MPLADS-050361,Shri PP Chaudhary ,Lok Sabha,Rajasthan,PALI,,,KHARCHI(MAR.JUN),Basni Jojawar,Normal/Others,NA - Purchase of furniture and fixtures for educational purposes,DISTRICT COLLECTOR PALI_IDA,2023-08-22,Rejected by IDA,500000,Unsanctioned
MPLADS-050362,Nihal Chand Chauhan,Lok Sabha,Rajasthan,GANGANAGAR(SC),,,VIJAINAGAR,7 Lc,Normal/Others,WS/MP726/2023-2024/12234 - Construction of rooms and halls in school and colleges,DISTRICT COLLECTOR SRIGANGANAGAR_IDA,2023-08-22,Approved by IDA,1400000,Unsanctioned
MPLADS-050363,Nihal Chand Chauhan,Lok Sabha,Rajasthan,GANGANAGAR(SC),,,RAISINGHNAGAR,5 Tk,Normal/Others,WS/MP726/2023-2024/12233 - Construction of boundary walls of existing public and community buildings,DISTRICT COLLECTOR SRIGANGANAGAR_IDA,2023-08-22,Approved by IDA,500000,Unsanctioned
MPLADS-050382,Shri PP Chaudhary ,Lok Sabha,Rajasthan,PALI,,,BALI,Barwa,Normal/Others,WS/MP389/2023-2024/12255 - Purchase of furniture and fixtures for educational purposes,DISTRICT COLLECTOR PALI_IDA,2023-08-22,Approved by IDA,500000,Unsanctioned
MPLADS-050405,SHRI Neeraj Dangi,Rajya Sabha,Rajasthan,Sitting Rajya Sabha,,,NACHANA,Ghantiyali,Repair and Renovation,WS/MP236/2023-2024/12079 - Construction of public irrigation facilities,DISTRICT COLLECTOR JAISLAMER_IDA,2023-08-22,Approved by IDA,1000000,Ongoing
MPLADS-050505,Rahul Kaswan,Lok Sabha,Rajasthan,CHURU,,,TARANAGAR,Buchawas,Normal/Others,"NA - Construction of roads, approach roads, link roads and pathways",DISTRICT COLLECTOR CHURU_IDA,2023-08-21,Action Pending,200000,Unsanctioned
MPLADS-050508,Smt Ranjeeta Koli,Lok Sabha,Rajasthan,BHARATPUR(SC),,,DEEG,Toda,Normal/Others,NA - Construction of community centers and community halls,DISTRICT COLLECTOR BHARATPUR_IDA,2023-08-21,Action Pending,500000,Unsanctioned
MPLADS-050509,Smt Ranjeeta Koli,Lok Sabha,Rajasthan,BHARATPUR(SC),,,RUPBAS,Madapura,Normal/Others,NA - Installing hand pumps,DISTRICT COLLECTOR BHARATPUR_IDA,2023-08-21,Action Pending,120000,Unsanctioned
MPLADS-050510,Smt Ranjeeta Koli,Lok Sabha,Rajasthan,BHARATPUR(SC),,,RUPBAS,Madapura,Normal/Others,NA - Installing hand pumps,DISTRICT COLLECTOR BHARATPUR_IDA,2023-08-21,Action Pending,120000,Unsanctioned
MPLADS-050511,Smt Ranjeeta Koli,Lok Sabha,Rajasthan,BHARATPUR(SC),,,RUPBAS,Madapura,Normal/Others,NA - Construction of rooms and halls in school and colleges,DISTRICT COLLECTOR BHARATPUR_IDA,2023-08-21,Action Pending,500000,Unsanctioned
MPLADS-050512,Rahul Kaswan,Lok Sabha,Rajasthan,CHURU,Rajgarh(Churu),Ward No 10,,,Normal/Others,NA - Purchase of non-conventional energy system and devices for community use,DISTRICT COLLECTOR CHURU_IDA,2023-08-21,Action Pending,150000,Unsanctioned
MPLADS-050513,Smt Ranjeeta Koli,Lok Sabha,Rajasthan,BHARATPUR(SC),,,SEWAR,Par,Normal/Others,NA - Crematoriums or structures on burial/ cremation ground for public convenience,DISTRICT COLLECTOR BHARATPUR_IDA,2023-08-21,Action Pending,500000,Unsanctioned
MPLADS-050514,Smt Ranjeeta Koli,Lok Sabha,Rajasthan,BHARATPUR(SC),,,SEWAR,Bansi Khurd,Normal/Others,"NA - Construction of roads, link roads, pathways or any other road with or without drainage system",DISTRICT COLLECTOR BHARATPUR_IDA,2023-08-21,Action Pending,500000,Unsanctioned
MPLADS-050515,Smt Ranjeeta Koli,Lok Sabha,Rajasthan,BHARATPUR(SC),,,SEWAR,Malah,Normal/Others,"NA - Construction of roads, link roads, pathways or any other road with or without drainage system",DISTRICT COLLECTOR BHARATPUR_IDA,2023-08-21,Action Pending,600000,Unsanctioned
MPLADS-050516,Rahul Kaswan,Lok Sabha,Rajasthan,CHURU,,,TARANAGAR,Buchawas,Normal/Others,"NA - Construction of roads, approach roads, link roads and pathways",DISTRICT COLLECTOR CHURU_IDA,2023-08-21,Action Pending,200000,Unsanctioned
MPLADS-050517,Rahul Kaswan,Lok Sabha,Rajasthan,CHURU,,,TARANAGAR,Buchawas,Normal/Others,"NA - Construction of roads, approach roads, link roads and pathways",DISTRICT COLLECTOR CHURU_IDA,2023-08-21,Action Pending,200000,Unsanctioned
MPLADS-050518,Smt Ranjeeta Koli,Lok Sabha,Rajasthan,BHARATPUR(SC),,,NADBAI,Raisees,Normal/Others,NA - Crematoriums or structures on burial/ cremation ground for public convenience,DISTRICT COLLECTOR BHARATPUR_IDA,2023-08-21,Action Pending,500000,Unsanctioned
MPLADS-050519,Rahul Kaswan,Lok Sabha,Rajasthan,CHURU,,,TARANAGAR,Buchawas,Normal/Others,"NA - Construction of roads, approach roads, link roads and pathways",DISTRICT COLLECTOR CHURU_IDA,2023-08-21,Action Pending,200000,Unsanctioned
MPLADS-050520,Smt Ranjeeta Koli,Lok Sabha,Rajasthan,BHARATPUR(SC),,,NADBAI,Karhi,Normal/Others,"NA - Construction of roads, link roads, pathways or any other road with or without drainage system",DISTRICT COLLECTOR BHARATPUR_IDA,2023-08-21,Action Pending,500000,Unsanctioned
MPLADS-050530,Smt Ranjeeta Koli,Lok Sabha,Rajasthan,BHARATPUR(SC),,,KATHUMAR,Reta,Normal/Others,NA - Crematoriums or structures on burial/ cremation ground for public convenience,DISTRICT COLLECTOR ALWAR_IDA,2023-08-21,Action Pending,500000,Unsanctioned
MPLADS-050532,Smt Ranjeeta Koli,Lok Sabha,Rajasthan,BHARATPUR(SC),,,KATHUMAR,Toda,Normal/Others,NA - Crematoriums or structures on burial/ cremation ground for public convenience,DISTRICT COLLECTOR ALWAR_IDA,2023-08-21,Action Pending,300000,Unsanctioned
MPLADS-050563,Smt Ranjeeta Koli,Lok Sabha,Rajasthan,BHARATPUR(SC),,,KATHUMAR,Toda,Normal/Others,NA - Crematoriums or structures on burial/ cremation ground for public convenience,DISTRICT COLLECTOR ALWAR_IDA,2023-08-21,Action Pending,300000,Unsanctioned
MPLADS-050565,Smt Ranjeeta Koli,Lok Sabha,Rajasthan,BHARATPUR(SC),,,KATHUMAR,Toda,Normal/Others,"NA - Construction of roads, approach roads, link roads and pathways",DISTRICT COLLECTOR ALWAR_IDA,2023-08-21,Action Pending,500000,Unsanctioned
MPLADS-050567,Rahul Kaswan,Lok Sabha,Rajasthan,CHURU,,,TARANAGAR,Buchawas,Normal/Others,"NA - Construction of roads, approach roads, link roads and pathways",DISTRICT COLLECTOR CHURU_IDA,2023-08-21,Action Pending,200000,Unsanctioned
MPLADS-050568,Smt Ranjeeta Koli,Lok Sabha,Rajasthan,BHARATPUR(SC),,,NADBAI,Dahra,Normal/Others,"NA - Construction of roads, link roads, pathways or any other road with or without drainage system",DISTRICT COLLECTOR BHARATPUR_IDA,2023-08-21,Action Pending,500000,Unsanctioned
MPLADS-050569,Smt Ranjeeta Koli,Lok Sabha,Rajasthan,BHARATPUR(SC),,,DEEG,Moroli,Normal/Others,NA - Construction of community centers and community halls,DISTRICT COLLECTOR BHARATPUR_IDA,2023-08-21,Action Pending,500000,Unsanctioned
MPLADS-050570,Smt Ranjeeta Koli,Lok Sabha,Rajasthan,BHARATPUR(SC),,,DEEG,Mawai,Normal/Others,NA - Crematoriums or structures on burial/ cremation ground for public convenience,DISTRICT COLLECTOR BHARATPUR_IDA,2023-08-21,Action Pending,500000,Unsanctioned
MPLADS-050571,Smt Ranjeeta Koli,Lok Sabha,Rajasthan,BHARATPUR(SC),,,NAGAR PAHARI,Palka,Normal/Others,"NA - Construction of roads, link roads, pathways or any other road with or without drainage system",DISTRICT COLLECTOR BHARATPUR_IDA,2023-08-21,Action Pending,300000,Unsanctioned
MPLADS-050572,Smt Ranjeeta Koli,Lok Sabha,Rajasthan,BHARATPUR(SC),,,NAGAR PAHARI,Palka,Normal/Others,NA - Construction of rooms and halls in school and colleges,DISTRICT COLLECTOR BHARATPUR_IDA,2023-08-21,Action Pending,500000,Unsanctioned
MPLADS-050573,Rahul Kaswan,Lok Sabha,Rajasthan,CHURU,,,RATANGARH,Parihara,Normal/Others,NA - Construction of shelters for animals,DISTRICT COLLECTOR CHURU_IDA,2023-08-21,Action Pending,200000,Unsanctioned
MPLADS-050574,Smt Ranjeeta Koli,Lok Sabha,Rajasthan,BHARATPUR(SC),,,NAGAR PAHARI,Padalwas,Normal/Others,"NA - Construction of roads, link roads, pathways or any other road with or without drainage system",DISTRICT COLLECTOR BHARATPUR_IDA,2023-08-21,Action Pending,500000,Unsanctioned
MPLADS-050575,Smt Ranjeeta Koli,Lok Sabha,Rajasthan,BHARATPUR(SC),,,SEWAR,Jharoli,Normal/Others,NA - Construction of rooms and halls in school and colleges,DISTRICT COLLECTOR BHARATPUR_IDA,2023-08-21,Action Pending,500000,Unsanctioned
MPLADS-050576,Rahul Kaswan,Lok Sabha,Rajasthan,CHURU,,,RATANGARH,Parihara,Normal/Others,NA - Providing drains and gutters for public drainage,DISTRICT COLLECTOR CHURU_IDA,2023-08-21,Action Pending,300000,Unsanctioned
MPLADS-050577,Smt Ranjeeta Koli,Lok Sabha,Rajasthan,BHARATPUR(SC),,,KATHUMAR,Doroli,Normal/Others,NA - Crematoriums or structures on burial/ cremation ground for public convenience,DISTRICT COLLECTOR ALWAR_IDA,2023-08-21,Action Pending,600000,Unsanctioned
MPLADS-050578,Smt Ranjeeta Koli,Lok Sabha,Rajasthan,BHARATPUR(SC),,,KATHUMAR,Garoo,Normal/Others,NA - Construction of community centers and community halls,DISTRICT COLLECTOR ALWAR_IDA,2023-08-21,Action Pending,800000,Unsanctioned
MPLADS-050579,Smt Ranjeeta Koli,Lok Sabha,Rajasthan,BHARATPUR(SC),,,KATHUMAR,Kathoomar,Normal/Others,"NA - Construction of roads, approach roads, link roads and pathways",DISTRICT COLLECTOR ALWAR_IDA,2023-08-21,Action Pending,500000,Unsanctioned
MPLADS-050580,Rahul Kaswan,Lok Sabha,Rajasthan,CHURU,,,SUJANGARH,Parwatisar,Normal/Others,"NA - Construction of roads, approach roads, link roads and pathways",DISTRICT COLLECTOR CHURU_IDA,2023-08-21,Action Pending,200000,Unsanctioned
MPLADS-050581,Rahul Kaswan,Lok Sabha,Rajasthan,CHURU,,,SUJANGARH,Parwatisar,Normal/Others,"NA - Construction of roads, approach roads, link roads and pathways",DISTRICT COLLECTOR CHURU_IDA,2023-08-21,Action Pending,200000,Unsanctioned
MPLADS-050583,Smt Ranjeeta Koli,Lok Sabha,Rajasthan,BHARATPUR(SC),,,KATHUMAR,Jahadoo,Normal/Others,NA - Installing tube-wells and borewells,DISTRICT COLLECTOR ALWAR_IDA,2023-08-21,Action Pending,500000,Unsanctioned
MPLADS-050584,Rahul Kaswan,Lok Sabha,Rajasthan,CHURU,,,SUJANGARH,Kolasar,Normal/Others,"NA - Construction of roads, approach roads, link roads and pathways",DISTRICT COLLECTOR CHURU_IDA,2023-08-21,Action Pending,200000,Unsanctioned
MPLADS-050585,Rahul Kaswan,Lok Sabha,Rajasthan,CHURU,Rajgarh(Churu),Ward No 3,,,Normal/Others,NA - Development of public parks,DISTRICT COLLECTOR CHURU_IDA,2023-08-21,Action Pending,500000,Unsanctioned
MPLADS-050586,Rahul Kaswan,Lok Sabha,Rajasthan,CHURU,,,SUJANGARH,Lalpura,Normal/Others,"NA - Construction of roads, approach roads, link roads and pathways",DISTRICT COLLECTOR CHURU_IDA,2023-08-21,Action Pending,200000,Unsanctioned
MPLADS-050587,Rahul Kaswan,Lok Sabha,Rajasthan,CHURU,,,SUJANGARH,Chariya,Normal/Others,NA - Construction of rooms and halls in school and colleges,DISTRICT COLLECTOR CHURU_IDA,2023-08-21,Action Pending,200000,Unsanctioned
MPLADS-050588,Smt Ranjeeta Koli,Lok Sabha,Rajasthan,BHARATPUR(SC),,,KATHUMAR,Mathura Hera,Normal/Others,NA - Construction of rooms and halls in school and colleges,DISTRICT COLLECTOR ALWAR_IDA,2023-08-21,Action Pending,600000,Unsanctioned
MPLADS-050590,Rahul Kaswan,Lok Sabha,Rajasthan,CHURU,,,SUJANGARH,Chariya,Normal/Others,NA - Development of playfields and sports grounds,DISTRICT COLLECTOR CHURU_IDA,2023-08-21,Action Pending,500000,Unsanctioned
MPLADS-050591,Smt Ranjeeta Koli,Lok Sabha,Rajasthan,BHARATPUR(SC),,,KATHUMAR,Dantiya,Normal/Others,NA - Crematoriums or structures on burial/ cremation ground for public convenience,DISTRICT COLLECTOR ALWAR_IDA,2023-08-21,Action Pending,500000,Unsanctioned
MPLADS-050592,Rahul Kaswan,Lok Sabha,Rajasthan,CHURU,,,SUJANGARH,Harasar,Normal/Others,NA - Construction of rooms and halls in school and colleges,DISTRICT COLLECTOR CHURU_IDA,2023-08-21,Action Pending,200000,Unsanctioned
MPLADS-050593,Rahul Kaswan,Lok Sabha,Rajasthan,CHURU,,,SUJANGARH,Harasar,Normal/Others,NA - Construction of shelters for animals,DISTRICT COLLECTOR CHURU_IDA,2023-08-21,Action Pending,200000,Unsanctioned
MPLADS-050594,Rahul Kaswan,Lok Sabha,Rajasthan,CHURU,,,RAJGARH,Janau Khari,Normal/Others,WS/MP728/2023-2024/11677 - Improvement of electricity distribution infrastructure,DISTRICT COLLECTOR CHURU_IDA,2023-08-21,Approved by IDA,174700,Unsanctioned
MPLADS-050642,Shri Mukul Balkrishna Wasnik,Rajya Sabha,Rajasthan,Sitting Rajya Sabha,,,MOLASAR,Dasana Khurd,Normal/Others,NA - Construction of rooms and halls in school and colleges,DISTRICT COLLECTOR NAGAUR_IDA,2023-08-21,Action Pending,2000000,Unsanctioned
MPLADS-050644,Shri Mukul Balkrishna Wasnik,Rajya Sabha,Rajasthan,Sitting Rajya Sabha,,,VIRATNAGAR,Bhamod,Normal/Others,WS/MP146/2023-2024/11890 - Construction of rooms and halls in school and colleges,DISTRICT COLLECTOR JAIPUR_IDA,2023-08-21,Approved by IDA,1500000,Unsanctioned
MPLADS-050645,Shri Mukul Balkrishna Wasnik,Rajya Sabha,Rajasthan,Sitting Rajya Sabha,,,TODABHIM,Gorda,Normal/Others,"NA - Construction of roads, approach roads, link roads and pathways",DISTRICT COLLECTOR KARAULI_IDA,2023-08-21,Action Pending,1000000,Unsanctioned
MPLADS-050646,Shri Mukul Balkrishna Wasnik,Rajya Sabha,Rajasthan,Sitting Rajya Sabha,,,PEEPLU,Peeplu,Normal/Others,WS/MP146/2023-2024/11841 - Construction of rooms and halls in school and colleges,DISTRICT COLLECTOR TONK_IDA,2023-08-21,Approved by IDA,500000,Unsanctioned
MPLADS-050647,Shri Mukul Balkrishna Wasnik,Rajya Sabha,Rajasthan,Sitting Rajya Sabha,,,PEEPLU,Bagarwa,Normal/Others,WS/MP146/2023-2024/11840 - Construction of rooms and halls in school and colleges,DISTRICT COLLECTOR TONK_IDA,2023-08-21,Approved by IDA,500000,Unsanctioned
MPLADS-050648,Shri Mukul Balkrishna Wasnik,Rajya Sabha,Rajasthan,Sitting Rajya Sabha,Jaipur Heritage,12,,,Normal/Others,WS/MP146/2023-2024/11804 - Construction of rooms and halls in school and colleges,DISTRICT COLLECTOR JAIPUR_IDA,2023-08-21,Approved by IDA,3000000,Unsanctioned
MPLADS-050649,Shri Mukul Balkrishna Wasnik,Rajya Sabha,Rajasthan,Sitting Rajya Sabha,,,CHITALWANA,Doongri,Normal/Others,"WS/MP146/2023-2024/11784 - Construction of roads, approach roads, link roads and pathways",DISTRICT COLLECTOR JALORE_IDA,2023-08-21,Approved by IDA,1530000,Unsanctioned
MPLADS-050693,Smt Ranjeeta Koli,Lok Sabha,Rajasthan,BHARATPUR(SC),,,DEEG,Dantlothi,Normal/Others,"NA - Construction of roads, link roads, pathways or any other road with or without drainage system",DISTRICT COLLECTOR BHARATPUR_IDA,2023-08-21,Action Pending,500000,Unsanctioned
MPLADS-050694,Smt Ranjeeta Koli,Lok Sabha,Rajasthan,BHARATPUR(SC),,,DEEG,Badangarh,Normal/Others,"NA - Construction of roads, link roads, pathways or any other road with or without drainage system",DISTRICT COLLECTOR BHARATPUR_IDA,2023-08-21,Action Pending,500000,Unsanctioned
MPLADS-050695,Smt Ranjeeta Koli,Lok Sabha,Rajasthan,BHARATPUR(SC),,,DEEG,Siswara,Normal/Others,"NA - Construction of roads, link roads, pathways or any other road with or without drainage system",DISTRICT COLLECTOR BHARATPUR_IDA,2023-08-21,Action Pending,600000,Unsanctioned
MPLADS-050696,Smt Ranjeeta Koli,Lok Sabha,Rajasthan,BHARATPUR(SC),,,NADBAI,Khera,Normal/Others,NA - Installing hand pumps,DISTRICT COLLECTOR BHARATPUR_IDA,2023-08-21,Action Pending,110000,Unsanctioned
MPLADS-050697,Smt Ranjeeta Koli,Lok Sabha,Rajasthan,BHARATPUR(SC),,,SEWAR,Jharoli,Normal/Others,"NA - Construction of roads, link roads, pathways or any other road with or without drainage system",DISTRICT COLLECTOR BHARATPUR_IDA,2023-08-21,Action Pending,500000,Unsanctioned
MPLADS-050698,Smt Ranjeeta Koli,Lok Sabha,Rajasthan,BHARATPUR(SC),,,SEWAR,Par,Normal/Others,NA - Installing hand pumps,DISTRICT COLLECTOR BHARATPUR_IDA,2023-08-21,Action Pending,120000,Unsanctioned
MPLADS-050699,Smt Ranjeeta Koli,Lok Sabha,Rajasthan,BHARATPUR(SC),,,WEIR,Chak Dharsoni,Normal/Others,"NA - Construction of roads, link roads, pathways or any other road with or without drainage system",DISTRICT COLLECTOR BHARATPUR_IDA,2023-08-21,Action Pending,500000,Unsanctioned
MPLADS-050700,Smt Ranjeeta Koli,Lok Sabha,Rajasthan,BHARATPUR(SC),,,DEEG,Didawali,Normal/Others,NA - Construction of rooms and halls in school and colleges,DISTRICT COLLECTOR BHARATPUR_IDA,2023-08-21,Action Pending,500000,Unsanctioned
MPLADS-050701,Smt Ranjeeta Koli,Lok Sabha,Rajasthan,BHARATPUR(SC),,,DEEG,Nigohi,Normal/Others,NA - Construction of community centers and community halls,DISTRICT COLLECTOR BHARATPUR_IDA,2023-08-21,Action Pending,500000,Unsanctioned
MPLADS-050739,Rahul Kaswan,Lok Sabha,Rajasthan,CHURU,,,RAJGARH,Chand Gothi,Normal/Others,WS/MP728/2023-2024/11673 - Improvement of electricity distribution infrastructure,DISTRICT COLLECTOR CHURU_IDA,2023-08-21,Approved by IDA,114400,Unsanctioned
MPLADS-050740,Rahul Kaswan,Lok Sabha,Rajasthan,CHURU,,,RAJGARH,Kandran,Normal/Others,WS/MP728/2023-2024/11651 - Improvement of electricity distribution infrastructure,DISTRICT COLLECTOR CHURU_IDA,2023-08-21,Approved by IDA,242100,Unsanctioned
MPLADS-050741,Rahul Kaswan,Lok Sabha,Rajasthan,CHURU,,,RAJGARH,Chand Gothi,Normal/Others,WS/MP728/2023-2024/11650 - Improvement of electricity distribution infrastructure,DISTRICT COLLECTOR CHURU_IDA,2023-08-21,Approved by IDA,161500,Unsanctioned
MPLADS-050749,Rahul Kaswan,Lok Sabha,Rajasthan,CHURU,,,CHURU,Peetheesar,Normal/Others,NA - Improvement of electricity distribution infrastructure,DISTRICT COLLECTOR CHURU_IDA,2023-08-21,Action Pending,108100,Unsanctioned
MPLADS-050750,Rahul Kaswan,Lok Sabha,Rajasthan,CHURU,,,TARANAGAR,Dabri Chhoti,Normal/Others,NA - Improvement of electricity distribution infrastructure,DISTRICT COLLECTOR CHURU_IDA,2023-08-21,Action Pending,158600,Unsanctioned
MPLADS-050751,Rahul Kaswan,Lok Sabha,Rajasthan,CHURU,,,CHURU,Peetheesar,Normal/Others,NA - Improvement of electricity distribution infrastructure,DISTRICT COLLECTOR CHURU_IDA,2023-08-21,Action Pending,305600,Unsanctioned
MPLADS-050752,Rahul Kaswan,Lok Sabha,Rajasthan,CHURU,,,TARANAGAR,Sarayan,Normal/Others,NA - Construction of rooms and halls in school and colleges,DISTRICT COLLECTOR CHURU_IDA,2023-08-21,Action Pending,800000,Unsanctioned
MPLADS-050753,Rahul Kaswan,Lok Sabha,Rajasthan,CHURU,,,SARDARSHAHAR,Mehrasar Upadhiyan,Normal/Others,NA - Construction of boundary walls of existing public and community buildings,DISTRICT COLLECTOR CHURU_IDA,2023-08-21,Action Pending,500000,Unsanctioned
MPLADS-050754,Rahul Kaswan,Lok Sabha,Rajasthan,CHURU,,,SARDARSHAHAR,Malaksar,Normal/Others,NA - Construction of boundary walls of existing public and community buildings,DISTRICT COLLECTOR CHURU_IDA,2023-08-21,Action Pending,500000,Unsanctioned
MPLADS-050755,Rahul Kaswan,Lok Sabha,Rajasthan,CHURU,,,SARDARSHAHAR,Badriya,Normal/Others,NA - Construction of boundary walls of existing public and community buildings,DISTRICT COLLECTOR CHURU_IDA,2023-08-21,Action Pending,500000,Unsanctioned
MPLADS-050756,Rahul Kaswan,Lok Sabha,Rajasthan,CHURU,,,RATANGARH,Noonwa,Normal/Others,NA - Improvement of electricity distribution infrastructure,DISTRICT COLLECTOR CHURU_IDA,2023-08-21,Action Pending,140000,Unsanctioned
MPLADS-050757,Rahul Kaswan,Lok Sabha,Rajasthan,CHURU,,,TARANAGAR,Dhani Babriyan,Normal/Others,NA - Construction of additional rooms and halls in the existing public and community building,DISTRICT COLLECTOR CHURU_IDA,2023-08-21,Action Pending,650000,Unsanctioned
MPLADS-050758,Rahul Kaswan,Lok Sabha,Rajasthan,CHURU,Rajgarh(Churu),Ward No 8,,,Normal/Others,"NA - Construction of roads, approach roads, link roads and pathways",DISTRICT COLLECTOR CHURU_IDA,2023-08-21,Action Pending,435000,Unsanctioned
MPLADS-050927,Shri Mukul Balkrishna Wasnik,Rajya Sabha,Rajasthan,Sitting Rajya Sabha,,,KOLAYAT,Mandal Charnan,Repair and Renovation,WS/MP146/2023-2024/11228 - Construction of community centers and community halls,DISTRICT COLLECTOR BIKANER_IDA,2023-08-19,Approved by IDA,3000000,Unsanctioned
MPLADS-050929,Rahul Kaswan,Lok Sabha,Rajasthan,CHURU,,,NOHAR,NIMLA,Normal/Others,WS/MP728/2023-2024/11282 - Construction of shelters for animals,DISTRICT COLLECTOR HANUMANGARH_IDA,2023-08-19,Approved by IDA,700000,Unsanctioned
MPLADS-050932,Rahul Kaswan,Lok Sabha,Rajasthan,CHURU,Taranagar,Ward No 2,,,Normal/Others,NA - Crematoriums or structures on burial/ cremation ground for public convenience,DISTRICT COLLECTOR CHURU_IDA,2023-08-19,Action Pending,800000,Unsanctioned
MPLADS-050933,Rahul Kaswan,Lok Sabha,Rajasthan,CHURU,,,CHURU,Balrasar Athoona,Normal/Others,NA - Construction of additional rooms and halls in the existing public and community building,DISTRICT COLLECTOR CHURU_IDA,2023-08-19,Action Pending,600000,Unsanctioned
MPLADS-050934,Rahul Kaswan,Lok Sabha,Rajasthan,CHURU,,,CHURU,Ghantel,Normal/Others,NA - Construction of shelters for animals,DISTRICT COLLECTOR CHURU_IDA,2023-08-19,Action Pending,1500000,Unsanctioned
MPLADS-050935,Rahul Kaswan,Lok Sabha,Rajasthan,CHURU,,,CHURU,Dudhwakhara,Normal/Others,NA - Construction of boundary walls of existing public and community buildings,DISTRICT COLLECTOR CHURU_IDA,2023-08-19,Action Pending,600000,Unsanctioned
MPLADS-050936,Rahul Kaswan,Lok Sabha,Rajasthan,CHURU,,,TARANAGAR,Kalwas,Normal/Others,NA - Crematoriums or structures on burial/ cremation ground for public convenience,DISTRICT COLLECTOR CHURU_IDA,2023-08-19,Action Pending,1000000,Unsanctioned
MPLADS-050937,Rahul Kaswan,Lok Sabha,Rajasthan,CHURU,,,RATANGARH,Chhabri Meethi,Normal/Others,NA - Providing drains and gutters for public drainage,DISTRICT COLLECTOR CHURU_IDA,2023-08-19,Action Pending,1000000,Unsanctioned
MPLADS-050938,Rahul Kaswan,Lok Sabha,Rajasthan,CHURU,Churu,Ward No 1,,,Normal/Others,NA - Construction of additional rooms and halls in the existing public and community building,DISTRICT COLLECTOR CHURU_IDA,2023-08-19,Action Pending,575000,Unsanctioned
MPLADS-050939,Rahul Kaswan,Lok Sabha,Rajasthan,CHURU,,,RATANGARH,Pabusar,Normal/Others,NA - Construction of shelters for animals,DISTRICT COLLECTOR CHURU_IDA,2023-08-19,Action Pending,420000,Unsanctioned
MPLADS-050940,Rahul Kaswan,Lok Sabha,Rajasthan,CHURU,,,TARANAGAR,Dhani Kumharan,Normal/Others,NA - Construction of additional rooms and halls in the existing public and community building,DISTRICT COLLECTOR CHURU_IDA,2023-08-19,Action Pending,650000,Unsanctioned
MPLADS-050941,Rahul Kaswan,Lok Sabha,Rajasthan,CHURU,,,TARANAGAR,Togawas,Normal/Others,WS/MP728/2023-2024/11126 - Construction of boundary walls of existing public and community buildings,DISTRICT COLLECTOR CHURU_IDA,2023-08-19,Approved by IDA,1150000,Unsanctioned
MPLADS-050942,Smt Kumari Diya ,Lok Sabha,Rajasthan,RAJSAMAND,,,KUMBHALGARH,Jawaliya,Normal/Others,WS/MP383/2023-2024/11127 - Construction of community centers and community halls,DISTRICT COLLECTOR RAJSAMAND_IDA,2023-08-19,Approved by IDA,500000,Unsanctioned
MPLADS-050943,Smt Kumari Diya ,Lok Sabha,Rajasthan,RAJSAMAND,,,KUMBHALGARH,Peepla,Normal/Others,WS/MP383/2023-2024/11128 - Construction of community centers and community halls,DISTRICT COLLECTOR RAJSAMAND_IDA,2023-08-19,Approved by IDA,500000,Unsanctioned
MPLADS-050944,Smt Kumari Diya ,Lok Sabha,Rajasthan,RAJSAMAND,,,KUMBHALGARH,Jarpha,Normal/Others,WS/MP383/2023-2024/11129 - Construction of community centers and community halls,DISTRICT COLLECTOR RAJSAMAND_IDA,2023-08-19,Approved by IDA,500000,Unsanctioned
MPLADS-050945,Smt Kumari Diya ,Lok Sabha,Rajasthan,RAJSAMAND,,,KUMBHALGARH,Gajpur,Normal/Others,WS/MP383/2023-2024/11130 - Construction of community centers and community halls,DISTRICT COLLECTOR RAJSAMAND_IDA,2023-08-19,Approved by IDA,500000,Unsanctioned
MPLADS-050946,Smt Kumari Diya ,Lok Sabha,Rajasthan,RAJSAMAND,,,KUMBHALGARH,Devi Ka Was,Normal/Others,NA - Construction of community centers and community halls,DISTRICT COLLECTOR RAJSAMAND_IDA,2023-08-19,Rejected by IDA,500000,Unsanctioned
MPLADS-050949,Shri Mukul Balkrishna Wasnik,Rajya Sabha,Rajasthan,Sitting Rajya Sabha,,,BHOPALGARH,Rajlani,Normal/Others,WS/MP146/2023-2024/11229 - Development of playfields and sports grounds,DISTRICT COLLECTOR JODHPUR_IDA,2023-08-19,Approved by IDA,1000000,Completed
MPLADS-050950,Smt Ranjeeta Koli,Lok Sabha,Rajasthan,BHARATPUR(SC),,,KATHUMAR,Kherli Rel ( Rural ),Normal/Others,"NA - Construction of roads, approach roads, link roads and pathways",DISTRICT COLLECTOR ALWAR_IDA,2023-08-19,Action Pending,500000,Unsanctioned
MPLADS-050951,Shri Mukul Balkrishna Wasnik,Rajya Sabha,Rajasthan,Sitting Rajya Sabha,Nawa,12,,,Normal/Others,NA - Construction of rooms and halls in school and colleges,DISTRICT COLLECTOR NAGAUR_IDA,2023-08-19,Action Pending,2800000,Unsanctioned
MPLADS-050952,Shri Mukul Balkrishna Wasnik,Rajya Sabha,Rajasthan,Sitting Rajya Sabha,,,CHITTORGARH,Netawalgarh Pachhli,Normal/Others,WS/MP146/2023-2024/11226 - Construction of community centers and community halls,DISTRICT COLLECTOR CHITTORGARH_IDA,2023-08-19,Approved by IDA,2500000,Unsanctioned
MPLADS-050956,Shri Mukul Balkrishna Wasnik,Rajya Sabha,Rajasthan,Sitting Rajya Sabha,,,SAM,Phuliya,Normal/Others,WS/MP146/2023-2024/11223 - Construction of community centers and community halls,DISTRICT COLLECTOR JAISLAMER_IDA,2023-08-19,Approved by IDA,1000000,Unsanctioned
MPLADS-050957,Shri Mukul Balkrishna Wasnik,Rajya Sabha,Rajasthan,Sitting Rajya Sabha,,,FATEHGARH,Chelak,Normal/Others,WS/MP146/2023-2024/11222 - Construction of public libraries and reading rooms,DISTRICT COLLECTOR JAISLAMER_IDA,2023-08-19,Approved by IDA,1000000,Unsanctioned
MPLADS-050958,Shri Mukul Balkrishna Wasnik,Rajya Sabha,Rajasthan,Sitting Rajya Sabha,,,SAM,Adbala,Normal/Others,WS/MP146/2023-2024/11221 - Construction of public libraries and reading rooms,DISTRICT COLLECTOR JAISLAMER_IDA,2023-08-19,Approved by IDA,1000000,Unsanctioned
MPLADS-050961,Shri Mukul Balkrishna Wasnik,Rajya Sabha,Rajasthan,Sitting Rajya Sabha,,,SEKHALA,Ketoo Hama,Normal/Others,"WS/MP146/2023-2024/11203 - Construction of roads, approach roads, link roads and pathways",DISTRICT COLLECTOR JODHPUR_IDA,2023-08-19,Approved by IDA,1500000,Sanctioned
MPLADS-050962,Shri Mukul Balkrishna Wasnik,Rajya Sabha,Rajasthan,Sitting Rajya Sabha,,,SEKHALA,Ketoo Hama,Normal/Others,NA - Construction of public toilets and bathrooms,DISTRICT COLLECTOR JODHPUR_IDA,2023-08-19,Action Pending,700000,Unsanctioned
MPLADS-050969,Shri Mukul Balkrishna Wasnik,Rajya Sabha,Rajasthan,Sitting Rajya Sabha,,,FATEHGARH,Moolana,Normal/Others,WS/MP146/2023-2024/11247 - Construction of public libraries and reading rooms,DISTRICT COLLECTOR JAISLAMER_IDA,2023-08-19,Approved by IDA,1500000,Unsanctioned
MPLADS-050970,Rahul Kaswan,Lok Sabha,Rajasthan,CHURU,,,BHADRA,GHEU,Normal/Others,WS/MP728/2023-2024/11283 - Construction of shelters for animals,DISTRICT COLLECTOR HANUMANGARH_IDA,2023-08-19,Approved by IDA,500000,Unsanctioned
MPLADS-050971,Rahul Kaswan,Lok Sabha,Rajasthan,CHURU,,,TARANAGAR,Dhani Asha,Normal/Others,NA - Construction of common work sheds/ common covered sitting area,DISTRICT COLLECTOR CHURU_IDA,2023-08-19,Action Pending,625001,Unsanctioned
MPLADS-051041,Smt Kumari Diya ,Lok Sabha,Rajasthan,RAJSAMAND,,,AMET,Chaukri,Normal/Others,WS/MP383/2023-2024/11132 - Construction of community centers and community halls,DISTRICT COLLECTOR RAJSAMAND_IDA,2023-08-19,Approved by IDA,500000,Unsanctioned
MPLADS-051044,Rahul Kaswan,Lok Sabha,Rajasthan,CHURU,,,RATANGARH,Parsaneu,Normal/Others,NA - Construction of additional rooms and halls in the existing public and community building,DISTRICT COLLECTOR CHURU_IDA,2023-08-19,Action Pending,1200000,Unsanctioned
MPLADS-051045,Smt Ranjeeta Koli,Lok Sabha,Rajasthan,BHARATPUR(SC),,,KATHUMAR,Bahrampur,Normal/Others,NA - Installing hand pumps,DISTRICT COLLECTOR ALWAR_IDA,2023-08-19,Action Pending,100000,Unsanctioned
MPLADS-051046,Smt Ranjeeta Koli,Lok Sabha,Rajasthan,BHARATPUR(SC),,,KATHUMAR,Bahrampur,Normal/Others,NA - Installing hand pumps,DISTRICT COLLECTOR ALWAR_IDA,2023-08-19,Action Pending,100000,Unsanctioned
MPLADS-051047,Smt Ranjeeta Koli,Lok Sabha,Rajasthan,BHARATPUR(SC),,,KATHUMAR,Bahrampur,Normal/Others,NA - Installing hand pumps,DISTRICT COLLECTOR ALWAR_IDA,2023-08-19,Action Pending,100000,Unsanctioned
MPLADS-051048,Smt Ranjeeta Koli,Lok Sabha,Rajasthan,BHARATPUR(SC),,,KATHUMAR,Bahrampur,Normal/Others,NA - Installing hand pumps,DISTRICT COLLECTOR ALWAR_IDA,2023-08-19,Action Pending,100000,Unsanctioned
MPLADS-051049,Smt Ranjeeta Koli,Lok Sabha,Rajasthan,BHARATPUR(SC),,,KATHUMAR,Bahrampur,Normal/Others,NA - Installing hand pumps,DISTRICT COLLECTOR ALWAR_IDA,2023-08-19,Action Pending,100000,Unsanctioned
MPLADS-051050,Smt Ranjeeta Koli,Lok Sabha,Rajasthan,BHARATPUR(SC),,,KATHUMAR,Bahrampur,Normal/Others,NA - Installing hand pumps,DISTRICT COLLECTOR ALWAR_IDA,2023-08-19,Action Pending,100000,Unsanctioned
MPLADS-051051,Rahul Kaswan,Lok Sabha,Rajasthan,CHURU,,,TARANAGAR,Rewasi,Normal/Others,NA - Construction of community centers and community halls,DISTRICT COLLECTOR CHURU_IDA,2023-08-19,Action Pending,1000000,Unsanctioned
MPLADS-051052,Rahul Kaswan,Lok Sabha,Rajasthan,CHURU,,,RATANGARH,Alsar,Normal/Others,NA - Construction of community centers and community halls,DISTRICT COLLECTOR CHURU_IDA,2023-08-19,Action Pending,1355000,Unsanctioned
MPLADS-051053,Rahul Kaswan,Lok Sabha,Rajasthan,CHURU,,,RATANGARH,Bharpalsar Charnan,Normal/Others,"NA - Construction of roads, approach roads, link roads and pathways",DISTRICT COLLECTOR CHURU_IDA,2023-08-19,Action Pending,500000,Unsanctioned
MPLADS-051054,Rahul Kaswan,Lok Sabha,Rajasthan,CHURU,,,RATANGARH,Bharpalsar Ladkhaniya,Normal/Others,NA - Crematoriums or structures on burial/ cremation ground for public convenience,DISTRICT COLLECTOR CHURU_IDA,2023-08-19,Action Pending,800000,Unsanctioned
MPLADS-051055,Rahul Kaswan,Lok Sabha,Rajasthan,CHURU,,,RATANGARH,Lachharsar,Normal/Others,NA - Construction of rooms and halls in school and colleges,DISTRICT COLLECTOR CHURU_IDA,2023-08-19,Action Pending,800000,Unsanctioned
MPLADS-051056,Rahul Kaswan,Lok Sabha,Rajasthan,CHURU,,,RATANGARH,Binadesar Bidawatan,Normal/Others,NA - Construction of boundary walls of existing public and community buildings,DISTRICT COLLECTOR CHURU_IDA,2023-08-19,Action Pending,800000,Unsanctioned
MPLADS-051057,Rahul Kaswan,Lok Sabha,Rajasthan,CHURU,,,RATANGARH,Chhotriya,Normal/Others,NA - Construction of additional rooms and halls in the existing public and community building,DISTRICT COLLECTOR CHURU_IDA,2023-08-19,Action Pending,600000,Unsanctioned
MPLADS-051059,Rahul Kaswan,Lok Sabha,Rajasthan,CHURU,,,RATANGARH,Nausariya,Normal/Others,NA - Construction of additional rooms and halls in the existing public and community building,DISTRICT COLLECTOR CHURU_IDA,2023-08-19,Action Pending,600000,Unsanctioned
MPLADS-051060,Rahul Kaswan,Lok Sabha,Rajasthan,CHURU,,,RATANGARH,Loonasar,Normal/Others,NA - Construction of rooms and halls in school and colleges,DISTRICT COLLECTOR CHURU_IDA,2023-08-19,Action Pending,850000,Unsanctioned
MPLADS-051062,Rahul Kaswan,Lok Sabha,Rajasthan,CHURU,,,SARDARSHAHAR,Shimla,Normal/Others,NA - Improvement of electricity distribution infrastructure,DISTRICT COLLECTOR CHURU_IDA,2023-08-19,Action Pending,200000,Unsanctioned
MPLADS-051063,Rahul Kaswan,Lok Sabha,Rajasthan,CHURU,,,CHURU,Lohsana Bara,Normal/Others,NA - Crematoriums or structures on burial/ cremation ground for public convenience,DISTRICT COLLECTOR CHURU_IDA,2023-08-19,Action Pending,500000,Unsanctioned
MPLADS-051064,Rahul Kaswan,Lok Sabha,Rajasthan,CHURU,Churu,Ward No 3,,,Normal/Others,NA - Construction of additional rooms and halls in the existing public and community building,DISTRICT COLLECTOR CHURU_IDA,2023-08-19,Action Pending,1700000,Unsanctioned
MPLADS-051065,Rahul Kaswan,Lok Sabha,Rajasthan,CHURU,Chhapar,Ward No 3,,,Normal/Others,NA - Construction of rooms and halls in school and colleges,DISTRICT COLLECTOR CHURU_IDA,2023-08-19,Action Pending,700000,Unsanctioned
MPLADS-051066,Smt Kumari Diya ,Lok Sabha,Rajasthan,RAJSAMAND,,,AMET,Bukarda,Normal/Others,NA - Construction of community centers and community halls,DISTRICT COLLECTOR RAJSAMAND_IDA,2023-08-19,Rejected by IDA,500000,Unsanctioned
MPLADS-051071,Smt Ranjeeta Koli,Lok Sabha,Rajasthan,BHARATPUR(SC),,,KATHUMAR,Kherli Rel ( Rural ),Normal/Others,"NA - Construction of roads, approach roads, link roads and pathways",DISTRICT COLLECTOR ALWAR_IDA,2023-08-19,Action Pending,300000,Unsanctioned
MPLADS-051088,Rahul Kaswan,Lok Sabha,Rajasthan,CHURU,,,RATANGARH,Hamoosar,Normal/Others,NA - Construction of boundary walls of existing public and community buildings,DISTRICT COLLECTOR CHURU_IDA,2023-08-19,Action Pending,500000,Unsanctioned
MPLADS-051090,Rahul Kaswan,Lok Sabha,Rajasthan,CHURU,,,RATANGARH,Bhawandesar,Normal/Others,NA - Construction of additional rooms and halls in the existing public and community building,DISTRICT COLLECTOR CHURU_IDA,2023-08-19,Action Pending,580000,Unsanctioned
MPLADS-051091,Rahul Kaswan,Lok Sabha,Rajasthan,CHURU,,,RATANGARH,Jandwa,Normal/Others,NA - Construction of rooms and halls in school and colleges,DISTRICT COLLECTOR CHURU_IDA,2023-08-19,Action Pending,1000000,Unsanctioned
MPLADS-051092,Rahul Kaswan,Lok Sabha,Rajasthan,CHURU,,,TARANAGAR,Sahwa,Normal/Others,NA - Construction of common work sheds/ common covered sitting area,DISTRICT COLLECTOR CHURU_IDA,2023-08-19,Action Pending,1000000,Unsanctioned
MPLADS-051093,Rahul Kaswan,Lok Sabha,Rajasthan,CHURU,Sardarshahar,Ward No 6,,,Normal/Others,NA - Construction of additional rooms and halls in the existing public and community building,DISTRICT COLLECTOR CHURU_IDA,2023-08-19,Action Pending,580000,Unsanctioned
MPLADS-051094,Rahul Kaswan,Lok Sabha,Rajasthan,CHURU,Taranagar,Ward No 27,,,Normal/Others,NA - Construction of boundary walls of existing public and community buildings,DISTRICT COLLECTOR CHURU_IDA,2023-08-19,Action Pending,1000000,Unsanctioned
MPLADS-051101,Rahul Kaswan,Lok Sabha,Rajasthan,CHURU,,,RATANGARH,Noonwa,Normal/Others,NA - Construction of rooms and halls in school and colleges,DISTRICT COLLECTOR CHURU_IDA,2023-08-19,Action Pending,850000,Unsanctioned
MPLADS-051103,Nihal Chand Chauhan,Lok Sabha,Rajasthan,GANGANAGAR(SC),,,SADULSHAHAR,DUNGARSINGHPURA,Normal/Others,NA - Construction of shelters for animals,DISTRICT COLLECTOR SRIGANGANAGAR_IDA,2023-08-19,Action Pending,1000000,Unsanctioned
MPLADS-051104,Rahul Kaswan,Lok Sabha,Rajasthan,CHURU,,,RAWATSAR,NYOLAKHI BARANI,Normal/Others,WS/MP728/2023-2024/11249 - Construction of rooms and halls in school and colleges,DISTRICT COLLECTOR HANUMANGARH_IDA,2023-08-19,Approved by IDA,700000,Sanctioned
MPLADS-051105,Rahul Kaswan,Lok Sabha,Rajasthan,CHURU,,,BHADRA,SOORATPURA,Normal/Others,"WS/MP728/2023-2024/11253 - Construction of roads, approach roads, link roads and pathways",DISTRICT COLLECTOR HANUMANGARH_IDA,2023-08-19,Approved by IDA,1257000,Unsanctioned
MPLADS-051106,Rahul Kaswan,Lok Sabha,Rajasthan,CHURU,,,BHADRA,AMARPURA,Normal/Others,"WS/MP728/2023-2024/11254 - Construction of roads, approach roads, link roads and pathways",DISTRICT COLLECTOR HANUMANGARH_IDA,2023-08-19,Approved by IDA,225000,Unsanctioned
MPLADS-051107,Rahul Kaswan,Lok Sabha,Rajasthan,CHURU,,,BHADRA,ASAN,Normal/Others,"NA - Construction of roads, approach roads, link roads and pathways",DISTRICT COLLECTOR HANUMANGARH_IDA,2023-08-19,Action Pending,170000,Unsanctioned
MPLADS-051108,Rahul Kaswan,Lok Sabha,Rajasthan,CHURU,,,BHADRA,MALSISAR,Normal/Others,WS/MP728/2023-2024/11256 - Construction of rooms and halls in school and colleges,DISTRICT COLLECTOR HANUMANGARH_IDA,2023-08-19,Approved by IDA,1000000,Sanctioned
MPLADS-051109,Rahul Kaswan,Lok Sabha,Rajasthan,CHURU,,,NOHAR,CHAK SARDARPURA,Normal/Others,WS/MP728/2023-2024/11257 - Crematoriums or structures on burial/ cremation ground for public convenience,DISTRICT COLLECTOR HANUMANGARH_IDA,2023-08-19,Approved by IDA,500000,Unsanctioned
MPLADS-051110,Rahul Kaswan,Lok Sabha,Rajasthan,CHURU,,,BHADRA,SHYORA TADA,Normal/Others,WS/MP728/2023-2024/11258 - Crematoriums or structures on burial/ cremation ground for public convenience,DISTRICT COLLECTOR HANUMANGARH_IDA,2023-08-19,Approved by IDA,600000,Unsanctioned
MPLADS-051111,Rahul Kaswan,Lok Sabha,Rajasthan,CHURU,,,BHADRA,GHOTRA PATTA,Normal/Others,NA - Construction of bus-sheds or bus-stops,DISTRICT COLLECTOR HANUMANGARH_IDA,2023-08-19,Action Pending,1000000,Unsanctioned
MPLADS-051112,Rahul Kaswan,Lok Sabha,Rajasthan,CHURU,,,BHADRA,BHADI,Normal/Others,"WS/MP728/2023-2024/11265 - Construction of roads, approach roads, link roads and pathways",DISTRICT COLLECTOR HANUMANGARH_IDA,2023-08-19,Approved by IDA,100000,Unsanctioned
MPLADS-051114,Nihal Chand Chauhan,Lok Sabha,Rajasthan,GANGANAGAR(SC),,,GANGANAGAR,9 Z,Normal/Others,NA - Construction of rooms and halls in school and colleges,DISTRICT COLLECTOR SRIGANGANAGAR_IDA,2023-08-19,Action Pending,1200000,Unsanctioned
MPLADS-051115,Nihal Chand Chauhan,Lok Sabha,Rajasthan,GANGANAGAR(SC),,,GANGANAGAR,10 Z,Normal/Others,NA - Construction of boundary walls of existing public and community buildings,DISTRICT COLLECTOR SRIGANGANAGAR_IDA,2023-08-19,Action Pending,1400000,Unsanctioned
MPLADS-051117,Rahul Kaswan,Lok Sabha,Rajasthan,CHURU,,,NOHAR,NANAU,Normal/Others,WS/MP728/2023-2024/11246 - Construction of public libraries and reading rooms,DISTRICT COLLECTOR HANUMANGARH_IDA,2023-08-19,Approved by IDA,700000,Unsanctioned
MPLADS-051118,Nihal Chand Chauhan,Lok Sabha,Rajasthan,GANGANAGAR(SC),,,SADULSHAHAR,34 Mmk (Kilawali),Repair and Renovation,NA - Construction of boundary walls of existing public and community buildings,DISTRICT COLLECTOR SRIGANGANAGAR_IDA,2023-08-19,Action Pending,500000,Unsanctioned
MPLADS-051119,Nihal Chand Chauhan,Lok Sabha,Rajasthan,GANGANAGAR(SC),,,SADULSHAHAR,14 Sdp (Panniwali),Normal/Others,NA - Construction of shelters for animals,DISTRICT COLLECTOR SRIGANGANAGAR_IDA,2023-08-19,Action Pending,500000,Unsanctioned
MPLADS-051120,Nihal Chand Chauhan,Lok Sabha,Rajasthan,GANGANAGAR(SC),,,SADULSHAHAR,14 Sdp (Panniwali),Normal/Others,NA - Crematoriums or structures on burial/ cremation ground for public convenience,DISTRICT COLLECTOR SRIGANGANAGAR_IDA,2023-08-19,Action Pending,500000,Unsanctioned
MPLADS-051121,Nihal Chand Chauhan,Lok Sabha,Rajasthan,GANGANAGAR(SC),,,SADULSHAHAR,1 Spm (Sardarpura) Jeevan,Normal/Others,NA - Construction of shelters for animals,DISTRICT COLLECTOR SRIGANGANAGAR_IDA,2023-08-19,Action Pending,500000,Unsanctioned
MPLADS-051122,Nihal Chand Chauhan,Lok Sabha,Rajasthan,GANGANAGAR(SC),,,SADULSHAHAR,8 Tkw,Normal/Others,NA - Construction of rooms and halls in school and colleges,DISTRICT COLLECTOR SRIGANGANAGAR_IDA,2023-08-19,Action Pending,700000,Unsanctioned
MPLADS-051123,Rahul Kaswan,Lok Sabha,Rajasthan,CHURU,,,BHADRA,BHADI,Normal/Others,"WS/MP728/2023-2024/11275 - Construction of roads, approach roads, link roads and pathways",DISTRICT COLLECTOR HANUMANGARH_IDA,2023-08-19,Approved by IDA,100000,Unsanctioned
MPLADS-051124,Rahul Kaswan,Lok Sabha,Rajasthan,CHURU,,,BHADRA,BHADI,Normal/Others,"WS/MP728/2023-2024/11276 - Construction of roads, approach roads, link roads and pathways",DISTRICT COLLECTOR HANUMANGARH_IDA,2023-08-19,Approved by IDA,100000,Unsanctioned
MPLADS-051126,Rahul Kaswan,Lok Sabha,Rajasthan,CHURU,,,BHADRA,MALKAS,Normal/Others,"WS/MP728/2023-2024/11277 - Construction of roads, approach roads, link roads and pathways",DISTRICT COLLECTOR HANUMANGARH_IDA,2023-08-19,Approved by IDA,100000,Unsanctioned
MPLADS-051128,Rahul Kaswan,Lok Sabha,Rajasthan,CHURU,,,BHADRA,MALKAS,Normal/Others,"WS/MP728/2023-2024/11278 - Construction of roads, approach roads, link roads and pathways",DISTRICT COLLECTOR HANUMANGARH_IDA,2023-08-19,Approved by IDA,100000,Unsanctioned
MPLADS-051129,Rahul Kaswan,Lok Sabha,Rajasthan,CHURU,,,RAWATSAR,PALLU,Normal/Others,NA - Construction of rooms and halls in school and colleges,DISTRICT COLLECTOR HANUMANGARH_IDA,2023-08-19,Action Pending,1100000,Unsanctioned
MPLADS-051130,Rahul Kaswan,Lok Sabha,Rajasthan,CHURU,,,RAWATSAR,PURABSAR,Normal/Others,NA - Construction of boundary walls of existing public and community buildings,DISTRICT COLLECTOR HANUMANGARH_IDA,2023-08-19,Action Pending,500000,Unsanctioned
MPLADS-051131,Rahul Kaswan,Lok Sabha,Rajasthan,CHURU,,,BHADRA,BHADI,Normal/Others,"WS/MP728/2023-2024/11266 - Construction of roads, approach roads, link roads and pathways",DISTRICT COLLECTOR HANUMANGARH_IDA,2023-08-19,Approved by IDA,100000,Unsanctioned
MPLADS-051132,Rahul Kaswan,Lok Sabha,Rajasthan,CHURU,,,BHADRA,KALANA,Normal/Others,WS/MP728/2023-2024/11245 - Construction of rooms and halls in school and colleges,DISTRICT COLLECTOR HANUMANGARH_IDA,2023-08-19,Approved by IDA,900000,Unsanctioned
MPLADS-051133,Smt Kumari Diya ,Lok Sabha,Rajasthan,RAJSAMAND,,,KUMBHALGARH,Peepana,Normal/Others,NA - Construction of community centers and community halls,DISTRICT COLLECTOR RAJSAMAND_IDA,2023-08-19,Rejected by IDA,500000,Unsanctioned
MPLADS-051134,Smt Kumari Diya ,Lok Sabha,Rajasthan,RAJSAMAND,,,AMET,Galwa,Normal/Others,WS/MP383/2023-2024/11207 - Construction of community centers and community halls,DISTRICT COLLECTOR RAJSAMAND_IDA,2023-08-19,Approved by IDA,500000,Unsanctioned
MPLADS-051135,Rahul Kaswan,Lok Sabha,Rajasthan,CHURU,,,NOHAR,TOPARIYA BARANI,Normal/Others,WS/MP728/2023-2024/11243 - Construction of shelters for animals,DISTRICT COLLECTOR HANUMANGARH_IDA,2023-08-19,Approved by IDA,1000000,Sanctioned
MPLADS-051136,Smt Kumari Diya ,Lok Sabha,Rajasthan,RAJSAMAND,,,AMET,Rawon Ka Khera,Normal/Others,WS/MP383/2023-2024/11209 - Construction of community centers and community halls,DISTRICT COLLECTOR RAJSAMAND_IDA,2023-08-19,Approved by IDA,1000000,Unsanctioned
MPLADS-051137,Smt Kumari Diya ,Lok Sabha,Rajasthan,RAJSAMAND,,,AMET,Doonga Ka Khera,Normal/Others,WS/MP383/2023-2024/11210 - Construction of community centers and community halls,DISTRICT COLLECTOR RAJSAMAND_IDA,2023-08-19,Approved by IDA,500000,Unsanctioned
MPLADS-051138,Smt Kumari Diya ,Lok Sabha,Rajasthan,RAJSAMAND,,,KUMBHALGARH,Doongar Ji Ka Gurha,Normal/Others,NA - Construction of community centers and community halls,DISTRICT COLLECTOR RAJSAMAND_IDA,2023-08-19,Rejected by IDA,1000000,Unsanctioned
MPLADS-051139,Smt Kumari Diya ,Lok Sabha,Rajasthan,RAJSAMAND,,,KUMBHALGARH,Garhbor,Normal/Others,NA - Construction of community centers and community halls,DISTRICT COLLECTOR RAJSAMAND_IDA,2023-08-19,Action Pending,1000000,Unsanctioned
MPLADS-051140,Smt Kumari Diya ,Lok Sabha,Rajasthan,RAJSAMAND,,,KUMBHALGARH,Sathiya,Normal/Others,NA - Construction of community centers and community halls,DISTRICT COLLECTOR RAJSAMAND_IDA,2023-08-19,Action Pending,500000,Unsanctioned
MPLADS-051141,Smt Kumari Diya ,Lok Sabha,Rajasthan,RAJSAMAND,,,KUMBHALGARH,Antaliya,Normal/Others,WS/MP383/2023-2024/11214 - Construction of community centers and community halls,DISTRICT COLLECTOR RAJSAMAND_IDA,2023-08-19,Approved by IDA,500000,Unsanctioned
MPLADS-051142,Smt Kumari Diya ,Lok Sabha,Rajasthan,RAJSAMAND,,,KUMBHALGARH,Soonkhar,Normal/Others,NA - Construction of community centers and community halls,DISTRICT COLLECTOR RAJSAMAND_IDA,2023-08-19,Action Pending,500000,Unsanctioned
MPLADS-051143,Smt Kumari Diya ,Lok Sabha,Rajasthan,RAJSAMAND,,,KUMBHALGARH,Manawation Ka Gurha,Normal/Others,NA - Construction of community centers and community halls,DISTRICT COLLECTOR RAJSAMAND_IDA,2023-08-19,Action Pending,500000,Unsanctioned
MPLADS-051144,Smt Kumari Diya ,Lok Sabha,Rajasthan,RAJSAMAND,,,KUMBHALGARH,Choondawaton Ka Khera,Normal/Others,NA - Construction of bus-sheds or bus-stops,DISTRICT COLLECTOR RAJSAMAND_IDA,2023-08-19,Action Pending,500000,Unsanctioned
MPLADS-051145,Smt Kumari Diya ,Lok Sabha,Rajasthan,RAJSAMAND,,,KUMBHALGARH,Bargaon,Normal/Others,NA - Construction of community centers and community halls,DISTRICT COLLECTOR RAJSAMAND_IDA,2023-08-19,Action Pending,500000,Unsanctioned
MPLADS-051146,Smt Kumari Diya ,Lok Sabha,Rajasthan,RAJSAMAND,,,AMET,Beekawas,Normal/Others,WS/MP383/2023-2024/11208 - Construction of community centers and community halls,DISTRICT COLLECTOR RAJSAMAND_IDA,2023-08-19,Approved by IDA,500000,Unsanctioned
MPLADS-051147,Smt Kumari Diya ,Lok Sabha,Rajasthan,RAJSAMAND,,,KUMBHALGARH,Kanooja,Normal/Others,NA - Construction of community centers and community halls,DISTRICT COLLECTOR RAJSAMAND_IDA,2023-08-19,Action Pending,500000,Unsanctioned
MPLADS-051148,Nihal Chand Chauhan,Lok Sabha,Rajasthan,GANGANAGAR(SC),,,VIJAINAGAR,7 Apd,Normal/Others,NA - Construction of boundary walls of existing public and community buildings,DISTRICT COLLECTOR SRIGANGANAGAR_IDA,2023-08-19,Action Pending,200000,Unsanctioned
MPLADS-051149,Nihal Chand Chauhan,Lok Sabha,Rajasthan,GANGANAGAR(SC),,,PADAMPUR,69 Lnp,Normal/Others,NA - Construction of rooms and halls in school and colleges,DISTRICT COLLECTOR SRIGANGANAGAR_IDA,2023-08-19,Action Pending,700000,Unsanctioned
MPLADS-051150,Nihal Chand Chauhan,Lok Sabha,Rajasthan,GANGANAGAR(SC),,,ANUPGARH,4 Sps(Salempura),Normal/Others,WS/MP726/2023-2024/11240 - Crematoriums or structures on burial/ cremation ground for public convenience,DISTRICT COLLECTOR SRIGANGANAGAR_IDA,2023-08-19,Approved by IDA,800000,Unsanctioned
MPLADS-051151,Nihal Chand Chauhan,Lok Sabha,Rajasthan,GANGANAGAR(SC),,,SURATGARH,2 Gm,Normal/Others,WS/MP726/2023-2024/11239 - Construction of boundary walls of existing public and community buildings,DISTRICT COLLECTOR SRIGANGANAGAR_IDA,2023-08-19,Approved by IDA,1000000,Unsanctioned
MPLADS-051152,Nihal Chand Chauhan,Lok Sabha,Rajasthan,GANGANAGAR(SC),Suratgarh,Jetsar,,,Normal/Others,NA - Construction of shelters for animals,DISTRICT COLLECTOR SRIGANGANAGAR_IDA,2023-08-19,Action Pending,1000000,Unsanctioned
MPLADS-051153,Nihal Chand Chauhan,Lok Sabha,Rajasthan,GANGANAGAR(SC),,,SURATGARH,11 Shpd,Normal/Others,WS/MP726/2023-2024/11237 - Crematoriums or structures on burial/ cremation ground for public convenience,DISTRICT COLLECTOR SRIGANGANAGAR_IDA,2023-08-19,Approved by IDA,500000,Unsanctioned
MPLADS-051154,Nihal Chand Chauhan,Lok Sabha,Rajasthan,GANGANAGAR(SC),,,RAISINGHNAGAR,37 Np-A,Normal/Others,NA - Construction of shelters for animals,DISTRICT COLLECTOR SRIGANGANAGAR_IDA,2023-08-19,Action Pending,1000000,Unsanctioned
MPLADS-051155,Nihal Chand Chauhan,Lok Sabha,Rajasthan,GANGANAGAR(SC),,,VIJAINAGAR,7 Apd,Normal/Others,NA - Crematoriums or structures on burial/ cremation ground for public convenience,DISTRICT COLLECTOR SRIGANGANAGAR_IDA,2023-08-19,Action Pending,500000,Unsanctioned
MPLADS-051156,Nihal Chand Chauhan,Lok Sabha,Rajasthan,GANGANAGAR(SC),,,VIJAINAGAR,50 Gb,Normal/Others,WS/MP726/2023-2024/11234 - Crematoriums or structures on burial/ cremation ground for public convenience,DISTRICT COLLECTOR SRIGANGANAGAR_IDA,2023-08-19,Approved by IDA,1000000,Unsanctioned
MPLADS-051157,Nihal Chand Chauhan,Lok Sabha,Rajasthan,GANGANAGAR(SC),,,PADAMPUR,46 Rb-B,Normal/Others,NA - Construction of shelters for animals,DISTRICT COLLECTOR SRIGANGANAGAR_IDA,2023-08-19,Action Pending,1000000,Unsanctioned
MPLADS-051158,Nihal Chand Chauhan,Lok Sabha,Rajasthan,GANGANAGAR(SC),,,PADAMPUR,41 Rb,Normal/Others,NA - Construction of additional rooms and halls in the existing public and community building,DISTRICT COLLECTOR SRIGANGANAGAR_IDA,2023-08-19,Action Pending,1000000,Unsanctioned
MPLADS-051159,Smt Jaskaur Meena ,Lok Sabha,Rajasthan,DAUSA(ST),,,BANDIKUI,Keeratpura,Normal/Others,NA - Construction of rooms and halls in school and colleges,DISTRICT COLLECTOR DAUSA_IDA,2023-08-18,Action Pending,125000,Unsanctioned
MPLADS-051160,Smt Jaskaur Meena ,Lok Sabha,Rajasthan,DAUSA(ST),,,BAIJUPADA,Baori Khera,Normal/Others,NA - Installing tube-wells and borewells,DISTRICT COLLECTOR DAUSA_IDA,2023-08-18,Action Pending,56750,Unsanctioned
MPLADS-051161,Smt Jaskaur Meena ,Lok Sabha,Rajasthan,DAUSA(ST),,,SIKRAI,Geejgarh,Normal/Others,WS/MP387/2023-2024/10852 - Installing tube-wells and borewells,DISTRICT COLLECTOR DAUSA_IDA,2023-08-18,Approved by IDA,137500,Sanctioned
MPLADS-051162,Smt Jaskaur Meena ,Lok Sabha,Rajasthan,DAUSA(ST),,,LALSOT,Chandsen,Normal/Others,NA - Installing tube-wells and borewells,DISTRICT COLLECTOR DAUSA_IDA,2023-08-18,Action Pending,150000,Unsanctioned
MPLADS-051163,Smt Jaskaur Meena ,Lok Sabha,Rajasthan,DAUSA(ST),,,BANDIKUI,Bhanwata,Normal/Others,"NA - Construction of roads, approach roads, link roads and pathways",DISTRICT COLLECTOR DAUSA_IDA,2023-08-18,Action Pending,125000,Unsanctioned
MPLADS-051164,Smt Jaskaur Meena ,Lok Sabha,Rajasthan,DAUSA(ST),,,SIKRAI,Sikrai,Normal/Others,NA - Installing tube-wells and borewells,DISTRICT COLLECTOR DAUSA_IDA,2023-08-18,Action Pending,30000,Unsanctioned
MPLADS-051165,Smt Jaskaur Meena ,Lok Sabha,Rajasthan,DAUSA(ST),,,LAWAN,Kanwarpura,Normal/Others,NA - Creation of new ponds,DISTRICT COLLECTOR DAUSA_IDA,2023-08-18,Action Pending,125000,Unsanctioned
MPLADS-051166,Smt Jaskaur Meena ,Lok Sabha,Rajasthan,DAUSA(ST),,,MAHWA,Talchiri,Normal/Others,NA - Construction of boundary walls of existing public and community buildings,DISTRICT COLLECTOR DAUSA_IDA,2023-08-18,Action Pending,125000,Unsanctioned
MPLADS-051167,Smt Jaskaur Meena ,Lok Sabha,Rajasthan,DAUSA(ST),,,LALSOT,Bilona Kalan,Normal/Others,NA - Construction of common work sheds/ common covered sitting area,DISTRICT COLLECTOR DAUSA_IDA,2023-08-18,Action Pending,250000,Unsanctioned
MPLADS-051168,Smt Jaskaur Meena ,Lok Sabha,Rajasthan,DAUSA(ST),,,BANDIKUI,Pamadi,Normal/Others,"NA - Construction of roads, approach roads, link roads and pathways",DISTRICT COLLECTOR DAUSA_IDA,2023-08-18,Action Pending,150000,Unsanctioned
MPLADS-051169,Smt Jaskaur Meena ,Lok Sabha,Rajasthan,DAUSA(ST),,,BANDIKUI,Bhanwata,Normal/Others,NA - Construction of public libraries and reading rooms,DISTRICT COLLECTOR DAUSA_IDA,2023-08-18,Action Pending,175000,Unsanctioned
MPLADS-051170,Smt Jaskaur Meena ,Lok Sabha,Rajasthan,DAUSA(ST),Dausa,ward no. 20,,,Normal/Others,WS/MP387/2023-2024/10844 - Installing tube-wells and borewells,DISTRICT COLLECTOR DAUSA_IDA,2023-08-18,Approved by IDA,137500,Sanctioned
MPLADS-051171,Smt Jaskaur Meena ,Lok Sabha,Rajasthan,DAUSA(ST),Dausa,ward no. 3,,,Normal/Others,NA - Installing tube-wells and borewells,DISTRICT COLLECTOR DAUSA_IDA,2023-08-18,Action Pending,59750,Unsanctioned
MPLADS-051172,Smt Jaskaur Meena ,Lok Sabha,Rajasthan,DAUSA(ST),,,BANDIKUI,Nandera,Normal/Others,NA - Construction of boundary walls of existing public and community buildings,DISTRICT COLLECTOR DAUSA_IDA,2023-08-18,Action Pending,125000,Unsanctioned
MPLADS-051173,Smt Jaskaur Meena ,Lok Sabha,Rajasthan,DAUSA(ST),,,RAMGARH PACHWARA,Nayabas,Normal/Others,WS/MP387/2023-2024/10841 - Construction of boundary walls of existing public and community buildings,DISTRICT COLLECTOR DAUSA_IDA,2023-08-18,Approved by IDA,125000,
MPLADS-051174,Smt Jaskaur Meena ,Lok Sabha,Rajasthan,DAUSA(ST),,,NANGAL RAJAWATAN,Shyalawas,Normal/Others,NA - Construction of public libraries and reading rooms,DISTRICT COLLECTOR DAUSA_IDA,2023-08-18,Action Pending,175000,Unsanctioned
MPLADS-051175,Smt Jaskaur Meena ,Lok Sabha,Rajasthan,DAUSA(ST),,,RAMGARH PACHWARA,Amrabad,Normal/Others,NA - Installing tube-wells and borewells,DISTRICT COLLECTOR DAUSA_IDA,2023-08-18,Action Pending,40000,Unsanctioned
MPLADS-051176,Smt Jaskaur Meena ,Lok Sabha,Rajasthan,DAUSA(ST),,,MAHWA,Kot,Normal/Others,WS/MP387/2023-2024/10838 - Construction of rooms and halls in school and colleges,DISTRICT COLLECTOR DAUSA_IDA,2023-08-18,Approved by IDA,250000,Sanctioned
MPLADS-051177,Smt Jaskaur Meena ,Lok Sabha,Rajasthan,DAUSA(ST),,,DAUSA,Kableshwar,Normal/Others,NA - Construction of public libraries and reading rooms,DISTRICT COLLECTOR DAUSA_IDA,2023-08-18,Action Pending,200000,Unsanctioned
MPLADS-051178,Smt Jaskaur Meena ,Lok Sabha,Rajasthan,DAUSA(ST),,,BASWA,Chandera,Normal/Others,NA - Construction of rooms and halls in school and colleges,DISTRICT COLLECTOR DAUSA_IDA,2023-08-18,Action Pending,250000,Unsanctioned
MPLADS-051179,Smt Jaskaur Meena ,Lok Sabha,Rajasthan,DAUSA(ST),,,NANGAL RAJAWATAN,Khawa Raoji,Normal/Others,WS/MP387/2023-2024/10834 - Installing tube-wells and borewells,DISTRICT COLLECTOR DAUSA_IDA,2023-08-18,Approved by IDA,150000,Sanctioned
MPLADS-051183,Smt Jaskaur Meena ,Lok Sabha,Rajasthan,DAUSA(ST),,,BAIJUPADA,Golara,Normal/Others,"NA - Construction of roads, approach roads, link roads and pathways",DISTRICT COLLECTOR DAUSA_IDA,2023-08-18,Action Pending,125000,Unsanctioned
MPLADS-051184,Smt Jaskaur Meena ,Lok Sabha,Rajasthan,DAUSA(ST),,,MAHWA,Nahida,Normal/Others,"NA - Construction of roads, approach roads, link roads and pathways",DISTRICT COLLECTOR DAUSA_IDA,2023-08-18,Action Pending,125000,Unsanctioned
MPLADS-051186,Smt Jaskaur Meena ,Lok Sabha,Rajasthan,DAUSA(ST),,,LALSOT,Chonriyawas,Normal/Others,WS/MP387/2023-2024/10857 - Installing tube-wells and borewells,DISTRICT COLLECTOR DAUSA_IDA,2023-08-18,Approved by IDA,137500,Sanctioned
MPLADS-051187,SHRI KC Venugopal,Rajya Sabha,Rajasthan,Sitting Rajya Sabha,,,JAISALMER,Chhatrel,Normal/Others,"WS/MP149/2023-2024/10819 - Construction of roads, link roads, pathways or any other road with or without drainage system",DISTRICT COLLECTOR JAISLAMER_IDA,2023-08-18,Approved by IDA,1000000,Ongoing
MPLADS-051188,Smt Ranjeeta Koli,Lok Sabha,Rajasthan,BHARATPUR(SC),,,DEEG,Mawai,Normal/Others,"NA - Construction of roads, link roads, pathways or any other road with or without drainage system",DISTRICT COLLECTOR BHARATPUR_IDA,2023-08-18,Action Pending,600000,Unsanctioned
MPLADS-051189,Smt Ranjeeta Koli,Lok Sabha,Rajasthan,BHARATPUR(SC),,,BAYANA,Naroli,Normal/Others,"WS/MP734/2023-2024/10989 - Construction of roads, link roads, pathways or any other road with or without drainage system",DISTRICT COLLECTOR BHARATPUR_IDA,2023-08-18,Approved by IDA,600000,Unsanctioned
MPLADS-051190,Smt Ranjeeta Koli,Lok Sabha,Rajasthan,BHARATPUR(SC),,,BHUSAWAR,Kamalpura,Normal/Others,NA - Installing hand pumps,DISTRICT COLLECTOR BHARATPUR_IDA,2023-08-18,Action Pending,110000,Unsanctioned
MPLADS-051191,Smt Ranjeeta Koli,Lok Sabha,Rajasthan,BHARATPUR(SC),Nadbai,9,,,Normal/Others,NA - Installing hand pumps,DISTRICT COLLECTOR BHARATPUR_IDA,2023-08-18,Action Pending,180204,Unsanctioned
MPLADS-051192,Smt Ranjeeta Koli,Lok Sabha,Rajasthan,BHARATPUR(SC),,,BHUSAWAR,Kamalpura,Normal/Others,NA - Construction of rooms and halls in school and colleges,DISTRICT COLLECTOR BHARATPUR_IDA,2023-08-18,Action Pending,500000,Unsanctioned
MPLADS-051193,Smt Ranjeeta Koli,Lok Sabha,Rajasthan,BHARATPUR(SC),,,BAYANA,Shergarh,Normal/Others,NA - Construction of community centers and community halls,DISTRICT COLLECTOR BHARATPUR_IDA,2023-08-18,Action Pending,500000,Unsanctioned
MPLADS-051194,Smt Ranjeeta Koli,Lok Sabha,Rajasthan,BHARATPUR(SC),,,RUPBAS,Mahalpur Choora,Normal/Others,NA - Construction of community centers and community halls,DISTRICT COLLECTOR BHARATPUR_IDA,2023-08-18,Action Pending,500000,Unsanctioned
MPLADS-051195,Smt Ranjeeta Koli,Lok Sabha,Rajasthan,BHARATPUR(SC),,,SEWAR,Ludhavai,Normal/Others,NA - Construction of community centers and community halls,DISTRICT COLLECTOR BHARATPUR_IDA,2023-08-18,Action Pending,500000,Unsanctioned
MPLADS-051196,Smt Ranjeeta Koli,Lok Sabha,Rajasthan,BHARATPUR(SC),,,BHUSAWAR,Pathena,Normal/Others,NA - Construction of rooms and halls in school and colleges,DISTRICT COLLECTOR BHARATPUR_IDA,2023-08-18,Action Pending,500000,Unsanctioned
MPLADS-051197,Smt Ranjeeta Koli,Lok Sabha,Rajasthan,BHARATPUR(SC),,,BAYANA,Naroli,Normal/Others,WS/MP734/2023-2024/10967 - Construction of rooms and halls in school and colleges,DISTRICT COLLECTOR BHARATPUR_IDA,2023-08-18,Approved by IDA,500000,Unsanctioned
MPLADS-051198,Rahul Kaswan,Lok Sabha,Rajasthan,CHURU,,,RAWATSAR,POHARKA BARANI,Normal/Others,NA - Construction of boundary walls of existing public and community buildings,DISTRICT COLLECTOR HANUMANGARH_IDA,2023-08-18,Action Pending,800000,Unsanctioned
MPLADS-051199,Rahul Kaswan,Lok Sabha,Rajasthan,CHURU,,,NOHAR,25 JSN,Normal/Others,NA - Construction of stadiums,DISTRICT COLLECTOR HANUMANGARH_IDA,2023-08-18,Action Pending,1000000,Unsanctioned
MPLADS-051200,Rahul Kaswan,Lok Sabha,Rajasthan,CHURU,,,SARDARSHAHAR,Sawai Sanwal,Normal/Others,NA - Construction of rooms and halls in school and colleges,DISTRICT COLLECTOR CHURU_IDA,2023-08-18,Action Pending,2500000,Unsanctioned
MPLADS-051201,Rahul Kaswan,Lok Sabha,Rajasthan,CHURU,,,NOHAR,DHANSIYA,Normal/Others,WS/MP728/2023-2024/10895 - Construction of rooms and halls in school and colleges,DISTRICT COLLECTOR HANUMANGARH_IDA,2023-08-18,Approved by IDA,1000000,Sanctioned
MPLADS-051202,SHRI KC Venugopal,Rajya Sabha,Rajasthan,Sitting Rajya Sabha,,,BUHANA,Pacheri Kalan,Normal/Others,"NA - Construction of Government office buildings (Post office, Police station, Police chauki, etc.)",DISTRICT COLLECTOR JHUNJHUNU_IDA,2023-08-18,Action Pending,2500000,Unsanctioned
MPLADS-051203,SHRI KC Venugopal,Rajya Sabha,Rajasthan,Sitting Rajya Sabha,,,SAWAR,Sawar,Normal/Others,"NA - Construction of Government office buildings (Post office, Police station, Police chauki, etc.)",DISTRICT COLLECTOR AJMER_IDA,2023-08-18,Action Pending,2500000,Unsanctioned
MPLADS-051204,SHRI KC Venugopal,Rajya Sabha,Rajasthan,Sitting Rajya Sabha,,,LACHHMANGARH,Lachhmangarh (Rural),Normal/Others,"NA - Construction of Government office buildings (Post office, Police station, Police chauki, etc.)",DISTRICT COLLECTOR SIKAR_IDA,2023-08-18,Action Pending,2500000,Unsanctioned
MPLADS-051205,SHRI KC Venugopal,Rajya Sabha,Rajasthan,Sitting Rajya Sabha,,,KUCHAMAN,Chitawa,Normal/Others,"NA - Construction of Government office buildings (Post office, Police station, Police chauki, etc.)",DISTRICT COLLECTOR NAGAUR_IDA,2023-08-18,Action Pending,2500000,Unsanctioned
MPLADS-051206,SHRI KC Venugopal,Rajya Sabha,Rajasthan,Sitting Rajya Sabha,,,POOGAL,Pugal,Normal/Others,WS/MP149/2023-2024/10807 - Construction of community centers and community halls,DISTRICT COLLECTOR BIKANER_IDA,2023-08-18,Approved by IDA,3000000,Unsanctioned
MPLADS-051207,SHRI KC Venugopal,Rajya Sabha,Rajasthan,Sitting Rajya Sabha,,,NAINWA,Dei,Normal/Others,WS/MP149/2023-2024/10808 - Construction of rooms and halls in school and colleges,DISTRICT COLLECTOR BUNDI_IDA,2023-08-18,Approved by IDA,3000000,Unsanctioned
MPLADS-051213,SHRI KC Venugopal,Rajya Sabha,Rajasthan,Sitting Rajya Sabha,,,BAIJUPADA,Pundarpara,Normal/Others,WS/MP149/2023-2024/10809 - Construction of public libraries and reading rooms,DISTRICT COLLECTOR DAUSA_IDA,2023-08-18,Approved by IDA,1000000,Unsanctioned
MPLADS-051214,SHRI KC Venugopal,Rajya Sabha,Rajasthan,Sitting Rajya Sabha,,,SAM,Jamra,Normal/Others,NA - Construction of public libraries and reading rooms,DISTRICT COLLECTOR JAISLAMER_IDA,2023-08-18,Action Pending,1000000,Unsanctioned
MPLADS-051215,Smt Ranjeeta Koli,Lok Sabha,Rajasthan,BHARATPUR(SC),,,DEEG,Bedham,Normal/Others,"NA - Construction of roads, link roads, pathways or any other road with or without drainage system",DISTRICT COLLECTOR BHARATPUR_IDA,2023-08-18,Action Pending,500000,Unsanctioned
MPLADS-051216,Smt Ranjeeta Koli,Lok Sabha,Rajasthan,BHARATPUR(SC),,,DEEG,Bedham,Normal/Others,"NA - Construction of roads, link roads, pathways or any other road with or without drainage system",DISTRICT COLLECTOR BHARATPUR_IDA,2023-08-18,Action Pending,500000,Unsanctioned
MPLADS-051217,Smt Ranjeeta Koli,Lok Sabha,Rajasthan,BHARATPUR(SC),,,DEEG,Samai,Normal/Others,"NA - Construction of roads, link roads, pathways or any other road with or without drainage system",DISTRICT COLLECTOR BHARATPUR_IDA,2023-08-18,Action Pending,500000,Unsanctioned
MPLADS-051232,Smt Ranjeeta Koli,Lok Sabha,Rajasthan,BHARATPUR(SC),,,DEEG,Samai,Normal/Others,"NA - Construction of roads, link roads, pathways or any other road with or without drainage system",DISTRICT COLLECTOR BHARATPUR_IDA,2023-08-18,Action Pending,500000,Unsanctioned
MPLADS-051244,Smt Ranjeeta Koli,Lok Sabha,Rajasthan,BHARATPUR(SC),,,DEEG,Samai,Normal/Others,NA - Construction of community centers and community halls,DISTRICT COLLECTOR BHARATPUR_IDA,2023-08-18,Action Pending,500000,Unsanctioned
MPLADS-051245,SHRI KC Venugopal,Rajya Sabha,Rajasthan,Sitting Rajya Sabha,,,JAISALMER,Chhatrel,Normal/Others,"NA - Construction of roads, link roads, pathways or any other road with or without drainage system",DISTRICT COLLECTOR JAISLAMER_IDA,2023-08-18,Rejected by IDA,1000000,Unsanctioned
MPLADS-051246,SHRI KC Venugopal,Rajya Sabha,Rajasthan,Sitting Rajya Sabha,,,SIKRAI,Pancholi,Normal/Others,WS/MP149/2023-2024/10820 - Construction of public libraries and reading rooms,DISTRICT COLLECTOR DAUSA_IDA,2023-08-18,Approved by IDA,1000000,Unsanctioned
MPLADS-051247,Smt Jaskaur Meena ,Lok Sabha,Rajasthan,DAUSA(ST),,,SIKRAI,Geejgarh,Normal/Others,NA - Installing tube-wells and borewells,DISTRICT COLLECTOR DAUSA_IDA,2023-08-18,Action Pending,31750,Unsanctioned
MPLADS-051248,SHRI KC Venugopal,Rajya Sabha,Rajasthan,Sitting Rajya Sabha,,,MOHANGARH,Salkha,Normal/Others,WS/MP149/2023-2024/10821 - Construction of public libraries and reading rooms,DISTRICT COLLECTOR JAISLAMER_IDA,2023-08-18,Approved by IDA,1500000,Unsanctioned
MPLADS-051249,Smt Jaskaur Meena ,Lok Sabha,Rajasthan,DAUSA(ST),,,LALSOT,Mahariya,Normal/Others,NA - Construction of rooms and halls in school and colleges,DISTRICT COLLECTOR DAUSA_IDA,2023-08-18,Action Pending,125000,Unsanctioned
MPLADS-051250,Smt Jaskaur Meena ,Lok Sabha,Rajasthan,DAUSA(ST),,,BASWA,Karnawar,Normal/Others,NA - Construction of rooms and halls in school and colleges,DISTRICT COLLECTOR DAUSA_IDA,2023-08-18,Action Pending,250000,Unsanctioned
MPLADS-051251,Smt Jaskaur Meena ,Lok Sabha,Rajasthan,DAUSA(ST),,,BASWA,Gullana,Normal/Others,WS/MP387/2023-2024/10860 - Construction of rooms and halls in school and colleges,DISTRICT COLLECTOR DAUSA_IDA,2023-08-18,Approved by IDA,250000,Sanctioned
MPLADS-051275,Smt Jaskaur Meena ,Lok Sabha,Rajasthan,DAUSA(ST),,,RAMGARH PACHWARA,Beechha,Normal/Others,NA - Installing hand pumps,DISTRICT COLLECTOR DAUSA_IDA,2023-08-18,Action Pending,37500,Unsanctioned
MPLADS-051276,Smt Jaskaur Meena ,Lok Sabha,Rajasthan,DAUSA(ST),,,SIKANDARA,Bhandari,Normal/Others,NA - Installing tube-wells and borewells,DISTRICT COLLECTOR DAUSA_IDA,2023-08-18,Action Pending,37500,Unsanctioned
MPLADS-051277,Smt Jaskaur Meena ,Lok Sabha,Rajasthan,DAUSA(ST),,,SIKANDARA,Bhandari,Normal/Others,WS/MP387/2023-2024/10864 - Installing tube-wells and borewells,DISTRICT COLLECTOR DAUSA_IDA,2023-08-18,Approved by IDA,137500,Sanctioned
MPLADS-051278,Smt Jaskaur Meena ,Lok Sabha,Rajasthan,DAUSA(ST),,,SIKANDARA,Kailai,Normal/Others,NA - Installing tube-wells and borewells,DISTRICT COLLECTOR DAUSA_IDA,2023-08-18,Action Pending,35000,Unsanctioned
MPLADS-051279,SHRI Kirodi Lal,Rajya Sabha,Rajasthan,Sitting Rajya Sabha,,,SIKRAI,Pancholi,Normal/Others,NA - Development of public parks,DISTRICT COLLECTOR DAUSA_IDA,2023-08-18,Action Pending,700000,Unsanctioned
MPLADS-051280,SHRI KC Venugopal,Rajya Sabha,Rajasthan,Sitting Rajya Sabha,,,PHALODI,Baori Kalan,Normal/Others,NA - Construction of rooms and halls in school and colleges,DISTRICT COLLECTOR JODHPUR_IDA,2023-08-18,Action Pending,800000,Unsanctioned
MPLADS-051281,SHRI KC Venugopal,Rajya Sabha,Rajasthan,Sitting Rajya Sabha,,,AAU,Denok,Normal/Others,NA - Construction of rooms and halls in school and colleges,DISTRICT COLLECTOR JODHPUR_IDA,2023-08-18,Action Pending,800000,Unsanctioned
MPLADS-051282,SHRI KC Venugopal,Rajya Sabha,Rajasthan,Sitting Rajya Sabha,,,NOHAR,KHARSANDI,Normal/Others,NA - Construction of rooms and halls in school and colleges,DISTRICT COLLECTOR HANUMANGARH_IDA,2023-08-18,Action Pending,700000,Unsanctioned
MPLADS-051283,SHRI KC Venugopal,Rajya Sabha,Rajasthan,Sitting Rajya Sabha,,,HANUMANGARH,14 NDR-CAD,Normal/Others,"WS/MP149/2023-2024/10825 - Construction of Government office buildings (Post office, Police station, Police chauki, etc.)",DISTRICT COLLECTOR HANUMANGARH_IDA,2023-08-18,Approved by IDA,2500000,Sanctioned
MPLADS-051284,SHRI Kirodi Lal,Rajya Sabha,Rajasthan,Sitting Rajya Sabha,,,MAHWA,Salimpur,Normal/Others,WS/MP150/2023-2024/10896 - Construction of rooms and halls in school and colleges,DISTRICT COLLECTOR DAUSA_IDA,2023-08-18,Approved by IDA,600000,
MPLADS-051285,SHRI Kirodi Lal,Rajya Sabha,Rajasthan,Sitting Rajya Sabha,,,MAHWA,Salimpur,Normal/Others,WS/MP150/2023-2024/10899 - Construction of rooms and halls in school and colleges,DISTRICT COLLECTOR DAUSA_IDA,2023-08-18,Approved by IDA,500000,
MPLADS-051286,SHRI Kirodi Lal,Rajya Sabha,Rajasthan,Sitting Rajya Sabha,,,MAHWA,Wara Bujurg,Normal/Others,"WS/MP150/2023-2024/10900 - Construction of roads, approach roads, link roads and pathways",DISTRICT COLLECTOR DAUSA_IDA,2023-08-18,Approved by IDA,250000,
MPLADS-051287,SHRI Kirodi Lal,Rajya Sabha,Rajasthan,Sitting Rajya Sabha,,,MAHWA,Wara Bujurg,Normal/Others,"WS/MP150/2023-2024/10907 - Construction of roads, approach roads, link roads and pathways",DISTRICT COLLECTOR DAUSA_IDA,2023-08-18,Approved by IDA,250000,
MPLADS-051288,SHRI Kirodi Lal,Rajya Sabha,Rajasthan,Sitting Rajya Sabha,,,BASWA,Gullana,Normal/Others,WS/MP150/2023-2024/10908 - Construction of public libraries and reading rooms,DISTRICT COLLECTOR DAUSA_IDA,2023-08-18,Approved by IDA,800000,Sanctioned
MPLADS-051289,SHRI Kirodi Lal,Rajya Sabha,Rajasthan,Sitting Rajya Sabha,,,SIKRAI,Sikrai,Normal/Others,"WS/MP150/2023-2024/10910 - Construction of roads, approach roads, link roads and pathways",DISTRICT COLLECTOR DAUSA_IDA,2023-08-18,Approved by IDA,500000,Completed
MPLADS-051290,SHRI Kirodi Lal,Rajya Sabha,Rajasthan,Sitting Rajya Sabha,,,MAHWA,Kherla Gadali,Normal/Others,WS/MP150/2023-2024/10912 - Construction of additional rooms and halls in the existing public and community building,DISTRICT COLLECTOR DAUSA_IDA,2023-08-18,Approved by IDA,500000,Sanctioned
MPLADS-051291,SHRI Kirodi Lal,Rajya Sabha,Rajasthan,Sitting Rajya Sabha,,,MAHWA,Kherla Gadali,Normal/Others,"WS/MP150/2023-2024/10913 - Construction of roads, approach roads, link roads and pathways",DISTRICT COLLECTOR DAUSA_IDA,2023-08-18,Approved by IDA,500000,Sanctioned
MPLADS-051292,SHRI Kirodi Lal,Rajya Sabha,Rajasthan,Sitting Rajya Sabha,,,LALSOT,Suratpura,Normal/Others,"WS/MP150/2023-2024/10917 - Construction of roads, approach roads, link roads and pathways",DISTRICT COLLECTOR DAUSA_IDA,2023-08-18,Approved by IDA,500000,
MPLADS-051293,Rahul Kaswan,Lok Sabha,Rajasthan,CHURU,,,NOHAR,JABRASAR,Normal/Others,NA - Construction of additional rooms and halls in the existing public and community building,DISTRICT COLLECTOR HANUMANGARH_IDA,2023-08-18,Action Pending,1000000,Unsanctioned
MPLADS-051294,SHRI Kirodi Lal,Rajya Sabha,Rajasthan,Sitting Rajya Sabha,,,MAHWA,Wara Bujurg,Normal/Others,"WS/MP150/2023-2024/10919 - Construction of roads, approach roads, link roads and pathways",DISTRICT COLLECTOR DAUSA_IDA,2023-08-18,Approved by IDA,500000,Completed
MPLADS-051295,SHRI Kirodi Lal,Rajya Sabha,Rajasthan,Sitting Rajya Sabha,,,MAHWA,Wara Bujurg,Normal/Others,"WS/MP150/2023-2024/10921 - Construction of roads, approach roads, link roads and pathways",DISTRICT COLLECTOR DAUSA_IDA,2023-08-18,Approved by IDA,500000,Completed
MPLADS-051296,SHRI Kirodi Lal,Rajya Sabha,Rajasthan,Sitting Rajya Sabha,,,SIKRAI,Geejgarh,Normal/Others,NA - Lighting of public spaces,DISTRICT COLLECTOR DAUSA_IDA,2023-08-18,Action Pending,700000,Unsanctioned
MPLADS-051297,SHRI Kirodi Lal,Rajya Sabha,Rajasthan,Sitting Rajya Sabha,,,MAHWA,Pakhar,Normal/Others,NA - Construction of rooms and halls in school and colleges,DISTRICT COLLECTOR DAUSA_IDA,2023-08-18,Action Pending,500000,Unsanctioned
MPLADS-051298,SHRI Kirodi Lal,Rajya Sabha,Rajasthan,Sitting Rajya Sabha,,,MAHWA,Gazipur,Normal/Others,NA - Construction of community centers and community halls,DISTRICT COLLECTOR DAUSA_IDA,2023-08-18,Action Pending,500000,Unsanctioned
MPLADS-051299,SHRI Kirodi Lal,Rajya Sabha,Rajasthan,Sitting Rajya Sabha,,,MAHWA,Gazipur,Normal/Others,NA - Construction of rooms and halls in school and colleges,DISTRICT COLLECTOR DAUSA_IDA,2023-08-18,Action Pending,270000,Unsanctioned
MPLADS-051300,SHRI Kirodi Lal,Rajya Sabha,Rajasthan,Sitting Rajya Sabha,,,MAHWA,Santha,Normal/Others,"NA - Construction of rooms and facilities for hospitals, FWC , PHC Centers and ANM centers",DISTRICT COLLECTOR DAUSA_IDA,2023-08-18,Action Pending,1500000,Unsanctioned
MPLADS-051301,SHRI Kirodi Lal,Rajya Sabha,Rajasthan,Sitting Rajya Sabha,,,MAHWA,Jatwara,Normal/Others,"WS/MP150/2023-2024/10945 - Construction of roads, approach roads, link roads and pathways",DISTRICT COLLECTOR DAUSA_IDA,2023-08-18,Approved by IDA,500000,Sanctioned
MPLADS-051302,SHRI Kirodi Lal,Rajya Sabha,Rajasthan,Sitting Rajya Sabha,,,SIKRAI,Pancholi,Normal/Others,WS/MP150/2023-2024/10956 - Development of public parks,DISTRICT COLLECTOR DAUSA_IDA,2023-08-18,Approved by IDA,1000000,Unsanctioned
MPLADS-051303,Shri Mukul Balkrishna Wasnik,Rajya Sabha,Rajasthan,Sitting Rajya Sabha,,,SEDWA,Sarla,Normal/Others,WS/MP146/2023-2024/10965 - Construction of public libraries and reading rooms,DISTRICT COLLECTOR BARMER_IDA,2023-08-18,Approved by IDA,1000000,Ongoing
MPLADS-051304,Shri Mukul Balkrishna Wasnik,Rajya Sabha,Rajasthan,Sitting Rajya Sabha,,,NOHAR,BHANGOOLI,Normal/Others,WS/MP146/2023-2024/10966 - Crematoriums or structures on burial/ cremation ground for public convenience,DISTRICT COLLECTOR HANUMANGARH_IDA,2023-08-18,Approved by IDA,500000,Unsanctioned
MPLADS-051305,Shri Mukul Balkrishna Wasnik,Rajya Sabha,Rajasthan,Sitting Rajya Sabha,,,NOHAR,DEIDAS,Repair and Renovation,WS/MP146/2023-2024/10975 - Crematoriums or structures on burial/ cremation ground for public convenience,DISTRICT COLLECTOR HANUMANGARH_IDA,2023-08-18,Approved by IDA,700000,Unsanctioned
MPLADS-051462,SHRI Kirodi Lal,Rajya Sabha,Rajasthan,Sitting Rajya Sabha,,,MAHWA,Khohra Mulla,Normal/Others,"WS/MP150/2023-2024/10532 - Construction of roads, approach roads, link roads and pathways",DISTRICT COLLECTOR DAUSA_IDA,2023-08-17,Approved by IDA,125000,Sanctioned
MPLADS-051463,SHRI Kirodi Lal,Rajya Sabha,Rajasthan,Sitting Rajya Sabha,,,MAHWA,Wara Bujurg,Normal/Others,"WS/MP150/2023-2024/10546 - Construction of roads, approach roads, link roads and pathways",DISTRICT COLLECTOR DAUSA_IDA,2023-08-17,Approved by IDA,500000,
MPLADS-051464,SHRI Kirodi Lal,Rajya Sabha,Rajasthan,Sitting Rajya Sabha,,,MAHWA,Khohra Mulla,Normal/Others,"WS/MP150/2023-2024/10549 - Construction of roads, approach roads, link roads and pathways",DISTRICT COLLECTOR DAUSA_IDA,2023-08-17,Approved by IDA,125000,Sanctioned
MPLADS-051465,SHRI Kirodi Lal,Rajya Sabha,Rajasthan,Sitting Rajya Sabha,,,MAHWA,Khohra Mulla,Normal/Others,"WS/MP150/2023-2024/10550 - Construction of roads, approach roads, link roads and pathways",DISTRICT COLLECTOR DAUSA_IDA,2023-08-17,Approved by IDA,222000,Sanctioned
MPLADS-051466,SHRI Kirodi Lal,Rajya Sabha,Rajasthan,Sitting Rajya Sabha,,,MAHWA,Kherla Bujurg,Normal/Others,"NA - Construction of roads, approach roads, link roads and pathways",DISTRICT COLLECTOR DAUSA_IDA,2023-08-17,Action Pending,122000,Unsanctioned
MPLADS-051467,SHRI Kirodi Lal,Rajya Sabha,Rajasthan,Sitting Rajya Sabha,,,MAHWA,Haldena,Normal/Others,"NA - Construction of roads, approach roads, link roads and pathways",DISTRICT COLLECTOR DAUSA_IDA,2023-08-17,Action Pending,122000,Unsanctioned
MPLADS-051468,SHRI KC Venugopal,Rajya Sabha,Rajasthan,Sitting Rajya Sabha,Jaipur Heritage,92,,,Normal/Others,WS/MP149/2023-2024/10596 - Construction of rooms and halls in school and colleges,DISTRICT COLLECTOR JAIPUR_IDA,2023-08-17,Approved by IDA,6500000,Ongoing
MPLADS-051469,SHRI Kirodi Lal,Rajya Sabha,Rajasthan,Sitting Rajya Sabha,,,MAHWA,Haldena,Normal/Others,"NA - Construction of roads, approach roads, link roads and pathways",DISTRICT COLLECTOR DAUSA_IDA,2023-08-17,Action Pending,122000,Unsanctioned
MPLADS-051470,SHRI Kirodi Lal,Rajya Sabha,Rajasthan,Sitting Rajya Sabha,,,MAHWA,Handiya,Normal/Others,"WS/MP150/2023-2024/10601 - Construction of roads, approach roads, link roads and pathways",DISTRICT COLLECTOR DAUSA_IDA,2023-08-17,Approved by IDA,462000,Sanctioned
MPLADS-051471,SHRI Kirodi Lal,Rajya Sabha,Rajasthan,Sitting Rajya Sabha,,,MAHWA,Handiya,Normal/Others,"WS/MP150/2023-2024/10603 - Construction of roads, approach roads, link roads and pathways",DISTRICT COLLECTOR DAUSA_IDA,2023-08-17,Approved by IDA,475000,Sanctioned
MPLADS-051472,SHRI Kirodi Lal,Rajya Sabha,Rajasthan,Sitting Rajya Sabha,,,MAHWA,Jatwara,Normal/Others,"WS/MP150/2023-2024/10604 - Construction of roads, approach roads, link roads and pathways",DISTRICT COLLECTOR DAUSA_IDA,2023-08-17,Approved by IDA,500000,Sanctioned
MPLADS-051473,SHRI Kirodi Lal,Rajya Sabha,Rajasthan,Sitting Rajya Sabha,,,MAHWA,Khohra Mulla,Normal/Others,WS/MP150/2023-2024/10617 - Construction of community centers and community halls,DISTRICT COLLECTOR DAUSA_IDA,2023-08-17,Approved by IDA,1000000,Sanctioned
MPLADS-051474,SHRI Kirodi Lal,Rajya Sabha,Rajasthan,Sitting Rajya Sabha,,,LALSOT,Khatwa,Normal/Others,NA - Development of public parks,DISTRICT COLLECTOR DAUSA_IDA,2023-08-17,Action Pending,1000000,Unsanctioned
MPLADS-051475,SHRI Kirodi Lal,Rajya Sabha,Rajasthan,Sitting Rajya Sabha,,,BASWA,Chandera,Normal/Others,"NA - Construction of roads, approach roads, link roads and pathways",DISTRICT COLLECTOR DAUSA_IDA,2023-08-17,Action Pending,500000,Unsanctioned
MPLADS-051476,SHRI KC Venugopal,Rajya Sabha,Rajasthan,Sitting Rajya Sabha,,,PATAN,Doonga Ki Nangal,Normal/Others,WS/MP149/2023-2024/10637 - Construction of rooms and halls in school and colleges,DISTRICT COLLECTOR SIKAR_IDA,2023-08-17,Approved by IDA,3000000,Sanctioned
MPLADS-051477,SHRI Kirodi Lal,Rajya Sabha,Rajasthan,Sitting Rajya Sabha,,,LALSOT,Suratpura,Normal/Others,"WS/MP150/2023-2024/10664 - Construction of roads, approach roads, link roads and pathways",DISTRICT COLLECTOR DAUSA_IDA,2023-08-17,Approved by IDA,500000,
MPLADS-051478,SHRI Kirodi Lal,Rajya Sabha,Rajasthan,Sitting Rajya Sabha,,,MAHWA,Dhol Khera,Normal/Others,"NA - Construction of roads, approach roads, link roads and pathways",DISTRICT COLLECTOR DAUSA_IDA,2023-08-17,Action Pending,500000,Unsanctioned
MPLADS-051479,SHRI Kirodi Lal,Rajya Sabha,Rajasthan,Sitting Rajya Sabha,,,MAHWA,Haldena,Normal/Others,"NA - Construction of roads, approach roads, link roads and pathways",DISTRICT COLLECTOR DAUSA_IDA,2023-08-17,Action Pending,500000,Unsanctioned
MPLADS-051480,SHRI Kirodi Lal,Rajya Sabha,Rajasthan,Sitting Rajya Sabha,,,SIKRAI,Kalwan,Normal/Others,"NA - Construction of roads, link roads, pathways or any other road with or without drainage system",DISTRICT COLLECTOR DAUSA_IDA,2023-08-17,Action Pending,1000000,Unsanctioned
MPLADS-051481,SHRI Kirodi Lal,Rajya Sabha,Rajasthan,Sitting Rajya Sabha,,,MAHWA,Jatwara,Normal/Others,WS/MP150/2023-2024/10675 - Construction of rooms and halls in school and colleges,DISTRICT COLLECTOR DAUSA_IDA,2023-08-17,Approved by IDA,1000000,Sanctioned
MPLADS-051482,SHRI KC Venugopal,Rajya Sabha,Rajasthan,Sitting Rajya Sabha,,,SHEO,Hathisingh Ka Gaon,Normal/Others,WS/MP149/2023-2024/10677 - Construction of community centers and community halls,DISTRICT COLLECTOR BARMER_IDA,2023-08-17,Approved by IDA,2000000,Unsanctioned
MPLADS-051483,SHRI Kirodi Lal,Rajya Sabha,Rajasthan,Sitting Rajya Sabha,,,BAIJUPADA,Baijupara,Normal/Others,NA - Construction of community centers and community halls,DISTRICT COLLECTOR DAUSA_IDA,2023-08-17,Action Pending,500000,Unsanctioned
MPLADS-051484,SHRI Kirodi Lal,Rajya Sabha,Rajasthan,Sitting Rajya Sabha,,,MAHWA,Gazipur,Normal/Others,"NA - Construction of roads, approach roads, link roads and pathways",DISTRICT COLLECTOR DAUSA_IDA,2023-08-17,Action Pending,500000,Unsanctioned
MPLADS-051485,SHRI KC Venugopal,Rajya Sabha,Rajasthan,Sitting Rajya Sabha,,,KAREDA,Kareda,Normal/Others,NA - Construction of community centers and community halls,DISTRICT COLLECTOR BHILWARA_IDA,2023-08-17,Action Pending,5000000,Unsanctioned
MPLADS-051497,Smt Jaskaur Meena ,Lok Sabha,Rajasthan,DAUSA(ST),,,BANDIKUI,Un Baragaon,Normal/Others,NA - Construction of boundary walls of existing public and community buildings,DISTRICT COLLECTOR DAUSA_IDA,2023-08-17,Action Pending,122442,Unsanctioned
MPLADS-051522,Smt Jaskaur Meena ,Lok Sabha,Rajasthan,DAUSA(ST),MANDAWARI,Ramawatar Meena ke makan ke pass,,,Normal/Others,NA - Installing tube-wells and borewells,DISTRICT COLLECTOR DAUSA_IDA,2023-08-17,Action Pending,45750,Unsanctioned
MPLADS-051523,Smt Jaskaur Meena ,Lok Sabha,Rajasthan,DAUSA(ST),,,BANDIKUI,Nandera,Normal/Others,WS/MP387/2023-2024/10447 - Construction of rooms and halls in school and colleges,DISTRICT COLLECTOR DAUSA_IDA,2023-08-17,Approved by IDA,123750,Sanctioned
MPLADS-051524,Smt Jaskaur Meena ,Lok Sabha,Rajasthan,DAUSA(ST),,,BANDIKUI,Abhaneri,Normal/Others,NA - Setting up of laboratories,DISTRICT COLLECTOR DAUSA_IDA,2023-08-17,Action Pending,123750,Unsanctioned
MPLADS-051525,Smt Jaskaur Meena ,Lok Sabha,Rajasthan,DAUSA(ST),,,RAMGARH PACHWARA,Amrabad,Normal/Others,WS/MP387/2023-2024/10449 - Installing tube-wells and borewells,DISTRICT COLLECTOR DAUSA_IDA,2023-08-17,Approved by IDA,137500,Sanctioned
MPLADS-051526,Smt Jaskaur Meena ,Lok Sabha,Rajasthan,DAUSA(ST),,,NANGAL RAJAWATAN,Thoomri,Normal/Others,WS/MP387/2023-2024/10450 - Installing tube-wells and borewells,DISTRICT COLLECTOR DAUSA_IDA,2023-08-17,Approved by IDA,137500,Sanctioned
MPLADS-051527,Smt Jaskaur Meena ,Lok Sabha,Rajasthan,DAUSA(ST),,,BAIJUPADA,Baori Khera,Normal/Others,NA - Construction of rooms and halls in school and colleges,DISTRICT COLLECTOR DAUSA_IDA,2023-08-17,Action Pending,150000,Unsanctioned
MPLADS-051528,Smt Jaskaur Meena ,Lok Sabha,Rajasthan,DAUSA(ST),,,BANDIKUI,Gadarwara Goojaran,Normal/Others,NA - Construction of rooms and halls in school and colleges,DISTRICT COLLECTOR DAUSA_IDA,2023-08-17,Action Pending,125000,Unsanctioned
MPLADS-051529,Smt Jaskaur Meena ,Lok Sabha,Rajasthan,DAUSA(ST),,,SIKANDARA,Kailai,Normal/Others,NA - Construction of community centers and community halls,DISTRICT COLLECTOR DAUSA_IDA,2023-08-17,Action Pending,250000,Unsanctioned
MPLADS-051530,Smt Jaskaur Meena ,Lok Sabha,Rajasthan,DAUSA(ST),,,DAUSA,Sainthal,Normal/Others,NA - Construction of rooms and halls in school and colleges,DISTRICT COLLECTOR DAUSA_IDA,2023-08-17,Action Pending,250000,Unsanctioned
MPLADS-051531,Smt Jaskaur Meena ,Lok Sabha,Rajasthan,DAUSA(ST),Mandawari,3,,,Normal/Others,NA - Construction of rooms and halls in school and colleges,DISTRICT COLLECTOR DAUSA_IDA,2023-08-17,Action Pending,471650,Unsanctioned
MPLADS-051532,Smt Jaskaur Meena ,Lok Sabha,Rajasthan,DAUSA(ST),,,BANDIKUI,Ralawata,Normal/Others,WS/MP387/2023-2024/10456 - Installing tube-wells and borewells,DISTRICT COLLECTOR DAUSA_IDA,2023-08-17,Approved by IDA,137500,Sanctioned
MPLADS-051533,Smt Jaskaur Meena ,Lok Sabha,Rajasthan,DAUSA(ST),,,DAUSA,Jopara,Normal/Others,NA - Construction of rooms and halls in school and colleges,DISTRICT COLLECTOR DAUSA_IDA,2023-08-17,Action Pending,187500,Unsanctioned
MPLADS-051534,Smt Jaskaur Meena ,Lok Sabha,Rajasthan,DAUSA(ST),,,LALSOT,Kankariya,Normal/Others,NA - Construction of community centers and community halls,DISTRICT COLLECTOR DAUSA_IDA,2023-08-17,Action Pending,200000,Unsanctioned
MPLADS-051535,Smt Kumari Diya ,Lok Sabha,Rajasthan,RAJSAMAND,,,KUMBHALGARH,Lambori,Normal/Others,NA - Construction of community centers and community halls,DISTRICT COLLECTOR RAJSAMAND_IDA,2023-08-17,Action Pending,500000,Unsanctioned
MPLADS-051536,Nihal Chand Chauhan,Lok Sabha,Rajasthan,GANGANAGAR(SC),,,SADULSHAHAR,34 Mmk (Kilawali),Normal/Others,NA - Construction of boundary walls of existing public and community buildings,DISTRICT COLLECTOR SRIGANGANAGAR_IDA,2023-08-17,Action Pending,500000,Unsanctioned
MPLADS-051537,Nihal Chand Chauhan,Lok Sabha,Rajasthan,GANGANAGAR(SC),,,GANGANAGAR,10 Z,Normal/Others,WS/MP726/2023-2024/10566 - Construction of rooms and halls in school and colleges,DISTRICT COLLECTOR SRIGANGANAGAR_IDA,2023-08-17,Approved by IDA,1000000,Unsanctioned
MPLADS-051538,Nihal Chand Chauhan,Lok Sabha,Rajasthan,GANGANAGAR(SC),,,GANGANAGAR,1 f,Normal/Others,NA - Construction of shelters for animals,DISTRICT COLLECTOR SRIGANGANAGAR_IDA,2023-08-17,Action Pending,1000000,Unsanctioned
MPLADS-051539,Nihal Chand Chauhan,Lok Sabha,Rajasthan,GANGANAGAR(SC),,,GANGANAGAR,4 f,Normal/Others,NA - Construction of rooms and halls in school and colleges,DISTRICT COLLECTOR SRIGANGANAGAR_IDA,2023-08-17,Action Pending,1000000,Unsanctioned
MPLADS-051540,Nihal Chand Chauhan,Lok Sabha,Rajasthan,GANGANAGAR(SC),,,GANGANAGAR,2 HH I,Normal/Others,NA - Crematoriums or structures on burial/ cremation ground for public convenience,DISTRICT COLLECTOR SRIGANGANAGAR_IDA,2023-08-17,Action Pending,1000000,Unsanctioned
MPLADS-051541,Nihal Chand Chauhan,Lok Sabha,Rajasthan,GANGANAGAR(SC),,,GANGANAGAR,3 Y,Normal/Others,NA - Construction of rooms and halls in school and colleges,DISTRICT COLLECTOR SRIGANGANAGAR_IDA,2023-08-17,Action Pending,700000,Unsanctioned
MPLADS-051542,Nihal Chand Chauhan,Lok Sabha,Rajasthan,GANGANAGAR(SC),,,GANGANAGAR,3 Y,Normal/Others,NA - Construction of rooms and halls in school and colleges,DISTRICT COLLECTOR SRIGANGANAGAR_IDA,2023-08-17,Action Pending,600000,Unsanctioned
MPLADS-051543,Nihal Chand Chauhan,Lok Sabha,Rajasthan,GANGANAGAR(SC),,,RAISINGHNAGAR,79 Rb-B,Normal/Others,WS/MP726/2023-2024/10572 - Construction of boundary walls of existing public and community buildings,DISTRICT COLLECTOR SRIGANGANAGAR_IDA,2023-08-17,Approved by IDA,700000,Unsanctioned
MPLADS-051551,Smt Jaskaur Meena ,Lok Sabha,Rajasthan,DAUSA(ST),,,LALSOT,Ratanpura,Normal/Others,NA - Construction of rooms and halls in school and colleges,DISTRICT COLLECTOR DAUSA_IDA,2023-08-17,Action Pending,125000,Unsanctioned
MPLADS-051552,Smt Jaskaur Meena ,Lok Sabha,Rajasthan,DAUSA(ST),,,LALSOT,Patti Kishorpura,Normal/Others,NA - Construction of community centers and community halls,DISTRICT COLLECTOR DAUSA_IDA,2023-08-17,Action Pending,125000,Unsanctioned
MPLADS-051553,Smt Jaskaur Meena ,Lok Sabha,Rajasthan,DAUSA(ST),,,LAWAN,Nangal Govind,Normal/Others,NA - Installing tube-wells and borewells,DISTRICT COLLECTOR DAUSA_IDA,2023-08-17,Action Pending,37500,Unsanctioned
MPLADS-051554,SHRI Kirodi Lal,Rajya Sabha,Rajasthan,Sitting Rajya Sabha,,,SIKRAI,Ghoomana,Normal/Others,WS/MP150/2023-2024/10461 - Installing hand pumps,DISTRICT COLLECTOR DAUSA_IDA,2023-08-17,Approved by IDA,26383,Completed
MPLADS-051555,Smt Jaskaur Meena ,Lok Sabha,Rajasthan,DAUSA(ST),,,LALSOT,Shyampura Kalan,Normal/Others,NA - Construction of rooms and halls in school and colleges,DISTRICT COLLECTOR DAUSA_IDA,2023-08-17,Action Pending,125000,Unsanctioned
MPLADS-051556,Smt Jaskaur Meena ,Lok Sabha,Rajasthan,DAUSA(ST),,,BASWA,Panditpura,Normal/Others,NA - Construction of rooms and halls in school and colleges,DISTRICT COLLECTOR DAUSA_IDA,2023-08-17,Action Pending,250000,Unsanctioned
MPLADS-051557,Smt Jaskaur Meena ,Lok Sabha,Rajasthan,DAUSA(ST),,,LAWAN,Peepalya Chainpura,Normal/Others,NA - Construction of rooms and halls in school and colleges,DISTRICT COLLECTOR DAUSA_IDA,2023-08-17,Action Pending,125000,Unsanctioned
MPLADS-051561,Smt Jaskaur Meena ,Lok Sabha,Rajasthan,DAUSA(ST),,,DAUSA,Kalakho,Normal/Others,NA - Construction of rooms and halls in school and colleges,DISTRICT COLLECTOR DAUSA_IDA,2023-08-17,Action Pending,250000,Unsanctioned
MPLADS-051562,SHRI Kirodi Lal,Rajya Sabha,Rajasthan,Sitting Rajya Sabha,,,KARAULI,Gerai,Normal/Others,NA - Construction of community centers and community halls,DISTRICT COLLECTOR KARAULI_IDA,2023-08-17,Action Pending,1000000,Unsanctioned
MPLADS-051563,SHRI Kirodi Lal,Rajya Sabha,Rajasthan,Sitting Rajya Sabha,,,MAHWA,Khohra Mulla,Normal/Others,"WS/MP150/2023-2024/10416 - Purchase of prosthetics, wheel chairs, tricycles (manual or motorized), elect scooties, hearing aids",DISTRICT COLLECTOR DAUSA_IDA,2023-08-17,Approved by IDA,1350000,
MPLADS-051564,SHRI Kirodi Lal,Rajya Sabha,Rajasthan,Sitting Rajya Sabha,,,SIKRAI,Theekariya,Normal/Others,"NA - Construction of roads, link roads, pathways or any other road with or without drainage system",DISTRICT COLLECTOR DAUSA_IDA,2023-08-17,Action Pending,250000,Unsanctioned
MPLADS-051565,SHRI Kirodi Lal,Rajya Sabha,Rajasthan,Sitting Rajya Sabha,,,KARAULI,Gerai,Normal/Others,NA - Construction of community centers and community halls,DISTRICT COLLECTOR KARAULI_IDA,2023-08-17,Action Pending,500000,Unsanctioned
MPLADS-051566,SHRI Kirodi Lal,Rajya Sabha,Rajasthan,Sitting Rajya Sabha,,,SIKRAI,Ghoomana,Normal/Others,NA - Installing hand pumps,DISTRICT COLLECTOR DAUSA_IDA,2023-08-17,Action Pending,26383,Unsanctioned
MPLADS-051567,SHRI Kirodi Lal,Rajya Sabha,Rajasthan,Sitting Rajya Sabha,,,SIKRAI,Ghoomana,Normal/Others,NA - Installing hand pumps,DISTRICT COLLECTOR DAUSA_IDA,2023-08-17,Action Pending,3683,Unsanctioned
MPLADS-051568,SHRI Kirodi Lal,Rajya Sabha,Rajasthan,Sitting Rajya Sabha,,,SIKRAI,Manpur,Normal/Others,NA - Construction of boundary walls of existing public and community buildings,DISTRICT COLLECTOR DAUSA_IDA,2023-08-17,Action Pending,250000,Unsanctioned
MPLADS-051569,Smt Jaskaur Meena ,Lok Sabha,Rajasthan,DAUSA(ST),,,LALSOT,Jhanpda,Normal/Others,NA - Construction of rooms and halls in school and colleges,DISTRICT COLLECTOR DAUSA_IDA,2023-08-17,Action Pending,125000,Unsanctioned
MPLADS-051570,SHRI Kirodi Lal,Rajya Sabha,Rajasthan,Sitting Rajya Sabha,,,SIKRAI,Nahar Khohra,Normal/Others,"WS/MP150/2023-2024/10464 - Construction of roads, approach roads, link roads and pathways",DISTRICT COLLECTOR DAUSA_IDA,2023-08-17,Approved by IDA,250000,Sanctioned
MPLADS-051571,SHRI Kirodi Lal,Rajya Sabha,Rajasthan,Sitting Rajya Sabha,,,SIKANDARA,Sikandara,Normal/Others,"NA - Construction of roads, approach roads, link roads and pathways",DISTRICT COLLECTOR DAUSA_IDA,2023-08-17,Action Pending,250000,Unsanctioned
MPLADS-051572,SHRI Kirodi Lal,Rajya Sabha,Rajasthan,Sitting Rajya Sabha,,,BAIJUPADA,Nangal Jhamarwara,Normal/Others,"NA - Construction of roads, approach roads, link roads and pathways",DISTRICT COLLECTOR DAUSA_IDA,2023-08-17,Action Pending,7489,Unsanctioned
MPLADS-051573,SHRI Kirodi Lal,Rajya Sabha,Rajasthan,Sitting Rajya Sabha,,,BAIJUPADA,Bedhadi Meenan,Normal/Others,"NA - Construction of roads, approach roads, link roads and pathways",DISTRICT COLLECTOR DAUSA_IDA,2023-08-17,Action Pending,63187,Unsanctioned
MPLADS-051574,SHRI Kirodi Lal,Rajya Sabha,Rajasthan,Sitting Rajya Sabha,,,BAIJUPADA,Baijupara,Normal/Others,NA - Construction of rooms and halls in school and colleges,DISTRICT COLLECTOR DAUSA_IDA,2023-08-17,Action Pending,125000,Unsanctioned
MPLADS-051575,SHRI Kirodi Lal,Rajya Sabha,Rajasthan,Sitting Rajya Sabha,,,MAHWA,Wara Bujurg,Normal/Others,"WS/MP150/2023-2024/10515 - Construction of roads, approach roads, link roads and pathways",DISTRICT COLLECTOR DAUSA_IDA,2023-08-17,Approved by IDA,500000,
MPLADS-051576,Smt Jaskaur Meena ,Lok Sabha,Rajasthan,DAUSA(ST),,,BANDIKUI,Nandera,Normal/Others,WS/MP387/2023-2024/10435 - Construction of rooms and halls in school and colleges,DISTRICT COLLECTOR DAUSA_IDA,2023-08-17,Approved by IDA,125000,Sanctioned
MPLADS-051577,Smt Jaskaur Meena ,Lok Sabha,Rajasthan,DAUSA(ST),,,BANDIKUI,Dhigariya Tappa Koleshwar,Normal/Others,NA - Construction of rooms and halls in school and colleges,DISTRICT COLLECTOR DAUSA_IDA,2023-08-17,Action Pending,125000,Unsanctioned
MPLADS-051578,Smt Jaskaur Meena ,Lok Sabha,Rajasthan,DAUSA(ST),,,DAUSA,Bapi,Normal/Others,NA - Construction of buildings for community cultural activities,DISTRICT COLLECTOR DAUSA_IDA,2023-08-17,Action Pending,200000,Unsanctioned
MPLADS-051579,Smt Jaskaur Meena ,Lok Sabha,Rajasthan,DAUSA(ST),,,BAIJUPADA,Hingota,Normal/Others,NA - Construction of rooms and halls in school and colleges,DISTRICT COLLECTOR DAUSA_IDA,2023-08-17,Action Pending,250000,Unsanctioned
MPLADS-051580,Smt Jaskaur Meena ,Lok Sabha,Rajasthan,DAUSA(ST),,,SIKRAI,Geejgarh,Normal/Others,NA - Installing tube-wells and borewells,DISTRICT COLLECTOR DAUSA_IDA,2023-08-17,Action Pending,31750,Unsanctioned
MPLADS-051581,Smt Jaskaur Meena ,Lok Sabha,Rajasthan,DAUSA(ST),,,LALSOT,Bagri,Normal/Others,NA - Construction of rooms and halls in school and colleges,DISTRICT COLLECTOR DAUSA_IDA,2023-08-17,Action Pending,250000,Unsanctioned
MPLADS-051582,Smt Jaskaur Meena ,Lok Sabha,Rajasthan,DAUSA(ST),,,NANGAL RAJAWATAN,Dharanwas,Normal/Others,NA - Construction of public libraries and reading rooms,DISTRICT COLLECTOR DAUSA_IDA,2023-08-17,Action Pending,250000,Unsanctioned
MPLADS-051879,Shri Mukul Balkrishna Wasnik,Rajya Sabha,Rajasthan,Sitting Rajya Sabha,,,GIRA,Manpura Kharda,Normal/Others,WS/MP146/2023-2024/10083 - Construction of boundary walls of existing public and community buildings,DISTRICT COLLECTOR BARMER_IDA,2023-08-16,Approved by IDA,1500000,Unsanctioned
MPLADS-051880,Shri Mukul Balkrishna Wasnik,Rajya Sabha,Rajasthan,Sitting Rajya Sabha,,,DHANAU,Bamnor Ameershah,Normal/Others,NA - Construction of public libraries and reading rooms,DISTRICT COLLECTOR BARMER_IDA,2023-08-16,Action Pending,1000000,Unsanctioned
MPLADS-052185,Shri PP Chaudhary ,Lok Sabha,Rajasthan,PALI,,,LUNI,Birami,Normal/Others,WS/MP389/2023-2024/10197 - Purchase of furniture and fixtures for educational purposes,DISTRICT COLLECTOR JODHPUR_IDA,2023-08-16,Approved by IDA,500000,Unsanctioned
MPLADS-052190,Nihal Chand Chauhan,Lok Sabha,Rajasthan,GANGANAGAR(SC),,,RAISINGHNAGAR,6 Lpm,Normal/Others,WS/MP726/2023-2024/10182 - Construction of rooms and halls in school and colleges,DISTRICT COLLECTOR SRIGANGANAGAR_IDA,2023-08-16,Approved by IDA,1400000,Unsanctioned
MPLADS-052191,Nihal Chand Chauhan,Lok Sabha,Rajasthan,GANGANAGAR(SC),,,PADAMPUR,2 Pp,Normal/Others,NA - Purchase of furniture and fixtures for educational purposes,DISTRICT COLLECTOR SRIGANGANAGAR_IDA,2023-08-16,Action Pending,149000,Unsanctioned
MPLADS-052192,Nihal Chand Chauhan,Lok Sabha,Rajasthan,GANGANAGAR(SC),,,KARANPUR,2 X,Normal/Others,WS/MP726/2023-2024/10184 - Crematoriums or structures on burial/ cremation ground for public convenience,DISTRICT COLLECTOR SRIGANGANAGAR_IDA,2023-08-16,Approved by IDA,1000000,Unsanctioned
MPLADS-052193,Nihal Chand Chauhan,Lok Sabha,Rajasthan,GANGANAGAR(SC),,,RAISINGHNAGAR,Sanwatsar,Normal/Others,NA - Crematoriums or structures on burial/ cremation ground for public convenience,DISTRICT COLLECTOR SRIGANGANAGAR_IDA,2023-08-16,Action Pending,1000000,Unsanctioned
MPLADS-052194,Nihal Chand Chauhan,Lok Sabha,Rajasthan,GANGANAGAR(SC),,,RAISINGHNAGAR,22 Ptd-B,Normal/Others,WS/MP726/2023-2024/10186 - Construction of rooms and halls in school and colleges,DISTRICT COLLECTOR SRIGANGANAGAR_IDA,2023-08-16,Approved by IDA,1400000,Unsanctioned
MPLADS-052195,Nihal Chand Chauhan,Lok Sabha,Rajasthan,GANGANAGAR(SC),,,SURATGARH,25 Lgw-B,Normal/Others,NA - Construction of shelters for animals,DISTRICT COLLECTOR SRIGANGANAGAR_IDA,2023-08-16,Action Pending,1000000,Unsanctioned
MPLADS-052196,Nihal Chand Chauhan,Lok Sabha,Rajasthan,GANGANAGAR(SC),,,SURATGARH,2 Ppm,Normal/Others,NA - Construction of shelters for animals,DISTRICT COLLECTOR SRIGANGANAGAR_IDA,2023-08-16,Action Pending,500000,Unsanctioned
MPLADS-052197,Nihal Chand Chauhan,Lok Sabha,Rajasthan,GANGANAGAR(SC),,,SURATGARH,2 Sd,Normal/Others,NA - Construction of rooms and halls in school and colleges,DISTRICT COLLECTOR SRIGANGANAGAR_IDA,2023-08-16,Action Pending,1000000,Unsanctioned
MPLADS-052198,Nihal Chand Chauhan,Lok Sabha,Rajasthan,GANGANAGAR(SC),,,VIJAINAGAR,5 As-B,Normal/Others,WS/MP726/2023-2024/10190 - Construction of community centers and community halls,DISTRICT COLLECTOR SRIGANGANAGAR_IDA,2023-08-16,Approved by IDA,1000000,Unsanctioned
MPLADS-052199,Shri PP Chaudhary ,Lok Sabha,Rajasthan,PALI,Bilara,9,,,Normal/Others,NA - Construction of community centers and community halls,DISTRICT COLLECTOR JODHPUR_IDA,2023-08-16,Action Pending,500000,Unsanctioned
MPLADS-052200,Shri PP Chaudhary ,Lok Sabha,Rajasthan,PALI,,,MANDOR,Kukanda,Normal/Others,WS/MP389/2023-2024/10201 - Purchase of furniture and fixtures for educational purposes,DISTRICT COLLECTOR JODHPUR_IDA,2023-08-16,Approved by IDA,500000,Unsanctioned
MPLADS-052202,Shri PP Chaudhary ,Lok Sabha,Rajasthan,PALI,,,MANDOR,Khatiyasani,Normal/Others,WS/MP389/2023-2024/10202 - Purchase of furniture and fixtures for educational purposes,DISTRICT COLLECTOR JODHPUR_IDA,2023-08-16,Approved by IDA,500000,Unsanctioned
MPLADS-052203,Shri PP Chaudhary ,Lok Sabha,Rajasthan,PALI,,,MANDOR,Jaleli Faujdaran,Normal/Others,WS/MP389/2023-2024/10203 - Purchase of furniture and fixtures for educational purposes,DISTRICT COLLECTOR JODHPUR_IDA,2023-08-16,Approved by IDA,500000,Unsanctioned
MPLADS-052204,Shri PP Chaudhary ,Lok Sabha,Rajasthan,PALI,Sojat,23,,,Normal/Others,NA - Construction of public libraries and reading rooms,DISTRICT COLLECTOR PALI_IDA,2023-08-16,Action Pending,1300000,Unsanctioned
MPLADS-052205,Shri PP Chaudhary ,Lok Sabha,Rajasthan,PALI,Pali,28,,,Normal/Others,NA - Construction of community centers and community halls,DISTRICT COLLECTOR PALI_IDA,2023-08-16,Rejected by IDA,1500000,Unsanctioned
MPLADS-052217,Nihal Chand Chauhan,Lok Sabha,Rajasthan,GANGANAGAR(SC),,,RAISINGHNAGAR,78 Rb,Normal/Others,WS/MP726/2023-2024/10181 - Development of public parks,DISTRICT COLLECTOR SRIGANGANAGAR_IDA,2023-08-16,Approved by IDA,1500000,Unsanctioned
MPLADS-052457,Shri PP Chaudhary ,Lok Sabha,Rajasthan,PALI,,,BHOPALGARH,Bagoriya,Normal/Others,WS/MP389/2023-2024/9590 - Purchase of furniture and fixtures for educational purposes,DISTRICT COLLECTOR JODHPUR_IDA,2023-08-15,Approved by IDA,500000,Unsanctioned
MPLADS-052459,Shri PP Chaudhary ,Lok Sabha,Rajasthan,PALI,,,BHOPALGARH,Nandiya Prabhawati,Normal/Others,WS/MP389/2023-2024/9591 - Purchase of furniture and fixtures for educational purposes,DISTRICT COLLECTOR JODHPUR_IDA,2023-08-15,Approved by IDA,500000,Unsanctioned
MPLADS-052460,Shri PP Chaudhary ,Lok Sabha,Rajasthan,PALI,,,BAWADI,Kashti,Normal/Others,NA - Purchase of furniture and fixtures for educational purposes,DISTRICT COLLECTOR JODHPUR_IDA,2023-08-15,Action Pending,500000,Unsanctioned
MPLADS-052693,Mahant Balak Nath Yogi,Lok Sabha,Rajasthan,ALWAR,,,MALKHEDA,Bhandodi,Normal/Others,"WS/MP454/2023-2024/9182 - Construction of roads, link roads, pathways or any other road with or without drainage system",DISTRICT COLLECTOR ALWAR_IDA,2023-08-14,Approved by IDA,100000,Unsanctioned
MPLADS-052694,Mahant Balak Nath Yogi,Lok Sabha,Rajasthan,ALWAR,,,MALKHEDA,Bhandodi,Normal/Others,"NA - Construction of roads, approach roads, link roads and pathways",DISTRICT COLLECTOR ALWAR_IDA,2023-08-14,Action Pending,200000,Unsanctioned
MPLADS-052695,Mahant Balak Nath Yogi,Lok Sabha,Rajasthan,ALWAR,,,MALKHEDA,Ahirbas,Normal/Others,NA - Construction of community centers and community halls,DISTRICT COLLECTOR ALWAR_IDA,2023-08-14,Action Pending,1000000,Unsanctioned
MPLADS-052696,Mahant Balak Nath Yogi,Lok Sabha,Rajasthan,ALWAR,,,MALKHEDA,Kherli Saiyad,Normal/Others,WS/MP454/2023-2024/9193 - Crematoriums or structures on burial/ cremation ground for public convenience,DISTRICT COLLECTOR ALWAR_IDA,2023-08-14,Approved by IDA,1000000,Unsanctioned
MPLADS-052697,Mahant Balak Nath Yogi,Lok Sabha,Rajasthan,ALWAR,,,MALKHEDA,MALIWAS,Normal/Others,"NA - Construction of roads, approach roads, link roads and pathways",DISTRICT COLLECTOR ALWAR_IDA,2023-08-14,Action Pending,150000,Unsanctioned
MPLADS-052698,Mahant Balak Nath Yogi,Lok Sabha,Rajasthan,ALWAR,,,MALKHEDA,Kalsara,Normal/Others,"NA - Construction of roads, approach roads, link roads and pathways",DISTRICT COLLECTOR ALWAR_IDA,2023-08-14,Action Pending,200000,Unsanctioned
MPLADS-052699,Mahant Balak Nath Yogi,Lok Sabha,Rajasthan,ALWAR,,,MALKHEDA,Impipura,Normal/Others,"NA - Construction of roads, approach roads, link roads and pathways",DISTRICT COLLECTOR ALWAR_IDA,2023-08-14,Action Pending,300000,Unsanctioned
MPLADS-052724,Mahant Balak Nath Yogi,Lok Sabha,Rajasthan,ALWAR,,,MALKHEDA,Parsa Ka Bas,Normal/Others,"NA - Construction of roads, approach roads, link roads and pathways",DISTRICT COLLECTOR ALWAR_IDA,2023-08-14,Action Pending,600000,Unsanctioned
MPLADS-052725,Mahant Balak Nath Yogi,Lok Sabha,Rajasthan,ALWAR,,,MALKHEDA,Baleta,Normal/Others,"NA - Construction of roads, approach roads, link roads and pathways",DISTRICT COLLECTOR ALWAR_IDA,2023-08-14,Action Pending,700000,Unsanctioned
MPLADS-052726,Mahant Balak Nath Yogi,Lok Sabha,Rajasthan,ALWAR,,,MALKHEDA,SOTA KA WAS,Normal/Others,"NA - Construction of roads, approach roads, link roads and pathways",DISTRICT COLLECTOR ALWAR_IDA,2023-08-14,Action Pending,400000,Unsanctioned
MPLADS-052727,Mahant Balak Nath Yogi,Lok Sabha,Rajasthan,ALWAR,,,LAXMANGARH,Pahrawati,Normal/Others,"WS/MP454/2023-2024/9384 - Construction of roads, approach roads, link roads and pathways",DISTRICT COLLECTOR ALWAR_IDA,2023-08-14,Approved by IDA,200000,Unsanctioned
MPLADS-052728,Mahant Balak Nath Yogi,Lok Sabha,Rajasthan,ALWAR,,,MANDAWAR,Agwani,Normal/Others,"NA - Construction of roads, approach roads, link roads and pathways",DISTRICT COLLECTOR ALWAR_IDA,2023-08-14,Action Pending,300000,Unsanctioned
MPLADS-052729,Mahant Balak Nath Yogi,Lok Sabha,Rajasthan,ALWAR,,,MANDAWAR,Pehal,Normal/Others,NA - Crematoriums or structures on burial/ cremation ground for public convenience,DISTRICT COLLECTOR ALWAR_IDA,2023-08-14,Action Pending,1000000,Unsanctioned
MPLADS-052730,Mahant Balak Nath Yogi,Lok Sabha,Rajasthan,ALWAR,,,MANDAWAR,Jeendoli,Normal/Others,"NA - Construction of roads, approach roads, link roads and pathways",DISTRICT COLLECTOR ALWAR_IDA,2023-08-14,Action Pending,1000000,Unsanctioned
MPLADS-052731,Mahant Balak Nath Yogi,Lok Sabha,Rajasthan,ALWAR,,,MANDAWAR,Khushalwas,Normal/Others,NA - Construction of community centers and community halls,DISTRICT COLLECTOR ALWAR_IDA,2023-08-14,Action Pending,1000000,Unsanctioned
MPLADS-052732,Mahant Balak Nath Yogi,Lok Sabha,Rajasthan,ALWAR,,,RENI,Saloli,Normal/Others,NA - Purchase of books and periodicals for libraries,DISTRICT COLLECTOR ALWAR_IDA,2023-08-14,Action Pending,200000,Unsanctioned
MPLADS-052733,Mahant Balak Nath Yogi,Lok Sabha,Rajasthan,ALWAR,,,RENI,Googrod,Normal/Others,"NA - Construction of roads, approach roads, link roads and pathways",DISTRICT COLLECTOR ALWAR_IDA,2023-08-14,Action Pending,500000,Unsanctioned
MPLADS-052734,Mahant Balak Nath Yogi,Lok Sabha,Rajasthan,ALWAR,,,RENI,Googrod,Normal/Others,"NA - Construction of roads, approach roads, link roads and pathways",DISTRICT COLLECTOR ALWAR_IDA,2023-08-14,Action Pending,500000,Unsanctioned
MPLADS-052735,Mahant Balak Nath Yogi,Lok Sabha,Rajasthan,ALWAR,,,RENI,Garhi Sawairam,Normal/Others,"NA - Construction of roads, approach roads, link roads and pathways",DISTRICT COLLECTOR ALWAR_IDA,2023-08-14,Action Pending,800000,Unsanctioned
MPLADS-052736,Mahant Balak Nath Yogi,Lok Sabha,Rajasthan,ALWAR,,,LAXMANGARH,Khera Mangal Singh,Normal/Others,"WS/MP454/2023-2024/9377 - Construction of roads, approach roads, link roads and pathways",DISTRICT COLLECTOR ALWAR_IDA,2023-08-14,Approved by IDA,500000,Unsanctioned
MPLADS-052737,Mahant Balak Nath Yogi,Lok Sabha,Rajasthan,ALWAR,,,LAXMANGARH,Bichgaon,Normal/Others,"WS/MP454/2023-2024/9385 - Construction of roads, approach roads, link roads and pathways",DISTRICT COLLECTOR ALWAR_IDA,2023-08-14,Approved by IDA,200000,Unsanctioned
MPLADS-052738,Mahant Balak Nath Yogi,Lok Sabha,Rajasthan,ALWAR,,,MANDAWAR,Sorkha Kalan,Normal/Others,NA - Crematoriums or structures on burial/ cremation ground for public convenience,DISTRICT COLLECTOR ALWAR_IDA,2023-08-14,Action Pending,1000000,Unsanctioned
MPLADS-052739,Mahant Balak Nath Yogi,Lok Sabha,Rajasthan,ALWAR,,,LAXMANGARH,Narnol Khurd,Normal/Others,"WS/MP454/2023-2024/9391 - Construction of roads, approach roads, link roads and pathways",DISTRICT COLLECTOR ALWAR_IDA,2023-08-14,Approved by IDA,500000,Unsanctioned
MPLADS-052741,Mahant Balak Nath Yogi,Lok Sabha,Rajasthan,ALWAR,,,LAXMANGARH,Gothra,Normal/Others,NA - Installing tube-wells and borewells,DISTRICT COLLECTOR ALWAR_IDA,2023-08-14,Action Pending,700000,Unsanctioned
MPLADS-052742,Mahant Balak Nath Yogi,Lok Sabha,Rajasthan,ALWAR,,,LAXMANGARH,Kherli Chandrawat,Normal/Others,WS/MP454/2023-2024/9393 - Construction of boundary walls of existing public and community buildings,DISTRICT COLLECTOR ALWAR_IDA,2023-08-14,Approved by IDA,400000,Unsanctioned
MPLADS-052743,Mahant Balak Nath Yogi,Lok Sabha,Rajasthan,ALWAR,,,LAXMANGARH,Ratawali,Normal/Others,"WS/MP454/2023-2024/9397 - Construction of roads, approach roads, link roads and pathways",DISTRICT COLLECTOR ALWAR_IDA,2023-08-14,Approved by IDA,300000,Unsanctioned
MPLADS-052748,Mahant Balak Nath Yogi,Lok Sabha,Rajasthan,ALWAR,,,MANDAWAR,Sukhman Heri,Normal/Others,"NA - Construction of roads, approach roads, link roads and pathways",DISTRICT COLLECTOR ALWAR_IDA,2023-08-14,Action Pending,500000,Unsanctioned
MPLADS-052749,Mahant Balak Nath Yogi,Lok Sabha,Rajasthan,ALWAR,,,MANDAWAR,Suheta,Normal/Others,"NA - Construction of roads, approach roads, link roads and pathways",DISTRICT COLLECTOR ALWAR_IDA,2023-08-14,Action Pending,800000,Unsanctioned
MPLADS-052750,Mahant Balak Nath Yogi,Lok Sabha,Rajasthan,ALWAR,,,MALKHEDA,Leeli,Normal/Others,"NA - Construction of roads, approach roads, link roads and pathways",DISTRICT COLLECTOR ALWAR_IDA,2023-08-14,Action Pending,400000,Unsanctioned
MPLADS-052751,Mahant Balak Nath Yogi,Lok Sabha,Rajasthan,ALWAR,,,MALKHEDA,Bharkol,Normal/Others,"NA - Construction of roads, approach roads, link roads and pathways",DISTRICT COLLECTOR ALWAR_IDA,2023-08-14,Action Pending,300000,Unsanctioned
MPLADS-052752,Mahant Balak Nath Yogi,Lok Sabha,Rajasthan,ALWAR,,,MALKHEDA,Prithvipura,Normal/Others,"NA - Construction of roads, approach roads, link roads and pathways",DISTRICT COLLECTOR ALWAR_IDA,2023-08-14,Action Pending,900000,Unsanctioned
MPLADS-052753,Mahant Balak Nath Yogi,Lok Sabha,Rajasthan,ALWAR,,,MALKHEDA,Bhandodi,Normal/Others,"NA - Construction of roads, approach roads, link roads and pathways",DISTRICT COLLECTOR ALWAR_IDA,2023-08-14,Action Pending,500000,Unsanctioned
MPLADS-052754,Mahant Balak Nath Yogi,Lok Sabha,Rajasthan,ALWAR,,,MALKHEDA,Kherli Pichnot,Normal/Others,"NA - Construction of roads, approach roads, link roads and pathways",DISTRICT COLLECTOR ALWAR_IDA,2023-08-14,Action Pending,700000,Unsanctioned
MPLADS-052755,Mahant Balak Nath Yogi,Lok Sabha,Rajasthan,ALWAR,,,MALKHEDA,Khareda,Normal/Others,NA - Construction of rooms and halls in school and colleges,DISTRICT COLLECTOR ALWAR_IDA,2023-08-14,Action Pending,600000,Unsanctioned
MPLADS-052756,Mahant Balak Nath Yogi,Lok Sabha,Rajasthan,ALWAR,,,MALKHEDA,Mala Khera,Normal/Others,NA - Construction of public staircase to access road over bridge,DISTRICT COLLECTOR ALWAR_IDA,2023-08-14,Action Pending,300000,Unsanctioned
MPLADS-052757,Mahant Balak Nath Yogi,Lok Sabha,Rajasthan,ALWAR,,,MALKHEDA,Mala Khera,Normal/Others,"NA - Construction of roads, approach roads, link roads and pathways",DISTRICT COLLECTOR ALWAR_IDA,2023-08-14,Action Pending,400000,Unsanctioned
MPLADS-052758,Mahant Balak Nath Yogi,Lok Sabha,Rajasthan,ALWAR,,,MALKHEDA,Mala Khera,Normal/Others,"NA - Construction of roads, approach roads, link roads and pathways",DISTRICT COLLECTOR ALWAR_IDA,2023-08-14,Action Pending,500000,Unsanctioned
MPLADS-052759,Mahant Balak Nath Yogi,Lok Sabha,Rajasthan,ALWAR,,,MALKHEDA,Mala Khera,Normal/Others,"NA - Construction of roads, approach roads, link roads and pathways",DISTRICT COLLECTOR ALWAR_IDA,2023-08-14,Action Pending,300000,Unsanctioned
MPLADS-052760,Mahant Balak Nath Yogi,Lok Sabha,Rajasthan,ALWAR,,,MALKHEDA,Ahirbas,Normal/Others,"NA - Construction of roads, approach roads, link roads and pathways",DISTRICT COLLECTOR ALWAR_IDA,2023-08-14,Action Pending,500000,Unsanctioned
MPLADS-052761,Mahant Balak Nath Yogi,Lok Sabha,Rajasthan,ALWAR,,,MALKHEDA,GANDRALA,Normal/Others,"WS/MP454/2023-2024/9227 - Construction of roads, approach roads, link roads and pathways",DISTRICT COLLECTOR ALWAR_IDA,2023-08-14,Approved by IDA,200000,Unsanctioned
MPLADS-052762,Mahant Balak Nath Yogi,Lok Sabha,Rajasthan,ALWAR,,,NEEMRANA,Kankar,Normal/Others,NA - Installation of fixed garden gym equipment,DISTRICT COLLECTOR ALWAR_IDA,2023-08-14,Action Pending,500000,Unsanctioned
MPLADS-052763,Mahant Balak Nath Yogi,Lok Sabha,Rajasthan,ALWAR,,,MALKHEDA,Nithari,Normal/Others,"WS/MP454/2023-2024/9228 - Construction of roads, approach roads, link roads and pathways",DISTRICT COLLECTOR ALWAR_IDA,2023-08-14,Approved by IDA,600000,Unsanctioned
MPLADS-052764,Mahant Balak Nath Yogi,Lok Sabha,Rajasthan,ALWAR,,,MALKHEDA,Bader,Normal/Others,NA - Construction of boundary walls of existing public and community buildings,DISTRICT COLLECTOR ALWAR_IDA,2023-08-14,Action Pending,200000,Unsanctioned
MPLADS-052765,Mahant Balak Nath Yogi,Lok Sabha,Rajasthan,ALWAR,,,MALKHEDA,Bader,Normal/Others,"NA - Construction of roads, approach roads, link roads and pathways",DISTRICT COLLECTOR ALWAR_IDA,2023-08-14,Action Pending,650000,Unsanctioned
MPLADS-052766,Mahant Balak Nath Yogi,Lok Sabha,Rajasthan,ALWAR,,,MALKHEDA,Bader,Normal/Others,"NA - Construction of roads, approach roads, link roads and pathways",DISTRICT COLLECTOR ALWAR_IDA,2023-08-14,Action Pending,150000,Unsanctioned
MPLADS-052767,Mahant Balak Nath Yogi,Lok Sabha,Rajasthan,ALWAR,,,MANDAWAR,Rasgan,Normal/Others,"NA - Construction of roads, approach roads, link roads and pathways",DISTRICT COLLECTOR ALWAR_IDA,2023-08-14,Action Pending,800000,Unsanctioned
MPLADS-052768,Mahant Balak Nath Yogi,Lok Sabha,Rajasthan,ALWAR,,,MANDAWAR,Tatarpur,Normal/Others,"NA - Construction of roads, approach roads, link roads and pathways",DISTRICT COLLECTOR ALWAR_IDA,2023-08-14,Action Pending,1300000,Unsanctioned
MPLADS-052769,Mahant Balak Nath Yogi,Lok Sabha,Rajasthan,ALWAR,,,MANDAWAR,Behroj,Normal/Others,"NA - Construction of roads, approach roads, link roads and pathways",DISTRICT COLLECTOR ALWAR_IDA,2023-08-14,Action Pending,500000,Unsanctioned
MPLADS-052770,Mahant Balak Nath Yogi,Lok Sabha,Rajasthan,ALWAR,,,MANDAWAR,Behroj,Normal/Others,"NA - Construction of roads, approach roads, link roads and pathways",DISTRICT COLLECTOR ALWAR_IDA,2023-08-14,Action Pending,500000,Unsanctioned
MPLADS-052771,Mahant Balak Nath Yogi,Lok Sabha,Rajasthan,ALWAR,,,NEEMRANA,Kuteena,Normal/Others,NA - Installation of fixed garden gym equipment,DISTRICT COLLECTOR ALWAR_IDA,2023-08-14,Action Pending,500000,Unsanctioned
MPLADS-052931,Mahant Balak Nath Yogi,Lok Sabha,Rajasthan,ALWAR,,,NEEMRANA,Kathuwas,Repair and Renovation,NA - Construction of rooms and halls in school and colleges,DISTRICT COLLECTOR ALWAR_IDA,2023-08-12,Action Pending,300000,Unsanctioned
MPLADS-052932,Mahant Balak Nath Yogi,Lok Sabha,Rajasthan,ALWAR,,,NEEMRANA,Kolila Rabad,Normal/Others,"NA - Construction of roads, approach roads, link roads and pathways",DISTRICT COLLECTOR ALWAR_IDA,2023-08-12,Action Pending,800000,Unsanctioned
MPLADS-052933,Mahant Balak Nath Yogi,Lok Sabha,Rajasthan,ALWAR,,,NEEMRANA,Khundroth,Normal/Others,"NA - Construction of roads, approach roads, link roads and pathways",DISTRICT COLLECTOR ALWAR_IDA,2023-08-12,Action Pending,400000,Unsanctioned
MPLADS-052934,Mahant Balak Nath Yogi,Lok Sabha,Rajasthan,ALWAR,,,TIJARA,Maliyar Jat,Normal/Others,"NA - Construction of roads, approach roads, link roads and pathways",DISTRICT COLLECTOR ALWAR_IDA,2023-08-12,Action Pending,700000,Unsanctioned
MPLADS-052935,Mahant Balak Nath Yogi,Lok Sabha,Rajasthan,ALWAR,,,TIJARA,Bandra,Normal/Others,"NA - Construction of roads, approach roads, link roads and pathways",DISTRICT COLLECTOR ALWAR_IDA,2023-08-12,Action Pending,600000,Unsanctioned
MPLADS-052936,Mahant Balak Nath Yogi,Lok Sabha,Rajasthan,ALWAR,,,TIJARA,Gogaka,Normal/Others,"NA - Construction of roads, approach roads, link roads and pathways",DISTRICT COLLECTOR ALWAR_IDA,2023-08-12,Action Pending,600000,Unsanctioned
MPLADS-052937,Mahant Balak Nath Yogi,Lok Sabha,Rajasthan,ALWAR,,,TIJARA,Kalgav,Normal/Others,"NA - Construction of roads, approach roads, link roads and pathways",DISTRICT COLLECTOR ALWAR_IDA,2023-08-12,Action Pending,400000,Unsanctioned
MPLADS-052939,Mahant Balak Nath Yogi,Lok Sabha,Rajasthan,ALWAR,,,GOVINDGARH,Mundpuri Khurd,Normal/Others,NA - Crematoriums or structures on burial/ cremation ground for public convenience,DISTRICT COLLECTOR ALWAR_IDA,2023-08-12,Action Pending,400000,Unsanctioned
MPLADS-052943,Mahant Balak Nath Yogi,Lok Sabha,Rajasthan,ALWAR,,,TIJARA,Luhadera,Normal/Others,"WS/MP454/2023-2024/8890 - Construction of roads, approach roads, link roads and pathways",DISTRICT COLLECTOR ALWAR_IDA,2023-08-12,Approved by IDA,600000,Unsanctioned
MPLADS-052944,Mahant Balak Nath Yogi,Lok Sabha,Rajasthan,ALWAR,,,TIJARA,Kidarpur,Normal/Others,"NA - Construction of roads, approach roads, link roads and pathways",DISTRICT COLLECTOR ALWAR_IDA,2023-08-12,Action Pending,350000,Unsanctioned
MPLADS-052946,Mahant Balak Nath Yogi,Lok Sabha,Rajasthan,ALWAR,,,TIJARA,Goutoli,Normal/Others,"NA - Construction of roads, approach roads, link roads and pathways",DISTRICT COLLECTOR ALWAR_IDA,2023-08-12,Action Pending,350000,Unsanctioned
MPLADS-052947,Mahant Balak Nath Yogi,Lok Sabha,Rajasthan,ALWAR,,,TIJARA,Kalgav,Normal/Others,"NA - Construction of roads, approach roads, link roads and pathways",DISTRICT COLLECTOR ALWAR_IDA,2023-08-12,Action Pending,400000,Unsanctioned
MPLADS-052948,Mahant Balak Nath Yogi,Lok Sabha,Rajasthan,ALWAR,,,TIJARA,Salahera,Normal/Others,"NA - Construction of roads, approach roads, link roads and pathways",DISTRICT COLLECTOR ALWAR_IDA,2023-08-12,Action Pending,500000,Unsanctioned
MPLADS-052949,Mahant Balak Nath Yogi,Lok Sabha,Rajasthan,ALWAR,,,TIJARA,Bichala,Normal/Others,"WS/MP454/2023-2024/8924 - Construction of roads, approach roads, link roads and pathways",DISTRICT COLLECTOR ALWAR_IDA,2023-08-12,Approved by IDA,500000,Unsanctioned
MPLADS-052950,Mahant Balak Nath Yogi,Lok Sabha,Rajasthan,ALWAR,,,TIJARA,Mithiyawas,Normal/Others,"NA - Construction of roads, approach roads, link roads and pathways",DISTRICT COLLECTOR ALWAR_IDA,2023-08-12,Action Pending,700000,Unsanctioned
MPLADS-052951,Mahant Balak Nath Yogi,Lok Sabha,Rajasthan,ALWAR,,,NEEMRANA,Shriyani,Normal/Others,"NA - Construction of roads, approach roads, link roads and pathways",DISTRICT COLLECTOR ALWAR_IDA,2023-08-12,Action Pending,800000,Unsanctioned
MPLADS-052952,Mahant Balak Nath Yogi,Lok Sabha,Rajasthan,ALWAR,,,UMREN,Goojooki,Normal/Others,NA - Installing tube-wells and borewells,DISTRICT COLLECTOR ALWAR_IDA,2023-08-12,Action Pending,600000,Unsanctioned
MPLADS-052953,Mahant Balak Nath Yogi,Lok Sabha,Rajasthan,ALWAR,,,UMREN,Umren,Normal/Others,NA - Providing CCTV camera system for security of public areas,DISTRICT COLLECTOR ALWAR_IDA,2023-08-12,Action Pending,200000,Unsanctioned
MPLADS-052954,Mahant Balak Nath Yogi,Lok Sabha,Rajasthan,ALWAR,,,UMREN,Bakhtpura,Normal/Others,"NA - Construction of roads, approach roads, link roads and pathways",DISTRICT COLLECTOR ALWAR_IDA,2023-08-12,Action Pending,800000,Unsanctioned
MPLADS-052955,Mahant Balak Nath Yogi,Lok Sabha,Rajasthan,ALWAR,,,BEHROR,Momanpur,Normal/Others,NA - Development of playfields and sports grounds,DISTRICT COLLECTOR ALWAR_IDA,2023-08-12,Action Pending,800000,Unsanctioned
MPLADS-052956,Mahant Balak Nath Yogi,Lok Sabha,Rajasthan,ALWAR,,,BEHROR,Gadoj,Normal/Others,NA - Construction of community centers and community halls,DISTRICT COLLECTOR ALWAR_IDA,2023-08-12,Action Pending,1000000,Unsanctioned
MPLADS-052957,Mahant Balak Nath Yogi,Lok Sabha,Rajasthan,ALWAR,Behror,26,,,Normal/Others,NA - Development of playfields and sports grounds,DISTRICT COLLECTOR ALWAR_IDA,2023-08-12,Action Pending,1563000,Unsanctioned
MPLADS-052958,Mahant Balak Nath Yogi,Lok Sabha,Rajasthan,ALWAR,,,NEEMRANA,Naysarana,Normal/Others,NA - Construction of community centers and community halls,DISTRICT COLLECTOR ALWAR_IDA,2023-08-12,Action Pending,1000000,Unsanctioned
MPLADS-052959,Mahant Balak Nath Yogi,Lok Sabha,Rajasthan,ALWAR,,,TIJARA,Jairoli,Normal/Others,"NA - Construction of roads, approach roads, link roads and pathways",DISTRICT COLLECTOR ALWAR_IDA,2023-08-12,Action Pending,500000,Unsanctioned
MPLADS-052960,Mahant Balak Nath Yogi,Lok Sabha,Rajasthan,ALWAR,,,NEEMRANA,Kayasa,Normal/Others,"NA - Construction of roads, approach roads, link roads and pathways",DISTRICT COLLECTOR ALWAR_IDA,2023-08-12,Action Pending,200000,Unsanctioned
MPLADS-052961,Mahant Balak Nath Yogi,Lok Sabha,Rajasthan,ALWAR,,,NEEMRANA,Fauladpur,Normal/Others,"NA - Construction of roads, approach roads, link roads and pathways",DISTRICT COLLECTOR ALWAR_IDA,2023-08-12,Action Pending,200000,Unsanctioned
MPLADS-052963,Mahant Balak Nath Yogi,Lok Sabha,Rajasthan,ALWAR,,,GOVINDGARH,Ramwas,Normal/Others,NA - Construction of community centers and community halls,DISTRICT COLLECTOR ALWAR_IDA,2023-08-12,Action Pending,1100000,Unsanctioned
MPLADS-052964,Mahant Balak Nath Yogi,Lok Sabha,Rajasthan,ALWAR,,,GOVINDGARH,Malpur,Normal/Others,NA - Installing tube-wells and borewells,DISTRICT COLLECTOR ALWAR_IDA,2023-08-12,Action Pending,300000,Unsanctioned
MPLADS-052966,Mahant Balak Nath Yogi,Lok Sabha,Rajasthan,ALWAR,,,GOVINDGARH,Biduka,Normal/Others,"WS/MP454/2023-2024/8886 - Construction of roads, approach roads, link roads and pathways",DISTRICT COLLECTOR ALWAR_IDA,2023-08-12,Approved by IDA,600000,Unsanctioned
MPLADS-052967,Mahant Balak Nath Yogi,Lok Sabha,Rajasthan,ALWAR,,,GOVINDGARH,Phahri,Normal/Others,"NA - Construction of roads, approach roads, link roads and pathways",DISTRICT COLLECTOR ALWAR_IDA,2023-08-12,Action Pending,300000,Unsanctioned
MPLADS-052968,Mahant Balak Nath Yogi,Lok Sabha,Rajasthan,ALWAR,,,GOVINDGARH,Phahri,Normal/Others,"NA - Construction of roads, approach roads, link roads and pathways",DISTRICT COLLECTOR ALWAR_IDA,2023-08-12,Action Pending,400000,Unsanctioned
MPLADS-052969,Mahant Balak Nath Yogi,Lok Sabha,Rajasthan,ALWAR,,,GOVINDGARH,Indpur,Normal/Others,"NA - Construction of roads, approach roads, link roads and pathways",DISTRICT COLLECTOR ALWAR_IDA,2023-08-12,Action Pending,600000,Unsanctioned
MPLADS-052970,Mahant Balak Nath Yogi,Lok Sabha,Rajasthan,ALWAR,,,GOVINDGARH,Mundpuri,Normal/Others,"NA - Construction of roads, approach roads, link roads and pathways",DISTRICT COLLECTOR ALWAR_IDA,2023-08-12,Action Pending,600000,Unsanctioned
MPLADS-052971,Mahant Balak Nath Yogi,Lok Sabha,Rajasthan,ALWAR,,,GOVINDGARH,Kherli Bahadar,Normal/Others,"WS/MP454/2023-2024/8881 - Construction of roads, approach roads, link roads and pathways",DISTRICT COLLECTOR ALWAR_IDA,2023-08-12,Approved by IDA,400000,Unsanctioned
MPLADS-052972,Mahant Balak Nath Yogi,Lok Sabha,Rajasthan,ALWAR,,,GOVINDGARH,Khera Mahmood,Normal/Others,"WS/MP454/2023-2024/8880 - Construction of roads, approach roads, link roads and pathways",DISTRICT COLLECTOR ALWAR_IDA,2023-08-12,Approved by IDA,500000,Unsanctioned
MPLADS-052973,Mahant Balak Nath Yogi,Lok Sabha,Rajasthan,ALWAR,,,GOVINDGARH,Asaka,Normal/Others,NA - Crematoriums or structures on burial/ cremation ground for public convenience,DISTRICT COLLECTOR ALWAR_IDA,2023-08-12,Action Pending,300000,Unsanctioned
MPLADS-052974,Mahant Balak Nath Yogi,Lok Sabha,Rajasthan,ALWAR,,,TIJARA,Mandwa,Normal/Others,NA - Construction of rooms and halls in school and colleges,DISTRICT COLLECTOR ALWAR_IDA,2023-08-12,Action Pending,400000,Unsanctioned
MPLADS-053120,Mahant Balak Nath Yogi,Lok Sabha,Rajasthan,ALWAR,,,BEHROR,Taseeng,Normal/Others,NA - Purchase of hospital equipment,DISTRICT COLLECTOR ALWAR_IDA,2023-08-11,Action Pending,500000,Unsanctioned
MPLADS-053121,Mahant Balak Nath Yogi,Lok Sabha,Rajasthan,ALWAR,,,RAJGARH,Rajgarh (Rural),Normal/Others,NA - Construction of shelters for animals,DISTRICT COLLECTOR ALWAR_IDA,2023-08-11,Action Pending,500000,Unsanctioned
MPLADS-053122,Mahant Balak Nath Yogi,Lok Sabha,Rajasthan,ALWAR,,,UMREN,Ghegholi,Normal/Others,NA - Providing drains and gutters for public drainage,DISTRICT COLLECTOR ALWAR_IDA,2023-08-11,Action Pending,200000,Unsanctioned
MPLADS-053687,Shri PP Chaudhary ,Lok Sabha,Rajasthan,PALI,,,LUNI,Palasani,Normal/Others,NA - Construction of additional rooms and halls in the existing public and community building,DISTRICT COLLECTOR JODHPUR_IDA,2023-08-03,Rejected by IDA,1000000,Unsanctioned
MPLADS-053695,Shri PP Chaudhary ,Lok Sabha,Rajasthan,PALI,,,BILARA,Pichiyak,Normal/Others,"WS/MP389/2023-2024/7847 - Construction of Government office buildings (Post office, Police station, Police chauki, etc.)",DISTRICT COLLECTOR JODHPUR_IDA,2023-08-03,Approved by IDA,1000000,Unsanctioned
MPLADS-053696,Shri PP Chaudhary ,Lok Sabha,Rajasthan,PALI,,,OSIAN,Bhakhron Ki Dhani,Normal/Others,NA - Construction of buildings for community cultural activities,DISTRICT COLLECTOR JODHPUR_IDA,2023-08-03,Action Pending,500000,Unsanctioned
MPLADS-053697,Shri PP Chaudhary ,Lok Sabha,Rajasthan,PALI,,,BAWADI,Dhanari Khurd,Normal/Others,WS/MP389/2023-2024/7849 - Purchase of furniture and fixtures for educational purposes,DISTRICT COLLECTOR JODHPUR_IDA,2023-08-03,Approved by IDA,500000,Sanctioned
MPLADS-053698,Shri PP Chaudhary ,Lok Sabha,Rajasthan,PALI,Pipar City,10,,,Normal/Others,WS/MP389/2023-2024/7850 - Construction of buildings for community cultural activities,DISTRICT COLLECTOR JODHPUR_IDA,2023-08-03,Approved by IDA,1000000,Sanctioned
MPLADS-053699,Shri PP Chaudhary ,Lok Sabha,Rajasthan,PALI,,,PEEPAD SAHAR,Palri Siddha,Normal/Others,NA - Purchase of furniture and fixtures for educational purposes,DISTRICT COLLECTOR JODHPUR_IDA,2023-08-03,Action Pending,500000,Unsanctioned
MPLADS-053700,Shri PP Chaudhary ,Lok Sabha,Rajasthan,PALI,,,PEEPAD SAHAR,Ratkuria,Normal/Others,WS/MP389/2023-2024/7853 - Construction of buildings for community cultural activities,DISTRICT COLLECTOR JODHPUR_IDA,2023-08-03,Approved by IDA,2100000,Unsanctioned
MPLADS-053702,Shri PP Chaudhary ,Lok Sabha,Rajasthan,PALI,Pali,26,,,Normal/Others,NA - Construction of public libraries and reading rooms,DISTRICT COLLECTOR PALI_IDA,2023-08-03,Action Pending,665000,Unsanctioned
MPLADS-053951,Shri PP Chaudhary ,Lok Sabha,Rajasthan,PALI,,,MANDOR,Dangiyawas,Normal/Others,WS/MP389/2023-2024/7764 - Construction of buildings for community cultural activities,DISTRICT COLLECTOR JODHPUR_IDA,2023-08-02,Approved by IDA,2100000,Sanctioned
MPLADS-053953,Shri PP Chaudhary ,Lok Sabha,Rajasthan,PALI,BHOPALGARH,5,,,Normal/Others,NA - Construction of buildings for community cultural activities,DISTRICT COLLECTOR JODHPUR_IDA,2023-08-02,Action Pending,500000,Unsanctioned
MPLADS-053954,Shri PP Chaudhary ,Lok Sabha,Rajasthan,PALI,,,BAWADI,Kelawa Khurd,Normal/Others,NA - Providing supply pipelines for drinking water,DISTRICT COLLECTOR JODHPUR_IDA,2023-08-02,Action Pending,500000,Unsanctioned
MPLADS-053955,Shri PP Chaudhary ,Lok Sabha,Rajasthan,PALI,,,BILARA,Bhavi,Normal/Others,NA - Lighting of public spaces,DISTRICT COLLECTOR JODHPUR_IDA,2023-08-02,Action Pending,500000,Unsanctioned
MPLADS-053956,Shri PP Chaudhary ,Lok Sabha,Rajasthan,PALI,,,BAWADI,Baori,Normal/Others,NA - Construction of buildings for community cultural activities,DISTRICT COLLECTOR JODHPUR_IDA,2023-08-02,Action Pending,1000000,Unsanctioned
MPLADS-053957,Shri PP Chaudhary ,Lok Sabha,Rajasthan,PALI,,,BHOPALGARH,Surpura Khurd,Normal/Others,WS/MP389/2023-2024/7763 - Purchase of furniture and fixtures for educational purposes,DISTRICT COLLECTOR JODHPUR_IDA,2023-08-02,Approved by IDA,500000,Sanctioned
MPLADS-053967,Shri PP Chaudhary ,Lok Sabha,Rajasthan,PALI,,,MANDOR,Jajiwal Vishnoiyan,Normal/Others,WS/MP389/2023-2024/7740 - Construction of buildings for community cultural activities,DISTRICT COLLECTOR JODHPUR_IDA,2023-08-02,Approved by IDA,1000000,Unsanctioned
MPLADS-054604,Shri PP Chaudhary ,Lok Sabha,Rajasthan,PALI,,,BHOPALGARH,Ustra,Normal/Others,WS/MP389/2023-2024/6647 - Construction of water tanks,DISTRICT COLLECTOR JODHPUR_IDA,2023-07-27,Approved by IDA,200000,Unsanctioned
MPLADS-054670,Shri PP Chaudhary ,Lok Sabha,Rajasthan,PALI,,,KHARCHI(MAR.JUN),Khardi,Normal/Others,NA - Setting up of laboratories,DISTRICT COLLECTOR PALI_IDA,2023-07-26,Action Pending,75750,Unsanctioned
MPLADS-054671,Shri PP Chaudhary ,Lok Sabha,Rajasthan,PALI,,,ROHAT,Antan,Normal/Others,NA - Setting up of laboratories,DISTRICT COLLECTOR PALI_IDA,2023-07-26,Action Pending,75750,Unsanctioned
MPLADS-054684,Shri PP Chaudhary ,Lok Sabha,Rajasthan,PALI,,,SUMERPUR,Salodariya,Normal/Others,NA - Purchase of furniture and fixtures for educational purposes,DISTRICT COLLECTOR PALI_IDA,2023-07-26,Action Pending,700000,Unsanctioned
MPLADS-054691,Shri PP Chaudhary ,Lok Sabha,Rajasthan,PALI,,,ROHAT,Rana,Normal/Others,WS/MP389/2023-2024/6484 - Purchase of furniture and fixtures for educational purposes,DISTRICT COLLECTOR PALI_IDA,2023-07-26,Approved by IDA,700000,Ongoing
MPLADS-054692,Shri PP Chaudhary ,Lok Sabha,Rajasthan,PALI,,,ROHAT,Beenja,Normal/Others,NA - Construction of buildings for community cultural activities,DISTRICT COLLECTOR PALI_IDA,2023-07-26,Rejected by IDA,1000000,Unsanctioned
MPLADS-054693,Shri PP Chaudhary ,Lok Sabha,Rajasthan,PALI,,,BAGARI,Deoli Hulla,Normal/Others,NA - Crematoriums or structures on burial/ cremation ground for public convenience,DISTRICT COLLECTOR PALI_IDA,2023-07-26,Action Pending,500000,Unsanctioned
MPLADS-054694,Shri PP Chaudhary ,Lok Sabha,Rajasthan,PALI,Pali,52,,,Normal/Others,NA - Construction of community centers and community halls,DISTRICT COLLECTOR PALI_IDA,2023-07-26,Action Pending,700000,Unsanctioned
MPLADS-054695,Shri PP Chaudhary ,Lok Sabha,Rajasthan,PALI,,,BAGARI,Sehwaj,Normal/Others,NA - Purchase of furniture and fixtures for educational purposes,DISTRICT COLLECTOR PALI_IDA,2023-07-26,Action Pending,500000,Unsanctioned
MPLADS-054696,Shri PP Chaudhary ,Lok Sabha,Rajasthan,PALI,,,PALI,Gura Endla,Normal/Others,WS/MP389/2023-2024/6479 - Construction of buildings for community cultural activities,DISTRICT COLLECTOR PALI_IDA,2023-07-26,Approved by IDA,500000,Ongoing
MPLADS-054697,Shri PP Chaudhary ,Lok Sabha,Rajasthan,PALI,,,BALI,Nana,Normal/Others,NA - Construction of bus-sheds or bus-stops,DISTRICT COLLECTOR PALI_IDA,2023-07-26,Action Pending,300000,Unsanctioned
MPLADS-054698,Shri PP Chaudhary ,Lok Sabha,Rajasthan,PALI,,,SUMERPUR,Chanod,Normal/Others,NA - Construction of buildings for community cultural activities,DISTRICT COLLECTOR PALI_IDA,2023-07-26,Action Pending,700000,Unsanctioned
MPLADS-054699,Shri PP Chaudhary ,Lok Sabha,Rajasthan,PALI,,,SOJAT,Rendari,Normal/Others,NA - Purchase of furniture and fixtures for educational purposes,DISTRICT COLLECTOR PALI_IDA,2023-07-26,Action Pending,700000,Unsanctioned
MPLADS-054700,Shri PP Chaudhary ,Lok Sabha,Rajasthan,PALI,,,DESURI,Daylana Kalan,Normal/Others,WS/MP389/2023-2024/6475 - Purchase of furniture and fixtures for educational purposes,DISTRICT COLLECTOR PALI_IDA,2023-07-26,Approved by IDA,700000,Sanctioned
MPLADS-054711,Shri PP Chaudhary ,Lok Sabha,Rajasthan,PALI,,,BALI,Koyalvao,Normal/Others,NA - Setting up of laboratories,DISTRICT COLLECTOR PALI_IDA,2023-07-26,Action Pending,75750,Unsanctioned
MPLADS-054733,Shri PP Chaudhary ,Lok Sabha,Rajasthan,PALI,Marwar Junction,6,,,Normal/Others,"NA - Construction of Government office buildings (Post office, Police station, Police chauki, etc.)",DISTRICT COLLECTOR PALI_IDA,2023-07-26,Action Pending,1000000,Unsanctioned
MPLADS-054743,Shri PP Chaudhary ,Lok Sabha,Rajasthan,PALI,,,SOJAT,Rajola Kalan,Normal/Others,WS/MP389/2023-2024/6394 - Purchase of furniture and fixtures for educational purposes,DISTRICT COLLECTOR PALI_IDA,2023-07-26,Approved by IDA,1000000,Unsanctioned
MPLADS-054744,Shri PP Chaudhary ,Lok Sabha,Rajasthan,PALI,Pali,64,,,Normal/Others,WS/MP389/2023-2024/6395 - Purchase of sports equipment,DISTRICT COLLECTOR PALI_IDA,2023-07-26,Approved by IDA,500000,Unsanctioned
MPLADS-054745,Shri PP Chaudhary ,Lok Sabha,Rajasthan,PALI,Bali,1,,,Normal/Others,NA - Purchase of furniture and fixtures for educational purposes,DISTRICT COLLECTOR PALI_IDA,2023-07-26,Action Pending,1000000,Unsanctioned
MPLADS-054746,Shri PP Chaudhary ,Lok Sabha,Rajasthan,PALI,,,PALI,Girwar,Normal/Others,WS/MP389/2023-2024/6446 - Setting up of laboratories,DISTRICT COLLECTOR PALI_IDA,2023-07-26,Approved by IDA,75750,Ongoing
MPLADS-054752,Shri PP Chaudhary ,Lok Sabha,Rajasthan,PALI,,,SUMERPUR,Bithiya,Normal/Others,NA - Setting up of laboratories,DISTRICT COLLECTOR PALI_IDA,2023-07-26,Action Pending,75750,Unsanctioned
MPLADS-054753,Shri PP Chaudhary ,Lok Sabha,Rajasthan,PALI,,,BALI,Ronwada,Normal/Others,NA - Setting up of laboratories,DISTRICT COLLECTOR PALI_IDA,2023-07-26,Action Pending,75750,Unsanctioned
MPLADS-054754,Shri PP Chaudhary ,Lok Sabha,Rajasthan,PALI,,,RANI STATION,Busi,Normal/Others,NA - Setting up of laboratories,DISTRICT COLLECTOR PALI_IDA,2023-07-26,Action Pending,75750,Unsanctioned
MPLADS-054755,Shri PP Chaudhary ,Lok Sabha,Rajasthan,PALI,,,RANI STATION,Kharada,Normal/Others,NA - Setting up of laboratories,DISTRICT COLLECTOR PALI_IDA,2023-07-26,Action Pending,75750,Unsanctioned
MPLADS-054756,Shri PP Chaudhary ,Lok Sabha,Rajasthan,PALI,,,PALI,Madri,Normal/Others,NA - Setting up of laboratories,DISTRICT COLLECTOR PALI_IDA,2023-07-26,Action Pending,75750,Unsanctioned
MPLADS-054758,Shri PP Chaudhary ,Lok Sabha,Rajasthan,PALI,,,PALI,Gura Pratapsingh,Normal/Others,NA - Setting up of laboratories,DISTRICT COLLECTOR PALI_IDA,2023-07-26,Action Pending,75750,Unsanctioned
MPLADS-054765,Shri PP Chaudhary ,Lok Sabha,Rajasthan,PALI,,,ROHAT,Sanwalta Kalan,Normal/Others,NA - Setting up of laboratories,DISTRICT COLLECTOR PALI_IDA,2023-07-26,Action Pending,75750,Unsanctioned
MPLADS-054766,Shri PP Chaudhary ,Lok Sabha,Rajasthan,PALI,,,ROHAT,Chatelao,Normal/Others,NA - Setting up of laboratories,DISTRICT COLLECTOR PALI_IDA,2023-07-26,Action Pending,75750,Unsanctioned
MPLADS-054767,Shri PP Chaudhary ,Lok Sabha,Rajasthan,PALI,,,BAGARI,Sand Magra,Normal/Others,NA - Setting up of laboratories,DISTRICT COLLECTOR PALI_IDA,2023-07-26,Action Pending,75750,Unsanctioned
MPLADS-054768,Shri PP Chaudhary ,Lok Sabha,Rajasthan,PALI,,,SUMERPUR,Khindara Gaon,Normal/Others,NA - Setting up of laboratories,DISTRICT COLLECTOR PALI_IDA,2023-07-26,Action Pending,75750,Unsanctioned
MPLADS-054769,Shri PP Chaudhary ,Lok Sabha,Rajasthan,PALI,,,DESURI,Gurha Jetawatan,Normal/Others,NA - Setting up of laboratories,DISTRICT COLLECTOR PALI_IDA,2023-07-26,Action Pending,75750,Unsanctioned
MPLADS-054770,Shri PP Chaudhary ,Lok Sabha,Rajasthan,PALI,,,DESURI,Chhora,Normal/Others,NA - Setting up of laboratories,DISTRICT COLLECTOR PALI_IDA,2023-07-26,Action Pending,75750,Unsanctioned
MPLADS-054771,Shri PP Chaudhary ,Lok Sabha,Rajasthan,PALI,,,DESURI,Juna,Normal/Others,NA - Setting up of laboratories,DISTRICT COLLECTOR PALI_IDA,2023-07-26,Action Pending,75750,Unsanctioned
MPLADS-056985,Smt Jaskaur Meena ,Lok Sabha,Rajasthan,DAUSA(ST),,,RAMGARH PACHWARA,Koliwara,Normal/Others,NA - Construction of rooms and halls in school and colleges,DISTRICT COLLECTOR DAUSA_IDA,2023-07-15,Action Pending,750000,Unsanctioned
MPLADS-057744,SHRI Kirodi Lal,Rajya Sabha,Rajasthan,Sitting Rajya Sabha,,,SIKRAI,Ghoomana,Normal/Others,WS/MP150/2023-2024/3019 - Installing hand pumps,DISTRICT COLLECTOR DAUSA_IDA,2023-07-08,Approved by IDA,26383,Completed
MPLADS-058551,Smt Jaskaur Meena ,Lok Sabha,Rajasthan,DAUSA(ST),,,LALSOT,Sanwasa,Normal/Others,"NA - Construction of roads, approach roads, link roads and pathways",DISTRICT COLLECTOR DAUSA_IDA,2023-07-03,Action Pending,1000000,Unsanctioned
